report_date,open_interest_all,noncomm_positions_long_all,noncomm_positions_short_all,noncomm_postions_spread_all,comm_positions_long_all,comm_positions_short_all,nonrept_positions_long_all,nonrept_positions_short_all
1986-01-15,148186,18589,7706,12038,80962,89990,36597,38452
1986-01-31,144149,15364,9303,10088,82262,85250,36435,39508
1986-02-14,139995,5457,12229,10330,94830,76735,29378,40701
1986-02-28,143752,7991,12222,13205,94126,76200,28430,42125
1986-03-14,142868,12637,11015,11390,85925,78653,32916,41810
1986-03-31,136568,9817,11406,6002,88897,67171,31852,51989
1986-04-15,138825,6805,20416,3121,99640,67997,29259,47291
1986-04-30,132088,8159,10519,3987,88769,72810,31173,44772
1986-05-15,132147,4649,10375,7467,94944,71660,25087,42645
1986-05-30,115038,4982,13683,5535,78662,56902,25859,38918
1986-06-13,115960,11657,10839,5447,69558,66942,29298,32732
1986-06-30,120954,5361,13631,5988,88561,62551,21044,38784
1986-07-15,121925,6735,11983,5771,86078,67675,23341,36496
1986-07-31,125988,18617,9540,6294,69897,71940,31180,38214
1986-08-15,134903,23234,10589,7013,67333,82453,37323,34848
1986-08-29,136959,23229,10291,7561,69541,84510,36628,34597
1986-09-15,149809,24807,10423,12560,69388,95797,43054,31029
1986-09-30,136574,22421,7840,11149,57513,85239,45491,32346
1986-10-15,147411,21274,10239,9744,70584,89512,45809,37916
1986-10-31,146778,12673,9373,8897,79221,90456,45987,38052
1986-11-14,150800,15816,11905,6141,86136,94132,42707,38622
1986-11-28,131679,10148,8849,5360,79143,81278,37028,36192
1986-12-15,134005,13089,11027,6366,76757,80007,37793,36605
1986-12-31,140744,9405,8347,8187,81948,86647,41204,37563
1987-01-15,139318,14063,8147,6306,68344,87902,50605,36963
1987-01-30,130078,13453,9022,7277,62992,78194,46356,35585
1987-02-13,138130,7705,14024,6614,81749,77255,42062,40237
1987-02-27,140016,7349,12273,6910,81851,85616,43906,35217
1987-03-13,145109,10654,10265,7238,79189,87238,48028,40368
1987-03-31,156832,18464,10076,8573,74906,104113,54889,34070
1987-04-15,171395,27260,9006,9615,67566,111648,66954,41126
1987-04-30,175437,24684,12933,9593,64600,104305,76560,48606
1987-05-15,170819,32997,6294,11069,55854,126196,70899,27260
1987-05-29,150964,24267,8705,12531,56420,86818,57746,42910
1987-06-15,149219,20380,11899,14787,57458,83188,56594,39345
1987-06-30,146960,15476,11621,16824,63817,78120,50843,40395
1987-07-15,146076,16101,7483,14324,60840,85807,54811,38462
1987-07-31,150523,23945,6857,12929,60306,102966,53343,27771
1987-08-14,150693,18612,10402,13257,63626,95033,55198,32001
1987-08-31,148815,16503,15979,13017,69761,86279,49534,33540
1987-09-15,146895,16196,12249,12591,70143,93238,47965,28817
1987-09-30,142634,17083,9981,12216,64861,86977,48474,33460
1987-10-15,143498,19848,7101,13894,61354,91228,48402,31275
1987-10-30,133422,15243,9416,14070,65767,80209,38342,29727
1987-11-13,132803,10867,9427,13482,77616,76183,30838,33711
1987-11-30,152206,24270,8453,15330,72663,92561,39943,35862
1987-12-15,158831,20912,9291,16825,81462,96123,39632,36592
1987-12-31,150106,14523,9354,15990,85947,89586,33646,35176
1988-01-15,146350,13275,9794,13696,82475,80747,36904,42113
1988-01-29,146192,9803,19037,12773,93908,69580,29708,44802
1988-02-12,150569,3759,26630,9589,106136,69098,31085,45252
1988-02-29,158223,4067,29807,8455,90624,74906,55077,45055
1988-03-15,161792,6054,23501,11205,92072,82814,52461,44272
1988-03-31,148310,5401,24023,8840,79820,75633,54249,39814
1988-04-15,156961,5491,24441,11750,87218,82172,52502,38598
1988-04-29,154184,2580,19679,10338,117459,84352,23807,39815
1988-05-13,153681,4835,13402,11580,113514,86621,23752,42078
1988-05-31,146461,8320,11067,12734,89780,82730,35627,39930
1988-06-15,142022,7185,10455,10821,86033,79009,37983,41737
1988-06-30,151645,4658,23026,12595,101902,71375,32490,44649
1988-07-15,149809,8779,22871,11364,96018,71106,33648,44468
1988-07-29,139382,3850,18769,8836,99489,68930,27207,42847
1988-08-15,139252,4761,18548,9307,96217,72158,28967,39239
1988-08-31,142631,4905,18415,10100,100622,76063,27004,38053
1988-09-15,155243,3567,27502,9545,109460,66481,32671,51715
1988-09-30,156546,4427,33064,7433,113359,73347,31327,42702
1988-10-14,159467,4517,33787,10310,113352,76238,31288,39132
1988-10-31,160894,4381,31358,10369,118197,79984,27947,39183
1988-11-15,148897,8125,15896,10630,101825,84867,28317,37504
1988-11-30,148286,5517,17263,7577,106343,82705,28849,40741
1988-12-15,145811,5445,17648,9398,107723,79027,23245,39738
1988-12-30,152731,6837,21800,11368,112108,78299,22418,41264
1989-01-13,163937,5233,29394,13293,118240,73501,27171,47749
1989-01-31,170221,5009,37911,17904,125090,67239,22218,47167
1989-02-15,168943,5828,32830,17013,120632,75634,25470,43466
1989-02-28,165774,4394,32432,16041,116638,72416,28701,44885
1989-03-15,165615,6347,25675,16103,108780,81707,34385,42130
1989-03-31,163649,3422,33947,15505,120884,71844,23838,42353
1989-04-14,158340,6079,29001,15817,106915,69206,29529,44316
1989-04-28,168488,2448,32920,18276,121679,70134,26085,47158
1989-05-15,188114,6010,30245,16420,136797,87394,28887,54055
1989-05-31,179513,3414,28885,13509,139249,86952,23341,50167
1989-06-15,163699,5891,24023,13325,121475,85527,23008,40824
1989-06-30,157858,8381,21462,12453,111938,86700,25086,37243
1989-07-14,154241,7662,19453,13567,105367,81687,27645,39534
1989-07-31,148279,3696,18587,13920,107310,71153,23353,44619
1989-08-15,147488,6197,20394,14160,104463,75201,22668,37733
1989-08-31,156595,3477,28851,14262,117348,71879,21508,41603
1989-09-15,154493,10113,23924,13170,104836,73183,26374,44216
1989-09-29,147468,5134,16802,13553,97489,82389,31292,34724
1989-10-13,143681,3906,20467,13857,103066,75001,22852,34356
1989-10-31,151142,15567,12768,14529,84825,90281,36221,33564
1989-11-15,153379,22440,9204,13667,71252,95573,46020,34935
1989-11-30,147759,28985,11049,13907,58418,89124,46449,33679
1989-12-15,156019,30438,8513,14939,62011,97361,48631,35206
1989-12-29,150931,22982,8581,15233,74736,91444,37980,35673
1990-01-15,149393,21782,5238,15746,65795,93951,46070,34458
1990-01-31,131994,13694,7321,16174,58218,76338,43908,32161
1990-02-15,130564,20315,5565,12665,53767,76179,43817,36155
1990-02-28,121920,11965,8989,12390,57161,63372,40404,37169
1990-03-15,132871,13967,18303,11472,65716,66537,41716,36559
1990-03-30,116812,9414,21463,9224,66504,50523,31670,35602
1990-04-12,118177,7110,21181,8860,73591,56269,28616,31867
1990-04-30,123601,6364,20632,7917,80985,59142,28335,35910
1990-05-15,118492,5297,19403,7834,75378,52444,29983,38811
1990-05-31,104625,5233,18710,7787,63869,44851,27736,33277
1990-06-15,117247,4110,26452,7378,80735,46810,25024,36607
1990-06-29,112142,4316,20190,7250,73148,50545,27428,34157
1990-07-13,107275,5878,15214,8213,64335,52652,28849,31196
1990-07-31,98923,8016,5875,8805,50139,56633,31963,27610
1990-08-15,125895,23830,7522,9581,43347,75837,49137,32955
1990-08-31,123147,20892,10597,9128,50615,74660,42512,28762
1990-09-14,113077,13775,7718,9579,55320,66701,34403,29079
1990-09-28,116620,24684,3187,8603,42594,81102,40739,23728
1990-10-15,116656,17794,9063,9502,56851,63409,32509,34682
1990-10-31,114534,10974,9392,11086,61123,60718,31351,33338
1990-11-15,111194,5893,8204,8323,66635,61633,30343,33034
1990-11-30,101946,7264,6135,8618,58680,59946,27384,27247
1990-12-14,111586,4781,10532,9108,75789,60314,21908,31632
1990-12-31,107610,9228,4426,10125,60179,70360,28078,22699
1991-01-15,118173,17648,6122,7647,53902,78605,38976,25799
1991-01-31,93496,2044,14302,4645,62619,44343,24188,30206
1991-02-15,95750,2515,16880,5666,66286,42163,21283,31041
1991-02-28,98025,1612,16447,5212,68140,42842,23061,33524
1991-03-15,98708,3111,14868,5314,64098,48855,26185,29671
1991-03-28,102541,1724,21208,6191,72228,39820,22398,35322
1991-04-15,97290,4002,18163,6407,65132,43436,21749,29284
1991-04-30,108217,4300,25710,6487,76391,44499,21039,31521
1991-05-15,99903,6949,17450,5236,63768,49088,23950,28129
1991-05-31,91485,8125,17440,3149,54483,44089,25728,26807
1991-06-14,91953,19823,11956,2258,34066,52219,35806,25520
1991-06-28,87349,18540,9247,5574,34622,48041,28613,24487
1991-07-15,95164,19663,9095,6785,36268,54405,32448,24879
1991-07-31,87490,12649,15454,6959,42988,36950,24894,28127
1991-08-15,101756,12421,27321,6781,62082,33916,20472,33738
1991-08-30,107993,7227,31854,7122,73497,33794,20147,35223
1991-09-16,107449,7736,29869,8244,70495,36166,20974,33170
1991-09-30,97904,9403,20755,7224,55772,40650,25505,29275
1991-10-15,92152,11464,9834,9873,44529,48658,26286,23787
1991-10-31,100311,13595,10032,11172,47307,54327,28237,24780
1991-11-15,103034,10191,13131,11186,56116,50752,25541,27965
1991-11-29,115496,32242,4002,12829,34930,75660,35495,23005
1991-12-13,103659,16792,6313,12304,46254,61304,28309,23738
1991-12-31,114144,9018,13620,12697,70346,57166,22083,30661
1992-01-15,104052,11190,15685,8932,60556,48784,23374,30651
1992-01-31,102940,13351,12438,10418,54833,53562,24338,26522
1992-02-14,100473,13917,13429,10479,52162,50194,23915,26371
1992-02-28,102931,12912,19139,10860,55362,47033,23797,25899
1992-03-13,113645,11724,26279,10541,62242,48439,29138,28386
1992-03-31,103658,10876,23488,8247,60693,42566,23842,29357
1992-04-15,109312,4260,29372,8526,72591,42019,23935,29395
1992-04-30,113724,9025,27004,10019,68658,46656,26022,30045
1992-05-15,109747,10494,18809,8375,61619,52312,29259,30251
1992-05-29,102788,6295,22164,7629,61668,45653,27196,27342
1992-06-15,103229,16252,9864,8989,44841,60652,33147,23724
1992-06-30,91162,13062,9401,8908,36761,51484,32431,21369
1992-07-15,111763,29782,5632,10521,31806,74286,39654,21324
1992-07-31,112384,32345,6932,9586,32110,76128,38343,19738
1992-08-14,102784,6668,19887,9825,60889,44540,25402,28532
1992-08-31,99349,6194,19845,8798,60763,44304,23594,26402
1992-09-15,100717,5167,13592,9023,59957,53290,26570,24812
1992-09-30,99191,6206,8706,10547,56577,56161,25861,23777
1992-10-06,101946,6573,8550,11071,55250,59291,29052,23034
1992-10-13,101717,5552,10250,10321,63340,56536,22504,24610
1992-10-20,99420,3774,12210,9818,64490,52513,21338,24879
1992-10-27,108776,3248,18553,7615,74709,51524,23204,31084
1992-11-03,106734,3350,20778,6754,72969,49814,23661,29388
1992-11-10,116747,5307,27347,6870,76352,50427,28218,32103
1992-11-17,112935,4157,25377,7370,72936,47126,28472,33062
1992-11-24,108774,3396,23825,7217,70339,46797,27822,30935
1992-12-01,98384,2612,24775,6462,64665,39077,24645,28070
1992-12-08,96886,3555,22253,5895,59900,40700,27536,28038
1992-12-15,99913,3231,22110,6536,63847,43574,26299,27693
1992-12-22,103836,6638,21541,7375,63632,46547,26191,28373
1992-12-29,107682,5600,24445,7460,70347,47847,24275,27930
1993-01-05,113329,5051,26772,7355,76298,48961,24625,30241
1993-01-12,113657,3937,31804,6072,78498,43962,25150,31819
1993-01-19,115828,3271,31316,6670,79009,45458,26878,32384
1993-01-26,109548,3778,25046,6262,71146,46785,28362,31455
1993-02-02,104396,4374,22919,7359,69104,45450,23559,28668
1993-02-09,113003,4978,23564,6394,77411,51955,24220,31090
1993-02-16,111624,6559,17211,6920,66797,62861,31348,24632
1993-02-23,108001,6419,15221,6113,66329,58746,29140,27921
1993-03-02,109864,5831,19213,6335,71241,58300,26457,26016
1993-03-09,118364,5010,29273,5694,80433,49849,27227,33548
1993-03-16,118169,10013,25153,6099,73169,53417,28888,33500
1993-03-23,112481,16471,14010,5881,52355,64122,37774,28468
1993-03-30,127614,32032,9314,6634,45502,86772,43446,24894
1993-04-06,134202,44080,3972,6386,40345,100146,43391,23698
1993-04-13,134188,44184,3174,5975,41368,102372,42661,22667
1993-04-20,137431,43522,7029,6281,43678,101029,43950,23092
1993-04-27,156996,57655,7490,7080,49008,121077,43253,21349
1993-05-04,164403,65914,9316,8178,41121,121269,49190,25640
1993-05-11,167088,65778,11210,8110,41612,123213,51588,24555
1993-05-18,178417,73031,5758,8395,38596,137038,58395,27226
1993-05-25,174530,61808,8643,8670,41338,128913,62714,28304
1993-06-01,175145,61163,10146,10300,46439,126824,57243,27875
1993-06-08,171089,56205,9226,9743,49340,123911,55801,28209
1993-06-15,164461,49164,10595,9872,56725,114096,48700,29898
1993-06-22,167368,54439,11130,10460,53056,114832,49413,30946
1993-06-29,174697,60965,12036,10791,47144,123614,55797,28256
1993-07-06,199471,73775,17138,12745,48718,138294,64233,31294
1993-07-13,204057,76537,13336,13834,49761,143151,63925,33736
1993-07-20,204642,74337,9855,14117,51185,146683,65003,33987
1993-07-27,197704,69330,10481,12979,49019,140657,66376,33587
1993-08-03,206869,82076,12479,12848,37142,150213,74803,31329
1993-08-10,176847,55725,13359,13538,51696,116081,55888,33869
1993-08-17,172814,41868,12872,14559,60168,112831,56219,32552
1993-08-24,172556,44404,11738,14290,62404,118570,51458,27958
1993-08-31,175913,48894,12805,13770,63290,119754,49959,29584
1993-09-07,179032,45493,18741,13229,78805,114683,41505,32379
1993-09-14,171512,38360,17840,10438,80158,107192,42556,36042
1993-09-21,159931,32735,16165,10375,75554,103273,41267,30118
1993-09-28,154198,31272,15137,9882,72225,100288,40819,28891
1993-10-05,151216,29815,16588,9378,73281,95448,38742,29802
1993-10-12,151204,36607,10716,8764,60068,103903,45765,27821
1993-10-19,149633,37249,9111,8594,57287,106630,46503,25298
1993-10-26,154785,41405,10361,9626,56961,108815,46793,25983
1993-11-02,146843,37080,11946,9599,56427,97575,43737,27723
1993-11-09,154670,44920,13504,8338,48124,104921,53288,27907
1993-11-16,151618,41735,6983,8016,45116,109067,56751,27552
1993-11-23,154281,42924,7011,11238,45351,108417,54768,27615
1993-11-30,147175,35713,11162,12475,54605,97414,44382,26124
1993-12-07,142524,40747,8594,11936,41318,98989,48523,23005
1993-12-14,156428,52864,7980,12159,37153,110796,54252,25493
1993-12-21,159335,53916,8322,12158,38474,112882,54787,25973
1993-12-28,159847,54009,8224,12248,40212,113683,53378,25692
1994-01-04,170497,59294,9532,20268,31550,115035,59385,25662
1994-01-11,157271,50144,8811,16975,36364,99590,53788,31895
1994-01-18,159083,51621,6893,15900,32632,109092,58930,27198
1994-01-25,147945,38287,9784,9176,45607,97420,54875,31565
1994-02-01,134302,35258,14480,7312,42783,82628,48949,29882
1994-02-08,136106,34704,14233,7568,49322,86181,44512,28124
1994-02-15,140211,34398,13788,7273,52011,89918,46529,29232
1994-02-22,139965,30012,17832,7417,55220,85071,47316,29645
1994-03-01,148260,33205,25729,6460,59637,81717,48958,34354
1994-03-08,146116,28210,27146,5481,65989,79981,46436,33508
1994-03-15,142387,35954,15216,6853,49538,91010,50042,29308
1994-03-22,147001,37614,15374,7723,47872,96175,53792,27729
1994-03-29,147441,39949,16234,7580,44989,98182,54923,25445
1994-04-05,138683,35281,17876,8547,42664,89039,52191,23221
1994-04-12,140190,30231,27193,8618,53837,76023,47504,28356
1994-04-19,150065,25666,42487,9186,68830,64190,46383,34202
1994-04-26,149682,21360,48075,9300,74124,61806,44898,30501
1994-05-03,150507,23855,49230,6988,74892,61492,44772,32797
1994-05-10,142039,25958,34299,6075,63828,71306,46178,30359
1994-05-17,144784,30099,32281,7749,58995,75802,47941,28952
1994-05-24,154408,37509,29218,7872,60829,89041,48198,28277
1994-05-31,148143,45219,23705,6783,53859,92327,42282,25328
1994-06-07,136615,31353,25920,7108,58939,79078,39215,24509
1994-06-14,138822,33843,23618,7278,55774,81599,41927,26327
1994-06-21,161383,55391,21845,7373,45752,107129,52867,25036
1994-06-28,148851,39328,23394,9670,51710,89550,48143,26237
1994-07-05,146005,36631,23603,8720,51644,87620,49010,26062
1994-07-12,145019,32962,23307,8727,56076,87407,47254,25578
1994-07-19,153041,33006,22995,8738,68665,94952,42632,26356
1994-07-26,149109,34041,22650,7980,62897,92908,44191,25571
1994-08-02,145660,33034,37935,7563,65127,66527,39936,33635
1994-08-09,155058,32524,46074,9466,73031,65591,40037,33927
1994-08-16,160298,27649,45377,10458,79665,64758,42526,39705
1994-08-23,156684,30405,38306,9751,75417,73616,41111,35011
1994-08-30,156676,38628,23584,8304,65755,95446,43989,29342
1994-09-06,157364,40107,21267,9023,62716,99828,45518,27246
1994-09-13,159123,42907,11099,8863,57174,109582,50179,29579
1994-09-20,174646,58124,11079,8166,53595,129859,54761,25542
1994-09-27,184697,66886,8688,9938,53032,137926,54841,28145
1994-10-04,188054,66676,9236,9647,56367,141031,55364,28140
1994-10-11,164252,38255,10971,12277,64796,111155,48924,29849
1994-10-18,156161,32979,15993,12512,63875,99679,46795,27977
1994-10-25,157554,35388,13717,11031,64591,104776,46544,28030
1994-11-01,163943,30039,37703,11225,79368,81999,43311,33016
1994-11-08,166608,30702,41118,10542,79173,80941,46191,34007
1994-11-15,166090,26522,41122,12291,80445,77390,46832,35287
1994-11-22,170691,23152,37251,17037,82960,75907,47542,40496
1994-11-29,172690,19279,39679,16944,94165,78915,42302,37152
1994-12-06,180619,14632,59710,17657,112946,64192,35384,39060
1994-12-13,179346,14093,60972,17518,109896,61920,37839,38936
1994-12-20,175686,14095,54202,18599,104448,66311,38544,36574
1994-12-27,179759,13482,53710,18282,110098,71461,37897,36306
1995-01-03,178399,13004,47070,19506,107348,75580,38541,36243
1995-01-10,196271,14517,64096,15927,130319,73773,35508,42475
1995-01-17,188429,15750,53584,15436,121211,80263,36032,39146
1995-01-24,175858,16319,38233,15456,109250,84863,34833,37306
1995-01-31,171777,14708,45288,15587,110145,76920,31337,33982
1995-02-07,172009,15943,47046,15148,107861,71652,33057,38163
1995-02-14,171401,15637,44891,14972,108789,75137,32003,36401
1995-02-21,169377,15597,39363,15542,101870,80903,36368,33569
1995-02-28,174285,14603,43836,15104,110501,81075,34077,34270
1995-03-07,168151,15813,25347,17058,92777,94106,42503,31640
1995-03-14,167938,19918,12967,16618,88890,107100,42512,31253
1995-03-21,168138,15352,11719,17240,93215,107852,42331,31327
1995-03-28,162245,12659,11818,17428,89743,105159,42415,27840
1995-04-04,187495,39871,6180,15306,83346,138602,48972,27407
1995-04-11,191233,43265,6820,14895,83303,144141,49770,25377
1995-04-18,198168,44945,6259,14921,85055,151666,53247,25322
1995-04-25,196084,42702,6829,15745,86275,148863,51362,24647
1995-05-02,177178,25653,6962,15517,91720,128869,44288,25830
1995-05-09,170206,12615,13750,15103,103960,111444,38528,29909
1995-05-16,173860,13179,19220,14993,108613,107049,37075,32598
1995-05-23,181812,11361,21878,15522,117613,110597,37316,33815
1995-05-30,159456,11716,17770,11700,99640,98694,36400,31292
1995-06-06,170887,13907,18187,9288,109786,110995,37906,32417
1995-06-13,164848,17242,12814,7377,102130,115450,38099,29207
1995-06-20,183209,33046,6879,6166,103006,141191,40991,28973
1995-06-27,177052,29025,7584,5428,104276,136051,38323,27989
1995-07-03,175928,18389,21962,5374,120041,117925,32124,30667
1995-07-11,184850,14673,26780,5330,129634,118300,35213,34440
1995-07-18,171900,20360,12480,5591,107914,121954,38035,31875
1995-07-25,168448,16627,14624,5554,108254,112565,38013,35705
1995-08-01,170099,13084,40233,5579,117679,87760,33757,36527
1995-08-08,177811,15272,46262,8190,117389,86027,36960,37332
1995-08-15,173296,14838,32053,5889,114219,101377,38350,33977
1995-08-22,175852,12195,45313,5993,121716,90693,35948,33853
1995-08-29,177422,11333,47660,6183,122962,88188,36944,35391
1995-09-05,183988,12639,53989,6342,126514,83849,38493,39808
1995-09-12,186741,15444,44478,7415,122310,96028,41572,38820
1995-09-19,188070,16915,38672,7032,121328,105347,42795,37019
1995-09-26,184643,14513,41360,6537,124246,101213,39347,35533
1995-10-03,180193,13167,44756,5998,123498,92411,37530,37028
1995-10-10,180595,15392,40580,5824,119805,99354,39574,34837
1995-10-17,181415,13493,41915,6677,123875,99061,37370,33762
1995-10-24,191143,13266,54685,6714,134142,93322,37021,36422
1995-10-31,192942,14314,52940,7216,134532,96123,36880,36663
1995-11-07,187463,15493,41697,9729,120337,100476,41904,35561
1995-11-14,172130,23423,15186,8095,96779,118017,43833,30832
1995-11-21,155570,17247,14347,8705,88430,102092,41188,30426
1995-11-28,150937,14863,17285,10275,84850,89721,40949,33656
1995-12-05,139049,15236,15528,10849,76282,86287,36682,26385
1995-12-12,144601,24462,13377,10230,69524,95566,40385,25428
1995-12-19,142709,16148,13121,11125,76641,93422,38795,25041
1995-12-26,141213,15493,13233,11278,75655,92325,38787,24377
1996-01-02,148656,22223,11829,11590,73546,99829,41297,25408
1996-01-09,196205,56064,6413,12346,75052,147039,52743,30407
1996-01-16,213033,64825,6689,12995,79728,165217,55485,28132
1996-01-23,226823,72631,3289,13299,78002,176451,62891,33784
1996-01-30,223800,73978,6284,14140,77403,171610,58279,31766
1996-02-06,235728,72958,9113,14133,89164,183472,59473,29010
1996-02-13,224779,55477,6884,11783,95235,174281,62284,31831
1996-02-20,221187,49123,8013,10713,100192,171978,61159,30483
1996-02-27,220205,44106,5830,11621,102754,175501,61724,27253
1996-03-05,206708,32146,9856,13511,100702,152643,60349,30698
1996-03-12,208236,34232,9423,10725,98394,156826,64885,31262
1996-03-19,197708,29171,12107,9063,97546,147751,61928,28787
1996-03-26,201147,39469,7768,9681,84317,154441,67680,29257
1996-04-02,189385,36397,11592,9740,88576,140144,54672,27909
1996-04-09,202031,42220,12257,9574,92202,149859,58035,30341
1996-04-16,201839,24271,17681,10174,109777,138722,57617,35262
1996-04-23,203351,24144,23597,10075,114426,137205,54706,32474
1996-04-30,206658,24448,25486,11107,115145,138926,55958,31139
1996-05-07,201442,25875,21051,10282,104407,137787,60878,32322
1996-05-14,205744,23187,28223,8977,112867,135835,60713,32709
1996-05-21,205874,23277,34180,9792,115820,127772,56985,34130
1996-05-28,202685,23843,31809,11064,109750,126013,58028,33799
1996-06-04,183865,25230,37997,10547,97804,103709,50284,31612
1996-06-11,189544,16825,53384,10725,114523,92795,47471,32640
1996-06-18,192486,18772,50728,11717,117940,98312,44057,31729
1996-06-25,194460,18980,49010,10613,118840,99091,46027,35746
1996-07-02,196152,13499,52310,11027,126988,95449,44638,37366
1996-07-09,197471,13856,49630,11414,126504,99214,45697,37213
1996-07-16,187816,10183,42189,12896,117518,97101,47219,35630
1996-07-23,176128,10760,38907,12730,106893,89040,45745,35451
1996-07-30,169384,11780,35384,11502,105049,91351,41053,31147
1996-08-06,158371,14155,17964,10825,89608,101842,43783,27740
1996-08-13,160705,13969,17399,11776,90375,104334,44585,27196
1996-08-20,157653,12948,19352,12479,90037,99636,42189,26186
1996-08-27,160819,14313,16841,12458,90764,105725,43284,25795
1996-09-03,162775,10839,27442,13787,95941,93677,42208,27869
1996-09-10,186183,10988,58020,12871,120065,83328,42259,31964
1996-09-17,191988,11628,63874,12076,126902,82889,41382,33149
1996-09-24,189340,9958,65772,11440,128476,78937,39466,33191
1996-10-01,197398,10856,69120,11065,139012,82577,36465,34636
1996-10-08,193843,12001,66246,10964,133689,82330,37189,34303
1996-10-15,196753,14657,65430,9996,132953,88501,39147,32826
1996-10-22,187813,12240,48255,10244,122605,95927,42724,33387
1996-10-29,187475,10169,54543,10753,125555,88769,40998,33410
1996-11-05,193964,10481,64187,11194,134149,83834,38140,34749
1996-11-12,189454,13614,53794,11580,124540,90543,39720,33537
1996-11-19,175954,10143,50202,11944,113842,81820,40025,31988
1996-11-26,191221,10662,65255,12355,133250,81260,34954,32351
1996-12-03,188166,11865,65840,11789,129083,78002,35429,32535
1996-12-10,185516,13689,51181,12413,124975,89990,34439,31932
1996-12-17,185415,12219,49246,11174,126060,91688,35962,33307
1996-12-24,186187,11874,49415,11925,129300,92681,33088,32166
1996-12-31,189805,11848,53773,12388,132509,89076,33060,34568
1997-01-07,201412,11368,59524,13493,142810,92461,33741,35934
1997-01-14,204117,7643,60612,13077,148436,91838,34961,38590
1997-01-21,205471,7815,58085,13451,146541,92667,37664,41268
1997-01-28,189160,10226,49182,13256,131672,89781,34006,36941
1997-02-04,191347,7438,55221,13834,135757,89711,34318,32581
1997-02-11,195275,8403,55053,12010,139125,94371,35737,33841
1997-02-18,194794,14150,48011,12969,131009,99942,36666,33872
1997-02-25,184459,14009,35250,13671,121543,103504,35236,32034
1997-03-04,174030,21214,18641,13700,100996,112632,38120,29057
1997-03-11,170832,15219,16432,14227,99498,110335,41888,29838
1997-03-18,172691,12800,23671,13631,101843,99951,44417,35438
1997-03-25,163639,16865,23580,12660,96276,97554,37838,29845
1997-04-01,152107,10496,19958,11560,95210,92335,34841,28254
1997-04-08,148359,10019,18882,12046,91818,89007,34476,28424
1997-04-15,159410,8895,37248,12228,101797,74791,36490,35143
1997-04-22,162911,9131,46631,11809,104100,70038,37871,34433
1997-04-29,163585,8071,48003,12234,105901,69213,37379,34135
1997-05-06,168134,8661,48910,12728,107085,70016,39660,36480
1997-05-13,162528,14204,31887,11941,93680,81341,42703,37359
1997-05-20,159466,10213,40450,12352,97955,72917,38946,33747
1997-05-27,158811,10253,39801,12288,97036,72994,39234,33728
1997-06-03,150801,8479,39277,12889,96893,68789,32540,29846
1997-06-10,160675,7903,44095,12983,104606,71374,35183,32223
1997-06-17,164407,8277,45856,12707,109496,73328,33927,32516
1997-06-24,185491,9490,64083,13310,125591,70159,37100,37939
1997-07-01,196108,5230,72241,14239,139801,69136,36838,40492
1997-07-08,217966,6339,78779,19518,157324,78253,34785,41416
1997-07-15,217370,7397,81985,17717,156780,74629,35476,43039
1997-07-22,204631,10794,72280,20306,140751,72776,32780,39269
1997-07-29,194719,11544,68170,13463,133032,72713,36680,40373
1997-08-05,197799,6513,77419,12110,147444,70830,31732,37440
1997-08-12,196685,14018,63722,13153,129979,79231,39535,40579
1997-08-19,201656,7183,63592,13664,140302,84641,40507,39759
1997-08-26,196870,7589,59131,13491,133381,85437,42409,38811
1997-09-02,195898,6674,66468,13110,138746,82096,37368,34224
1997-09-09,202432,6595,66009,12856,144584,85178,38397,38389
1997-09-16,205520,4357,66787,11896,148037,84679,41230,42158
1997-09-23,201439,4678,67575,11728,146080,83998,38953,38138
1997-09-30,182284,22302,42134,12732,100304,101704,46946,25714
1997-10-07,182549,41536,38086,12543,79426,106616,49044,25304
1997-10-14,176930,30291,38030,11998,85885,95722,48756,31180
1997-10-21,175223,13909,43706,12623,102442,87675,46249,31219
1997-10-28,217825,7117,71623,15011,147762,89397,47935,41794
1997-11-04,217937,8017,71591,16039,151730,91958,42151,38349
1997-11-11,214765,8834,68744,16429,147357,90349,42145,39243
1997-11-18,214353,13705,64354,14987,140488,92443,45173,42569
1997-11-25,192531,9687,69449,15961,133374,73859,33509,33262
1997-12-02,194540,10682,71170,15420,133401,71488,35037,36462
1997-12-09,197049,10623,73243,15614,132395,71638,38417,36554
1997-12-16,187364,9866,68635,16162,123302,64942,38034,37625
1997-12-23,183073,10200,61984,16929,109997,64425,45947,39735
1997-12-30,177704,9580,60624,16667,109536,65092,41921,35321
1998-01-06,189409,9714,68298,19237,121497,65006,38961,36868
1998-01-13,191691,9852,68380,16016,123854,68498,41969,38797
1998-01-20,181245,10105,61779,16726,111193,65943,43221,36797
1998-01-27,162174,12390,36522,16221,92532,77266,41031,32165
1998-02-03,164191,14549,38547,15078,95566,80855,38998,29711
1998-02-10,169296,15393,36662,16368,96853,87563,40682,28703
1998-02-17,172572,14602,38649,16651,101077,85270,40242,32002
1998-02-24,178732,13023,46469,17835,112478,81205,35396,33223
1998-03-03,181113,15161,43053,17991,108038,87020,39923,33049
1998-03-10,184128,13496,48149,18393,113872,83364,38367,34222
1998-03-17,200258,7047,58345,18815,135033,83753,39363,39345
1998-03-24,172915,6820,48971,16625,109127,72431,40343,34888
1998-03-31,161065,14151,35778,16721,90868,79111,39325,29455
1998-04-07,180125,35912,30665,17882,80360,104876,45971,26702
1998-04-14,182619,39334,31138,17225,79027,107599,47033,26657
1998-04-21,184930,41712,29121,16954,76768,112982,49496,25873
1998-04-28,183719,41569,23684,16503,77633,114737,48014,28795
1998-05-05,173676,33098,27867,15266,81123,98834,44189,31709
1998-05-12,156329,12860,31575,16058,87130,76681,40281,32015
1998-05-19,154467,12490,29737,14879,86888,78181,40210,31670
1998-05-26,149778,11717,33923,14462,85218,69898,38381,31495
1998-06-02,171275,7556,60612,15217,115290,58744,33212,36702
1998-06-09,171755,7000,58174,16308,114066,61281,34381,35992
1998-06-16,182514,5082,65909,17186,127101,63397,33145,36022
1998-06-23,167070,5441,42956,16326,111188,73389,34115,34399
1998-06-30,164716,5022,40939,15542,111528,77599,32624,30636
1998-07-07,167652,8467,42482,16866,110070,78169,32249,30135
1998-07-14,171176,6518,44177,18329,111476,76352,34853,32318
1998-07-21,170503,6425,40077,17941,111414,81205,34723,31280
1998-07-28,164221,7801,47568,16376,107815,67478,32229,32799
1998-08-04,179832,8618,67413,15518,124980,62611,30716,34290
1998-08-11,185167,9059,68769,16459,129913,65851,29736,34088
1998-08-18,195394,12089,71699,18020,133248,68147,32037,37528
1998-08-25,199774,10539,72049,16474,139764,72597,32997,38654
1998-09-01,207005,6779,76568,17178,150324,73995,32724,39264
1998-09-08,197099,7890,59215,16055,133363,81709,39791,40120
1998-09-15,173813,10405,30520,16957,109857,93866,36594,32470
1998-09-22,174705,13273,32286,17540,106870,96553,37022,28326
1998-09-29,175102,18982,24893,18329,97831,104569,39960,27311
1998-10-06,190174,36588,12919,19886,90267,132205,43433,25164
1998-10-13,187179,32954,12822,19568,92675,129522,41982,25267
1998-10-20,184842,29034,13243,20750,94588,123504,40470,27345
1998-10-27,184784,21174,13968,20406,106270,123022,36934,27388
1998-11-03,180415,9917,27612,21212,113225,100392,36061,31199
1998-11-10,172069,11354,18465,20259,100977,103687,39479,29658
1998-11-17,153511,15147,11960,19345,81854,96527,37165,25679
1998-11-24,150873,17284,10369,19069,76749,94409,37771,27026
1998-12-01,143535,12857,16775,20752,82066,80961,27860,25047
1998-12-08,145386,12306,17456,20964,82599,83223,29517,23743
1998-12-15,148455,8951,23617,20417,91654,77427,27433,26994
1998-12-22,158623,8703,35495,20515,101641,72653,27764,29960
1998-12-29,162536,8174,42760,20617,106847,69641,26898,29518
1999-01-05,173200,9127,53151,20578,115550,68930,27945,30541
1999-01-12,172413,11435,53161,17498,114634,74034,28846,27720
1999-01-19,184145,9596,64878,18845,124609,69290,31095,31132
1999-01-26,181330,9861,70853,15552,125046,60260,30871,34665
1999-02-02,181292,13654,73572,17962,122419,59582,27257,30176
1999-02-09,181688,10261,71310,17691,126315,64297,27421,28390
1999-02-16,185713,8862,77268,17046,131789,60983,28016,30416
1999-02-23,190553,8938,79003,17149,136697,64885,27769,29516
1999-03-02,191522,17147,75294,17527,127699,70785,29149,27916
1999-03-09,182305,32899,35104,18218,96704,102391,34484,26592
1999-03-16,165270,11160,39610,18412,103547,74584,32151,32664
1999-03-23,174143,7997,62020,17489,118186,62293,30471,32341
1999-03-30,187558,6836,87076,17987,134373,52219,28362,30276
1999-04-06,196125,9350,97713,18249,139047,47357,29479,32806
1999-04-13,196091,11955,93046,17417,135918,53306,30801,32322
1999-04-20,196996,12075,85765,18901,137066,62025,28954,30305
1999-04-27,204378,14087,94179,18487,142084,58108,29720,33604
1999-05-04,193275,18454,68306,17778,121417,79119,35626,28072
1999-05-11,187427,12626,75976,18677,118496,58436,37628,34338
1999-05-18,196892,8173,88719,20960,134284,55652,33475,31561
1999-05-25,199633,7689,93127,19482,139741,51666,32721,35358
1999-06-01,198487,9625,88396,18662,141084,58694,29116,32735
1999-06-08,203955,9281,94516,19173,142345,54138,33156,36128
1999-06-15,212568,10132,95118,20463,147656,61240,34317,35747
1999-06-22,213680,9930,96789,21024,147990,61086,34736,34781
1999-06-29,208222,8971,92582,20522,142021,60945,36708,34173
1999-07-06,218365,8728,95291,23030,142531,60534,44076,39510
1999-07-13,211594,9914,88774,21555,144152,62918,35973,38347
1999-07-20,206266,10323,89538,20112,141284,59797,34547,36819
1999-07-27,198760,13624,81518,19872,131089,60265,34175,37105
1999-08-03,188933,17758,74198,17527,122268,66222,31380,30986
1999-08-10,193698,15272,70336,15362,127509,78111,35555,29889
1999-08-17,191776,21260,56502,15372,114180,92288,40964,27614
1999-08-24,191040,16211,75298,14261,124090,68671,36478,32810
1999-08-31,198692,17219,78710,14938,130394,71153,36141,33891
1999-09-07,201266,16931,79841,15882,130654,70246,37799,35297
1999-09-14,201806,18500,72632,13644,130041,78513,39621,37017
1999-09-21,205259,27235,65077,14386,120486,90995,43152,34801
1999-09-28,225467,47881,62196,16509,102879,105629,58198,41133
1999-10-05,215041,43094,64951,18741,105128,92730,48078,38619
1999-10-12,216938,35722,52723,21652,114325,112367,45239,30196
1999-10-19,223090,35601,52897,21582,122130,119616,43777,28995
1999-10-26,217916,33470,47085,20800,122596,120181,41050,29850
1999-11-02,208907,27786,43069,20582,121293,117147,39246,28109
1999-11-09,203057,23669,42788,19002,121448,111331,38938,29936
1999-11-16,182148,28090,25319,17969,96271,112823,39818,26037
1999-11-23,171564,33610,24256,17285,81966,105069,38703,24954
1999-11-30,163574,31811,25682,16128,79135,95935,36500,25829
1999-12-07,156712,24409,27381,16289,84902,85788,31112,27254
1999-12-14,155142,10261,30814,14959,99201,82783,30721,26586
1999-12-21,156318,11393,39362,18962,102262,83833,23701,14161
1999-12-28,156526,10876,39829,19186,101938,83816,24526,13695
2000-01-04,155835,12360,41068,18440,102766,80116,22269,16211
2000-01-11,157326,17699,41917,18428,100041,81647,21158,15334
2000-01-18,148055,19895,26998,21104,84768,85786,22288,14167
2000-01-25,142913,19469,25003,21062,78940,83689,23442,13159
2000-02-01,134305,19414,28247,18061,78709,73869,18121,14128
2000-02-08,153976,40614,31600,18110,69057,93527,26195,10739
2000-02-15,157231,42107,21410,17973,69135,105530,28016,12318
2000-02-22,168125,52079,21071,17715,69951,116433,28380,12906
2000-02-29,166509,41099,22312,19417,80273,111356,25720,13424
2000-03-07,161362,38403,19732,11737,80997,108116,30225,21777
2000-03-14,161540,34577,17282,18578,86418,110852,21967,14828
2000-03-21,164397,33068,18135,19256,90849,110567,21224,16439
2000-03-28,150712,15152,29437,16597,98639,85603,20324,19075
2000-04-04,155378,19129,42440,17628,98801,76842,19820,18468
2000-04-11,153144,18432,40617,17784,96251,75006,20677,19737
2000-04-18,153546,18580,38933,17906,95886,77253,21174,19454
2000-04-25,156486,17428,44970,19327,100286,71993,19445,20196
2000-05-02,168231,18529,51124,22114,107120,72779,20468,22214
2000-05-09,162759,19708,45430,21588,100796,76508,20667,19233
2000-05-16,160373,15748,45278,22850,97133,71449,24642,20796
2000-05-23,163062,17625,53467,18804,102216,69092,24417,21699
2000-05-30,159156,19861,60485,17196,102206,59616,19893,21859
2000-06-06,140841,26029,30046,15411,79617,81597,19784,13787
2000-06-13,141504,31474,16814,14848,72711,97773,22471,12069
2000-06-20,143814,32680,13622,14257,72771,103693,24106,12242
2000-06-27,143700,31821,15602,15406,76236,101409,20237,11283
2000-07-05,150096,31351,15523,15291,81135,107920,22319,11362
2000-07-11,146022,29093,16695,15376,82973,101830,18580,12121
2000-07-18,136090,26606,17591,16309,72418,88264,20757,13926
2000-07-25,122177,24352,20809,15340,61847,69338,20638,16690
2000-08-01,111188,23120,28717,15283,54380,49413,18405,17775
2000-08-08,122540,21171,46194,16280,67758,40607,17331,19459
2000-08-15,132994,19597,52483,16223,78853,43753,18321,20535
2000-08-22,130211,22255,48476,15989,74630,45762,17337,19984
2000-08-29,132014,22128,50766,15807,75631,45785,18448,19656
2000-09-05,125433,23403,42285,14611,67240,48772,20179,19765
2000-09-12,133431,22031,49029,16090,73339,46655,21971,21657
2000-09-19,137565,22874,53435,14944,77684,46399,22063,22787
2000-09-26,133035,24033,49984,10800,75429,49827,22773,22424
2000-10-03,124815,23444,43555,11252,68457,51489,21662,18519
2000-10-10,134015,25477,51003,11783,73756,51341,22999,19888
2000-10-17,129680,29308,46045,11103,66289,52572,22980,19960
2000-10-24,135064,30738,49309,11771,70588,53438,21967,20546
2000-10-31,137818,24308,56030,11363,80001,48155,22146,22270
2000-11-07,138300,22498,56618,12891,81661,48216,21250,20575
2000-11-14,140258,16145,61121,10462,90323,47484,23328,21191
2000-11-21,132633,16495,62951,9343,84678,39827,22117,20512
2000-11-28,124950,16405,52606,9615,75542,43041,23388,19688
2000-12-05,113455,16902,43823,8336,65082,43640,23135,17656
2000-12-12,110455,18834,36776,8766,60144,49041,22711,15872
2000-12-19,114708,17208,39376,9458,65914,49079,22128,16795
2000-12-26,114850,18940,33199,9023,63002,56717,23885,15911
2001-01-02,114491,17745,41480,9709,68027,47517,19010,15785
2001-01-09,126527,15778,54004,10348,81142,42641,19259,19534
2001-01-16,139180,13743,70903,9195,96907,37419,19335,21663
2001-01-23,140120,15626,73324,9262,93293,36630,21939,20904
2001-01-30,141156,18847,72662,6853,97509,41884,17947,19757
2001-02-06,135682,16396,69102,6865,93974,39671,18447,20044
2001-02-13,143725,15639,74611,8086,102809,40634,17191,20394
2001-02-20,148782,16291,83022,7233,106088,38562,19170,19965
2001-02-27,143173,17753,68548,10447,92299,44440,22674,19738
2001-03-06,133440,17806,59788,10847,84196,43989,20591,18816
2001-03-13,126821,19050,43294,9806,72102,58437,25863,15284
2001-03-20,123758,11598,49567,10794,79069,46841,22297,16556
2001-03-27,122944,12006,45310,10031,78979,49332,21928,18271
2001-04-03,118398,10226,61580,8202,79740,28757,20230,19859
2001-04-10,130116,10961,69094,10178,88319,30329,20658,20515
2001-04-17,122146,10091,55660,9671,79692,37051,22692,19764
2001-04-24,114900,11752,46763,9712,69126,41204,24310,17221
2001-05-01,110868,12738,40708,11148,61633,41814,25349,17198
2001-05-08,109018,12867,38655,11083,60306,43059,24762,16221
2001-05-15,106947,28829,27298,12261,38943,52858,26914,14530
2001-05-22,133866,53505,14569,12107,27867,93117,40387,14073
2001-05-29,133990,55117,11881,11191,31273,99716,36409,11202
2001-06-05,109182,34718,9707,10264,36233,78547,27967,10664
2001-06-12,114065,32243,13688,9524,42617,79161,29681,11692
2001-06-19,118500,33983,14981,9651,45070,85297,29796,8571
2001-06-26,125033,37204,15131,9993,45563,90256,32273,9653
2001-07-03,117731,32764,16594,11009,47467,80059,26491,10069
2001-07-10,118688,31178,20576,11231,50380,74912,25899,11969
2001-07-17,116292,30150,19384,11886,47165,72672,27091,12350
2001-07-24,111764,31387,18013,11642,40651,69562,28084,12547
2001-07-31,100943,24089,26795,10209,41533,47679,25112,16260
2001-08-07,98582,25067,26757,10193,38190,45328,25132,16304
2001-08-14,119311,50435,17566,10118,26735,81962,32023,9665
2001-08-21,131631,57049,17515,11279,28387,92799,34916,10038
2001-08-28,120108,46567,18745,11507,29845,80697,32189,9159
2001-09-04,121687,44767,18850,12236,31650,81489,33034,9112
2001-09-10,119518,42337,21513,11892,34261,77504,31028,8609
2001-09-18,120062,47155,18007,11812,29086,78542,32009,11701
2001-09-25,129840,55700,19062,9953,24492,82834,39695,17991
2001-10-02,132653,54976,19721,9828,27883,95005,39966,8099
2001-10-09,134663,53926,21148,10207,31042,95771,39488,7537
2001-10-16,126767,43774,19686,11104,36316,88132,35573,7845
2001-10-23,117875,35467,20788,11879,37139,62330,33390,22878
2001-10-30,118614,32041,19881,12142,44910,78109,29521,8482
2001-11-06,115880,32582,19052,13655,41334,76769,28309,6404
2001-11-13,111255,29312,23885,8899,46091,69728,26953,8743
2001-11-20,115326,25380,34553,9393,51619,54108,28934,17272
2001-11-27,111942,23633,35773,9280,53349,51611,25680,15278
2001-12-04,105023,26142,36171,9775,43346,45880,25760,13197
2001-12-11,115485,25806,47523,10014,54864,41238,24801,16710
2001-12-18,110873,30819,31680,11673,41158,56356,27223,11164
2001-12-21,110971,28075,30978,11003,46856,58832,25037,10158
2001-12-28,113672,28829,29474,10727,47939,62494,26177,10977
2002-01-08,113020,29232,23876,10423,43737,67779,29628,10942
2002-01-15,128197,47510,18069,10192,36265,90203,34230,9733
2002-01-22,132005,44800,18871,11266,41689,92648,34250,9220
2002-01-29,124540,29044,16610,11605,53566,85081,30325,11244
2002-02-05,138370,53810,19722,10579,41428,99608,32553,8461
2002-02-12,148022,61706,25373,11969,37963,100186,36384,10494
2002-02-19,148242,61748,27384,12218,38355,98409,35921,10231
2002-02-26,144384,58404,29325,12560,36376,92785,37044,9714
2002-03-05,144154,55673,25211,12843,37550,96216,38088,9884
2002-03-12,140978,50525,20039,14319,36820,95327,39314,11293
2002-03-19,140007,48393,20406,14291,38406,94525,38917,10785
2002-03-26,148479,53695,19301,15942,38055,103943,40787,9293
2002-04-02,153322,62448,24787,14069,33449,105362,43356,9104
2002-04-09,152187,63780,27273,13746,34255,101786,40406,9382
2002-04-16,154615,58851,26769,15006,40119,103285,40639,9555
2002-04-23,162580,65168,25503,14927,39629,112332,42856,9818
2002-04-30,180829,73449,27382,17248,42451,124832,47681,11367
2002-05-07,192242,76757,32322,18859,46163,128868,50463,12193
2002-05-14,191721,70071,32232,17224,52774,129726,51652,12539
2002-05-21,189679,75332,28418,16525,45289,133932,52533,10804
2002-05-28,190444,75210,33887,13883,44076,131508,57275,11166
2002-06-04,181999,73044,31101,14486,40497,125717,53972,10695
2002-06-11,171476,68206,21750,16566,44066,121249,42638,11911
2002-06-18,169101,63445,22204,17633,44277,117060,43746,12204
2002-06-25,176291,62956,24989,18420,47064,121261,47851,11621
2002-07-02,167318,53434,23361,19866,48192,114067,45826,10024
2002-07-09,169837,45598,22970,19320,54081,115807,50838,11740
2002-07-16,173241,47062,23151,19092,55729,120093,51358,10905
2002-07-23,171233,48196,21958,19070,51743,118696,52224,11509
2002-07-30,147221,27460,27075,16648,63814,96047,39299,7451
2002-08-06,140484,24859,23882,14521,58217,89596,42887,12485
2002-08-13,144723,25632,26108,14875,63031,92463,41185,11277
2002-08-20,149693,28280,23572,15629,63419,97708,42365,12784
2002-08-27,150531,27532,25150,16028,63271,97340,43700,12013
2002-09-03,149202,29706,23591,15707,57919,98586,45870,11318
2002-09-10,161170,45693,25872,15349,49522,110002,50606,9947
2002-09-17,164036,46110,20924,14975,50462,116966,52489,11171
2002-09-24,187501,68074,25893,13362,49259,137650,56806,10596
2002-10-01,178261,67739,25037,14793,44523,128220,51206,10211
2002-10-08,173762,61992,24320,14984,46732,123359,50054,11099
2002-10-15,158344,40830,24916,15475,56350,105202,45689,12751
2002-10-22,155085,34838,25376,15556,58942,100539,45749,13614
2002-10-29,152205,33696,18365,16399,56328,105184,45782,12257
2002-11-05,152269,38982,18997,15799,49341,106044,48147,11429
2002-11-12,174682,57600,20693,18546,43611,122035,54925,13408
2002-11-19,169985,56665,18809,18411,43159,118941,51750,13824
2002-11-26,166371,52488,14934,16638,47799,119364,49446,15435
2002-12-03,158433,48545,15584,16944,41407,109565,51537,16340
2002-12-10,180754,73216,21857,13926,37865,128689,55747,16282
2002-12-17,205550,86949,31749,15914,36725,138211,65962,19676
2002-12-23,201761,86100,28995,15893,36551,140004,63217,16869
2002-12-31,206914,88002,28497,17128,39250,143666,62534,17623
2003-01-07,215299,93664,30101,17965,40513,149899,63157,17334
2003-01-14,214684,93046,32384,18688,38005,142982,64945,20630
2003-01-21,218286,95013,33331,19498,35901,144173,67874,21284
2003-01-28,229819,91912,35045,23931,36327,149177,77649,21666
2003-02-04,241161,105154,38340,23149,35779,162286,77079,17386
2003-02-11,216608,89620,39511,21427,45786,140146,59775,15524
2003-02-14,202671,69759,33952,21318,54707,132506,56887,14895
2003-02-25,196138,60864,33899,20640,57629,126289,57005,15310
2003-03-04,189928,60149,29173,19226,56069,127232,54484,14297
2003-03-11,193841,62022,28473,21363,56078,130668,54378,13337
2003-03-18,189983,51897,30476,21117,65053,121895,51916,16495
2003-03-25,182966,45220,15690,19943,73435,130380,44368,16953
2003-04-01,171558,40659,16292,18959,69948,119919,41992,16388
2003-04-08,173293,45496,19799,18169,66333,118940,43295,16385
2003-04-15,180817,47667,26362,20057,67965,116587,45128,17811
2003-04-22,177869,50301,25224,20813,62217,114835,44538,16997
2003-04-29,176123,49345,24578,19687,61323,114157,45768,17701
2003-05-06,178933,53877,14586,20379,59479,129288,45198,14680
2003-05-13,183957,58093,15673,21509,57917,131631,46438,15144
2003-05-20,196238,79694,13953,22060,45003,143069,49481,17156
2003-05-27,206318,78295,9546,22982,44032,141663,61009,32127
2003-06-03,205219,94155,9108,20688,47320,160932,43056,14491
2003-06-10,201381,79118,13519,21911,51645,145025,48707,20926
2003-06-17,199642,81499,17324,23119,51869,146075,43155,13124
2003-06-24,192790,65690,16806,23928,59389,136408,43783,15648
2003-07-01,187164,59522,14308,24897,60916,132919,41829,15040
2003-07-08,187327,56977,15649,25219,63710,132545,41421,13914
2003-07-15,186983,51045,23530,28489,66125,119797,41324,15167
2003-07-22,192848,60068,20659,26767,62487,130912,43526,14510
2003-07-29,238119,93311,17864,28341,57122,167454,59345,24460
2003-08-05,200599,75623,17812,26154,52412,145598,46410,11035
2003-08-12,209187,84578,18065,26184,49254,151016,49171,13922
2003-08-19,229142,104223,14225,26558,48481,174211,49880,14148
2003-08-26,243009,117340,17113,25910,47524,184612,52235,15374
2003-09-02,274981,146230,23383,24647,45994,209840,58110,17111
2003-09-09,283325,151530,36438,25111,46865,204805,59819,16971
2003-09-16,283175,144818,39002,26176,52270,200273,59911,17724
2003-09-23,291738,146587,38919,29543,53760,204257,61848,19019
2003-09-30,277922,136571,41383,24867,56237,193254,60247,18418
2003-10-07,255935,110811,30046,25505,66122,182162,53497,18222
2003-10-14,246133,108615,31723,23159,60855,174060,53504,17191
2003-10-21,252897,115942,35078,23405,58549,177380,55001,17034
2003-10-28,261514,126193,35580,21221,55341,183200,58759,21513
2003-11-04,262696,119702,35092,22201,60871,184866,59922,20537
2003-11-11,270895,124456,41878,23951,63501,186704,58987,18362
2003-11-18,285620,136229,43069,21287,60181,194784,67923,26480
2003-11-25,285510,134093,26065,15786,67023,217576,68608,26083
2003-12-02,278759,142642,29787,15813,56851,215807,63453,17352
2003-12-09,276302,140647,33619,16022,53459,206979,66174,19682
2003-12-16,278928,148033,31925,18093,49454,211647,63348,17263
2003-12-22,273517,143783,35511,17145,49352,203489,63237,17372
2003-12-30,278641,146647,34047,18234,48694,208608,65066,17752
2004-01-06,284500,151691,35706,18156,49723,210164,64930,20474
2004-01-13,300273,147745,40513,23929,61098,218408,67501,17423
2004-01-20,277381,125320,40285,22862,68541,196700,60658,17534
2004-01-27,275490,118100,32044,19837,66120,199090,71433,24519
2004-02-03,236512,95128,27564,17789,66869,176314,56726,14845
2004-02-10,237396,95652,35366,17384,62967,169358,61393,15288
2004-02-17,241858,106632,36327,16990,58109,177706,60127,10835
2004-02-24,241721,95788,32730,21656,64021,168520,60256,18815
2004-03-02,237352,83802,39923,18072,70486,160877,64992,18480
2004-03-09,230009,95130,34591,17981,58037,164459,58861,12978
2004-03-16,245495,98116,35637,17293,65943,176447,64143,16118
2004-03-23,281839,144353,41842,17049,49762,204617,70675,18331
2004-03-30,295044,159753,34615,15626,53537,231882,66128,12921
2004-04-06,305661,176285,32032,15485,47013,243320,66878,14824
2004-04-12,305423,174575,35879,15305,48309,239183,67234,15056
2004-04-20,255395,109438,36162,22133,60461,182891,63363,14209
2004-04-27,246504,98229,40425,22376,68224,169845,57675,13858
2004-05-04,246863,91845,37182,28082,72166,161564,54770,20035
2004-05-11,254742,86776,48760,29688,83705,153147,54573,23147
2004-05-18,253647,82288,54775,29866,87190,144769,54303,24237
2004-05-25,252665,76713,54504,30885,88917,138156,56150,29120
2004-06-01,228721,78293,46310,23929,76601,136960,49898,21522
2004-06-08,225921,78878,48547,23600,74331,134807,49112,18967
2004-06-15,223243,80534,51418,23793,70809,127617,48107,20415
2004-06-22,219524,83340,43442,23551,64397,134977,48236,17554
2004-06-29,226773,86673,46506,20648,68603,140786,50849,18833
2004-07-06,226957,82019,50616,21402,73312,136553,50224,18386
2004-07-13,247735,112049,41615,20104,63996,170313,51586,15703
2004-07-20,256572,114160,43702,18114,71997,177908,52301,16848
2004-07-27,232007,78464,45149,23039,70511,137016,59993,26803
2004-08-03,217814,81545,47091,18822,71215,134926,46232,16975
2004-08-10,219062,85056,38949,18243,68536,146879,47227,14991
2004-08-17,227948,91881,38091,18625,68688,155438,48754,15794
2004-08-24,259849,126481,41720,17974,64326,184274,51068,15881
2004-08-31,269575,130720,50223,18863,66831,184906,53161,15583
2004-09-07,256711,111967,49824,17343,72594,171923,54807,17621
2004-09-14,249885,101047,46191,17678,76180,170130,54980,15886
2004-09-21,256086,108228,43901,17203,76546,179508,54109,15474
2004-09-28,266565,124815,42697,16970,69397,191559,55383,15339
2004-10-05,296592,162941,48849,16126,61921,216187,55604,15430
2004-10-12,302197,165529,50392,16282,59577,217073,60809,18450
2004-10-19,305225,172649,51735,16231,60297,219891,56048,17368
2004-10-26,321849,185342,57447,16780,60217,223855,59510,23767
2004-11-02,313532,176069,64632,15394,63188,213245,58881,20261
2004-11-09,342146,187528,69675,22898,69495,231763,62225,17810
2004-11-16,362336,196371,73370,28206,73269,239496,64490,21264
2004-11-23,352638,202921,64289,25983,60802,237632,62932,24734
2004-11-30,345646,201218,72765,17948,66242,234572,60238,20361
2004-12-07,353244,211208,78861,16575,67132,236389,58329,21419
2004-12-14,316029,160002,72208,17282,84079,206877,54666,19662
2004-12-21,319955,162396,72143,18771,84261,210579,54527,18462
2004-12-28,330965,169514,70761,19125,85507,223002,56819,18077
2005-01-04,302298,140471,67228,16838,89301,195043,55688,23189
2005-01-11,275461,109497,72710,19170,94433,164780,52361,18801
2005-01-18,275630,107825,78259,20038,93319,156259,54448,21074
2005-01-25,273430,107378,79033,18722,86831,146415,60499,29260
2005-02-01,253116,102388,74270,15382,87665,145237,47681,18227
2005-02-08,255424,97630,86455,15041,95269,133451,47484,20477
2005-02-15,262589,109421,87714,15731,88032,139509,49405,19635
2005-02-22,267860,119318,80413,17941,77524,151123,53077,18383
2005-03-01,287761,135741,79060,19973,78389,169645,53658,19083
2005-03-08,296335,143930,73453,20514,75163,184237,56728,18131
2005-03-15,335503,178724,67602,21632,78689,226180,56458,20089
2005-03-22,299531,148089,56328,21920,74842,200820,54680,20463
2005-03-29,281601,139491,37970,19722,70361,204216,52027,19693
2005-04-05,272946,143487,37223,17593,66117,201057,45749,17073
2005-04-12,279545,150611,37267,18207,64126,206155,46601,17916
2005-04-19,280432,152815,38423,20037,61372,204959,46208,17013
2005-04-26,302084,173826,36049,19296,57612,226901,51350,19838
2005-05-03,290539,153914,46186,20270,67838,205533,48517,18550
2005-05-10,282478,134719,54341,19727,79372,187921,48660,20489
2005-05-17,274382,124569,68625,20727,81363,161224,47723,23806
2005-05-24,272748,114965,75456,19646,91915,152378,46222,25268
2005-05-31,255995,113002,80037,18579,80741,133737,43673,23642
2005-06-07,252151,111796,72689,21766,71621,138673,46968,19023
2005-06-14,257034,119458,62597,22054,65549,153639,49973,18744
2005-06-21,289771,162238,53728,21105,51923,195985,54505,18953
2005-06-28,303385,175520,45589,24791,49769,215343,53305,17662
2005-07-05,281186,146733,41859,23779,54747,195088,55927,20460
2005-07-12,269891,124585,50863,23532,66138,177046,55636,18450
2005-07-19,270001,116572,62461,23347,75991,160039,54091,24154
2005-07-26,256886,110685,61663,20454,68301,151110,57446,23659
2005-08-02,244488,118941,53372,18462,55334,155141,51751,17513
2005-08-09,287839,168613,50914,19873,48576,199406,50777,17646
2005-08-16,331633,208558,50951,22514,46115,239481,54446,18687
2005-08-23,331804,206898,47211,23456,48371,242245,53079,18892
2005-08-30,291894,158841,49008,23232,58835,198485,50986,21169
2005-09-06,299192,159922,44670,26577,56461,205078,56232,22867
2005-09-13,321200,175285,48487,27202,63202,221991,55511,23520
2005-09-20,363315,219963,61837,29553,58120,245197,55679,26728
2005-09-27,366819,219648,53548,34288,53912,248026,58971,30957
2005-10-04,363529,229464,57966,26620,51172,253896,56273,25047
2005-10-11,370844,234060,56650,28970,49551,262265,58263,22959
2005-10-18,362699,224424,54000,30249,51648,251155,56378,27295
2005-10-25,339388,206809,53457,30260,54314,235105,48005,20566
2005-11-01,334470,180554,49986,30031,69529,229860,54356,24593
2005-11-08,317076,167250,44139,30469,67808,218224,51549,24244
2005-11-15,324719,177421,47735,28940,67453,221732,50905,26312
2005-11-22,350603,201765,38783,33292,56380,236621,59166,41907
2005-11-29,350225,199521,40616,29998,70700,251219,50006,28392
2005-12-06,341011,208466,41053,30240,52222,242514,50083,27204
2005-12-13,337574,189931,33600,32349,56475,237205,58819,34420
2005-12-20,324429,182723,26553,31141,55214,244745,55351,21990
2005-12-27,320115,179324,24802,31308,53560,242794,55923,21211
2006-01-03,325524,180688,29726,34714,51741,239049,58381,22035
2006-01-10,343419,184408,38602,37270,59932,240141,61809,27406
2006-01-17,361704,191650,43171,38494,66156,248147,65404,31892
2006-01-24,356080,188928,46079,39439,63004,238009,64709,32553
2006-01-31,339645,187406,48156,33268,63986,231268,54985,26953
2006-02-07,341727,180971,53622,37576,67909,222347,55271,28182
2006-02-14,338143,167910,48996,44084,71566,220771,54583,24292
2006-02-21,333410,163886,45202,45150,69049,219002,55325,24056
2006-02-28,339859,169963,42593,46246,69177,226038,54473,24982
2006-03-07,338325,167144,46255,46172,71482,221233,53527,24665
2006-03-14,322360,143697,47757,44644,78233,208569,55786,21390
2006-03-21,319618,149946,45682,42567,72080,207882,55025,23487
2006-03-28,334042,163056,42470,43446,66109,215821,61431,32305
2006-04-04,342721,178040,45832,38347,60499,231414,65835,27128
2006-04-11,342632,175000,50668,45969,62155,228104,59508,17891
2006-04-18,353757,177870,47576,54648,58342,230866,62897,20667
2006-04-25,354108,175346,45968,55672,62298,229153,60792,23315
2006-05-02,359539,177709,47421,58171,60931,232651,62728,21296
2006-05-09,351933,175709,41773,54158,61535,232868,60531,23134
2006-05-16,338720,163773,37616,53321,62710,225860,58916,21923
2006-05-23,316143,144247,33149,54996,61059,210062,55841,17936
2006-05-30,314494,133475,31988,49314,78942,218251,52763,14941
2006-06-06,283161,134649,38753,48951,51439,180808,48122,14649
2006-06-13,288981,138766,39479,51884,51699,186100,46632,11518
2006-06-20,288148,131864,41643,52900,58813,181084,44571,12521
2006-06-27,292789,128310,42686,55557,61095,177336,47827,17210
2006-07-03,292500,131186,39266,56358,60102,182269,44854,14607
2006-07-11,312684,142194,40265,61204,64408,196455,44878,14760
2006-07-18,324276,143202,35828,67348,63969,204060,49757,17040
2006-07-25,315635,132268,30713,70067,65461,204950,47839,9905
2006-08-01,304907,132781,30020,62624,59866,198299,49636,13964
2006-08-08,309097,138971,32873,62653,60258,202183,47215,11388
2006-08-15,313327,132019,31475,65293,61402,196531,54613,20028
2006-08-22,306171,128897,32949,66198,64509,192582,46567,14442
2006-08-29,307583,124421,36705,67159,70804,188049,45199,15670
2006-09-05,319998,133991,35657,67421,66731,197996,51855,18924
2006-09-12,310510,121455,37233,68241,76201,186896,44613,18140
2006-09-19,325852,116119,38251,80189,86123,188048,43421,19364
2006-09-26,322937,108117,36873,80462,88639,184004,45719,21598
2006-10-03,330065,107570,38136,86368,88721,180715,47406,24846
2006-10-10,334329,106211,43762,92454,95161,177763,40503,20350
2006-10-17,329875,107993,46734,90464,92428,175566,38990,17111
2006-10-24,331598,104099,48049,92994,93641,174150,40864,16405
2006-10-31,323481,107472,42756,85790,84097,175993,46122,18942
2006-11-07,335036,121406,40240,85217,78904,193360,49509,16219
2006-11-14,356575,126907,38073,90726,87908,211429,51034,16347
2006-11-21,355430,123021,38728,93503,87188,206164,51718,17035
2006-11-28,349517,120078,40212,94351,79380,197104,55708,17850
2006-12-05,330530,122145,38506,83786,70965,191133,53634,17105
2006-12-12,333101,120128,38299,87301,76784,193066,48888,14435
2006-12-19,337096,109682,39789,91050,89467,191199,46897,15058
2006-12-26,340473,110486,42394,92526,89611,192679,47850,12874
2007-01-03,353494,120639,42756,98844,82085,194532,51926,17362
2007-01-09,347491,105157,52289,98403,95765,177439,48166,19360
2007-01-16,344685,109386,46436,94391,94910,187019,45998,16839
2007-01-23,361114,128463,43962,90070,90640,209217,51941,17865
2007-01-30,348035,143964,43619,80465,75716,211327,47890,12624
2007-02-06,360936,151891,43345,82955,75896,222560,50194,12076
2007-02-13,383169,167479,42729,86755,75344,240808,53591,12877
2007-02-20,396115,168838,38905,91205,81923,250073,54149,15932
2007-02-27,415155,182456,40364,98037,82029,265779,52633,10975
2007-03-06,382550,136421,34723,94622,97335,234646,54172,18559
2007-03-13,394090,129078,32736,99750,112843,243759,52419,17845
2007-03-20,359726,125201,31777,85276,96485,226379,52764,16294
2007-03-27,359434,126413,31290,82070,91430,229954,59521,16120
2007-04-03,347817,131858,37913,75698,90718,220216,49543,13990
2007-04-10,369536,150573,37617,76470,87446,240650,55047,14799
2007-04-17,380800,170601,35243,75344,79882,254480,54973,15733
2007-04-24,403388,169703,35861,85916,90211,261984,57558,19627
2007-05-01,396276,163823,33378,85991,92693,258846,53769,18061
2007-05-08,411273,168350,32064,90032,97353,269817,55538,19360
2007-05-15,408936,149772,35874,96272,108784,256077,54108,20713
2007-05-22,416813,141294,45479,103507,117506,241722,54506,26105
2007-05-29,425688,134404,39507,107867,125989,244684,57428,33630
2007-06-05,385046,143052,35435,91821,106068,242464,44105,15326
2007-06-12,412150,125076,49180,111179,133800,231805,42095,19986
2007-06-19,410324,126207,44602,112837,127209,236429,44071,16456
2007-06-26,407640,119068,55991,113183,133598,217182,41791,21284
2007-07-03,375642,109652,43990,106759,115835,207067,43396,17826
2007-07-10,387916,113510,41290,109146,115881,219066,49379,18414
2007-07-17,385595,114788,35069,107076,111437,223945,52294,19505
2007-07-24,401603,154251,31321,102578,91670,253272,53104,14432
2007-07-31,351185,113706,32817,95149,96154,208798,46176,14421
2007-08-07,352908,123391,34020,93393,90267,211513,45857,13982
2007-08-14,347973,118978,24767,94401,88846,214740,45748,14065
2007-08-21,330204,102578,33648,87526,99513,191507,40587,17523
2007-08-28,325767,103844,26633,85943,96677,195541,39303,17650
2007-09-04,339439,126346,29366,83449,83446,207800,46198,18824
2007-09-11,373686,155317,28648,83570,83992,244914,50807,16554
2007-09-18,392748,168140,26490,87493,84176,259440,52939,19325
2007-09-25,440945,201188,27143,93783,88400,296412,57574,23607
2007-10-02,439865,210766,34871,94250,80388,292419,54461,18325
2007-10-09,458936,221749,31053,105279,79580,306601,52328,16003
2007-10-16,483872,238432,36573,111023,77405,316501,57012,19775
2007-10-23,489471,226875,40571,123288,83708,306477,55600,19135
2007-10-30,516163,232622,34016,136909,91655,326788,54977,18450
2007-11-06,556856,241475,39350,157402,96082,336091,61897,24013
2007-11-13,552546,228360,37575,152929,111704,338121,59553,23921
2007-11-20,512430,213234,40844,129792,114599,324224,54805,17570
2007-11-27,520782,206498,31417,122145,132752,338076,59387,29144
2007-12-04,486709,190888,23364,122898,119700,324598,53223,15849
2007-12-11,486198,196529,24755,126580,110559,321302,52530,13561
2007-12-18,495001,197789,27516,131047,111220,320827,54945,15611
2007-12-24,517020,210521,26146,139730,115530,337061,51239,14083
2007-12-31,541854,227112,27674,143527,116141,354553,55074,16100
2008-01-08,558309,238089,32685,140554,119844,366534,59822,18536
2008-01-15,593953,247106,35059,147308,139606,390720,59933,20866
2008-01-22,560173,241183,36108,131814,119585,362612,67591,29639
2008-01-29,522142,237252,31472,98836,121716,366717,64338,25117
2008-02-05,495139,234852,31110,90812,113952,355533,55523,17684
2008-02-12,475749,240806,34210,76587,103713,347313,54643,17639
2008-02-19,489789,251717,39458,75373,104482,357222,58217,17736
2008-02-26,495102,250270,40907,75835,104099,356374,64898,21986
2008-03-04,486992,240597,44817,80661,100312,340421,65422,21093
2008-03-11,482035,239048,42705,77132,102839,346097,63016,16101
2008-03-18,489055,232427,40418,82583,110087,349215,63958,16839
2008-03-25,452193,214651,38909,73087,104994,311119,59461,29078
2008-04-01,399393,190958,29680,65644,94901,287969,47890,16100
2008-04-08,407212,196823,31430,70659,94076,288648,45654,16475
2008-04-15,422699,202910,30933,74683,96173,301285,48933,15798
2008-04-22,424218,201865,34242,75203,101648,301247,45502,13526
2008-04-29,429670,194844,34196,76235,107519,293001,51072,26238
2008-05-06,433741,192719,36752,79371,114554,297282,47097,20336
2008-05-13,439636,197809,44871,74032,121605,299202,46190,21531
2008-05-20,453084,216324,34205,76092,108853,324034,51815,18753
2008-05-27,430961,220954,29442,66181,92239,310524,51587,24814
2008-06-03,398441,200544,30333,59975,92556,294727,45366,13406
2008-06-10,396392,189175,37927,66457,94287,277368,46473,14640
2008-06-17,390471,180637,29447,67609,96068,279508,46157,13907
2008-06-24,401226,190218,36680,64375,95832,282588,50801,17583
2008-07-01,434024,223539,35860,65054,89674,316701,55757,16409
2008-07-08,443202,225045,35443,63001,97573,326233,57583,18525
2008-07-15,483920,240934,38151,66920,112225,358802,63841,20047
2008-07-22,475606,231170,36517,70997,114261,351322,59178,16770
2008-07-29,446013,212285,29966,73497,110651,330322,49580,12228
2008-08-05,408430,192528,28800,64011,98643,297560,53248,18059
2008-08-12,365611,159313,28653,61486,97743,253556,47069,21916
2008-08-19,372968,144104,31738,66195,118611,248765,44058,26270
2008-08-26,380766,147240,41961,64868,127926,249845,40732,24092
2008-09-02,382329,139251,46060,65155,136887,244918,41036,26196
2008-09-09,392592,133946,51291,67853,150444,244428,40349,29020
2008-09-16,393814,147720,57429,71222,135086,238108,39786,27055
2008-09-23,368254,156812,35796,66456,102529,243805,42457,22197
2008-09-30,336598,141026,23240,58897,92860,233698,43815,20763
2008-10-07,329480,137672,26059,59010,90270,221577,42528,22834
2008-10-14,323496,131093,24268,57537,90552,216295,44314,25396
2008-10-21,319472,125951,26749,57677,98664,207457,37180,27589
2008-10-28,313709,117638,39323,56317,108336,193412,31418,24657
2008-11-04,303908,118166,49971,51192,102401,178807,32149,23938
2008-11-11,293831,116351,52392,48738,98118,167614,30624,25087
2008-11-18,289700,111063,46234,46350,95697,166813,36590,30303
2008-11-25,276567,115014,33142,37697,88357,181592,35499,24136
2008-12-02,264796,111592,27223,36173,83482,177770,33549,23630
2008-12-09,261001,111284,28129,32980,83274,178146,33463,21746
2008-12-16,282915,132674,24425,34682,78482,201593,37077,22215
2008-12-22,291022,141246,21458,36928,79850,212647,32998,19989
2008-12-30,300448,146292,20331,37890,78765,221538,37501,20689
2009-01-06,320391,152569,18965,41959,85948,235430,39915,24037
2009-01-13,318185,146167,18549,42736,90615,232178,38667,24722
2009-01-20,331507,146910,22973,43929,99813,238744,40855,25861
2009-01-27,354191,165652,24538,39876,102080,260456,46583,29321
2009-02-03,346288,181020,25714,23394,95920,273509,45954,23671
2009-02-10,350858,188898,25276,22856,94052,282764,45052,19962
2009-02-17,361619,195966,30045,24111,90051,286411,51491,21052
2009-02-24,372697,199830,37965,22275,97256,288192,53336,24265
2009-03-03,365271,189580,30287,24383,99652,288053,51656,22548
2009-03-10,371321,178160,33372,33438,107448,280299,52275,24212
2009-03-17,376237,175190,24795,34677,118398,294082,47972,22683
2009-03-24,387177,178635,26708,31512,128889,310178,48141,18779
2009-03-31,368618,182986,28127,27784,108489,290415,49359,22292
2009-04-07,344929,165377,37565,29755,100993,254216,48804,23393
2009-04-14,336930,165866,35971,30248,92383,245892,48433,24819
2009-04-21,339226,164328,35961,34753,93836,243444,46309,25068
2009-04-28,343037,166821,37721,34109,92061,245480,50046,25727
2009-05-05,341461,171493,41502,33362,81437,241882,55169,24715
2009-05-12,359517,184509,45632,36828,84161,255341,54019,21716
2009-05-19,367931,185932,36348,42250,85018,268083,54731,21250
2009-05-26,396965,209733,32425,43273,82709,290845,61250,30422
2009-06-02,391057,215968,28628,38551,80715,307236,55823,16642
2009-06-09,387181,215785,26111,38448,78765,303812,54183,18810
2009-06-16,371997,202687,27144,37909,80885,288253,50516,18691
2009-06-23,370347,195654,29360,39298,84584,279014,50811,22675
2009-06-30,379199,194005,29819,42395,88241,286059,54558,20926
2009-07-07,372985,190386,26242,41389,93002,284309,48208,21045
2009-07-14,370509,185704,26900,44722,94110,276397,45973,22490
2009-07-21,390939,201269,27967,47429,90227,294453,52014,21090
2009-07-28,386340,199452,26681,47039,91473,293994,48376,18626
2009-08-04,392834,217009,23495,41473,82256,310449,52096,17417
2009-08-11,385002,211989,21903,41984,79855,302760,51174,18355
2009-08-18,373810,203467,25937,41603,81498,286043,47242,20227
2009-08-25,379629,205472,22490,43392,82177,293519,48588,20228
2009-09-01,384703,206799,22298,44086,82154,298862,51664,19457
2009-09-08,451713,251708,27032,48382,84842,355639,66781,20660
2009-09-15,467892,263329,27682,48532,81382,366043,74649,25635
2009-09-22,467145,265925,29176,47013,80338,367948,73869,23008
2009-09-29,454585,252994,21608,49564,84923,360157,67104,23256
2009-10-06,484307,269879,30211,51036,81578,363442,81814,39618
2009-10-13,504187,288214,34259,54262,86071,381997,75640,33669
2009-10-20,509678,286864,36757,61348,86225,383718,75241,27855
2009-10-27,497479,272946,31169,59381,89306,372785,75846,34144
2009-11-03,493991,279524,38205,66381,91788,375640,56298,13765
2009-11-09,530505,280398,42338,73337,98290,381074,78480,33756
2009-11-17,533119,284390,48693,68359,99935,381481,80435,34586
2009-11-24,521253,294780,32449,51230,100243,406347,75000,31227
2009-12-01,521433,297316,38252,48756,96699,404930,78662,29495
2009-12-08,505652,290956,36527,53491,87110,386296,74095,29338
2009-12-15,504368,288482,32374,53412,87400,391191,75074,27391
2009-12-22,499233,273487,35411,59407,92637,378302,73702,26113
2009-12-29,491712,263631,33141,60672,94841,373783,72568,24116
2010-01-05,507643,263008,35241,67958,98195,376746,78482,27698
2010-01-12,523266,271260,41918,75955,100451,382939,75600,22454
2010-01-19,528924,261276,39807,82893,109197,382844,75558,23380
2010-01-26,507565,246223,34299,76151,111492,360110,73699,37005
2010-02-02,480860,246048,35879,68851,103361,347940,62600,28190
2010-02-09,466905,222775,41256,70832,110759,324186,62539,30631
2010-02-16,466509,224715,35857,68959,105334,325212,67501,36481
2010-02-23,466572,233106,32484,67508,97536,335580,68422,31000
2010-03-02,482786,239765,32393,72852,101700,353237,68469,24304
2010-03-09,493909,240868,32674,72523,112952,364739,67566,23973
2010-03-16,496481,239065,38719,80696,109825,352120,66895,24946
2010-03-23,495143,221472,37600,83751,124504,348327,65416,25465
2010-03-30,466678,209874,36108,67642,135472,343163,53690,19765
2010-04-06,497388,242302,38856,69884,126670,371576,58532,17072
2010-04-13,528856,262599,41857,69469,135469,398953,61319,18577
2010-04-20,521338,251244,40593,64759,139961,397357,65374,18629
2010-04-27,538591,263472,37804,62744,145584,411106,66791,26937
2010-05-04,551616,271511,40964,64110,151675,423261,64320,23281
2010-05-11,583504,282375,46550,58622,168306,450950,74201,27382
2010-05-18,579758,281985,50315,56608,170172,449916,70993,22919
2010-05-25,591360,271184,43493,86772,167088,435467,66316,25628
2010-06-01,553950,266569,42023,50917,172487,440110,63977,20900
2010-06-08,564792,270729,43331,50242,175948,449525,67873,21694
2010-06-15,569204,273657,43406,50838,178313,457257,66396,17703
2010-06-22,602411,283920,45286,57889,186762,475678,73840,23558
2010-06-29,601138,279992,35267,62147,192020,481976,66979,21748
2010-07-06,577732,251273,42231,59035,203285,452427,64139,24039
2010-07-13,568078,243867,38946,61448,198305,446653,64458,21031
2010-07-20,559473,227963,49656,63477,208787,424451,59246,21889
2010-07-27,560066,228251,39350,74039,193521,421076,64255,25601
2010-08-03,518643,222704,37189,59542,179968,401997,56429,19915
2010-08-10,523078,224485,33798,64875,174249,405229,59469,19176
2010-08-17,543674,240954,36726,66794,172331,421901,63595,18253
2010-08-24,556464,256244,35053,65276,172529,436829,62415,19306
2010-08-31,577352,272509,34432,67118,171275,455836,66450,19966
2010-09-07,585564,275367,35670,68386,171591,459271,70220,22237
2010-09-14,594058,286237,41976,66120,171449,464388,70252,21574
2010-09-21,597592,286568,42555,66691,173670,465978,70663,22368
2010-09-28,619408,297272,39623,66647,182276,485016,73213,28122
2010-10-05,617204,300571,40951,69982,179071,478569,67580,27702
2010-10-12,616382,304564,48690,67046,177524,477546,67248,23100
2010-10-19,630626,299275,49523,84737,177820,470902,68794,25464
2010-10-26,607582,283153,44067,79892,174257,456692,70280,26931
2010-11-02,618381,282707,52479,82527,184286,460898,68861,22477
2010-11-09,650764,298005,51826,100000,181532,472485,71227,26453
2010-11-16,637435,267157,48678,105592,189737,454645,74949,28520
2010-11-23,622712,261969,40640,91080,191319,455212,78344,35780
2010-11-30,600158,265824,38217,80653,183793,454262,69888,27026
2010-12-07,603632,269504,36753,79139,181151,459824,73838,27916
2010-12-14,594652,259917,39722,77570,184736,452871,72429,24489
2010-12-21,582133,251722,45298,67525,194090,445898,68796,23412
2010-12-28,594490,258145,42357,73193,190440,450210,72712,28730
2011-01-04,592613,250305,47987,68997,193319,447901,79992,27728
2011-01-11,588179,234333,56961,82517,201336,426400,69993,22301
2011-01-18,587832,237404,72411,81307,201589,408060,67532,26054
2011-01-25,506047,232725,72136,25547,181815,379298,65960,29066
2011-02-01,462907,212265,61071,25247,159816,353013,65579,23576
2011-02-08,469779,226799,59706,21916,154774,364685,66290,23472
2011-02-15,473345,230943,58099,21528,153168,371794,67706,21924
2011-02-22,502119,246967,66543,23760,157951,389757,73441,22059
2011-03-01,515784,257754,60501,27992,155830,406426,74208,20865
2011-03-08,515214,253434,62494,32206,152903,400367,76671,20147
2011-03-15,507760,240661,66090,31471,168330,388484,67298,21715
2011-03-22,509131,231512,56675,43600,162616,387415,71403,21441
2011-03-29,492087,242343,49222,22806,158429,399198,68509,20861
2011-04-05,508956,259792,55086,16131,157327,415992,75706,21747
2011-04-12,514871,261335,59590,24447,157498,411186,71591,19648
2011-04-19,537946,274208,59282,30440,157793,424341,75505,23883
2011-04-26,530132,260607,59341,28362,167035,416029,74128,26400
2011-05-03,522323,259440,66784,27637,161934,402036,73312,25866
2011-05-10,510151,240975,64636,21744,178418,399999,69014,23772
2011-05-17,509164,227421,62818,27803,189113,396062,64827,22481
2011-05-24,531180,240461,68067,38165,185259,402496,67295,22452
2011-05-31,501400,247185,55411,15917,170783,411291,67515,18781
2011-06-07,502251,251837,53129,14209,168869,416553,67336,18360
2011-06-14,497780,247713,56018,14270,171824,409253,63973,18239
2011-06-21,515016,262254,59027,16931,167811,419058,68020,20000
2011-06-28,495761,225982,60080,24711,177824,386579,67244,24391
2011-07-05,489782,219889,62114,27693,177118,379120,65082,20855
2011-07-12,520202,262515,64918,20012,167806,412055,69869,23217
2011-07-19,542342,277492,58195,34731,162395,426209,67724,23207
2011-07-26,536454,278473,42856,24264,158260,441233,75457,28101
2011-08-02,529403,291974,44799,15714,155014,442648,66701,26242
2011-08-09,510223,259388,55815,14425,163472,412678,72938,27305
2011-08-16,514107,263954,63868,19081,160562,409409,70510,21749
2011-08-23,528520,258641,70960,24776,175150,405586,69953,27198
2011-08-30,509326,237230,60283,29509,176476,393831,66111,25703
2011-09-06,523294,248457,64086,31105,174101,401815,69631,26288
2011-09-13,512068,235395,66548,28645,183452,393920,64576,22955
2011-09-20,499356,212809,62280,30150,187257,384885,69140,22041
2011-09-27,465414,181723,53922,28003,192457,359140,63231,24349
2011-10-04,436920,180635,47479,22119,180289,345040,53877,22282
2011-10-11,438090,179125,44623,22377,179749,348227,56839,22863
2011-10-18,437739,175224,48246,23258,182341,341494,56916,24741
2011-10-25,443723,182146,52425,23518,175677,343791,62382,23989
2011-11-01,442435,183149,43204,25432,170316,352716,63538,21083
2011-11-08,464982,200186,44479,18558,170248,367183,75990,34762
2011-11-15,470490,205417,46203,26282,170594,374757,68197,23248
2011-11-22,457070,194066,33096,25222,170098,362511,67684,36241
2011-11-29,423176,186031,31238,22953,151929,345474,62263,23511
2011-12-06,422956,192752,33041,23758,142443,343943,64003,22214
2011-12-13,427699,184468,33965,29626,152357,338574,61248,25534
2011-12-20,423465,172973,39037,34102,159783,324337,56607,25989
2011-12-27,418945,167413,36625,31683,162522,326454,57327,24183
2012-01-03,423275,169339,38368,33357,164117,325960,56462,25590
2012-01-10,417923,166262,33502,33354,160949,327523,57358,23544
2012-01-17,432838,167373,31344,34061,172691,345667,58713,21766
2012-01-24,427032,173479,31256,29518,164048,343816,59987,22442
2012-01-31,425133,197478,26119,22607,147555,357417,57493,18990
2012-02-07,436061,207620,30113,23541,143085,364157,61815,18250
2012-02-14,431164,200332,32912,24718,146818,356226,59296,17308
2012-02-21,456676,214343,33382,29906,146004,375306,66423,18082
2012-02-28,479044,231050,37830,32561,145061,390412,70372,18241
2012-03-06,443249,198112,34847,33759,152969,353177,58409,21466
2012-03-13,442319,190477,39571,38457,151435,343123,61950,21168
2012-03-20,431039,175009,43546,31719,166859,332997,57452,22777
2012-03-27,417304,182369,34548,22659,152335,337411,59941,22686
2012-04-03,407761,175592,33827,20401,155751,333215,56017,20318
2012-04-10,403989,170996,34343,27567,148103,319152,57323,22927
2012-04-17,398526,168700,26695,28760,145730,321821,55336,21250
2012-04-24,395389,165003,30009,26739,148994,316231,54653,22410
2012-05-01,411972,169568,29175,31031,153584,331587,57789,20179
2012-05-08,417798,166130,42827,36540,161037,312492,54091,25939
2012-05-15,422091,164051,49909,35429,170616,309533,51995,27220
2012-05-22,435706,169551,54400,40854,172750,308348,52551,32104
2012-05-29,419991,167439,56727,32488,170208,300917,49856,29859
2012-06-05,423941,183962,55098,30144,154597,310719,55238,27980
2012-06-12,412244,181259,48944,30139,147076,305866,53770,27295
2012-06-19,418492,184393,47989,29907,150812,314503,53380,26093
2012-06-26,413618,174589,51970,30452,155729,299889,52848,31307
2012-07-03,425068,187263,50048,28717,154926,321563,54162,24740
2012-07-10,429854,182156,55921,30232,163399,316165,54067,27536
2012-07-17,431317,180474,51515,32493,162570,321389,55780,25920
2012-07-24,420296,166085,53108,33793,166448,302693,53970,30702
2012-07-31,403403,171331,45267,22297,155355,311367,54420,24472
2012-08-07,388254,163082,47582,21030,149011,295429,55131,24213
2012-08-14,388187,161435,47131,25318,147418,291358,54016,24380
2012-08-21,398747,170780,40096,26253,137903,309125,63811,23273
2012-08-28,426559,194680,36189,24517,139050,342674,68312,23179
2012-09-04,444489,204945,34481,28213,139746,359132,71585,22663
2012-09-11,460531,214403,32387,28067,143148,380239,74913,19838
2012-09-18,478609,224988,33873,27931,148802,398435,76888,18370
2012-09-25,489516,233994,30098,32641,144506,406861,78375,19916
2012-10-02,480908,239434,31108,26727,136250,405520,78497,17553
2012-10-09,484359,247401,35452,32187,131714,398702,73057,18018
2012-10-16,462826,232988,38968,28096,129500,376883,72242,18879
2012-10-23,455836,222095,40052,31001,132859,365524,69881,19259
2012-10-30,454742,207532,37310,29351,144346,367110,73513,20971
2012-11-06,447154,196504,36331,36245,144788,352530,69617,22048
2012-11-13,459761,207847,36253,33324,144488,369283,74102,20901
2012-11-20,474129,217433,36618,38921,145098,381162,72677,17428
2012-11-27,479373,228431,28024,30050,141117,399829,79775,21470
2012-12-04,434416,202177,36441,22774,135887,353483,73578,21718
2012-12-11,433586,201955,38256,24220,135772,350652,71639,20458
2012-12-18,435742,202641,44860,26462,137780,339914,68859,24506
2012-12-24,426300,200436,50340,24184,139479,327143,62201,24633
2012-12-31,427991,198660,50141,21653,143210,331869,64468,24328
2013-01-08,441304,193869,51061,34559,152103,330575,60773,25109
2013-01-15,447773,192955,47839,34546,156010,341123,64262,24265
2013-01-22,461369,195795,43898,46176,153048,348998,66350,22297
2013-01-29,430718,181103,54155,26035,159776,326873,63804,23655
2013-02-05,423982,192806,55341,24811,145291,319898,61074,23932
2013-02-12,435088,193941,67106,24521,154573,315226,62053,28235
2013-02-19,447290,195870,92219,30882,158900,290982,61638,33207
2013-02-26,433858,201956,85357,25267,151145,288765,55490,34469
2013-03-05,434586,195248,87661,31003,150453,284251,57882,31671
2013-03-12,445651,201617,87110,35982,149550,291671,58502,30888
2013-03-19,440712,208895,73285,37122,136677,299041,58018,31264
2013-03-26,419727,200389,67943,24431,139588,298061,55319,29292
2013-04-02,417176,202634,82428,25084,137205,279727,52253,29937
2013-04-09,416513,203812,84453,23873,135855,279657,52973,28530
2013-04-16,413083,204677,75795,18067,144522,286451,45817,32770
2013-04-23,415074,197188,92933,21887,156131,260519,39868,39735
2013-04-30,421087,193310,96258,20115,170211,265774,37451,38940
2013-05-07,437931,189343,99920,23851,186671,274390,38066,39770
2013-05-14,443806,186921,103195,25713,190502,274648,40670,40250
2013-05-21,446087,189401,109142,22414,192147,276269,42125,38262
2013-05-28,411001,172565,115686,21758,171995,231216,44683,42341
2013-06-04,373061,170971,109771,18663,147497,209149,35930,35478
2013-06-11,373844,174015,115010,17566,146470,204792,35793,36476
2013-06-18,377106,166771,123079,17807,155303,199418,37225,36802
2013-06-25,390647,164901,130749,21858,164958,200166,38930,37874
2013-07-02,410399,158712,137961,27133,186385,209161,38169,36144
2013-07-09,431574,160214,143657,31041,202617,221658,37702,35218
2013-07-16,440283,156571,133109,23071,222746,247353,37895,36750
2013-07-23,434750,161197,127006,25291,210233,244929,38029,37524
2013-07-30,397035,154519,126153,19841,188832,214606,33843,36435
2013-08-06,396062,153812,102177,18480,187636,241795,36134,33610
2013-08-13,390547,148524,94598,19182,184321,245195,38520,31572
2013-08-20,385410,151348,90952,20004,176610,244275,37448,30179
2013-08-27,384102,150074,71785,18030,175698,263336,40300,30951
2013-09-03,388584,151951,73760,15676,177861,270322,43096,28826
2013-09-10,384164,141506,72782,19183,184972,265196,38503,27003
2013-09-17,384592,138956,80160,18329,188729,254066,38578,32037
2013-09-24,378216,140468,73329,18461,183688,255215,35599,31211
2013-10-01,374151,141541,68494,16891,179659,257787,36060,30979
2013-10-08,370406,140207,57890,17192,176330,266746,36677,28578
2013-10-15,381727,139663,77730,17157,188890,253714,36017,33126
2013-10-22,390369,147835,71170,22618,183393,265541,36523,31040
2013-10-29,387166,153409,53173,21935,174866,281653,36956,30405
2013-11-05,386796,149031,57895,23652,178714,272614,35399,32635
2013-11-12,403840,144062,82710,29266,190317,256102,40195,35762
2013-11-19,397590,140853,92733,28833,190106,241621,37798,34403
2013-11-26,394432,133414,106859,27046,196011,224247,37961,36280
2013-12-03,386436,134546,111855,24091,190092,212391,37707,38099
2013-12-10,377313,133866,107486,22627,183319,212281,37501,34919
2013-12-17,385432,133068,107164,24163,191045,218144,37156,35961
2013-12-24,384974,135390,108051,24226,188511,215029,36847,37668
2013-12-31,379550,137182,104959,22650,182101,215122,37617,36819
2014-01-07,383021,139244,100357,26197,179334,221218,38246,35249
2014-01-14,415426,145857,101844,32702,199650,244905,37217,35975
2014-01-21,410959,146018,99435,28205,200101,246192,36635,37127
2014-01-28,382739,150158,83817,22502,176630,241609,33449,34811
2014-02-04,368279,147754,82815,23424,165354,231136,31747,30904
2014-02-11,376973,156786,85585,22664,162156,234810,35367,33914
2014-02-18,390535,164478,79847,27630,159449,251200,38978,31858
2014-02-25,387503,169870,60406,21879,155969,272632,39785,32586
2014-03-04,393266,171404,56238,26853,157838,278987,37171,31188
2014-03-11,415340,170482,51592,40601,163920,289287,40337,33860
2014-03-18,420626,183324,46510,32699,164293,310227,40310,31190
2014-03-25,398264,169083,51766,30361,159979,287600,38841,28537
2014-04-01,363451,158152,58007,21496,143575,257604,40228,26344
2014-04-08,365400,149693,61094,24181,151954,253697,39572,26428
2014-04-15,369577,147432,68140,25898,157917,245522,38330,30017
2014-04-22,372593,146880,65047,24052,162799,253325,38862,30169
2014-04-29,378092,147769,62542,28235,162815,259986,39273,27329
2014-05-06,404700,160982,63026,35948,167794,278265,39976,27461
2014-05-13,397029,157176,65542,33867,164941,267262,41045,30358
2014-05-20,399371,157398,60907,38192,164289,270299,39492,29973
2014-05-27,397695,155615,82224,35612,162078,240716,44390,39143
2014-06-03,382141,157332,98181,28406,159545,222989,36858,32565
2014-06-10,378689,159567,98440,26148,156553,219703,36421,34398
2014-06-17,379843,162052,83757,26131,157023,235348,34637,34607
2014-06-24,392388,183433,62574,24959,142864,274471,41132,30384
2014-07-01,401813,201287,55262,21991,135444,295899,43091,28661
2014-07-08,410992,203464,53443,27240,135998,302001,44290,28308
2014-07-15,408368,199950,57492,28562,138542,295448,41314,26866
2014-07-22,405617,197835,51689,31486,134809,295000,41487,27442
2014-07-29,374467,188980,49827,21619,126297,275229,37571,27792
2014-08-05,360342,176386,54923,22884,123492,255134,37580,27401
2014-08-12,368114,191325,43644,21718,113862,274549,41209,28203
2014-08-19,366401,183846,45870,20400,122377,270039,39778,30092
2014-08-26,363608,172022,58853,23465,127433,250981,40688,30309
2014-09-02,371515,172522,75643,24631,134701,238408,39661,32833
2014-09-09,384341,177555,82414,26286,141921,239876,38579,35765
2014-09-16,386080,170749,98562,29320,145480,221723,40531,36475
2014-09-23,385788,170382,106498,30538,148615,212934,36253,35818
2014-09-30,379874,171075,106205,27803,145396,206125,35600,39741
2014-10-07,380087,174075,107628,27007,143466,206873,35539,38579
2014-10-14,397855,193580,108165,30035,140637,219460,33603,40195
2014-10-21,411057,207129,99145,30768,139429,244327,33731,36817
2014-10-28,414410,195885,95146,39781,146345,245209,32399,34274
2014-11-04,417377,176899,113674,44595,161667,216974,34216,42134
2014-11-11,443422,177268,121225,46591,184326,234350,35237,41256
2014-11-18,459657,187955,106533,44726,193668,264665,33308,43733
2014-11-25,388145,167394,91187,31561,156334,224819,32856,40578
2014-12-02,368121,170635,81305,27571,135777,225185,34138,34060
2014-12-09,375323,186861,71999,25322,125091,241692,38049,36310
2014-12-16,371743,182147,63739,23796,132868,247959,32932,36249
2014-12-23,375212,180980,70070,28208,134796,240021,31228,36913
2014-12-30,373982,182897,67060,30659,125818,238952,34608,37311
2015-01-06,394021,187705,65527,40899,130427,253099,34990,34496
2015-01-13,402108,192959,62733,40729,129436,267112,38984,31534
2015-01-20,430128,223257,60802,42480,120946,298756,43445,28090
2015-01-27,438279,238407,49482,38815,117326,323486,43731,26496
2015-02-03,419524,229006,43991,28674,117174,320447,44670,26412
2015-02-10,393232,199036,43762,31396,120702,291293,42098,26781
2015-02-17,389530,188121,56387,34865,125433,269068,41111,29210
2015-02-24,399307,184416,58245,41717,133432,269126,39742,30219
2015-03-03,405124,180561,64741,44158,140080,263467,40325,32758
2015-03-10,410918,171821,89929,43257,154578,243920,41262,33812
2015-03-17,429738,162268,109175,46560,180464,236954,40446,37049
2015-03-24,433767,168234,113953,52190,178058,230983,35285,36641
2015-03-31,387585,172818,92799,37572,144197,225312,32998,31902
2015-04-07,390571,183130,82373,39159,133199,241488,35083,27551
2015-04-14,395089,184741,86344,44957,130960,234553,34431,29235
2015-04-21,397379,184567,83322,50963,126107,231113,35742,31981
2015-04-28,403575,189929,88672,52390,125733,232605,35523,29908
2015-05-05,399988,173105,100665,56074,138096,212258,32713,30991
2015-05-12,405612,179257,101817,49451,144829,222331,32075,32013
2015-05-19,428597,202190,79569,46685,140751,273085,38971,29258
2015-05-26,411961,191951,87257,38409,144540,254260,37061,32035
2015-06-02,398724,194299,89889,32798,138423,246573,33204,29464
2015-06-09,406069,186813,111723,33742,150277,228866,35237,31738
2015-06-16,415718,191053,115330,37042,153712,230349,33911,32997
2015-06-23,430978,202944,107830,41267,150444,251332,36323,30549
2015-06-30,442301,194476,127321,46169,163797,238566,37859,30245
2015-07-07,452145,193776,143328,48006,172552,225141,37811,35670
2015-07-14,462664,191014,143190,51510,183945,232414,36195,35550
2015-07-21,459760,187720,159441,46943,189676,211260,35421,42116
2015-07-28,438282,182977,158512,44365,176720,191986,34220,43419
2015-08-04,434273,184792,154892,46290,170826,185646,32365,47445
2015-08-11,435489,187778,155336,46362,166020,190478,35329,43313
2015-08-18,432728,185712,144053,48716,166062,196010,32238,43949
2015-08-25,432154,189893,119160,53016,156659,219295,32586,40683
2015-09-01,410274,182753,110068,47590,146865,215953,33066,36663
2015-09-08,421732,183615,124322,48883,155620,211599,33614,36928
2015-09-15,413333,174225,134678,51513,154988,187967,32607,39175
2015-09-22,419304,182080,120955,56151,149092,206320,31981,35878
2015-09-29,415700,182792,106147,50513,149535,222678,32860,36362
2015-10-06,430228,191000,104181,57295,148424,236893,33509,31859
2015-10-13,435928,203299,86140,53042,144242,262736,35345,34010
2015-10-20,467792,233227,81926,57126,134966,298266,42473,30474
2015-10-27,466780,225985,68551,62506,138770,304618,39519,31105
2015-11-03,443900,194784,78442,63397,146369,271357,39350,30704
2015-11-10,436426,174561,106172,65660,155946,227840,40259,36754
2015-11-17,435376,173395,138996,52408,170494,198967,39079,45005
2015-11-24,397705,159440,143138,43199,155709,167692,39357,43676
2015-12-01,390940,158792,149042,40887,155554,158465,35707,42546
2015-12-08,394128,162764,143141,46025,149617,163614,35722,41348
2015-12-15,390944,155934,142278,48714,151012,159278,35284,40674
2015-12-22,405294,154276,127849,64301,151272,173523,35445,39621
2015-12-29,401880,150229,131127,67961,147179,162514,36511,40278
2016-01-05,413688,153532,126972,78561,147674,166949,33921,41206
2016-01-12,397565,158655,113937,58837,142221,185806,37852,38985
2016-01-19,408835,158320,114626,76043,140723,180866,33749,37300
2016-01-26,385350,170471,111431,60993,115343,175176,38543,37750
2016-02-02,379185,176968,104146,46169,116469,193824,39579,35046
2016-02-09,410833,201754,103326,45747,121357,226280,41975,35480
2016-02-16,428912,209101,91741,46240,127800,259784,45771,31147
2016-02-23,445290,227381,82403,47607,120854,284003,49448,31277
2016-03-01,450555,223186,70773,60650,115571,287002,51148,32130
2016-03-08,499110,252895,78085,76202,116493,311865,53520,32958
2016-03-15,493086,247659,78147,77007,118610,304141,49810,33791
2016-03-22,510579,258646,79815,73290,127081,327075,51562,30399
2016-03-29,480461,262082,72276,45729,123227,331191,49423,31265
2016-04-05,474094,263781,73381,44650,118103,325348,47560,30715
2016-04-12,504523,286341,72534,46969,122181,353968,49032,31052
2016-04-19,503331,291143,74306,44240,117743,357864,50205,26921
2016-04-26,497884,288173,67316,46236,116445,356553,47030,27779
2016-05-03,565774,338476,66828,59431,116644,411545,51223,27970
2016-05-10,579777,337251,72353,67605,123211,408207,51710,31612
2016-05-17,595077,340748,74460,79137,122477,412720,52715,28760
2016-05-24,542958,291266,84634,52773,146205,371418,52714,34133
2016-05-31,494321,274589,77454,38761,133624,347662,47347,30444
2016-06-07,496330,295688,67069,41132,112940,356632,46570,31497
2016-06-14,545357,347557,67695,38925,113281,411358,45594,27379
2016-06-21,571517,358825,66096,45399,119782,431919,47511,28103
2016-06-28,613792,373128,71208,64364,127169,453490,49131,24730
2016-07-05,652971,389590,73627,88857,123735,463942,50789,26545
2016-07-12,633020,378081,80618,79128,123258,448710,52553,24564
2016-07-19,617069,366871,80960,75151,119433,434910,55614,26048
2016-07-26,576325,347426,68471,55650,117420,426443,55829,25761
2016-08-02,582211,365801,71618,48048,113911,437938,54451,24607
2016-08-09,575399,356471,70024,50020,116251,429192,52657,26163
2016-08-16,572496,351535,67684,52308,116128,427121,52525,25383
2016-08-23,572973,359785,65176,52821,108571,426046,51796,28930
2016-08-30,558398,340586,64245,54292,109854,411067,53666,28794
2016-09-06,590656,370375,62515,55872,110470,440443,53939,31826
2016-09-13,575002,351776,66363,52492,116841,428212,53893,27935
2016-09-20,558791,326326,70147,50995,120314,410929,61156,26720
2016-09-27,583161,358972,67068,47925,123156,437750,53108,30418
2016-10-04,544824,324136,78628,53866,111864,383106,54958,29224
2016-10-11,500328,283386,88167,50883,112362,333561,53697,27717
2016-10-18,497061,274345,94727,56255,115441,318112,51020,27967
2016-10-25,507617,285376,88396,57916,114700,332299,49625,29006
2016-11-01,521506,288308,73177,65953,115398,354649,51847,27727
2016-11-08,528203,289860,72622,72413,114915,360501,51015,22667
2016-11-15,479237,245750,68090,69056,115191,315157,49240,26934
2016-11-22,461062,241646,74561,68746,97975,290147,52695,27608
2016-11-29,405661,229731,78161,37735,92628,260451,45567,29314
2016-12-06,393524,227675,91295,33973,86237,241181,45639,27075
2016-12-13,397034,229755,100444,35044,86143,236029,46092,25517
2016-12-20,398661,219067,104233,44342,87960,221982,47292,28104
2016-12-27,401513,206538,108195,55836,89975,210942,49164,26540
2017-01-03,424673,208855,112305,71021,97410,215022,47387,26325
2017-01-10,444001,214000,104518,89161,96763,222579,44077,27743
2017-01-17,467937,218144,111103,104399,101399,224510,43995,27925
2017-01-24,482374,209854,100447,119798,109000,235374,43722,26755
2017-01-31,398433,212414,93259,45008,101784,233587,39227,26579
2017-02-07,415543,216408,99259,51747,106024,240170,41364,24367
2017-02-14,415128,212259,102507,57432,105674,233462,39763,21727
2017-02-21,427168,219673,95910,63290,103861,243425,40344,24543
2017-02-28,446081,247494,83696,54410,100180,280087,43997,27888
2017-03-07,434401,229969,96284,61157,99484,252132,43791,24828
2017-03-14,426170,210315,104277,69088,102535,225822,44232,26983
2017-03-21,446880,219719,103467,82582,101282,230279,43297,30552
2017-03-28,449418,227839,90019,74805,104760,256874,42014,27720
2017-04-04,427808,239061,83625,49043,96115,267131,43589,28009
2017-04-11,456131,253004,80338,57490,98119,285483,47518,32820
2017-04-18,472263,279311,83543,48361,97769,308833,46822,31526
2017-04-25,475985,287468,86791,43513,100335,314915,44669,30766
2017-05-02,461905,276032,86398,42037,99054,303040,44782,30430
2017-05-09,433033,236115,86109,46859,104960,269382,45099,30683
2017-05-16,435021,221532,94808,54659,113719,256578,45111,28976
2017-05-23,462572,241752,81985,63428,112114,286405,45278,30754
2017-05-30,434246,250542,83452,35549,103751,286970,44404,28275
2017-06-06,494041,312240,107775,29475,108298,324652,44028,32139
2017-06-13,471134,297178,106904,28577,105193,308804,40186,26849
2017-06-20,445841,252620,101945,39733,110287,275303,43201,28860
2017-06-27,453144,236586,104914,51658,117497,267360,47403,29212
2017-07-03,457201,221681,127882,56968,131190,238416,47362,33935
2017-07-11,475669,217637,157377,64759,147818,221734,45455,31799
2017-07-18,484204,217232,157094,69714,153064,226699,44194,30697
2017-07-25,463827,220299,129468,51215,148926,252269,43387,30875
2017-08-01,448709,239766,110094,39997,126891,270276,42055,28342
2017-08-08,448727,246377,97540,36408,125168,284679,40774,30100
2017-08-15,477921,277730,89996,37693,122138,318769,40360,31463
2017-08-22,500443,295711,87273,37626,125036,344954,42070,30590
2017-08-29,538875,318883,87836,53981,119030,367059,46981,29999
2017-09-05,566817,336073,90775,54858,125145,386952,50741,34232
2017-09-12,580606,351492,96732,57172,123298,395396,48644,31306
2017-09-19,570096,330646,94557,63976,129222,382263,46252,29300
2017-09-26,549637,303255,90661,63295,134501,367972,48586,27709
2017-10-03,525127,287296,83441,64511,126749,351172,46571,26003
2017-10-10,520005,279227,79115,68514,124178,347175,48086,25201
2017-10-17,528800,284617,83893,70277,126678,348302,47228,26328
2017-10-24,526674,275521,84136,80570,125468,336121,45115,25847
2017-10-31,531918,268710,75615,89354,128371,339019,45483,27930
2017-11-07,536843,272571,76781,94638,123149,338436,46485,26988
2017-11-14,533054,271496,76412,91605,122703,338494,47250,26543
2017-11-21,531612,272934,71107,84095,124856,349912,49727,26498
2017-11-28,503810,287384,62967,52355,116831,363372,47240,25116
2017-12-05,472795,251234,77905,44905,132509,322399,44147,27586
2017-12-12,446618,201912,94844,45407,155730,275193,43569,31174
2017-12-19,453595,197473,83678,56410,156226,284443,43486,29064
2017-12-26,456470,202590,66642,57643,155469,304938,40768,27247
2018-01-02,500731,241428,78160,60048,155104,332704,44151,29819
2018-01-09,555455,289161,85873,69270,150099,370370,46925,29942
2018-01-16,582333,301863,90152,73170,158202,390709,49098,28302
2018-01-23,582421,305812,91128,64523,161458,396010,50628,30760
2018-01-30,559332,298327,91065,57648,154690,379766,48667,30853
2018-02-06,535321,273828,82951,60557,158650,364101,42286,27712
2018-02-13,511745,251860,76254,64242,150847,345383,44796,25866
2018-02-20,528154,257205,66283,67636,154913,369791,48400,24444
2018-02-27,532860,251981,73263,72017,161527,361323,47335,26257
2018-03-06,508100,245587,61764,62811,153421,358324,46281,25201
2018-03-13,526762,234431,66483,82713,161604,350414,48014,27152
2018-03-20,545499,223882,75151,102004,173307,340577,46306,27767
2018-03-27,529690,259032,55678,63396,157443,383803,49819,26813
2018-04-03,493141,234677,68088,52011,162608,351473,43845,21569
2018-04-10,499588,234457,79085,52761,166796,342448,45574,25294
2018-04-17,510229,237288,74219,52500,173535,358797,46906,24713
2018-04-24,506410,225804,89158,54354,175715,337515,50537,25383
2018-05-01,507756,209577,102798,66156,179735,311607,52288,27195
2018-05-08,491398,198548,91108,57613,181586,316570,53651,26107
2018-05-15,519958,201468,109025,65319,195925,314014,57246,31600
2018-05-22,502942,189677,98720,55606,203101,318676,54558,29940
2018-05-29,469382,193652,78522,52942,171361,308050,51427,29868
2018-06-05,450641,185321,73905,50712,164024,298371,50584,27653
2018-06-12,448695,192752,72512,48368,159416,300003,48159,27812
2018-06-19,468345,202915,106403,56882,161475,275599,47073,29461
2018-06-26,468573,195118,118446,51434,171601,266564,50420,32129
2018-07-03,494164,210483,132156,59665,172917,266067,51099,36276
2018-07-10,503593,214310,132876,70367,165561,265955,53355,34395
2018-07-17,528278,218427,160586,77094,181266,254901,51491,35697
2018-07-24,496620,220620,172023,58618,162640,228308,54742,37671
2018-07-31,452655,209255,173918,48128,145254,193172,50018,37437
2018-08-07,459474,208292,195604,48577,154203,179812,48402,35481
2018-08-14,476739,211779,215467,54392,164195,171545,46373,35335
2018-08-21,483730,213500,222210,58806,166529,168214,44895,34500
2018-08-28,479283,207370,210433,60824,165581,173843,45508,34183
2018-09-04,473118,199762,213259,55455,168732,162207,49169,42197
2018-09-11,469450,198367,205957,54025,169192,169179,47866,40289
2018-09-18,469436,197797,208641,56478,171293,169602,43868,34715
2018-09-25,460279,192940,210588,51897,167904,160824,47538,36970
2018-10-02,459776,192490,214312,48629,169371,160496,49286,36339
2018-10-09,465253,179746,217921,63757,174309,148443,47441,35132
2018-10-16,474418,189200,171533,71278,166143,198139,47797,33468
2018-10-23,477832,192578,163190,73950,163414,209934,47890,30758
2018-10-30,474941,168754,155560,91460,165857,197062,48870,30859
2018-11-06,494911,169141,150115,103258,173897,212033,48615,29505
2018-11-13,539520,168416,177663,122818,201354,203177,46932,35862
2018-11-20,525940,165506,156610,115384,201259,224399,43791,29547
2018-11-27,442801,156779,154908,65544,172358,188458,48120,33891
2018-12-04,399919,173019,124018,52329,135067,193316,39504,30256
2018-12-11,402250,169600,109101,53101,134285,211653,45264,28395
2018-12-18,412485,182168,106208,53411,132148,224823,44758,28043
2018-12-24,442727,208622,97637,60149,130090,258309,43866,26632
2018-12-31,451360,210141,86369,64227,130285,274899,46707,25865
2019-01-08,455232,199560,100344,69559,137605,258792,48508,26537
2019-01-15,501605,201796,113883,71416,179059,287172,49334,29134
2019-01-22,513509,186510,112006,80981,197278,289355,48740,31167
2019-01-29,483390,212318,112725,58008,163922,282531,49142,30126
2019-02-05,479736,218200,109105,53593,157588,288830,50355,28208
2019-02-12,476083,214170,109296,53388,159676,285787,48849,27612
2019-02-19,504639,254086,108439,53521,146161,312638,50871,30041
2019-02-26,501268,236835,101139,65402,146042,305887,52989,28840
2019-03-05,471311,202628,114610,59730,155732,269729,53221,27242
2019-03-12,530030,205250,126431,75211,192029,300503,57540,27885
2019-03-19,514163,204325,115929,68691,186704,302363,54443,27180
2019-03-26,509575,214897,94959,69207,161201,312635,64270,32774
2019-04-02,440170,193784,99228,56826,139514,257744,50046,26372
2019-04-09,447539,199507,94143,61105,132478,265287,54449,27004
2019-04-16,440581,183213,126940,58444,145702,224132,53222,31065
2019-04-23,440048,176691,139296,59299,154403,211799,49655,29654
2019-04-30,430011,177275,111056,56305,147288,235600,49143,27050
2019-05-07,450039,185801,110390,73060,142078,238437,49100,28152
2019-05-14,517995,226361,101825,78759,159444,296627,53431,40784
2019-05-21,508643,203628,114823,83533,167827,275765,53655,34522
2019-05-28,505126,194463,107775,62206,191290,301244,57167,33901
2019-06-04,481495,240477,84362,56898,132517,305093,51603,35142
2019-06-11,496663,250114,65876,59835,137719,339746,48995,31206
2019-06-18,525636,274633,70310,56655,141993,365848,52355,32823
2019-06-25,577605,298108,61554,59841,160228,420378,59428,35832
2019-07-02,605949,312702,53756,71633,160282,447104,61332,33456
2019-07-09,598977,306105,61342,62529,163955,442371,66388,32735
2019-07-16,601900,309535,64034,48434,175785,453193,68146,36239
2019-07-23,616859,311881,60631,56198,175785,463624,72995,36406
2019-07-30,563298,312214,57826,45699,141164,429131,64221,30642
2019-08-06,600317,350558,58013,49905,137010,461335,62844,31064
2019-08-13,593962,346223,56133,47458,136823,460550,63458,29821
2019-08-20,594807,352294,52301,45250,133408,469658,63855,27598
2019-08-27,636183,362609,65771,54297,148866,482672,70411,33443
2019-09-03,634358,365385,64838,55608,147717,485458,65648,28454
2019-09-10,614753,334114,64389,61037,156061,461672,63541,27655
2019-09-17,630990,341511,58912,65382,163008,481407,61089,25289
2019-09-24,658944,370393,57949,61489,163585,508730,63477,30776
2019-10-01,604885,322800,53807,58499,163050,466738,60536,25841
2019-10-08,616957,334383,58820,53301,167755,478697,61518,26139
2019-10-15,607387,319370,66343,57254,167700,455975,63063,27815
2019-10-22,625528,322917,63785,67189,171329,466686,64093,27868
2019-10-29,643442,335423,58908,65405,176997,478213,65617,40916
2019-11-05,690181,344591,64763,98524,181688,498826,65378,28068
2019-11-12,708463,323189,56123,107486,210067,511535,67721,33319
2019-11-19,719211,337296,51437,109736,206626,525721,65553,32317
2019-11-26,669268,325286,53652,93522,191548,497015,58912,25079
2019-12-03,701016,346525,55820,93891,203920,526707,56680,24598
2019-12-10,690003,329169,58249,101409,203374,505657,56051,24688
2019-12-17,716987,344493,58218,114165,202432,521051,55897,23553
2019-12-24,748737,364310,58658,122022,203204,543600,59201,24457
2019-12-31,786166,381620,53695,140611,202925,569416,61010,22444
2020-01-07,785857,383480,61189,139363,202452,558533,60562,26772
2020-01-14,796883,376809,57574,137119,221358,571177,61597,31013
2020-01-21,793829,374793,57098,141474,212445,564348,65117,30909
2020-01-28,715539,376401,46309,86056,192300,553114,60782,30060
2020-02-04,654572,355909,56103,61212,176786,508473,60665,28784
2020-02-11,658024,356535,48561,59263,181629,519420,60597,30780
2020-02-18,715317,408349,54700,66606,175519,561131,64843,32880
2020-02-25,732917,389339,53474,90728,176619,552240,76231,36475
2020-03-03,691985,366173,46440,85359,178134,529145,62319,31041
2020-03-10,633470,336290,36759,54064,182948,511252,60168,31395
2020-03-17,573925,317405,35489,50438,154761,456470,51321,31528
2020-03-24,547334,317928,29562,43879,135711,447534,49816,26359
2020-03-31,495652,287529,28680,32344,128083,412042,47696,22586
2020-04-07,480050,279880,30938,29821,118885,394496,51464,24795
2020-04-14,489965,286617,34116,33338,116839,397247,53171,25264
2020-04-21,493158,282263,32692,40929,116808,396881,53158,22656
2020-04-28,500816,287382,24653,44448,114902,408531,54084,23184
2020-05-05,490343,275571,25567,40010,120045,401681,54717,23085
2020-05-12,496739,277771,34943,35158,126023,404556,57787,22082
2020-05-19,528205,295394,43606,39245,133715,423889,59851,21465
2020-05-26,519374,288148,50234,39951,131977,406299,59298,22890
2020-06-02,475745,272196,53162,37007,108654,365277,57888,20299
2020-06-09,475661,263972,55359,46644,110115,353572,54930,20086
2020-06-16,489563,277395,53047,46087,110922,368942,55159,21487
2020-06-23,532101,308459,56502,47555,114410,401702,61677,26342
2020-06-30,561628,328942,62272,53868,116697,418160,62121,27328
2020-07-07,572776,337030,69672,54030,118424,421016,63292,28058
2020-07-14,580175,330205,67777,59596,125909,427927,64465,24875
2020-07-21,603138,334237,67801,71987,129690,433549,67224,29801
2020-07-28,598629,312588,75787,80837,139803,418180,65401,23825
2020-08-04,561837,321847,83101,53454,119109,395454,67427,29828
2020-08-11,553345,306867,82814,55281,123125,391456,68072,23794
2020-08-18,544010,302369,78851,51177,123511,391282,66953,22700
2020-08-25,549282,301559,80521,53072,128266,394711,66385,20978
2020-09-01,547704,306118,75322,50981,121254,398660,69351,22741
2020-09-08,557457,313173,76700,54949,122050,403090,67285,22718
2020-09-15,578925,324512,83535,59586,126290,411476,68537,24328
2020-09-22,575877,309015,89955,59292,137900,404308,69670,22322
2020-09-29,562396,316106,72447,48077,133657,419835,64556,22037
2020-10-06,555555,320922,72335,43710,124401,412869,66522,26641
2020-10-13,553197,326986,86315,42010,116429,401084,67772,23788
2020-10-20,562993,340206,90602,39875,116918,411042,65994,21474
2020-10-27,560900,326063,77429,49849,114210,410672,70778,22950
2020-11-03,544774,321798,78889,47471,108679,398017,66826,20397
2020-11-10,547449,318516,78780,53544,111142,394565,64247,20560
2020-11-17,557533,329698,78428,56853,106681,401253,64301,20999
2020-11-24,555253,320324,76422,60914,108625,393454,65390,24463
2020-12-01,538042,324344,64030,48151,110108,403371,55439,22490
2020-12-08,549520,338271,69051,51481,104016,404739,55752,24249
2020-12-15,550366,340610,69026,50941,101736,408078,57079,22321
2020-12-21,560769,349870,71674,52816,99303,414402,58780,21877
2020-12-29,556414,341812,72940,54593,101283,408537,58726,20344
2021-01-05,568888,349946,70628,59807,97405,418328,61730,20125
2021-01-12,555538,313217,66990,73535,105980,396281,62806,18732
2021-01-19,541330,307507,60869,73648,99444,386911,60731,19902
2021-01-26,534574,313532,55986,65184,94890,393838,60968,19566
2021-02-02,520011,314352,57226,56076,90132,388089,59451,18620
2021-02-09,506741,309326,57919,51574,87800,379995,58041,17253
2021-02-16,503016,303583,68614,49141,91152,366230,59140,19031
2021-02-23,481125,284081,68348,49235,92086,343815,55723,19727
2021-03-02,467008,265533,75895,53221,94844,317047,53410,20845
2021-03-09,473871,254839,79676,59860,104656,312536,54516,21799
2021-03-16,476467,256237,76041,54258,115396,324871,50576,21297
2021-03-23,485457,262774,88707,55845,116781,318584,50057,22321
2021-03-30,467321,263453,95925,42816,112072,305798,48980,22782
2021-04-06,463353,275703,86194,43153,98196,312995,46301,21011
2021-04-13,460733,269513,88639,42820,100227,309015,48173,20259
2021-04-20,471738,275985,94487,44475,100905,314098,50373,18678
2021-04-27,473305,270717,100098,44657,103732,310909,54199,17641
2021-05-04,470341,270194,99453,45060,103961,305884,51126,19944
2021-05-11,498693,282161,89906,50381,111751,338835,54400,19571
2021-05-18,520410,290267,91378,53158,121839,354740,55146,21134
2021-05-25,510164,288266,73624,51363,111024,361893,59511,23284
2021-06-01,489198,288826,75125,44080,102986,351161,53306,18832
2021-06-08,491858,288781,79394,45752,103496,348302,53829,18410
2021-06-15,480127,273947,81911,43537,106323,337549,56320,17130
2021-06-22,453940,253153,86939,41805,105830,308212,53152,16984
2021-06-29,453360,254206,91980,40708,107398,302518,51048,18154
2021-07-06,465811,270545,87724,37663,107675,322401,49928,18023
2021-07-13,495798,275543,84707,57737,112439,333467,50079,19887
2021-07-20,490520,277312,81340,40467,123541,352089,49200,16624
2021-07-27,500187,273688,74300,61921,116498,345312,48080,18654
2021-08-03,485663,273143,76808,39580,121349,352633,51591,16642
2021-08-10,477232,277260,108854,27767,124720,320361,47485,20250
2021-08-17,485485,284437,92895,33432,123301,337301,44315,21857
2021-08-24,504735,299084,88431,38033,123101,357779,44517,20492
2021-08-31,507113,311004,94454,32699,119896,360408,43514,19552
2021-09-07,506772,306017,99978,31635,119906,355714,49214,19445
2021-09-14,506356,306988,99228,33119,119152,353403,47097,20606
2021-09-21,492765,296670,109023,31152,119307,331951,45636,20639
2021-09-28,490858,293814,125415,28150,124073,314224,44821,23069
2021-10-05,483789,295939,113357,29604,114229,317931,44017,22897
2021-10-12,484382,298503,112964,31363,110697,318311,43819,21744
2021-10-19,485974,299882,106533,32770,107128,326318,46194,20353
2021-10-26,509794,313646,99086,45018,103423,343077,47707,22613
2021-11-02,507616,311091,95962,49897,100692,340569,45936,21188
2021-11-09,571025,341111,90930,74623,105197,380686,50094,24786
2021-11-16,612612,360529,100749,74271,125758,413297,52054,24295
2021-11-23,559823,326409,91998,57007,121027,388861,55380,21957
2021-11-30,531868,310253,84393,50396,119562,378165,51657,18914
2021-12-07,499307,300518,83333,47489,103942,349565,47358,18920
2021-12-14,503709,298142,95741,49449,107421,338832,48697,19687
2021-12-21,500846,296628,90817,49970,104997,341026,49251,19033
2021-12-28,508912,303879,90723,50740,103172,348836,51121,18613
2022-01-04,502717,296583,85228,56476,104258,341716,45400,19297
2022-01-11,546516,290102,90365,91799,116292,341365,48323,22987
2022-01-18,539204,290528,96321,68934,132764,353832,46978,20117
2022-01-25,572078,313415,93264,77786,130208,379954,50669,21074
2022-02-01,515331,275994,103852,64885,127633,328975,46819,17619
2022-02-08,512842,279559,92853,62086,126328,337762,44869,20141
2022-02-15,558645,313269,99656,71850,126837,365712,46689,21427
2022-02-22,611488,350096,106948,82620,129682,399404,49090,22516
2022-03-01,615600,354177,96555,83926,127231,413040,50266,22079
2022-03-08,638502,364618,90230,78523,139397,446343,55964,23406
2022-03-15,617605,346731,84943,65499,151045,448486,54330,18677
2022-03-22,605191,328660,80628,68051,155039,436634,53441,19878
2022-03-29,574521,327632,70036,64817,133050,418987,49022,20681
2022-04-05,560666,324570,79029,59812,124506,403264,51778,18561
2022-04-12,577639,338164,83877,58584,125627,413720,55264,21458
2022-04-19,575202,330745,90988,60268,129157,404682,55032,19264
2022-04-26,557785,310511,92487,68790,127546,376840,50938,19668
2022-05-03,560441,293439,94271,84937,130795,362647,51270,18586
2022-05-10,571447,288947,95632,98151,132251,360007,52098,17657
2022-05-17,555756,283011,107651,84470,137687,344566,50588,19069
2022-05-24,530098,282202,98389,70121,130364,342311,47411,19277
2022-05-31,513722,269459,96870,62264,135360,335416,46639,19172
2022-06-07,494130,270356,95088,62719,116965,316851,44090,19472
2022-06-14,497456,266596,111998,63208,121926,300495,45726,21755
2022-06-21,500276,268119,104832,67732,120045,306974,44380,20738
2022-06-28,497005,268712,111019,66432,117038,299045,44823,20509
2022-07-05,498210,267806,122146,68182,118289,283874,43933,24008
2022-07-12,542493,251126,133005,107614,131170,268958,52583,32916
2022-07-19,524786,241004,146049,88385,152103,264365,43294,25987
2022-07-26,487515,241661,148971,61026,142007,250429,42821,27089
2022-08-02,459649,242128,117802,52340,127700,263265,37481,26242
2022-08-09,453540,242906,100055,50727,121980,276534,37927,26224
2022-08-16,453960,238196,97032,55372,122566,276275,37826,25281
2022-08-23,457762,237427,111580,55850,126193,264265,38292,26067
2022-08-30,459165,235314,117580,58398,126535,256214,38918,26973
2022-09-06,465908,231527,127670,65900,129683,243747,38798,28591
2022-09-13,463674,225932,128588,70236,126950,237888,40556,26962
2022-09-20,469395,214557,148835,72476,141862,217290,40500,30794
2022-09-27,457061,207154,155073,70221,139361,201499,40325,30268
2022-10-04,437065,215964,127579,67946,116451,212999,36704,28541
2022-10-11,431395,212561,118141,68979,112867,216595,36988,27680
2022-10-18,434701,210890,133934,69452,115073,205103,39286,26212
2022-10-25,456072,212853,144821,80497,123085,203298,39637,27456
2022-11-01,467276,216341,151718,86687,125689,200471,38559,28400
2022-11-08,488471,223135,140797,101104,126187,217331,38045,29239
2022-11-15,495171,227282,101013,95881,135035,269343,36973,28934
2022-11-22,449542,214284,98171,61208,133754,263818,40296,26345
2022-11-29,433661,209161,99158,56370,134184,253417,33946,24716
2022-12-06,422100,211472,96347,55265,117578,247657,37785,22831
2022-12-13,437040,224409,98760,55414,119908,258437,37309,24429
2022-12-20,436653,226136,97288,55356,116465,258979,38696,25030
2022-12-27,440040,229525,92645,54347,116744,270520,39424,22528
2023-01-03,449393,230801,89135,62735,113520,273494,42337,24029
2023-01-10,481519,243566,93031,79862,111718,284196,46373,24430
2023-01-17,491818,246874,93634,74002,122814,298727,48128,25455
2023-01-24,499927,253311,95638,71317,127419,307973,47880,24999
2023-01-31,471642,256417,96136,51094,120147,300667,43984,23745
2023-02-07,439755,223298,94483,49579,118802,271768,48076,23925
2023-02-14,426116,210374,104845,49486,120812,249884,45444,21901
2023-02-21,422648,210185,103084,49467,119040,248395,43956,21702
2023-02-28,426890,208419,99826,53122,123391,250878,41958,23064
2023-03-07,458474,215574,117100,73866,125394,244314,43640,23194
2023-03-14,459064,230823,90492,63989,122457,277897,41795,26686
2023-03-21,469874,237891,79286,62681,121678,305246,47624,22661
2023-03-28,478611,245135,63505,54302,131786,333294,47388,27510
2023-04-04,476592,266164,70948,44819,116869,335119,48740,25706
2023-04-11,476567,260165,67420,47590,119710,336258,49102,25299
2023-04-18,482254,260061,70168,48050,123496,339921,50647,24115
2023-04-25,473209,253186,67922,44457,124518,336446,51048,24384
2023-05-02,493804,262413,66846,56438,127451,345035,47502,25485
2023-05-09,518951,266472,70658,69482,130985,353500,52012,25311
2023-05-16,521832,255250,75436,73408,138322,349879,54852,23109
2023-05-23,479080,236149,75417,50620,142984,330007,49327,23036
2023-05-30,449515,237306,67990,35269,133329,323334,43611,22922
2023-06-06,436301,237467,61826,34876,116363,314550,47595,25049
2023-06-13,432898,227317,67108,36167,120461,306523,48953,23100
2023-06-20,438037,229308,66333,39908,121419,307956,47402,23840
2023-06-27,431861,220881,68971,43884,119054,294389,48042,24617
2023-07-03,448063,235081,71984,52587,114905,299622,45490,23870
2023-07-11,483170,240546,74792,81216,114790,302539,46618,24623
2023-07-18,482104,263740,70392,57082,115498,329213,45784,25417
2023-07-25,476176,248229,74590,55156,125491,323701,47300,22729
2023-08-01,439383,238985,74061,39534,117610,304455,43254,21333
2023-08-08,427759,228846,85861,40027,113890,281444,44996,20427
2023-08-15,433611,233078,111942,40134,116062,257992,44337,23543
2023-08-22,430239,226340,124394,40941,117646,238682,45312,26222
2023-08-29,442806,236054,112782,44853,118132,258726,43767,26445
2023-09-05,438672,235802,97796,45448,111456,269695,45966,25733
2023-09-12,441221,235704,111840,45715,113062,257872,46740,25794
2023-09-19,438078,237716,102553,46427,110014,262946,43921,26152
2023-09-26,435620,235560,119745,44003,110844,245680,45213,26192
2023-10-03,431226,228406,137180,46898,110666,222648,45256,24500
2023-10-10,436499,220332,148899,50356,121341,211769,44470,25475
2023-10-17,439581,231412,118674,57244,110062,238061,40863,25602
2023-10-24,463476,251469,102084,63698,106180,272053,42129,25641
2023-10-31,475808,261053,97628,63992,105971,288678,44792,25510
2023-11-07,484347,261653,95437,66559,110651,296742,45484,25609
2023-11-14,486634,254352,98976,76145,110728,287747,45409,23766
2023-11-21,508429,269701,97996,78832,115937,306172,43959,25429
2023-11-28,505658,289845,89761,54567,115596,334188,45650,27142
2023-12-05,487469,288840,85296,47953,103193,330138,47483,24082
2023-12-12,469939,273536,85303,44236,105710,318518,46457,21882
2023-12-19,481203,280972,79633,46653,105559,332617,48019,22300
2023-12-26,491343,289843,82125,47513,105951,338296,48036,23409
2024-01-02,500364,290706,83057,51654,108804,344282,49200,21371
2024-01-09,489849,271665,83051,61121,106489,324190,50574,21487
2024-01-16,489334,262360,82467,68047,109287,316707,49640,22113
2024-01-23,465872,241100,71626,66034,113094,305187,45644,23025
2024-01-30,430328,219222,71431,48217,117525,288043,45364,22637
2024-02-06,419121,228623,66885,44291,104344,284585,41863,23360
2024-02-13,420812,217505,86337,49550,109529,262509,44228,22416
2024-02-20,407063,211034,70772,47764,106419,265830,41846,22697
2024-02-27,411195,214948,73312,48872,108432,266784,38943,22227
2024-03-05,471616,264148,72855,58663,104023,310815,44782,29283
2024-03-12,516057,283062,81460,55571,129432,347705,47992,31321
2024-03-19,535047,278732,77130,69082,138102,355632,49131,33203
2024-03-26,503642,265647,66353,48217,141774,360114,48004,28958
2024-04-02,500045,281399,74149,42601,127114,352828,48931,30467
2024-04-09,505214,279799,77380,45762,128094,352676,51559,29396
2024-04-16,517193,278777,76854,55487,132684,355442,50245,29410
2024-04-23,516249,279535,76644,58717,129083,355955,48914,24933
2024-04-30,519791,278850,74640,63742,126925,354423,50274,26986
2024-05-07,529835,272144,72577,78091,124899,352165,54701,27002
2024-05-14,522952,277642,73146,59094,133583,365693,52633,25019
2024-05-21,530591,300729,70923,56084,118514,377177,55264,26407
2024-05-28,485430,286737,50152,37984,109181,370131,51528,27163
2024-06-04,447488,284566,47264,29697,83418,349349,49807,21178
2024-06-11,436857,276769,42843,27603,82174,342685,50311,23726
2024-06-18,444345,287147,44063,26099,83440,351170,47659,23013
2024-06-25,452190,284885,38656,32318,86551,358039,48436,23177
2024-07-02,454730,280117,38574,40014,86905,351704,47694,24438
2024-07-09,516324,303043,48268,69751,92907,373536,50623,24769
2024-07-16,579862,349827,64803,66180,110041,419345,53814,29534
2024-07-23,572306,341600,68526,74764,102237,403162,53705,25854
2024-07-30,510914,313364,66763,48604,99015,371872,49931,23675
2024-08-06,480645,298119,59370,42879,88442,357476,51205,20920
2024-08-13,505872,328769,61505,38402,88313,380815,50388,25150
2024-08-20,532867,355551,64298,38166,86232,402738,52918,27665
2024-08-27,521759,343330,48885,38638,85102,407421,54689,26815
2024-09-03,511136,339157,51599,40365,80416,392303,51198,26869
2024-09-10,511501,340006,57505,42326,78232,385131,50937,26539
2024-09-17,537627,369734,59668,40270,74647,409774,52976,27915
2024-09-24,564640,387572,72182,46911,76713,416419,53444,29128
2024-10-01,533107,370051,70120,42766,67099,394623,53191,25598
2024-10-08,520316,348891,70711,51028,68957,372933,51440,25644
2024-10-15,541232,357494,71060,63220,70028,382686,50490,24266
2024-10-22,573760,371813,75609,81488,66245,390946,54214,25717
2024-10-29,579468,366636,87983,90465,68935,372606,53432,28414
2024-11-05,558034,336816,81487,95294,73287,356346,52637,24907
2024-11-12,535981,316225,79774,87571,75347,340929,56838,27707
2024-11-19,502952,309354,74987,67718,73459,335781,52421,24466
2024-11-26,472660,303401,53063,50308,72377,344897,46574,24392
2024-12-03,462040,307611,47875,42841,63251,349526,48337,21798
2024-12-10,483346,324332,48746,46541,66025,362896,46448,25163
2024-12-17,466571,302978,40937,54193,61012,346245,48388,25196
2024-12-24,454646,289416,41787,59281,58136,331472,47813,22106
2024-12-31,458584,282907,35628,67921,60399,331695,47357,23340
2025-01-07,477043,291721,36810,75074,62674,341320,47574,23839
2025-01-14,526467,312568,33205,73574,92075,394527,48250,25161
2025-01-21,571387,337289,36505,88344,95116,421724,50638,24814
2025-01-28,577505,338371,38962,79876,110034,433756,49224,24911
2025-02-04,542004,356500,53992,61604,74378,402553,49522,23855
2025-02-11,528719,343766,59262,62822,72622,382510,49509,24125
2025-02-18,522330,334043,65369,65012,72393,368464,50882,23485
2025-02-25,512179,316948,55323,74632,71796,359896,48803,22328
2025-03-04,489270,303132,59871,70823,65713,336828,49602,21748
2025-03-11,511276,296172,60072,76812,84545,349733,53747,24659
2025-03-18,533566,321654,63722,67522,91549,376717,52841,25605
2025-03-25,511482,316572,66776,55220,86838,365436,52852,24050
2025-04-01,498746,327936,89502,51247,68875,333936,50688,24061
2025-04-08,445468,269833,69118,55935,69214,301397,50486,19018
2025-04-15,456628,271707,69497,63004,70568,302480,51349,21647
2025-04-22,465351,258896,83518,64423,91128,293396,50904,24014
2025-04-29,451868,240377,77059,68029,92787,283548,50675,23232
2025-05-06,452414,237445,74948,75093,87244,279347,52632,23026
2025-05-13,440842,238191,76982,62669,88412,279619,51570,21572
2025-05-20,448000,238062,74081,65629,90256,287904,54053,20386
2025-05-27,437538,234087,59903,59401,87509,295096,56541,23138
2025-06-03,415941,246982,59077,46058,70905,291731,51996,19075
2025-06-10,417143,245995,58514,48708,68432,291150,54008,18771
2025-06-17,441214,260586,59938,53104,71684,309411,55840,18761
2025-06-24,434958,256077,61073,50549,73323,303883,55009,19453
2025-07-01,437662,258631,56651,56887,68820,304889,53324,19235
2025-07-08,443144,261685,58717,53293,71875,310229,56291,20905
2025-07-15,448531,270227,57112,45339,75989,326677,56976,19403
2025-07-22,489423,311949,58911,46696,76726,359063,54052,24753
2025-07-29,445259,281241,57645,31709,79093,338172,53216,17733
2025-08-05,449647,292194,55144,30781,74075,344221,52597,19501
2025-08-12,446152,288115,58630,40954,63427,326492,53656,20076
2025-08-19,438541,275277,62687,40496,66670,316635,56098,18723
2025-08-26,443760,275767,61456,38373,72908,323873,56712,20058
2025-09-02,492908,315796,66266,46558,73919,347817,56635,32267
2025-09-09,509625,324875,63135,51910,73850,347225,58990,47355
2025-09-16,516221,326778,60368,50704,77867,380238,60872,24911
2025-09-23,528789,332808,66059,55327,82971,381374,57683,26029
2025-09-30,493748,318804,65896,48548,68872,357108,57524,22196
2025-10-07,485559,300798,68842,50588,77599,341371,56574,24758
2025-10-14,485788,278405,74489,56097,92027,328894,59259,26308
2025-10-21,472421,253851,77242,54802,107847,317964,55921,22413
2025-10-28,457122,266308,61644,48419,89653,326680,52742,20379
2025-11-04,450399,256572,54265,51811,88355,324897,53661,19426
2025-11-10,459997,265916,58847,50263,87076,331899,56742,18988
2025-11-18,471953,269556,59217,51157,97001,342586,54239,18993
2025-11-25,432946,253266,48678,43250,82657,324060,53773,16958
2025-12-02,418490,261331,43771,41200,60147,315495,55812,18024
2025-12-09,432569,268485,44599,44892,63707,326286,55485,16792
2025-12-16,471093,280920,46942,56723,74655,349013,58795,18415
2025-12-23,492103,290161,49461,63839,75835,359361,62268,19442
2025-12-30,481866,275592,44419,63803,82254,357500,60217,16144
2026-01-06,488116,274435,46803,73345,80218,352253,60118,15715
2026-01-13,527455,296183,44945,81670,83382,380488,66220,20352
2026-01-20,528004,295772,51002,84227,85869,375558,62136,17217
2026-01-27,488463,252100,46704,77486,96200,344485,62677,19788
2026-02-03,409694,214508,48904,50612,87964,295742,56610,14436
2026-02-10,404391,212808,52796,49929,88738,286476,52916,15190
2026-02-17,407078,213432,53517,53588,88237,285019,51821,14954
2026-02-24,420182,211649,52472,54563,86198,287004,67772,26143
2026-03-03,409789,213752,53607,56077,84834,285417,55126,14688
2026-03-10,413956,215445,52313,59807,85280,288256,53424,13580
2026-03-17,411388,215961,56092,56330,86184,284832,52913,14134
2026-03-24,403925,220861,52534,56794,76997,280825,49273,13772
2026-03-31,361409,207602,44400,44493,58697,260337,50617,12179
2026-04-07,354877,205368,49063,42663,57729,251480,49117,11671
2026-04-14,362274,210009,47483,44940,55757,256839,51568,13012
2026-04-21,365842,212893,48887,44465,56261,259201,52223,13289
2026-04-28,369530,211818,52247,47879,60553,255366,49280,14038
2026-05-05,367932,211814,48511,48636,58230,257165,49252,13620
2026-05-12,376496,219793,48171,49027,57725,267983,49951,11315
2026-05-19,379325,211018,51185,51705,69520,261149,47082,15286
2026-05-26,353489,200704,46444,30995,74641,260407,47149,15643
2026-06-02,326052,206096,30076,22449,53851,260196,43656,13331
2026-06-09,332709,207984,34147,22848,58986,260022,42891,15692
2026-06-16,339330,211127,30907,26017,58220,265783,43966,16623
2026-06-23,352167,217028,35689,31295,64579,269983,39265,15200
2026-06-30,369541,229619,35600,31769,59118,280188,49035,21984
2026-07-07,371776,233713,39467,32863,59564,281846,45636,17600
2026-07-14,383689,227310,40628,32321,79639,294427,44419,16313
2026-07-21,383368,224785,40875,31983,80457,293656,46143,16854
2026-07-28,384603,219622,37552,28137,75460,287769,61384,31145
2026-08-04,371551,227013,29379,28175,71832,298323,44531,15674
2026-08-11,400309,250936,32996,28937,69385,322025,51051,16351
2026-08-18,406260,256902,34713,28961,69050,327468,51347,15118
2026-08-25,427957,277159,33825,33620,62453,342038,54725,18474
2026-09-01,415196,260485,32361,41231,61450,326168,52030,15436
2026-09-08,411227,261007,29047,43263,54403,324677,52554,14240
