opt_type,entry_date,exp_date,exit_date,exit_reason,days_held,dte_at_entry,width,width_pct,contracts,net_credit,realized_pnl,realized_pnl_sized,ret_on_credit,ret_on_max_loss,win,loss_amount,cell
call,1994-01-27,1994-03-04,1994-02-17,early_75%,21,36,0.5372764968872055,0.02,39.34528712963671,2.8956404213766462,2.3773679109839208,93.53822307044696,0.8210162744770885,0.04676911153522348,True,0.0,2pct_UNFILTERED_early75pct
put,1994-01-27,1994-03-04,1994-03-04,early_75%,36,36,0.5372764968872055,0.02,39.538393327535424,3.1439048351542596,3.1439048351542596,124.30494595666953,1.0,0.06215247297833477,True,0.0,2pct_UNFILTERED_early75pct
call,1994-02-18,1994-03-25,1994-03-07,early_75%,17,35,0.5274309921264653,0.02,40.34318305556068,3.1706516267012708,2.3691929332580632,95.5807842003708,0.7472258741093417,0.04779253493889971,True,0.0,2pct_UNFILTERED_early75pct
put,1994-03-07,1994-04-13,1994-03-22,early_75%,15,37,0.5281342315673818,0.02,40.77670769546364,3.623506561505199,2.7575884967950572,112.44538007818502,0.761027598539675,0.056060036033122616,True,0.0,2pct_UNFILTERED_early75pct
call,1994-03-08,1994-04-14,1994-03-23,early_75%,15,37,0.5260245513916004,0.02,40.64170482752715,3.2415726170059993,2.59524584363773,105.47521553199131,0.800613205461603,0.052576974134790594,True,0.0,2pct_UNFILTERED_early75pct
call,1994-03-24,1994-04-29,1994-04-06,early_75%,13,36,0.5248149871826158,0.02,40.70967734951703,3.095288851178151,2.509678034544844,102.16818303749065,0.8108057616624672,0.05081738487928749,True,0.0,2pct_UNFILTERED_early75pct
call,1994-04-07,1994-05-13,1994-04-19,early_75%,12,36,0.5096080780029304,0.02,41.79998849686796,3.1562321499082597,2.426519519142273,101.4284879875726,0.7688026114342709,0.050759147762098,True,0.0,2pct_UNFILTERED_early75pct
put,1994-03-23,1994-04-29,1994-04-29,early_75%,37,37,0.5311806488037121,0.02,40.44803653750689,3.4191586491459716,3.4191586491459716,138.29825396818896,1.0,0.06879746272962753,True,0.0,2pct_UNFILTERED_early75pct
call,1994-04-20,1994-05-27,1994-05-09,early_75%,19,37,0.5014741134643543,0.02,42.43391298078952,3.112525179780439,2.4944385569638188,105.84878866212887,0.8014195590025007,0.05303379598125255,True,0.0,2pct_UNFILTERED_early75pct
put,1994-05-02,1994-06-08,1994-05-18,early_75%,16,37,0.5134982299804705,0.02,42.18278726259441,3.5078213810418624,2.788496960810679,117.62657408026793,0.7949369873509534,0.058285541293479716,True,0.0,2pct_UNFILTERED_early75pct
put,1994-05-19,1994-06-24,1994-06-03,early_75%,15,36,0.5175652694702144,0.02,41.74032864734649,3.3132193495021736,2.7067222863311837,112.97947778856069,0.8169462992958438,0.05587401894229435,True,0.0,2pct_UNFILTERED_early75pct
call,1994-05-10,1994-06-16,1994-06-08,early_75%,29,37,0.5058949279785168,0.02,42.40710875188555,3.0802901273085848,2.8127958956079864,119.2825414419052,0.9131594036129569,0.059205285239442476,True,0.0,2pct_UNFILTERED_early75pct
call,1994-06-09,1994-07-15,1994-06-23,early_75%,14,36,0.5209250259399418,0.02,41.29598401585761,3.0585129859329556,2.5269457887029962,104.35271289921764,0.8262007715269476,0.051534574463579126,True,0.0,2pct_UNFILTERED_early75pct
put,1994-06-06,1994-07-13,1994-07-08,early_75%,32,37,0.5230471801757801,0.02,41.456650996589836,3.4539456326535003,2.703176195179733,112.0646321058558,0.7826342631522583,0.055335382906124546,True,0.0,2pct_UNFILTERED_early75pct
call,1994-06-24,1994-07-29,1994-07-13,early_75%,19,35,0.5019418716430657,0.02,43.02576818478243,3.0947360859711384,2.5382852325157113,109.21167200107756,0.8201944081830128,0.05389203428919067,True,0.0,2pct_UNFILTERED_early75pct
put,1994-07-11,1994-08-17,1994-07-14,early_75%,3,37,0.5097734832763656,0.02,42.762457952298924,3.453479828066408,2.7024631169990245,115.56396540830947,0.7825333436252109,0.05686538580131514,True,0.0,2pct_UNFILTERED_early75pct
put,1994-07-15,1994-08-19,1994-07-29,early_75%,14,35,0.5170710754394534,0.02,41.91451697082697,3.1491467456821507,2.627003567747691,110.1095856227836,0.8341953487399787,0.05410036839606438,True,0.0,2pct_UNFILTERED_early75pct
call,1994-07-14,1994-08-19,1994-08-08,early_75%,25,36,0.5168931198120106,0.02,41.710996274688334,2.9177183514371627,2.18760319872713,91.2471088726036,0.7497650339175458,0.0448540438381759,True,0.0,2pct_UNFILTERED_early75pct
put,1994-08-01,1994-09-07,1994-08-16,early_75%,15,37,0.5254369735717788,0.02,41.33207217331423,3.228609080834509,2.56432279316957,105.9887747629594,0.7942500095139301,0.05199874689060802,True,0.0,2pct_UNFILTERED_early75pct
put,1994-08-17,1994-09-23,1994-08-26,early_75%,9,37,0.5309544372558577,0.02,40.99885291575478,3.3150900113469994,2.6913419867446517,110.34193426053923,0.8118458254625478,0.05406434036596333,True,0.0,2pct_UNFILTERED_early75pct
call,1994-08-09,1994-09-15,1994-09-09,early_75%,31,37,0.5236572647094739,0.02,41.323563787640644,3.040584235978628,2.650905491200875,109.5448621606462,0.8718408323746594,0.0537434941104241,True,0.0,2pct_UNFILTERED_early75pct
call,1994-09-12,1994-10-19,1994-09-27,early_75%,15,37,0.5338024520874036,0.02,40.71956354874347,3.193166532270439,2.567518804330956,104.54824511554821,0.8040666775075371,0.051158961072080296,True,0.0,2pct_UNFILTERED_early75pct
put,1994-08-29,1994-10-05,1994-10-05,early_75%,37,37,0.5428803634643558,0.02,40.08544400688395,3.4287505964356773,3.4287505964356773,137.44299004699226,1.0,0.06741641267417296,True,0.0,2pct_UNFILTERED_early75pct
put,1994-10-06,1994-11-11,1994-10-11,early_75%,5,36,0.5186042785644531,0.02,42.63396166901389,3.723957464440322,3.463047163276601,147.6434200171219,0.929937357326144,0.07194227443505663,True,0.0,2pct_UNFILTERED_early75pct
call,1994-09-28,1994-11-04,1994-10-24,early_75%,26,37,0.5325724411010739,0.02,40.82935469021108,3.1409561460948185,2.783498043857424,113.6484289121635,0.8861944944115742,0.05554078637779786,True,0.0,2pct_UNFILTERED_early75pct
put,1994-10-12,1994-11-18,1994-10-28,early_75%,16,37,0.5350793457031244,0.02,41.25083186425843,3.697165626151043,3.298380379694752,136.0609344671571,0.8921375759756133,0.0662182184618006,True,0.0,2pct_UNFILTERED_early75pct
call,1994-10-25,1994-12-01,1994-11-17,early_75%,23,37,0.5297071838378891,0.02,41.325029340086076,3.260914857297381,2.6866421169454577,111.025564309082,0.8238921390214169,0.054046524555537274,True,0.0,2pct_UNFILTERED_early75pct
call,1994-11-18,1994-12-23,1994-11-29,early_75%,11,35,0.5325724411010739,0.02,41.182474360183605,3.258406698873298,2.5764909126198967,106.10627094821496,0.7907210949175878,0.05153101644001411,True,0.0,2pct_UNFILTERED_early75pct
put,1994-10-31,1994-12-07,1994-12-06,early_75%,36,37,0.5442123413085938,0.02,40.56901967747497,3.765485629900325,3.3580385102180594,136.23233039875518,0.8917942704529586,0.06629136099241496,True,0.0,2pct_UNFILTERED_early75pct
put,1994-12-07,1995-01-13,1994-12-14,early_75%,7,37,0.519320526123046,0.02,42.88457923678502,3.751209359731251,3.031904958106346,130.02196841431297,0.8082473323545882,0.06292760262024702,True,0.0,2pct_UNFILTERED_early75pct
call,1994-11-30,1995-01-06,1994-12-14,early_75%,14,37,0.5225440979003899,0.02,41.99549038473373,3.2106650316004903,2.5451686436985566,106.88560530396852,0.792723195552359,0.05189588715614203,True,0.0,2pct_UNFILTERED_early75pct
put,1994-12-15,1995-01-20,1994-12-23,early_75%,8,36,0.5259466171264648,0.02,42.11731604564499,3.433400938273843,2.5841892486587286,108.83911530751755,0.752661659712233,0.05256556093056599,True,0.0,2pct_UNFILTERED_early75pct
call,1994-12-15,1995-01-20,1995-01-09,early_75%,25,36,0.5259466171264648,0.02,41.80420125167856,3.0651815350175893,2.3696924301102986,99.06309925291016,0.7731001909799448,0.04784408036611343,True,0.0,2pct_UNFILTERED_early75pct
put,1994-12-27,1995-02-02,1995-01-13,early_75%,17,37,0.5350135040283206,0.02,41.3803144877571,3.4125463836957124,3.0327289279230074,125.49527679357247,0.8886996942847789,0.06054704214467485,True,0.0,2pct_UNFILTERED_early75pct
put,1995-01-16,1995-02-22,1995-02-02,early_75%,17,37,0.543136291503906,0.02,40.730738296768344,3.3329020001161966,2.649729031044509,107.92541972082346,0.7950215850787482,0.05197511254074467,True,0.0,2pct_UNFILTERED_early75pct
put,1995-02-03,1995-03-10,1995-02-15,early_75%,12,35,0.5548690414428705,0.02,39.881775229574295,3.333233050385325,2.570872244167499,102.53094898583944,0.7712848772666236,0.049294176042539564,True,0.0,2pct_UNFILTERED_early75pct
call,1995-01-10,1995-02-16,1995-02-16,early_75%,37,37,0.5330282592773443,0.02,41.31860266475917,3.093524010534333,3.093524010534333,127.82008942516036,1.0,0.0616125676400729,True,0.0,2pct_UNFILTERED_early75pct
put,1995-02-16,1995-03-24,1995-03-10,early_75%,22,36,0.5619087600707999,0.02,39.48407857930417,3.4955837817282216,3.267070006166711,128.99724884757418,0.93462786480588,0.06199927675123356,True,0.0,2pct_UNFILTERED_early75pct
call,1995-02-17,1995-03-24,1995-03-20,early_75%,31,35,0.5597430038452131,0.02,39.44945094761313,3.150967680608647,2.791002724954964,110.10352509276542,0.8857605052984385,0.052836551237673654,True,0.0,2pct_UNFILTERED_early75pct
put,1995-03-13,1995-04-19,1995-03-22,early_75%,9,37,0.5685874176025401,0.02,39.21713842149093,3.637875059404145,2.7174561871852623,106.5708554471814,0.7469899715660824,0.05105997620181313,True,0.0,2pct_UNFILTERED_early75pct
put,1995-03-23,1995-04-28,1995-03-28,early_75%,5,36,0.5751131439208983,0.02,38.74869490957162,3.550421543157073,2.659698754889679,103.05985560458767,0.7491219627190089,0.04928937633288777,True,0.0,2pct_UNFILTERED_early75pct
put,1995-03-29,1995-05-05,1995-04-12,early_75%,14,37,0.5854573822021472,0.02,38.1774199484663,3.796384483955702,2.8486633481363297,108.75461693360472,0.750362182801917,0.0520309949567448,True,0.0,2pct_UNFILTERED_early75pct
call,1995-03-21,1995-04-27,1995-04-25,early_75%,35,37,0.5742059707641616,0.02,38.5947068717297,3.245679019204109,2.5010989840510813,96.52918214663244,0.7705934472424786,0.046167102300178224,True,0.0,2pct_UNFILTERED_early75pct
put,1995-04-13,1995-05-19,1995-04-28,early_75%,15,36,0.5932611465454087,0.02,37.61520708647284,3.670339007120639,2.8535247278187694,107.33592356327406,0.7774553582878286,0.0512709542653016,True,0.0,2pct_UNFILTERED_early75pct
put,1995-05-01,1995-06-07,1995-05-08,early_75%,7,37,0.597616691589355,0.02,37.524732073255706,3.8221439847769623,3.021424934612678,113.37816115079488,0.7905052626605825,0.05401234503163848,True,0.0,2pct_UNFILTERED_early75pct
put,1995-05-09,1995-06-15,1995-05-23,early_75%,14,37,0.6099570846557612,0.02,36.822780385047416,3.9892591452891986,3.5047014978055357,129.05285356884,0.8785344271113941,0.061479035084514834,True,0.0,2pct_UNFILTERED_early75pct
call,1995-04-26,1995-06-02,1995-05-26,early_75%,30,37,0.5968906402587919,0.02,37.306561510932134,3.4438593149540493,2.862182421927221,106.77818457913658,0.8310973707604575,0.050887581201589385,True,0.0,2pct_UNFILTERED_early75pct
put,1995-05-24,1995-06-30,1995-06-13,early_75%,20,37,0.6170351791381847,0.02,36.33529264357181,3.8065488252933974,3.598896439536675,130.76695532447374,0.9454486477680429,0.06216035996692546,True,0.0,2pct_UNFILTERED_early75pct
put,1995-06-14,1995-07-21,1995-06-19,early_75%,5,37,0.6259276962280289,0.02,35.87864653300887,3.8664792878025436,2.9030135506734154,104.1561970651465,0.7508157511231103,0.04943294620030248,True,0.0,2pct_UNFILTERED_early75pct
put,1995-06-20,1995-07-27,1995-07-06,early_75%,16,37,0.6359930038452148,0.02,35.25107028705423,3.906193689918351,3.5728960157771863,125.94840858049763,0.9146745654212217,0.05985441558698791,True,0.0,2pct_UNFILTERED_early75pct
call,1995-05-30,1995-07-06,1995-07-06,expired,37,37,0.6103202819824247,0.02,36.58745484655359,3.542101968455555,-10.608797492707126,-388.1488992406529,-2.9950570557213028,-0.18453315543150675,False,10.608797492707126,2pct_UNFILTERED_early75pct
put,1995-07-07,1995-08-11,1995-07-25,early_75%,18,35,0.6515093231201163,0.02,34.46305452722503,4.052474079407516,3.140579517840991,108.23396317044018,0.7749783111012898,0.05140194382458371,True,0.0,2pct_UNFILTERED_early75pct
call,1995-07-07,1995-08-11,1995-07-31,early_75%,24,35,0.6515093231201163,0.02,34.25093049487369,3.674077021473876,2.760174061465664,94.53852993301368,0.7512564503501903,0.04489777573073907,True,0.0,2pct_UNFILTERED_early75pct
put,1995-07-26,1995-09-01,1995-08-16,early_75%,21,37,0.6564377593994131,0.02,34.408143896668115,4.356548402153525,3.577859110510625,123.10749111645458,0.8212600389661736,0.05837854401726085,True,0.0,2pct_UNFILTERED_early75pct
call,1995-08-01,1995-09-07,1995-08-17,early_75%,16,37,0.6549774169921889,0.02,34.24389377138142,3.8864050314297134,3.1032993740941905,106.26905410727592,0.7985012753425144,0.05036896684821669,True,0.0,2pct_UNFILTERED_early75pct
put,1995-08-17,1995-09-22,1995-09-01,early_75%,15,36,0.6555251312255876,0.02,34.43722334227296,4.164421494216224,3.584726231899878,123.44801786884065,0.8607981293148499,0.05839448884651155,True,0.0,2pct_UNFILTERED_early75pct
put,1995-09-05,1995-10-12,1995-09-13,early_75%,8,37,0.6681210327148435,0.02,33.82055249463152,4.190644070218425,3.397640861759056,114.91009112302723,0.8107681790264675,0.05425681395955672,True,0.0,2pct_UNFILTERED_early75pct
call,1995-08-18,1995-09-22,1995-09-21,early_75%,34,35,0.6562555694580112,0.02,34.155911941741465,3.728493640145884,3.131898595546435,106.9728526399478,0.8399903279502158,0.05059850061190686,True,0.0,2pct_UNFILTERED_early75pct
put,1995-09-14,1995-10-20,1995-10-12,early_75%,28,36,0.6865582275390594,0.02,32.84227337578251,4.176886054297708,3.4368490202768984,112.8739350752242,0.8228256590195067,0.05330188734793111,True,0.0,2pct_UNFILTERED_early75pct
call,1995-09-22,1995-10-27,1995-10-16,early_75%,24,35,0.6849007415771453,0.02,32.84629643623592,3.9359597621943814,3.36267826933214,110.45152725417223,0.8543477252057514,0.05209084348565549,True,0.0,2pct_UNFILTERED_early75pct
call,1995-10-17,1995-11-22,1995-10-31,early_75%,14,36,0.6898554229736362,0.02,32.749244562769356,4.114727238924615,3.1696524009028124,103.80372165613527,0.7703189584277772,0.04886099238998962,True,0.0,2pct_UNFILTERED_early75pct
put,1995-10-13,1995-11-17,1995-11-01,early_75%,19,35,0.6885709381103524,0.02,33.06613323788248,4.587832776288263,3.657898984679192,120.95257519811722,0.7973043402071373,0.056915217722848244,True,0.0,2pct_UNFILTERED_early75pct
put,1995-11-02,1995-12-08,1995-11-16,early_75%,14,36,0.6948109436035139,0.02,32.8219128309056,4.585522808827023,3.960632834794832,129.99554565885853,0.8637254681561516,0.06103086451207622,True,0.0,2pct_UNFILTERED_early75pct
put,1995-11-17,1995-12-22,1995-11-28,early_75%,11,35,0.7069230651855491,0.02,32.22615220641311,4.523223400735385,3.8124677192980307,122.861165004135,0.8428652271913433,0.057617055272016035,True,0.0,2pct_UNFILTERED_early75pct
put,1995-11-29,1996-01-05,1995-12-08,early_75%,9,37,0.7170167541503929,0.02,31.774363061552265,4.497331863387158,3.805982899989493,120.93268247032572,0.8462757509567068,0.05663298975704269,True,0.0,2pct_UNFILTERED_early75pct
call,1995-11-01,1995-12-08,1995-12-08,early_75%,37,37,0.6904061126708996,0.02,32.78007664716995,4.084814784655272,4.084814784655272,133.90054173049282,1.0,0.06288607031028995,True,0.0,2pct_UNFILTERED_early75pct
call,1995-12-11,1996-01-17,1995-12-20,early_75%,9,37,0.7331668090820287,0.02,30.914484350535776,4.083615034902833,3.298089767875351,101.95874451564471,0.8076397357944949,0.04763749411171563,True,0.0,2pct_UNFILTERED_early75pct
put,1995-12-11,1996-01-17,1996-01-03,early_75%,23,37,0.7331668090820287,0.02,31.093782291715108,4.482837813790153,3.6792287776591706,114.40113861394734,0.8207365357589089,0.053450869692292624,True,0.0,2pct_UNFILTERED_early75pct
call,1995-12-21,1996-01-26,1996-01-11,early_75%,21,36,0.7207109069824185,0.02,31.36980857631777,3.9541548618518783,2.973933720956474,93.29173154506101,0.752103502482366,0.04365924104542171,True,0.0,2pct_UNFILTERED_early75pct
put,1996-01-04,1996-02-09,1996-01-24,early_75%,20,36,0.7293901062011727,0.02,31.469610445095523,4.905683280019,4.34566856939099,136.75649700223002,0.8858436880935696,0.06387558479489051,True,0.0,2pct_UNFILTERED_early75pct
put,1996-01-25,1996-03-01,1996-01-30,early_75%,5,36,0.7292051696777335,0.02,31.51136728634743,4.771856067102452,3.7845934453033023,119.25771408445539,0.7931072086173312,0.05553437727587167,True,0.0,2pct_UNFILTERED_early75pct
put,1996-01-31,1996-03-08,1996-02-08,early_75%,8,37,0.7524715423583999,0.02,30.49555728885975,4.882921113528194,4.130334137242894,125.95684130442378,0.8458736156518588,0.058699341326768566,True,0.0,2pct_UNFILTERED_early75pct
call,1996-01-12,1996-02-16,1996-02-16,expired,35,35,0.7118473815917952,0.02,31.999418210649207,4.246333234870756,-46.922961290255465,-1501.5074620089886,-11.050230562435745,-0.7009871439768255,False,46.922961290255465,2pct_UNFILTERED_early75pct
put,1996-02-09,1996-03-15,1996-03-05,early_75%,25,35,0.7779541015625,0.02,29.256279470959516,5.333633253868474,4.631111248792916,135.48908495578988,0.8682845310809437,0.06391109143006275,True,0.0,2pct_UNFILTERED_early75pct
call,1996-02-20,1996-03-28,1996-03-12,early_75%,21,37,0.7598581695556632,0.02,29.77269265729516,4.70781790501646,3.7813097240771456,112.57977225699042,0.8031979571784064,0.053050166593417804,True,0.0,2pct_UNFILTERED_early75pct
put,1996-03-06,1996-04-12,1996-04-01,early_75%,26,37,0.7716762542724638,0.02,29.710562219383995,5.608992870212268,5.140733915096839,152.73409483778212,0.9165163932366154,0.07183946550403321,True,0.0,2pct_UNFILTERED_early75pct
call,1996-03-13,1996-04-19,1996-04-08,early_75%,26,37,0.7583807373046909,0.02,29.876115097179458,4.744702842369524,4.1869797761773455,125.09068970263706,0.8824535308698808,0.05889409552358433,True,0.0,2pct_UNFILTERED_early75pct
put,1996-04-02,1996-05-09,1996-04-23,early_75%,21,37,0.778256378173829,0.02,29.542568711328638,5.643077070821136,4.325878364799721,127.79755882894574,0.7665814785992731,0.05992968828008466,True,0.0,2pct_UNFILTERED_early75pct
call,1996-04-09,1996-05-16,1996-05-02,early_75%,23,37,0.7613781738281276,0.02,29.845003918104815,4.73733852361066,3.6140969463806156,107.86273752514012,0.7628960709411278,0.05061726481565229,True,0.0,2pct_UNFILTERED_early75pct
put,1996-04-24,1996-05-31,1996-05-13,early_75%,19,37,0.7715792846679719,0.02,29.793407268583273,5.389459459449562,4.992053675883294,148.73028827221916,0.9262624041322955,0.06955775628113524,True,0.0,2pct_UNFILTERED_early75pct
put,1996-05-14,1996-06-20,1996-06-04,early_75%,21,37,0.7925376129150408,0.02,29.02611395425588,5.534385898899686,4.613801418265064,133.92072572886914,0.8336609521902607,0.0625860080025573,True,0.0,2pct_UNFILTERED_early75pct
call,1996-05-03,1996-06-07,1996-06-06,early_75%,34,35,0.7634181213378923,0.02,29.823915236280218,4.7059508418897735,4.619783950383979,137.78004494617954,0.9816898020398376,0.06448982209566008,True,0.0,2pct_UNFILTERED_early75pct
call,1996-06-07,1996-07-12,1996-06-20,early_75%,13,35,0.8027391815185538,0.02,28.479216333061032,4.917000867030064,3.7423936056035783,106.5804370974486,0.7611130660353199,0.04966224389804209,True,0.0,2pct_UNFILTERED_early75pct
put,1996-06-05,1996-07-12,1996-06-28,early_75%,23,37,0.8086743164062469,0.02,28.60306768833285,5.809205411118872,4.797454654267122,137.22192020770996,0.8258366359510633,0.06391644054574282,True,0.0,2pct_UNFILTERED_early75pct
call,1996-06-21,1996-07-26,1996-07-05,early_75%,14,35,0.7972968292236331,0.02,28.687528404003277,4.866454265881176,4.225169086194756,121.20965817192865,0.8682233214062064,0.056438510093952704,True,0.0,2pct_UNFILTERED_early75pct
call,1996-07-08,1996-08-14,1996-07-19,early_75%,11,37,0.7793965911865257,0.02,29.353601806032277,4.811999816925487,3.6011018901085734,105.70531094519727,0.7483586922514498,0.049244046978863504,True,0.0,2pct_UNFILTERED_early75pct
put,1996-07-01,1996-08-07,1996-08-02,early_75%,32,37,0.8077383422851554,0.02,28.600534634319395,5.463743380706361,4.477463532755095,128.05785084246418,0.8194864254726844,0.059453699794406074,True,0.0,2pct_UNFILTERED_early75pct
put,1996-08-05,1996-09-11,1996-08-16,early_75%,11,37,0.7896524810791021,0.02,29.49387873700834,5.83731987422618,4.70077199760699,138.64399926774504,0.8052962830360816,0.06428148740362824,True,0.0,2pct_UNFILTERED_early75pct
call,1996-07-22,1996-08-28,1996-08-21,early_75%,30,37,0.7577674102783192,0.02,30.146730960662865,4.785327228071547,4.224094696773093,127.3426463759812,0.8827180452767851,0.059501487161357974,True,0.0,2pct_UNFILTERED_early75pct
put,1996-08-19,1996-09-25,1996-09-11,early_75%,23,37,0.7980426788330064,0.02,29.16457978221517,5.626579181554946,4.548580229793435,132.65743100761725,0.8084095296667276,0.0613200587589404,True,0.0,2pct_UNFILTERED_early75pct
put,1996-09-12,1996-10-18,1996-09-20,early_75%,8,36,0.8058737945556658,0.02,28.99050915592603,5.750404791208933,4.358725795971582,126.36168009628511,0.7579859078155832,0.0582429449549555,True,0.0,2pct_UNFILTERED_early75pct
call,1996-08-22,1996-09-27,1996-09-23,early_75%,32,36,0.8021449279785173,0.02,28.69137117435069,4.756738288113292,4.1256050598550855,118.36926609108154,0.8673180675431823,0.054674368282754064,True,0.0,2pct_UNFILTERED_early75pct
put,1996-09-23,1996-10-30,1996-10-04,early_75%,11,37,0.8231401824951163,0.02,28.446614981691308,5.969852994751003,5.409276580674187,153.87560821991826,0.9060987909468285,0.07085383097219572,True,0.0,2pct_UNFILTERED_early75pct
call,1996-09-24,1996-10-31,1996-10-24,early_75%,30,37,0.822952804565432,0.02,28.134972374120533,5.082384578061628,4.428403100261208,124.5929988873188,0.8713238898482093,0.05735315389841967,True,0.0,2pct_UNFILTERED_early75pct
put,1996-10-07,1996-11-13,1996-10-31,early_75%,24,37,0.844693756103517,0.02,27.686393353313562,5.931126896347064,4.441847863455694,122.97874716320976,0.7489045405842512,0.056556492361200826,True,0.0,2pct_UNFILTERED_early75pct
put,1996-11-01,1996-12-06,1996-11-06,early_75%,5,35,0.8467547607421864,0.02,27.802799918522016,6.265595590076492,5.15643985395965,143.36346555153304,0.822976807205123,0.06576262866517829,True,0.0,2pct_UNFILTERED_early75pct
put,1996-11-07,1996-12-13,1996-11-14,early_75%,7,36,0.8758049774169905,0.02,26.859821856998575,6.4236302218875645,5.381522785011932,144.54674332479934,0.8377697032863433,0.06631013430500173,True,0.0,2pct_UNFILTERED_early75pct
put,1996-11-15,1996-12-20,1996-11-25,early_75%,10,35,0.8879869842529331,0.02,26.380262686625006,6.0413773748591195,4.746221779468825,125.20657731136838,0.7856191535426974,0.05735108047512038,True,0.0,2pct_UNFILTERED_early75pct
call,1996-10-25,1996-11-29,1996-11-29,expired,35,35,0.8433813476562477,0.02,27.544943441023207,5.2270284507830285,-11.27496100564866,-310.5681632003345,-2.1570498633807182,-0.1425205831501993,False,11.27496100564866,2pct_UNFILTERED_early75pct
call,1996-12-02,1997-01-08,1996-12-12,early_75%,10,37,0.9121640014648449,0.02,25.526528608503025,5.699768500875398,4.536893188659498,115.81113377403918,0.7959785012255673,0.05305275829222219,True,0.0,2pct_UNFILTERED_early75pct
put,1996-11-26,1997-01-02,1996-12-24,early_75%,28,37,0.9101023101806618,0.02,25.760392222813724,6.67376995777917,5.809148802018346,149.64595162068107,0.8704448668098018,0.0688806327534391,True,0.0,2pct_UNFILTERED_early75pct
call,1996-12-13,1997-01-17,1997-01-06,early_75%,24,35,0.8793654632568391,0.02,26.440628388952945,5.555692378832962,4.420120619437282,116.87076673288966,0.7956021172586556,0.053654707467453294,True,0.0,2pct_UNFILTERED_early75pct
put,1996-12-26,1997-01-31,1997-01-14,early_75%,19,36,0.9134449768066375,0.02,25.89434724201298,6.881549150753955,5.8358648793482795,151.11591164331253,0.8480452223041801,0.06909378586613867,True,0.0,2pct_UNFILTERED_early75pct
put,1997-01-15,1997-02-21,1997-01-22,early_75%,7,37,0.9254985809326186,0.02,25.648748599005756,7.102769459070887,6.010036416382873,154.14991311467378,0.8461539475573863,0.07033635097987416,True,0.0,2pct_UNFILTERED_early75pct
put,1997-01-23,1997-02-28,1997-02-07,early_75%,15,36,0.9371755981445347,0.02,25.3047191678066,7.044881307163909,5.5815964796132915,141.2407314246323,0.7922910601683794,0.06439856914245305,True,0.0,2pct_UNFILTERED_early75pct
call,1997-01-07,1997-02-13,1997-02-10,early_75%,34,37,0.9081709289550801,0.02,25.71674596163064,5.716105981079165,5.450979282162936,140.18144944149597,0.9536176026487572,0.06405306777045995,True,0.0,2pct_UNFILTERED_early75pct
put,1997-02-10,1997-03-19,1997-02-13,early_75%,3,37,0.9458395385742193,0.02,25.239767565617452,7.4039197037281985,5.864717164211375,148.02409806278223,0.7921097741319686,0.06727133363898657,True,0.0,2pct_UNFILTERED_early75pct
call,1997-02-11,1997-03-20,1997-03-04,early_75%,21,37,0.9567633819580053,0.02,24.561933905509374,6.034849997966256,4.802729183033507,117.96431675973002,0.7958324042274499,0.05357707998370268,True,0.0,2pct_UNFILTERED_early75pct
put,1997-02-14,1997-03-21,1997-03-10,early_75%,24,35,0.978610305786134,0.02,24.349305386189094,7.415706533612706,6.9667369230605365,169.63520488484036,0.9394569339391798,0.07702705470538494,True,0.0,2pct_UNFILTERED_early75pct
call,1997-03-05,1997-04-11,1997-03-20,early_75%,15,37,0.9714529418945332,0.02,24.237279764211557,6.117671901863954,5.091114853851115,123.39477502452252,0.8321980870369882,0.055929340192655275,True,0.0,2pct_UNFILTERED_early75pct
call,1997-03-21,1997-04-25,1997-03-31,early_75%,10,35,0.9490833282470703,0.02,24.8160649692743,5.969957818695349,4.796415130442701,119.02814949667633,0.8034252964773695,0.05392964656840754,True,0.0,2pct_UNFILTERED_early75pct
call,1997-04-01,1997-05-08,1997-04-11,early_75%,10,37,0.9178883361816403,0.02,25.58917780269707,5.8017435604656225,5.112985408651368,130.8370927245756,0.8812842821065712,0.059462244916306514,True,0.0,2pct_UNFILTERED_early75pct
put,1997-03-11,1997-04-17,1997-04-16,early_75%,36,37,0.9793636322021513,0.02,24.43591556136451,7.497235910677662,6.7264257793176645,164.36637237319192,0.8971874247331341,0.0743751734389891,True,0.0,2pct_UNFILTERED_early75pct
put,1997-04-17,1997-05-23,1997-04-29,early_75%,12,36,0.9218582153320298,0.02,26.03062474594247,6.959987751967785,6.3298775294081135,164.77066665579605,0.9094667627279198,0.07427181698985982,True,0.0,2pct_UNFILTERED_early75pct
put,1997-04-30,1997-06-06,1997-05-05,early_75%,5,37,0.9691239929199185,0.02,24.751470068628393,7.517638549625377,5.886324989444302,145.69519679044998,0.7830018629636872,0.06584642031101294,True,0.0,2pct_UNFILTERED_early75pct
put,1997-05-06,1997-06-12,1997-05-20,early_75%,14,37,1.0080703735351548,0.02,23.662985324787257,7.914592123432771,6.2441517608218495,147.75527148207195,0.788941699514086,0.06721915593195855,True,0.0,2pct_UNFILTERED_early75pct
call,1997-04-14,1997-05-21,1997-05-21,expired,37,37,0.899738540649416,0.02,25.946521892325485,5.656962294177152,-84.31689177076446,-2187.7300782229786,-14.90497680310754,-1.0,False,84.31689177076446,2pct_UNFILTERED_early75pct
put,1997-05-21,1997-06-27,1997-06-06,early_75%,16,37,1.0197919464111322,0.02,23.224166933455663,7.810681104094705,6.894961592800648,160.1297390309676,0.8827606070341296,0.0732193950379197,True,0.0,2pct_UNFILTERED_early75pct
put,1997-06-09,1997-07-16,1997-06-16,early_75%,7,37,1.0504200744628918,0.02,22.572228034019563,8.069540846318956,6.051426961226487,136.59418930001831,0.7499097007467206,0.06240355817893927,True,0.0,2pct_UNFILTERED_early75pct
call,1997-05-22,1997-06-27,1997-06-26,early_75%,35,36,1.0163888549804696,0.02,22.95340730809071,6.37335293225729,6.038303516888913,138.5996400730278,0.9474296466978002,0.06338392652892488,True,0.0,2pct_UNFILTERED_early75pct
put,1997-06-17,1997-07-24,1997-07-02,early_75%,15,37,1.0844509887695324,0.02,21.83939308827145,8.426782895376432,6.6702943266245205,145.67517981361982,0.7915588201856187,0.06669072820475379,True,0.0,2pct_UNFILTERED_early75pct
put,1997-07-03,1997-08-08,1997-07-23,early_75%,20,36,1.1182818603515656,0.02,21.22543257122819,8.303464597741689,6.232101521810001,132.27905062822677,0.7505423126034594,0.060199162434622665,True,0.0,2pct_UNFILTERED_early75pct
call,1997-06-27,1997-08-01,1997-07-31,early_75%,34,35,1.0799423217773452,0.02,21.695201944936763,6.82477972031528,6.015796426144922,130.51391832484293,0.8814638234019097,0.05946257768546176,True,0.0,2pct_UNFILTERED_early75pct
put,1997-07-24,1997-08-29,1997-08-06,early_75%,13,36,1.1429548645019523,0.02,20.886957494937185,8.951120487568803,7.210397268044694,150.60326125926073,0.8055301320162541,0.06844596957945302,True,0.0,2pct_UNFILTERED_early75pct
call,1997-08-01,1997-09-05,1997-08-14,early_75%,13,35,1.1532035064697226,0.02,20.416300196591493,7.298703865802257,5.779127949408177,117.98841108962955,0.7918019494510548,0.05349972085794545,True,0.0,2pct_UNFILTERED_early75pct
put,1997-08-07,1997-09-12,1997-09-08,early_75%,32,36,1.1577597808837865,0.02,20.650950747488082,8.901042427943276,8.144932971184042,168.20060962951342,0.9150538307304817,0.07620994502454947,True,0.0,2pct_UNFILTERED_early75pct
call,1997-08-15,1997-09-19,1997-09-10,early_75%,26,35,1.090570983886721,0.02,21.57116568083338,6.898285401184161,5.862474390470628,126.46040637648461,0.8498451498490153,0.057385889861393,True,0.0,2pct_UNFILTERED_early75pct
put,1997-09-09,1997-10-16,1997-09-22,early_75%,13,37,1.1368819427490209,0.02,21.200972978641726,9.291032775613443,7.7489582674412105,164.2854548406435,0.8340255012101798,0.07422575629600822,True,0.0,2pct_UNFILTERED_early75pct
put,1997-09-23,1997-10-30,1997-10-06,early_75%,13,37,1.1597208404540993,0.02,20.763769086820307,9.254305282770988,7.125677118185593,147.95591426924483,0.7699850934733778,0.06677122781982263,True,0.0,2pct_UNFILTERED_early75pct
call,1997-09-11,1997-10-17,1997-10-13,early_75%,32,36,1.1076528167724575,0.02,21.312632048201433,6.978801349975552,6.385407040471884,136.08983073157214,0.914971887041068,0.06152445887303204,True,0.0,2pct_UNFILTERED_early75pct
call,1997-10-14,1997-11-20,1997-10-27,early_75%,13,37,1.1825791168212874,0.02,20.063983436498642,7.459642949658317,6.782237030267857,136.07869143770202,0.9091905706530514,0.06121248199864933,True,0.0,2pct_UNFILTERED_early75pct
put,1997-10-07,1997-11-13,1997-11-13,early_75%,37,37,1.1970568084716788,0.02,20.11418609049658,9.319158725405192,9.319158725405192,187.44729280967496,1.0,0.08442297615940489,True,0.0,2pct_UNFILTERED_early75pct
put,1997-11-14,1997-12-19,1997-11-20,early_75%,6,35,1.1345755767822254,0.02,21.58134002607021,10.063768474065146,8.273750214273104,178.55861666499914,0.8221324085102899,0.08002173320039635,True,0.0,2pct_UNFILTERED_early75pct
call,1997-10-28,1997-12-04,1997-11-24,early_75%,27,37,1.124288101196285,0.02,20.82709934421655,6.906717439863949,5.755493526608911,119.87023545367904,0.833318226309586,0.0545430191957576,True,0.0,2pct_UNFILTERED_early75pct
put,1997-11-21,1997-12-26,1997-12-04,early_75%,13,35,1.1795314788818345,0.02,20.683354916483623,9.860505634586561,7.268695461027598,150.34100800026735,0.7371524068230366,0.06724505303491853,True,0.0,2pct_UNFILTERED_early75pct
call,1997-11-25,1997-12-31,1997-12-17,early_75%,22,36,1.1612440490722662,0.02,20.50887321256883,7.236689455910045,5.786296508342449,118.67042145992501,0.7995778378491712,0.053140030391486064,True,0.0,2pct_UNFILTERED_early75pct
put,1997-12-05,1998-01-09,1997-12-31,early_75%,26,35,1.2062007904052763,0.02,20.18307504332798,9.630946618362945,7.252554613373617,146.37885401755426,0.7530469122885032,0.06534472749807053,True,0.0,2pct_UNFILTERED_early75pct
call,1997-12-18,1998-01-23,1998-01-07,early_75%,20,36,1.1688639068603521,0.02,20.43952962713352,7.336633750846882,5.588782402733246,114.23208350026864,0.7617638541774178,0.05101592700054709,True,0.0,2pct_UNFILTERED_early75pct
put,1998-01-02,1998-02-06,1998-01-20,early_75%,18,35,1.194170074462889,0.02,20.458309191780973,9.628975828862686,7.647705906299847,156.4591320388918,0.7942387687147353,0.06965883069066663,True,0.0,2pct_UNFILTERED_early75pct
call,1998-01-08,1998-02-13,1998-01-26,early_75%,18,36,1.1704547119140614,0.02,20.474181134664178,7.374080664944918,5.680391219238429,116.3013587384435,0.7703185627249793,0.05179464937911843,True,0.0,2pct_UNFILTERED_early75pct
put,1998-01-21,1998-02-27,1998-02-02,early_75%,12,37,1.186520538330079,0.02,20.631308823233738,9.534843254977236,8.100089726091909,167.11545263490495,0.849525210796058,0.07423292515619674,True,0.0,2pct_UNFILTERED_early75pct
put,1998-02-03,1998-03-12,1998-02-18,early_75%,15,37,1.2324206542968739,0.02,19.8358554403074,9.650137460526086,8.610823734857226,170.8030548265958,0.8923006299215762,0.0758048911467983,True,0.0,2pct_UNFILTERED_early75pct
put,1998-02-19,1998-03-27,1998-02-27,early_75%,8,36,1.2593870544433585,0.02,19.396774678293603,9.699687291664455,7.283418582588951,141.27482913417444,0.7508921023513867,0.0626589823136902,True,0.0,2pct_UNFILTERED_early75pct
call,1998-01-27,1998-03-05,1998-03-04,early_75%,36,37,1.1853730773925832,0.02,20.272346114976678,7.502884910344419,6.603708212925289,133.87265853473556,0.8801558722859507,0.0594744228382268,True,0.0,2pct_UNFILTERED_early75pct
put,1998-03-02,1998-04-08,1998-03-12,early_75%,10,37,1.2840583801269503,0.02,19.03741862908022,9.819739502732467,7.87898973773118,149.99562601141545,0.8023623982630854,0.06644109079167705,True,0.0,2pct_UNFILTERED_early75pct
put,1998-03-13,1998-04-17,1998-03-20,early_75%,7,35,1.3108329772949219,0.02,18.68669354311452,9.850699545905755,7.426032706515301,138.7679974277967,0.753858410959431,0.06125442181210882,True,0.0,2pct_UNFILTERED_early75pct
call,1998-03-05,1998-04-09,1998-04-08,early_75%,34,35,1.2710528564453085,0.02,19.016619334896525,8.027363621532642,7.547844143041157,143.53447886734196,0.9402643880233332,0.06338575627464677,True,0.0,2pct_UNFILTERED_early75pct
put,1998-03-23,1998-04-29,1998-04-14,early_75%,22,37,1.3456709289550801,0.02,18.2385160962316,10.425365085515823,9.297890458846762,169.5797247946749,0.8918527440122471,0.07489738239407984,True,0.0,2pct_UNFILTERED_early75pct
call,1998-04-09,1998-05-15,1998-04-28,early_75%,19,36,1.364851379394537,0.02,17.79303642576607,8.632977046451778,7.43852920087539,132.35402102530037,0.8616412578014075,0.058180707693322564,True,0.0,2pct_UNFILTERED_early75pct
put,1998-04-15,1998-05-22,1998-05-11,early_75%,26,37,1.3763591003417943,0.02,17.951484123911683,10.812487687406186,8.240058368177296,147.92127697644034,0.7620871908853021,0.06497268576814232,True,0.0,2pct_UNFILTERED_early75pct
call,1998-04-29,1998-06-05,1998-05-21,early_75%,22,37,1.3418353271484307,0.02,18.09760673327659,8.49281459749168,6.47006208111554,117.09263908391412,0.761827778864553,0.051476053108987355,True,0.0,2pct_UNFILTERED_early75pct
put,1998-05-12,1998-06-18,1998-06-05,early_75%,24,37,1.3740576171875034,0.02,18.03655407447136,10.808669270443207,9.671730625856918,174.44469242698906,0.8948123384906134,0.07639773109170052,True,0.0,2pct_UNFILTERED_early75pct
call,1998-05-22,1998-06-26,1998-06-11,early_75%,20,35,1.3656185913085892,0.02,17.861343695083413,8.562017453184374,6.655379981730352,118.87402927506378,0.7773144610041751,0.05199522041980126,True,0.0,2pct_UNFILTERED_early75pct
put,1998-06-08,1998-07-15,1998-06-24,early_75%,16,37,1.373291015625,0.02,18.083981676822628,10.738635687482034,8.731275666646562,157.8962291709237,0.8130712243851014,0.06897261658920585,True,0.0,2pct_UNFILTERED_early75pct
put,1998-06-25,1998-07-31,1998-07-06,early_75%,11,36,1.394207153320309,0.02,17.83187598047009,10.801484544645898,9.160802744548171,163.35429842233302,0.8481058975443349,0.07122420720810797,True,0.0,2pct_UNFILTERED_early75pct
call,1998-06-12,1998-07-17,1998-07-13,early_75%,31,35,1.3556448364257818,0.02,18.001337556515608,8.582245876354497,7.694074650189138,138.5036349630844,0.8965106291568251,0.06059173932935449,True,0.0,2pct_UNFILTERED_early75pct
put,1998-07-07,1998-08-13,1998-07-16,early_75%,9,37,1.4257638549804739,0.02,17.434871144607577,10.795478073838645,8.834486497436247,154.0281337115765,0.8183506498749147,0.0670391991534679,True,0.0,2pct_UNFILTERED_early75pct
call,1998-07-14,1998-08-20,1998-07-29,early_75%,15,37,1.4507765197753884,0.02,16.91870049121929,9.06244239327491,6.825790076314956,115.4834979171096,0.7531954168757269,0.050184020575186145,True,0.0,2pct_UNFILTERED_early75pct
call,1998-07-30,1998-09-04,1998-08-12,early_75%,13,36,1.4065222167968727,0.02,17.379267472604024,8.903712801229682,6.691146381260003,116.2872226582641,0.7515006975894254,0.05078726460147499,True,0.0,2pct_UNFILTERED_early75pct
put,1998-07-17,1998-08-21,1998-08-21,expired,35,35,1.4600123596191423,0.02,16.985853096730285,10.427112209449415,-135.57412375246483,-2302.8421497772997,-13.002077759324656,-1.0,False,135.57412375246483,2pct_UNFILTERED_early75pct
call,1998-08-13,1998-09-18,1998-08-31,early_75%,18,36,1.322245483398433,0.02,18.374956039483774,8.201474327019387,7.457829316377561,137.037285838411,0.9093278865493828,0.06013259529115063,True,0.0,2pct_UNFILTERED_early75pct
put,1998-08-24,1998-09-30,1998-09-23,early_75%,30,37,1.3453353881835923,0.02,18.425098979464966,11.846779656865515,11.001577920334238,202.70516211245467,0.9286555704577945,0.08967208845946252,True,0.0,2pct_UNFILTERED_early75pct
call,1998-09-01,1998-10-08,1998-09-30,early_75%,29,37,1.2321974182128912,0.02,19.353426886496713,7.294480688667971,6.369037157584792,123.26269496669812,0.8731309916933686,0.054940891185903555,True,0.0,2pct_UNFILTERED_early75pct
put,1998-09-24,1998-10-30,1998-10-15,early_75%,21,36,1.2898431396484398,0.02,19.31324011928233,11.558907915685252,10.054283966562856,194.18080047367883,0.8698299216415899,0.08562273110091484,True,0.0,2pct_UNFILTERED_early75pct
call,1998-10-01,1998-11-06,1998-10-28,early_75%,27,36,1.2211024475097645,0.02,19.66234148975635,6.826711987745848,5.563194060293053,109.38542138726619,0.8149155948396758,0.048256623708077595,True,0.0,2pct_UNFILTERED_early75pct
put,1998-10-16,1998-11-20,1998-10-29,early_75%,13,35,1.3099247741699216,0.02,19.06843048702184,11.713810586792873,10.434430797670744,198.96821833702444,0.89078022223062,0.0874794384860523,True,0.0,2pct_UNFILTERED_early75pct
put,1998-10-30,1998-12-04,1998-11-06,early_75%,7,35,1.3593556213378903,0.02,18.32852266401561,11.51912568254278,9.13010193279282,167.34128019996592,0.7926037257002481,0.07338340651132969,True,0.0,2pct_UNFILTERED_early75pct
put,1998-11-09,1998-12-16,1998-11-20,early_75%,11,37,1.4002905273437491,0.02,17.821622837357264,11.953713535894922,10.894512392692045,194.15789085947227,0.9113914567199323,0.08506331086743153,True,0.0,2pct_UNFILTERED_early75pct
call,1998-10-29,1998-12-04,1998-11-30,early_75%,32,36,1.3520184326171858,0.02,17.977231771985586,8.40369604526597,8.004475320311935,143.8983080463862,0.9524946258403851,0.06312769938702478,True,0.0,2pct_UNFILTERED_early75pct
put,1998-11-23,1998-12-30,1998-12-21,early_75%,28,37,1.4752096557617165,0.02,16.854917893149427,11.74627059095891,11.248523782842526,189.59294477894937,0.9576251198827738,0.08284698252548169,True,0.0,2pct_UNFILTERED_early75pct
call,1998-12-01,1999-01-07,1999-01-04,early_75%,34,37,1.453583374023438,0.02,16.78278900463339,9.172798196269074,8.8870008878229,149.14866078432135,0.9688429525722676,0.06525656791192176,True,0.0,2pct_UNFILTERED_early75pct
put,1998-12-22,1999-01-28,1999-01-05,early_75%,14,37,1.4963836669921875,0.02,16.68929474362312,12.063639260969541,9.100297376247088,151.87754516680778,0.7543575515963917,0.06614803129689487,True,0.0,2pct_UNFILTERED_early75pct
call,1999-01-05,1999-02-11,1999-02-02,early_75%,28,37,1.5428796386718773,0.02,15.90982667625267,9.74663403610877,8.049865296432353,128.07196163342007,0.8259123371832444,0.05569248121516513,True,0.0,2pct_UNFILTERED_early75pct
put,1999-01-06,1999-02-12,1999-02-03,early_75%,28,37,1.5800756835937477,0.02,15.844945558978647,12.827842657744561,10.735425193842726,170.1022277489258,0.8368846952890727,0.07394576027720226,True,0.0,2pct_UNFILTERED_early75pct
call,1999-02-03,1999-03-12,1999-02-16,early_75%,13,37,1.5796885681152304,0.02,15.570032000015324,9.872871315564918,7.471600060427585,116.33305203217392,0.7567808615765459,0.050451064121731386,True,0.0,2pct_UNFILTERED_early75pct
put,1999-02-04,1999-03-12,1999-02-22,early_75%,18,36,1.5560531616210938,0.02,16.21820230728769,13.402806977095457,12.02521084533662,195.0273022774593,0.8972158493281996,0.0845639849413002,True,0.0,2pct_UNFILTERED_early75pct
put,1999-02-23,1999-04-01,1999-03-10,early_75%,15,37,1.5808517456054716,0.02,15.964585122047515,13.289661770546585,9.891752010852239,157.91771698343524,0.7443193199073722,0.06831532151965522,True,0.0,2pct_UNFILTERED_early75pct
call,1999-02-17,1999-03-26,1999-03-19,early_75%,30,37,1.5219575500488247,0.02,16.164872218034816,9.380891270249084,8.422165796338906,136.14323389692186,0.8978001720422113,0.058972613746901506,True,0.0,2pct_UNFILTERED_early75pct
put,1999-03-11,1999-04-16,1999-03-29,early_75%,18,36,1.6195974731445375,0.02,15.582710726922029,13.260437215235235,10.017568838466964,156.100877396859,0.7554478540841427,0.0673679577382223,True,0.0,2pct_UNFILTERED_early75pct
put,1999-03-30,1999-05-06,1999-04-08,early_75%,9,37,1.6215835571289006,0.02,15.576101789224747,13.064635822168905,9.892864714755241,154.09226778405747,0.7572246826787471,0.06635332944946477,True,0.0,2pct_UNFILTERED_early75pct
call,1999-03-22,1999-04-28,1999-04-16,early_75%,25,37,1.6149810791015682,0.02,15.327902929879917,10.190592536143903,8.90775658951693,136.5372283271137,0.874115666770404,0.05887187141694905,True,0.0,2pct_UNFILTERED_early75pct
put,1999-04-09,1999-05-14,1999-04-27,early_75%,18,35,1.6763488769531278,0.02,15.05689572064928,13.226230930761073,10.434607172213326,157.1127920779551,0.7889327826527591,0.06757786377304233,True,0.0,2pct_UNFILTERED_early75pct
call,1999-04-19,1999-05-26,1999-05-18,early_75%,29,37,1.609543151855462,0.02,15.405805281974596,10.115509048570678,7.976507778000947,122.88452565803844,0.7885423995669332,0.0528810057721986,True,0.0,2pct_UNFILTERED_early75pct
call,1999-05-19,1999-06-25,1999-05-28,early_75%,9,37,1.6767364501953068,0.02,14.860570453799538,10.578293321188156,7.931264514474079,117.86311510506223,0.7497678759377829,0.05048694584995643,True,0.0,2pct_UNFILTERED_early75pct
put,1999-04-28,1999-06-04,1999-06-01,early_75%,34,37,1.682563018798831,0.02,15.062367321366166,13.832169801712801,12.531805403679225,188.7586561900979,0.9059898470974124,0.08115185907171271,True,0.0,2pct_UNFILTERED_early75pct
put,1999-06-02,1999-07-09,1999-06-16,early_75%,14,37,1.614204254150394,0.02,15.816352528998907,13.531681934275863,12.25316434474568,193.8003668722576,0.905516727651447,0.08285393503488314,True,0.0,2pct_UNFILTERED_early75pct
call,1999-06-01,1999-07-08,1999-06-23,early_75%,22,37,1.6126506042480457,0.02,15.469591927545448,10.12814507072521,7.9133040218787265,122.41558401706807,0.7813181946565568,0.05235851216984056,True,0.0,2pct_UNFILTERED_early75pct
put,1999-06-17,1999-07-23,1999-06-30,early_75%,13,36,1.6724644470214827,0.02,15.227864765851821,13.283679499446354,10.558176286851491,160.77848067019804,0.7948231728484222,0.06857616692549638,True,0.0,2pct_UNFILTERED_early75pct
put,1999-07-01,1999-08-06,1999-07-15,early_75%,14,36,1.720756683349606,0.02,14.767202031831598,13.212128336510865,11.355370407571822,167.687048954895,0.8594656453791769,0.07147876981516736,True,0.0,2pct_UNFILTERED_early75pct
call,1999-06-24,1999-07-30,1999-07-22,early_75%,28,36,1.645958099365231,0.02,15.214383580651985,10.418933550252593,8.494058519140998,129.2318644667159,0.8152522019813698,0.055092947257928716,True,0.0,2pct_UNFILTERED_early75pct
call,1999-07-23,1999-08-27,1999-08-06,early_75%,14,35,1.6923168945312455,0.02,14.783105656729472,10.71374574997799,8.870592924417323,131.13491243949815,0.8279637328929097,0.05595955080662104,True,0.0,2pct_UNFILTERED_early75pct
put,1999-07-16,1999-08-20,1999-08-20,early_75%,35,35,1.7678944396972724,0.02,14.335739530267302,12.958782695538284,12.958782695538284,185.77373335257204,1.0,0.07909864121130726,True,0.0,2pct_UNFILTERED_early75pct
call,1999-08-09,1999-09-15,1999-08-31,early_75%,22,37,1.6218040466308565,0.02,15.340466213035477,10.145437479800224,8.304877539241293,127.40069329412826,0.8185824963956927,0.05462478594959912,True,0.0,2pct_UNFILTERED_early75pct
call,1999-09-01,1999-10-08,1999-09-21,early_75%,20,37,1.6666061401367216,0.02,15.11023525863812,10.547695339925292,8.727831034243083,131.87958022505583,0.827463322836636,0.05590716712229929,True,0.0,2pct_UNFILTERED_early75pct
put,1999-08-23,1999-09-29,1999-09-28,early_75%,36,37,1.7012777709961,0.02,15.095944887431852,13.674964862479664,12.569590148331741,189.7498401368223,0.9191680033357331,0.08034109434402771,True,0.0,2pct_UNFILTERED_early75pct
put,1999-09-29,1999-11-05,1999-10-06,early_75%,7,37,1.5853515624999943,0.02,16.33232270244825,13.327490140425422,12.236673196530472,199.8532954501346,0.9181528605610261,0.08427015958852098,True,0.0,2pct_UNFILTERED_early75pct
call,1999-09-22,1999-10-29,1999-10-12,early_75%,20,37,1.632817077636716,0.02,15.4713994921777,10.298481358058806,8.153076628110128,126.13950560382891,0.7916775633846393,0.053293925220882915,True,0.0,2pct_UNFILTERED_early75pct
put,1999-10-07,1999-11-12,1999-10-28,early_75%,21,36,1.6486402893066412,0.02,15.682822531039513,13.372563930446082,12.849210583917626,201.5118892515347,0.9608636496897273,0.08481804954423758,True,0.0,2pct_UNFILTERED_early75pct
put,1999-10-29,1999-12-03,1999-11-12,early_75%,14,35,1.7127105712890653,0.02,15.092778221720717,13.593408701263755,10.905057368777756,164.58761236210395,0.8022312584307079,0.06916045157650873,True,0.0,2pct_UNFILTERED_early75pct
call,1999-10-13,1999-11-19,1999-11-19,early_75%,37,37,1.6025405883789006,0.02,15.83102156966677,10.08623086000768,10.08623086000768,159.6753383014202,1.0,0.06716638973757574,True,0.0,2pct_UNFILTERED_early75pct
put,1999-11-15,1999-12-22,1999-12-02,early_75%,17,37,1.7511921691894514,0.02,14.789840583102484,14.110660536008915,10.558467126347033,156.15804560060081,0.7482617202364794,0.0655770560493394,True,0.0,2pct_UNFILTERED_early75pct
call,1999-11-22,1999-12-29,1999-12-13,early_75%,21,37,1.78107894897461,0.02,14.324119650598163,11.234612213701912,8.334316966698143,119.38175343699456,0.7418428698885999,0.04994398643485953,True,0.0,2pct_UNFILTERED_early75pct
put,1999-12-03,2000-01-07,1999-12-23,early_75%,20,35,1.7982676696777276,0.02,14.392804518326699,13.659876459340289,12.043647554218543,173.34186493549095,0.8816805620510126,0.07247922565902118,True,0.0,2pct_UNFILTERED_early75pct
call,1999-12-14,2000-01-20,2000-01-06,early_75%,23,37,1.7595913696289074,0.02,14.507425610988872,11.135368047672358,10.130630530506863,146.96936881374106,0.9097706054380917,0.06146340783966559,True,0.0,2pct_UNFILTERED_early75pct
put,1999-12-27,2000-02-02,2000-01-14,early_75%,18,37,1.8332287597656318,0.02,14.202035473843326,14.833428240857643,12.756512449043386,181.16844232383818,0.8599841009043656,0.0757110467182099,True,0.0,2pct_UNFILTERED_early75pct
call,2000-01-07,2000-02-11,2000-01-21,early_75%,14,35,1.8265701293945256,0.02,13.958235987453584,11.553147153631441,8.755729134834874,122.21453350624797,0.7578652828015552,0.05117201235999448,True,0.0,2pct_UNFILTERED_early75pct
call,2000-01-24,2000-03-01,2000-02-11,early_75%,18,37,1.7588192749023506,0.02,14.594069008161284,11.118177872319265,8.830554214910066,128.87371759270698,0.794244732933743,0.053595249169723094,True,0.0,2pct_UNFILTERED_early75pct
put,2000-01-18,2000-02-24,2000-02-24,expired,37,37,1.8273553466796812,0.02,14.285921406742647,14.481860846221457,-28.060648239505973,-400.87221537183376,-1.9376410626696108,-0.1667758427030504,False,28.060648239505973,2pct_UNFILTERED_early75pct
call,2000-02-14,2000-03-22,2000-02-24,early_75%,10,37,1.748244934082038,0.02,14.669088829520605,11.0455881417343,9.313441866477664,136.61970604793703,0.8431820693447777,0.05686594284730762,True,0.0,2pct_UNFILTERED_early75pct
put,2000-02-25,2000-03-31,2000-03-01,early_75%,5,35,1.670897827148437,0.02,15.66888347188569,13.756252763322863,11.850083994790488,185.67758524642983,0.8614325571557807,0.0772830573882771,True,0.0,2pct_UNFILTERED_early75pct
put,2000-03-02,2000-04-07,2000-03-16,early_75%,14,36,1.7361050415039045,0.02,15.025457790116366,13.616442781470612,13.19496559941356,198.26039865602596,0.9690464544359118,0.08247159604873178,True,0.0,2pct_UNFILTERED_early75pct
put,2000-03-17,2000-04-20,2000-03-23,early_75%,6,34,1.8461328125000023,0.02,14.107324054276361,14.623497774240068,11.359398240416064,160.2507120391261,0.7767907798656859,0.066824005585229,True,0.0,2pct_UNFILTERED_early75pct
call,2000-02-25,2000-03-31,2000-03-31,expired,35,35,1.670897827148437,0.02,15.348611772524348,10.556719741414241,-134.663241482669,-2066.8938135471826,-12.756163351991072,-0.8602862483150111,False,134.663241482669,2pct_UNFILTERED_early75pct
call,2000-04-03,2000-05-10,2000-04-14,early_75%,11,37,1.900315856933588,0.02,13.311981658905893,12.013367044301226,10.64119655627854,141.6554133859925,0.8857796916582515,0.059775884946115736,True,0.0,2pct_UNFILTERED_early75pct
put,2000-03-24,2000-04-28,2000-04-25,early_75%,32,35,1.9293705749511787,0.02,13.407304267013567,15.535832951740632,14.509833382281508,194.53775101991874,0.9339591528406482,0.08179105538661961,True,0.0,2pct_UNFILTERED_early75pct
call,2000-04-17,2000-05-24,2000-05-09,early_75%,22,37,1.768394012451168,0.02,14.143436292533027,10.998438436534263,8.61562219925902,121.85450369575324,0.7833495863048995,0.051951110590230776,True,0.0,2pct_UNFILTERED_early75pct
put,2000-04-26,2000-06-02,2000-05-16,early_75%,20,37,1.8404405212402395,0.02,14.100441971051653,15.545558071645877,12.69270159682377,178.97270232188822,0.8164841389627859,0.07532827915291765,True,0.0,2pct_UNFILTERED_early75pct
call,2000-05-10,2000-06-16,2000-05-25,early_75%,15,37,1.7354121398925741,0.02,14.606402263231775,10.742779031010896,8.899444629512036,129.98886817801048,0.8284117735105828,0.054665418815570965,True,0.0,2pct_UNFILTERED_early75pct
put,2000-05-17,2000-06-23,2000-06-02,early_75%,16,37,1.823753509521481,0.02,14.21956718264646,14.920202841646788,13.04368598899314,185.47556922983227,0.8742298028673093,0.07789360993778342,True,0.0,2pct_UNFILTERED_early75pct
put,2000-06-05,2000-07-12,2000-06-19,early_75%,14,37,1.8484895324707082,0.02,14.017125979977713,14.888938263763002,11.415396949788262,160.0110571566354,0.7667032227255106,0.06716519147700355,True,0.0,2pct_UNFILTERED_early75pct
call,2000-05-26,2000-06-30,2000-06-26,early_75%,31,35,1.7338421630859386,0.02,14.65169685989466,10.96694890099242,8.428845036878915,123.49688235937748,0.7685679137354394,0.05189623721304172,True,0.0,2pct_UNFILTERED_early75pct
put,2000-06-20,2000-07-27,2000-07-11,early_75%,21,37,1.8630740356445301,0.02,13.920722547086681,14.6338975388805,11.646741666426863,162.13105931592233,0.7958742116024029,0.06784239418219816,True,0.0,2pct_UNFILTERED_early75pct
call,2000-06-27,2000-08-03,2000-07-21,early_75%,24,37,1.828047180175787,0.02,13.986767174700343,11.56842207245859,10.015590574812496,140.08573348702555,0.8657698095799096,0.05848988101227332,True,0.0,2pct_UNFILTERED_early75pct
put,2000-07-12,2000-08-18,2000-08-07,early_75%,26,37,1.8780285644531318,0.02,13.857546417116657,14.561248024179646,12.891443796329904,178.64378079129222,0.885325473127238,0.07441309229242465,True,0.0,2pct_UNFILTERED_early75pct
call,2000-07-24,2000-08-30,2000-08-11,early_75%,18,37,1.8492993164062455,0.02,13.870684877300326,11.662812914196682,8.615356537204251,119.50089563314951,0.7387031413937128,0.04972297456395677,True,0.0,2pct_UNFILTERED_early75pct
put,2000-08-08,2000-09-14,2000-08-21,early_75%,13,37,1.8725190734863304,0.02,13.91573800507706,14.221088739337773,10.907662153967983,151.78816878251297,0.7670061240666948,0.06303884037327222,True,0.0,2pct_UNFILTERED_early75pct
call,2000-08-14,2000-09-20,2000-09-08,early_75%,25,37,1.8799954223632795,0.02,13.66154310877111,11.743607635327447,10.44603915439126,142.7090142236271,0.8895085291309627,0.059266311673638036,True,0.0,2pct_UNFILTERED_early75pct
call,2000-09-11,2000-10-18,2000-09-21,early_75%,10,37,1.8839317321777287,0.02,13.683282842471838,11.804869484050709,10.270043151056575,140.52790524029783,0.8699836253956215,0.05815811655647812,True,0.0,2pct_UNFILTERED_early75pct
put,2000-08-22,2000-09-28,2000-09-27,early_75%,36,37,1.8921957397461,0.02,13.76708543543,14.01861028873025,12.183915373448864,167.7370038843195,0.8691243370424299,0.06954251344926148,True,0.0,2pct_UNFILTERED_early75pct
call,2000-09-22,2000-10-27,2000-10-06,early_75%,14,35,1.8342176818847662,0.02,14.039071233333972,11.57850108450158,9.534578967556104,133.85663330536804,0.8234726496954454,0.05548415790877123,True,0.0,2pct_UNFILTERED_early75pct
call,2000-10-09,2000-11-15,2000-10-25,early_75%,16,37,1.7675416564941457,0.02,14.602889578088888,11.174166974343965,8.504956719871752,124.19694384671226,0.7611266897478125,0.05136463816841569,True,0.0,2pct_UNFILTERED_early75pct
put,2000-09-28,2000-11-03,2000-10-31,early_75%,33,36,1.8306680297851585,0.02,14.327305274978077,14.00481157656834,13.815992993265935,197.94594929147917,0.9865175920239927,0.08172146133318751,True,0.0,2pct_UNFILTERED_early75pct
call,2000-10-26,2000-12-01,2000-11-13,early_75%,18,36,1.7257197570800713,0.02,14.919348119049122,10.770354220057188,8.019106035775007,119.63983455129531,0.7445536025956654,0.04956134531922614,True,0.0,2pct_UNFILTERED_early75pct
call,2000-11-14,2000-12-21,2000-11-22,early_75%,8,37,1.756493988037107,0.02,14.723801631570495,11.024145280588726,8.809763483289927,129.7132099490144,0.7991334710367185,0.053514046567907494,True,0.0,2pct_UNFILTERED_early75pct
put,2000-11-01,2000-12-08,2000-12-05,early_75%,34,37,1.7987103271484415,0.02,14.704578706230823,14.766691779013833,14.449283491477114,212.47062634906695,0.9785051186625421,0.08751607262157325,True,0.0,2pct_UNFILTERED_early75pct
call,2000-11-24,2000-12-29,2000-12-08,early_75%,14,35,1.7024424743652276,0.02,15.187714601114662,10.737446837217327,8.889154973531458,135.00594878307473,0.8278648647386584,0.055729003027662545,True,0.0,2pct_UNFILTERED_early75pct
call,2000-12-11,2001-01-17,2000-12-19,early_75%,8,37,1.7501818847656239,0.02,14.894504141240816,11.071635485582327,8.769117243596165,130.61165309976934,0.792034497072764,0.05348765853026883,True,0.0,2pct_UNFILTERED_early75pct
put,2000-12-06,2001-01-12,2001-01-03,early_75%,28,37,1.7109243774414011,0.02,15.544017799252357,14.170951568683495,13.031290943601842,202.5586183745831,0.919577692467724,0.083043382147371,True,0.0,2pct_UNFILTERED_early75pct
call,2000-12-20,2001-01-26,2001-01-16,early_75%,27,37,1.598832702636713,0.02,16.25762996608871,9.790861161009822,7.957705549018133,129.37343219502762,0.8127687052399568,0.0530187075855059,True,0.0,2pct_UNFILTERED_early75pct
put,2001-01-04,2001-02-09,2001-01-18,early_75%,14,36,1.691239929199213,0.02,15.7907597618443,14.235262126531717,11.163349382781561,176.27776824103648,0.7842039917182335,0.07207334791627072,True,0.0,2pct_UNFILTERED_early75pct
put,2001-01-19,2001-02-23,2001-01-30,early_75%,11,35,1.6971760559082014,0.02,15.72564994597582,13.654152191495763,10.879876759128887,171.09313336941875,0.7968181844278268,0.06971444320977706,True,0.0,2pct_UNFILTERED_early75pct
call,2001-01-17,2001-02-23,2001-02-06,early_75%,20,37,1.6900526428222662,0.02,15.492312051807609,10.665998208762845,7.9217407713781345,122.72608002371717,0.7427097413976579,0.050030172349685695,True,0.0,2pct_UNFILTERED_early75pct
call,2001-02-07,2001-03-16,2001-02-16,early_75%,9,37,1.7057160949706969,0.02,15.394449211228748,10.793214946215784,8.26989941998026,127.31054660285618,0.7662127976872891,0.05175855874148325,True,0.0,2pct_UNFILTERED_early75pct
call,2001-02-20,2001-03-29,2001-03-08,early_75%,16,37,1.625933380126952,0.02,16.129049544729817,10.266651072771149,7.61811218839744,122.8729089239724,0.7420250415056892,0.050011671240522276,True,0.0,2pct_UNFILTERED_early75pct
put,2001-01-31,2001-03-09,2001-03-09,expired,37,37,1.7352238464355452,0.02,15.39223456025846,13.85042449320756,-159.67196015034696,-2457.708263330382,-11.528308047789604,-1.0000000000000002,False,159.67196015034696,2pct_UNFILTERED_early75pct
call,2001-03-09,2001-04-12,2001-03-16,early_75%,7,34,1.5622332763671807,0.02,16.842109509900165,9.870331013764055,7.831699768163308,131.90234514406617,0.7934586750172916,0.05351239775663727,True,0.0,2pct_UNFILTERED_early75pct
call,2001-03-19,2001-04-25,2001-04-03,early_75%,15,37,1.4901235961914097,0.02,17.290419697060678,9.228773837888845,7.7453962334793145,133.92115159689033,0.8392660140484205,0.05540991233119542,True,0.0,2pct_UNFILTERED_early75pct
put,2001-03-12,2001-04-18,2001-04-10,early_75%,29,37,1.495368194580081,0.02,17.697268682211362,13.014437043238095,12.372365183168663,218.95707088097302,0.9506646458900784,0.09062517782307708,True,0.0,2pct_UNFILTERED_early75pct
put,2001-04-11,2001-05-18,2001-04-18,early_75%,7,37,1.4822509765624972,0.02,17.88380897442859,12.695968516772755,11.964423153856696,213.9694581728036,0.9423797119574133,0.08827934798831151,True,0.0,2pct_UNFILTERED_early75pct
put,2001-04-19,2001-05-25,2001-05-10,early_75%,21,36,1.5955181884765608,0.02,16.528342818434385,13.031478578387807,10.278663482821395,169.88927375939477,0.788756503799051,0.0701517855059014,True,0.0,2pct_UNFILTERED_early75pct
call,2001-04-04,2001-05-11,2001-05-10,early_75%,36,37,1.4075863647460949,0.02,18.265512067996184,8.486387722373939,6.509579505169337,118.90080300925115,0.7670612889872042,0.04921349388534772,True,0.0,2pct_UNFILTERED_early75pct
put,2001-05-11,2001-06-15,2001-05-17,early_75%,6,35,1.5891694641113219,0.02,16.676733644974878,12.832995479760772,10.183115957012834,169.82111249099648,0.7935104452481787,0.06970728743362607,True,0.0,2pct_UNFILTERED_early75pct
call,2001-05-11,2001-06-15,2001-05-30,early_75%,19,35,1.5891694641113219,0.02,16.36606633175478,10.05997063552137,7.965978432703215,130.3717314269488,0.7918490740495455,0.053514310573602196,True,0.0,2pct_UNFILTERED_early75pct
call,2001-05-31,2001-07-06,2001-06-14,early_75%,14,36,1.599327239990231,0.02,16.270288774745126,10.124207835045288,8.811491378064494,143.3655092572862,0.8703388474072231,0.05881836095632633,True,0.0,2pct_UNFILTERED_early75pct
put,2001-05-18,2001-06-22,2001-06-21,early_75%,34,35,1.6474539184570318,0.02,16.052034642675267,12.898253921825933,12.889947268136005,206.90988009037656,0.9993559861869464,0.08488765375741153,True,0.0,2pct_UNFILTERED_early75pct
call,2001-06-15,2001-07-20,2001-07-05,early_75%,20,35,1.5516658020019491,0.02,16.773327093661894,9.823285595600026,9.070544428297282,152.14320861342273,0.92337175174466,0.06240772546799366,True,0.0,2pct_UNFILTERED_early75pct
put,2001-06-22,2001-07-27,2001-07-19,early_75%,27,35,1.564400177001957,0.02,16.96270799811711,12.022604890411719,10.30783619557967,174.8488154780403,0.8573712843046507,0.07137530021505367,True,0.0,2pct_UNFILTERED_early75pct
call,2001-07-06,2001-08-10,2001-07-30,early_75%,24,35,1.5160105895996026,0.02,17.272909804313226,9.587558449363456,7.1626625338239265,123.72002390547432,0.7470788910079057,0.050436490249667926,True,0.0,2pct_UNFILTERED_early75pct
put,2001-07-20,2001-08-24,2001-08-02,early_75%,13,35,1.545171203613279,0.02,17.257118391794528,12.28685609427069,9.461969310468614,163.28632461028332,0.7700887222794683,0.0665257099762006,True,0.0,2pct_UNFILTERED_early75pct
call,2001-07-31,2001-09-06,2001-08-13,early_75%,13,37,1.5452987670898466,0.02,16.987529057911203,9.777727184640858,7.89391361456858,134.09808690812463,0.8073362516156692,0.0545339992567158,True,0.0,2pct_UNFILTERED_early75pct
call,2001-08-14,2001-09-20,2001-08-28,early_75%,14,37,1.5188113403320358,0.02,17.302464909973686,9.592917346096128,7.237591250570773,125.22816864573338,0.754472387225992,0.050865710591385616,True,0.0,2pct_UNFILTERED_early75pct
put,2001-08-03,2001-09-07,2001-09-07,expired,35,35,1.5528118896484386,0.02,17.165605341906893,11.90839665950008,-143.37279230534378,-2461.0807694807168,-12.03963861843368,-1.0,False,143.37279230534378,2pct_UNFILTERED_early75pct
call,2001-08-29,2001-10-05,2001-09-17,early_75%,19,37,1.4713131713867256,0.02,17.87162761930726,9.311204302872087,7.63905799284594,136.5223998104354,0.8204156781835015,0.055427744439210766,True,0.0,2pct_UNFILTERED_early75pct
put,2001-09-10,2001-10-17,2001-10-10,early_75%,30,37,1.401402282714841,0.02,18.93307121713381,12.344273761003635,11.838561381263418,224.14032573987032,0.9590326341159254,0.092636433028031,True,0.0,2pct_UNFILTERED_early75pct
call,2001-09-18,2001-10-25,2001-10-16,early_75%,28,37,1.3249963378906244,0.02,19.31500549508654,7.688473932296425,6.255230918202235,120.8198195581114,0.8135855012691572,0.05011756100480737,True,0.0,2pct_UNFILTERED_early75pct
put,2001-10-11,2001-11-16,2001-11-05,early_75%,25,36,1.4060218811035128,0.02,18.91614987726435,12.312523023209312,11.47442307826294,217.05190670356274,0.9319310962207714,0.08944152337188525,True,0.0,2pct_UNFILTERED_early75pct
call,2001-10-17,2001-11-23,2001-11-12,early_75%,26,37,1.3759837341308554,0.02,18.76027140932615,8.234629123090775,7.025821108871267,131.80631087579778,0.853204316047473,0.054310588700350854,True,0.0,2pct_UNFILTERED_early75pct
put,2001-11-06,2001-12-13,2001-11-19,early_75%,13,37,1.4366979980468741,0.02,18.528626827196565,12.343147937274674,11.065732272415104,205.0328238452453,0.8965081135419318,0.08426113142355184,True,0.0,2pct_UNFILTERED_early75pct
call,2001-11-13,2001-12-20,2001-11-30,early_75%,17,37,1.4641796875000068,0.02,17.738590827578257,9.200400133953861,7.506687670216039,133.15806105238903,0.8159088258034326,0.05470646175943228,True,0.0,2pct_UNFILTERED_early75pct
put,2001-11-20,2001-12-27,2001-12-05,early_75%,15,37,1.4673754882812489,0.02,18.10134739837851,12.024301583699135,9.921876108647568,179.59932628630156,0.825151967420566,0.0736518220115737,True,0.0,2pct_UNFILTERED_early75pct
call,2001-12-03,2002-01-09,2001-12-24,early_75%,21,37,1.4490971374511759,0.02,17.9809265884286,9.12558630806817,7.116398903223301,127.95944625283197,0.7798292255404462,0.052409652273403745,True,0.0,2pct_UNFILTERED_early75pct
put,2001-12-06,2002-01-11,2001-12-27,early_75%,21,36,1.499841156005857,0.02,17.718943760239128,12.184774601623522,9.353734149233068,165.73828933848893,0.7676575443575919,0.06787938230636034,True,0.0,2pct_UNFILTERED_early75pct
call,2001-12-26,2002-02-01,2002-01-14,early_75%,19,37,1.4796049499511668,0.02,17.665851380321826,9.365271865132375,7.2357583633498965,127.82583187085996,0.7726159440484777,0.052207848149020956,True,0.0,2pct_UNFILTERED_early75pct
put,2001-12-28,2002-02-01,2002-01-24,early_75%,27,35,1.4878141784667918,0.02,17.86817312391721,11.677169445707438,9.265996677186518,165.56643279361032,0.7935139350566438,0.06758358537576029,True,0.0,2pct_UNFILTERED_early75pct
call,2002-01-15,2002-02-21,2002-01-28,early_75%,13,37,1.476911468505861,0.02,17.730301692145982,9.34797964273434,7.053658183395918,125.063487624884,0.7545649918994348,0.050986675567418864,True,0.0,2pct_UNFILTERED_early75pct
call,2002-01-29,2002-03-07,2002-02-19,early_75%,21,37,1.4144493103027287,0.02,18.55793601579742,8.93711494055474,8.043368844308265,149.26832436413122,0.8999961282593734,0.06070108980486311,True,0.0,2pct_UNFILTERED_early75pct
put,2002-01-25,2002-03-01,2002-02-25,early_75%,31,35,1.4563902282714878,0.02,18.309139335079227,11.36547064985115,11.112192672130446,203.4546839522827,0.9777151351207772,0.0827578662509626,True,0.0,2pct_UNFILTERED_early75pct
put,2002-02-26,2002-04-04,2002-03-04,early_75%,6,37,1.4265057373046943,0.02,18.776987660987448,11.333501912099388,9.446775950567883,177.38199545992612,0.8335266560887699,0.07193867346992097,True,0.0,2pct_UNFILTERED_early75pct
put,2002-03-05,2002-04-11,2002-03-18,early_75%,13,37,1.4798617553710898,0.02,18.069941760647165,11.52259300136471,8.77207211613176,158.51083225869783,0.761293236261388,0.06428141452195914,True,0.0,2pct_UNFILTERED_early75pct
call,2002-02-20,2002-03-28,2002-03-20,early_75%,28,36,1.4184252929687489,0.02,18.504846075582563,8.979062888430715,7.1783527556837186,132.83431282016113,0.7994545583295598,0.05402804058729192,True,0.0,2pct_UNFILTERED_early75pct
call,2002-03-21,2002-04-26,2002-04-04,early_75%,14,36,1.4829431152343773,0.02,17.77715571804841,9.265657005186487,7.349742420988669,130.65751550546167,0.7932240980725515,0.05286494677270877,True,0.0,2pct_UNFILTERED_early75pct
call,2002-04-05,2002-05-10,2002-04-22,early_75%,17,35,1.4494999694824173,0.02,18.184825412465838,9.094448019501806,7.766157834364595,141.22622434357393,0.8539449362634353,0.057164818777024444,True,0.0,2pct_UNFILTERED_early75pct
put,2002-03-19,2002-04-25,2002-04-25,expired,37,37,1.5107263183593744,0.02,17.696618204714675,11.342867237948589,-6.261525162547194,-110.80782018081169,-0.5520231376418385,-0.044811677601848024,False,6.261525162547194,2pct_UNFILTERED_early75pct
call,2002-04-23,2002-05-30,2002-05-03,early_75%,10,37,1.4215873718261776,0.02,18.606982465172752,8.974484916697639,7.100840060179875,132.12520648776317,0.7912253601282765,0.05331591340094849,True,0.0,2pct_UNFILTERED_early75pct
put,2002-04-26,2002-05-31,2002-05-08,early_75%,12,35,1.38132751464844,0.02,19.491635376707578,10.954361769411534,8.418751940926617,164.09524315949082,0.7685296613477528,0.066196403029539,True,0.0,2pct_UNFILTERED_early75pct
put,2002-05-09,2002-06-14,2002-05-16,early_75%,7,36,1.3859585571289088,0.02,19.436319203118,10.948626827260256,9.086888219380207,176.61565999492623,0.8299568852557263,0.07118750872000423,True,0.0,2pct_UNFILTERED_early75pct
call,2002-05-06,2002-06-12,2002-05-29,early_75%,23,37,1.3566313171386781,0.02,19.538232026369794,8.586920198675452,6.797424263070145,132.8096524335402,0.7916021234386992,0.053490926287627735,True,0.0,2pct_UNFILTERED_early75pct
call,2002-05-30,2002-07-05,2002-06-11,early_75%,12,36,1.376310577392573,0.02,19.262904636260103,8.690641609353927,7.198473309588659,138.66350488926997,0.828301710410056,0.05582790505605648,True,0.0,2pct_UNFILTERED_early75pct
put,2002-05-17,2002-06-21,2002-06-21,expired,35,35,1.4264753723144565,0.02,18.807483755888796,10.515642187595693,-132.13189504384997,-2485.068469672012,-12.565271115796754,-1.0,False,132.13189504384997,2pct_UNFILTERED_early75pct
call,2002-06-12,2002-07-19,2002-06-25,early_75%,13,37,1.3194583129882744,0.02,19.950233184504608,8.339752839483214,6.627248196959965,132.215146900939,0.7946576264927573,0.053615876173433975,True,0.0,2pct_UNFILTERED_early75pct
call,2002-06-26,2002-08-02,2002-07-10,early_75%,14,37,1.2613441467285185,0.02,20.65346270802867,7.864492394367067,6.204915275521055,128.15298624945154,0.7889784825738171,0.05246401752857015,True,0.0,2pct_UNFILTERED_early75pct
call,2002-07-11,2002-08-16,2002-07-19,early_75%,8,36,1.198741683959966,0.02,21.620374603782427,7.262779755889878,6.028727216194998,130.34334079815426,0.8300853693526774,0.0535356795524663,True,0.0,2pct_UNFILTERED_early75pct
put,2002-06-24,2002-07-31,2002-07-31,early_75%,37,37,1.2881921386718744,0.02,20.734059211557447,10.881970138993777,10.881970138993777,225.627413200297,1.0,0.09226915768926326,True,0.0,2pct_UNFILTERED_early75pct
put,2002-08-01,2002-09-06,2002-08-14,early_75%,13,36,1.1459494781494115,0.02,23.526209147223014,10.424969104882098,9.089344182057621,213.8378122381823,0.8718821217226445,0.08725492982346093,True,0.0,2pct_UNFILTERED_early75pct
call,2002-07-22,2002-08-28,2002-08-27,early_75%,36,37,1.0610163879394534,0.02,24.119394395444456,5.989805812221857,5.959869694120625,143.74844769795226,0.9950021554888893,0.059532120395884326,True,0.0,2pct_UNFILTERED_early75pct
put,2002-08-15,2002-09-20,2002-09-16,early_75%,32,36,1.206873245239258,0.02,22.279483412974216,10.390731840139106,8.077291299758945,179.95787753474036,0.777355380162598,0.07323246442359306,True,0.0,2pct_UNFILTERED_early75pct
call,2002-08-28,2002-10-04,2002-09-16,early_75%,19,37,1.1888027954101545,0.02,22.072627441907578,7.205094088944122,5.4277057931319606,119.80372783608524,0.7533150471220799,0.04860261275734724,True,0.0,2pct_UNFILTERED_early75pct
call,2002-09-17,2002-10-24,2002-09-27,early_75%,10,37,1.1336867523193348,0.02,23.130402177542628,6.6272479114607235,5.309573194227973,122.81256337359267,0.8011731664732126,0.049742385196769885,True,0.0,2pct_UNFILTERED_early75pct
put,2002-09-17,2002-10-24,2002-10-14,early_75%,27,37,1.1336867523193348,0.02,23.980905931927722,10.412925772930429,7.871592374809767,188.76791627479255,0.7559443470991464,0.07645607376151665,True,0.0,2pct_UNFILTERED_early75pct
call,2002-09-30,2002-11-06,2002-10-31,early_75%,31,37,1.0604560852050824,0.02,24.690221762773003,6.108925653572414,5.5658625009320435,137.42237944911452,0.911103329220778,0.055693888782989774,True,0.0,2pct_UNFILTERED_early75pct
put,2002-10-15,2002-11-21,2002-11-01,early_75%,17,37,1.1500489807128886,0.02,23.64260606700224,10.292863868620842,8.946453793773063,211.51748274281425,0.8691899463518129,0.08543863999869761,True,0.0,2pct_UNFILTERED_early75pct
call,2002-11-01,2002-12-06,2002-11-19,early_75%,18,35,1.1704051208496082,0.02,22.60732901765693,7.296635955252439,5.680050613262573,128.41077305097102,0.7784478557099759,0.05175733547582383,True,0.0,2pct_UNFILTERED_early75pct
put,2002-11-04,2002-12-11,2002-11-20,early_75%,16,37,1.1815558624267553,0.02,23.015076299896474,10.325016356029545,9.080833615753766,208.99607853323772,0.8794982305718859,0.08421390729270697,True,0.0,2pct_UNFILTERED_early75pct
call,2002-11-20,2002-12-27,2002-12-09,early_75%,19,37,1.1976322937011759,0.02,22.167163226529418,7.55123361379367,5.82932771766396,129.2196590183892,0.7719702522533083,0.05194923838911792,True,0.0,2pct_UNFILTERED_early75pct
put,2002-11-21,2002-12-27,2002-12-23,early_75%,32,36,1.2199337768554699,0.02,22.205043449920208,9.922705626835414,7.917889356022966,175.8170771821507,0.7979566918330689,0.07065085994911267,True,0.0,2pct_UNFILTERED_early75pct
call,2002-12-10,2003-01-16,2002-12-24,early_75%,14,37,1.1759802246093756,0.02,22.517650497053044,7.32063442067781,5.407685677872129,121.76837609224397,0.7386908520657198,0.04903712151667853,True,0.0,2pct_UNFILTERED_early75pct
put,2002-12-24,2003-01-30,2003-01-06,early_75%,13,37,1.1641696929931626,0.02,23.4193573074841,9.78676305757796,8.677381110651293,203.21868872355583,0.8866446504937436,0.081378264344524,True,0.0,2pct_UNFILTERED_early75pct
call,2002-12-26,2003-01-31,2003-01-17,early_75%,22,36,1.1646905517578148,0.02,22.8742349869351,7.305695562106306,5.706497891245357,130.53177371679593,0.7811026127127745,0.05227484672000228,True,0.0,2pct_UNFILTERED_early75pct
call,2003-01-21,2003-02-27,2003-02-05,early_75%,15,37,1.162866516113283,0.02,22.95564870353291,7.276575225408025,5.640881058383375,129.49008395466166,0.7752109864386195,0.051746418729341895,True,0.0,2pct_UNFILTERED_early75pct
put,2003-01-07,2003-02-13,2003-02-13,expired,37,37,1.2082086181640648,0.02,22.561754039449223,10.013695585974075,-110.8071662304324,-2500.00403029938,-11.065561687898436,-0.9999999999999999,False,110.8071662304324,2pct_UNFILTERED_early75pct
call,2003-02-06,2003-03-14,2003-02-24,early_75%,18,36,1.1003255462646493,0.02,24.106844175384072,6.688869937566158,5.276675457205365,127.20399301092324,0.7888739811743685,0.05105948634490859,True,0.0,2pct_UNFILTERED_early75pct
call,2003-02-25,2003-04-03,2003-03-10,early_75%,13,37,1.1005864715576195,0.02,23.81463882327128,6.739722874654913,4.9864092841036,118.74953612593396,0.739853756132208,0.048262303530539355,True,0.0,2pct_UNFILTERED_early75pct
put,2003-02-14,2003-03-21,2003-03-13,early_75%,27,35,1.09641746520996,0.02,24.586114872881485,9.651584033936937,9.248658817297153,227.38858810215604,0.958252944260443,0.09249568744819404,True,0.0,2pct_UNFILTERED_early75pct
put,2003-03-14,2003-04-17,2003-03-21,early_75%,7,34,1.0961569213867222,0.02,24.601275618738487,9.493929477794957,8.672574747963935,213.35640169877223,0.9134863249456338,0.08662027632632517,True,0.0,2pct_UNFILTERED_early75pct
put,2003-03-24,2003-04-30,2003-04-08,early_75%,15,37,1.134065780639645,0.02,23.748129695718635,9.875617981954402,7.979717911224174,189.5033758910007,0.8080221334812077,0.07707566804077921,True,0.0,2pct_UNFILTERED_early75pct
call,2003-03-11,2003-04-17,2003-04-11,early_75%,31,37,1.0491204833984398,0.02,24.996494199577306,6.345764387696115,5.144704546576849,128.5995773570472,0.8107304703200111,0.05219537899059388,True,0.0,2pct_UNFILTERED_early75pct
put,2003-04-09,2003-05-16,2003-04-15,early_75%,6,37,1.1385134124755893,0.02,23.73147023820516,9.6297156039479,8.025564806348155,190.458452346638,0.8334165967536892,0.07700479393587482,True,0.0,2pct_UNFILTERED_early75pct
put,2003-04-16,2003-05-23,2003-04-22,early_75%,6,37,1.1544730377197254,0.02,23.35715608164577,9.276105482592563,7.499446101341501,175.16573311492328,0.8084692563506182,0.07063540981143519,True,0.0,2pct_UNFILTERED_early75pct
put,2003-04-23,2003-05-30,2003-05-09,early_75%,16,37,1.2058849334716797,0.02,22.347418576879136,9.460675597402215,7.924181073868845,177.0849913367307,0.8375914586950564,0.07130690797611339,True,0.0,2pct_UNFILTERED_early75pct
call,2003-04-14,2003-05-21,2003-05-19,early_75%,35,37,1.1636305236816469,0.02,22.733852621160022,7.361855306918342,7.361357974950383,167.352027294123,0.9999324447510546,0.06753465258564209,True,0.0,2pct_UNFILTERED_early75pct
put,2003-05-12,2003-06-18,2003-05-30,early_75%,18,37,1.2412062072753898,0.02,21.71730774952954,9.54467907793724,8.44132920062868,183.32294406514322,0.884401574081314,0.0736745348028132,True,0.0,2pct_UNFILTERED_early75pct
put,2003-06-02,2003-07-09,2003-06-11,early_75%,9,37,1.273517837524416,0.02,21.215546868229552,9.998681154148988,7.88196369303097,167.22017014318223,0.7883003339655772,0.0671645105115921,True,0.0,2pct_UNFILTERED_early75pct
call,2003-05-20,2003-06-26,2003-06-24,early_75%,35,37,1.20954780578613,0.02,21.952441876914264,7.650573724570658,5.901025977439538,129.54192978390265,0.7713180984698892,0.052081261069513475,True,0.0,2pct_UNFILTERED_early75pct
put,2003-06-12,2003-07-18,2003-07-07,early_75%,25,36,1.3161654663085969,0.02,20.46984088863187,10.22228885289663,9.577887078084984,196.05782453768285,0.9369611068435963,0.07889901263372341,True,0.0,2pct_UNFILTERED_early75pct
call,2003-06-25,2003-08-01,2003-07-17,early_75%,22,37,1.280481872558596,0.02,20.83937736726439,8.093158895918542,6.108457402657022,127.29644894582937,0.7547680060671459,0.05092289573995832,True,0.0,2pct_UNFILTERED_early75pct
call,2003-07-18,2003-08-22,2003-08-05,early_75%,18,35,1.3064782714843801,0.02,20.4434220102643,8.196278349961373,7.278582241324677,148.79912839581576,0.8880350240129387,0.059440507798748446,True,0.0,2pct_UNFILTERED_early75pct
put,2003-07-08,2003-08-14,2003-08-08,early_75%,31,37,1.3280088806152364,0.02,20.412690619402742,10.205420487903254,8.014202243962064,163.59143096732083,0.7852887838831828,0.0653711136518927,True,0.0,2pct_UNFILTERED_early75pct
put,2003-08-11,2003-09-17,2003-08-19,early_75%,8,37,1.29518615722656,0.02,21.023565417412936,9.997309868451357,7.8984390575085115,166.05335022097955,0.7900564413266533,0.06608394211441468,True,0.0,2pct_UNFILTERED_early75pct
put,2003-08-20,2003-09-26,2003-09-03,early_75%,14,37,1.3188189697265642,0.02,20.61053912552804,9.838164201517168,7.856284476643041,161.92225858712996,0.7985518757078179,0.06437269901745324,True,0.0,2pct_UNFILTERED_early75pct
call,2003-08-06,2003-09-12,2003-09-09,early_75%,34,37,1.2732608795165987,0.02,21.00886044865101,8.055510498014664,7.0470452484184225,148.05039019935182,0.8748105101663284,0.05908452360061117,True,0.0,2pct_UNFILTERED_early75pct
put,2003-09-04,2003-10-10,2003-09-18,early_75%,14,36,1.357680969238281,0.02,20.059583882432186,10.250429794754048,7.955688090912421,159.5877926021245,0.7761321476475038,0.06338301430292932,True,0.0,2pct_UNFILTERED_early75pct
call,2003-09-10,2003-10-17,2003-09-30,early_75%,20,37,1.3386437988281301,0.02,20.114228161149377,8.444589045534673,6.865026580522063,138.0847109729759,0.8129497532093819,0.054736389964394526,True,0.0,2pct_UNFILTERED_early75pct
put,2003-09-19,2003-10-24,2003-10-09,early_75%,20,35,1.3663191223144509,0.02,19.946527812623692,10.039782995629185,7.570350597022276,151.0022087348172,0.7540352814715243,0.059801115936048616,True,0.0,2pct_UNFILTERED_early75pct
call,2003-10-01,2003-11-07,2003-10-22,early_75%,21,37,1.3453640747070352,0.02,19.988707838416502,8.507001883458223,7.052805005942782,140.9764587051116,0.8290588273710022,0.0559615827201565,True,0.0,2pct_UNFILTERED_early75pct
put,2003-10-10,2003-11-14,2003-10-28,early_75%,18,35,1.378180694580081,0.02,19.852833051784387,10.307493323082237,8.697701669056999,172.67401917001501,0.8438231679063688,0.06821160983425789,True,0.0,2pct_UNFILTERED_early75pct
call,2003-10-23,2003-11-28,2003-11-18,early_75%,26,36,1.3621023559570347,0.02,19.851193686812,8.483476556605206,7.662220284040336,152.10421892950436,0.9031934293582219,0.05998915451769087,True,0.0,2pct_UNFILTERED_early75pct
put,2003-10-29,2003-12-05,2003-11-24,early_75%,26,37,1.3862208557128923,0.02,19.730671429723994,10.046904905741142,9.107744734554945,179.7019188233024,0.9065224385024756,0.07083594739988087,True,0.0,2pct_UNFILTERED_early75pct
put,2003-11-25,2003-12-31,2003-12-08,early_75%,13,36,1.3968965148925747,0.02,19.644440461148548,10.137023271801128,7.662730362276619,150.53005037157828,0.7559152383118796,0.059147625700148615,True,0.0,2pct_UNFILTERED_early75pct
call,2003-11-19,2003-12-26,2003-12-16,early_75%,27,37,1.3801579284668009,0.02,19.644892707876306,8.66603103996783,6.65900843656431,130.815506277149,0.7684034831923507,0.051480639342149595,True,0.0,2pct_UNFILTERED_early75pct
put,2003-12-09,2004-01-15,2003-12-17,early_75%,8,37,1.4067799377441474,0.02,19.573051631780555,10.455499062964536,8.173539133240602,159.98110346929718,0.7817454799640229,0.06276595415678149,True,0.0,2pct_UNFILTERED_early75pct
put,2003-12-18,2004-01-23,2004-01-05,early_75%,18,36,1.446055297851558,0.02,19.020653681527854,10.364561562143162,9.582525744620142,182.26590358274456,0.9245471395163084,0.0713830201872563,True,0.0,2pct_UNFILTERED_early75pct
put,2004-01-06,2004-02-12,2004-01-16,early_75%,10,37,1.4903620910644548,0.02,18.46441400240137,10.873019566835815,8.664808227038636,159.99060635545476,0.7969090990572183,0.06271430368618222,True,0.0,2pct_UNFILTERED_early75pct
call,2003-12-17,2004-01-23,2004-01-23,early_75%,37,37,1.4299768066406244,0.02,19.01874121347569,8.74927780484863,8.74927780484863,166.40025037522275,1.0,0.0651723046122492,True,0.0,2pct_UNFILTERED_early75pct
put,2004-01-20,2004-02-26,2004-02-10,early_75%,21,37,1.5122109985351528,0.02,18.177704145881854,10.645522271786119,8.377926798124266,152.29147469215815,0.7869906787315007,0.05959731371726662,True,0.0,2pct_UNFILTERED_early75pct
call,2004-01-26,2004-03-03,2004-02-13,early_75%,18,37,1.5343257141113327,0.02,17.78741858145552,9.258413047864746,7.034305008066996,125.1221276081165,0.7597743772826496,0.0487903316927504,True,0.0,2pct_UNFILTERED_early75pct
put,2004-02-11,2004-03-19,2004-03-01,early_75%,19,37,1.536973571777338,0.02,17.98668693891196,10.86921935541626,8.36291913370004,150.42120835329942,0.7694130424861376,0.058552322120895804,True,0.0,2pct_UNFILTERED_early75pct
call,2004-02-17,2004-03-25,2004-03-02,early_75%,14,37,1.538297882080073,0.02,17.777667867715152,9.391461997937167,6.982687305040431,124.13589573311977,0.743514407722054,0.04834372903826687,True,0.0,2pct_UNFILTERED_early75pct
call,2004-03-03,2004-04-08,2004-03-19,early_75%,16,36,1.531941528320317,0.02,17.881759752326516,9.216526027885392,7.97660670534096,142.6357647437038,0.8654678217375018,0.05540170985170904,True,0.0,2pct_UNFILTERED_early75pct
put,2004-03-02,2004-04-08,2004-04-01,early_75%,30,37,1.529161071777338,0.02,18.098320417667,10.66696917668094,8.981100072116309,162.54282680829317,0.8419542536740324,0.06313641121712692,True,0.0,2pct_UNFILTERED_early75pct
call,2004-03-22,2004-04-28,2004-04-14,early_75%,23,37,1.4570518493652287,0.02,18.815713762293903,9.219018161789466,7.282159188658192,137.01902286525095,0.7899061549570353,0.05335455863946412,True,0.0,2pct_UNFILTERED_early75pct
put,2004-04-02,2004-05-07,2004-04-22,early_75%,20,35,1.5233595275878855,0.02,18.219862549670903,10.726196623475081,8.29149753624834,151.0699454413797,0.773013755696197,0.05855173938951988,True,0.0,2pct_UNFILTERED_early75pct
call,2004-04-15,2004-05-21,2004-04-30,early_75%,15,36,1.5010350036621105,0.02,18.333354390383764,9.178923205914923,7.369227399200562,135.10265749286995,0.802842254356351,0.05229199581573594,True,0.0,2pct_UNFILTERED_early75pct
call,2004-05-03,2004-06-09,2004-05-17,early_75%,14,37,1.490271759033206,0.02,18.450345267893237,9.218308309077758,6.830414454775634,126.02350501341918,0.7409618148754433,0.04885537357043082,True,0.0,2pct_UNFILTERED_early75pct
put,2004-04-23,2004-05-28,2004-05-25,early_75%,32,35,1.5196385192871134,0.02,18.250480115659915,10.232197782005178,9.243237069468789,168.69351434067076,0.9033481629649867,0.06521646223010373,True,0.0,2pct_UNFILTERED_early75pct
put,2004-05-26,2004-07-02,2004-06-07,early_75%,12,37,1.4914680480956974,0.02,18.74659551754326,10.696634973363249,9.066063780956567,169.95783063784165,0.8475622290124765,0.06548250386173,True,0.0,2pct_UNFILTERED_early75pct
call,2004-05-18,2004-06-24,2004-06-14,early_75%,27,37,1.4570518493652287,0.02,18.872993023185984,9.17008796623071,7.425528986132747,140.1419567487486,0.8097554803702662,0.05438549611715164,True,0.0,2pct_UNFILTERED_early75pct
put,2004-06-08,2004-07-15,2004-06-30,early_75%,22,37,1.5262834167480435,0.02,18.30270430891762,10.68915151584732,9.011493270549515,164.93469671266874,0.8430503821738728,0.06348840838430589,True,0.0,2pct_UNFILTERED_early75pct
call,2004-06-15,2004-07-22,2004-07-01,early_75%,16,37,1.5151208496093744,0.02,18.25988188131907,9.208136567097155,6.912347562222269,126.21865000880247,0.7506782194045338,0.048574531067062617,True,0.0,2pct_UNFILTERED_early75pct
call,2004-07-02,2004-08-06,2004-07-13,early_75%,11,35,1.5054479980468756,0.02,18.43181764030692,9.101619062609963,6.767954288251659,124.7456992389878,0.7435989401110897,0.04784927949685365,True,0.0,2pct_UNFILTERED_early75pct
put,2004-07-01,2004-08-06,2004-07-30,early_75%,29,36,1.5062478637695307,0.02,18.60637186361633,10.545067638714187,8.27676202883849,154.00051213522852,0.7848941621248546,0.059086084005529234,True,0.0,2pct_UNFILTERED_early75pct
call,2004-07-14,2004-08-20,2004-08-03,early_75%,20,37,1.4873095703125045,0.02,18.662794854676196,8.857906608079466,7.304123172704841,136.31535236547708,0.8245879637117207,0.05221966026055051,True,0.0,2pct_UNFILTERED_early75pct
call,2004-08-04,2004-09-10,2004-08-23,early_75%,19,37,1.4697045898437437,0.02,18.950427048330905,9.055062480431687,7.11504735404379,134.83318582822668,0.7857535350440333,0.051589942344402326,True,0.0,2pct_UNFILTERED_early75pct
put,2004-08-02,2004-09-08,2004-08-25,early_75%,23,37,1.4813085937500006,0.02,18.995780253271928,10.47031671586307,8.869428066838394,168.48170652986457,0.8471021753717107,0.0644297043692476,True,0.0,2pct_UNFILTERED_early75pct
put,2004-08-26,2004-10-01,2004-09-07,early_75%,12,36,1.4817088317871026,0.02,19.008064520194917,10.294402405231484,8.52667548807558,162.07559782010512,0.8282827067011129,0.0618428570285624,True,0.0,2pct_UNFILTERED_early75pct
call,2004-08-24,2004-09-30,2004-09-20,early_75%,27,37,1.4717059326171835,0.02,18.960880603062165,8.977037559355088,6.784825187767696,128.64626029791214,0.7557977944179527,0.04909653820892076,True,0.0,2pct_UNFILTERED_early75pct
put,2004-09-08,2004-10-15,2004-09-29,early_75%,21,37,1.5014462280273477,0.02,18.758909968835813,10.241688693204622,7.943038713032512,149.00274809675437,0.77555947568517,0.056775354738549645,True,0.0,2pct_UNFILTERED_early75pct
put,2004-09-30,2004-11-05,2004-10-06,early_75%,6,36,1.4967143249511707,0.02,18.839192956994566,9.926866814422802,8.15477689619223,153.62941546860665,0.8214854745854057,0.0583548766742406,True,0.0,2pct_UNFILTERED_early75pct
call,2004-09-21,2004-10-28,2004-10-12,early_75%,21,37,1.5127854919433616,0.02,18.478165123150994,8.993154630754177,7.232822778189524,133.64929360187375,0.8042586917670925,0.05083320603898982,True,0.0,2pct_UNFILTERED_early75pct
put,2004-10-07,2004-11-12,2004-11-01,early_75%,25,36,1.5193479919433628,0.02,18.61421645646094,10.437770439413503,8.519067192931502,158.57576073636207,0.8161769069726913,0.060206686090114224,True,0.0,2pct_UNFILTERED_early75pct
put,2004-11-02,2004-12-09,2004-11-04,early_75%,2,37,1.5206866455078085,0.02,18.70740208100271,10.959385382709517,9.24801638982423,173.00636105614495,0.8438444371538123,0.06553797485429129,True,0.0,2pct_UNFILTERED_early75pct
put,2004-11-05,2004-12-10,2004-11-15,early_75%,10,35,1.570640716552731,0.02,18.00835689275691,10.520728696047371,8.231989322186976,148.24460165130714,0.7824542919046784,0.05617443382929682,True,0.0,2pct_UNFILTERED_early75pct
call,2004-10-13,2004-11-19,2004-11-19,early_75%,37,37,1.4937687683105452,0.02,18.785439979022666,9.121867778862914,9.121867778862914,171.35829965641005,1.0,0.0650377326307718,True,0.0,2pct_UNFILTERED_early75pct
put,2004-11-16,2004-12-23,2004-12-01,early_75%,15,37,1.5833532714843699,0.02,17.84273405985483,10.518561449771582,8.470957951005246,151.1450499519994,0.8053342647144206,0.05730715261537974,True,0.0,2pct_UNFILTERED_early75pct
put,2004-12-02,2005-01-07,2004-12-14,early_75%,12,36,1.602830505371088,0.02,17.70436394106952,10.503240500647431,8.034092083056565,142.23849017449876,0.7649155593991526,0.0536393528680588,True,0.0,2pct_UNFILTERED_early75pct
call,2004-11-22,2004-12-29,2004-12-17,early_75%,25,37,1.5846968078613344,0.02,17.75355644840872,9.291477117805117,7.11426048280095,126.30342507009014,0.7656759407143133,0.04768967790105762,True,0.0,2pct_UNFILTERED_early75pct
put,2004-12-15,2005-01-21,2004-12-29,early_75%,14,37,1.6236489868164057,0.02,17.481491911606422,10.466854544934968,8.359884795749856,146.14325843886263,0.7987007710731302,0.05503615825511292,True,0.0,2pct_UNFILTERED_early75pct
call,2004-12-20,2005-01-26,2005-01-07,early_75%,18,37,1.6122917175293026,0.02,17.473181886076656,9.192337052832658,7.059481279649097,123.35160042066185,0.7679745900389594,0.04643270358511723,True,0.0,2pct_UNFILTERED_early75pct
call,2005-01-10,2005-02-16,2005-01-21,early_75%,11,37,1.6059478759765682,0.02,17.581510433012042,9.467559998794846,7.150430202582466,125.71536320722804,0.7552558635480172,0.04731397721105493,True,0.0,2pct_UNFILTERED_early75pct
put,2004-12-30,2005-02-04,2005-02-01,early_75%,33,36,1.6346931457519531,0.02,17.387664432742586,10.554098385396493,10.373854410326064,180.37709936087631,0.9829218974005559,0.06784056334491922,True,0.0,2pct_UNFILTERED_early75pct
put,2005-02-02,2005-03-11,2005-02-14,early_75%,12,37,1.6095916748046903,0.02,17.69070087459039,10.099976594794443,7.709946204317318,136.39435205976125,0.7633627793049587,0.05110690412067857,True,0.0,2pct_UNFILTERED_early75pct
call,2005-01-24,2005-03-02,2005-02-22,early_75%,29,37,1.5728845214843687,0.02,17.970495395760555,9.505301258426723,9.09737353842419,163.48430928576582,0.9570841881901541,0.061558936073808905,True,0.0,2pct_UNFILTERED_early75pct
put,2005-02-15,2005-03-24,2005-03-04,early_75%,17,37,1.6346931457519531,0.02,17.4195706832659,10.08899817818733,8.39964095825258,146.31813938633613,0.8325545123412567,0.05476348696863447,True,0.0,2pct_UNFILTERED_early75pct
call,2005-02-23,2005-04-01,2005-03-16,early_75%,21,37,1.6120208740234432,0.02,17.56501146249718,9.32627271313268,7.600448570503512,133.50196626101447,0.8149502812416187,0.05004383736842205,True,0.0,2pct_UNFILTERED_early75pct
call,2005-03-17,2005-04-22,2005-03-29,early_75%,12,36,1.6108059692382852,0.02,17.618735185840734,9.473314428405367,7.634060343723215,134.50248758878763,0.8058489350710012,0.05035417968100364,True,0.0,2pct_UNFILTERED_early75pct
put,2005-03-07,2005-04-13,2005-04-12,early_75%,36,37,1.6570951843261668,0.02,17.238588212213653,10.646584895638119,10.553650522091198,181.9300354859438,0.9912709686291051,0.0680604337952527,True,0.0,2pct_UNFILTERED_early75pct
call,2005-03-30,2005-05-06,2005-04-13,early_75%,14,37,1.6011463928222724,0.02,17.694081740456983,9.514908329407675,7.421018242604255,131.30810338206211,0.7799358633512165,0.04927643758493259,True,0.0,2pct_UNFILTERED_early75pct
put,2005-04-13,2005-05-20,2005-05-05,early_75%,22,37,1.5892242431640682,0.02,18.13200799167181,10.592120990998524,7.9893276577363315,144.86255293815978,0.7542708079454419,0.05386173612959771,True,0.0,2pct_UNFILTERED_early75pct
call,2005-04-14,2005-05-20,2005-05-09,early_75%,25,36,1.5684945678710989,0.02,18.244064899933154,9.433482238825333,7.3791428506623316,134.62556107336133,0.782228944078787,0.05005660257155761,True,0.0,2pct_UNFILTERED_early75pct
put,2005-05-06,2005-06-10,2005-05-18,early_75%,12,35,1.5863777160644474,0.02,18.214158775845984,10.694482625070812,8.625570386572807,157.10750855327234,0.8065439618698427,0.0583032217680301,True,0.0,2pct_UNFILTERED_early75pct
put,2005-05-19,2005-06-24,2005-06-01,early_75%,13,36,1.6161853027343795,0.02,17.87380882237867,10.712236083746005,8.705564752521784,155.60160007741266,0.8126748406647794,0.05768854638746036,True,0.0,2pct_UNFILTERED_early75pct
call,2005-05-10,2005-06-16,2005-06-06,early_75%,27,37,1.5797398376464855,0.02,18.17243707641347,9.582446562607222,7.18371827543643,130.54566833505,0.749674754615262,0.0484105657969935,True,0.0,2pct_UNFILTERED_early75pct
put,2005-06-02,2005-07-08,2005-06-16,early_75%,14,36,1.6361012268066446,0.02,17.621159786762018,10.275026688519507,7.708559261997363,135.83375448137983,0.7502227970473586,0.0502726346640971,True,0.0,2pct_UNFILTERED_early75pct
call,2005-06-07,2005-07-14,2005-06-24,early_75%,17,37,1.6275662231445267,0.02,17.62609182388908,9.416209616345677,7.932387633245391,139.81699280626543,0.8424183356618881,0.0517305744367761,True,0.0,2pct_UNFILTERED_early75pct
put,2005-06-17,2005-07-22,2005-07-08,early_75%,21,35,1.6508663940429642,0.02,17.473058682673244,10.14324590042119,8.071263419768641,141.0296593769314,0.7957278665041029,0.05209169127670341,True,0.0,2pct_UNFILTERED_early75pct
put,2005-07-11,2005-08-17,2005-07-20,early_75%,9,37,1.6587556457519526,0.02,17.422872950290515,10.241986922494876,8.406250579807763,146.46103584029663,0.8207636509811184,0.05401309091902063,True,0.0,2pct_UNFILTERED_early75pct
put,2005-07-21,2005-08-26,2005-07-28,early_75%,7,36,1.6693666076660207,0.02,17.304329058572606,10.095569687302547,7.923969926800991,137.11898306359782,0.7848957683653225,0.05052228260000179,True,0.0,2pct_UNFILTERED_early75pct
call,2005-06-27,2005-08-03,2005-08-01,early_75%,35,37,1.6208033752441366,0.02,17.711026044609138,9.406619762469115,8.954541439737982,158.59411665673122,0.9519404064215659,0.05865149267996662,True,0.0,2pct_UNFILTERED_early75pct
call,2005-08-02,2005-09-08,2005-08-16,early_75%,14,37,1.692083435058592,0.02,17.05027081806463,9.625646946999932,7.599546684720741,129.57432906901383,0.7895102247739644,0.047621370290091454,True,0.0,2pct_UNFILTERED_early75pct
put,2005-07-29,2005-09-02,2005-08-29,early_75%,31,35,1.6832414245605491,0.02,17.202629631639958,10.382279593673601,8.474687336570806,145.78690749497687,0.816264603559205,0.05365700507125848,True,0.0,2pct_UNFILTERED_early75pct
put,2005-08-30,2005-10-06,2005-09-06,early_75%,7,37,1.6466494750976608,0.02,17.76920016505241,11.093899844064707,9.143521558992452,162.47306479520896,0.8241936278056704,0.05953935782802223,True,0.0,2pct_UNFILTERED_early75pct
call,2005-08-17,2005-09-23,2005-09-12,early_75%,26,37,1.662293090820313,0.02,17.405385704301764,9.813609294673714,8.467356834006704,147.37761159184214,0.8628178053310436,0.054133676130451225,True,0.0,2pct_UNFILTERED_early75pct
call,2005-09-13,2005-10-20,2005-09-26,early_75%,13,37,1.6821534729003957,0.02,17.255504517298036,9.732021642161548,7.504825032522015,129.499542250215,0.7711475897268085,0.04735403552293199,True,0.0,2pct_UNFILTERED_early75pct
put,2005-09-07,2005-10-14,2005-09-30,early_75%,23,37,1.685553741455081,0.02,17.33239981095786,10.933897296306997,8.963966397145256,155.36704948731304,0.819832686755975,0.056870209417725616,True,0.0,2pct_UNFILTERED_early75pct
call,2005-09-27,2005-11-03,2005-10-10,early_75%,13,37,1.66048965454101,0.02,17.493194910418442,9.690805663385419,7.397456581714346,129.4051498252868,0.7633479442956959,0.04731097239578539,True,0.0,2pct_UNFILTERED_early75pct
put,2005-10-03,2005-11-09,2005-11-02,early_75%,30,37,1.6748336791992244,0.02,17.474952785535706,10.840661325630633,9.883397238712789,172.71190010719994,0.9116968920840116,0.06309516385152239,True,0.0,2pct_UNFILTERED_early75pct
call,2005-10-11,2005-11-17,2005-11-08,early_75%,28,37,1.6178672790527315,0.02,17.964281480154483,9.904736517777346,7.506160393294717,134.84277814033337,0.757835443660961,0.0494210032718381,True,0.0,2pct_UNFILTERED_early75pct
put,2005-11-03,2005-12-09,2005-11-11,early_75%,8,36,1.6703250122070301,0.02,17.594523994544645,10.953036047307405,8.657966341314264,152.33279653621372,0.790462690337138,0.055471527479260284,True,0.0,2pct_UNFILTERED_early75pct
put,2005-11-14,2005-12-21,2005-11-21,early_75%,7,37,1.6897235107421835,0.02,17.385381965313844,10.823391914770394,9.253479657642163,160.8752783563706,0.8549519162300856,0.05851116382190463,True,0.0,2pct_UNFILTERED_early75pct
call,2005-11-09,2005-12-16,2005-12-12,early_75%,33,37,1.6719647216796858,0.02,17.454348295969396,9.766565489939923,8.949915053830836,156.2149345689031,0.9163830481707945,0.05685015790636881,True,0.0,2pct_UNFILTERED_early75pct
put,2005-11-22,2005-12-29,2005-12-13,early_75%,21,37,1.7253787231445301,0.02,16.961288673009925,10.323681299765708,8.967654646527762,152.10297917961617,0.8686489233962773,0.05528279979965382,True,0.0,2pct_UNFILTERED_early75pct
call,2005-12-13,2006-01-19,2005-12-27,early_75%,14,37,1.7391761779785213,0.02,16.801573656392968,9.702832583938129,7.577007155768277,127.3056438226573,0.7809067187566546,0.04614083406617807,True,0.0,2pct_UNFILTERED_early75pct
put,2005-12-14,2006-01-20,2006-01-05,early_75%,22,37,1.7460075378417912,0.02,16.80541533606296,10.385384304456696,7.74205038830692,130.1083723282253,0.7454755800403613,0.04714571122566527,True,0.0,2pct_UNFILTERED_early75pct
call,2005-12-28,2006-02-03,2006-01-23,early_75%,26,37,1.7269717407226608,0.02,16.931029175675206,9.708518885601658,7.2542338524897065,122.82164500367398,0.747202939806626,0.04450759989510755,True,0.0,2pct_UNFILTERED_early75pct
put,2006-01-06,2006-02-10,2006-01-30,early_75%,24,35,1.7639147949218739,0.02,16.669290502662086,10.606197479868609,8.418677830652264,140.33338640746365,0.7937508090558913,0.050780610488853344,True,0.0,2pct_UNFILTERED_early75pct
call,2006-01-24,2006-03-02,2006-02-07,early_75%,14,37,1.7379585266113224,0.02,16.89695773642929,10.262368079815099,7.644616617109124,129.1707638904979,0.7449174067479813,0.0467464913175493,True,0.0,2pct_UNFILTERED_early75pct
put,2006-01-31,2006-03-09,2006-02-16,early_75%,16,37,1.7510055541992244,0.02,16.928765956489823,11.531452068635668,10.678216098505557,180.76902116442244,0.9260079333416454,0.06528259848421766,True,0.0,2pct_UNFILTERED_early75pct
call,2006-02-08,2006-03-17,2006-03-06,early_75%,26,37,1.7389196777343727,0.02,16.913781172639414,10.164483049387844,8.558443982037693,144.7556486904782,0.841995007562448,0.0522724941170526,True,0.0,2pct_UNFILTERED_early75pct
put,2006-02-17,2006-03-24,2006-03-10,early_75%,21,35,1.7689959716796864,0.02,16.736416645198545,11.111319680557255,8.625369810079912,144.35778286041446,0.776268711373025,0.052026415502958896,True,0.0,2pct_UNFILTERED_early75pct
put,2006-03-13,2006-04-19,2006-03-22,early_75%,9,37,1.7692707824706986,0.02,16.765418684165237,10.967122919384147,8.62752151270008,144.64401036705945,0.786671360950202,0.05198556179209108,True,0.0,2pct_UNFILTERED_early75pct
call,2006-03-07,2006-04-13,2006-04-03,early_75%,27,37,1.757460021972662,0.02,16.799955440776937,10.233312813191974,8.75858593562422,147.14385344270246,0.8558895926970342,0.05291791202365043,True,0.0,2pct_UNFILTERED_early75pct
call,2006-04-04,2006-05-11,2006-04-17,early_75%,13,37,1.8001597595214776,0.02,16.407152371063443,10.052867571624555,7.535345225648655,123.63355728578293,0.7495717189111379,0.04433518130756993,True,0.0,2pct_UNFILTERED_early75pct
put,2006-03-23,2006-04-28,2006-04-18,early_75%,26,36,1.7939543151855446,0.02,16.530343864800038,10.948687242048727,10.520425752972562,173.9062553007343,0.9608846723256999,0.06245550068752448,True,0.0,2pct_UNFILTERED_early75pct
put,2006-04-19,2006-05-26,2006-05-05,early_75%,16,37,1.8055369567871082,0.02,16.494160460329127,11.167738183552675,9.175688147554654,151.3452726397066,0.8216245757863647,0.054170300084155076,True,0.0,2pct_UNFILTERED_early75pct
call,2006-04-18,2006-05-25,2006-05-11,early_75%,23,37,1.8020901489257852,0.02,16.41718812730282,10.146405840392308,8.203012813384628,134.670404568011,0.8084648832721499,0.048235252058654546,True,0.0,2pct_UNFILTERED_early75pct
call,2006-05-12,2006-06-16,2006-05-26,early_75%,14,35,1.7819595336914062,0.02,16.690585294829614,10.622412729129078,7.947696196798081,132.6517012700513,0.7482006583121823,0.047428109273358686,True,0.0,2pct_UNFILTERED_early75pct
put,2006-05-08,2006-06-14,2006-06-14,expired,37,37,1.824977569580085,0.02,16.369495677194564,11.608833285589062,-170.88892367241942,-2797.3654973361017,-14.720594177586905,-1.0,False,170.88892367241942,2pct_UNFILTERED_early75pct
call,2006-05-30,2006-07-06,2006-06-15,early_75%,16,37,1.7386640930175759,0.02,17.139841251459465,10.909564969901933,9.108076367376032,156.1109830429948,0.8348707205561383,0.05589256716844472,True,0.0,2pct_UNFILTERED_early75pct
put,2006-06-15,2006-07-21,2006-06-29,early_75%,14,36,1.7389413452148403,0.02,17.021886272676912,12.387772341827032,11.552649623863093,196.6478880454813,0.9325849155990568,0.07153061630483706,True,0.0,2pct_UNFILTERED_early75pct
call,2006-06-16,2006-07-21,2006-07-07,early_75%,21,35,1.7262690734863213,0.02,16.97842703716286,10.695253812453021,9.177439520465201,155.81848728619332,0.8580852480358575,0.05667477185623105,True,0.0,2pct_UNFILTERED_early75pct
put,2006-06-30,2006-08-04,2006-07-26,early_75%,26,35,1.7626914978027344,0.02,16.724262116474115,11.518622221791423,9.5808496452751,160.23264076610883,0.8317704549029864,0.05815368112781402,True,0.0,2pct_UNFILTERED_early75pct
call,2006-07-10,2006-08-16,2006-08-01,early_75%,22,37,1.7567367553710938,0.02,16.68487099587945,10.510465088581117,7.9119966006733815,132.0106426020721,0.7527732154563941,0.0479041099963305,True,0.0,2pct_UNFILTERED_early75pct
put,2006-07-27,2006-09-01,2006-08-14,early_75%,18,36,1.7547972106933543,0.02,16.91567124726879,12.20150556160192,9.50812612375207,160.83633568695817,0.7792584346045047,0.05823266805179977,True,0.0,2pct_UNFILTERED_early75pct
put,2006-08-15,2006-09-21,2006-08-18,early_75%,3,37,1.7813885498046886,0.02,16.653178121892843,11.915041967814725,9.361747210520432,155.90284382893023,0.7857082867025286,0.05632013272254649,True,0.0,2pct_UNFILTERED_early75pct
call,2006-08-02,2006-09-08,2006-08-23,early_75%,21,37,1.7737710571289114,0.02,16.577132149251383,10.668468858406246,8.236975989557532,136.5454394891059,0.7720860508551034,0.049409413603131724,True,0.0,2pct_UNFILTERED_early75pct
put,2006-08-21,2006-09-27,2006-09-05,early_75%,15,37,1.8021609497070301,0.02,16.425434151683938,11.561144106041663,8.885199090272579,145.94325258187428,0.7685397750235914,0.05268270539773591,True,0.0,2pct_UNFILTERED_early75pct
put,2006-09-06,2006-10-13,2006-09-13,early_75%,7,37,1.8074238586425793,0.02,16.455637274230302,12.210921391269999,10.558550612109832,173.74767901448172,0.8646809093094725,0.06265032256811692,True,0.0,2pct_UNFILTERED_early75pct
call,2006-08-24,2006-09-29,2006-09-21,early_75%,28,36,1.795513763427735,0.02,16.37605632650755,10.347569998235912,8.020786760926915,131.3488557798452,0.7751372314750541,0.04740311068768017,True,0.0,2pct_UNFILTERED_early75pct
put,2006-09-14,2006-10-20,2006-09-26,early_75%,12,36,1.8312438964843807,0.02,16.180678330630606,11.363219061009055,9.26084370083207,149.8467329934104,0.8149841740364817,0.05391698059089648,True,0.0,2pct_UNFILTERED_early75pct
put,2006-09-27,2006-11-03,2006-10-10,early_75%,13,37,1.860301513671871,0.02,15.949793676659237,11.63450985899278,8.988060397604116,143.35770889513742,0.7725345121141379,0.0515383315768347,True,0.0,2pct_UNFILTERED_early75pct
put,2006-10-11,2006-11-17,2006-10-19,early_75%,8,37,1.879357757568357,0.02,15.806730759287046,11.773250713708668,8.945356427496826,141.39684059530015,0.7598034429931007,0.05077899754960301,True,0.0,2pct_UNFILTERED_early75pct
call,2006-09-22,2006-10-27,2006-10-27,early_75%,35,35,1.8287266540527298,0.02,16.13825180764497,10.543471316107285,10.543471316107285,170.15319502602128,1.0,0.061182154143028925,True,0.0,2pct_UNFILTERED_early75pct
put,2006-10-20,2006-11-24,2006-11-06,early_75%,17,35,1.9034216308593699,0.02,15.566028011118236,11.242620814468603,9.159454520084658,142.57632562620134,0.8147081246658225,0.051141696979891245,True,0.0,2pct_UNFILTERED_early75pct
put,2006-11-07,2006-12-14,2006-11-16,early_75%,9,37,1.9280430603027412,0.02,15.44868724461046,11.804718616697523,9.699258525909329,149.8408114713947,0.8216425008377527,0.0535871858301363,True,0.0,2pct_UNFILTERED_early75pct
call,2006-10-30,2006-12-06,2006-11-27,early_75%,28,37,1.9169146728515614,0.02,15.442382031313649,10.725585987830854,10.129648113868916,156.42589601713954,0.9444377328531901,0.05597545814299656,True,0.0,2pct_UNFILTERED_early75pct
put,2006-11-17,2006-12-22,2006-12-05,early_75%,18,35,1.9532194519043031,0.02,15.199932557450385,11.19215569613566,9.082190374581204,138.04868116755935,0.8114782014439837,0.04932493758628133,True,0.0,2pct_UNFILTERED_early75pct
put,2006-12-06,2007-01-12,2006-12-14,early_75%,8,37,1.9721360778808616,0.02,15.137781389032087,12.203495140797587,9.593173629750849,145.2193652341958,0.7861004998215507,0.05185215820088547,True,0.0,2pct_UNFILTERED_early75pct
call,2006-11-28,2007-01-04,2006-12-29,early_75%,31,37,1.9337451171874989,0.02,15.328083728388915,10.95940199512536,9.206785644963208,141.12238123532518,0.84008102349547,0.050471617504231556,True,0.0,2pct_UNFILTERED_early75pct
put,2006-12-15,2007-01-19,2007-01-11,early_75%,27,35,1.9909580993652298,0.02,14.942117677226332,11.408402169481308,10.543504581614418,157.54228618885762,0.9241876666847717,0.05617587619250971,True,0.0,2pct_UNFILTERED_early75pct
call,2007-01-03,2007-02-09,2007-01-22,early_75%,19,37,1.9773898315429648,0.02,15.072890036880903,11.33837513578759,8.750284826257257,131.89208097756315,0.7717406349203,0.04694343499881925,True,0.0,2pct_UNFILTERED_early75pct
put,2007-01-12,2007-02-16,2007-01-31,early_75%,19,35,2.003546447753905,0.02,14.906062255918263,11.543260824274462,9.11243878538232,135.83057983815306,0.7894163463949166,0.04826212590942908,True,0.0,2pct_UNFILTERED_early75pct
put,2007-02-01,2007-03-09,2007-02-15,early_75%,14,36,2.0227084350585898,0.02,14.800481695605438,11.842151122270423,9.177148331061064,135.82621589172527,0.7749561913462211,0.048192046146991054,True,0.0,2pct_UNFILTERED_early75pct
call,2007-01-23,2007-03-01,2007-02-22,early_75%,30,37,1.9973924255371145,0.02,14.903292053943282,10.841484884410438,8.662036567657012,129.09286074972889,0.7989714195066238,0.045855687619232845,True,0.0,2pct_UNFILTERED_early75pct
call,2007-02-23,2007-03-30,2007-03-06,early_75%,11,35,2.032360229492184,0.02,14.694448115019908,11.011256136794593,8.524849142908517,125.26795341884113,0.7741940644194408,0.04434833910464414,True,0.0,2pct_UNFILTERED_early75pct
put,2007-02-16,2007-03-23,2007-03-21,early_75%,33,35,2.0383747863769486,0.02,14.682889058465097,11.660807407526207,11.458472346168342,168.24347823828003,0.982648280321715,0.059624679066506515,True,0.0,2pct_UNFILTERED_early75pct
put,2007-03-22,2007-04-27,2007-04-09,early_75%,18,36,2.0106503295898506,0.02,15.054487304054662,13.152978439700073,10.798278260412046,162.56254297702262,0.8209758960616284,0.057464531948395264,True,0.0,2pct_UNFILTERED_early75pct
call,2007-03-07,2007-04-13,2007-04-09,early_75%,33,37,1.9520733642578136,0.02,15.291532585785689,11.893487513043995,11.004247687590897,168.271812096853,0.9252330467007396,0.06002954906494399,True,0.0,2pct_UNFILTERED_early75pct
put,2007-04-10,2007-05-17,2007-04-17,early_75%,7,37,2.030731048583988,0.02,14.942345562880135,13.248723409446029,10.179722695212885,152.10893424616447,0.768354986409859,0.053627055794992266,True,0.0,2pct_UNFILTERED_early75pct
put,2007-04-18,2007-05-25,2007-05-02,early_75%,14,37,2.068085784912114,0.02,14.667645477055654,13.36644356638491,10.40134832475998,152.56328971094612,0.7781687232734211,0.05376981767080913,True,0.0,2pct_UNFILTERED_early75pct
call,2007-04-10,2007-05-17,2007-05-15,early_75%,35,37,2.030731048583988,0.02,14.831494317550316,11.829967576280943,9.137724797985193,135.526113416656,0.7724217956696948,0.04778066772929695,True,0.0,2pct_UNFILTERED_early75pct
put,2007-05-03,2007-06-08,2007-05-18,early_75%,15,36,2.1113380432128963,0.02,14.391469074046555,13.887412613021915,12.133409330262145,174.61758513921558,0.8736983388025008,0.06151397358998464,True,0.0,2pct_UNFILTERED_early75pct
call,2007-05-16,2007-06-22,2007-06-07,early_75%,22,37,2.1288909912109375,0.02,14.213151869965778,12.617653147256744,10.98699427467271,156.15981822036773,0.8707636948366613,0.05486051304641813,True,0.0,2pct_UNFILTERED_early75pct
put,2007-05-21,2007-06-27,2007-06-14,early_75%,24,37,2.14208984375,0.02,14.24577376438449,14.272313330114358,12.327540036918613,175.61534643733458,0.8637380466492209,0.06165722362232934,True,0.0,2pct_UNFILTERED_early75pct
call,2007-06-08,2007-07-13,2007-06-27,early_75%,19,35,2.121026306152345,0.02,14.27540542462805,12.778010971923198,9.626076455237781,137.41614404698578,0.7533313656083812,0.04829346456279969,True,0.0,2pct_UNFILTERED_early75pct
put,2007-06-15,2007-07-20,2007-07-09,early_75%,24,35,2.158798522949212,0.02,14.177921301153635,14.504951499972737,12.061553479673632,171.00775600446855,0.8315473153906308,0.059896012025626784,True,0.0,2pct_UNFILTERED_early75pct
put,2007-07-10,2007-08-16,2007-07-12,early_75%,2,37,2.1284759521484347,0.02,14.517344195551738,15.800562139662173,11.907962767849842,172.87199416869112,0.7536417161993733,0.06043208355898705,True,0.0,2pct_UNFILTERED_early75pct
call,2007-06-28,2007-08-03,2007-07-24,early_75%,26,36,2.1208602905273466,0.02,14.333541998512738,12.93764666972006,10.361601845793064,148.518455228542,0.8008876815320591,0.052029555659985155,True,0.0,2pct_UNFILTERED_early75pct
call,2007-07-25,2007-08-31,2007-08-13,early_75%,19,37,2.138207855224607,0.02,14.274232379415164,13.374979457363079,10.417955638713089,148.70831970542915,0.7789137674509015,0.05197392673473901,True,0.0,2pct_UNFILTERED_early75pct
put,2007-07-13,2007-08-17,2007-08-17,expired,35,35,2.183902435302741,0.02,14.087107192106375,15.185654285289957,-118.52950708298357,-1669.7378717055215,-7.805360563080957,-0.5833013295781622,False,118.52950708298357,2pct_UNFILTERED_early75pct
put,2007-08-20,2007-09-26,2007-08-24,early_75%,4,37,2.0399067687988293,0.02,15.173064805807277,17.121153337235278,14.150477611112217,214.7061138265306,0.8264909105356588,0.07572383844539944,True,0.0,2pct_UNFILTERED_early75pct
call,2007-08-14,2007-09-20,2007-09-07,early_75%,24,37,2.01691879272461,0.02,15.04995276977542,12.616094398728206,9.535884202919139,143.51460687198056,0.7558507333204819,0.0504341907626475,True,0.0,2pct_UNFILTERED_early75pct
put,2007-08-27,2007-10-03,2007-09-18,early_75%,22,37,2.0724858093261673,0.02,14.916914499650547,16.69528897293123,16.557573958072208,246.98791505420363,0.991751264977665,0.0868920908570565,True,0.0,2pct_UNFILTERED_early75pct
put,2007-09-19,2007-10-26,2007-10-01,early_75%,12,37,2.1628892517089895,0.02,14.27833359295948,16.769908317202525,12.729129640923238,181.75075936113052,0.7590458695511014,0.06379907961483827,True,0.0,2pct_UNFILTERED_early75pct
call,2007-09-10,2007-10-17,2007-10-08,early_75%,28,37,2.0561267089843795,0.02,14.75433834119284,12.876965992222928,10.109014468211365,149.1518197600041,0.7850462969551,0.05245013876972302,True,0.0,2pct_UNFILTERED_early75pct
put,2007-10-02,2007-11-08,2007-10-09,early_75%,7,37,2.183493499755855,0.02,14.142156814230365,16.494098710307835,12.447149392995346,176.02953860589247,0.7546425913661239,0.061663738322256155,True,0.0,2pct_UNFILTERED_early75pct
call,2007-10-09,2007-11-15,2007-10-24,early_75%,15,37,2.2173603820800736,0.02,13.73617216863841,13.648805909666326,10.247707893668796,140.76427996134944,0.7508135115622963,0.0492471728345944,True,0.0,2pct_UNFILTERED_early75pct
call,2007-10-25,2007-11-30,2007-11-12,early_75%,18,36,2.151610260009761,0.02,14.162152476514699,13.60224400492742,10.834575957083871,153.44091672260194,0.7965285693418704,0.053753926521029824,True,0.0,2pct_UNFILTERED_early75pct
put,2007-10-10,2007-11-16,2007-11-16,expired,37,37,2.2136755371093813,0.02,13.93261650825025,16.129016856909733,-56.94356034448289,-793.3727888940866,-3.530504112536038,-0.2774506250986519,False,56.94356034448289,2pct_UNFILTERED_early75pct
call,2007-11-13,2007-12-20,2007-11-26,early_75%,13,37,2.0983296203613264,0.02,14.40429189991337,13.263734046496909,10.176360635337671,146.58326907019168,0.7672319574309736,0.05176985604213813,True,0.0,2pct_UNFILTERED_early75pct
put,2007-11-19,2007-12-26,2007-11-29,early_75%,10,37,2.037114562988279,0.02,15.271237820007556,17.04189985324098,12.660124065063115,193.33576542837966,0.7428822005813775,0.06782104327093887,True,0.0,2pct_UNFILTERED_early75pct
put,2007-11-30,2008-01-04,2007-12-10,early_75%,10,35,2.106548919677735,0.02,14.725842210745004,16.86799587396131,13.66696251991088,201.25753356837356,0.810230368920603,0.07052573107572098,True,0.0,2pct_UNFILTERED_early75pct
call,2007-11-27,2008-01-03,2007-12-19,early_75%,22,37,2.0202523803710903,0.02,15.049653677986889,12.702541507925005,10.233126871456443,154.00501545832094,0.8055968063613164,0.054051241922169695,True,0.0,2pct_UNFILTERED_early75pct
put,2007-12-11,2008-01-17,2007-12-21,early_75%,10,37,2.095921478271478,0.02,14.83460277254282,17.067504760469497,13.59985309433075,201.748418419334,0.7968272624027464,0.07063954451597464,True,0.0,2pct_UNFILTERED_early75pct
call,2007-12-20,2008-01-25,2008-01-04,early_75%,15,36,2.0801924133300815,0.02,14.69590704819679,13.134288045921261,10.518338942330919,154.57653139792373,0.8008305364977356,0.05397204229941884,True,0.0,2pct_UNFILTERED_early75pct
call,2008-01-07,2008-02-13,2008-01-17,early_75%,10,37,2.011315155029294,0.02,15.15123241640136,12.719373286230404,9.604216341502898,145.51571396751038,0.7550856575535937,0.05097450848181946,True,0.0,2pct_UNFILTERED_early75pct
put,2007-12-24,2008-01-30,2008-01-30,expired,37,37,2.1258489990234324,0.02,14.589912774979695,16.090551784319622,-196.49434811802362,-2866.8353998184602,-12.211784328583997,-1.0,False,196.49434811802362,2pct_UNFILTERED_early75pct
call,2008-01-18,2008-02-22,2008-02-11,early_75%,24,35,1.8812539672851614,0.02,16.074221559755735,11.825257220180033,9.802055332678455,157.5604091584587,0.8289084245838692,0.05559868165739585,True,0.0,2pct_UNFILTERED_early75pct
put,2008-01-31,2008-03-07,2008-02-25,early_75%,25,36,1.9568983459472662,0.02,15.70150872593972,16.34434375443182,15.626692625043793,245.36265060970297,0.9560917746120317,0.08713178431098215,True,0.0,2pct_UNFILTERED_early75pct
call,2008-02-12,2008-03-20,2008-03-03,early_75%,20,37,1.9229940795898415,0.02,15.630936402625645,12.089051373546466,10.284552854185222,160.75719159321127,0.8507328272828844,0.057069710359899974,True,0.0,2pct_UNFILTERED_early75pct
call,2008-03-04,2008-04-10,2008-03-27,early_75%,23,37,1.894502410888677,0.02,15.880022824593327,11.938822813565913,9.792125441146185,155.4991755066824,0.8201918726877773,0.05516335532827311,True,0.0,2pct_UNFILTERED_early75pct
put,2008-02-26,2008-04-03,2008-03-31,early_75%,34,37,1.9710005187988315,0.02,15.579509478791397,15.70682374322739,12.281398998494115,191.33817210985825,0.7819148670201204,0.06770593987798545,True,0.0,2pct_UNFILTERED_early75pct
put,2008-04-01,2008-05-08,2008-04-18,early_75%,17,37,1.955705718994139,0.02,15.761960820641054,15.746465438908205,13.792381368857757,217.3949747592756,0.875903320803533,0.07669929043627387,True,0.0,2pct_UNFILTERED_early75pct
call,2008-03-28,2008-05-02,2008-04-23,early_75%,26,35,1.8826943969726528,0.02,16.056330222940826,11.882403057172795,9.334403938438832,149.8762720698933,0.785565335019008,0.052920011108782,True,0.0,2pct_UNFILTERED_early75pct
put,2008-04-21,2008-05-28,2008-05-01,early_75%,10,37,1.9834788513183526,0.02,15.530293642003542,15.491297076003535,11.720674803294887,182.0255213776017,0.7565973814710809,0.06409763480720862,True,0.0,2pct_UNFILTERED_early75pct
put,2008-05-02,2008-06-06,2008-05-15,early_75%,13,35,2.0258538818359426,0.02,15.169244127472048,15.074675400706628,11.55976607538479,175.35291365398132,0.7668334984408967,0.0616485634544489,True,0.0,2pct_UNFILTERED_early75pct
call,2008-04-24,2008-05-30,2008-05-20,early_75%,26,36,1.980186614990231,0.02,15.313499461560218,12.484293852800473,10.65050388956194,163.09648557815177,0.8531122396780834,0.057404479960663383,True,0.0,2pct_UNFILTERED_early75pct
call,2008-05-21,2008-06-27,2008-06-09,early_75%,19,37,1.9969352722168026,0.02,15.23196708511617,12.52565385145133,9.248693500791425,140.87579498438282,0.738380096598294,0.04941389424507149,True,0.0,2pct_UNFILTERED_early75pct
put,2008-05-16,2008-06-20,2008-06-20,expired,35,35,2.0423171997070284,0.02,15.041482443907986,14.666474929959334,-139.10508809670816,-2092.3467404649095,-9.484561816047359,-0.7338111375152662,False,139.10508809670816,2pct_UNFILTERED_early75pct
call,2008-06-10,2008-07-17,2008-06-20,early_75%,10,37,1.9461141967773443,0.02,15.603176855344945,12.314744334122354,9.41099440459856,146.841410079613,0.7642054231302287,0.051624608001543205,True,0.0,2pct_UNFILTERED_early75pct
call,2008-06-23,2008-07-30,2008-07-03,early_75%,10,37,1.8912481689453102,0.02,15.897255672645874,11.97066121192177,9.018876712814071,143.37538898367728,0.7534150831895593,0.05090976657060397,True,0.0,2pct_UNFILTERED_early75pct
put,2008-06-23,2008-07-30,2008-07-22,early_75%,29,37,1.8912481689453102,0.02,16.19425659463205,15.219649349411076,11.407816870019875,184.74111357767413,0.7495453152776677,0.06559791771029519,True,0.0,2pct_UNFILTERED_early75pct
call,2008-07-07,2008-08-13,2008-07-25,early_75%,18,37,1.7987356567382875,0.02,16.683517390712492,11.327083185919943,8.914957854321042,148.73285440003403,0.7870479723679192,0.052893170612211285,True,0.0,2pct_UNFILTERED_early75pct
put,2008-07-23,2008-08-29,2008-08-11,early_75%,19,37,1.844056243896489,0.02,16.6343654293592,14.57501974760044,13.315052109050502,221.48744249290596,0.9135529378094069,0.07840195904097853,True,0.0,2pct_UNFILTERED_early75pct
call,2008-07-28,2008-09-03,2008-08-21,early_75%,24,37,1.7788810729980469,0.02,16.928304143570696,11.242092595504252,8.352001502652131,141.38522164445476,0.7429223191056195,0.050118219253380086,True,0.0,2pct_UNFILTERED_early75pct
put,2008-08-12,2008-09-18,2008-08-28,early_75%,16,37,1.8610342407226597,0.02,16.488242284130735,14.679752849285743,11.159450451893107,183.99972280856576,0.7601933470178336,0.06509865511734021,True,0.0,2pct_UNFILTERED_early75pct
call,2008-08-22,2008-09-26,2008-09-04,early_75%,13,35,1.8653503417968693,0.02,16.20484736949517,11.683841550829285,9.261782439526156,150.085770801992,0.7927001063163837,0.052969512533925844,True,0.0,2pct_UNFILTERED_early75pct
call,2008-09-05,2008-10-10,2008-09-29,early_75%,24,35,1.7901026916503895,0.02,16.879870027990176,11.333156957180357,10.528248888591335,177.71547286175377,0.92897759453697,0.06278882520078315,True,0.0,2pct_UNFILTERED_early75pct
put,2008-08-29,2008-10-03,2008-10-03,expired,35,35,1.8529763793945335,0.02,16.59679074639485,14.38205541345345,-170.9155825259999,-2836.6501584822,-11.883946877726517,-1.0,False,170.9155825259999,2pct_UNFILTERED_early75pct
call,2008-09-30,2008-11-06,2008-10-07,early_75%,7,37,1.6784756469726574,0.02,17.673309514423373,9.695063163957657,6.922209949470448,122.3383589608122,0.7139932801267802,0.04376920935400177,True,0.0,2pct_UNFILTERED_early75pct
call,2008-10-08,2008-11-14,2008-10-27,early_75%,19,37,1.4110534667968722,0.02,20.704788346511293,6.6598233648284655,5.276007519125521,109.23861899809604,0.7922143321381337,0.03924271622469429,True,0.0,2pct_UNFILTERED_early75pct
put,2008-10-06,2008-11-12,2008-11-04,early_75%,29,37,1.5153880310058625,0.02,20.407017926923235,14.9460164727371,13.20245948942925,269.4228274802605,0.8833430308009993,0.09665561275501114,True,0.0,2pct_UNFILTERED_early75pct
call,2008-10-28,2008-12-04,2008-11-11,early_75%,14,37,1.3567889404296807,0.02,21.236681927258235,5.5968571640074956,4.03139948708132,85.61354862885798,0.7202970111523683,0.030991208192968852,True,0.0,2pct_UNFILTERED_early75pct
call,2008-11-12,2008-12-19,2008-12-01,early_75%,19,37,1.241889801025394,0.02,23.44369649589534,5.162343185431562,3.819750246319269,89.54906546483042,0.7399256711756069,0.03209155820288704,True,0.0,2pct_UNFILTERED_early75pct
put,2008-11-05,2008-12-12,2008-12-08,early_75%,33,37,1.3919520568847688,0.02,22.317900271842053,13.876546580141468,13.139984796486765,293.2568702615124,0.9469203825749566,0.10485258053333874,True,0.0,2pct_UNFILTERED_early75pct
call,2008-12-02,2009-01-08,2008-12-19,early_75%,17,37,1.2339305877685547,0.02,23.60846715167044,5.401450009463115,4.20315706919564,99.23009560141666,0.7781534702407473,0.0356225083555027,True,0.0,2pct_UNFILTERED_early75pct
put,2008-12-09,2009-01-15,2008-12-26,early_75%,17,37,1.2951422119140616,0.02,24.091689726462246,13.141639543441297,10.404158288804496,250.65375335887828,0.7916940846240895,0.08940386250326383,True,0.0,2pct_UNFILTERED_early75pct
put,2008-12-29,2009-02-04,2009-01-02,early_75%,4,37,1.267872085571291,0.02,24.512720584028084,12.033539450941817,9.206008526047645,225.66431469318616,0.7650291556842927,0.08022408867405248,True,0.0,2pct_UNFILTERED_early75pct
call,2008-12-22,2009-01-28,2009-01-13,early_75%,22,37,1.2700607299804716,0.02,23.428620119706387,6.981199480950479,5.661964320793661,132.6520112032061,0.8110303016327495,0.04717325796629276,True,0.0,2pct_UNFILTERED_early75pct
call,2009-01-14,2009-02-20,2009-01-30,early_75%,16,37,1.2308174133300724,0.02,24.105814845867283,6.438972481615263,4.938595548972097,119.04886990214567,0.7669850372979409,0.04233949174563993,True,0.0,2pct_UNFILTERED_early75pct
put,2009-01-05,2009-02-11,2009-02-09,early_75%,35,37,1.3545266723632778,0.02,22.902785451432703,12.52094078037071,12.233479978431797,280.18076727042103,0.9770415971945519,0.09951442423461533,True,0.0,2pct_UNFILTERED_early75pct
call,2009-02-02,2009-03-11,2009-02-18,early_75%,16,37,1.2047047424316446,0.02,24.664650929023505,6.556348288445918,4.71094810091243,116.19389045375128,0.7185323130582326,0.04135525828276167,True,0.0,2pct_UNFILTERED_early75pct
call,2009-02-19,2009-03-27,2009-03-02,early_75%,11,36,1.1405158996581974,0.02,26.18882776744346,6.147715885633537,4.853447626214989,127.10610396125166,0.7894716861520723,0.04497936397175383,True,0.0,2pct_UNFILTERED_early75pct
put,2009-02-10,2009-03-19,2009-03-16,early_75%,34,37,1.2124366760253906,0.02,25.784321722602947,11.66713923011558,10.532193186876238,271.56545757502374,0.9027228508330659,0.09611723736200076,True,0.0,2pct_UNFILTERED_early75pct
put,2009-03-17,2009-04-23,2009-03-26,early_75%,9,37,1.1405158996582045,0.02,27.432774276501945,10.646802494725094,8.215710001447219,225.379717990901,0.7716598486275718,0.07945193063467926,True,0.0,2pct_UNFILTERED_early75pct
call,2009-03-03,2009-04-09,2009-04-07,early_75%,35,37,1.0222042083740206,0.02,28.994979491848618,5.2383421562900825,4.444131914911116,128.85751373191775,0.8483851917871962,0.04582425923787346,True,0.0,2pct_UNFILTERED_early75pct
put,2009-03-27,2009-05-01,2009-04-09,early_75%,13,35,1.199075088500976,0.02,26.037299559323827,11.140430502516201,9.933702637901725,258.64679131629254,0.8916803202226411,0.0913300493937798,True,0.0,2pct_UNFILTERED_early75pct
put,2009-04-13,2009-05-20,2009-04-30,early_75%,17,37,1.2610787963867196,0.02,24.862144936201055,11.568943902140244,8.49568508309108,211.22095386813174,0.7343526906997437,0.07417290049414539,True,0.0,2pct_UNFILTERED_early75pct
put,2009-05-01,2009-06-05,2009-05-06,early_75%,5,35,1.2913459777832017,0.02,24.291166592821163,11.585293126370178,8.542355473160619,207.50377989364225,0.7373447853224107,0.0726704041206671,True,0.0,2pct_UNFILTERED_early75pct
call,2009-04-08,2009-05-15,2009-05-11,early_75%,33,37,1.212592697143549,0.02,24.929288684033114,7.037465290163835,5.574126279468016,138.95900318211363,0.7920644791326918,0.04880089495668544,True,0.0,2pct_UNFILTERED_early75pct
put,2009-05-07,2009-06-12,2009-05-26,early_75%,19,36,1.3349835205078122,0.02,23.489620360630067,11.861504704621106,9.472520475892967,222.50590983702065,0.798593493134356,0.07787541918885486,True,0.0,2pct_UNFILTERED_early75pct
put,2009-05-27,2009-07-02,2009-06-01,early_75%,5,36,1.3174984741210949,0.02,23.874157534907255,11.613597592581371,9.305547620447324,222.16210983914075,0.8012631354121997,0.07745828286155401,True,0.0,2pct_UNFILTERED_early75pct
call,2009-05-12,2009-06-18,2009-06-08,early_75%,27,37,1.3365997314453182,0.02,22.81359204638188,8.181955649103989,6.648837748195362,151.68387196991333,0.8126220714632547,0.05298806819638852,True,0.0,2pct_UNFILTERED_early75pct
call,2009-06-09,2009-07-16,2009-06-22,early_75%,13,37,1.3905220031738281,0.02,22.039662113364816,8.675804013266198,7.142421036805134,157.41654632257396,0.8232575362333723,0.05478308374274043,True,0.0,2pct_UNFILTERED_early75pct
put,2009-06-02,2009-07-09,2009-06-29,early_75%,27,37,1.3936080932617188,0.02,22.555992026051563,12.059250662137691,11.167383572543791,251.89141481415697,0.9260429097477768,0.0877238557778857,True,0.0,2pct_UNFILTERED_early75pct
call,2009-06-23,2009-07-30,2009-07-09,early_75%,16,37,1.3202130126953193,0.02,23.187522555683508,8.140644809578305,6.060143523643057,140.5197146451527,0.7444304063619968,0.04891920737925774,True,0.0,2pct_UNFILTERED_early75pct
put,2009-06-30,2009-08-06,2009-07-17,early_75%,17,37,1.3586296081542955,0.02,23.147799119157494,11.405429513575754,10.079490316721293,233.31801707495762,0.883744913308507,0.08098738751514316,True,0.0,2pct_UNFILTERED_early75pct
put,2009-07-20,2009-08-26,2009-08-03,early_75%,14,37,1.4056164550781247,0.02,22.344346248625186,11.555421856711382,10.51000332768418,234.83915342797823,0.9095300420884225,0.08146896351379614,True,0.0,2pct_UNFILTERED_early75pct
call,2009-07-10,2009-08-14,2009-08-14,expired,35,35,1.299675140380856,0.02,23.61219411292,8.112544792568107,-85.40752792230727,-2016.6591280061543,-10.527834373321305,-0.700894911804748,False,85.40752792230727,2pct_UNFILTERED_early75pct
put,2009-08-04,2009-09-10,2009-08-21,early_75%,17,37,1.4879179382324281,0.02,21.003907599721025,12.299512747279861,9.977806639503742,209.57292870401955,0.8112359281639361,0.07310161835415972,True,0.0,2pct_UNFILTERED_early75pct
put,2009-08-24,2009-09-30,2009-09-10,early_75%,17,37,1.5213110351562449,0.02,20.453122151817556,12.610077172279652,10.62971082636335,217.41077397010716,0.8429536696040465,0.0761871604943966,True,0.0,2pct_UNFILTERED_early75pct
call,2009-08-17,2009-09-23,2009-09-21,early_75%,35,37,1.4526037597656227,0.02,20.96899182167959,9.078219267919053,8.21543291346323,172.2693455739678,0.9049608376937128,0.060326793994310506,True,0.0,2pct_UNFILTERED_early75pct
put,2009-09-11,2009-10-16,2009-09-22,early_75%,11,35,1.5480549621582043,0.02,20.124605307903497,12.593210289896625,9.971514584232231,200.6727953296771,0.7918167293872836,0.07011711062310214,True,0.0,2pct_UNFILTERED_early75pct
put,2009-09-23,2009-10-30,2009-10-12,early_75%,19,37,1.5763615417480423,0.02,19.813897313457872,12.821117158540599,10.663620915128773,211.28788980200315,0.8317232253061004,0.07363614397261233,True,0.0,2pct_UNFILTERED_early75pct
call,2009-09-22,2009-10-29,2009-10-13,early_75%,21,37,1.5895747375488298,0.02,19.268942609091113,10.05930960722545,7.6719095876852945,147.8295855472438,0.7626676071461881,0.05152454116275946,True,0.0,2pct_UNFILTERED_early75pct
call,2009-10-14,2009-11-20,2009-10-28,early_75%,14,37,1.6228305053710983,0.02,18.922972765912473,10.270981460059195,7.891994171317612,149.33999077258315,0.7683778032320708,0.05191689198913136,True,0.0,2pct_UNFILTERED_early75pct
put,2009-10-13,2009-11-19,2009-11-06,early_75%,24,37,1.5953648376464855,0.02,19.617459591207698,12.895841314555549,9.639061981969046,189.09390892842416,0.7474550707358215,0.065732540589827,True,0.0,2pct_UNFILTERED_early75pct
put,2009-11-09,2009-12-16,2009-11-23,early_75%,14,37,1.6266897583007847,0.02,19.295231111579593,13.175356039186104,9.937990166795556,191.7558170529257,0.7542862703093576,0.06647768768123047,True,0.0,2pct_UNFILTERED_early75pct
call,2009-10-29,2009-12-04,2009-11-24,early_75%,26,36,1.5833395385742222,0.02,19.38348962338702,10.00402944020161,7.7369048343719005,149.96821457418062,0.7733788550522278,0.05216010771103495,True,0.0,2pct_UNFILTERED_early75pct
put,2009-11-24,2009-12-31,2009-12-14,early_75%,20,37,1.647771301269529,0.02,19.02570274711636,12.863491738086296,9.785859981657726,186.18286313592145,0.7607467848472044,0.06441725763033868,True,0.0,2pct_UNFILTERED_early75pct
call,2009-11-25,2009-12-31,2009-12-16,early_75%,21,36,1.6535614013671847,0.02,18.656159415003447,10.437866065000312,8.501550029868111,158.60627263184682,0.8144911974273218,0.05487764487959883,True,0.0,2pct_UNFILTERED_early75pct
put,2009-12-15,2010-01-21,2009-12-28,early_75%,13,37,1.6531156921386696,0.02,19.031384818295173,13.099166134760026,10.411784682349627,198.1506809350269,0.7948433186690298,0.06840299786173454,True,0.0,2pct_UNFILTERED_early75pct
put,2009-12-29,2010-02-04,2010-01-08,early_75%,10,37,1.680076751708981,0.02,18.71720913277912,13.022312169246714,10.09815180500833,189.00921918889188,0.7754499872039594,0.0651555192660402,True,0.0,2pct_UNFILTERED_early75pct
call,2009-12-17,2010-01-22,2010-01-12,early_75%,26,36,1.6357464599609415,0.02,18.914181963749606,10.354520099859577,8.346659105191033,157.87022910497066,0.8060884545778444,0.05447495266283523,True,0.0,2pct_UNFILTERED_early75pct
call,2010-01-13,2010-02-19,2010-01-27,early_75%,14,37,1.7108239746093687,0.02,18.116908688551312,10.684773875639662,8.322173364320278,150.77205493168435,0.7788815618544905,0.05188464254206774,True,0.0,2pct_UNFILTERED_early75pct
put,2010-01-11,2010-02-17,2010-02-16,early_75%,36,37,1.7124661254882767,0.02,18.332050170489865,12.70730599185984,11.381483423900143,208.64592514153617,0.8956645437822144,0.07178966321396417,True,0.0,2pct_UNFILTERED_early75pct
call,2010-01-28,2010-03-05,2010-02-19,early_75%,22,36,1.6205212402343818,0.02,19.09695373912238,10.253586303167708,7.9562999381349035,151.9410918531445,0.7759528912997895,0.05241354796708596,True,0.0,2pct_UNFILTERED_early75pct
put,2010-02-17,2010-03-26,2010-03-01,early_75%,12,37,1.645746765136721,0.02,19.263465849381028,13.082586482979778,10.359105202479096,199.5522692981014,0.7918239421505919,0.06838050224523497,True,0.0,2pct_UNFILTERED_early75pct
put,2010-03-02,2010-04-08,2010-03-11,early_75%,9,37,1.6747030639648415,0.02,18.89589133279207,12.77871326444416,10.594448345166139,200.19154466113812,0.8290700421805708,0.06848755081423877,True,0.0,2pct_UNFILTERED_early75pct
put,2010-03-12,2010-04-16,2010-03-23,early_75%,11,35,1.7233624267578165,0.02,18.31996311596524,12.673621141505286,10.779312017125607,197.476598569222,0.8505313435497973,0.06751305918405895,True,0.0,2pct_UNFILTERED_early75pct
call,2010-02-22,2010-03-31,2010-03-29,early_75%,35,37,1.6591799926757744,0.02,18.78695369362041,10.464443158626633,10.001356693444208,187.8950250731169,0.9557466691573868,0.0643366220997523,True,0.0,2pct_UNFILTERED_early75pct
put,2010-03-24,2010-04-30,2010-04-05,early_75%,12,37,1.7511413574218722,0.02,18.075568172664553,12.994294446212983,9.776423114783015,176.71440249607392,0.7523627508404064,0.06030368051579004,True,0.0,2pct_UNFILTERED_early75pct
put,2010-04-06,2010-05-13,2010-04-20,early_75%,14,37,1.7841137695312455,0.02,17.741345624320203,12.872562922705722,10.384805766264186,184.24042834072634,0.8067395613927497,0.06273335850017575,True,0.0,2pct_UNFILTERED_early75pct
call,2010-03-30,2010-05-06,2010-04-30,early_75%,31,37,1.7595346069335989,0.02,17.787824482131548,10.931682524598921,9.908505017531693,176.25074813217353,0.9064025592798883,0.06004362046928542,True,0.0,2pct_UNFILTERED_early75pct
call,2010-05-03,2010-06-09,2010-05-21,early_75%,18,37,1.8037478637695301,0.02,17.389021984649613,11.384375065519656,8.357747099525543,145.3330480557912,0.7341419315003956,0.04945693092682641,True,0.0,2pct_UNFILTERED_early75pct
put,2010-04-21,2010-05-28,2010-05-28,expired,37,37,1.808393859863287,0.02,17.53754829730126,13.074393925258992,-167.7649920610697,-2942.1866508673725,-12.83156932704599,-1.0,False,167.7649920610697,2pct_UNFILTERED_early75pct
call,2010-05-24,2010-06-30,2010-06-08,early_75%,15,37,1.6143060302734398,0.02,19.12859373728548,9.411922708879983,7.344808313537444,140.4958543078947,0.7803727825567189,0.04831516954462966,True,0.0,2pct_UNFILTERED_early75pct
put,2010-06-01,2010-07-08,2010-06-11,early_75%,10,37,1.6116078186035168,0.02,19.713906982426863,14.573358445926571,11.58035911925436,228.29412250007914,0.7946252857378396,0.07899967711769455,True,0.0,2pct_UNFILTERED_early75pct
call,2010-06-09,2010-07-16,2010-06-29,early_75%,20,37,1.5894265747070335,0.02,19.369451710068738,9.605818986735521,7.77985810037499,150.69158578640048,0.809910962419554,0.052096041267206836,True,0.0,2pct_UNFILTERED_early75pct
put,2010-06-14,2010-07-21,2010-07-08,early_75%,24,37,1.6412838745117142,0.02,19.29268208447074,14.073270982408323,10.989719007363322,212.02115500672593,0.7808930149288349,0.07323788262595528,True,0.0,2pct_UNFILTERED_early75pct
call,2010-06-30,2010-08-06,2010-07-21,early_75%,21,37,1.5543717956542906,0.02,19.80070278320722,9.339545317877812,7.485599523500745,148.22013131895585,0.8014950694839251,0.051236966033392235,True,0.0,2pct_UNFILTERED_early75pct
put,2010-07-09,2010-08-13,2010-07-23,early_75%,14,35,1.6257511901855537,0.02,19.464315189867747,13.35192470632883,11.160929288212625,217.23984547759682,0.8359041511762217,0.07479352884552316,True,0.0,2pct_UNFILTERED_early75pct
call,2010-07-22,2010-08-27,2010-08-11,early_75%,20,36,1.6483387756347696,0.02,18.828523752426438,10.417103290321226,7.869082939144397,148.16321502949393,0.7554002988965028,0.05096002669518515,True,0.0,2pct_UNFILTERED_early75pct
call,2010-08-12,2010-09-17,2010-08-25,early_75%,13,36,1.6358403015136673,0.02,19.00212339756619,10.31377399075199,7.567742722059853,143.8031810456148,0.7337510719980475,0.04937515543870087,True,0.0,2pct_UNFILTERED_early75pct
put,2010-07-26,2010-09-01,2010-08-31,early_75%,36,37,1.6799624633788994,0.02,18.84188009521528,13.534978004968853,12.740410359234309,240.05328435253148,0.9412952392354943,0.08248288063887976,True,0.0,2pct_UNFILTERED_early75pct
put,2010-09-01,2010-10-08,2010-09-10,early_75%,9,37,1.6332798767089827,0.02,19.485799578624853,13.347785988718854,10.467854324294938,203.97451138145266,0.784238999122555,0.06979490764039108,True,0.0,2pct_UNFILTERED_early75pct
call,2010-08-26,2010-10-01,2010-09-30,early_75%,35,36,1.584640808105462,0.02,19.624278556015806,9.939896311372435,9.749673212744813,191.33030295702977,0.9808626677111326,0.0656436744333651,True,0.0,2pct_UNFILTERED_early75pct
put,2010-09-13,2010-10-20,2010-10-01,early_75%,18,37,1.6974307250976608,0.02,18.698901148977317,13.396956914254881,10.913043975918697,204.0619305401461,0.814591257235947,0.06980054435220019,True,0.0,2pct_UNFILTERED_early75pct
put,2010-10-04,2010-11-10,2010-10-11,early_75%,7,37,1.7221118164062545,0.02,18.541672956600436,14.01334508084229,12.195037754476775,226.11640173690333,0.8702445907186478,0.07708725997569667,True,0.0,2pct_UNFILTERED_early75pct
call,2010-10-01,2010-11-05,2010-10-27,early_75%,26,35,1.735131683349607,0.02,18.045813639682525,10.983353979438387,8.41653606964096,151.8832414044068,0.7662992639040233,0.0517845670532201,True,0.0,2pct_UNFILTERED_early75pct
put,2010-10-12,2010-11-18,2010-11-02,early_75%,21,37,1.7714666748046852,0.02,17.96063337745809,13.486679329019113,11.343956310242923,203.74464033817537,0.8411230098601277,0.0693141704235328,True,0.0,2pct_UNFILTERED_early75pct
call,2010-10-28,2010-12-03,2010-11-17,early_75%,20,36,1.7925102233886747,0.02,17.531638054302594,11.325707095195774,8.627886666391799,151.2609862087244,0.7617967332080875,0.05137930903313843,True,0.0,2pct_UNFILTERED_early75pct
put,2010-11-03,2010-12-10,2010-11-22,early_75%,19,37,1.8159762573242233,0.02,17.56478478023271,13.973783370990258,10.779329144167681,189.33659649259536,0.7713966116396006,0.06430665824331358,True,0.0,2pct_UNFILTERED_early75pct
put,2010-11-23,2010-12-30,2010-12-02,early_75%,9,37,1.793267059326169,0.02,17.86212882004228,14.03326405990248,12.037915943413527,215.0228053060932,0.8578129715245435,0.07282754722164611,True,0.0,2pct_UNFILTERED_early75pct
put,2010-12-03,2011-01-07,2010-12-16,early_75%,13,35,1.86048568725586,0.02,17.158137246344204,13.798980518144322,10.923333920997475,187.42406260412184,0.7916044164736916,0.06341573315021462,True,0.0,2pct_UNFILTERED_early75pct
call,2010-11-18,2010-12-23,2010-12-17,early_75%,29,35,1.8161271667480463,0.02,17.31048289095853,11.371707307401197,9.176537721607309,158.85029922811887,0.8069621802202755,0.05390321495218043,True,0.0,2pct_UNFILTERED_early75pct
put,2010-12-17,2011-01-21,2011-01-03,early_75%,17,35,1.8917295837402293,0.02,16.86191421899382,13.472412326706717,11.553000587334372,194.8057048756174,0.8575302111584393,0.06575392534194598,True,0.0,2pct_UNFILTERED_early75pct
put,2011-01-04,2011-02-10,2011-01-14,early_75%,10,37,1.9325169372558548,0.02,16.571797462155523,14.291452844822134,11.916540950399986,197.47850307951086,0.8338229205799331,0.06658764478496469,True,0.0,2pct_UNFILTERED_early75pct
call,2010-12-20,2011-01-26,2011-01-20,early_75%,31,37,1.8962953186035207,0.02,16.653580875492054,11.706606693977655,9.53615341860723,158.81110219787553,0.8145958660687735,0.05359710340693894,True,0.0,2pct_UNFILTERED_early75pct
put,2011-01-18,2011-02-24,2011-02-04,early_75%,17,37,1.971173553466798,0.02,16.23477885964446,14.103743106155985,11.405691413711057,185.16887784294462,0.8086996003729474,0.06232154687336175,True,0.0,2pct_UNFILTERED_early75pct
call,2011-01-21,2011-02-25,2011-02-22,early_75%,32,35,1.9536714172363219,0.02,16.216679034006045,12.212767575634341,12.050837871410023,195.42456985150096,0.9867409493203338,0.06579606917644427,True,0.0,2pct_UNFILTERED_early75pct
put,2011-02-07,2011-03-16,2011-03-03,early_75%,24,37,2.0084599304199173,0.02,15.987703348328592,14.507714042967262,12.524506272572392,200.2380908701681,0.8632997752422445,0.06721381317811764,True,0.0,2pct_UNFILTERED_early75pct
call,2011-02-23,2011-04-01,2011-03-11,early_75%,16,37,1.9940022277831986,0.02,15.961786485574946,12.62071554984258,9.670124999432893,154.3524705297684,0.7662105180362385,0.051772944167820044,True,0.0,2pct_UNFILTERED_early75pct
put,2011-03-04,2011-04-08,2011-03-25,early_75%,21,35,2.0160691833496145,0.02,16.02629229491245,15.245365924701995,12.04007270980895,192.95772449939685,0.7897529497996816,0.0646059906353631,True,0.0,2pct_UNFILTERED_early75pct
put,2011-03-28,2011-05-04,2011-04-05,early_75%,8,37,2.002052154541019,0.02,16.201944583302385,15.375060928474326,11.69386047195692,189.4632793315163,0.7605732768382146,0.06326814205165592,True,0.0,2pct_UNFILTERED_early75pct
call,2011-03-14,2011-04-20,2011-04-07,early_75%,24,37,1.9792391967773426,0.02,16.111067353769094,12.516247309703502,9.64086828947033,155.32467836047311,0.7702682801734055,0.051998216504942615,True,0.0,2pct_UNFILTERED_early75pct
call,2011-04-08,2011-05-13,2011-04-18,early_75%,10,35,2.030788269042972,0.02,15.748375019435596,12.643866716576339,10.164554951208594,160.07522327729382,0.8039119028265836,0.0533754670948491,True,0.0,2pct_UNFILTERED_early75pct
put,2011-04-06,2011-05-13,2011-04-21,early_75%,15,37,2.043016510009764,0.02,15.841271583877022,14.95926850091694,11.132153454546923,176.3474661868726,0.7441642921152575,0.058793775104965876,True,0.0,2pct_UNFILTERED_early75pct
put,2011-04-25,2011-06-01,2011-05-10,early_75%,15,37,2.042711334228514,0.02,15.835576353214813,14.58079954235043,11.772533111652972,186.42484696033023,0.807399695569454,0.06206185033692494,True,0.0,2pct_UNFILTERED_early75pct
call,2011-04-19,2011-05-26,2011-05-17,early_75%,28,37,2.007096710205076,0.02,15.923520009732655,12.31587155402753,10.164828073281502,161.85984322039022,0.8253437873795789,0.053955215628474426,True,0.0,2pct_UNFILTERED_early75pct
put,2011-05-11,2011-06-17,2011-05-31,early_75%,20,37,2.0549395751953057,0.02,15.79618558364229,15.062497187138508,12.932682150570567,204.28704734467075,0.8586014649425769,0.06791252941082834,True,0.0,2pct_UNFILTERED_early75pct
call,2011-05-18,2011-06-24,2011-06-02,early_75%,15,37,2.053717346191405,0.02,15.629081118831186,12.655823563505747,9.840372536171525,153.79598060734332,0.7775371145776053,0.05106154692816582,True,0.0,2pct_UNFILTERED_early75pct
call,2011-06-03,2011-07-08,2011-06-20,early_75%,17,35,1.9934925842285196,0.02,16.15830134361118,12.418816072391081,9.961025359976215,160.9532494578487,0.8020913831006075,0.053287336373500305,True,0.0,2pct_UNFILTERED_early75pct
put,2011-06-01,2011-07-08,2011-06-28,early_75%,27,37,2.0156564331054625,0.02,16.200324538987434,15.173419934851406,11.364168443168769,184.10321689505363,0.748952345085153,0.06096911253782829,True,0.0,2pct_UNFILTERED_early75pct
put,2011-06-29,2011-08-05,2011-07-05,early_75%,6,37,2.0079843139648403,0.02,16.282084446583582,14.81641782708425,11.473425886001134,186.81128916748852,0.774372457627905,0.0616910510097246,True,0.0,2pct_UNFILTERED_early75pct
call,2011-06-21,2011-07-28,2011-07-18,early_75%,27,37,1.988475341796871,0.02,16.21142552102713,12.489231165938442,10.625365769038401,172.2523257984372,0.8507621988787178,0.057015789461521936,True,0.0,2pct_UNFILTERED_early75pct
call,2011-07-19,2011-08-25,2011-08-02,early_75%,14,37,2.038860321044922,0.02,15.84225401326338,12.825525388619779,10.99813595156339,174.23526341707137,0.857519331046052,0.05756362809148625,True,0.0,2pct_UNFILTERED_early75pct
put,2011-07-06,2011-08-12,2011-08-12,expired,37,37,2.0579071044921875,0.02,15.872980468956557,14.885041322219031,-190.90566912699973,-3030.2419574659493,-12.825336859631902,-1.0000000000000002,False,190.90566912699973,2pct_UNFILTERED_early75pct
call,2011-08-03,2011-09-09,2011-08-19,early_75%,16,37,1.9380921936035094,0.02,16.603707776784496,12.261931821881808,9.317942216748493,154.71238964785553,0.7599081736957898,0.05132515248829625,True,0.0,2pct_UNFILTERED_early75pct
put,2011-08-15,2011-09-21,2011-09-14,early_75%,30,37,1.8528393554687455,0.02,17.633039822159454,16.324506918909908,15.135625555840084,266.88708815942255,0.9271719893914436,0.08958142010036943,True,0.0,2pct_UNFILTERED_early75pct
call,2011-08-22,2011-09-28,2011-09-19,early_75%,28,37,1.7316407775878844,0.02,18.143077246165255,9.722116291919713,8.31791575148512,150.91258800628927,0.8555663707086432,0.05089216794042968,True,0.0,2pct_UNFILTERED_early75pct
call,2011-09-20,2011-10-27,2011-10-04,early_75%,14,37,1.8554769897460943,0.02,17.148634585173873,11.28074841186355,8.187909881328103,140.41147457123,0.7258303777714942,0.04698486921867607,True,0.0,2pct_UNFILTERED_early75pct
put,2011-09-15,2011-10-21,2011-10-10,early_75%,25,36,1.865281066894525,0.02,17.56419258680362,16.393685807300447,12.734642005928746,223.67370471613168,0.7768016390955685,0.07485047376009656,True,0.0,2pct_UNFILTERED_early75pct
put,2011-10-11,2011-11-17,2011-10-24,early_75%,13,37,1.8482194519042991,0.02,17.779534516928823,16.40479413215221,14.924534972990534,265.3512847013966,0.9097666726423298,0.08861647925528778,True,0.0,2pct_UNFILTERED_early75pct
put,2011-10-25,2011-12-01,2011-10-27,early_75%,2,37,1.8999447631835977,0.02,17.313007600803097,16.784000214977485,14.374663006376691,248.86864988838275,0.8564503588095297,0.08298957043335554,True,0.0,2pct_UNFILTERED_early75pct
call,2011-10-05,2011-11-11,2011-11-07,early_75%,33,37,1.7666940307617125,0.02,17.919570452246536,10.345110738352076,8.86221016922352,158.80699949001655,0.8566568684827075,0.053282716821807345,True,0.0,2pct_UNFILTERED_early75pct
call,2011-11-08,2011-12-15,2011-11-21,early_75%,13,37,1.9745213317871162,0.02,16.238926443080523,12.360966601370805,10.202224525858103,165.6731736312018,0.8253581499626977,0.055119996888641776,True,0.0,2pct_UNFILTERED_early75pct
put,2011-10-28,2011-12-02,2011-11-30,early_75%,33,35,1.9856391906738224,0.02,16.462383295666108,16.224589170180224,16.15244759175932,265.9077834187009,0.995553565168017,0.08858455057866908,True,0.0,2pct_UNFILTERED_early75pct
call,2011-11-22,2011-12-29,2011-12-13,early_75%,21,37,1.8403445434570358,0.02,17.35354459226471,11.253610472063663,8.396846973126074,145.7150583825663,0.746146936040721,0.0485982518945616,True,0.0,2pct_UNFILTERED_early75pct
put,2011-12-01,2012-01-06,2011-12-20,early_75%,19,36,1.929590759277346,0.02,17.07354217085015,16.310989752422916,13.652887847965882,233.10315642613304,0.8370361366904675,0.07728862589779932,True,0.0,2pct_UNFILTERED_early75pct
put,2011-12-21,2012-01-27,2012-01-04,early_75%,14,37,1.9293977355956997,0.02,17.02774644694998,15.275499555000623,12.104411596111227,206.11085154810308,0.792406922767295,0.06813081394067956,True,0.0,2pct_UNFILTERED_early75pct
call,2011-12-14,2012-01-20,2012-01-17,early_75%,34,37,1.8797178649902406,0.02,17.15981460781541,11.82787484275551,11.163228218162988,191.55892664841042,0.9438067587433416,0.06337561209579119,True,0.0,2pct_UNFILTERED_early75pct
put,2012-01-05,2012-02-10,2012-01-18,early_75%,13,36,1.989530792236323,0.02,16.531745561229265,15.698884431859964,12.367238677949501,204.45204311885456,0.7877781845983219,0.06748679718901998,True,0.0,2pct_UNFILTERED_early75pct
put,2012-01-19,2012-02-24,2012-02-02,early_75%,14,36,2.0426724243164074,0.02,16.11179920659939,15.729937419615064,12.296954363102582,198.1260595510251,0.7817548179033701,0.06522292425002167,True,0.0,2pct_UNFILTERED_early75pct
call,2012-01-18,2012-02-24,2012-02-17,early_75%,30,37,2.031950225830073,0.02,15.953272557828498,12.844603921009218,10.694675345676329,170.61507070706318,0.8326200956795274,0.05618414406887477,True,0.0,2pct_UNFILTERED_early75pct
put,2012-02-03,2012-03-09,2012-02-21,early_75%,18,35,2.0905293273925736,0.02,15.705928555910425,15.221657881151614,12.399734901075615,194.74935046852264,0.8146113253819561,0.06397179665744264,True,0.0,2pct_UNFILTERED_early75pct
put,2012-02-22,2012-03-30,2012-03-09,early_75%,16,37,2.1136822509765665,0.02,15.596779670005919,15.878890563982972,12.916199718322432,201.45112118046748,0.8134195311868566,0.06607112223862818,True,0.0,2pct_UNFILTERED_early75pct
call,2012-02-21,2012-03-29,2012-03-12,early_75%,20,37,2.120518493652341,0.02,15.338001640641789,13.271458624936283,11.165198704245208,171.2518360438046,0.8412940144549343,0.056168511706128466,True,0.0,2pct_UNFILTERED_early75pct
put,2012-03-12,2012-04-18,2012-03-16,early_75%,4,37,2.137766723632808,0.02,15.38979453990819,15.211476336377766,11.96208650646698,184.09405360313497,0.7863856368668193,0.06024261424366771,True,0.0,2pct_UNFILTERED_early75pct
call,2012-03-13,2012-04-19,2012-04-09,early_75%,27,37,2.1763014221191384,0.02,14.949956108465308,13.180612889320415,12.255988954905133,183.22649694166734,0.9298497010587073,0.05994628109691981,True,0.0,2pct_UNFILTERED_early75pct
put,2012-03-19,2012-04-25,2012-04-20,early_75%,32,37,2.198168640136714,0.02,14.969654884426486,15.406692885631468,11.885253876086912,177.91814873881327,0.7714344645093363,0.058144141313996256,True,0.0,2pct_UNFILTERED_early75pct
put,2012-04-23,2012-05-30,2012-04-26,early_75%,3,37,2.13480590820312,0.02,15.561560571289604,16.26418702229825,13.052106861639928,203.1111515103544,0.8025059502664013,0.06618164924560592,True,0.0,2pct_UNFILTERED_early75pct
call,2012-04-10,2012-05-17,2012-05-04,early_75%,24,37,2.120916442871092,0.02,15.407470417789026,13.39301708200428,11.872847284617102,182.93054331266475,0.8864953439483195,0.059753041335114304,True,0.0,2pct_UNFILTERED_early75pct
call,2012-05-07,2012-06-13,2012-05-18,early_75%,11,37,2.1396441650390585,0.02,15.299156639654761,13.44368625800123,10.173664038318112,155.64847972145142,0.756761489599855,0.05073622076800659,True,0.0,2pct_UNFILTERED_early75pct
put,2012-04-27,2012-06-01,2012-06-01,expired,35,35,2.1909889221191463,0.02,15.106207326544189,15.680256055570235,-203.4186361563444,-3072.8840918605965,-12.972915457211696,-1.0,False,203.4186361563444,2pct_UNFILTERED_early75pct
put,2012-06-04,2012-07-11,2012-06-06,early_75%,2,37,1.9991859436035213,0.02,16.482883204935682,16.74352780232053,12.506150709064409,206.13742148083222,0.7469244747412878,0.06827430689155689,True,0.0,2pct_UNFILTERED_early75pct
call,2012-05-21,2012-06-27,2012-06-11,early_75%,21,37,2.059583435058599,0.02,15.78717179153686,13.035199615032331,10.060576025064647,158.82804202951263,0.7718006875370503,0.052148103240313055,True,0.0,2pct_UNFILTERED_early75pct
put,2012-06-07,2012-07-13,2012-06-18,early_75%,11,36,2.060831909179683,0.02,15.933672119574856,16.31644184095375,14.587625503098822,232.43444176952485,0.8940445254727256,0.07687134639788033,True,0.0,2pct_UNFILTERED_early75pct
put,2012-06-19,2012-07-26,2012-07-03,early_75%,14,37,2.1287684631347616,0.02,15.393094771538923,16.048496746220735,13.157027423344184,202.5273700392736,0.8198292731961039,0.06684518491503422,True,0.0,2pct_UNFILTERED_early75pct
call,2012-06-12,2012-07-19,2012-07-06,early_75%,24,37,2.0744096374511685,0.02,15.556287801710269,13.129462054058456,11.687234797468466,181.80998811558248,0.8901533626700127,0.06014690173127449,True,0.0,2pct_UNFILTERED_early75pct
put,2012-07-05,2012-08-10,2012-07-19,early_75%,14,36,2.1458673095703062,0.02,15.27127669662827,15.832623573755725,12.645714714628886,193.1162084337213,0.7987125226415739,0.06362492268017912,True,0.0,2pct_UNFILTERED_early75pct
call,2012-07-09,2012-08-15,2012-08-02,early_75%,24,37,2.1228071594238287,0.02,15.25067322158326,13.268819427789962,11.048630429197544,168.49905222173294,0.8326762218240383,0.05551743701104513,True,0.0,2pct_UNFILTERED_early75pct
put,2012-07-20,2012-08-24,2012-08-03,early_75%,14,35,2.1408470153808565,0.02,15.299343771367331,15.303708238819496,13.641353280201118,208.70375334046628,0.8913756762297887,0.06862503830868763,True,0.0,2pct_UNFILTERED_early75pct
put,2012-08-06,2012-09-12,2012-08-16,early_75%,10,37,2.190262145996087,0.02,14.99000236567166,15.700933916765697,13.072258802740112,195.95319037774647,0.8325784231714621,0.06429234357301038,True,0.0,2pct_UNFILTERED_early75pct
call,2012-08-03,2012-09-07,2012-08-28,early_75%,25,35,2.1860269165039057,0.02,14.835385520128588,13.316369937000037,10.235944349943018,151.85418059398668,0.7686737750880637,0.04986179431980802,True,0.0,2pct_UNFILTERED_early75pct
put,2012-08-17,2012-09-21,2012-09-06,early_75%,20,35,2.2304219055175736,0.02,14.654215233344384,14.756338660096842,11.65223888185105,170.75441652498938,0.7896429561731527,0.05594349676670281,True,0.0,2pct_UNFILTERED_early75pct
put,2012-09-07,2012-10-12,2012-09-18,early_75%,11,35,2.264149322509766,0.02,14.493607897711646,15.412946847825836,11.99573016355092,173.86140943725943,0.7782892059504538,0.05685126678135889,True,0.0,2pct_UNFILTERED_early75pct
call,2012-08-29,2012-10-05,2012-09-25,early_75%,27,37,2.219911499023439,0.02,14.663385122749544,13.784109423616894,11.454733481405214,167.9651685162983,0.8310100514567403,0.05501607176715798,True,0.0,2pct_UNFILTERED_early75pct
call,2012-09-26,2012-11-02,2012-10-12,early_75%,16,37,2.2598352050781187,0.02,14.442379099486946,14.00238106526561,10.468601148885956,151.19150643353555,0.7476300709208972,0.049384587593101804,True,0.0,2pct_UNFILTERED_early75pct
put,2012-09-19,2012-10-26,2012-10-16,early_75%,27,37,2.3013285827636736,0.02,14.273638047094323,15.613998541334373,13.174099915667218,188.04233379248973,0.8437364638399255,0.0614123155975165,True,0.0,2pct_UNFILTERED_early75pct
call,2012-10-15,2012-11-21,2012-11-02,early_75%,18,37,2.2722935485839884,0.02,14.370964806081002,13.84984807447352,11.368490850449604,163.37618191006513,0.8208386683607545,0.05327826941676123,True,0.0,2pct_UNFILTERED_early75pct
call,2012-11-05,2012-12-12,2012-11-12,early_75%,7,37,2.2371240234375023,0.02,14.625283729348952,14.019539729912095,11.891594272611064,173.9179402312378,0.8482157404382652,0.05670958049969561,True,0.0,2pct_UNFILTERED_early75pct
put,2012-10-17,2012-11-23,2012-11-23,early_75%,37,37,2.3057284545898398,0.02,14.319563696136052,16.173191873489007,16.173191873489007,231.5930512022558,1.0,0.07543478547198171,True,0.0,2pct_UNFILTERED_early75pct
put,2012-11-26,2013-01-02,2012-12-11,early_75%,15,37,2.2245072937011656,0.02,14.909916087555699,15.774443545602612,12.924238925021433,192.69931786759062,0.8193150451018146,0.06253372937036052,True,0.0,2pct_UNFILTERED_early75pct
call,2012-11-13,2012-12-20,2012-12-14,early_75%,31,37,2.1730941772460994,0.02,15.012711523660483,13.445702432449663,11.118671661490222,166.9214101802515,0.8269312605533037,0.0545397283943142,True,0.0,2pct_UNFILTERED_early75pct
put,2012-12-12,2013-01-18,2013-01-02,early_75%,21,37,2.2633041381835994,0.02,14.69908284887136,16.22453676247123,15.972813926571417,234.78571523627951,0.984485052511202,0.0760226898475696,True,0.0,2pct_UNFILTERED_early75pct
call,2012-12-17,2013-01-23,2013-01-08,early_75%,22,37,2.2674046325683577,0.02,14.512920165775851,13.988036675787697,10.47030662766774,151.9547241985357,0.7485186713723093,0.04921357089047855,True,0.0,2pct_UNFILTERED_early75pct
put,2013-01-03,2013-02-08,2013-01-15,early_75%,12,36,2.3146162414550844,0.02,14.36355288494867,15.927959367263627,11.99016499605122,172.22136902004206,0.75277471015492,0.05563012631176428,True,0.0,2pct_UNFILTERED_early75pct
put,2013-01-16,2013-02-22,2013-01-23,early_75%,7,37,2.335582122802734,0.02,14.231240754183824,15.621835570640568,11.988314426059592,170.60858883410913,0.7674075413128942,0.05500832218584695,True,0.0,2pct_UNFILTERED_early75pct
put,2013-01-24,2013-03-01,2013-02-08,early_75%,15,36,2.373065795898441,0.02,13.988371171240145,15.39332353797371,13.018658329035558,182.1098248581064,0.8457340805525134,0.05866552796644358,True,0.0,2pct_UNFILTERED_early75pct
call,2013-01-09,2013-02-15,2013-02-12,early_75%,34,37,2.317633819580081,0.02,14.221631866752764,13.815462459727296,11.7481521240983,167.07789462353557,0.8503625671847541,0.05390348369070333,True,0.0,2pct_UNFILTERED_early75pct
put,2013-02-11,2013-03-20,2013-03-04,early_75%,21,37,2.4105491638183594,0.02,13.808890516116644,15.869537638707337,12.737478958933298,175.89045239524933,0.8026370552766047,0.056564413862158776,True,0.0,2pct_UNFILTERED_early75pct
put,2013-03-05,2013-04-11,2013-03-11,early_75%,6,37,2.4505738830566344,0.02,13.636904994688091,16.42232887341354,12.708014260693998,173.29798314422547,0.7738253422306792,0.05558208916974823,True,0.0,2pct_UNFILTERED_early75pct
call,2013-02-13,2013-03-22,2013-03-13,early_75%,28,37,2.4165844726562398,0.02,13.683473884712468,14.172099060160445,10.692138207874281,146.3055939391841,0.75444986395355,0.04700123014949997,True,0.0,2pct_UNFILTERED_early75pct
put,2013-03-12,2013-04-18,2013-03-28,early_75%,16,37,2.4726518249511713,0.02,13.491557829830404,15.89238739554216,12.303337850175785,165.99119410558788,0.7741654884166045,0.05317538669522857,True,0.0,2pct_UNFILTERED_early75pct
call,2013-03-14,2013-04-19,2013-04-05,early_75%,22,36,2.4893287658691463,0.02,13.287116907174411,13.905312673315558,11.242502104675795,149.38043979398165,0.808504085366615,0.047834823786067786,True,0.0,2pct_UNFILTERED_early75pct
put,2013-04-01,2013-05-08,2013-04-10,early_75%,9,37,2.4895512390136787,0.02,13.462340154259882,16.73619615501777,13.991941832126432,188.36428036270425,0.8360287906838038,0.060253235892164914,True,0.0,2pct_UNFILTERED_early75pct
put,2013-04-11,2013-05-17,2013-05-03,early_75%,22,36,2.539646301269528,0.02,13.162264682194339,16.202293813923536,15.272416020457975,201.019581997853,0.9426082625000625,0.06423395840269196,True,0.0,2pct_UNFILTERED_early75pct
put,2013-05-06,2013-06-12,2013-05-14,early_75%,8,37,2.5809646606445256,0.02,12.995306576492542,16.826570837571722,13.260902589452364,172.3294946309373,0.7880929939594319,0.05496293923028534,True,0.0,2pct_UNFILTERED_early75pct
call,2013-04-08,2013-05-15,2013-05-15,expired,37,37,2.492105102539057,0.02,13.334171280617863,14.67971066793054,-15.05381655037284,-200.7301683096714,-1.0254845542194218,-0.06418694933436389,False,15.05381655037284,2pct_UNFILTERED_early75pct
call,2013-05-16,2013-06-21,2013-06-05,early_75%,20,36,2.6377590942382767,0.02,12.625952947444677,15.440915048331671,13.510964583873802,170.5888031105821,0.8750106157299018,0.05440620488405468,True,0.0,2pct_UNFILTERED_early75pct
put,2013-05-15,2013-06-21,2013-06-17,early_75%,33,37,2.6502038574218716,0.02,12.673391883355682,17.369294044794298,15.956466247411203,202.22254982698004,0.9186594576763165,0.06443123726225507,True,0.0,2pct_UNFILTERED_early75pct
call,2013-06-06,2013-07-12,2013-06-24,early_75%,18,36,2.5961215209960926,0.02,12.84549100775166,16.027442567810517,14.182669387954844,182.18335208888868,0.8848990927872228,0.05822479340027445,True,0.0,2pct_UNFILTERED_early75pct
put,2013-06-18,2013-07-25,2013-07-08,early_75%,20,37,2.644141845703132,0.02,12.82094583979698,19.240247127481993,14.477601709281634,185.616547404852,0.7524644363118607,0.05905032916746084,True,0.0,2pct_UNFILTERED_early75pct
put,2013-07-09,2013-08-15,2013-07-17,early_75%,8,37,2.648349914550778,0.02,12.771631864849237,18.21691643795579,13.543835640477512,172.97688283820338,0.7434757515963736,0.05491826030811895,True,0.0,2pct_UNFILTERED_early75pct
call,2013-06-25,2013-08-01,2013-07-29,early_75%,34,37,2.5431405639648403,0.02,13.12863025723211,15.941598402214433,12.457256511870668,163.54671476384698,0.7814308325657132,0.05225963023031015,True,0.0,2pct_UNFILTERED_early75pct
put,2013-07-18,2013-08-23,2013-08-01,early_75%,14,36,2.708331298828128,0.02,12.466799561173088,18.209894749694115,14.95978428144723,186.5006321151904,0.821519535784166,0.05921776860138871,True,0.0,2pct_UNFILTERED_early75pct
call,2013-07-30,2013-09-05,2013-08-15,early_75%,16,37,2.703841857910163,0.02,12.41752042720126,15.99111130023797,12.635835746614053,156.9057484983399,0.7901787129970144,0.049670517846868885,True,0.0,2pct_UNFILTERED_early75pct
call,2013-08-16,2013-09-20,2013-09-03,early_75%,18,35,2.6595767211913994,0.02,12.610680329980557,15.90287546720856,11.842608132787955,149.34334543581684,0.74468344779579,0.04736005184204685,True,0.0,2pct_UNFILTERED_early75pct
put,2013-08-02,2013-09-06,2013-09-05,early_75%,34,35,2.741690673828117,0.02,12.292475225472089,17.200287440974343,14.472600704049029,177.90408560267258,0.8414162120089083,0.0563204631602515,True,0.0,2pct_UNFILTERED_early75pct
put,2013-09-06,2013-10-11,2013-09-11,early_75%,5,35,2.6629446411132847,0.02,12.81247500339569,18.847174161651857,15.647316800602457,200.48085537793241,0.8302208419360757,0.06323494916345479,True,0.0,2pct_UNFILTERED_early75pct
put,2013-09-12,2013-10-18,2013-09-18,early_75%,6,36,2.709613647460941,0.02,12.569102227991,18.503648215589436,15.268367024158747,191.909665981138,0.8251544152949825,0.06047890804840525,True,0.0,2pct_UNFILTERED_early75pct
call,2013-09-04,2013-10-11,2013-10-03,early_75%,29,37,2.658292541503897,0.02,12.65836527768916,16.320796421904234,13.861153081878337,175.45953888038284,0.8492939145589246,0.05555384057145674,True,0.0,2pct_UNFILTERED_early75pct
put,2013-09-19,2013-10-25,2013-10-16,early_75%,27,36,2.7707189941406227,0.02,12.256260012026363,18.267503208122584,16.551879466906854,202.86413843413072,0.9060832932848271,0.0639551712009403,True,0.0,2pct_UNFILTERED_early75pct
put,2013-10-17,2013-11-22,2013-10-28,early_75%,11,36,2.791638488769536,0.02,12.229954980860452,18.599498621086468,14.980622023960523,183.21233293832378,0.8054314973295472,0.05749298401431339,True,0.0,2pct_UNFILTERED_early75pct
call,2013-10-04,2013-11-08,2013-11-04,early_75%,31,35,2.7218548583984443,0.02,12.419506681101703,16.78494875872123,14.573878553019096,181.00038205878548,0.8682706609662246,0.0570628343995611,True,0.0,2pct_UNFILTERED_early75pct
put,2013-10-29,2013-12-05,2013-11-13,early_75%,15,37,2.8552975463867085,0.02,11.97318465386169,19.091906626549076,14.978326138842757,179.33826466612751,0.7845379946502565,0.05621696110592106,True,0.0,2pct_UNFILTERED_early75pct
call,2013-11-05,2013-12-12,2013-12-05,early_75%,30,37,2.840792846679676,0.02,11.948899441912971,16.760946081409056,14.800365680708602,176.8480812223269,0.8830268654777731,0.055366069379920946,True,0.0,2pct_UNFILTERED_early75pct
put,2013-11-14,2013-12-20,2013-12-06,early_75%,22,36,2.8891409301757847,0.02,11.821916568089364,18.522778391534974,15.921595420747714,188.22377269495314,0.8595684234943923,0.05888353123608128,True,0.0,2pct_UNFILTERED_early75pct
put,2013-12-09,2014-01-15,2013-12-23,early_75%,14,37,2.9234680175781307,0.02,11.74702393623974,19.59760447301204,15.660376593509326,183.96281869448262,0.7990964719731593,0.05741676510657875,True,0.0,2pct_UNFILTERED_early75pct
call,2013-12-06,2014-01-10,2014-01-02,early_75%,27,35,2.916054687500008,0.02,11.671732400604697,17.256536496940516,14.8274207636833,173.0616873448812,0.8592350363186794,0.05404584826306683,True,0.0,2pct_UNFILTERED_early75pct
put,2013-12-24,2014-01-30,2014-01-10,early_75%,17,37,2.9641311645507926,0.02,11.577908712928624,19.199879760091942,15.261000089647855,176.6904659059384,0.7948487324055395,0.05505148409070833,True,0.0,2pct_UNFILTERED_early75pct
call,2014-01-03,2014-02-07,2014-01-22,early_75%,19,35,2.9634832763671852,0.02,11.516312227720146,17.52716350721126,13.1131245988686,151.0148371615683,0.7481601112167079,0.047030592673294326,True,0.0,2pct_UNFILTERED_early75pct
call,2014-01-23,2014-02-28,2014-02-04,early_75%,12,36,2.961862792968759,0.02,11.562450911132402,17.583638925394464,13.542955214589742,156.58975486035848,0.7702020766037725,0.04861029025615809,True,0.0,2pct_UNFILTERED_early75pct
put,2014-01-13,2014-02-19,2014-02-11,early_75%,29,37,2.9440386962890557,0.02,11.703707664666506,19.602772810619385,18.740365533309344,219.3317597308446,0.9560058525576112,0.06819610893220532,True,0.0,2pct_UNFILTERED_early75pct
put,2014-02-12,2014-03-21,2014-02-24,early_75%,12,37,2.950196533203126,0.02,11.731605147017547,20.26435026084929,15.478821150998844,181.5914178848221,0.7638449272614437,0.05633675120603176,True,0.0,2pct_UNFILTERED_early75pct
put,2014-02-25,2014-04-03,2014-03-10,early_75%,13,37,2.9950790405273438,0.02,11.551860501389744,20.191122301446875,15.806982339157862,182.60005492988296,0.7828679408288836,0.05659159553554107,True,0.0,2pct_UNFILTERED_early75pct
call,2014-02-05,2014-03-14,2014-03-12,early_75%,35,37,2.8383917236328102,0.02,12.061825218769282,17.902270721320228,16.2746668035284,196.30218647786614,0.9090839400694865,0.061197474675551033,True,0.0,2pct_UNFILTERED_early75pct
put,2014-03-11,2014-04-17,2014-03-31,early_75%,20,37,3.0338076782226437,0.02,11.455230022750436,21.129005697444587,17.75172339748088,203.35007481838437,0.8401589573913473,0.06289322434639243,True,0.0,2pct_UNFILTERED_early75pct
call,2014-03-13,2014-04-17,2014-04-04,early_75%,22,35,3.0005899047851585,0.02,11.49247055473289,18.404171269170405,16.44511870664604,188.99504250521662,0.8935538833087227,0.05838749272180172,True,0.0,2pct_UNFILTERED_early75pct
put,2014-04-01,2014-05-08,2014-04-24,early_75%,23,37,3.063797912597664,0.02,11.337475717004057,20.27939642608743,15.373700495640769,174.29895604982045,0.7580945789818493,0.05373533477497675,True,0.0,2pct_UNFILTERED_early75pct
call,2014-04-07,2014-05-14,2014-05-01,early_75%,24,37,3.0001620483398312,0.02,11.507538330808917,18.354230816002996,13.902842753277675,159.98749589055183,0.7574734617130253,0.04936002739365228,True,0.0,2pct_UNFILTERED_early75pct
put,2014-04-25,2014-05-30,2014-05-05,early_75%,10,35,3.0318978881836074,0.02,11.494069003925786,20.445534563570494,15.161460371908117,174.2668717149982,0.741553629951185,0.053622523336037876,True,0.0,2pct_UNFILTERED_early75pct
put,2014-05-06,2014-06-12,2014-05-12,early_75%,6,37,3.0398730468749875,0.02,11.482621632679793,20.574988274227557,16.510862739344045,189.58798966499867,0.8024725224279093,0.05825739314472115,True,0.0,2pct_UNFILTERED_early75pct
call,2014-05-02,2014-06-06,2014-05-20,early_75%,18,35,3.0607049560546784,0.02,11.288038355320124,17.7814650917133,14.768486464126891,166.7072416570904,0.8305550970043212,0.05122805553096573,True,0.0,2pct_UNFILTERED_early75pct
put,2014-05-13,2014-06-19,2014-05-27,early_75%,14,37,3.0916278076171864,0.02,11.261880137622637,19.765374924333557,15.477990747620629,174.3112765709357,0.783086119381695,0.05348351586923985,True,0.0,2pct_UNFILTERED_early75pct
put,2014-05-28,2014-07-03,2014-06-05,early_75%,8,36,3.1147381591796943,0.02,11.175280437699532,19.43320726866237,14.550807432042502,162.60935364803754,0.7487599566494032,0.049824603158239666,True,0.0,2pct_UNFILTERED_early75pct
put,2014-06-06,2014-07-11,2014-06-20,early_75%,14,35,3.179839477539076,0.02,10.911408364001927,18.87467216308866,14.015714548006102,152.93118494657728,0.7425673106744209,0.046858174225193804,True,0.0,2pct_UNFILTERED_early75pct
call,2014-05-21,2014-06-27,2014-06-24,early_75%,34,37,3.0781192016601437,0.02,11.226429837494122,17.588334767002383,14.955713051696147,167.8992632445619,0.8503200132257365,0.05153169419754216,True,0.0,2pct_UNFILTERED_early75pct
put,2014-06-23,2014-07-30,2014-07-03,early_75%,10,37,3.2032525634765534,0.02,10.870508966589178,19.514500840720622,15.568729208394908,169.24001045825568,0.7978030970645106,0.0517558927776969,True,0.0,2pct_UNFILTERED_early75pct
call,2014-06-25,2014-08-01,2014-07-21,early_75%,26,37,3.198347473144537,0.02,10.84339815882455,18.110589470746323,14.272640357977611,154.7639221792594,0.7880825956014256,0.04730360492172064,True,0.0,2pct_UNFILTERED_early75pct
call,2014-07-22,2014-08-28,2014-08-05,early_75%,14,37,3.2411917114257847,0.02,10.745476712199787,18.681707190770222,14.13427492667735,151.87952206844082,0.7565836881149945,0.046275511667119684,True,0.0,2pct_UNFILTERED_early75pct
put,2014-07-07,2014-08-13,2014-08-11,early_75%,35,37,3.2299087524414176,0.02,10.818219442365118,19.98653957387806,18.94369574873123,204.93705765917363,0.9478226923028836,0.06251955341439798,True,0.0,2pct_UNFILTERED_early75pct
put,2014-08-12,2014-09-18,2014-08-18,early_75%,6,37,3.16482360839845,0.02,11.15619561723758,21.63224542435781,18.540371420137575,206.8400103792957,0.8570710555669455,0.06288066529671005,True,0.0,2pct_UNFILTERED_early75pct
put,2014-08-19,2014-09-25,2014-09-02,early_75%,14,37,3.2442993164062557,0.02,10.846195090141569,20.804804540315107,15.991147972273815,173.44311062260354,0.768627647584312,0.05266740643303452,True,0.0,2pct_UNFILTERED_early75pct
call,2014-08-06,2014-09-12,2014-09-08,early_75%,33,37,3.1409475708007903,0.02,11.117655939660535,19.3827991001142,18.204955002803743,202.39642611817382,0.9392325075843396,0.0617720269227805,True,0.0,2pct_UNFILTERED_early75pct
call,2014-09-09,2014-10-16,2014-09-30,early_75%,21,37,3.2595083618164153,0.02,10.764062142320071,19.31867160403017,14.418334476975897,155.1998482989245,0.7463419210443027,0.04702159832722469,True,0.0,2pct_UNFILTERED_early75pct
put,2014-09-03,2014-10-10,2014-10-06,early_75%,33,37,3.2788037109374955,0.02,10.751564967058812,21.14465576601762,17.388614944312245,186.95482326094285,0.8223645320468232,0.056689241178626275,True,0.0,2pct_UNFILTERED_early75pct
call,2014-10-01,2014-11-07,2014-10-20,early_75%,19,37,3.1930895996093795,0.02,11.029608418928392,19.767496297728542,17.581151033424117,193.91321145270624,0.8893969559232621,0.058693547191822334,True,0.0,2pct_UNFILTERED_early75pct
put,2014-10-07,2014-11-13,2014-10-23,early_75%,16,37,3.175181274414058,0.02,11.243625276996202,23.39528743149914,17.86635757258643,200.8826296109853,0.7636733519474259,0.0607445432390924,True,0.0,2pct_UNFILTERED_early75pct
put,2014-10-24,2014-11-28,2014-10-31,early_75%,7,35,3.2272625732422,0.02,11.05576291889814,22.983735332458615,20.865013463166648,230.67864214838826,0.9078164694013067,0.06960978817593368,True,0.0,2pct_UNFILTERED_early75pct
put,2014-11-03,2014-12-10,2014-11-10,early_75%,7,37,3.314996032714845,0.02,10.741212900967929,23.043831251553463,17.569824109416604,188.72122139180297,0.7624523855264806,0.05696059436450202,True,0.0,2pct_UNFILTERED_early75pct
put,2014-11-11,2014-12-18,2014-11-24,early_75%,13,37,3.3545913696289062,0.02,10.585061710788196,22.069419621240005,18.223937959497867,192.90150791486045,0.8257551975657222,0.05815103990674502,True,0.0,2pct_UNFILTERED_early75pct
call,2014-10-21,2014-11-26,2014-11-26,early_75%,36,36,3.1884884643554585,0.02,11.05671730003623,19.573694524696016,19.573694524696016,216.42080687683085,1.0,0.06540367417648747,True,0.0,2pct_UNFILTERED_early75pct
call,2014-11-28,2015-01-02,2014-12-15,early_75%,17,35,3.404209899902355,0.02,10.398271109582726,19.96071328550909,15.930675590700794,165.6514837509188,0.7981015188603511,0.049711857439914124,True,0.0,2pct_UNFILTERED_early75pct
put,2014-11-25,2014-12-31,2014-12-22,early_75%,27,36,3.402731323242193,0.02,10.435688539544314,21.716835484719653,19.778084682387206,206.3979316541251,0.9107259064656733,0.062086622925404386,True,0.0,2pct_UNFILTERED_early75pct
call,2014-12-16,2015-01-22,2015-01-06,early_75%,21,37,3.251578369140617,0.02,10.885396740270739,20.568127913172198,15.403766027916227,167.67610450817244,0.7489143442195038,0.05057218143857658,True,0.0,2pct_UNFILTERED_early75pct
put,2014-12-23,2015-01-29,2015-01-22,early_75%,30,37,3.432084655761713,0.02,10.448610907490725,23.90281255013036,21.49493702646185,224.59223347051554,0.8992639247528477,0.06731774656275451,True,0.0,2pct_UNFILTERED_early75pct
call,2015-01-07,2015-02-13,2015-01-26,early_75%,19,37,3.3422146606445438,0.02,10.619174446516327,21.03286250759968,16.437668366981214,174.55446788295666,0.7815231217834419,0.05248488667946438,True,0.0,2pct_UNFILTERED_early75pct
put,2015-01-23,2015-02-27,2015-02-10,early_75%,18,35,3.3861575317382915,0.02,10.658510591631437,24.420941076676694,19.062515651175893,203.17802497119828,0.7805807151871643,0.06067100702248882,True,0.0,2pct_UNFILTERED_early75pct
put,2015-02-11,2015-03-20,2015-02-19,early_75%,8,37,3.4185375976562398,0.02,10.586483111017502,25.062816169066505,18.636375211619974,197.29367142840007,0.7435866379063063,0.058828623697506785,True,0.0,2pct_UNFILTERED_early75pct
call,2015-01-27,2015-03-05,2015-02-26,early_75%,30,37,3.3493176269531375,0.02,10.67127978045421,20.823569396143917,15.519744403523875,165.6155346511417,0.745297028971306,0.04940891302616299,True,0.0,2pct_UNFILTERED_early75pct
call,2015-02-27,2015-04-02,2015-03-11,early_75%,12,34,3.4801568603515705,0.02,10.262758022072529,20.32821386543445,16.016875510152314,164.37731763035268,0.7879135676246982,0.04887851038094165,True,0.0,2pct_UNFILTERED_early75pct
put,2015-02-20,2015-03-27,2015-03-18,early_75%,26,35,3.4897399902343693,0.02,10.3266467865879,23.700904942252095,22.044713314644323,227.6479679119233,0.930121164924161,0.0677729382349165,True,0.0,2pct_UNFILTERED_early75pct
call,2015-03-12,2015-04-17,2015-03-31,early_75%,19,36,3.421345825195317,0.02,10.444812204410047,20.839218546257708,16.156005759035757,168.74644612649567,0.7752692704466618,0.05028396787069622,True,0.0,2pct_UNFILTERED_early75pct
put,2015-03-19,2015-04-24,2015-04-09,early_75%,21,36,3.46099395751952,0.02,10.440977713061791,23.482916151711443,20.433395860229894,213.34463077882938,0.8701387735756447,0.06333649132105482,True,0.0,2pct_UNFILTERED_early75pct
put,2015-04-10,2015-05-15,2015-04-24,early_75%,14,35,3.4854031372070438,0.02,10.354481848438734,22.375579339921902,16.927158519253567,175.27195563325614,0.7565014635868037,0.0518975742469199,True,0.0,2pct_UNFILTERED_early75pct
call,2015-04-01,2015-05-08,2015-04-27,early_75%,26,37,3.4133862304687455,0.02,10.516668633106926,20.761509718121776,15.748338264876026,165.62005505377925,0.7585353126381758,0.049124961234291414,True,0.0,2pct_UNFILTERED_early75pct
put,2015-04-27,2015-06-03,2015-05-14,early_75%,17,37,3.4975173950195426,0.02,10.358365742008262,23.165650051198266,18.377885714773164,190.36486179844937,0.7933248440754439,0.056272714326812315,True,0.0,2pct_UNFILTERED_early75pct
call,2015-04-28,2015-06-04,2015-05-21,early_75%,23,37,3.5086361694336006,0.02,10.236398725622363,20.308996887499184,15.661951322663754,160.32197856007474,0.771182910186183,0.04738082716864468,True,0.0,2pct_UNFILTERED_early75pct
call,2015-05-22,2015-06-26,2015-06-05,early_75%,14,35,3.534356384277345,0.02,10.179986954325157,20.135683338127734,15.001817730345907,152.71830878608517,0.7450364349909773,0.0450099602513079,True,0.0,2pct_UNFILTERED_early75pct
put,2015-05-15,2015-06-19,2015-06-10,early_75%,26,35,3.525229492187492,0.02,10.270662445025803,22.46316969909995,17.940603654856112,184.2618841990233,0.7986675030806072,0.054355619097140144,True,0.0,2pct_UNFILTERED_early75pct
call,2015-06-08,2015-07-15,2015-06-29,early_75%,21,37,3.4595172119140614,0.02,10.447449686703147,21.091480534354915,15.595345216201242,162.93158449302908,0.7394144375402534,0.048006321686700194,True,0.0,2pct_UNFILTERED_early75pct
put,2015-06-11,2015-07-17,2015-07-13,early_75%,32,36,3.511788940429682,0.02,10.349207646200076,22.909099319346893,22.794667029478795,235.90674231406672,0.9950049415617375,0.06943881951938408,True,0.0,2pct_UNFILTERED_early75pct
call,2015-06-30,2015-08-06,2015-07-21,early_75%,21,37,3.43249053955077,0.02,10.536090391712415,21.48758339659007,17.62729077172223,185.72272893186351,0.8203477536947946,0.05478372143540443,True,0.0,2pct_UNFILTERED_early75pct
put,2015-07-14,2015-08-20,2015-08-05,early_75%,22,37,3.513029785156249,0.02,10.3956199395268,23.459672551607298,18.87123914632782,196.17822995314418,0.8044118733888675,0.057561764425347245,True,0.0,2pct_UNFILTERED_early75pct
call,2015-07-22,2015-08-28,2015-08-06,early_75%,15,37,3.5245352172851483,0.02,10.271460872837467,20.252270664003863,15.581492594410342,160.0446915238926,0.7693701537430415,0.04690377457785231,True,0.0,2pct_UNFILTERED_early75pct
put,2015-08-06,2015-09-11,2015-08-17,early_75%,11,36,3.4741778564453227,0.02,10.542136177712639,23.35918546411207,17.45146995585016,183.97577277583318,0.7470924010882897,0.053852821514794,True,0.0,2pct_UNFILTERED_early75pct
call,2015-08-07,2015-09-11,2015-08-25,early_75%,18,35,3.467508544921884,0.02,10.466643151565137,20.357365191274848,15.494134400205017,162.17157570933563,0.7611070614799302,0.047470721408662764,True,0.0,2pct_UNFILTERED_early75pct
call,2015-08-26,2015-10-02,2015-09-10,early_75%,15,37,3.2425656127929585,0.02,11.100354514043628,20.0234150373216,15.53552541394124,172.44983965668214,0.7758679218796897,0.05106453917281235,True,0.0,2pct_UNFILTERED_early75pct
put,2015-08-18,2015-09-24,2015-09-24,expired,37,37,3.5013574218750136,0.02,10.475968507418903,23.691273391189842,-326.4444687963115,-3419.821974531252,-13.779101840836786,-1.0,False,326.4444687963115,2pct_UNFILTERED_early75pct
call,2015-09-11,2015-10-16,2015-09-28,early_75%,17,35,3.280585021972655,0.02,11.033697995699745,20.769240444858628,17.92815431957897,197.81384038253418,0.8632070280652482,0.05834292489538497,True,0.0,2pct_UNFILTERED_early75pct
put,2015-09-25,2015-10-30,2015-10-05,early_75%,10,35,3.2324377441406114,0.02,11.314674551412198,26.128489264244326,23.973773675657363,271.25544690927603,0.917533862490259,0.080688456211766,True,0.0,2pct_UNFILTERED_early75pct
put,2015-10-06,2015-11-12,2015-10-12,early_75%,6,37,3.3152395629882676,0.02,10.99267829845563,25.44291563771872,20.739251122348207,227.9799157388587,0.8151287147139141,0.06775738568306372,True,0.0,2pct_UNFILTERED_early75pct
put,2015-10-13,2015-11-19,2015-10-19,early_75%,6,37,3.3564721679687466,0.02,10.848313902208254,24.96566702417879,19.54643929131491,212.0459091026412,0.7829327881520067,0.06291470898614895,True,0.0,2pct_UNFILTERED_early75pct
put,2015-10-20,2015-11-25,2015-10-23,early_75%,3,36,3.4044088745117165,0.02,10.673437787968542,24.164694897845,18.111273932294317,193.30955557719977,0.7494931762581234,0.057264107633522285,True,0.0,2pct_UNFILTERED_early75pct
put,2015-10-26,2015-12-02,2015-11-02,early_75%,7,37,3.4696115112304824,0.02,10.460330564024815,24.47481260053546,18.151432265653412,189.8699817092406,0.7416372317905426,0.05628589523765597,True,0.0,2pct_UNFILTERED_early75pct
call,2015-09-29,2015-11-05,2015-11-05,early_75%,37,37,3.1531549072265648,0.02,11.351609459402086,19.788473773198433,19.788473773198433,224.63102607096943,1.0,0.06695994828988078,True,0.0,2pct_UNFILTERED_early75pct
call,2015-11-06,2015-12-11,2015-11-25,early_75%,19,35,3.520565795898449,0.02,10.233366955148899,21.036953191850735,16.901346298248903,172.9576787060285,0.8034122690730767,0.051058441706800614,True,0.0,2pct_UNFILTERED_early75pct
put,2015-11-03,2015-12-10,2015-12-01,early_75%,28,37,3.536656799316404,0.02,10.261278351544886,24.45711410124228,23.088356920764856,236.91605704378597,0.9440343952761009,0.07013291668923198,True,0.0,2pct_UNFILTERED_early75pct
call,2015-11-27,2015-12-31,2015-12-16,early_75%,19,34,3.5125201416015557,0.02,10.28539471646319,21.18270009877477,15.868993294032997,163.21885978203676,0.7491487496889443,0.048077760088542934,True,0.0,2pct_UNFILTERED_early75pct
put,2015-12-02,2016-01-08,2015-12-29,early_75%,27,37,3.4952563476562375,0.02,10.468546829445259,25.032222069860822,23.380433671658064,244.75916478449122,0.9340135129197525,0.07205210570354162,True,0.0,2pct_UNFILTERED_early75pct
call,2015-12-17,2016-01-22,2016-01-04,early_75%,18,36,3.433742370605472,0.02,10.567586549246952,21.55020641485411,16.984360411185058,179.48369862880165,0.788129825033977,0.05277530200932605,True,0.0,2pct_UNFILTERED_early75pct
call,2016-01-05,2016-02-11,2016-01-13,early_75%,8,37,3.395164794921868,0.02,10.686732868381936,21.368620132817323,16.478353844914174,176.09976565127215,0.7711473058387698,0.05179464000825089,True,0.0,2pct_UNFILTERED_early75pct
call,2016-01-14,2016-02-19,2016-01-27,early_75%,13,36,3.236163024902339,0.02,11.137119565701152,20.471622947258304,16.366324432589185,182.2737120568018,0.7994639445418797,0.053988493076188054,True,0.0,2pct_UNFILTERED_early75pct
put,2015-12-30,2016-02-05,2016-02-05,expired,37,37,3.4722195434570438,0.02,10.59292403179894,25.631102215616718,-321.5908521300877,-3406.5874659355054,-12.546899053531389,-1.0000000000000002,False,321.5908521300877,2pct_UNFILTERED_early75pct
put,2016-02-08,2016-03-16,2016-02-17,early_75%,9,37,3.126397399902345,0.02,11.690572683943696,26.15182001386121,23.598660291804354,275.88185338503473,0.9023716238218369,0.08237226998524244,True,0.0,2pct_UNFILTERED_early75pct
call,2016-01-28,2016-03-04,2016-02-19,early_75%,22,36,3.188614807128914,0.02,11.293740604579526,20.18388920465909,15.816749213821808,178.63026282859065,0.783632383900066,0.05295592861169116,True,0.0,2pct_UNFILTERED_early75pct
put,2016-02-18,2016-03-24,2016-02-25,early_75%,7,35,3.238861083984375,0.02,11.245446788559747,25.507589004624652,18.92510822770336,212.8212975423724,0.7419402995819067,0.06342651028013578,True,0.0,2pct_UNFILTERED_early75pct
put,2016-02-26,2016-04-01,2016-03-02,early_75%,5,35,3.289443664550788,0.02,11.064828550901144,25.1934663144925,19.62302034879061,217.12535581021248,0.7788932298491416,0.06460234468345084,True,0.0,2pct_UNFILTERED_early75pct
put,2016-03-03,2016-04-08,2016-03-16,early_75%,13,36,3.3685223388671943,0.02,10.771377246475407,24.43940527428134,21.66552311702977,233.3675227357614,0.8864996047931392,0.06934901877511185,True,0.0,2pct_UNFILTERED_early75pct
call,2016-02-22,2016-03-30,2016-03-23,early_75%,30,37,3.284217529296882,0.02,10.909542436194869,20.673564027456496,15.72271433425227,171.5276192416945,0.7605226807226361,0.05108954301351619,True,0.0,2pct_UNFILTERED_early75pct
put,2016-03-17,2016-04-22,2016-03-30,early_75%,13,36,3.4503002929687625,0.02,10.490794719973403,23.663080956382135,19.186007518491596,201.27646637236165,0.810799217306357,0.059701246869244544,True,0.0,2pct_UNFILTERED_early75pct
put,2016-03-31,2016-05-06,2016-04-13,early_75%,13,36,3.4831793212890716,0.02,10.397258066237647,23.548707566345968,17.761805393173027,184.6740743951116,0.7542581835173348,0.05469054346850997,True,0.0,2pct_UNFILTERED_early75pct
call,2016-03-24,2016-04-29,2016-04-22,early_75%,29,36,3.442503662109374,0.02,10.4290423786348,20.771213327594474,17.576688556389122,183.30802983064748,0.846204228861227,0.054336387367527966,True,0.0,2pct_UNFILTERED_early75pct
call,2016-04-25,2016-06-01,2016-05-09,early_75%,14,37,3.5355487060546977,0.02,10.191296053968466,21.17454131112874,16.734151148339663,170.5426885645859,0.7902958039305752,0.050346394396645094,True,0.0,2pct_UNFILTERED_early75pct
put,2016-04-14,2016-05-20,2016-05-10,early_75%,26,36,3.525380249023442,0.02,10.28409407690608,23.666769348798937,22.487591385717558,231.2645053737421,0.9501757951960933,0.06837809935035881,True,0.0,2pct_UNFILTERED_early75pct
put,2016-05-11,2016-06-17,2016-05-25,early_75%,14,37,3.4997888183593773,0.02,10.417535899355777,24.302009881798973,20.14088480713839,209.81839052315354,0.8287744472617854,0.06184315357209215,True,0.0,2pct_UNFILTERED_early75pct
call,2016-05-10,2016-06-16,2016-06-03,early_75%,24,37,3.532837524414049,0.02,10.206246688576222,20.990190790172598,17.35618184366851,177.14147346826846,0.8268710855069742,0.05223147194734143,True,0.0,2pct_UNFILTERED_early75pct
put,2016-05-26,2016-07-01,2016-06-23,early_75%,28,36,3.5479214477539074,0.02,10.26364615932277,23.600280415326072,22.51092631166969,231.0441823815665,0.9538414762669958,0.06796944229039484,True,0.0,2pct_UNFILTERED_early75pct
call,2016-06-06,2016-07-13,2016-06-27,early_75%,21,37,3.581986389160164,0.02,10.099888204981312,21.290122292001534,18.426457441017213,186.10516016811988,0.8654932643547957,0.054692762372584594,True,0.0,2pct_UNFILTERED_early75pct
put,2016-06-24,2016-07-29,2016-06-29,early_75%,5,35,3.4624499511718625,0.02,10.72507508697737,28.67925020091777,26.999421466389233,289.57082253197314,0.9414270344322049,0.0850199427948631,True,0.0,2pct_UNFILTERED_early75pct
put,2016-06-30,2016-08-05,2016-07-08,early_75%,8,36,3.568756713867174,0.02,10.292783765128792,25.257034590076067,21.435632744051908,220.63233270324062,0.8486995045916572,0.0646394091451407,True,0.0,2pct_UNFILTERED_early75pct
put,2016-07-11,2016-08-17,2016-07-18,early_75%,7,37,3.635537719726557,0.02,10.071327490517406,24.409508059953623,18.327212347335323,184.57935753826828,0.7508226836165965,0.05403957636167736,True,0.0,2pct_UNFILTERED_early75pct
call,2016-06-28,2016-08-04,2016-08-02,early_75%,35,37,3.4617691040039062,0.02,10.502600191488966,21.731223527468522,21.194654227093732,222.59897954401706,0.9753088315668669,0.06532573889754062,True,0.0,2pct_UNFILTERED_early75pct
put,2016-07-19,2016-08-25,2016-08-05,early_75%,17,37,3.683069763183596,0.02,9.904074571873622,23.400776897499053,20.21470916272656,200.20798699638084,0.8638477795532933,0.05860929492328498,True,0.0,2pct_UNFILTERED_early75pct
call,2016-08-03,2016-09-09,2016-08-26,early_75%,23,37,3.6828994750976562,0.02,9.885529778617881,21.541935834195442,16.631747369111338,164.41363388779973,0.7720637317427284,0.04796493940583167,True,0.0,2pct_UNFILTERED_early75pct
put,2016-08-08,2016-09-14,2016-09-02,early_75%,25,37,3.7147576904296784,0.02,9.850288910879906,23.154602603903847,20.323473937682838,200.19208995891404,0.8777293346531595,0.0583469392499243,True,0.0,2pct_UNFILTERED_early75pct
call,2016-08-29,2016-10-05,2016-09-16,early_75%,18,37,3.720038757324204,0.02,9.809150657104313,21.797360535429387,18.333031813062984,179.83147105582105,0.8410665953460058,0.052349202591935394,True,0.0,2pct_UNFILTERED_early75pct
put,2016-09-06,2016-10-13,2016-10-05,early_75%,29,37,3.731452636718757,0.02,9.846159831614457,23.754625464243105,18.514913878432726,182.30080131562534,0.7794235234860887,0.05299201482161597,True,0.0,2pct_UNFILTERED_early75pct
call,2016-09-19,2016-10-26,2016-10-07,early_75%,18,37,3.654074707031242,0.02,10.0050514076333,22.343989064948886,17.211501865853386,172.2019609704396,0.7702967368907795,0.05017002038126033,True,0.0,2pct_UNFILTERED_early75pct
call,2016-10-10,2016-11-16,2016-10-24,early_75%,14,37,3.701160278320316,0.02,9.900705001302908,21.88516228529505,16.620906497871708,164.55869208966644,0.7594600524867723,0.04772956145566308,True,0.0,2pct_UNFILTERED_early75pct
put,2016-10-06,2016-11-11,2016-11-07,early_75%,32,36,3.694654846191412,0.02,9.986614051123048,24.093590884697395,18.762000027385486,187.36885310065892,0.77871331497132,0.05432405001031026,True,0.0,2pct_UNFILTERED_early75pct
put,2016-11-08,2016-12-15,2016-11-09,early_75%,1,37,3.666060485839836,0.02,10.200970286011016,27.81777379156054,20.701636813878853,211.17678201016994,0.7441874022341569,0.0611049388487923,True,0.0,2pct_UNFILTERED_early75pct
put,2016-11-10,2016-12-16,2016-11-21,early_75%,11,36,3.714174194335925,0.02,10.01087678277426,25.686409507526335,23.1216001717343,231.46749033980424,0.9001491689587631,0.06687742640348866,True,0.0,2pct_UNFILTERED_early75pct
call,2016-10-25,2016-12-01,2016-11-28,early_75%,34,37,3.667087707519528,0.02,10.015169114146286,21.717593615225645,21.375174802374886,214.0759904902229,0.9842331144546927,0.06195861291230489,True,0.0,2pct_UNFILTERED_early75pct
put,2016-11-22,2016-12-29,2016-12-07,early_75%,15,37,3.776841735839838,0.02,9.815733138032291,24.40148923057311,21.907704130938182,215.04017741625682,0.8978019301989809,0.06201182537727362,True,0.0,2pct_UNFILTERED_early75pct
put,2016-12-08,2017-01-13,2016-12-20,early_75%,12,36,3.8550906372070415,0.02,9.6297213481395,24.961917541914584,21.129966030615968,203.47568497048502,0.8464880951207283,0.05860527882291976,True,0.0,2pct_UNFILTERED_early75pct
call,2016-11-29,2017-01-05,2016-12-28,early_75%,29,37,3.7824917602539188,0.02,9.74292134576085,22.143962202727536,17.563625751354913,171.12102424183072,0.7931564184656867,0.04932145071063566,True,0.0,2pct_UNFILTERED_early75pct
put,2016-12-21,2017-01-27,2017-01-10,early_75%,20,37,3.888491821289051,0.02,9.529186212865659,23.998991494415893,18.422440065437293,175.55086187890896,0.7676339261891002,0.05049316277839934,True,0.0,2pct_UNFILTERED_early75pct
call,2016-12-29,2017-02-03,2017-01-17,early_75%,19,36,3.8640341186523415,0.02,9.5659121777352,22.762016240589574,17.603656116354568,168.39502841609888,0.7733785939825252,0.04840938443247339,True,0.0,2pct_UNFILTERED_early75pct
put,2017-01-11,2017-02-17,2017-01-25,early_75%,14,37,3.9113980102539188,0.02,9.501321998174651,24.129787092499924,20.050246757020457,190.50385058130843,0.8309334301276334,0.05463133428475512,True,0.0,2pct_UNFILTERED_early75pct
put,2017-01-26,2017-03-03,2017-02-10,early_75%,15,36,3.9498065185546807,0.02,9.400943506835533,23.50154056337749,18.46943305866282,173.6300967877698,0.7858818024654853,0.04971863153872056,True,0.0,2pct_UNFILTERED_early75pct
call,2017-01-18,2017-02-24,2017-02-22,early_75%,35,37,3.9053707885742313,0.02,9.47919557288186,22.643807495186124,19.38421074253438,183.74672465444087,0.856049087445002,0.05268976698257738,True,0.0,2pct_UNFILTERED_early75pct
put,2017-02-13,2017-03-22,2017-02-24,early_75%,11,37,4.009053955078116,0.02,9.29394142831123,24.523850756104434,19.44006095819777,180.67478790828994,0.7927001820201007,0.05164987823997073,True,0.0,2pct_UNFILTERED_early75pct
put,2017-02-27,2017-04-05,2017-03-15,early_75%,16,37,4.083802490234376,0.02,9.16215408796963,26.06839112324938,21.050744021717417,192.8701603933805,0.807519878084961,0.05506170835855481,True,0.0,2pct_UNFILTERED_early75pct
call,2017-02-23,2017-03-31,2017-03-16,early_75%,21,36,4.072263488769522,0.02,9.116101814019334,23.034160746803455,17.279757366578362,157.52402747527896,0.7501795944085502,0.04497685767812822,True,0.0,2pct_UNFILTERED_early75pct
call,2017-03-17,2017-04-21,2017-04-03,early_75%,17,35,4.100185546874997,0.02,9.063084043259119,22.772844392692313,18.264554217860315,165.53318988913085,0.8020321881144243,0.047165284810916676,True,0.0,2pct_UNFILTERED_early75pct
put,2017-03-16,2017-04-21,2017-04-17,early_75%,32,36,4.107398986816406,0.02,9.099796217730102,25.1128838175039,21.18811435867418,192.80752290189616,0.8437149039771322,0.05494457997487322,True,0.0,2pct_UNFILTERED_early75pct
put,2017-04-18,2017-05-25,2017-04-24,early_75%,6,37,4.045522460937491,0.02,9.339504153132605,27.882553103038788,25.463045937406754,237.81222328381668,0.913225049489161,0.0676004637783129,True,0.0,2pct_UNFILTERED_early75pct
call,2017-04-04,2017-05-11,2017-04-24,early_75%,20,37,4.07337249755858,0.02,9.145465190707553,23.198052754426193,17.967202705193795,164.31842691473642,0.7745133996975522,0.04677263566291785,True,0.0,2pct_UNFILTERED_early75pct
put,2017-04-25,2017-06-01,2017-05-08,early_75%,13,37,4.126478881835936,0.02,9.090651646087647,24.881763339902534,18.886112257118548,171.6870674783708,0.759034317589186,0.04870490495973973,True,0.0,2pct_UNFILTERED_early75pct
call,2017-04-25,2017-06-01,2017-05-18,early_75%,23,37,4.126478881835936,0.02,9.040935122524928,22.749419348783263,17.034097382579336,154.00416930667146,0.7487706442709885,0.043688546491307795,True,0.0,2pct_UNFILTERED_early75pct
put,2017-05-09,2017-06-15,2017-05-25,early_75%,16,37,4.141873474121098,0.02,9.048678853407612,23.976277426208252,19.946935918192906,180.4934172332289,0.8319446577803229,0.05111832403656205,True,0.0,2pct_UNFILTERED_early75pct
put,2017-05-26,2017-06-30,2017-06-13,early_75%,18,35,4.18114105224609,0.02,8.961175903779178,23.63759209151471,20.95368271460957,187.76963663759358,0.8864558891398844,0.053117693999540874,True,0.0,2pct_UNFILTERED_early75pct
call,2017-05-19,2017-06-23,2017-06-15,early_75%,27,35,4.1223278808593875,0.02,9.059492562605685,23.42737722178277,18.601921667815017,168.52397099974368,0.794024934661442,0.04784378290021871,True,0.0,2pct_UNFILTERED_early75pct
call,2017-06-16,2017-07-21,2017-07-05,early_75%,19,35,4.217696838378913,0.02,8.873477269393712,22.67305617309365,17.20348846200063,152.6547638218396,0.7587635442996075,0.04310607324011239,True,0.0,2pct_UNFILTERED_early75pct
put,2017-06-14,2017-07-21,2017-07-10,early_75%,26,37,4.224905395507818,0.02,8.916445997283034,25.328732503589997,21.059246218465308,187.77363165043286,0.8314370336328694,0.053024348879455556,True,0.0,2pct_UNFILTERED_early75pct
put,2017-07-11,2017-08-17,2017-07-14,early_75%,3,37,4.209873962402355,0.02,8.976034612838165,25.540445328078317,20.538800212595966,184.35698161442923,0.8041676622614051,0.051938193391604534,True,0.0,2pct_UNFILTERED_early75pct
call,2017-07-06,2017-08-11,2017-08-03,early_75%,28,36,4.181366882324227,0.02,9.007036617719882,24.180742544269133,19.808443728706475,178.41537800450297,0.8191826075002441,0.05028085994261496,True,0.0,2pct_UNFILTERED_early75pct
put,2017-07-17,2017-08-23,2017-08-04,early_75%,18,37,4.267931823730464,0.02,8.830947084625883,24.51532492582363,20.198948247853153,178.37584314188788,0.823931492198019,0.05021143439520077,True,0.0,2pct_UNFILTERED_early75pct
call,2017-08-04,2017-09-08,2017-08-21,early_75%,17,35,4.300610351562511,0.02,8.739554258339988,22.78394513955978,18.876245536478905,164.9699720598054,0.8284888951783889,0.04634742783028945,True,0.0,2pct_UNFILTERED_early75pct
put,2017-08-07,2017-09-13,2017-08-31,early_75%,24,37,4.30860656738281,0.02,8.768739204025255,24.900489502057926,18.64695082280408,163.51024871545312,0.7488588054167764,0.04593295679660526,True,0.0,2pct_UNFILTERED_early75pct
put,2017-09-01,2017-10-06,2017-09-15,early_75%,14,35,4.308085632324207,0.02,8.785693122323039,24.793822311414214,20.40129183578272,179.23948936814142,0.8228377044708703,0.05024766290382535,True,0.0,2pct_UNFILTERED_early75pct
call,2017-08-22,2017-09-28,2017-09-20,early_75%,29,37,4.266367797851558,0.02,8.822165365704157,23.98424442141332,20.03226153441293,176.72792390562535,0.835225875055208,0.04975073984401085,True,0.0,2pct_UNFILTERED_early75pct
put,2017-09-18,2017-10-25,2017-10-02,early_75%,14,37,4.362307128906252,0.02,8.698179848298071,25.511430464430738,22.221811869134733,193.28931619277864,0.871053150081782,0.054104622840852254,True,0.0,2pct_UNFILTERED_early75pct
put,2017-10-03,2017-11-09,2017-10-18,early_75%,15,37,4.417158508300787,0.02,8.581582920264967,24.922953461654153,19.719156940238587,169.22158040037584,0.791204660819112,0.04731164341989211,True,0.0,2pct_UNFILTERED_early75pct
call,2017-09-21,2017-10-27,2017-10-25,early_75%,34,36,4.356541137695302,0.02,8.659258969913031,22.851106970506724,22.372598163633768,193.7301213287055,0.9790597099960823,0.05419679070924512,True,0.0,2pct_UNFILTERED_early75pct
put,2017-10-19,2017-11-24,2017-11-02,early_75%,14,36,4.468341674804691,0.02,8.505132593301166,25.801426399350476,19.51127667978566,165.94599522616198,0.7562092257146231,0.04634147128245901,True,0.0,2pct_UNFILTERED_early75pct
call,2017-10-26,2017-12-01,2017-11-20,early_75%,25,36,4.465371704101557,0.02,8.499781765236108,24.9434267580276,22.20269971282609,188.71810215809217,0.8901222726216054,0.05266373148826023,True,0.0,2pct_UNFILTERED_early75pct
put,2017-11-03,2017-12-08,2017-11-21,early_75%,18,35,4.514809570312508,0.02,8.405746638128742,24.500231792567853,19.26326306577741,161.92210875454802,0.7862481967056704,0.04511506474913876,True,0.0,2pct_UNFILTERED_early75pct
put,2017-11-22,2017-12-29,2017-12-07,early_75%,15,37,4.537693786621105,0.02,8.406825727533787,26.1521754399795,23.39173289439678,196.65022190821324,0.8944469246194043,0.054702506630084434,True,0.0,2pct_UNFILTERED_early75pct
put,2017-12-08,2018-01-12,2017-12-18,early_75%,10,35,4.638139343261713,0.02,8.21457962333422,25.870084575299558,21.997762764335544,180.702373762851,0.850316615715232,0.050229641943480126,True,0.0,2pct_UNFILTERED_early75pct
call,2017-11-21,2017-12-28,2017-12-26,early_75%,35,37,4.541710510253893,0.02,8.353275968759247,24.031099769081326,19.687100895048818,164.45178680114995,0.81923428741195,0.045769059203984164,True,0.0,2pct_UNFILTERED_early75pct
put,2017-12-19,2018-01-25,2018-01-03,early_75%,15,37,4.690992736816412,0.02,8.13610812622934,27.25841411415697,25.18082665245455,204.8739283522078,0.9237817925503082,0.05699071533833229,True,0.0,2pct_UNFILTERED_early75pct
put,2018-01-04,2018-02-09,2018-01-12,early_75%,8,36,4.768950805664076,0.02,8.009907713160876,26.228004953850693,22.06759325532392,176.759385426716,0.8413752130271748,0.048966508647939604,True,0.0,2pct_UNFILTERED_early75pct
put,2018-01-16,2018-02-22,2018-01-22,early_75%,6,37,4.863061828613269,0.02,7.893921253351786,30.515074982598833,25.704182044148187,202.90678893832472,0.842343728757211,0.05639465448059438,True,0.0,2pct_UNFILTERED_early75pct
call,2017-12-27,2018-02-02,2018-02-02,early_75%,37,37,4.693627929687494,0.02,8.12741422095564,25.603420149973516,25.603420149973516,208.08960103199692,1.0,0.05769662956601828,True,0.0,2pct_UNFILTERED_early75pct
call,2018-02-05,2018-03-14,2018-02-12,early_75%,7,37,4.634104003906259,0.02,8.261860190934172,27.246727044303153,21.247772414682494,175.54612505889455,0.7798284315078885,0.048715135425346015,True,0.0,2pct_UNFILTERED_early75pct
put,2018-01-23,2018-03-01,2018-03-01,expired,37,37,4.974031066894526,0.02,7.675635282010662,30.467933647560464,-360.5127017645568,-2767.16401327702,-11.832528780415757,-0.7720829840595723,False,360.5127017645568,2pct_UNFILTERED_early75pct
call,2018-02-13,2018-03-22,2018-03-02,early_75%,17,37,4.670449829101585,0.02,8.19091448041465,29.47274613465478,24.066770629716505,197.1288600477629,0.816577136034779,0.0550006801324188,True,0.0,2pct_UNFILTERED_early75pct
put,2018-03-02,2018-04-06,2018-03-08,early_75%,6,35,4.724529418945309,0.02,8.187941816461539,36.05278565683498,29.189903438413577,239.005230981861,0.8096434965179918,0.06688793076992985,True,0.0,2pct_UNFILTERED_early75pct
call,2018-03-05,2018-04-11,2018-03-22,early_75%,17,37,4.779135131835915,0.02,7.977979021298947,29.998029302929574,22.305193916625033,177.9503691328394,0.7435553079630712,0.049797773730384826,True,0.0,2pct_UNFILTERED_early75pct
call,2018-03-23,2018-04-27,2018-04-11,early_75%,19,35,4.549009094238272,0.02,8.343852864325866,28.757008769576796,21.33221428342192,177.99285725114314,0.7418092213398124,0.050058710803254455,True,0.0,2pct_UNFILTERED_early75pct
put,2018-03-09,2018-04-13,2018-04-13,early_75%,35,35,4.896422424316398,0.02,7.848492477598757,33.57914485326335,33.57914485326335,263.5456657850364,1.0,0.07362828747066655,True,0.0,2pct_UNFILTERED_early75pct
call,2018-04-12,2018-05-18,2018-04-27,early_75%,15,36,4.687921447753894,0.02,8.130951957289593,29.350977419997086,23.970974427386555,194.90684143849748,0.8167010619228957,0.05454876831783114,True,0.0,2pct_UNFILTERED_early75pct
put,2018-04-16,2018-05-23,2018-05-07,early_75%,21,37,4.7126007080078125,0.02,8.219834134226444,34.25392918989484,28.984905994791024,238.25111967332793,0.8461775533576389,0.06632608385764839,True,0.0,2pct_UNFILTERED_early75pct
put,2018-05-08,2018-06-14,2018-05-10,early_75%,2,37,4.705374145507818,0.02,8.22260390040962,32.691170237412365,24.193506008657494,198.93361687137067,0.7400624031797433,0.05525571207444694,True,0.0,2pct_UNFILTERED_early75pct
call,2018-04-30,2018-06-06,2018-05-29,early_75%,29,37,4.662889099121088,0.02,8.219714524430076,28.64391949682701,25.00344813025118,205.52120575705965,0.872905962922459,0.05713180472264833,True,0.0,2pct_UNFILTERED_early75pct
put,2018-05-11,2018-06-15,2018-06-01,early_75%,21,35,4.809909667968753,0.02,8.003271313646001,30.957762560282397,24.25026765056159,194.0814714359772,0.7833339894425619,0.05388550760759568,True,0.0,2pct_UNFILTERED_early75pct
put,2018-06-04,2018-07-11,2018-06-14,early_75%,10,37,4.846046752929681,0.02,7.975921021644713,31.68313620228999,24.751058341731863,197.4124865357739,0.7812060707532769,0.05464756300047927,True,0.0,2pct_UNFILTERED_early75pct
call,2018-05-30,2018-07-06,2018-06-22,early_75%,23,37,4.8056793212890625,0.02,7.982160558422866,29.16262083784435,23.37034458677943,186.5458427973421,0.8013801200079974,0.051772418272922026,True,0.0,2pct_UNFILTERED_early75pct
put,2018-06-15,2018-07-20,2018-07-09,early_75%,24,35,4.907297973632808,0.02,7.863772126425647,30.78645469043535,27.59990252134627,217.03934413942773,0.8964949942716506,0.060007179060265016,True,0.0,2pct_UNFILTERED_early75pct
call,2018-06-25,2018-08-01,2018-07-20,early_75%,25,37,4.798749389648435,0.02,8.03449062965653,29.86036239722728,23.46997908154183,188.5693270088826,0.7859910998173674,0.052153819684139464,True,0.0,2pct_UNFILTERED_early75pct
put,2018-07-10,2018-08-16,2018-07-24,early_75%,14,37,4.938638916015634,0.02,7.853345423652501,32.17450747128564,24.474044199779737,192.20312301460922,0.7606656985074836,0.05300976162985316,True,0.0,2pct_UNFILTERED_early75pct
put,2018-07-25,2018-08-31,2018-08-07,early_75%,13,37,5.0291238403320335,0.02,7.714747661856892,32.34777327808892,25.373851398229103,195.7528607467922,0.7844079770219091,0.05392214122841009,True,0.0,2pct_UNFILTERED_early75pct
call,2018-07-23,2018-08-29,2018-08-20,early_75%,28,37,4.961658935546893,0.02,7.766812374938139,28.863855384512455,22.831263576024014,177.3261404777377,0.7909984051636649,0.04885761608364648,True,0.0,2pct_UNFILTERED_early75pct
put,2018-08-08,2018-09-14,2018-08-27,early_75%,19,37,5.054799804687491,0.02,7.656449753890008,30.60917509814413,26.37537221001105,201.94171206609644,0.8616819017644882,0.055542206241604664,True,0.0,2pct_UNFILTERED_early75pct
call,2018-08-21,2018-09-27,2018-09-17,early_75%,27,37,5.070383300781259,0.02,7.6231534443758555,29.657576172997107,25.387619475888886,193.53371885212593,0.8560247583214178,0.053181070389222776,True,0.0,2pct_UNFILTERED_early75pct
put,2018-08-28,2018-10-04,2018-09-18,early_75%,21,37,5.1337756347656125,0.02,7.585322202000804,33.27775943258427,26.469545293074038,200.78002958842038,0.7954124840254752,0.0551334224053327,True,0.0,2pct_UNFILTERED_early75pct
call,2018-09-18,2018-10-25,2018-10-10,early_75%,22,37,5.151307373046848,0.02,7.52349291371538,30.083944730753675,23.699394815931626,178.3022289570046,0.7877755071031172,0.048860017587518324,True,0.0,2pct_UNFILTERED_early75pct
call,2018-10-11,2018-11-16,2018-10-24,early_75%,13,36,4.841283874511703,0.02,8.000405888737241,30.575917983898904,23.931881960625624,191.46476936635378,0.7827036288240965,0.0527654098956517,True,0.0,2pct_UNFILTERED_early75pct
put,2018-09-19,2018-10-26,2018-10-26,expired,37,37,5.156796264648449,0.02,7.554707197485552,32.477560928742335,-483.20206553610257,-3650.4501223454795,-14.878028143685917,-1.0,False,483.20206553610257,2pct_UNFILTERED_early75pct
put,2018-10-29,2018-12-04,2018-11-01,early_75%,3,36,4.693467712402338,0.02,8.326317405089778,38.57262211454403,34.72571561399655,289.1373303210173,0.9002684730863296,0.0806123479890257,True,0.0,2pct_UNFILTERED_early75pct
put,2018-11-02,2018-12-07,2018-11-07,early_75%,5,35,4.836303100585951,0.02,8.042144085581974,36.85613011060636,33.630834881115476,270.46401983234676,0.9124895853196829,0.07527479516616338,True,0.0,2pct_UNFILTERED_early75pct
call,2018-10-25,2018-11-30,2018-11-12,early_75%,18,36,4.804107360839851,0.02,7.972566419960907,30.37999310243238,24.427199849108064,194.7474732506731,0.8040554771275539,0.054278958115777806,True,0.0,2pct_UNFILTERED_early75pct
call,2018-11-13,2018-12-20,2018-11-23,early_75%,10,37,4.839327087402353,0.02,7.914085495522557,30.52890309568704,23.224821931620777,183.80322638513417,0.760748653786446,0.05122326200726284,True,0.0,2pct_UNFILTERED_early75pct
put,2018-11-08,2018-12-14,2018-12-03,early_75%,25,36,4.989455261230461,0.02,7.775607287328335,36.215481905648765,31.497741811727863,244.91407076565758,0.8697314008905941,0.06806936831819325,True,0.0,2pct_UNFILTERED_early75pct
call,2018-11-26,2019-01-02,2018-12-14,early_75%,18,37,4.758214721679678,0.02,8.020692011597381,29.8910221356324,25.580978682151454,205.17715136477506,0.8558080940182021,0.05736540009837076,True,0.0,2pct_UNFILTERED_early75pct
call,2018-12-17,2019-01-23,2019-01-02,early_75%,16,37,4.542272644042953,0.02,8.471028306979665,28.691043207400323,23.922049143981855,202.64435545962897,0.8337810853044063,0.05621624659047099,True,0.0,2pct_UNFILTERED_early75pct
put,2018-12-04,2019-01-10,2019-01-08,early_75%,35,37,4.807131042480478,0.02,8.128658043587409,37.68034306865481,35.79238464538845,290.9440553469113,0.9498954024960327,0.08078947604259765,True,0.0,2pct_UNFILTERED_early75pct
put,2019-01-09,2019-02-15,2019-01-17,early_75%,8,37,4.615494384765611,0.02,8.495788940039604,35.75778667426062,26.960664119259796,229.05211204052998,0.7539802271561393,0.06331891197288649,True,0.0,2pct_UNFILTERED_early75pct
put,2019-01-18,2019-02-22,2019-01-31,early_75%,13,35,4.767393188476575,0.02,8.197526217818433,35.21404101821614,28.279736860318458,231.8238843454669,0.803081272203023,0.0640500969714417,True,0.0,2pct_UNFILTERED_early75pct
call,2019-01-03,2019-02-08,2019-02-08,early_75%,36,36,4.369306030273435,0.02,8.792206205564131,27.566892902421202,27.566892902421202,242.3738068447895,1.0,0.06734083217588786,True,0.0,2pct_UNFILTERED_early75pct
put,2019-02-01,2019-03-08,2019-02-12,early_75%,11,35,4.831803588867189,0.02,8.064229177728313,34.43518210943374,26.588533682798143,214.41602911783284,0.7721328029658958,0.05925085117069501,True,0.0,2pct_UNFILTERED_early75pct
put,2019-02-13,2019-03-22,2019-02-22,early_75%,9,37,4.920008239746096,0.02,7.962205032326592,35.01728393189388,29.2721870971249,233.0711554119334,0.8359353956194094,0.06405523291799248,True,0.0,2pct_UNFILTERED_early75pct
call,2019-02-11,2019-03-20,2019-03-08,early_75%,25,37,4.841824645996098,0.02,8.007037674563056,29.756054202271088,22.827709750811294,182.78233199873648,0.7671618553870292,0.05023411762281012,True,0.0,2pct_UNFILTERED_early75pct
put,2019-02-25,2019-04-03,2019-03-13,early_75%,16,37,5.0010580444335915,0.02,7.830064748541376,34.87658278362663,28.791408491173158,225.4385926875898,0.825522634192526,0.06188650056945719,True,0.0,2pct_UNFILTERED_early75pct
put,2019-03-14,2019-04-18,2019-03-29,early_75%,15,35,5.0304003906250045,0.02,7.776343858719064,33.33489949327705,24.99032311404013,194.33334567527103,0.7496744701174262,0.05320427861819713,True,0.0,2pct_UNFILTERED_early75pct
put,2019-04-01,2019-05-08,2019-04-12,early_75%,11,37,5.136480712890631,0.02,7.633232144794086,34.33400092865999,29.701306201379957,226.71696523874542,0.8650697675197844,0.06196627230042949,True,0.0,2pct_UNFILTERED_early75pct
call,2019-03-11,2019-04-17,2019-04-15,early_75%,35,37,4.981735839843736,0.02,7.784911468237183,29.958231057625245,28.221304957057242,219.7003606088138,0.9420217402947794,0.06027419814546838,True,0.0,2pct_UNFILTERED_early75pct
put,2019-04-15,2019-05-22,2019-04-30,early_75%,15,37,5.210877075195299,0.02,7.515942566249701,33.55443555587215,25.741194277398858,193.46933777560528,0.7671472892022483,0.05279884626893257,True,0.0,2pct_UNFILTERED_early75pct
call,2019-04-16,2019-05-23,2019-05-10,early_75%,24,37,5.214291992187498,0.02,7.460972410543159,30.00831885444311,24.06853602331026,179.574683232082,0.8020621261742761,0.04897743865801439,True,0.0,2pct_UNFILTERED_early75pct
call,2019-05-13,2019-06-19,2019-05-28,early_75%,15,37,5.047167053222665,0.02,7.763889064541471,31.883271309347556,26.518562980684436,205.88718113309017,0.831739087353615,0.056084365176172976,True,0.0,2pct_UNFILTERED_early75pct
put,2019-05-01,2019-06-07,2019-06-05,early_75%,35,37,5.2439422607421875,0.02,7.521473148949155,36.521525968714585,34.117699975258326,256.61536426780873,0.9341805707813127,0.06993156199943193,True,0.0,2pct_UNFILTERED_early75pct
put,2019-06-06,2019-07-12,2019-06-17,early_75%,11,36,5.117969970703115,0.02,7.748548963450597,36.48518987477161,28.076232250521834,217.55006030237917,0.7695240821519113,0.059069082285539504,True,0.0,2pct_UNFILTERED_early75pct
put,2019-06-18,2019-07-25,2019-07-01,early_75%,13,37,5.254546508789076,0.02,7.5455084059783575,36.93357990852878,31.474727984129046,237.49282458012797,0.8521981368196815,0.06442859858963483,True,0.0,2pct_UNFILTERED_early75pct
call,2019-05-29,2019-07-05,2019-07-05,early_75%,37,37,5.000622558593761,0.02,7.824667708424277,31.240997155397928,31.240997155397928,244.45042162081685,1.0,0.06663733048659388,True,0.0,2pct_UNFILTERED_early75pct
put,2019-07-02,2019-08-08,2019-07-12,early_75%,10,37,5.352874145507826,0.02,7.382253459871325,35.22791392582926,27.241925351090934,201.10679767664743,0.773305095738781,0.05447736782731879,True,0.0,2pct_UNFILTERED_early75pct
call,2019-07-08,2019-08-14,2019-08-01,early_75%,24,37,5.359916992187493,0.02,7.339549931218356,32.03504581825235,25.585970702514185,187.78950950979285,0.7986868771055814,0.05077018138339942,True,0.0,2pct_UNFILTERED_early75pct
call,2019-08-02,2019-09-06,2019-08-16,early_75%,14,35,5.2840765380859125,0.02,7.458276908285558,32.83464677806699,24.280791594758945,181.0928672660847,0.739486913286307,0.04899538766295921,True,0.0,2pct_UNFILTERED_early75pct
put,2019-07-15,2019-08-21,2019-08-21,early_75%,37,37,5.4308843994140545,0.02,7.2897358707756315,35.43171574920445,35.43171574920445,258.28784926010155,1.0,0.06979463495846427,True,0.0,2pct_UNFILTERED_early75pct
put,2019-08-22,2019-09-27,2019-09-05,early_75%,14,36,5.279379272460943,0.02,7.586786243836315,38.28632753703862,32.226857146024486,244.4982764775366,0.8417327860669808,0.0658158926983456,True,0.0,2pct_UNFILTERED_early75pct
call,2019-08-19,2019-09-25,2019-09-16,early_75%,28,37,5.278837280273422,0.02,7.464552413301984,32.72853887923704,28.333595182389026,211.49760629622347,0.8657152489127412,0.057221646472363254,True,0.0,2pct_UNFILTERED_early75pct
put,2019-09-06,2019-10-11,2019-09-18,early_75%,12,35,5.382129516601566,0.02,7.4259435118284705,37.27561859926399,28.949626876742986,214.97829387520468,0.7766370610229013,0.05779091508283322,True,0.0,2pct_UNFILTERED_early75pct
call,2019-09-17,2019-10-24,2019-10-02,early_75%,15,37,5.4339550781249955,0.02,7.297180971050602,32.73426320671474,24.72803948380305,180.44497917259557,0.7554176285455729,0.04842356796214751,True,0.0,2pct_UNFILTERED_early75pct
put,2019-09-19,2019-10-25,2019-10-15,early_75%,26,36,5.436843261718764,0.02,7.3550825030206815,36.867159259925096,34.14392986751336,251.13142115291274,0.9261340052480824,0.06736932388370566,True,0.0,2pct_UNFILTERED_early75pct
put,2019-10-16,2019-11-22,2019-10-28,early_75%,12,37,5.413332519531252,0.02,7.404116521820763,36.504899474674225,30.29880486245071,224.33588167349455,0.8299928310574015,0.060018033285371065,True,0.0,2pct_UNFILTERED_early75pct
call,2019-10-03,2019-11-08,2019-10-30,early_75%,27,36,5.268564453125009,0.02,7.5148392698400155,33.094128032879524,26.593627652183464,199.84683740813162,0.8035754145195271,0.053859168108860135,True,0.0,2pct_UNFILTERED_early75pct
put,2019-10-29,2019-12-05,2019-11-07,early_75%,9,37,5.500592651367185,0.02,7.29050803509819,36.52960876551703,28.264127629569984,206.05984958842072,0.7737320104082407,0.05503893938530289,True,0.0,2pct_UNFILTERED_early75pct
put,2019-11-08,2019-12-13,2019-11-25,early_75%,17,35,5.60454040527344,0.02,7.133590854151609,35.2870104233705,32.36485820531292,230.8776564893339,0.9171890113954724,0.06162774193746564,True,0.0,2pct_UNFILTERED_early75pct
call,2019-10-31,2019-12-06,2019-12-02,early_75%,32,36,5.5027685546875205,0.02,7.232401271852298,32.315248642852914,28.34601215549471,205.00973436534065,0.8771714081105771,0.05472608738165137,True,0.0,2pct_UNFILTERED_early75pct
put,2019-11-26,2020-01-02,2019-12-16,early_75%,20,37,5.697786254882828,0.02,7.026552404423056,35.57494386519329,33.214769729098606,233.38532010235593,0.9336562794016411,0.062176227666909785,True,0.0,2pct_UNFILTERED_early75pct
put,2019-12-17,2020-01-23,2020-01-02,early_75%,16,37,5.797382812500018,0.02,6.933716216714012,37.289283537042,34.37638092638635,238.35606990122324,0.9218836530403682,0.0633725586577207,True,0.0,2pct_UNFILTERED_early75pct
call,2019-12-03,2020-01-09,2020-01-06,early_75%,34,37,5.615606689453102,0.02,7.1173082811571,34.50769163627677,27.35156733178632,194.66953667314877,0.7926223411314057,0.05189529043443566,True,0.0,2pct_UNFILTERED_early75pct
put,2020-01-03,2020-02-07,2020-01-09,early_75%,6,35,5.877660522460928,0.02,6.869825583571146,39.58808764107613,29.92272819370449,205.56392367535673,0.7558518225229204,0.05458579170591974,True,0.0,2pct_UNFILTERED_early75pct
put,2020-01-10,2020-02-14,2020-01-17,early_75%,7,35,5.937818603515609,0.02,6.79031205301669,38.09154784600219,30.911621528867634,209.8995562457601,0.8115086752010758,0.05562742562397723,True,0.0,2pct_UNFILTERED_early75pct
call,2020-01-07,2020-02-13,2020-02-03,early_75%,27,37,5.883493652343759,0.02,6.817462593239351,35.05904370971153,26.2781133214405,179.1500545898253,0.7495387934429407,0.04749425807599109,True,0.0,2pct_UNFILTERED_early75pct
put,2020-01-21,2020-02-27,2020-02-11,early_75%,21,37,6.039727783203148,0.02,6.688680108524471,39.638992528696306,30.80164407519369,206.02234403559865,0.7770541608214463,0.05458054231501791,True,0.0,2pct_UNFILTERED_early75pct
call,2020-02-04,2020-03-12,2020-02-25,early_75%,21,37,5.99889221191404,0.02,6.698167637714872,36.898579630432586,29.059217218879645,194.6435083528264,0.7875429761776704,0.05161580863637243,True,0.0,2pct_UNFILTERED_early75pct
call,2020-02-26,2020-04-03,2020-03-16,early_75%,19,37,5.678765258789042,0.02,7.042581081841675,35.53891381651789,26.32137196888455,185.3703962761841,0.7406352401420557,0.049444884923517035,True,0.0,2pct_UNFILTERED_early75pct
put,2020-02-12,2020-03-20,2020-03-20,expired,37,37,6.151298217773444,0.02,6.598220591616846,41.55805437243127,-573.5717674049132,-3784.553046461166,-13.801699238966503,-1.0000000000000002,False,573.5717674049132,2pct_UNFILTERED_early75pct
call,2020-03-17,2020-04-23,2020-03-23,early_75%,6,37,4.608641967773451,0.02,8.366422712316274,16.38634166239088,14.396107634559208,120.44392188272586,0.8785431142083678,0.03238880738127207,True,0.0,2pct_UNFILTERED_early75pct
put,2020-03-23,2020-04-29,2020-03-26,early_75%,3,37,4.0883654785156125,0.02,10.139831220813546,41.91825183031186,33.05728575538919,335.1952981778502,0.7886131771240721,0.09009440552257099,True,0.0,2pct_UNFILTERED_early75pct
put,2020-03-27,2020-05-01,2020-04-06,early_75%,10,35,4.647111206054689,0.02,8.933225775497654,48.050123793012474,44.27779463612154,395.5435363255927,0.9214917910900469,0.10626815318653753,True,0.0,2pct_UNFILTERED_early75pct
put,2020-04-07,2020-05-14,2020-04-14,early_75%,7,37,4.861846008300773,0.02,8.502372598813972,46.79175808865288,41.63450569607174,353.9920803954446,0.8897828890547332,0.09475462876525045,True,0.0,2pct_UNFILTERED_early75pct
call,2020-03-24,2020-04-30,2020-04-21,early_75%,28,37,4.45878387451171,0.02,8.730640765569493,19.88683198438124,15.463463003919074,135.00594047889157,0.7775729696949117,0.0362999284973493,True,0.0,2pct_UNFILTERED_early75pct
put,2020-04-15,2020-05-22,2020-04-27,early_75%,12,37,5.093447875976551,0.02,8.103817926178122,47.55831786323241,41.127655074829725,333.29102845707575,0.8647836366522487,0.08906206173273676,True,0.0,2pct_UNFILTERED_early75pct
put,2020-04-28,2020-06-04,2020-05-08,early_75%,10,37,5.2396002197265545,0.02,7.8641426518369,46.74556756871444,37.271125613796656,293.10544862142905,0.7973189235323612,0.0781014180728237,True,0.0,2pct_UNFILTERED_early75pct
call,2020-04-22,2020-05-29,2020-05-11,early_75%,19,37,5.11802093505861,0.02,7.747602924518095,28.862557820300296,24.076935788850477,186.53853813113233,0.8341927260485597,0.04985496943146697,True,0.0,2pct_UNFILTERED_early75pct
put,2020-05-11,2020-06-17,2020-05-27,early_75%,16,37,5.363743286132802,0.02,7.663342821235907,45.56717589882157,39.41923004861263,302.0830736116824,0.8650795067076358,0.0803151091637532,True,0.0,2pct_UNFILTERED_early75pct
put,2020-05-28,2020-07-02,2020-06-03,early_75%,6,35,5.5557385253906375,0.02,7.410088896177669,47.313362698195604,34.83018667599266,258.0947795395686,0.7361596109363197,0.06852822002138644,True,0.0,2pct_UNFILTERED_early75pct
call,2020-05-12,2020-06-18,2020-06-15,early_75%,34,37,5.256838378906252,0.02,7.616969501252603,31.9214113158899,29.980832421833192,228.36308617926863,0.9392076097496753,0.060719145095369714,True,0.0,2pct_UNFILTERED_early75pct
call,2020-06-16,2020-07-23,2020-06-29,early_75%,13,37,5.738932495117183,0.02,6.995101227024281,34.69825822730439,26.085207721890306,182.46866854257814,0.7517728282212046,0.04837806015176968,True,0.0,2pct_UNFILTERED_early75pct
put,2020-06-04,2020-07-10,2020-07-01,early_75%,27,36,5.709590454101573,0.02,7.201924993684323,47.49441251825829,42.66256827877059,307.2526167816419,0.898264996169177,0.0815003834033251,True,0.0,2pct_UNFILTERED_early75pct
put,2020-07-02,2020-08-07,2020-07-15,early_75%,13,36,5.750740966796883,0.02,7.194645253352906,48.73654267245037,37.16004645305617,267.35335182785406,0.762467840667366,0.07060116871794628,True,0.0,2pct_UNFILTERED_early75pct
call,2020-06-30,2020-08-06,2020-07-27,early_75%,27,37,5.679460449218766,0.02,7.0998102501790585,35.050134851701905,28.596403125322883,203.02903602741986,0.8158714152260772,0.05366226796816127,True,0.0,2pct_UNFILTERED_early75pct
put,2020-07-16,2020-08-21,2020-07-29,early_75%,13,36,5.90840270996091,0.02,7.0134895913452775,50.22294602158939,40.111323623174535,281.32035072621653,0.7986652874949199,0.074195409155758,True,0.0,2pct_UNFILTERED_early75pct
put,2020-07-30,2020-09-04,2020-08-06,early_75%,7,36,5.9667852783202875,0.02,6.940989102359407,49.07035264470082,38.51515987887459,267.3333049948988,0.7848967411697193,0.0703334274834359,True,0.0,2pct_UNFILTERED_early75pct
put,2020-08-07,2020-09-11,2020-08-24,early_75%,17,35,6.162206420898428,0.02,6.705791890029048,48.91470841213225,43.00668688835387,288.393892152942,0.8792178934401452,0.07580863223049979,True,0.0,2pct_UNFILTERED_early75pct
call,2020-07-28,2020-09-03,2020-09-03,early_75%,37,37,5.9154003906249955,0.02,6.858497806050189,37.28578296702321,37.28578296702321,255.7244606761922,1.0,0.06727198313223295,True,0.0,2pct_UNFILTERED_early75pct
call,2020-09-04,2020-10-09,2020-09-11,early_75%,7,35,6.309552001953136,0.02,6.441530099651233,39.05986348615366,29.61330192563514,190.7549757040386,0.758151700559137,0.05003131481028419,True,0.0,2pct_UNFILTERED_early75pct
put,2020-08-25,2020-10-01,2020-09-28,early_75%,34,37,6.338099975585919,0.02,6.537261288805988,50.59705087622564,48.90835061743198,319.7266671906885,0.9666245318739093,0.08386019359763769,True,0.0,2pct_UNFILTERED_early75pct
put,2020-09-29,2020-11-05,2020-10-09,early_75%,10,37,6.146190185546857,0.02,6.805398279249586,51.55424878349423,43.723387276685,297.55506453571536,0.8481044396613072,0.07765250042983965,True,0.0,2pct_UNFILTERED_early75pct
call,2020-09-14,2020-10-21,2020-10-13,early_75%,29,37,6.233851928710919,0.02,6.533145931874554,39.248099601692886,29.288366746942568,191.3451740640378,0.7462365577995852,0.050139542727917506,True,0.0,2pct_UNFILTERED_early75pct
call,2020-10-14,2020-11-20,2020-11-02,early_75%,19,37,6.433925781250025,0.02,6.362238681287716,40.43803774539788,29.598261013810323,188.3112011209142,0.7319410798358732,0.04908871072631118,True,0.0,2pct_UNFILTERED_early75pct
put,2020-10-12,2020-11-18,2020-11-06,early_75%,25,37,6.517138671874989,0.02,6.421125910230843,53.97904063044835,44.27243745318067,284.2788952396928,0.8201782939470694,0.07406702016710266,True,0.0,2pct_UNFILTERED_early75pct
put,2020-11-09,2020-12-16,2020-11-16,early_75%,7,37,6.556525878906257,0.02,6.403838313168287,54.701886020567656,40.581073863738965,259.8746355981238,0.7418587697045887,0.06752812458236168,True,0.0,2pct_UNFILTERED_early75pct
call,2020-11-03,2020-12-10,2020-11-30,early_75%,27,37,6.213871459960956,0.02,6.543475531118028,37.05458995475095,34.01019371885271,222.54487040789675,0.9178402395056621,0.058203489378138136,True,0.0,2pct_UNFILTERED_early75pct
put,2020-11-17,2020-12-24,2020-12-01,early_75%,14,37,6.6685876464843545,0.02,6.283440700466849,53.71314688609592,42.67070417998022,268.1188393620686,0.7944182505349705,0.06959309981812468,True,0.0,2pct_UNFILTERED_early75pct
put,2020-12-02,2021-01-08,2020-12-24,early_75%,22,37,6.782684326171875,0.02,6.1822423732113885,53.50150329542783,46.038504124772246,284.62119099943425,0.8605086079647903,0.07368908622412386,True,0.0,2pct_UNFILTERED_early75pct
call,2020-12-01,2021-01-07,2020-12-28,early_75%,27,37,6.768446044921859,0.02,6.090891702153511,42.776059080176864,32.43844124752684,197.5790326253554,0.7583316917233115,0.051159202711197074,True,0.0,2pct_UNFILTERED_early75pct
put,2020-12-28,2021-02-03,2021-01-13,early_75%,16,37,6.9115075683593545,0.02,6.086241824163241,54.92669748593835,42.77790430394194,260.3566703247041,0.7788180659303867,0.06723716853406375,True,0.0,2pct_UNFILTERED_early75pct
call,2020-12-29,2021-02-04,2021-01-28,early_75%,30,37,6.898321533203102,0.02,5.99225817444111,43.65466463041743,34.34583408279893,205.80910504064997,0.7867620648004624,0.05315232220861511,True,0.0,2pct_UNFILTERED_early75pct
put,2021-01-14,2021-02-19,2021-02-03,early_75%,20,36,7.028319702148451,0.02,6.003219993320474,56.77765612970902,47.00255563786669,282.1666817423993,0.8278354346028122,0.07275325713818044,True,0.0,2pct_UNFILTERED_early75pct
call,2021-01-29,2021-03-05,2021-02-19,early_75%,21,35,6.872509765625011,0.02,6.013397391646991,41.97856843916272,32.297938879139934,194.220341411394,0.7693911460069821,0.05005318447300857,True,0.0,2pct_UNFILTERED_early75pct
put,2021-02-04,2021-03-12,2021-02-24,early_75%,20,36,7.171873168945297,0.02,5.889849576988686,56.822096691397526,50.26191204315821,296.0351013860379,0.8845487049894011,0.07611229438718374,True,0.0,2pct_UNFILTERED_early75pct
put,2021-02-25,2021-04-01,2021-03-09,early_75%,12,35,7.100186157226574,0.02,6.0007237380630025,60.62935101046122,49.22281068681855,295.3724885425733,0.8118643836105958,0.07579862089132884,True,0.0,2pct_UNFILTERED_early75pct
call,2021-02-22,2021-03-31,2021-03-16,early_75%,22,37,7.187470703124973,0.02,5.786450485135345,45.47066523900551,34.566071686201795,200.01486227784548,0.7601839890512626,0.05134009067558029,True,0.0,2pct_UNFILTERED_early75pct
put,2021-03-10,2021-04-16,2021-03-17,early_75%,7,37,7.234826660156273,0.02,5.870809434525235,58.16147508390066,45.26689579291881,265.75331889273843,0.7782969006136654,0.06803765821666721,True,0.0,2pct_UNFILTERED_early75pct
put,2021-03-18,2021-04-23,2021-03-31,early_75%,13,36,7.270109863281277,0.02,5.842819405376044,57.44771117951558,47.05586783850465,274.9389377436255,0.8191077916309327,0.07027844803474388,True,0.0,2pct_UNFILTERED_early75pct
put,2021-04-01,2021-05-07,2021-04-09,early_75%,8,36,7.464027709960931,0.02,5.6697562108409665,54.88097860398785,44.75445003341846,253.746821039746,0.8154819970751476,0.06471878475239994,True,0.0,2pct_UNFILTERED_early75pct
call,2021-03-17,2021-04-23,2021-04-19,early_75%,33,37,7.37745056152346,0.02,5.65866093338637,46.411950260334336,41.083142862876926,232.47557553889274,0.8851845835486978,0.05942597354696078,True,0.0,2pct_UNFILTERED_early75pct
put,2021-04-12,2021-05-19,2021-04-28,early_75%,16,37,7.669537963867185,0.02,5.520974337165565,56.169397036366895,43.032902991680984,237.58355307080598,0.766127202038849,0.06054283553636312,True,0.0,2pct_UNFILTERED_early75pct
call,2021-04-20,2021-05-27,2021-05-14,early_75%,24,37,7.679410400390623,0.02,5.460550162393339,48.1907108077803,37.970680882638206,207.3408076598757,0.7879253127037901,0.052755350488261944,True,0.0,2pct_UNFILTERED_early75pct
put,2021-04-29,2021-06-04,2021-05-24,early_75%,25,36,7.826414184570297,0.02,5.426439535611363,57.872309977841226,48.89029445475169,265.30022673694555,0.8447959736438952,0.06745637180555353,True,0.0,2pct_UNFILTERED_early75pct
put,2021-05-25,2021-07-01,2021-06-04,early_75%,10,37,7.792504882812523,0.02,5.475927520035201,59.23327679946024,44.23129366780701,242.20735824230312,0.7467304876202638,0.061430883821206456,True,0.0,2pct_UNFILTERED_early75pct
call,2021-05-17,2021-06-23,2021-06-07,early_75%,21,37,7.741826782226553,0.02,5.428075087719117,48.79333583307533,39.382523657649436,213.77129555759566,0.8071291496113158,0.05429156641303193,True,0.0,2pct_UNFILTERED_early75pct
put,2021-06-07,2021-07-14,2021-06-24,early_75%,17,37,7.866101074218761,0.02,5.414474508632201,56.998380312631525,45.92990105497325,248.68627844615187,0.8058106353733464,0.06295115518078313,True,0.0,2pct_UNFILTERED_early75pct
put,2021-06-25,2021-07-30,2021-07-07,early_75%,12,35,7.974456787109375,0.02,5.340272817272401,56.12136733398868,42.24064920853754,225.576590752292,0.7526660738174035,0.05697998643816094,True,0.0,2pct_UNFILTERED_early75pct
call,2021-06-08,2021-07-15,2021-07-08,early_75%,30,37,7.867777099609384,0.02,5.353907579680199,48.85742235713968,39.38935373692034,210.88695953080241,0.806210230433171,0.05337887357024275,True,0.0,2pct_UNFILTERED_early75pct
put,2021-07-08,2021-08-13,2021-07-22,early_75%,14,36,8.055021972656277,0.02,5.3259247582255345,61.128190097670455,47.138627790697164,251.05678481925224,0.7711438489407129,0.06332653657539793,True,0.0,2pct_UNFILTERED_early75pct
call,2021-07-09,2021-08-13,2021-08-04,early_75%,26,35,8.141006469726562,0.02,5.187700396883618,49.910848861683796,43.95711873966718,228.03636233163175,0.8807127055980157,0.05752120592073635,True,0.0,2pct_UNFILTERED_early75pct
put,2021-07-23,2021-08-27,2021-08-09,early_75%,17,35,8.223630371093748,0.02,5.209884237729006,60.00485818704661,45.476894180775965,236.92935417329466,0.757886870409989,0.059652923570731854,True,0.0,2pct_UNFILTERED_early75pct
put,2021-08-10,2021-09-16,2021-08-25,early_75%,15,37,8.274846801757803,0.02,5.188874754572903,60.447625644050476,46.46287612890373,241.09004497011654,0.7686468349063569,0.06057448705300026,True,0.0,2pct_UNFILTERED_early75pct
call,2021-08-05,2021-09-10,2021-08-31,early_75%,26,36,8.257648925781268,0.02,5.133676388349467,51.272806541968784,40.20959865349457,206.42306719245357,0.7842285485305246,0.05191737834183283,True,0.0,2pct_UNFILTERED_early75pct
put,2021-08-26,2021-10-01,2021-09-02,early_75%,7,36,8.341764526367172,0.02,5.170567423128858,63.126175113823734,47.90808840713572,247.7120012223133,0.7589258864607581,0.06213354667486423,True,0.0,2pct_UNFILTERED_early75pct
call,2021-09-01,2021-10-08,2021-09-21,early_75%,20,37,8.445322265625009,0.02,5.037497241887316,51.97916003586987,40.6304615315512,204.67583790179785,0.7816682975160211,0.05126528840474299,True,0.0,2pct_UNFILTERED_early75pct
put,2021-09-03,2021-10-08,2021-10-07,early_75%,34,35,8.469249877929713,0.02,5.0776237857158995,60.73717131027932,60.56398784555682,307.5211452424079,0.9971486412523595,0.07703501196000809,True,0.0,2pct_UNFILTERED_early75pct
call,2021-09-22,2021-10-29,2021-10-08,early_75%,16,37,8.210969238281223,0.02,5.172883694114535,51.90230583989752,39.759137772176786,205.66939547374662,0.7660379848020888,0.05168930832636876,True,0.0,2pct_UNFILTERED_early75pct
put,2021-10-08,2021-11-12,2021-10-15,early_75%,7,35,8.210969238281223,0.02,5.276849094912384,61.77111030245164,49.630439604382445,261.89234030648925,0.803457139775787,0.06536119109916785,True,0.0,2pct_UNFILTERED_early75pct
put,2021-10-18,2021-11-24,2021-10-25,early_75%,7,37,8.385930786132803,0.02,5.155902828201527,60.61523437836725,45.01362052760169,232.08585338585186,0.742612331524143,0.05785977179320504,True,0.0,2pct_UNFILTERED_early75pct
put,2021-10-26,2021-12-02,2021-11-03,early_75%,8,37,8.55038940429688,0.02,5.056937217320126,61.33676307486954,46.73750167092437,236.348611644259,0.761981873968066,0.05888543965784124,True,0.0,2pct_UNFILTERED_early75pct
call,2021-10-11,2021-11-17,2021-11-17,early_75%,37,37,8.15152404785158,0.02,5.246582445201031,51.42088027831867,51.42088027831867,269.7838877850106,1.0,0.06732847686433059,True,0.0,2pct_UNFILTERED_early75pct
put,2021-11-04,2021-12-10,2021-12-07,early_75%,33,36,8.755729980468743,0.02,4.930948337529107,61.67431431593824,61.36371945913621,302.5813304516302,0.9949639511967503,0.07539478891628511,True,0.0,2pct_UNFILTERED_early75pct
call,2021-11-18,2021-12-23,2021-12-10,early_75%,22,35,8.808610839843766,0.02,4.877258659860548,54.7271264206045,44.674806994901914,217.89058929348394,0.8163192536650721,0.05407695275793492,True,0.0,2pct_UNFILTERED_early75pct
put,2021-12-08,2022-01-14,2021-12-23,early_75%,15,37,8.804674072265641,0.02,4.9686787038073295,68.12589759562755,51.32726109086285,255.0286691069288,0.7534177589192914,0.06318433870772143,True,0.0,2pct_UNFILTERED_early75pct
call,2021-12-13,2022-01-19,2022-01-05,early_75%,23,37,8.749353027343773,0.02,4.927931869462369,55.2389030997657,45.85031780276365,225.9472423252168,0.8300367174191431,0.05593573159916515,True,0.0,2pct_UNFILTERED_early75pct
call,2022-01-06,2022-02-11,2022-01-20,early_75%,14,36,8.80587341308592,0.02,4.898376907475496,55.42905314696011,43.09281299640396,211.0848400597451,0.7774409005716039,0.052223692853416444,True,0.0,2pct_UNFILTERED_early75pct
put,2021-12-27,2022-02-02,2022-02-02,early_75%,37,37,8.981260986328152,0.02,4.865432844222312,66.81632884932746,66.81632884932746,325.0903609138766,1.0,0.08037476675719761,True,0.0,2pct_UNFILTERED_early75pct
call,2022-01-21,2022-02-25,2022-02-08,early_75%,18,35,8.24207458496096,0.02,5.205524835365279,51.48434501192545,38.78585089412576,201.90071009014625,0.7533523226359721,0.05019372426850578,True,0.0,2pct_UNFILTERED_early75pct
put,2022-02-03,2022-03-11,2022-02-09,early_75%,6,36,8.404289550781243,0.02,5.2595846225496725,68.79415668918776,57.25053894255935,301.11405425496633,0.8322006068221388,0.07419382726399887,True,0.0,2pct_UNFILTERED_early75pct
call,2022-02-09,2022-03-18,2022-02-22,early_75%,13,37,8.610162353515648,0.02,5.0406045827041925,54.307552641713656,40.08499395485405,202.05260422650719,0.738110852081829,0.049689553136087194,True,0.0,2pct_UNFILTERED_early75pct
call,2022-02-23,2022-04-01,2022-03-14,early_75%,19,37,7.940415039062486,0.02,5.447297285804412,48.837403130060466,37.47343790850218,204.12895660874406,0.7673102070702952,0.0502861402258397,True,0.0,2pct_UNFILTERED_early75pct
put,2022-02-10,2022-03-18,2022-03-16,early_75%,34,36,8.455474853515625,0.02,5.237281676380665,68.85729123349056,68.49542967744844,358.7298587655211,0.9947447605103276,0.08818886886453443,True,0.0,2pct_UNFILTERED_early75pct
put,2022-03-17,2022-04-22,2022-03-24,early_75%,7,36,8.300224609374993,0.02,5.363167910930094,68.94214661033607,55.55227175632183,297.9361612627734,0.8057809988178294,0.07299133969249104,True,0.0,2pct_UNFILTERED_early75pct
call,2022-03-15,2022-04-21,2022-04-11,early_75%,27,37,8.019828491210944,0.02,5.401119202195118,49.655987517043364,45.34016236819343,244.88762159749402,0.9130855035886938,0.06026657385530907,True,0.0,2pct_UNFILTERED_early75pct
put,2022-03-25,2022-04-29,2022-04-20,early_75%,26,35,8.545358886718759,0.02,5.185885022982287,66.4872207482327,52.53144795911991,272.42204920677335,0.79009841843203,0.06666015704021197,True,0.0,2pct_UNFILTERED_early75pct
call,2022-04-12,2022-05-19,2022-04-29,early_75%,17,37,8.273531494140627,0.02,5.275691275266515,52.28403395566323,41.960363329424965,221.36992272406027,0.8025464019284985,0.05413757624003419,True,0.0,2pct_UNFILTERED_early75pct
call,2022-05-02,2022-06-08,2022-05-11,early_75%,9,37,7.824072875976583,0.02,5.55261085924136,47.73087377027472,37.79166502567336,209.84240961036582,0.7917656233900502,0.05143987790324344,True,0.0,2pct_UNFILTERED_early75pct
put,2022-04-21,2022-05-27,2022-05-27,early_75%,36,36,8.26919067382812,0.02,5.392654958719885,66.32017154187587,66.32017154187587,357.6418019284503,1.0,0.08719467238846135,True,0.0,2pct_UNFILTERED_early75pct
call,2022-05-12,2022-06-17,2022-06-06,early_75%,25,36,7.406140136718761,0.02,5.845933234398662,45.47077986523283,35.16552631798942,205.57531900745514,0.7733653661145395,0.050587453934379856,True,0.0,2pct_UNFILTERED_early75pct
call,2022-06-07,2022-07-14,2022-06-13,early_75%,6,37,7.8478582763671625,0.02,5.605490396955244,49.61313270831395,37.70435797553118,211.35141655520292,0.7599672892498653,0.05128639602046587,True,0.0,2pct_UNFILTERED_early75pct
call,2022-06-14,2022-07-21,2022-07-05,early_75%,21,37,7.0574865722656455,0.02,6.173712554555691,42.95590858167762,31.891529709802796,196.88913735339534,0.742424750466244,0.04811689593014804,True,0.0,2pct_UNFILTERED_early75pct
put,2022-05-31,2022-07-07,2022-07-06,early_75%,36,37,7.794814453125014,0.02,5.761141973525471,65.32967277254949,61.52510717025573,354.45487734421323,0.9417635900987954,0.08615130499702545,True,0.0,2pct_UNFILTERED_early75pct
put,2022-07-07,2022-08-12,2022-07-20,early_75%,13,36,7.37462097167969,0.02,6.116297865058161,61.5178668014995,46.192559778548755,282.52745475510926,0.7508803893931967,0.06833782685519045,True,0.0,2pct_UNFILTERED_early75pct
put,2022-07-21,2022-08-26,2022-07-29,early_75%,8,36,7.560415039062491,0.02,5.9579585213808866,60.96931760935601,50.185555882316315,299.0034603192832,0.8231280560472456,0.07220193365769359,True,0.0,2pct_UNFILTERED_early75pct
call,2022-07-06,2022-08-12,2022-08-08,early_75%,33,37,7.265802001953148,0.02,6.066988994121437,45.614797914314785,36.13245646895484,219.21521572772096,0.7921213755419444,0.05306063472229798,True,0.0,2pct_UNFILTERED_early75pct
put,2022-08-01,2022-09-07,2022-08-10,early_75%,9,37,7.787535400390652,0.02,5.7868847230883045,62.82998856102259,51.543702616397596,298.2774652422379,0.8203678497623252,0.07199609861972595,True,0.0,2pct_UNFILTERED_early75pct
call,2022-08-09,2022-09-15,2022-08-29,early_75%,20,37,7.79853210449221,0.02,5.686828838179627,49.35037798185745,38.285931165968975,217.72553745119254,0.7757981343130529,0.05241038017149573,True,0.0,2pct_UNFILTERED_early75pct
put,2022-08-11,2022-09-16,2022-09-12,early_75%,32,36,7.96233215332029,0.02,5.65506642136394,61.63898507474417,56.4424906771036,319.18603376623577,0.9156946794088313,0.0768349223997242,True,0.0,2pct_UNFILTERED_early75pct
call,2022-08-30,2022-10-06,2022-09-15,early_75%,16,37,7.549418334960933,0.02,5.863160064531813,47.47841909034156,38.26832170762603,224.37329557280881,0.8060150788679246,0.05409229781835472,True,0.0,2pct_UNFILTERED_early75pct
call,2022-09-16,2022-10-21,2022-09-27,early_75%,11,35,7.339622192382819,0.02,6.065654321501811,46.25607320584485,33.914475405259445,205.71348430337883,0.7331896776956428,0.049315358894087585,True,0.0,2pct_UNFILTERED_early75pct
call,2022-09-28,2022-11-04,2022-10-14,early_75%,16,37,7.053507690429683,0.02,6.2790489488325125,43.59035045333337,35.38662306036178,222.19433832989696,0.8117994623201233,0.05347346572310699,True,0.0,2pct_UNFILTERED_early75pct
put,2022-09-13,2022-10-20,2022-10-18,early_75%,35,37,7.452541503906275,0.02,6.109163986296787,63.131950156769676,59.42603680077999,363.04340387167264,0.9412989247633388,0.08711934134441959,True,0.0,2pct_UNFILTERED_early75pct
put,2022-10-19,2022-11-25,2022-10-25,early_75%,6,37,7.014863891601578,0.02,6.538991714376076,61.269846563509155,46.589683176529554,304.6495522667332,0.7604014991001666,0.07277175779864554,True,0.0,2pct_UNFILTERED_early75pct
call,2022-10-17,2022-11-23,2022-11-03,early_75%,17,37,6.982882690429676,0.02,6.35074788653084,42.858522373506844,33.966346527193714,215.71170342074961,0.7925225753510844,0.051823016425165784,True,0.0,2pct_UNFILTERED_early75pct
put,2022-10-26,2022-12-02,2022-11-10,early_75%,15,37,7.272233886718766,0.02,6.294397688451326,61.610436413995274,57.44396577996304,361.57516542087643,0.9323739470690425,0.0863023557235516,True,0.0,2pct_UNFILTERED_early75pct
put,2022-11-11,2022-12-16,2022-11-25,early_75%,14,35,7.5861425781250205,0.02,6.010949489598136,60.46815275653038,46.60493978514421,280.1399390142645,0.7707352988406119,0.06675528152005919,True,0.0,2pct_UNFILTERED_early75pct
put,2022-11-28,2023-01-04,2022-12-01,early_75%,3,37,7.536648559570324,0.02,6.065339841935345,60.310182767737864,44.741450358185276,271.3721014434736,0.7418556586122489,0.06452895190333606,True,0.0,2pct_UNFILTERED_early75pct
call,2022-11-04,2022-12-09,2022-12-05,early_75%,31,35,7.1642980957031455,0.02,6.251756125467283,45.31110089948436,39.15408816244374,244.7818105066437,0.8641169025952604,0.058341523871372224,True,0.0,2pct_UNFILTERED_early75pct
call,2022-12-06,2023-01-12,2022-12-19,early_75%,13,37,7.4970513916015875,0.02,6.002022931775441,47.451943904851305,40.26074367629814,241.6459067954745,0.8484529897663905,0.057330808814135985,True,0.0,2pct_UNFILTERED_early75pct
put,2022-12-02,2023-01-06,2023-01-06,early_75%,35,35,7.746046752929715,0.02,5.880812370730512,58.575032143520424,58.575032143520424,344.4687736455523,1.0,0.08180531728529923,True,0.0,2pct_UNFILTERED_early75pct
put,2023-01-09,2023-02-15,2023-01-12,early_75%,3,37,7.4173089599609625,0.02,6.204023720364855,59.16441492395775,43.9990770751319,272.9713178482798,0.7436746755914445,0.06446123314760568,True,0.0,2pct_UNFILTERED_early75pct
call,2022-12-20,2023-01-26,2023-01-18,early_75%,29,37,7.277325439453136,0.02,6.161553620278102,46.04033412025525,40.58178327916936,250.0468336811073,0.8814398082596793,0.05953094768324226,True,0.0,2pct_UNFILTERED_early75pct
put,2023-01-13,2023-02-17,2023-01-27,early_75%,14,35,7.6207849121094,0.02,6.012155466144427,56.889979160450764,44.902410047794916,269.9602700119086,0.7892850500288201,0.06367433569958673,True,0.0,2pct_UNFILTERED_early75pct
put,2023-01-30,2023-03-08,2023-02-02,early_75%,3,37,7.660754394531239,0.02,6.000924512711932,59.31270018952066,48.807290419493874,292.88886547739105,0.822880938880559,0.069057531909998,True,0.0,2pct_UNFILTERED_early75pct
call,2023-01-19,2023-02-24,2023-02-21,early_75%,33,36,7.432226562499977,0.02,6.085429397809926,46.91974947219709,46.60988866225519,283.64118669393525,0.9933959406555333,0.06693909821222248,True,0.0,2pct_UNFILTERED_early75pct
put,2023-02-03,2023-03-10,2023-03-03,early_75%,28,35,7.885648193359373,0.02,5.803921061827208,58.84510946311375,47.75140902611347,277.14540857858583,0.8114762545568173,0.06543801459663964,True,0.0,2pct_UNFILTERED_early75pct
call,2023-02-22,2023-03-31,2023-03-08,early_75%,14,37,7.621550903320326,0.02,5.954755558781887,48.24118508518155,36.05350604585845,214.68981554015195,0.7473594602246444,0.05050119598579912,True,0.0,2pct_UNFILTERED_early75pct
put,2023-03-06,2023-04-12,2023-03-30,early_75%,24,37,7.734954223632826,0.02,5.970377875253562,58.55637531946386,49.65914782084829,296.48387745353875,0.8480570655189072,0.0694592749216629,True,0.0,2pct_UNFILTERED_early75pct
call,2023-03-09,2023-04-14,2023-04-10,early_75%,32,36,7.488067626953125,0.02,6.082414548411773,47.4014797963072,45.54831399924284,277.0437277246223,0.9609048956904352,0.06493865260179585,True,0.0,2pct_UNFILTERED_early75pct
put,2023-03-31,2023-05-05,2023-04-14,early_75%,14,35,7.858923950195333,0.02,5.887383239121563,59.04784003857839,45.54140252407678,268.11968990633807,0.7712628013882082,0.0626563165562547,True,0.0,2pct_UNFILTERED_early75pct
call,2023-04-11,2023-05-18,2023-04-26,early_75%,15,37,7.865256958007819,0.02,5.812390822559837,49.45368450299844,39.543393862120546,229.84165957705844,0.7996046049859638,0.05364929512449588,True,0.0,2pct_UNFILTERED_early75pct
put,2023-04-17,2023-05-24,2023-05-10,early_75%,23,37,7.9462670898437295,0.02,5.823269674461436,58.245326107766694,45.15368167131478,262.9420651668525,0.7752327042992345,0.06131833683101284,True,0.0,2pct_UNFILTERED_early75pct
call,2023-04-27,2023-06-02,2023-05-16,early_75%,19,36,7.9168957519531205,0.02,5.768774708176229,49.05424671656438,38.56498486289041,222.47270929824134,0.786170157412039,0.05192990877755426,True,0.0,2pct_UNFILTERED_early75pct
put,2023-05-11,2023-06-16,2023-05-26,early_75%,15,36,7.911521606445319,0.02,5.862764558720958,57.68617088570112,44.81021562839774,262.71174405481423,0.7767930327215568,0.06109378792482482,True,0.0,2pct_UNFILTERED_early75pct
put,2023-05-30,2023-07-06,2023-06-02,early_75%,3,37,8.066054687500014,0.02,5.764565333638422,59.746586537988854,46.985493040508565,270.850944365225,0.7864130114049885,0.06291080438294994,True,0.0,2pct_UNFILTERED_early75pct
put,2023-06-05,2023-07-12,2023-06-13,early_75%,8,37,8.198895263671886,0.02,5.651501411844648,56.99372097000421,43.92759083368928,248.25684161552897,0.7707443922955718,0.05758006601021927,True,0.0,2pct_UNFILTERED_early75pct
call,2023-05-17,2023-06-23,2023-06-21,early_75%,35,37,7.971030883789069,0.02,5.751239881871441,49.41576643548487,48.58648067351561,279.43250536929895,0.9832181948841785,0.06498235191045834,True,0.0,2pct_UNFILTERED_early75pct
put,2023-06-14,2023-07-21,2023-06-30,early_75%,16,37,8.392396850585953,0.02,5.51514077199953,56.94053129344363,50.800769519335425,280.1733952250378,0.8921723834562261,0.06493777894918439,True,0.0,2pct_UNFILTERED_early75pct
put,2023-07-03,2023-08-09,2023-07-17,early_75%,14,37,8.550933227539076,0.02,5.421802962836713,57.46628754425676,47.56439947153442,257.8848019803143,0.8276922262448823,0.05963238126580356,True,0.0,2pct_UNFILTERED_early75pct
call,2023-06-22,2023-07-28,2023-07-27,early_75%,35,36,8.410662841796864,0.02,5.46031144139815,49.060976200184214,48.80443326481205,266.4874053468057,0.9947709370004096,0.061621346186830295,True,0.0,2pct_UNFILTERED_early75pct
call,2023-07-28,2023-09-01,2023-08-09,early_75%,12,35,8.803923339843777,0.02,5.2345876689937105,51.62213692500598,39.84548729945162,208.57469648275494,0.7718682269456826,0.04807784768423225,True,0.0,2pct_UNFILTERED_early75pct
put,2023-07-18,2023-08-24,2023-08-23,early_75%,36,37,8.75132019042968,0.02,5.302681736928554,58.30828439544453,58.09552585583792,308.06208395301235,0.9963511438929725,0.07112369951016097,True,0.0,2pct_UNFILTERED_early75pct
call,2023-08-10,2023-09-15,2023-08-24,early_75%,14,36,8.59178039550784,0.02,5.380727036363906,52.607166904670954,42.68394701238601,229.67066770826975,0.8113713306351065,0.05292026833594052,True,0.0,2pct_UNFILTERED_early75pct
put,2023-08-24,2023-09-29,2023-08-29,early_75%,5,36,8.417983398437514,0.02,5.580441593810894,61.72924803077048,55.67743365681364,310.70466661512944,0.9019619618411655,0.07137500285700607,True,0.0,2pct_UNFILTERED_early75pct
call,2023-08-25,2023-09-29,2023-09-15,early_75%,21,35,8.477329101562475,0.02,5.468720868868821,51.66636813850987,43.25324268599162,236.53991092313007,0.8371643729637837,0.05433370252737977,True,0.0,2pct_UNFILTERED_early75pct
call,2023-09-18,2023-10-25,2023-09-27,early_75%,9,37,8.578001098632797,0.02,5.412116476291674,51.3041731603878,37.896980164264676,205.1028707487156,0.7386724671654025,0.04698967278024327,True,0.0,2pct_UNFILTERED_early75pct
put,2023-08-30,2023-10-06,2023-10-06,early_75%,37,37,8.690048217773438,0.02,5.377649066603238,58.9600290948006,58.9600290948006,317.06634542855426,1.0,0.07278613433159499,True,0.0,2pct_UNFILTERED_early75pct
call,2023-09-28,2023-11-03,2023-10-20,early_75%,22,36,8.285834960937507,0.02,5.584607584976805,51.47262289948634,43.69703720145912,244.0308053962822,0.8489374494629685,0.056230119418925716,True,0.0,2pct_UNFILTERED_early75pct
put,2023-10-09,2023-11-15,2023-11-02,early_75%,24,37,8.358732910156277,0.02,5.656822082431472,62.20937376316391,56.3285785155332,318.6407468186432,0.9054676989673716,0.07280755539895746,True,0.0,2pct_UNFILTERED_early75pct
put,2023-11-03,2023-12-08,2023-11-14,early_75%,11,35,8.40513854980469,0.02,5.60825916192642,58.07148550469998,54.83772563495476,307.54417721144233,0.9443141527784148,0.07008532228603068,True,0.0,2pct_UNFILTERED_early75pct
put,2023-11-15,2023-12-22,2023-11-24,early_75%,9,37,8.694982910156227,0.02,5.415105866634015,59.51849463557291,47.97921440686472,259.8125254111044,0.8061227808370777,0.05923507551829409,True,0.0,2pct_UNFILTERED_early75pct
call,2023-10-23,2023-11-29,2023-11-28,early_75%,36,37,8.129987792968734,0.02,5.737197293269156,51.336194482724,44.902429982967874,257.61409975949107,0.8746739105891214,0.05895317805839755,True,0.0,2pct_UNFILTERED_early75pct
put,2023-11-27,2024-01-03,2023-12-08,early_75%,11,37,8.787796630859361,0.02,5.3482661009376615,57.35289072164718,43.11168485076502,230.5727626416543,0.7516915766286393,0.05248390520152869,True,0.0,2pct_UNFILTERED_early75pct
put,2023-12-11,2024-01-17,2023-12-18,early_75%,7,37,8.933010253906275,0.02,5.277242540429029,58.176510029181294,49.11162537827183,259.17395867583,0.8441830792812679,0.05880754842529807,True,0.0,2pct_UNFILTERED_early75pct
call,2023-11-29,2024-01-05,2024-01-03,early_75%,35,37,8.790310668945324,0.02,5.3212709013566695,51.55092030900295,49.468659110420006,263.2361362534105,0.9596076813740357,0.05978229123024266,True,0.0,2pct_UNFILTERED_early75pct
put,2023-12-19,2024-01-25,2024-01-10,early_75%,22,37,9.218702392578109,0.02,5.104231976857992,59.821792610213876,50.309030314643465,256.7889612567213,0.8409816576786063,0.05835986423998472,True,0.0,2pct_UNFILTERED_early75pct
put,2024-01-11,2024-02-16,2024-01-23,early_75%,12,36,9.248016967773424,0.02,5.10803009677276,59.445436804706375,49.41266916199258,252.40140124133333,0.8312272870384647,0.05710095534936685,True,0.0,2pct_UNFILTERED_early75pct
put,2024-01-24,2024-03-01,2024-02-06,early_75%,13,37,9.423524169921848,0.02,5.026735339834168,62.45782796239789,52.3571266321021,263.18541873376034,0.8382796574934239,0.05950386249088488,True,0.0,2pct_UNFILTERED_early75pct
call,2024-01-04,2024-02-09,2024-02-09,expired,36,36,9.071929321289076,0.02,5.17611231455087,54.20461283734589,-323.0219532306007,-1671.9979099871873,-5.959307452299429,-0.3786944626614375,False,323.0219532306007,2pct_UNFILTERED_early75pct
put,2024-02-07,2024-03-15,2024-02-22,early_75%,15,37,9.670279541015645,0.02,4.900951431528949,63.42252203005911,48.10964997550937,235.7830579178293,0.7585578188251139,0.05324187777979436,True,0.0,2pct_UNFILTERED_early75pct
put,2024-02-23,2024-03-28,2024-03-07,early_75%,13,34,9.859569091796857,0.02,4.783247916200954,65.45128120660709,48.523655415098254,232.10067365072183,0.7413705968860385,0.052714132255710006,True,0.0,2pct_UNFILTERED_early75pct
call,2024-02-12,2024-03-20,2024-03-14,early_75%,31,37,9.726193237304642,0.02,4.813185956154077,58.10104251930601,46.554361544899514,224.07479918562976,0.8012655113620426,0.0509058840062163,True,0.0,2pct_UNFILTERED_early75pct
put,2024-03-08,2024-04-12,2024-03-19,early_75%,11,35,9.934702148437509,0.02,4.766230590692393,68.32084536294916,51.7135767525386,246.47883147206846,0.7569223781967899,0.055897543097889704,True,0.0,2pct_UNFILTERED_early75pct
call,2024-03-15,2024-04-19,2024-04-10,early_75%,26,35,9.928762207031241,0.02,4.7316725651369715,59.40848174501363,52.47979566015676,248.31720934915805,0.8833721064511395,0.05622025643728412,True,0.0,2pct_UNFILTERED_early75pct
call,2024-04-11,2024-05-17,2024-04-19,early_75%,8,36,10.08787170410153,0.02,4.666358967045658,61.019909771689825,48.47273924404652,226.19120142872245,0.7943757934977387,0.0511441376561086,True,0.0,2pct_UNFILTERED_early75pct
put,2024-03-20,2024-04-26,2024-04-24,early_75%,35,37,10.136166992187498,0.02,4.665981286395465,66.95680896723314,52.53523870528069,245.12844067515843,0.7846138356293236,0.05549536770943436,True,0.0,2pct_UNFILTERED_early75pct
put,2024-04-25,2024-05-31,2024-05-03,early_75%,8,36,9.805293579101544,0.02,4.861459857596137,68.94529954758653,56.428040098820404,274.32265178324053,0.8184465143975969,0.06190108260578758,True,0.0,2pct_UNFILTERED_early75pct
put,2024-05-06,2024-06-12,2024-05-15,early_75%,9,37,10.060022583007822,0.02,4.7302444312184395,67.43783150214999,61.36281995259569,290.26113736462554,0.9099168609927705,0.06537944354219703,True,0.0,2pct_UNFILTERED_early75pct
call,2024-04-22,2024-05-29,2024-05-28,early_75%,36,37,9.731874389648397,0.02,4.820082391943178,60.36797330422179,59.51518244565981,286.86808295961055,0.9858734555446416,0.06519929151881966,True,0.0,2pct_UNFILTERED_early75pct
put,2024-05-16,2024-06-21,2024-06-05,early_75%,20,36,10.296054687499975,0.02,4.6032561911681285,66.13301963111593,59.818537773849584,275.36005435409766,0.9045184706144077,0.062086401981245085,True,0.0,2pct_UNFILTERED_early75pct
put,2024-06-06,2024-07-12,2024-06-13,early_75%,7,36,10.41231811523437,0.02,4.573992679322819,67.27415963794192,50.19786884770774,229.60468462702218,0.7461686495656598,0.05154009391530437,True,0.0,2pct_UNFILTERED_early75pct
put,2024-06-14,2024-07-19,2024-06-27,early_75%,13,35,10.570454101562518,0.02,4.507399414913287,68.05877974391092,53.32365976181215,240.3510328114273,0.7834942084247831,0.053917472817180324,True,0.0,2pct_UNFILTERED_early75pct
call,2024-05-29,2024-07-05,2024-07-01,early_75%,33,37,10.245615234375009,0.02,4.623905492285992,61.56386320677725,53.698319139193245,248.29595279424166,0.8722376462769132,0.05576162991541197,True,0.0,2pct_UNFILTERED_early75pct
put,2024-06-28,2024-08-02,2024-07-05,early_75%,7,35,10.632684326171898,0.02,4.487098785580875,67.90592697428784,52.02869114610295,233.45787685704096,0.7661877757121746,0.05227109806843464,True,0.0,2pct_UNFILTERED_early75pct
call,2024-07-02,2024-08-08,2024-07-25,early_75%,23,37,10.726274414062459,0.02,4.4222044693992535,61.48824721365362,47.84926089877004,211.59921540399182,0.7781854755512528,0.04732213049755063,True,0.0,2pct_UNFILTERED_early75pct
put,2024-07-08,2024-08-14,2024-08-13,early_75%,36,37,10.848773193359364,0.02,4.405582176279088,69.9885135976033,67.6877813057286,298.2040828723948,0.9671270016519756,0.06669477574588642,True,0.0,2pct_UNFILTERED_early75pct
call,2024-07-26,2024-08-30,2024-08-14,early_75%,19,35,10.636984863281214,0.02,4.466636854648283,65.36230477761599,54.31024447011417,242.58413953517007,0.8309107926180915,0.05440075745403267,True,0.0,2pct_UNFILTERED_early75pct
put,2024-08-14,2024-09-20,2024-08-19,early_75%,5,37,10.623504638671875,0.02,4.553990335707328,76.57970720536854,66.03448597874532,300.7204109706073,0.8622974465240062,0.0669876698334634,True,0.0,2pct_UNFILTERED_early75pct
call,2024-08-15,2024-09-20,2024-09-06,early_75%,22,36,10.805594482421839,0.02,4.423525852552181,65.65258737636127,51.28353602625371,226.8540474224244,0.7811350332967798,0.05053028805274155,True,0.0,2pct_UNFILTERED_early75pct
put,2024-08-20,2024-09-26,2024-09-12,early_75%,23,37,10.9155920410156,0.02,4.434493207786463,78.1195452815945,58.13818431613964,257.81338346295877,0.7442207210317364,0.057367188870262785,True,0.0,2pct_UNFILTERED_early75pct
put,2024-09-13,2024-10-18,2024-09-23,early_75%,10,35,10.98026000976563,0.02,4.418722153462432,79.01279945003229,60.18647538660324,265.9473121296051,0.7617307044621952,0.05906348936053135,True,0.0,2pct_UNFILTERED_early75pct
put,2024-09-24,2024-10-31,2024-10-14,early_75%,20,37,11.195999755859361,0.02,4.3308376449676445,79.17623274998903,59.79919777303331,258.980616854318,0.7552670251672413,0.0574758103943639,True,0.0,2pct_UNFILTERED_early75pct
call,2024-09-09,2024-10-16,2024-10-15,early_75%,36,37,10.675473632812555,0.02,4.482765871153669,67.21817124758087,63.77958738273639,285.90895759559385,0.948844429995286,0.06375859856001218,True,0.0,2pct_UNFILTERED_early75pct
call,2024-10-16,2024-11-22,2024-11-01,early_75%,16,37,11.411568603515661,0.02,4.228336939857933,71.88724864331142,53.30677705074075,225.39901454841825,0.7415331377507177,0.04985344806122224,True,0.0,2pct_UNFILTERED_early75pct
put,2024-10-15,2024-11-21,2024-11-06,early_75%,22,37,11.362186279296907,0.02,4.312833387681766,88.92848888683007,88.24335331782059,380.5788804300952,0.9922956571332121,0.08425874552630462,True,0.0,2pct_UNFILTERED_early75pct
put,2024-11-07,2024-12-13,2024-11-25,early_75%,18,36,11.672412109375045,0.02,4.173847000953751,81.71721146363701,63.017545822538295,263.02559463886706,0.7711661312694229,0.05805265093455482,True,0.0,2pct_UNFILTERED_early75pct
call,2024-11-04,2024-12-11,2024-12-02,early_75%,28,37,11.166798095703143,0.02,4.327578760593581,70.67419746808908,54.13859093127152,234.2890162426349,0.7660305015237883,0.051757457421729984,True,0.0,2pct_UNFILTERED_early75pct
put,2024-11-26,2025-01-02,2024-12-06,early_75%,10,37,11.771182861328157,0.02,4.141452817214716,80.3880716356187,62.95330180801183,260.7181291257588,0.7831174517205137,0.05740090039998868,True,0.0,2pct_UNFILTERED_early75pct
call,2024-12-03,2025-01-08,2024-12-23,early_75%,20,36,11.835070800781295,0.02,4.0820864304581415,69.61761625622901,53.37723805591811,217.89049916339724,0.7667202775151354,0.04791969022920266,True,0.0,2pct_UNFILTERED_early75pct
call,2024-12-24,2025-01-30,2025-01-10,early_75%,17,37,11.823581542968782,0.02,4.0934478385861945,71.03409866355885,58.54946835649634,239.66919469427074,0.8242445453387974,0.052684424547194984,True,0.0,2pct_UNFILTERED_early75pct
put,2024-12-09,2025-01-15,2025-01-14,early_75%,36,37,11.850159912109348,0.02,4.120419787152392,81.13965403584102,73.56146353157186,303.1041099073778,0.9066031203322396,0.0666392249333122,True,0.0,2pct_UNFILTERED_early75pct
put,2025-01-15,2025-02-21,2025-01-22,early_75%,7,37,11.65604858398433,0.02,4.219421581547308,83.8878393998144,67.01644028425143,282.77061445384686,0.7988814679663774,0.06195376342168562,True,0.0,2pct_UNFILTERED_early75pct
call,2025-01-13,2025-02-19,2025-02-11,early_75%,29,37,11.43208618164067,0.02,4.248543225304588,71.90797992836995,54.47648562888823,231.44570395701584,0.757586093826501,0.050850791724164776,True,0.0,2pct_UNFILTERED_early75pct
put,2025-01-23,2025-02-28,2025-02-13,early_75%,21,36,11.989737548828089,0.02,4.091926336758258,83.54465733037084,63.66904552812413,260.5290442327917,0.7620959563739648,0.057080316147240316,True,0.0,2pct_UNFILTERED_early75pct
call,2025-02-12,2025-03-21,2025-03-03,early_75%,19,37,11.864088134765666,0.02,4.1103016008034885,72.84855321977197,55.60276408098686,228.544130211179,0.7632651799307882,0.049932424912653116,True,0.0,2pct_UNFILTERED_early75pct
call,2025-03-04,2025-04-10,2025-03-13,early_75%,9,37,11.343009033203089,0.02,4.289715846946797,71.75577716718995,58.12008783059057,249.3186617928241,0.8099708500846083,0.054698935979322474,True,0.0,2pct_UNFILTERED_early75pct
put,2025-02-14,2025-03-21,2025-03-21,expired,35,35,11.988753662109389,0.02,4.100586804808839,82.51480170467329,-1116.3605645062655,-4577.733400223339,-13.529215867254997,-1.0,False,1116.3605645062655,2pct_UNFILTERED_early75pct
call,2025-03-14,2025-04-17,2025-04-01,early_75%,18,34,11.066738281249968,0.02,4.354178417398159,69.9757088417333,52.96535526286618,230.62060675539792,0.7569105928267184,0.051090432477570766,True,0.0,2pct_UNFILTERED_early75pct
call,2025-04-02,2025-05-09,2025-04-17,early_75%,15,37,11.13375610351568,0.02,4.306485443713824,70.440397971048,60.08421984439723,258.751818156798,0.8529795625103183,0.0576106925254291,True,0.0,2pct_UNFILTERED_early75pct
put,2025-03-24,2025-04-30,2025-04-29,early_75%,36,37,11.322303466796825,0.02,4.292783685282783,83.89973184808026,81.97926172451761,351.91923726253657,0.9771099372875219,0.07819981651273848,True,0.0,2pct_UNFILTERED_early75pct
put,2025-04-30,2025-06-06,2025-05-12,early_75%,12,37,10.936923828124975,0.02,4.493297609826343,90.21658021400327,89.48339442467523,402.0755222875411,0.9918730483067651,0.08917344513236745,True,0.0,2pct_UNFILTERED_early75pct
call,2025-04-21,2025-05-28,2025-05-28,early_75%,37,37,10.135006713867142,0.02,4.682365241357697,61.212893618673924,61.212893618673924,286.6211254030052,1.0,0.06427982701000731,True,0.0,2pct_UNFILTERED_early75pct
put,2025-05-13,2025-06-18,2025-06-02,early_75%,20,36,11.573962402343795,0.02,4.2092289573188655,86.60010644979533,73.45472205277767,309.1877431163604,0.8482059094853603,0.06859823241344912,True,0.0,2pct_UNFILTERED_early75pct
put,2025-06-03,2025-07-10,2025-06-24,early_75%,21,37,11.756396484375045,0.02,4.167634998492205,87.47915985899989,82.77500901400664,344.9760245672818,0.9462254684135574,0.07606875077971084,True,0.0,2pct_UNFILTERED_early75pct
call,2025-05-29,2025-07-03,2025-06-25,early_75%,27,35,11.637271728515657,0.02,4.154843830967618,73.03266371363846,61.29552630064963,254.67333931616747,0.8392892054572976,0.056198620041735536,True,0.0,2pct_UNFILTERED_early75pct
put,2025-06-25,2025-08-01,2025-07-03,early_75%,8,37,12.009333496093745,0.02,4.083473560756647,87.67144735954881,72.75288162554297,297.0844685867628,0.8298355258944978,0.06535109256726958,True,0.0,2pct_UNFILTERED_early75pct
put,2025-07-07,2025-08-13,2025-07-21,early_75%,14,37,12.277561035156282,0.02,4.002812796699923,91.5353261959664,72.89531878863747,291.7863148666784,0.7963626920668544,0.06415594596025352,True,0.0,2pct_UNFILTERED_early75pct
call,2025-06-26,2025-08-01,2025-07-28,early_75%,32,36,12.103292236328116,0.02,4.003157518433342,74.69223948844012,66.75969868538469,267.2495897207422,0.8937969880487634,0.05878612586370086,True,0.0,2pct_UNFILTERED_early75pct
put,2025-07-22,2025-08-28,2025-08-08,early_75%,17,37,12.439367675781227,0.02,3.953609996012558,90.29700466788007,80.3090495015597,317.51066087963375,0.8893877465475526,0.06961362817363989,True,0.0,2pct_UNFILTERED_early75pct
call,2025-07-29,2025-09-04,2025-08-19,early_75%,21,37,12.565965576171834,0.02,3.873718797164419,77.23409969165972,57.80198651455621,223.90864167488067,0.7483998226860678,0.04901121459829136,True,0.0,2pct_UNFILTERED_early75pct
put,2025-08-11,2025-09-17,2025-08-22,early_75%,11,37,12.579020996093732,0.02,3.9178696042311305,90.80023591644527,76.67934822222962,300.4196876721278,0.8444840197638941,0.06570064756781543,True,0.0,2pct_UNFILTERED_early75pct
put,2025-08-25,2025-10-01,2025-09-09,early_75%,15,37,12.70858520507818,0.02,3.8730888677262296,88.48539476944839,66.35569064350186,257.00148674163256,0.7499055727376681,0.05612077033809779,True,0.0,2pct_UNFILTERED_early75pct
put,2025-09-10,2025-10-17,2025-09-22,early_75%,12,37,12.901251220703102,0.02,3.826582337193905,91.14396915060274,73.6381815741796,281.78256495483333,0.8079325737120657,0.061417297006595185,True,0.0,2pct_UNFILTERED_early75pct
call,2025-08-20,2025-09-26,2025-09-23,early_75%,34,37,12.622341308593718,0.02,3.863702438973856,77.3293006373021,65.06994678433212,251.410912094523,0.8414656055087053,0.05491575789435931,True,0.0,2pct_UNFILTERED_early75pct
put,2025-09-23,2025-10-30,2025-10-08,early_75%,15,37,13.15521240234375,0.02,3.7662617081975007,95.78736353407614,77.19005006939567,290.7179298302127,0.8058479450886596,0.06328433730004701,True,0.0,2pct_UNFILTERED_early75pct
call,2025-09-24,2025-10-31,2025-10-21,early_75%,27,37,13.113356933593764,0.02,3.7347788336334955,80.76848740977093,60.16945798643239,224.71961811892757,0.7449620503745303,0.04889571060850818,True,0.0,2pct_UNFILTERED_early75pct
put,2025-10-09,2025-11-14,2025-10-27,early_75%,18,36,13.312904052734325,0.02,3.725012775723837,96.01073759538258,90.05106868549606,335.4413813210576,0.9379270583775503,0.07289933692081622,True,0.0,2pct_UNFILTERED_early75pct
call,2025-10-22,2025-11-28,2025-11-17,early_75%,26,37,13.246256103515634,0.02,3.711682576835117,83.09061654490854,71.69085411004727,266.0936941186907,0.8628032513310336,0.057743724073565456,True,0.0,2pct_UNFILTERED_early75pct
put,2025-10-28,2025-12-04,2025-11-26,early_75%,29,37,13.628291015624995,0.02,3.647396337359812,98.75165688701317,85.74754929566608,312.7552972385924,0.8683150440075577,0.067834094862502,True,0.0,2pct_UNFILTERED_early75pct
call,2025-11-18,2025-12-24,2025-12-08,early_75%,20,36,13.093124999999986,0.02,3.7552471819346342,82.73677388370038,66.12726549155286,248.32422738619726,0.7992487788381161,0.05391209371224992,True,0.0,2pct_UNFILTERED_early75pct
put,2025-11-28,2026-01-02,2025-12-11,early_75%,13,35,13.555494384765666,0.02,3.6769155660905413,97.07964739781606,76.35402558328752,280.7473052008653,0.7865090946447464,0.060672116346819446,True,0.0,2pct_UNFILTERED_early75pct
put,2025-12-12,2026-01-16,2025-12-23,early_75%,11,35,13.523162841796875,0.02,3.688375948267697,95.45425177099027,78.37316800604258,289.0697078630308,0.8210547623805392,0.062356222071443534,True,0.0,2pct_UNFILTERED_early75pct
call,2025-12-09,2026-01-15,2025-12-29,early_75%,20,37,13.54855102539068,0.02,3.644953595104108,84.03616759585427,70.48166097877598,256.9023835734984,0.838706273681298,0.055461607504239334,True,0.0,2pct_UNFILTERED_early75pct
put,2025-12-24,2026-01-30,2026-01-22,early_75%,29,37,13.734610595703089,0.02,3.625046964730931,92.0122027599123,82.0639571476628,297.4856987719442,0.8918812362507234,0.06403997842873335,True,0.0,2pct_UNFILTERED_early75pct
call,2025-12-30,2026-02-05,2026-01-22,early_75%,23,37,13.66756713867187,0.02,3.6160750431591198,82.19145845935186,63.90006679817627,231.0674368050859,0.7774538619457436,0.04974450813546931,True,0.0,2pct_UNFILTERED_early75pct
call,2026-01-23,2026-02-27,2026-02-13,early_75%,21,35,13.71173095703125,0.02,3.617951095627114,83.9786149815599,63.02682438228156,228.02796832777327,0.750510405489791,0.04896449241061886,True,0.0,2pct_UNFILTERED_early75pct
put,2026-01-23,2026-02-27,2026-02-20,early_75%,28,35,13.71173095703125,0.02,3.6566618318963697,97.60531834138698,90.46480208736989,330.7991889229445,0.9268429592223425,0.07103257768877635,True,0.0,2pct_UNFILTERED_early75pct
call,2026-02-17,2026-03-26,2026-03-11,early_75%,22,37,13.58480590820318,0.02,3.662456234789639,85.76310903667897,64.65673504201476,236.8024623757687,0.7538991504419752,0.050802111204917316,True,0.0,2pct_UNFILTERED_early75pct
call,2026-03-12,2026-04-17,2026-03-26,early_75%,14,36,13.250781250000045,0.02,3.7624485276469177,83.14169385186236,68.11129530952422,256.26524275344383,0.8192194812735168,0.05484281932736031,True,0.0,2pct_UNFILTERED_early75pct
put,2026-02-23,2026-04-01,2026-03-31,early_75%,36,37,13.57565551757807,0.02,3.7318656473187564,106.83617218627921,105.34644647676393,393.13878467373934,0.9860559801139468,0.084228009829635,True,0.0,2pct_UNFILTERED_early75pct
put,2026-04-01,2026-05-08,2026-04-08,early_75%,7,37,13.071125488281268,0.02,3.906737720810894,107.62732765738568,91.027649766427,355.62115297926334,0.8457670718741519,0.07588892981739342,True,0.0,2pct_UNFILTERED_early75pct
put,2026-04-09,2026-05-15,2026-04-15,early_75%,6,36,13.563256835937523,0.02,3.745593187547257,103.79515420291261,83.06520336033851,311.12845982871147,0.8002801672027152,0.06631790715770958,True,0.0,2pct_UNFILTERED_early75pct
put,2026-04-16,2026-05-22,2026-04-30,early_75%,14,36,13.997139892578161,0.02,3.6209721193297977,104.17402374064051,93.83577498765975,339.77672502602036,0.9007598210978234,0.0724298574225773,True,0.0,2pct_UNFILTERED_early75pct
call,2026-03-27,2026-05-01,2026-05-01,early_75%,35,35,12.64921264648433,0.02,3.9355253421621272,78.18228364241968,78.18228364241968,307.6883585828502,1.0,0.06587993222919467,True,0.0,2pct_UNFILTERED_early75pct
put,2026-05-01,2026-06-05,2026-05-12,early_75%,11,35,14.375964355468795,0.02,3.529892244831696,104.42941580890175,78.58398341020246,277.39299360765636,0.7525081204514774,0.05894534011623499,True,0.0,2pct_UNFILTERED_early75pct
put,2026-05-13,2026-06-16,2026-05-26,early_75%,13,34,14.808050537109352,0.02,3.434896221450292,108.98054830776604,83.36688482374156,286.3565976751516,0.7649703191831048,0.06077080887197057,True,0.0,2pct_UNFILTERED_early75pct
put,2026-05-27,2026-06-16,2026-06-02,early_75%,6,20,14.970632324218741,0.02,3.3667891729135393,95.25808192284842,74.27873585585124,250.08084365718466,0.7797630852572823,0.05298791763563495,True,0.0,2pct_UNFILTERED_early75pct
call,2026-05-04,2026-06-10,2026-06-05,early_75%,32,37,14.323299560546843,0.02,3.5093257477757307,89.69564700059594,79.03749783624856,277.3683261965157,0.8811742874849148,0.058867479628114075,True,0.0,2pct_UNFILTERED_early75pct
call,2026-06-08,2026-06-16,2026-06-10,early_75%,2,8,14.746408691406259,0.02,3.36747265647693,74.58212348527044,56.07739430985873,188.83909198492427,0.7518878745914724,0.04005360095344384,True,0.0,2pct_UNFILTERED_early75pct
put,2026-06-03,2026-06-16,2026-06-15,early_75%,12,13,15.046037597656209,0.02,3.329501644520036,85.06098388668724,85.06039935726712,283.20873954355187,0.9999931281135791,0.05992098357487012,True,0.0,2pct_UNFILTERED_early75pct
call,2026-06-11,2026-06-16,2026-06-16,early_75%,5,5,14.71728515625,0.02,3.347808578969274,66.31980861119109,66.31980861119109,222.02602422414586,1.0,0.0471889837313634,True,0.0,2pct_UNFILTERED_early75pct
