opt_type,entry_date,exp_date,exit_date,exit_reason,days_held,dte_at_entry,width,width_pct,contracts,net_credit,realized_pnl,realized_pnl_sized,ret_on_credit,ret_on_max_loss,win,loss_amount,cell
call,1994-01-27,1994-03-04,1994-02-17,early_75%,21,36,0.2686382484436045,0.01,79.7669339637636,1.7907789014318036,1.4123953302486725,112.66244503867395,0.7887044732989664,0.05633122251933697,True,0.0,1pct_UNFILTERED_early75pct
put,1994-01-27,1994-03-04,1994-03-04,early_75%,36,36,0.2686382484436045,0.01,80.40230424547092,1.98891586297189,1.98891586297189,159.91341833330924,1.0,0.07995670916665461,True,0.0,1pct_UNFILTERED_early75pct
call,1994-02-18,1994-03-25,1994-03-09,early_75%,19,35,0.26371549606323086,0.01,81.33070092764623,1.7866656356252988,1.3356387645017154,108.62843690305994,0.7475594413804614,0.054327641574132925,True,0.0,1pct_UNFILTERED_early75pct
put,1994-03-07,1994-04-13,1994-03-23,early_75%,16,37,0.2640671157836927,0.01,82.55777979263323,2.0973296945870015,1.7275609367443863,142.62359539409823,0.823695454845773,0.07106560524670968,True,0.0,1pct_UNFILTERED_early75pct
call,1994-03-10,1994-04-15,1994-03-24,early_75%,14,36,0.2621332359313975,0.01,82.10142801173961,1.762218685762841,1.4050008077902785,115.35257267722956,0.7972908352075908,0.05746164899756285,True,0.0,1pct_UNFILTERED_early75pct
call,1994-03-25,1994-04-29,1994-04-08,early_75%,14,35,0.2599318695068362,0.01,83.05298533418977,1.7624604299874864,1.3852781711638489,115.05148763344437,0.7859910767889889,0.05717031100906712,True,0.0,1pct_UNFILTERED_early75pct
put,1994-03-24,1994-04-29,1994-04-25,early_75%,32,36,0.2624074935913079,0.01,83.21339180086241,2.0576346958156266,1.5373282675117985,127.9262994510003,0.747133721373422,0.06357031709583155,True,0.0,1pct_UNFILTERED_early75pct
call,1994-04-11,1994-05-18,1994-04-28,early_75%,17,37,0.253919944763183,0.01,84.61854187946929,1.704056167891462,1.3215918096763888,111.83117189466512,0.7755564837464712,0.0557917617172382,True,0.0,1pct_UNFILTERED_early75pct
call,1994-04-29,1994-06-03,1994-05-13,early_75%,14,35,0.25515779495239244,0.01,84.83865683208053,1.7301310358378932,1.3090296321323778,111.05631574350342,0.75660721934765,0.055034431134669354,True,0.0,1pct_UNFILTERED_early75pct
put,1994-04-26,1994-06-02,1994-05-18,early_75%,22,37,0.2562187957763662,0.01,85.56249219807883,2.0236373992770216,1.8323088468810511,156.77691141573075,0.9054531446867281,0.07764598875764321,True,0.0,1pct_UNFILTERED_early75pct
put,1994-05-19,1994-06-24,1994-06-03,early_75%,15,36,0.258782634735109,0.01,84.69684164185021,1.9958871478967424,1.5489109594140476,131.18786624681786,0.7760513719657364,0.06485581410727627,True,0.0,1pct_UNFILTERED_early75pct
call,1994-05-16,1994-06-22,1994-06-17,early_75%,32,37,0.2519749069213866,0.01,86.00730639978136,1.7052686430265764,1.4074446040734128,121.05051930326097,0.8253506623891388,0.05991108891832601,True,0.0,1pct_UNFILTERED_early75pct
call,1994-06-20,1994-07-27,1994-06-30,early_75%,10,37,0.2590696144104001,0.01,84.1196973250307,1.7557050356257153,1.3026474963928938,109.57831311777925,0.7419512218512511,0.053937048844417995,True,0.0,1pct_UNFILTERED_early75pct
put,1994-06-06,1994-07-13,1994-07-11,early_75%,35,37,0.26152359008789006,0.01,83.99277753306949,2.0441967960616525,1.9106880024743724,160.4839923269349,0.9346888744545055,0.07925481775071468,True,0.0,1pct_UNFILTERED_early75pct
put,1994-07-12,1994-08-18,1994-07-18,early_75%,6,37,0.2552426719665526,0.01,86.59187483113169,2.005420746985932,1.5900072671698362,137.68171025936022,0.7928547012189606,0.06760566554879614,True,0.0,1pct_UNFILTERED_early75pct
call,1994-07-01,1994-08-05,1994-07-22,early_75%,21,35,0.25381883621215806,0.01,85.64060377231743,1.7205046670009105,1.3257493394161033,113.53797387834608,0.7705584093108431,0.056030096216346775,True,0.0,1pct_UNFILTERED_early75pct
put,1994-07-19,1994-08-25,1994-08-01,early_75%,13,37,0.2584465599060053,0.01,85.45148365407981,1.9752084064892323,1.6907210006594915,144.47461795146398,0.8559709421572413,0.07083201212351978,True,0.0,1pct_UNFILTERED_early75pct
put,1994-08-02,1994-09-08,1994-08-23,early_75%,21,37,0.2630744743347151,0.01,83.9659555413241,1.9960270599779975,1.7152056761865393,144.0188835509057,0.8593098313033123,0.07055143837077534,True,0.0,1pct_UNFILTERED_early75pct
call,1994-07-25,1994-08-31,1994-08-31,early_75%,37,37,0.2586245727539058,0.01,84.62059912253629,1.7435996219567267,1.7435996219567267,147.544444639806,1.0,0.07229196535800635,True,0.0,1pct_UNFILTERED_early75pct
put,1994-08-24,1994-09-30,1994-09-15,early_75%,22,37,0.26850324630737177,0.01,82.54672551221464,2.0490206786827705,1.845876932918878,152.37109651098325,0.9008581280426681,0.07442660823347458,True,0.0,1pct_UNFILTERED_early75pct
call,1994-09-01,1994-10-07,1994-09-20,early_75%,19,36,0.2705501174926752,0.01,81.30280183169808,1.8266221662389701,1.6496513568324531,134.12127735594078,0.9031158097840774,0.06538869044349126,True,0.0,1pct_UNFILTERED_early75pct
call,1994-09-21,1994-10-28,1994-10-06,early_75%,15,37,0.2645849227905259,0.01,83.09888167131002,1.7914086786038204,1.3894453155744095,115.46135186767387,0.7756160457240326,0.05632791204993245,True,0.0,1pct_UNFILTERED_early75pct
put,1994-09-16,1994-10-21,1994-10-13,early_75%,27,35,0.2694200134277338,0.01,82.63528856055756,2.087926979103552,1.6529943339444886,136.59566377446944,0.7916916398360823,0.06650798214238608,True,0.0,1pct_UNFILTERED_early75pct
call,1994-10-07,1994-11-11,1994-11-04,early_75%,28,35,0.26046619415283345,0.01,84.25618788103483,1.7638486576940011,1.3042727673246293,109.8930513318212,0.7394470957784969,0.0537118593403099,True,0.0,1pct_UNFILTERED_early75pct
put,1994-10-14,1994-11-18,1994-11-14,early_75%,31,35,0.2695990943908697,0.01,82.67005316144203,2.1054879693870947,2.0259196571334437,167.4828857560322,0.9622090871994803,0.08151143890447221,True,0.0,1pct_UNFILTERED_early75pct
call,1994-11-07,1994-12-14,1994-11-21,early_75%,14,37,0.26628622055053697,0.01,82.91887745404007,1.778448897781293,1.390275434828675,115.28007840792118,0.7817348232851198,0.055946307739180114,True,0.0,1pct_UNFILTERED_early75pct
call,1994-11-22,1994-12-29,1994-12-12,early_75%,20,37,0.2578695297241218,0.01,85.87006961015176,1.7237496637900036,1.2873586442274927,110.5455763930454,0.7468361974307689,0.053499055288545656,True,0.0,1pct_UNFILTERED_early75pct
put,1994-11-15,1994-12-22,1994-12-14,early_75%,29,37,0.2675396728515622,0.01,84.04246066411335,2.1752804107922166,1.9776592165506155,166.20734691397632,0.9091513934198353,0.08046236264205588,True,0.0,1pct_UNFILTERED_early75pct
put,1994-12-15,1995-01-20,1994-12-27,early_75%,12,36,0.2629733085632324,0.01,85.49960396121045,2.0455686761269622,1.7453484550275948,149.2266016791699,0.8532338588270728,0.07196790245835526,True,0.0,1pct_UNFILTERED_early75pct
call,1994-12-13,1995-01-19,1995-01-09,early_75%,27,37,0.2608243942260735,0.01,85.168867438542,1.7659880455962804,1.3374315943914172,113.90753417084048,0.7573276601313785,0.055001100845489065,True,0.0,1pct_UNFILTERED_early75pct
put,1994-12-28,1995-02-03,1995-01-13,early_75%,16,37,0.266153240203856,0.01,84.58300476591894,2.0736825817691567,1.927098316153083,162.9997660595706,0.9293121006537964,0.07852361142889083,True,0.0,1pct_UNFILTERED_early75pct
put,1995-01-16,1995-02-22,1995-02-02,early_75%,17,37,0.271568145751953,0.01,82.90093111060335,2.055103429364471,1.5387539852625238,127.56413812841485,0.7487477093736224,0.061300760586518704,True,0.0,1pct_UNFILTERED_early75pct
call,1995-01-10,1995-02-16,1995-02-16,early_75%,37,37,0.26651412963867216,0.01,83.70295795787023,1.804743072925381,1.804743072925381,151.0623335578307,1.0,0.07263520950078395,True,0.0,1pct_UNFILTERED_early75pct
put,1995-02-03,1995-03-10,1995-02-22,early_75%,19,35,0.27743452072143526,0.01,81.23716999610632,2.07943989350457,1.926091746035723,156.47024260080127,0.926255070921813,0.07505029738252991,True,0.0,1pct_UNFILTERED_early75pct
put,1995-02-23,1995-03-31,1995-03-14,early_75%,19,36,0.2823082160949717,0.01,80.08443564036811,2.1303686393418224,1.8334628123872012,146.83183459763114,0.8606317134642245,0.07024639819407275,True,0.0,1pct_UNFILTERED_early75pct
call,1995-02-17,1995-03-24,1995-03-20,early_75%,31,35,0.27987150192260657,0.01,80.08042369156061,1.8864237430708999,1.5574750582670827,124.72326255506603,0.825623120991722,0.05967171301913825,True,0.0,1pct_UNFILTERED_early75pct
put,1995-03-15,1995-04-21,1995-03-24,early_75%,9,37,0.2858280563354505,0.01,79.42133756596803,2.2135765158611975,1.9440478247990876,154.3988785377542,0.8782383671263113,0.07372410532454138,True,0.0,1pct_UNFILTERED_early75pct
put,1995-03-27,1995-05-03,1995-04-13,early_75%,17,37,0.2928194236755388,0.01,77.53517322490083,2.2452221382658397,1.9500422457012285,151.1968633163194,0.8685297603592126,0.07212569531968631,True,0.0,1pct_UNFILTERED_early75pct
call,1995-03-21,1995-04-27,1995-04-26,early_75%,36,37,0.2871029853820808,0.01,78.36587669195727,1.936392664935668,1.8044299019994305,141.40573119936792,0.9318512379612729,0.06739509395977741,True,0.0,1pct_UNFILTERED_early75pct
put,1995-04-17,1995-05-24,1995-04-27,early_75%,10,37,0.2949065589904798,0.01,77.11767086038837,2.2805683629765845,1.6786789457516536,129.45581041873976,0.7360792042035748,0.06169325782308829,True,0.0,1pct_UNFILTERED_early75pct
put,1995-04-28,1995-06-02,1995-05-08,early_75%,10,35,0.2996250915527341,0.01,76.13201221300078,2.2808423129012603,1.7415922258135015,132.59092060570072,0.7635741480077043,0.06291500565087567,True,0.0,1pct_UNFILTERED_early75pct
put,1995-05-09,1995-06-15,1995-05-23,early_75%,14,37,0.3049785423278806,0.01,74.93038007353165,2.3740410295281005,2.011715978939869,150.73864290196116,0.8473804596964979,0.07153069764759645,True,0.0,1pct_UNFILTERED_early75pct
call,1995-04-27,1995-06-02,1995-05-26,early_75%,29,36,0.2991712188720719,0.01,75.54375383858303,2.020557540026094,1.548778274661843,117.00052473159961,0.766510353692695,0.055518602770822725,True,0.0,1pct_UNFILTERED_early75pct
put,1995-05-24,1995-06-30,1995-06-13,early_75%,20,37,0.30851758956909237,0.01,74.08508620322031,2.340353729738859,2.174282357155737,161.08189586002382,0.9290400547264055,0.07626009099978423,True,0.0,1pct_UNFILTERED_early75pct
put,1995-06-14,1995-07-21,1995-06-22,early_75%,8,37,0.3129638481140127,0.01,73.17788160688346,2.375492490618784,2.103930701831462,153.96119180770995,0.8856818997072122,0.07274777964992396,True,0.0,1pct_UNFILTERED_early75pct
call,1995-05-30,1995-07-06,1995-07-06,expired,37,37,0.30516014099121236,0.01,74.24778557948935,2.0664407224243044,-12.084458738738377,-897.2443012780333,-5.847958089289465,-0.424767660967344,False,12.084458738738377,1pct_UNFILTERED_early75pct
put,1995-06-23,1995-07-28,1995-07-07,early_75%,14,35,0.3213736724853504,0.01,70.89888865195633,2.415988050251359,1.8414038663934487,130.55348768671098,0.7621742442814935,0.06195553221499842,True,0.0,1pct_UNFILTERED_early75pct
put,1995-07-10,1995-08-16,1995-07-27,early_75%,17,37,0.3259370803833015,0.01,70.03045785697205,2.5147240423508044,1.9859544041145596,139.0772962032127,0.7897305512131094,0.06602465044630569,True,0.0,1pct_UNFILTERED_early75pct
call,1995-07-07,1995-08-11,1995-08-01,early_75%,25,35,0.3257546615600617,0.01,69.33835317978176,2.1964826016849828,1.7435592298409506,120.89552566858012,0.7937960576165811,0.05739359997753914,True,0.0,1pct_UNFILTERED_early75pct
put,1995-07-28,1995-09-01,1995-08-18,early_75%,21,35,0.3288579559326159,0.01,69.56149275411535,2.5631266586062704,2.0538297186152428,142.86746108964098,0.8012985670134758,0.06773248499468171,True,0.0,1pct_UNFILTERED_early75pct
call,1995-08-02,1995-09-08,1995-08-22,early_75%,20,37,0.3267587280273432,0.01,69.30371347345155,2.215005415692596,1.7689335790559126,122.59366591645814,0.7986136586951847,0.05807233118412215,True,0.0,1pct_UNFILTERED_early75pct
put,1995-08-21,1995-09-27,1995-09-01,early_75%,11,37,0.3272149276733387,0.01,70.214933455762,2.5715943490129325,2.170689047813937,152.41478704540697,0.8441024334367212,0.07199656256536151,True,0.0,1pct_UNFILTERED_early75pct
put,1995-09-05,1995-10-12,1995-09-13,early_75%,8,37,0.33406051635742173,0.01,68.72927240419784,2.553097013267703,1.9815415323789602,136.18990775910518,0.776132486185,0.0642253410289441,True,0.0,1pct_UNFILTERED_early75pct
call,1995-08-23,1995-09-29,1995-09-29,early_75%,37,37,0.32666721343994,0.01,69.54791571176962,2.2143114546222566,2.2143114546222566,154.00074640567468,1.0,0.07271383324559408,True,0.0,1pct_UNFILTERED_early75pct
put,1995-09-14,1995-10-20,1995-10-12,early_75%,28,36,0.34327911376953324,0.01,66.72404132572142,2.5877896574463666,1.9938311500478014,133.03647205230016,0.7704765123821216,0.06281737567573427,True,0.0,1pct_UNFILTERED_early75pct
call,1995-10-02,1995-11-08,1995-10-25,early_75%,23,37,0.3417162704467742,0.01,66.7625340612252,2.3158258347151532,1.878307766558151,125.40058624230237,0.811074709678754,0.05896281666809082,True,0.0,1pct_UNFILTERED_early75pct
put,1995-10-13,1995-11-17,1995-11-01,early_75%,19,35,0.34428546905517265,0.01,67.10795332358174,2.701761323547853,2.01197900194053,135.01979295025168,0.7446916144681773,0.06341578464488233,True,0.0,1pct_UNFILTERED_early75pct
put,1995-11-02,1995-12-08,1995-11-16,early_75%,14,36,0.34740547180175696,0.01,66.60616935208796,2.7150250553205706,2.256391670619937,150.2896057379522,0.8310758186920374,0.07045604633152079,True,0.0,1pct_UNFILTERED_early75pct
call,1995-10-26,1995-12-01,1995-11-27,early_75%,32,36,0.33914695739746037,0.01,67.386967826386,2.290117321541612,1.751750482959097,118.04515343502081,0.7649173544436105,0.055392058031379685,True,0.0,1pct_UNFILTERED_early75pct
put,1995-11-17,1995-12-22,1995-11-28,early_75%,11,35,0.3534615325927746,0.01,65.46959518601017,2.7257327325959215,2.201274039739954,144.11652027524806,0.8075898320535316,0.06748147338994127,True,0.0,1pct_UNFILTERED_early75pct
put,1995-11-29,1996-01-05,1995-12-08,early_75%,9,37,0.35850837707519645,0.01,64.68913294332555,2.7399426808130274,2.234022665995039,144.51698923895566,0.8153537961356674,0.06747092351907488,True,0.0,1pct_UNFILTERED_early75pct
call,1995-11-28,1996-01-04,1995-12-20,early_75%,22,37,0.35814140319823906,0.01,64.09852397653849,2.4160662034647022,1.8868752321575604,120.945917309188,0.7809700038234597,0.056496528080741105,True,0.0,1pct_UNFILTERED_early75pct
put,1995-12-11,1996-01-17,1996-01-03,early_75%,23,37,0.3665834045410179,0.01,63.22443992031707,2.769594557202885,2.1444300290859832,135.58038753727052,0.7742757955343911,0.06327853015305049,True,0.0,1pct_UNFILTERED_early75pct
call,1995-12-21,1996-01-26,1996-01-12,early_75%,22,36,0.36035545349120923,0.01,63.67072211674248,2.414086115778999,1.9969879152002343,127.14966261920702,0.8272231475702052,0.05939622969189421,True,0.0,1pct_UNFILTERED_early75pct
put,1996-01-04,1996-02-09,1996-01-24,early_75%,20,36,0.3646950531005828,0.01,63.863072338163136,2.873037117014743,2.4428212562009763,156.0060705939655,0.8502574650825303,0.07271065643461849,True,0.0,1pct_UNFILTERED_early75pct
put,1996-01-25,1996-03-01,1996-01-30,early_75%,5,36,0.3646025848388703,0.01,64.03640172299296,2.83907503182853,2.148765458723733,137.59920812332422,0.7568540579710578,0.06391105957908129,True,0.0,1pct_UNFILTERED_early75pct
put,1996-01-31,1996-03-08,1996-02-08,early_75%,8,37,0.3762357711791964,0.01,61.97866701240398,2.9188203633430394,2.3969747817647655,148.5613018361281,0.8212135326544784,0.06906761510289712,True,0.0,1pct_UNFILTERED_early75pct
call,1996-01-15,1996-02-21,1996-02-21,expired,37,37,0.3551848983764643,0.01,64.84014247500423,2.4014787515144667,-33.11701108613196,-2147.311717171091,-13.79025780063516,-1.0,False,33.11701108613196,1pct_UNFILTERED_early75pct
put,1996-02-09,1996-03-15,1996-03-05,early_75%,25,35,0.38897705078125,0.01,59.44411769286952,3.0889874196097193,2.553645802186274,151.79922161106305,0.8266934937886268,0.07131352277226881,True,0.0,1pct_UNFILTERED_early75pct
call,1996-02-22,1996-03-29,1996-03-08,early_75%,15,36,0.39073146820068416,0.01,58.150529995353324,2.6465481520396525,2.004837582687105,116.58236798785815,0.7575292295898749,0.05503773769706172,True,0.0,1pct_UNFILTERED_early75pct
put,1996-03-06,1996-04-12,1996-04-01,early_75%,26,37,0.3858381271362319,0.01,59.88255607018391,3.134572974175594,2.7864064561752757,166.8571408462384,0.8889269699991951,0.07860271409642074,True,0.0,1pct_UNFILTERED_early75pct
call,1996-03-11,1996-04-17,1996-04-08,early_75%,28,37,0.3795595932006819,0.01,59.66554857298628,2.4941258856022843,2.392454941528164,142.74713652242974,0.9592358410371221,0.0674656302232501,True,0.0,1pct_UNFILTERED_early75pct
put,1996-04-02,1996-05-09,1996-04-25,early_75%,23,37,0.38912818908691094,0.01,59.53326140789065,3.1584254782052428,2.590153401790615,154.2002795553379,0.8200774150487333,0.07244294066480036,True,0.0,1pct_UNFILTERED_early75pct
call,1996-04-09,1996-05-16,1996-05-03,early_75%,24,37,0.3806890869140602,0.01,59.84074288616241,2.54337818047181,2.2580595810640585,135.12396281208993,0.8878190425637671,0.06356160058944264,True,0.0,1pct_UNFILTERED_early75pct
put,1996-04-26,1996-05-31,1996-05-13,early_75%,17,35,0.3883863449096694,0.01,59.70619739664255,3.0884999409861607,2.506718857592509,149.66665092930464,0.8116298868350023,0.07011774610492638,True,0.0,1pct_UNFILTERED_early75pct
put,1996-05-14,1996-06-20,1996-06-04,early_75%,21,37,0.3962688064575204,0.01,58.56566545782474,3.1698365733500338,2.5125510783926948,147.14922590284334,0.7926437279185379,0.06891812384467826,True,0.0,1pct_UNFILTERED_early75pct
call,1996-05-06,1996-06-12,1996-06-10,early_75%,35,37,0.38133842468261747,0.01,59.91316604257852,2.554368327399696,2.2993706806104437,137.76257738085027,0.9001719352475547,0.06462632560298803,True,0.0,1pct_UNFILTERED_early75pct
call,1996-06-11,1996-07-18,1996-06-26,early_75%,15,37,0.3997002410888655,0.01,57.460860135513286,2.6812830528257128,2.1947764439208646,126.11374227285602,0.8185545504447449,0.058858958006149424,True,0.0,1pct_UNFILTERED_early75pct
put,1996-06-05,1996-07-12,1996-06-28,early_75%,23,37,0.404337158203127,0.01,57.579914408746106,3.270314991987887,2.5070954580871,144.35834189121132,0.766622011711215,0.06746141101748332,True,0.0,1pct_UNFILTERED_early75pct
call,1996-06-27,1996-08-02,1996-07-09,early_75%,12,36,0.39902133941650675,0.01,57.73255077979636,2.704341453766162,1.984595140139069,114.57573970541587,0.7338552376125623,0.05335249775334008,True,0.0,1pct_UNFILTERED_early75pct
call,1996-07-10,1996-08-16,1996-07-23,early_75%,13,37,0.3928682708740254,0.01,58.51108571263939,2.6511392007840104,2.0389035158461897,119.29845837547822,0.7690669412014401,0.0556534798024337,True,0.0,1pct_UNFILTERED_early75pct
put,1996-07-01,1996-08-07,1996-08-02,early_75%,32,37,0.40386917114258125,0.01,57.790603865537804,3.1889851697400036,2.375821079910171,137.30013488448293,0.7450085069238095,0.06386970876375017,True,0.0,1pct_UNFILTERED_early75pct
put,1996-08-05,1996-09-11,1996-08-16,early_75%,11,37,0.39482624053955107,0.01,59.346388298017516,3.2275221691564853,2.4456004776643816,145.1375555692875,0.7577331307079885,0.06745534698634499,True,0.0,1pct_UNFILTERED_early75pct
call,1996-07-24,1996-08-30,1996-08-26,early_75%,33,37,0.37478149414062756,0.01,60.659984812317155,2.4130513414748727,2.182523231119887,132.3918260522617,0.9044661394506073,0.06224203983693041,True,0.0,1pct_UNFILTERED_early75pct
put,1996-08-19,1996-09-25,1996-09-11,early_75%,23,37,0.39902133941650675,0.01,58.812234990752955,3.2040128808185844,2.4244395071559395,142.58670601572038,0.7566884395722299,0.06606440430934063,True,0.0,1pct_UNFILTERED_early75pct
put,1996-09-12,1996-10-18,1996-09-24,early_75%,12,36,0.4029368972778329,0.01,58.49680967637877,3.2508879454559825,2.391598908400482,139.90090616693823,0.7356755903393732,0.06456312139816288,True,0.0,1pct_UNFILTERED_early75pct
call,1996-08-27,1996-10-03,1996-09-30,early_75%,34,37,0.39846210479736044,0.01,58.21026106676046,2.6929977316331115,2.456055285339296,142.96761935399726,0.9120153561547462,0.06610613466973199,True,0.0,1pct_UNFILTERED_early75pct
put,1996-09-25,1996-11-01,1996-10-04,early_75%,9,37,0.4117575836181615,0.01,57.315610317630345,3.3355828788083146,2.800196653671349,160.49498021455955,0.8394924531666141,0.07400062547090405,True,0.0,1pct_UNFILTERED_early75pct
call,1996-10-01,1996-11-07,1996-10-28,early_75%,27,37,0.41381938934326,0.01,56.23269853516551,2.7696549039806686,2.1727046137248918,122.17704354955507,0.7844676282962856,0.05626977704860366,True,0.0,1pct_UNFILTERED_early75pct
put,1996-10-07,1996-11-13,1996-11-04,early_75%,28,37,0.42234687805175497,0.01,55.94156100893287,3.385829768503816,3.1052073744852446,173.7101477851546,0.9171185755914193,0.07993046723674761,True,0.0,1pct_UNFILTERED_early75pct
put,1996-11-05,1996-12-12,1996-11-08,early_75%,3,37,0.42862533569336136,0.01,55.40046598929205,3.511084443892461,2.680675138400491,148.51065183329717,0.7634892242661755,0.0681213830234077,True,0.0,1pct_UNFILTERED_early75pct
put,1996-11-11,1996-12-18,1996-11-22,early_75%,11,37,0.43987022399902287,0.01,53.797171340561434,3.4844745431919524,2.655250464127195,142.844964170756,0.7620232064301016,0.06555761562262512,True,0.0,1pct_UNFILTERED_early75pct
call,1996-10-29,1996-12-05,1996-12-04,early_75%,36,37,0.422253036499022,0.01,55.22775988320562,2.801218080269638,2.380045585137371,131.44458608705034,0.8496466597517727,0.060370343427081634,True,0.0,1pct_UNFILTERED_early75pct
put,1996-11-25,1996-12-31,1996-12-24,early_75%,29,36,0.4565503692626933,0.01,51.88606050412813,3.681411194955438,2.9910096808052393,155.1917092666936,0.8124628090727161,0.07125926409006487,True,0.0,1pct_UNFILTERED_early75pct
call,1996-12-05,1997-01-10,1996-12-31,early_75%,26,36,0.4483041000366228,0.01,52.234345746766806,2.9832788837471065,2.7622370703925543,144.28364616942093,0.925906419758881,0.0660078002116135,True,0.0,1pct_UNFILTERED_early75pct
put,1996-12-26,1997-01-31,1997-01-14,early_75%,19,36,0.4567224884033223,0.01,52.337006168144875,3.758873376271367,3.0417427379373847,159.1957084373388,0.8092166012132754,0.07257212534804228,True,0.0,1pct_UNFILTERED_early75pct
put,1997-01-15,1997-02-21,1997-01-22,early_75%,7,37,0.46274929046630575,0.01,51.72385847571779,3.831938643750331,3.1050504581075113,160.6051904551156,0.8103079790099635,0.07315814528226075,True,0.0,1pct_UNFILTERED_early75pct
call,1997-01-02,1997-02-07,1997-02-05,early_75%,34,36,0.44617546081543225,0.01,52.46839090541182,2.8910813312299473,2.8420782894052325,149.1192746722979,0.983050272126427,0.06811212755290741,True,0.0,1pct_UNFILTERED_early75pct
put,1997-01-23,1997-02-28,1997-02-07,early_75%,15,36,0.46858779907226733,0.01,51.061372886534514,3.8536054242586744,2.874227853587689,146.7620201929047,0.7458542162864559,0.0668344655763694,True,0.0,1pct_UNFILTERED_early75pct
put,1997-02-10,1997-03-19,1997-02-13,early_75%,3,37,0.47291976928710966,0.01,50.88733474905094,3.9408040541575082,2.951316028592651,150.18460669723385,0.7489121478849076,0.06807926597817687,True,0.0,1pct_UNFILTERED_early75pct
call,1997-02-06,1997-03-14,1997-03-04,early_75%,26,36,0.47103652954101705,0.01,50.07904884219997,3.081684388841116,2.493851065608565,124.88968931978377,0.8092493425474993,0.056650148707265174,True,0.0,1pct_UNFILTERED_early75pct
put,1997-02-14,1997-03-21,1997-03-10,early_75%,24,35,0.489305152893067,0.01,49.11751052248675,4.035465842804515,3.7033186739336297,181.8977939350567,0.9176929797428159,0.08248835271573933,True,0.0,1pct_UNFILTERED_early75pct
call,1997-03-05,1997-04-11,1997-03-20,early_75%,15,37,0.48572647094726307,0.01,48.722602228068816,3.189142871360448,2.52899400476111,123.21916893114634,0.793001162623446,0.0557249610412201,True,0.0,1pct_UNFILTERED_early75pct
call,1997-03-21,1997-04-25,1997-03-31,early_75%,10,35,0.47454166412353516,0.01,49.89969224293454,3.1260427800197528,2.3830498030292717,118.91345177074643,0.762321558188725,0.05375932044394117,True,0.0,1pct_UNFILTERED_early75pct
call,1997-04-01,1997-05-08,1997-04-11,early_75%,10,37,0.4589441680908237,0.01,51.356866413109785,2.9738026291883877,2.5305178310317125,129.95946620428796,0.8509367118699277,0.05895809925798138,True,0.0,1pct_UNFILTERED_early75pct
put,1997-03-11,1997-04-17,1997-04-16,early_75%,36,37,0.48968181610107564,0.01,49.32257059742633,4.051603801651798,3.3042087146749637,162.9720675981872,0.8155310529938468,0.07356323379678606,True,0.0,1pct_UNFILTERED_early75pct
put,1997-04-17,1997-05-23,1997-04-29,early_75%,12,36,0.46092910766601847,0.01,52.57223610727546,3.7963215269752384,3.375086009225295,177.43581855935426,0.8890411376494847,0.07979570149508089,True,0.0,1pct_UNFILTERED_early75pct
put,1997-04-30,1997-06-06,1997-05-05,early_75%,5,37,0.48456199645995923,0.01,49.904664940722455,4.026420925978758,2.9809345491167183,148.7625398838934,0.7403434970952774,0.06709316667772876,True,0.0,1pct_UNFILTERED_early75pct
put,1997-05-06,1997-06-12,1997-05-20,early_75%,14,37,0.504035186767581,0.01,47.67387764652772,4.20389893142762,3.0979815714555246,147.69279438876836,0.7369305547037659,0.06705643008606463,True,0.0,1pct_UNFILTERED_early75pct
call,1997-04-14,1997-05-21,1997-05-21,expired,37,37,0.4498692703247045,0.01,52.1184906807308,2.964321520958703,-42.02260551151174,-2190.1547737317514,-14.176129415921471,-0.9999999999999998,False,42.02260551151174,1pct_UNFILTERED_early75pct
put,1997-05-21,1997-06-27,1997-06-06,early_75%,16,37,0.5098959732055661,0.01,46.88959963207024,4.219559721645048,3.598109383869933,168.7139084420561,0.8527215210185876,0.07693193267720762,True,0.0,1pct_UNFILTERED_early75pct
put,1997-06-09,1997-07-16,1997-06-19,early_75%,10,37,0.5252100372314459,0.01,45.55808617640684,4.350584699723978,3.493904724923356,159.1756125502133,0.8030885423619097,0.07253216384156029,True,0.0,1pct_UNFILTERED_early75pct
call,1997-05-22,1997-06-27,1997-06-26,early_75%,35,36,0.5081944274902312,0.01,46.20091429350133,3.365429772623571,3.0545172014812847,141.12148743366237,0.9076157899144305,0.0643679429809318,True,0.0,1pct_UNFILTERED_early75pct
put,1997-06-20,1997-07-25,1997-07-03,early_75%,13,35,0.5440521621704093,0.01,43.84966124707906,4.512284292024009,4.122586566515775,180.7740244034755,0.9136362648521348,0.08262866918126854,True,0.0,1pct_UNFILTERED_early75pct
put,1997-07-07,1997-08-13,1997-07-23,early_75%,16,37,0.5534467315673837,0.01,43.39776226916997,4.576100103971134,3.4087022070640196,147.9300480285593,0.7448924039283913,0.06714197390423252,True,0.0,1pct_UNFILTERED_early75pct
call,1997-06-27,1997-08-01,1997-07-31,early_75%,34,35,0.539971160888669,0.01,43.57703049003701,3.507015710499285,2.7679905616340315,120.62080910046086,0.7892723586459096,0.054822441248700136,True,0.0,1pct_UNFILTERED_early75pct
put,1997-07-24,1997-08-29,1997-08-06,early_75%,13,36,0.5714774322509797,0.01,42.135333853396325,4.763221604967777,3.61625580952769,152.3721458337332,0.7592037720344851,0.06903290700545492,True,0.0,1pct_UNFILTERED_early75pct
call,1997-08-01,1997-09-05,1997-08-14,early_75%,13,35,0.5766017532348613,0.01,41.01158705312654,3.7037833750443365,2.741548039310671,112.43523607451797,0.7402020479337167,0.05081044043735108,True,0.0,1pct_UNFILTERED_early75pct
put,1997-08-07,1997-09-12,1997-09-08,early_75%,32,36,0.5788798904418968,0.01,41.707660125704734,4.7968176390488715,4.205371623782342,175.39621038699696,0.8767003334769667,0.07921037551970714,True,0.0,1pct_UNFILTERED_early75pct
call,1997-08-15,1997-09-19,1997-09-10,early_75%,26,35,0.5452854919433605,0.01,43.24522555616996,3.416908090754964,2.719105129037702,117.58831461617406,0.7957794171855871,0.0531993313133354,True,0.0,1pct_UNFILTERED_early75pct
put,1997-09-09,1997-10-16,1997-09-22,early_75%,13,37,0.568440971374514,0.01,42.66034880957994,4.794120774631352,3.7921360265552253,161.77384562622044,0.7909971827622188,0.07285567240456993,True,0.0,1pct_UNFILTERED_early75pct
put,1997-09-23,1997-10-30,1997-10-07,early_75%,14,37,0.5798604202270496,0.01,41.83391017938742,4.85939980057726,4.318513509329334,180.6603062577545,0.8886927782349431,0.08128715327562402,True,0.0,1pct_UNFILTERED_early75pct
call,1997-09-11,1997-10-17,1997-10-13,early_75%,32,36,0.5538264083862288,0.01,42.67157742644129,3.3865361417482616,2.9218077883261375,124.67814726473796,0.8627717721086499,0.056192820699927586,True,0.0,1pct_UNFILTERED_early75pct
call,1997-10-14,1997-11-20,1997-10-27,early_75%,13,37,0.5912895584106508,0.01,40.37863102375294,3.864052820581629,3.4442399814534044,139.07369536836467,0.8913542700834424,0.062322374476561145,True,0.0,1pct_UNFILTERED_early75pct
put,1997-10-08,1997-11-14,1997-11-14,early_75%,37,37,0.5943376922607442,0.01,40.86599657393874,4.955281897002267,4.955281897002267,202.50253302579532,1.0,0.09095850747599427,True,0.0,1pct_UNFILTERED_early75pct
call,1997-10-28,1997-12-04,1997-11-24,early_75%,27,37,0.5621440505981496,0.01,41.591487010807896,3.157289041444697,2.4161336160588127,100.49058990868642,0.76525575718378,0.045538351824894914,True,0.0,1pct_UNFILTERED_early75pct
put,1997-11-17,1997-12-24,1997-12-01,early_75%,14,37,0.5777645492553702,0.01,42.37887210227664,4.9390107281251705,4.484379963385866,190.0429649263416,0.9079510473321283,0.08487125052134004,True,0.0,1pct_UNFILTERED_early75pct
call,1997-11-25,1997-12-31,1997-12-17,early_75%,22,36,0.580622024536126,0.01,41.01026551187282,3.4032931979771615,2.4767458357373258,101.57200432901307,0.7277497681391206,0.04531275631853134,True,0.0,1pct_UNFILTERED_early75pct
put,1997-12-02,1998-01-08,1997-12-30,early_75%,28,37,0.5943376922607442,0.01,41.23227188291559,5.035750412832216,4.80251743647715,198.01870466326866,0.9536845639210523,0.08828478575598539,True,0.0,1pct_UNFILTERED_early75pct
call,1997-12-18,1998-01-23,1998-01-08,early_75%,21,36,0.584431953430169,0.01,40.91377688306713,3.514900770604115,2.7771954731413713,113.62555594877011,0.7901205907056226,0.05056038048805891,True,0.0,1pct_UNFILTERED_early75pct
put,1997-12-31,1998-02-06,1998-01-20,early_75%,20,37,0.5940250396728501,0.01,41.387369196600204,5.01165006647672,4.230233454724083,175.07823377847518,0.8440799733844973,0.07777472040499109,True,0.0,1pct_UNFILTERED_early75pct
put,1998-01-21,1998-02-27,1998-02-02,early_75%,12,37,0.5932602691650359,0.01,41.46905487625753,4.981421320123733,4.045911853636172,167.78014068293922,0.8122002925734609,0.07444918974452339,True,0.0,1pct_UNFILTERED_early75pct
call,1998-01-09,1998-02-13,1998-02-13,early_75%,35,35,0.5649548721313522,0.01,42.34122612297365,3.3447647121981756,3.3447647121981756,141.62143900732585,1.0,0.06292980706215626,True,0.0,1pct_UNFILTERED_early75pct
put,1998-02-03,1998-03-12,1998-02-18,early_75%,15,37,0.6162103271484369,0.01,39.96477356764302,5.135304940790494,4.4361813932554535,177.29098488644533,0.8638593899299343,0.07853632356478586,True,0.0,1pct_UNFILTERED_early75pct
put,1998-02-19,1998-03-27,1998-03-03,early_75%,12,36,0.6296935272216828,0.01,39.22207227810762,5.220908936326224,4.185067795241506,164.14703155374283,0.8015975467647968,0.0724706593092218,True,0.0,1pct_UNFILTERED_early75pct
put,1998-03-04,1998-04-09,1998-03-12,early_75%,8,36,0.641455001831055,0.01,38.553323767939986,5.309900199011211,4.00887781482427,154.55556434103187,0.754981763229898,0.06813694117010852,True,0.0,1pct_UNFILTERED_early75pct
put,1998-03-13,1998-04-17,1998-03-24,early_75%,11,35,0.6554164886474609,0.01,37.754858280525305,5.389969358265151,4.076641226935657,153.91301178350255,0.7563384791203693,0.06777269164190879,True,0.0,1pct_UNFILTERED_early75pct
call,1998-02-17,1998-03-26,1998-03-26,early_75%,37,37,0.6273026657104452,0.01,38.608505596146635,4.0680684777880085,4.0680684777880085,157.06204459018605,1.0,0.06934735843551099,True,0.0,1pct_UNFILTERED_early75pct
put,1998-03-25,1998-05-01,1998-04-14,early_75%,20,37,0.6760959625244141,0.01,36.689579409948344,5.677168507701305,4.8411345635009715,177.6191910018145,0.8527375146490332,0.07816800890567586,True,0.0,1pct_UNFILTERED_early75pct
call,1998-03-27,1998-05-01,1998-04-20,early_75%,24,35,0.6728354644775436,0.01,36.14533763225637,4.265480437922017,3.4079685876312995,123.1821752400572,0.7989647677980056,0.05407923161430524,True,0.0,1pct_UNFILTERED_early75pct
call,1998-04-21,1998-05-28,1998-05-07,early_75%,16,37,0.6922076416015557,0.01,35.321501170467045,4.527018771199151,3.396765815881816,119.97886774147202,0.7503317276906398,0.052505320189139386,True,0.0,1pct_UNFILTERED_early75pct
put,1998-04-15,1998-05-22,1998-05-12,early_75%,27,37,0.6881795501709007,0.01,36.20153275632712,5.740777177861828,5.105425160934782,184.82421619855717,0.8893264801537403,0.08093934027846875,True,0.0,1pct_UNFILTERED_early75pct
call,1998-05-08,1998-06-12,1998-05-26,early_75%,18,35,0.6820419311523409,0.01,35.86002078086241,4.45758755385886,3.509879622491157,125.86435620085841,0.7873944325451806,0.05505986697773021,True,0.0,1pct_UNFILTERED_early75pct
put,1998-05-13,1998-06-19,1998-06-05,early_75%,23,37,0.6887553405761722,0.01,36.26283430917122,5.733724269371493,4.384979689899665,159.01179194391253,0.7647698919397685,0.0694465316183566,True,0.0,1pct_UNFILTERED_early75pct
call,1998-05-27,1998-07-02,1998-06-15,early_75%,19,36,0.6728354644775436,0.01,36.35291703460963,4.292089216476458,3.1462276009071903,114.37455094777799,0.7330294041487913,0.049946893423271306,True,0.0,1pct_UNFILTERED_early75pct
put,1998-06-08,1998-07-15,1998-06-24,early_75%,16,37,0.6866455078125,0.01,36.47785864085084,5.719913590399556,4.385581410624417,159.97661875470072,0.7667216193589507,0.06967363077059567,True,0.0,1pct_UNFILTERED_early75pct
put,1998-06-25,1998-07-31,1998-07-06,early_75%,11,36,0.6971035766601545,0.01,35.97864908022136,5.790753076800442,4.6978959039272485,169.0239481428078,0.8112754665275714,0.07349694877054842,True,0.0,1pct_UNFILTERED_early75pct
put,1998-07-07,1998-08-13,1998-07-16,early_75%,9,37,0.7128819274902298,0.01,35.20345953984095,5.8767105295162905,4.568179930661062,160.81573735974013,0.7773362168711527,0.06983758471228713,True,0.0,1pct_UNFILTERED_early75pct
call,1998-06-16,1998-07-23,1998-07-21,early_75%,35,37,0.6701503753662053,0.01,36.40846617102244,4.143498830818205,4.048416108194202,147.3966209214109,0.9770525523220125,0.06439187256316632,True,0.0,1pct_UNFILTERED_early75pct
call,1998-07-22,1998-08-28,1998-08-04,early_75%,13,37,0.7173070526122984,0.01,34.378415212843976,4.672481868123457,3.6644377468628644,125.97756238327,0.7842593829763883,0.05464561334083256,True,0.0,1pct_UNFILTERED_early75pct
put,1998-07-17,1998-08-21,1998-08-21,expired,35,35,0.7300061798095641,0.01,34.361956141452374,5.8921337513992675,-67.10848422955713,-2305.9787918153907,-11.389504559977134,-1.0,False,67.10848422955713,1pct_UNFILTERED_early75pct
call,1998-08-05,1998-09-11,1998-08-27,early_75%,22,37,0.6678574371337902,0.01,36.25340066902416,3.836937350665026,3.0373619468367563,110.11469963552018,0.7916110348557852,0.048251303278656836,True,0.0,1pct_UNFILTERED_early75pct
call,1998-08-28,1998-10-02,1998-09-17,early_75%,20,35,0.6364945602417009,0.01,37.35519341034999,3.126284098351617,2.4535509150411725,91.6528689735042,0.7848138038173965,0.04053903384390395,True,0.0,1pct_UNFILTERED_early75pct
put,1998-08-24,1998-09-30,1998-09-23,early_75%,30,37,0.6726676940917997,0.01,36.876438012805224,5.75134180057304,5.166152730574416,190.5093109337119,0.8982517314585063,0.08398141623015547,True,0.0,1pct_UNFILTERED_early75pct
call,1998-09-18,1998-10-23,1998-10-06,early_75%,18,35,0.6308260345459047,0.01,37.79680934437501,3.1574497435600755,2.384431524881525,90.12390374066439,0.7551763982134012,0.03979016117972216,True,0.0,1pct_UNFILTERED_early75pct
put,1998-09-24,1998-10-30,1998-10-15,early_75%,21,36,0.6449215698242199,0.01,38.55638719111132,5.523078528964204,4.561294700081835,175.8670445491192,0.8258609172694958,0.07735061865824992,True,0.0,1pct_UNFILTERED_early75pct
put,1998-10-16,1998-11-20,1998-10-29,early_75%,13,35,0.6549623870849643,0.01,38.02722272081489,5.609059023310092,4.796102843041454,182.38247100427085,0.8550637144501136,0.08008563549416596,True,0.0,1pct_UNFILTERED_early75pct
put,1998-10-30,1998-12-04,1998-11-06,early_75%,7,35,0.6796778106689487,0.01,36.69539979394422,5.779542171749999,4.277147593846314,156.95164093389704,0.7400495518058011,0.0687774355703814,True,0.0,1pct_UNFILTERED_early75pct
call,1998-10-07,1998-11-13,1998-11-11,early_75%,35,37,0.6001247406005916,0.01,39.56904858515406,2.6456239030124005,2.140726305915714,84.70650320629626,0.8091574556301097,0.037316434492312,True,0.0,1pct_UNFILTERED_early75pct
put,1998-11-09,1998-12-16,1998-11-20,early_75%,11,37,0.7001452636718781,0.01,35.62474420563897,5.9601323967540285,5.268364669671287,187.68414373906526,0.8839341677276351,0.08224829466192526,True,0.0,1pct_UNFILTERED_early75pct
call,1998-11-12,1998-12-18,1998-12-10,early_75%,28,36,0.6928079223632864,0.01,35.06545261792906,4.040603616360558,3.100528922229727,108.72145001296515,0.7673430053063278,0.047524830749504414,True,0.0,1pct_UNFILTERED_early75pct
put,1998-11-23,1998-12-30,1998-12-21,early_75%,28,37,0.7376048278808582,0.01,33.921313216597056,6.177522458112378,5.816556460607745,197.3052335422965,0.9415678372758307,0.08606542880348003,True,0.0,1pct_UNFILTERED_early75pct
put,1998-12-22,1999-01-28,1999-01-06,early_75%,15,37,0.7481918334960938,0.01,33.54559641741178,6.287825614130405,5.860220278205317,196.58458436980817,0.9319947208834568,0.08551151577683476,True,0.0,1pct_UNFILTERED_early75pct
call,1998-12-11,1999-01-15,1999-01-12,early_75%,32,35,0.7237024688720766,0.01,33.70022460715837,4.344368662753969,3.6182709844853056,121.93654486671883,0.8328646266847026,0.053189625462044,True,0.0,1pct_UNFILTERED_early75pct
put,1999-01-07,1999-02-12,1999-02-03,early_75%,27,36,0.7861636352538994,0.01,31.92036014013759,6.63410109802437,5.7372362382529545,183.13464693408253,0.8648098896113444,0.07970347200523421,True,0.0,1pct_UNFILTERED_early75pct
call,1999-01-13,1999-02-19,1999-02-05,early_75%,23,37,0.7648528289794854,0.01,31.91180774343855,4.374533142276638,3.3262246903363843,106.14584282949313,0.7603610676053347,0.046126613599309564,True,0.0,1pct_UNFILTERED_early75pct
put,1999-02-04,1999-03-12,1999-02-22,early_75%,18,36,0.7780265808105469,0.01,32.463221311740064,6.633702141158432,5.730070041576882,186.01653189148192,0.8637816289677802,0.08051361672940731,True,0.0,1pct_UNFILTERED_early75pct
call,1999-02-08,1999-03-17,1999-02-26,early_75%,18,37,0.7706647491455101,0.01,31.778805528153324,4.396418021363485,3.3152956052757157,105.35613430839834,0.7540901682155159,0.04562120558332064,True,0.0,1pct_UNFILTERED_early75pct
put,1999-02-23,1999-04-01,1999-03-11,early_75%,16,37,0.7904258728027287,0.01,32.016738213397886,6.709223000153436,5.6036547432010435,179.41074695133318,0.8352166477508485,0.07746984809803999,True,0.0,1pct_UNFILTERED_early75pct
put,1999-03-12,1999-04-16,1999-03-29,early_75%,17,35,0.8020490264892572,0.01,31.559119053290345,6.771393309508822,5.475126075415651,172.79015564581687,0.808567133107913,0.07455895986271172,True,0.0,1pct_UNFILTERED_early75pct
call,1999-03-01,1999-04-07,1999-03-30,early_75%,29,37,0.7681465911865217,0.01,31.9788897796922,4.514558893940973,3.3813068484252886,108.1304390171107,0.7489783449194491,0.04676766474619081,True,0.0,1pct_UNFILTERED_early75pct
put,1999-03-30,1999-05-06,1999-04-09,early_75%,10,37,0.8107917785644503,0.01,31.316541037091564,6.812742800994006,5.312286861033605,166.3624494843612,0.7797574363527302,0.07153011797411829,True,0.0,1pct_UNFILTERED_early75pct
call,1999-03-31,1999-05-07,1999-05-04,early_75%,34,37,0.797780151367192,0.01,31.115155430510516,5.029904206173522,4.821608243007686,150.02508990621487,0.9585884830748505,0.06450475046102261,True,0.0,1pct_UNFILTERED_early75pct
put,1999-04-12,1999-05-19,1999-05-11,early_75%,29,37,0.8471076202392567,0.01,29.945968153141852,7.0971007736892275,5.8346634577478405,174.72464609001736,0.8221192912151444,0.07517572762011746,True,0.0,1pct_UNFILTERED_early75pct
call,1999-05-05,1999-06-11,1999-05-24,early_75%,19,37,0.8377859497070261,0.01,29.666516366441236,5.153201690556175,4.200174919263026,124.60455798423257,0.8150612321191157,0.053420081528846294,True,0.0,1pct_UNFILTERED_early75pct
put,1999-05-12,1999-06-18,1999-06-15,early_75%,34,37,0.8498263549804648,0.01,30.03206949307476,7.20799460311129,6.695994572882927,201.0945743380715,0.928967756162392,0.08609483111504769,True,0.0,1pct_UNFILTERED_early75pct
call,1999-05-25,1999-07-01,1999-06-21,early_75%,27,37,0.8016641235351614,0.01,30.908416544799174,4.673432404893579,3.854139348176343,119.12534439513517,0.8246913647752026,0.05105295023191975,True,0.0,1pct_UNFILTERED_early75pct
put,1999-06-16,1999-07-23,1999-06-30,early_75%,14,37,0.828464431762697,0.01,30.898776031143868,6.9531137219568215,5.968915863352846,184.43219441048132,0.8584522132154928,0.07864875485461578,True,0.0,1pct_UNFILTERED_early75pct
put,1999-07-01,1999-08-06,1999-07-15,early_75%,14,36,0.860378341674803,0.01,29.739887895816874,7.126371095972581,5.873834078098457,174.68716700127698,0.8242391532792915,0.07443575178394204,True,0.0,1pct_UNFILTERED_early75pct
call,1999-06-22,1999-07-29,1999-07-21,early_75%,29,37,0.8333030700683537,0.01,30.09575127379449,5.3500161593250635,4.003908328861867,120.5006291885009,0.7483918196925565,0.05134513202434023,True,0.0,1pct_UNFILTERED_early75pct
call,1999-07-22,1999-08-27,1999-08-06,early_75%,15,36,0.8478138732910168,0.01,29.551386679619295,5.379784978833965,4.328047316681687,127.89979982294923,0.8045019147995325,0.054508312031150016,True,0.0,1pct_UNFILTERED_early75pct
put,1999-07-16,1999-08-20,1999-08-20,early_75%,35,35,0.8839472198486362,0.01,28.948011034882008,7.2049133754947094,7.2049133754947094,208.56791189918982,1.0,0.08874159822398321,True,0.0,1pct_UNFILTERED_early75pct
call,1999-08-09,1999-09-15,1999-08-31,early_75%,22,37,0.8109020233154354,0.01,30.551726540194974,4.816865548764277,3.6323900837421244,110.9757885258053,0.7540982921298232,0.047623327324552475,True,0.0,1pct_UNFILTERED_early75pct
call,1999-09-01,1999-10-08,1999-09-21,early_75%,20,37,0.8333030700683537,0.01,30.209529185880672,5.274828149670293,4.11636815360319,124.3535438761053,0.7803795757517686,0.05273644097598576,True,0.0,1pct_UNFILTERED_early75pct
put,1999-08-23,1999-09-29,1999-09-28,early_75%,36,37,0.8506388854980429,0.01,30.307788051354862,7.143056448572513,6.130171647799758,185.79194301993985,0.8582000845065179,0.07867179395409525,True,0.0,1pct_UNFILTERED_early75pct
put,1999-09-29,1999-11-05,1999-10-06,early_75%,7,37,0.7926757812499972,0.01,32.686314821656374,6.728320474086652,6.021032749777567,196.80537201073292,0.8948790077652927,0.08300378229334938,True,0.0,1pct_UNFILTERED_early75pct
call,1999-09-22,1999-10-29,1999-10-12,early_75%,20,37,0.8164085388183651,0.01,30.878746897340065,5.021709738501478,3.6417374204217774,112.45228807177617,0.725198709216615,0.04753038501198876,True,0.0,1pct_UNFILTERED_early75pct
put,1999-10-07,1999-11-12,1999-10-28,early_75%,21,36,0.8243201446533135,0.01,31.46225798047254,6.939565625247407,6.571160821175344,206.74355698699244,0.9469124115302348,0.08704394839668095,True,0.0,1pct_UNFILTERED_early75pct
put,1999-10-29,1999-12-03,1999-11-12,early_75%,14,35,0.8563552856445256,0.01,30.31265390388286,7.166828978044329,5.40454701746708,163.82616324774196,0.7541057605844897,0.0688751954085297,True,0.0,1pct_UNFILTERED_early75pct
call,1999-10-13,1999-11-19,1999-11-19,early_75%,37,37,0.8012702941894503,0.01,31.57929792714647,4.877116508688434,4.877116508688434,154.0159152532765,1.0,0.06481225452719003,True,0.0,1pct_UNFILTERED_early75pct
put,1999-11-15,1999-12-22,1999-12-03,early_75%,18,37,0.8755960845947328,0.01,29.666013109325565,7.357520531697478,7.027428970463348,208.47579996261996,0.9551354889446739,0.08762152148447484,True,0.0,1pct_UNFILTERED_early75pct
call,1999-11-22,1999-12-29,1999-12-14,early_75%,22,37,0.8905394744872979,0.01,28.710273694167356,5.8201984333083265,4.5445028752216565,130.47392135154425,0.7808157964536036,0.05459928128888746,True,0.0,1pct_UNFILTERED_early75pct
put,1999-12-06,2000-01-12,1999-12-23,early_75%,17,37,0.8924925994872979,0.01,29.227908559371265,7.434666783740818,6.291320508078917,183.88214052782777,0.8462141870080402,0.07689729013736844,True,0.0,1pct_UNFILTERED_early75pct
call,1999-12-15,2000-01-21,2000-01-06,early_75%,22,37,0.8844836425781182,0.01,28.87367549901255,5.657704844920411,4.862604257531452,140.40125741208,0.8594658772094105,0.058733730254288706,True,0.0,1pct_UNFILTERED_early75pct
put,1999-12-27,2000-02-02,2000-01-14,early_75%,18,37,0.9166143798828159,0.01,28.50433853582469,7.710782045439449,6.301829987785021,179.62949536703618,0.81727507672354,0.07506588146345902,True,0.0,1pct_UNFILTERED_early75pct
call,2000-01-07,2000-02-11,2000-01-24,early_75%,17,35,0.9132850646972628,0.01,27.951459128346368,5.901726007571664,5.297371674161082,148.06926783797326,0.8975970194761292,0.0620106674452972,True,0.0,1pct_UNFILTERED_early75pct
call,2000-01-25,2000-03-02,2000-02-11,early_75%,17,37,0.8893959045410185,0.01,28.78598474113106,5.623830024450601,4.374361132329013,125.92029280741976,0.7778259857269334,0.05250340523534634,True,0.0,1pct_UNFILTERED_early75pct
put,2000-01-18,2000-02-24,2000-02-24,expired,37,37,0.9136776733398477,0.01,28.7133774318626,7.6417524862032735,-34.90075659952416,-1002.1185968997066,-4.5671142401609295,-0.41684483207490114,False,34.90075659952416,1pct_UNFILTERED_early75pct
call,2000-02-14,2000-03-22,2000-02-24,early_75%,10,37,0.874122467041019,0.01,29.303675744246974,5.434327352982815,4.352018549090092,127.53014039548422,0.8008384969119202,0.05308769219245477,True,0.0,1pct_UNFILTERED_early75pct
put,2000-02-25,2000-03-31,2000-03-01,early_75%,5,35,0.8354489135742256,0.01,31.268427831455742,7.06023291533536,5.833289064021163,182.39777811836575,0.8262176523030591,0.07626743954721357,True,0.0,1pct_UNFILTERED_early75pct
put,2000-03-02,2000-04-07,2000-03-16,early_75%,14,36,0.8680525207519594,0.01,30.065164618279177,7.238403840063576,6.950604986100253,208.97108310373616,0.960240011427603,0.08735553990476208,True,0.0,1pct_UNFILTERED_early75pct
put,2000-03-17,2000-04-20,2000-03-23,early_75%,6,34,0.9230664062500011,0.01,28.201033211706367,7.721456572243474,5.639186138837623,159.03087558835398,0.7303267312425166,0.0666687222116867,True,0.0,1pct_UNFILTERED_early75pct
call,2000-02-25,2000-03-31,2000-03-31,expired,35,35,0.8354489135742256,0.01,30.520794222374217,5.186674160153759,-78.3582171972688,-2391.5550227099457,-15.10760359678077,-1.0,False,78.3582171972688,1pct_UNFILTERED_early75pct
call,2000-04-03,2000-05-10,2000-04-14,early_75%,11,37,0.950157928466794,0.01,26.39927432588704,5.933549555552132,5.0917667908487285,134.41894831505707,0.8581316702890378,0.05715804410322788,True,0.0,1pct_UNFILTERED_early75pct
put,2000-03-24,2000-04-28,2000-04-25,early_75%,32,35,0.9646852874755893,0.01,26.77099516269835,8.106296814329351,7.27251026745366,194.692337190676,0.8971433484397189,0.08230337903810636,True,0.0,1pct_UNFILTERED_early75pct
call,2000-04-17,2000-05-24,2000-05-10,early_75%,23,37,0.884197006225591,0.01,27.941525710813625,5.150583905754591,4.644006923346128,129.7606388498723,0.9016466886710689,0.055771060225608494,True,0.0,1pct_UNFILTERED_early75pct
put,2000-04-26,2000-06-02,2000-05-16,early_75%,20,37,0.9202202606201126,0.01,27.99895600180182,7.818301481376655,5.94491063122147,166.45129119821382,0.7603839076022282,0.07060151627293569,True,0.0,1pct_UNFILTERED_early75pct
call,2000-05-11,2000-06-16,2000-05-23,early_75%,12,36,0.8875336456298868,0.01,28.217505055449653,5.294473848449393,3.954045761054531,111.57330625203551,0.7468250621754535,0.0473771664972022,True,0.0,1pct_UNFILTERED_early75pct
put,2000-05-17,2000-06-23,2000-06-02,early_75%,16,37,0.9118767547607405,0.01,28.319436325415783,7.692619862352046,6.447428568545999,182.58754280960505,0.8381317007616538,0.07721928587453263,True,0.0,1pct_UNFILTERED_early75pct
call,2000-05-24,2000-06-30,2000-06-22,early_75%,29,37,0.8810553741455038,0.01,28.56250435487262,5.481666289303094,4.066214841018797,116.14127910444707,0.7417844550212033,0.04921356002377245,True,0.0,1pct_UNFILTERED_early75pct
put,2000-06-05,2000-07-12,2000-06-28,early_75%,23,37,0.924244766235347,0.01,27.967913872069985,7.765502538825101,5.98912059861761,167.50320907157757,0.7712470079912881,0.070744072478659,True,0.0,1pct_UNFILTERED_early75pct
put,2000-06-29,2000-08-04,2000-07-11,early_75%,12,36,0.9079240417480463,0.01,28.568270615315015,7.520588315186219,5.6428874293712585,161.2075351340374,0.7503252661732134,0.06776467369084602,True,0.0,1pct_UNFILTERED_early75pct
call,2000-06-23,2000-07-28,2000-07-19,early_75%,26,35,0.9091046142578136,0.01,27.942027296300687,5.836468731716227,4.752098059335671,132.78325368865484,0.8142077474881468,0.055858411117774925,True,0.0,1pct_UNFILTERED_early75pct
call,2000-07-20,2000-08-25,2000-07-27,early_75%,7,36,0.9484594726562534,0.01,26.924435287277188,6.2723225673210505,4.7285543323740225,127.31365512437856,0.7538761410342483,0.05338558005817447,True,0.0,1pct_UNFILTERED_early75pct
put,2000-07-12,2000-08-18,2000-08-07,early_75%,26,37,0.9390142822265659,0.01,27.67604632284079,7.801478253911023,6.587251083615779,182.3090661303335,0.8443593469370334,0.07650702568360333,True,0.0,1pct_UNFILTERED_early75pct
put,2000-08-08,2000-09-14,2000-08-23,early_75%,15,37,0.9362595367431652,0.01,27.779010531113222,7.726053071448247,6.138533877658721,170.52239723307687,0.7945239077302965,0.07146147823893698,True,0.0,1pct_UNFILTERED_early75pct
call,2000-07-28,2000-09-01,2000-08-30,early_75%,33,35,0.8947398376464832,0.01,28.51837593879431,5.832752680674166,5.579089373219948,159.1065681416188,0.9565105326178687,0.06670262143342501,True,0.0,1pct_UNFILTERED_early75pct
call,2000-08-31,2000-10-06,2000-09-12,early_75%,12,36,0.9592822265624932,0.01,26.77755594048915,6.438499851020082,4.725430687423953,126.535484575399,0.7339334933238028,0.05280417168917443,True,0.0,1pct_UNFILTERED_early75pct
call,2000-09-13,2000-10-20,2000-09-21,early_75%,8,37,0.9375383758544871,0.01,27.40359149425561,6.217637626625424,4.66581204445455,127.86000725521009,0.7504155636980865,0.05330151464936029,True,0.0,1pct_UNFILTERED_early75pct
put,2000-08-24,2000-09-29,2000-09-28,early_75%,35,36,0.9527885437011747,0.01,27.32838481528539,7.756926521041168,7.345739702521215,200.7472013434198,0.9469910128187263,0.08393027762354918,True,0.0,1pct_UNFILTERED_early75pct
call,2000-09-22,2000-10-27,2000-10-06,early_75%,14,35,0.917108840942376,0.01,27.868995060885954,5.984290193243752,4.679127946364821,130.40259362649465,0.7819019123851221,0.054581988312387336,True,0.0,1pct_UNFILTERED_early75pct
put,2000-09-29,2000-11-03,2000-10-30,early_75%,31,35,0.9066537475585932,0.01,28.961279883227583,7.533610990513032,6.216768571982932,180.04557458245077,0.825204351513719,0.074782108431271,True,0.0,1pct_UNFILTERED_early75pct
call,2000-10-09,2000-11-15,2000-11-07,early_75%,29,37,0.8837708282470658,0.01,29.031419015545325,5.519675157288639,4.364542641896537,126.70886624811355,0.7907245476453865,0.05267534629390546,True,0.0,1pct_UNFILTERED_early75pct
call,2000-11-08,2000-12-15,2000-11-20,early_75%,12,37,0.8873214721679688,0.01,28.99606829564257,5.4232511962108205,4.073404365225858,118.11271116985753,0.7511000722356196,0.04889519078753965,True,0.0,1pct_UNFILTERED_early75pct
put,2000-10-31,2000-12-07,2000-12-05,early_75%,35,37,0.9024126434326121,0.01,29.221410440980836,7.604834515374515,7.499370032776045,219.14216977654073,0.9861319161665839,0.09075137985021335,True,0.0,1pct_UNFILTERED_early75pct
call,2000-11-21,2000-12-28,2000-12-07,early_75%,16,37,0.8545748901367176,0.01,29.981060517425107,5.153554179189978,3.7867612661601733,113.53111868578948,0.7347863502534024,0.04715536385564724,True,0.0,1pct_UNFILTERED_early75pct
call,2000-12-08,2001-01-12,2000-12-29,early_75%,21,35,0.8456967926025385,0.01,30.597710777144147,5.42529067696596,4.2450422616944286,129.88857536007998,0.7824543447446075,0.05363668022057107,True,0.0,1pct_UNFILTERED_early75pct
put,2000-12-06,2001-01-12,2001-01-03,early_75%,28,37,0.8554621887207077,0.01,30.936435878629393,7.237982639451307,6.442111870545541,199.29598080608937,0.8900424595428293,0.08226608311555951,True,0.0,1pct_UNFILTERED_early75pct
put,2001-01-04,2001-02-09,2001-01-22,early_75%,18,36,0.8456199645996065,0.01,31.355763011760246,7.180334105626645,6.1031145430884735,191.3678132467096,0.8499764012799846,0.07887029507252048,True,0.0,1pct_UNFILTERED_early75pct
call,2001-01-02,2001-02-08,2001-01-31,early_75%,29,37,0.815641860961918,0.01,31.560632201531796,4.674013133589494,3.615461842200888,114.10626144037481,0.7735241084836936,0.0470211173014186,True,0.0,1pct_UNFILTERED_early75pct
call,2001-02-01,2001-03-09,2001-02-08,early_75%,7,36,0.8733741760253935,0.01,29.840191169658425,5.6285731521887925,4.213735538488521,125.73867400688106,0.7486329882467493,0.0515701276506113,True,0.0,1pct_UNFILTERED_early75pct
call,2001-02-09,2001-03-16,2001-02-21,early_75%,12,35,0.8348118591308662,0.01,31.224664678232156,5.377230643147427,4.258644362904,132.974742215521,0.7919772547474938,0.054525335473542595,True,0.0,1pct_UNFILTERED_early75pct
put,2001-01-23,2001-03-01,2001-03-01,expired,37,37,0.8609551239013626,0.01,30.873603168138473,7.2028492172198835,-42.05925047466602,-1298.5206087041786,-5.839251830250006,-0.5331199224759451,False,42.05925047466602,1pct_UNFILTERED_early75pct
call,2001-02-22,2001-03-30,2001-03-09,early_75%,15,36,0.7966301727294933,0.01,32.3915760480413,4.820108130622397,3.7600651551754742,121.79443641945659,0.7800790051342594,0.05023943080599726,True,0.0,1pct_UNFILTERED_early75pct
call,2001-03-12,2001-04-18,2001-03-22,early_75%,10,37,0.7476840972900334,0.01,34.31613049812187,4.261871751763674,3.0126571571197487,103.38273614982215,0.7068859253854911,0.042728763084244316,True,0.0,1pct_UNFILTERED_early75pct
put,2001-03-02,2001-04-06,2001-04-05,early_75%,34,35,0.7826998138427683,0.01,33.74251940667499,6.647970811062331,5.8674360737351385,197.9820755854328,0.8825905288229651,0.08192224745963034,True,0.0,1pct_UNFILTERED_early75pct
put,2001-04-06,2001-05-11,2001-04-12,early_75%,6,35,0.7193486022949216,0.01,36.86992580745343,6.14680147201706,5.3370731745635975,196.77749197510977,0.8682683504356369,0.08112525700505152,True,0.0,1pct_UNFILTERED_early75pct
call,2001-03-23,2001-04-27,2001-04-16,early_75%,24,35,0.7268402099609403,0.01,35.0339305154159,4.1913476409062955,3.4117565599722717,119.52724225758296,0.8139998998590695,0.04981199291608407,True,0.0,1pct_UNFILTERED_early75pct
put,2001-04-16,2001-05-23,2001-04-18,early_75%,2,37,0.7466491699218807,0.01,35.55976162458664,6.335553218866613,4.960464374027493,176.39293068767205,0.7829567841456608,0.07259637877623937,True,0.0,1pct_UNFILTERED_early75pct
put,2001-04-19,2001-05-25,2001-05-14,early_75%,25,36,0.7977590942382875,0.01,33.26032334507157,6.727862929573053,5.611729780545097,186.64794702609746,0.8341028703004826,0.0768224483728855,True,0.0,1pct_UNFILTERED_early75pct
put,2001-05-15,2001-06-21,2001-05-21,early_75%,6,37,0.7998542785644531,0.01,33.29798542663678,6.7421914308291,5.866700832760251,195.3493188316887,0.8701474725167825,0.08009887491411319,True,0.0,1pct_UNFILTERED_early75pct
call,2001-04-17,2001-05-24,2001-05-23,early_75%,36,37,0.7571888732910139,0.01,34.18379961379378,4.631053890880127,4.548145071489759,155.4728797382697,0.9820972026359618,0.06397923317556604,True,0.0,1pct_UNFILTERED_early75pct
call,2001-05-24,2001-06-29,2001-06-07,early_75%,14,36,0.8230284118652378,0.01,31.73339822988778,5.3634383449596115,3.9049769392230456,123.9181882908932,0.7280734275416475,0.05075392835143635,True,0.0,1pct_UNFILTERED_early75pct
call,2001-06-08,2001-07-13,2001-06-18,early_75%,10,35,0.8063304138183582,0.01,32.48474883680045,5.301100847229797,3.9654909029712275,128.81797599763735,0.7480504554150256,0.052640233011780155,True,0.0,1pct_UNFILTERED_early75pct
put,2001-05-22,2001-06-28,2001-06-28,early_75%,37,37,0.834774093627928,0.01,31.847366876538505,6.977494265995779,6.977494265995779,222.21481976811134,1.0,0.09120917660061455,True,0.0,1pct_UNFILTERED_early75pct
call,2001-06-19,2001-07-26,2001-07-06,early_75%,17,37,0.7754507446289125,0.01,33.5066055342769,4.9427414683688164,4.341551019654824,145.47063742251186,0.8783690280866755,0.05979905659481188,True,0.0,1pct_UNFILTERED_early75pct
put,2001-06-29,2001-08-03,2001-07-30,early_75%,31,35,0.7806088256836006,0.01,34.289677293065836,6.433348633197952,5.980706333933856,205.07649017518676,0.9296412607070088,0.08349730900058135,True,0.0,1pct_UNFILTERED_early75pct
call,2001-07-09,2001-08-15,2001-08-03,early_75%,25,37,0.7621436309814413,0.01,34.33939113937335,4.85005254902125,4.027239488220474,138.2929519979326,0.8303496606512395,0.05643212212424255,True,0.0,1pct_UNFILTERED_early75pct
call,2001-08-06,2001-09-10,2001-08-20,early_75%,14,35,0.7659639739990212,0.01,34.41172733505895,4.941010249702559,3.576529058415318,123.07454276410304,0.7238457071872335,0.04991291235254121,True,0.0,1pct_UNFILTERED_early75pct
put,2001-07-31,2001-09-06,2001-09-06,expired,37,37,0.7726493835449162,0.01,34.79966178174213,6.4653794335659045,-63.97400010821557,-2226.2735665910363,-9.894856251759297,-0.9035932014727177,False,63.97400010821557,1pct_UNFILTERED_early75pct
call,2001-08-21,2001-09-27,2001-09-06,early_75%,16,37,0.7374398040771553,0.01,35.643064430308776,4.583401548700164,3.6162065984283167,128.89268478108824,0.7889787879165551,0.05228710716548506,True,0.0,1pct_UNFILTERED_early75pct
call,2001-09-07,2001-10-12,2001-09-20,early_75%,13,35,0.6922329711914017,0.01,37.157442457025866,3.958463046133792,2.7713880544025944,102.97769215755326,0.7001171975343797,0.04246372635073999,True,0.0,1pct_UNFILTERED_early75pct
put,2001-09-07,2001-10-12,2001-10-03,early_75%,26,35,0.6922329711914088,0.01,38.30326318934103,5.910824117886998,4.984895826937718,190.93777683064323,0.8433503903208204,0.07873481465238284,True,0.0,1pct_UNFILTERED_early75pct
call,2001-09-21,2001-10-26,2001-10-23,early_75%,32,35,0.6217173385620072,0.01,40.62402497805766,2.8685791386693915,2.4916444480263906,101.2206262930628,0.8685988175951651,0.042015377763534145,True,0.0,1pct_UNFILTERED_early75pct
put,2001-10-04,2001-11-09,2001-10-24,early_75%,20,36,0.6866495513916036,0.01,38.64476903689246,5.8704314873035015,4.48783374721175,173.43129863696973,0.7644810704150083,0.07146855308741631,True,0.0,1pct_UNFILTERED_early75pct
put,2001-10-25,2001-11-30,2001-11-09,early_75%,15,36,0.7066532897949216,0.01,37.675976515625244,6.024989015756904,4.452338575800417,167.74620362146888,0.7389787042194436,0.06887863798826373,True,0.0,1pct_UNFILTERED_early75pct
put,2001-11-12,2001-12-19,2001-11-19,early_75%,7,37,0.7159844207763655,0.01,37.25073442024602,6.1060498529592335,4.837197547016635,180.1891611621822,0.792197519427775,0.07385892288713797,True,0.0,1pct_UNFILTERED_early75pct
call,2001-10-24,2001-11-30,2001-11-21,early_75%,28,37,0.6941914367675821,0.01,37.19393546069679,3.916417950559742,3.2873292512613514,122.26871200947542,0.8393714084554025,0.05018614439042422,True,0.0,1pct_UNFILTERED_early75pct
put,2001-11-20,2001-12-27,2001-12-05,early_75%,15,37,0.7336877441406244,0.01,36.387457167513595,6.191911312197032,4.826823274127684,175.63582514247884,0.7795368878458656,0.07185246603147283,True,0.0,1pct_UNFILTERED_early75pct
call,2001-11-23,2001-12-28,2001-12-12,early_75%,19,35,0.7393118286132818,0.01,35.30496519151273,4.698756817717445,3.595484336510607,126.93844934713621,0.765199067751971,0.0519335308897849,True,0.0,1pct_UNFILTERED_early75pct
put,2001-12-06,2002-01-11,2001-12-28,early_75%,22,36,0.7499205780029286,0.01,35.66469440784317,6.315813835586489,4.726899783494468,168.58343627483026,0.748422912160698,0.0688287464574167,True,0.0,1pct_UNFILTERED_early75pct
put,2001-12-31,2002-02-06,2002-01-04,early_75%,4,37,0.7330043792724581,0.01,36.57635762103675,6.180366064012105,4.539996221433395,166.0565253933034,0.7345837082158476,0.06763991896022185,True,0.0,1pct_UNFILTERED_early75pct
call,2001-12-13,2002-01-18,2002-01-09,early_75%,27,36,0.7161762237548857,0.01,36.401555599343396,4.383991031511872,3.655805695130719,133.0770142716971,0.8338989904069148,0.05437465777249341,True,0.0,1pct_UNFILTERED_early75pct
call,2002-01-10,2002-02-15,2002-01-22,early_75%,12,36,0.7444195556640665,0.01,35.29165852378259,4.761030472111338,3.5766938158835213,126.22745679428614,0.7512436303095938,0.05132959717517213,True,0.0,1pct_UNFILTERED_early75pct
call,2002-01-23,2002-03-01,2002-02-06,early_75%,14,37,0.726142730712894,0.01,36.16706699502407,4.652698837038066,3.3582135814108085,121.45673558248444,0.7217775529930206,0.04941341661444819,True,0.0,1pct_UNFILTERED_early75pct
put,2002-01-07,2002-02-13,2002-02-11,early_75%,35,37,0.7489732360839838,0.01,35.83186217229693,6.275169113833037,5.806554193500354,208.05964955747743,0.9253223440146554,0.0846163201413359,True,0.0,1pct_UNFILTERED_early75pct
put,2002-02-12,2002-03-21,2002-03-01,early_75%,17,37,0.7124191284179631,0.01,37.80620157145761,5.9613843989883675,5.309717653351114,200.7402558901191,0.8906853338047048,0.0813369281776409,True,0.0,1pct_UNFILTERED_early75pct
call,2002-02-07,2002-03-15,2002-03-13,early_75%,34,36,0.692731170654298,0.01,37.74940847056908,4.285511311235596,4.116198339010966,155.38405244520294,0.9604917686762997,0.06333820566616755,True,0.0,1pct_UNFILTERED_early75pct
put,2002-03-04,2002-04-10,2002-03-19,early_75%,15,37,0.7423035430908271,0.01,36.36235780210596,6.1812484239616134,5.264057782493763,191.4135525779987,0.8516172496946798,0.07735675162845523,True,0.0,1pct_UNFILTERED_early75pct
call,2002-03-14,2002-04-19,2002-03-28,early_75%,14,36,0.743137283325197,0.01,35.71671886813269,4.903821188064844,3.8573585685911285,137.77219156795206,0.7866026147077616,0.05557360220297158,True,0.0,1pct_UNFILTERED_early75pct
call,2002-04-01,2002-05-08,2002-04-11,early_75%,10,37,0.7368408966064521,0.01,36.10398716487024,4.870283401543146,3.6996489844366733,133.57207944862688,0.7596373104826799,0.053763179012457495,True,0.0,1pct_UNFILTERED_early75pct
put,2002-03-20,2002-04-26,2002-04-19,early_75%,30,37,0.7411499786376936,0.01,36.461431060953174,6.10371666206107,4.802680475958794,175.11260308195733,0.7868452521413486,0.07061593887218465,True,0.0,1pct_UNFILTERED_early75pct
call,2002-04-12,2002-05-17,2002-04-26,early_75%,14,35,0.7165818786621116,0.01,37.05866757288921,4.731263354181145,3.933418336346122,145.76724255175787,0.8313674471048107,0.05877183756798949,True,0.0,1pct_UNFILTERED_early75pct
put,2002-04-22,2002-05-29,2002-05-16,early_75%,24,37,0.7138807678222605,0.01,38.03133205255334,5.923174655114943,4.676138627448638,177.83978086427015,0.789464923748377,0.07142970470450148,True,0.0,1pct_UNFILTERED_early75pct
call,2002-04-29,2002-06-05,2002-05-21,early_75%,22,37,0.6872551727294933,0.01,38.56616638360114,4.290684296684025,3.4049790164143645,131.31698727970695,0.7935748195330612,0.052843762591401375,True,0.0,1pct_UNFILTERED_early75pct
call,2002-05-22,2002-06-28,2002-06-03,early_75%,12,37,0.7006321716308577,0.01,38.08975083124403,4.596345983083608,3.4081888293955265,129.8170632975049,0.7414996264291298,0.05205974820493039,True,0.0,1pct_UNFILTERED_early75pct
call,2002-06-04,2002-07-11,2002-06-20,early_75%,16,37,0.6729130554199259,0.01,39.367581282513626,4.209652879135084,3.026113283374451,119.13076065333789,0.7188510241243922,0.04797136973483619,True,0.0,1pct_UNFILTERED_early75pct
put,2002-05-17,2002-06-21,2002-06-21,expired,35,35,0.7132376861572283,0.01,38.13781313394862,5.825545412756772,-65.49822320296606,-2497.9589971203773,-11.24327742077817,-1.0,False,65.49822320296606,1pct_UNFILTERED_early75pct
call,2002-06-21,2002-07-26,2002-07-02,early_75%,11,35,0.6407400512695318,0.01,40.83334323312323,3.8726304403284755,2.8872849122017192,117.89749583175087,0.7455616942258039,0.04796044819958578,True,0.0,1pct_UNFILTERED_early75pct
call,2002-07-03,2002-08-09,2002-07-18,early_75%,15,37,0.61640918731689,0.01,42.160348632424515,3.564428919803117,3.1608917669447325,133.26429888375026,0.8867877121587617,0.054426356985125976,True,0.0,1pct_UNFILTERED_early75pct
put,2002-06-24,2002-07-31,2002-07-31,early_75%,37,37,0.6440960693359372,0.01,41.6284100528364,5.472420923965105,5.472420923965105,227.80818220454123,1.0,0.09285175106716277,True,0.0,1pct_UNFILTERED_early75pct
put,2002-08-01,2002-09-06,2002-08-14,early_75%,13,36,0.5729747390747093,0.01,46.96449032494553,4.910130705759541,4.073633859995228,191.3161380051164,0.8296385787076687,0.07775988647315389,True,0.0,1pct_UNFILTERED_early75pct
call,2002-07-19,2002-08-23,2002-08-22,early_75%,34,35,0.546707267761235,0.01,46.82004030932732,2.760571075601698,2.2495677381651933,105.32485217945663,0.8148921641783392,0.04333579254015955,True,0.0,1pct_UNFILTERED_early75pct
call,2002-08-23,2002-09-27,2002-09-11,early_75%,19,35,0.6105359268188408,0.01,43.02879493632218,3.581338941381171,2.81890986227591,121.29429440784632,0.7871106053951921,0.049048187234900724,True,0.0,1pct_UNFILTERED_early75pct
put,2002-08-15,2002-09-20,2002-09-20,early_75%,36,36,0.6034366226196255,0.01,44.70470355552634,5.144746488009583,5.144746488009583,229.99436661480365,1.0,0.09320375981800105,True,0.0,1pct_UNFILTERED_early75pct
call,2002-09-12,2002-10-18,2002-09-24,early_75%,12,36,0.5772987365722599,0.01,45.14203563505858,2.9221709243055507,2.3234300918926953,104.8843640037875,0.7951041031061025,0.04239240063052522,True,0.0,1pct_UNFILTERED_early75pct
call,2002-09-25,2002-11-01,2002-10-09,early_75%,14,37,0.5468242645263643,0.01,47.67412978107843,2.749075455325012,2.1142729261960724,100.796121876092,0.7690850835326055,0.04071127484736211,True,0.0,1pct_UNFILTERED_early75pct
put,2002-09-23,2002-10-30,2002-10-14,early_75%,21,37,0.5423513031005882,0.01,49.982049958817214,4.646580464857575,3.799878475978787,189.92571582380594,0.8177795487923956,0.07662814274345042,True,0.0,1pct_UNFILTERED_early75pct
put,2002-10-15,2002-11-21,2002-11-01,early_75%,17,37,0.5750244903564479,0.01,47.18018779444638,4.9233825659268255,4.064506997951371,191.7642034551872,0.8255517306496837,0.07730276079154537,True,0.0,1pct_UNFILTERED_early75pct
call,2002-10-10,2002-11-15,2002-11-11,early_75%,32,36,0.5227080917358364,0.01,49.86489754906922,2.643302965386357,2.082371088970953,103.83722101068028,0.7877913036225056,0.04196001870887872,True,0.0,1pct_UNFILTERED_early75pct
put,2002-11-04,2002-12-11,2002-11-20,early_75%,16,37,0.5907779312133812,0.01,45.94021021264604,5.0467201512682776,4.239450644001286,194.7612537715567,0.8400407625011427,0.0784631955458242,True,0.0,1pct_UNFILTERED_early75pct
call,2002-11-12,2002-12-19,2002-12-09,early_75%,27,37,0.576710205078129,0.01,45.71475864735074,3.2734412026146824,2.976374420903654,136.06423829575888,0.9092493912908091,0.05471519981072452,True,0.0,1pct_UNFILTERED_early75pct
put,2002-11-21,2002-12-27,2002-12-26,early_75%,35,36,0.6099668884277349,0.01,44.637412955788186,5.138718934683051,5.103497869714275,227.80694192942138,0.9931459444627228,0.09136561672598642,True,0.0,1pct_UNFILTERED_early75pct
call,2002-12-10,2003-01-16,2002-12-27,early_75%,17,37,0.5879901123046807,0.01,44.93529026801137,3.435196391388695,2.8129125231652883,126.39904072695649,0.8188505700042827,0.05080777997941992,True,0.0,1pct_UNFILTERED_early75pct
put,2002-12-27,2003-01-31,2003-01-02,early_75%,6,35,0.5692507934570301,0.01,48.088352184007995,4.851994941876642,3.9476146639941896,189.83428424890698,0.813606508515308,0.07580911922521179,True,0.0,1pct_UNFILTERED_early75pct
call,2002-12-30,2003-02-05,2003-01-22,early_75%,23,37,0.5740068435668917,0.01,46.27942766442598,3.3087732074069063,2.7044598110407216,125.16085219640624,0.8173602847685694,0.049997490448747184,True,0.0,1pct_UNFILTERED_early75pct
put,2003-01-03,2003-02-07,2003-02-07,early_75%,35,35,0.5951144409179676,0.01,45.9920453234563,5.0220767655283325,4.442873716746099,204.33684934697936,0.8846686190147673,0.08153652601879748,True,0.0,1pct_UNFILTERED_early75pct
call,2003-01-23,2003-02-28,2003-02-07,early_75%,15,36,0.5779153442382778,0.01,46.136181086166175,3.4589172245344524,2.689072292369411,124.06352623454713,0.7774318140068652,0.04949278041412637,True,0.0,1pct_UNFILTERED_early75pct
put,2003-02-10,2003-03-19,2003-02-28,early_75%,18,37,0.5472962951660136,0.01,50.301999603813755,4.68590751956508,3.699701152383816,186.10236590144,0.7895378081911445,0.07392937624829188,True,0.0,1pct_UNFILTERED_early75pct
call,2003-02-10,2003-03-19,2003-03-03,early_75%,21,37,0.5472962951660136,0.01,48.59677834627837,2.929914191211605,2.4137580916105517,117.30086695953386,0.8238323493741612,0.04659790264189815,True,0.0,1pct_UNFILTERED_early75pct
put,2003-03-03,2003-04-09,2003-03-18,early_75%,15,37,0.5478175735473627,0.01,50.35428503212299,4.677850957884686,3.613827586131022,181.97170432899048,0.772540129787544,0.07212666328863546,True,0.0,1pct_UNFILTERED_early75pct
call,2003-03-04,2003-04-10,2003-03-31,early_75%,27,37,0.5390879058837896,0.01,49.540460293018555,2.996944482521818,2.5159031073747404,124.63899799198033,0.8394893939635815,0.04941685088660139,True,0.0,1pct_UNFILTERED_early75pct
put,2003-03-19,2003-04-25,2003-04-07,early_75%,19,37,0.5730291366577163,0.01,48.157883440986794,4.898362518190588,3.642084136911824,175.39506334766662,0.7435309500647531,0.0694993861631413,True,0.0,1pct_UNFILTERED_early75pct
put,2003-04-08,2003-05-15,2003-04-17,early_75%,9,37,0.5768444824218761,0.01,47.94617296763853,4.90240812962108,3.7676510076304024,180.64444689354488,0.7685306706444316,0.0713813069672043,True,0.0,1pct_UNFILTERED_early75pct
put,2003-04-21,2003-05-28,2003-05-02,early_75%,11,37,0.5863941192626925,0.01,47.22748437532025,4.913211628829692,4.288676598833122,202.5434070621929,0.8728866010305908,0.07982467725411635,True,0.0,1pct_UNFILTERED_early75pct
call,2003-04-01,2003-05-08,2003-05-05,early_75%,34,37,0.5627810287475654,0.01,47.72299629605935,3.308084633862454,3.044355078712448,145.28574614528364,0.920277264840688,0.057473174067403564,True,0.0,1pct_UNFILTERED_early75pct
put,2003-05-05,2003-06-11,2003-05-15,early_75%,10,37,0.6085024261474601,0.01,45.58064849805271,5.081448592442942,3.834566472927733,174.78202654493677,0.75462073524279,0.06875828212089743,True,0.0,1pct_UNFILTERED_early75pct
call,2003-05-06,2003-06-12,2003-05-23,early_75%,17,37,0.6142581558227533,0.01,44.26579091650901,3.981831976557454,2.9066744103014335,128.66624170877037,0.7299841950675271,0.05060015388647434,True,0.0,1pct_UNFILTERED_early75pct
put,2003-05-16,2003-06-20,2003-05-30,early_75%,14,35,0.620537567138669,0.01,44.71776623750629,5.092963136971236,3.7201824845945497,166.3582507069644,0.7304554116225013,0.06531128256793677,True,0.0,1pct_UNFILTERED_early75pct
put,2003-06-02,2003-07-09,2003-06-11,early_75%,9,37,0.6367589187622045,0.01,43.703757864681705,5.310879494997797,3.9414253571615974,172.25509945110707,0.7421417414712461,0.06753061802535731,True,0.0,1pct_UNFILTERED_early75pct
call,2003-05-27,2003-07-03,2003-06-25,early_75%,29,37,0.6240045166015591,0.01,43.681369431444764,4.077843719938129,3.0344554411586007,132.54916914850654,0.7441323526750163,0.05202880235172265,True,0.0,1pct_UNFILTERED_early75pct
put,2003-06-12,2003-07-18,2003-07-07,early_75%,25,36,0.6580827331542949,0.01,42.24416554762133,5.470922569730105,5.000523512593038,211.2429430907532,0.914018330337972,0.08287608671564779,True,0.0,1pct_UNFILTERED_early75pct
call,2003-06-26,2003-08-01,2003-07-17,early_75%,21,36,0.6485777282714906,0.01,42.18143349058337,4.272494564754236,3.335700315202982,140.70462099025258,0.7807383402475689,0.05505793504415487,True,0.0,1pct_UNFILTERED_early75pct
call,2003-07-18,2003-08-22,2003-08-05,early_75%,18,35,0.653239135742183,0.01,41.988989813992134,4.323972844377669,3.7237872639009786,156.35806549341183,0.8611958025460097,0.06104575216544981,True,0.0,1pct_UNFILTERED_early75pct
put,2003-07-08,2003-08-14,2003-08-11,early_75%,34,37,0.6640044403076146,0.01,42.06261528834404,5.500885546589348,5.391624095201254,226.78581009581637,0.9801374795998368,0.08853305720767328,True,0.0,1pct_UNFILTERED_early75pct
put,2003-08-12,2003-09-18,2003-08-29,early_75%,17,37,0.653501129150392,0.01,42.886278789375034,5.363807477519048,4.17321992891386,178.97387332077565,0.7780331315776686,0.06956954422306529,True,0.0,1pct_UNFILTERED_early75pct
call,2003-08-06,2003-09-12,2003-09-09,early_75%,34,37,0.6366304397583065,0.01,43.02887202335199,4.096307553851669,3.266141423667219,140.5383813291454,0.7973379392853784,0.05483163288533087,True,0.0,1pct_UNFILTERED_early75pct
put,2003-09-02,2003-10-09,2003-09-18,early_75%,16,37,0.674836044311526,0.01,41.624726537965394,5.57628227872666,4.727036795537691,196.7616139491566,0.8477040004899297,0.07635666721133495,True,0.0,1pct_UNFILTERED_early75pct
call,2003-09-10,2003-10-17,2003-09-30,early_75%,20,37,0.669321899414058,0.01,41.257158838634645,4.373148419065978,3.3512085358840142,138.26134286635502,0.7663148411047456,0.05356873210225413,True,0.0,1pct_UNFILTERED_early75pct
put,2003-09-19,2003-10-24,2003-10-10,early_75%,21,35,0.6831595611572254,0.01,41.1595225604431,5.573328403365344,4.500302596683586,185.23030625701873,0.807471275865633,0.07172639656271916,True,0.0,1pct_UNFILTERED_early75pct
call,2003-10-01,2003-11-07,2003-10-22,early_75%,21,37,0.6726820373535105,0.01,40.936336813248595,4.348281289617664,3.3613929447351234,137.60311374735454,0.773039442678439,0.053423348505145206,True,0.0,1pct_UNFILTERED_early75pct
put,2003-10-13,2003-11-19,2003-10-31,early_75%,18,37,0.691264877319341,0.01,40.80174294747731,5.658505704605382,4.247475454668091,173.30440167708676,0.7506355346096281,0.06692312121786333,True,0.0,1pct_UNFILTERED_early75pct
call,2003-10-23,2003-11-28,2003-11-18,early_75%,26,36,0.6810511779785173,0.01,40.777303237786434,4.546940304428543,3.9608217941389015,161.5116313704353,0.871096062176408,0.06231805174949762,True,0.0,1pct_UNFILTERED_early75pct
put,2003-11-03,2003-12-10,2003-11-26,early_75%,23,37,0.6984482574462874,0.01,40.44895649093933,5.673771098975678,4.764341289476236,192.71263352601005,0.8397133416849285,0.07424439750576815,True,0.0,1pct_UNFILTERED_early75pct
put,2003-11-28,2004-01-02,2003-12-12,early_75%,14,35,0.70147911071777,0.01,40.37999898490775,5.666425774268115,4.257491085722183,171.91748571971556,0.7513538966760909,0.06602656663503784,True,0.0,1pct_UNFILTERED_early75pct
put,2003-12-15,2004-01-21,2003-12-23,early_75%,8,37,0.7090573120117227,0.01,40.058650390184816,5.790666838280378,4.320663040343565,173.07993018691585,0.7461425706243269,0.0663542773491574,True,0.0,1pct_UNFILTERED_early75pct
call,2003-11-19,2003-12-26,2003-12-23,early_75%,34,37,0.6900789642333933,0.01,40.27898341814099,4.55851080767572,3.920239532201048,157.9032631126668,0.859982502531323,0.06082663930388629,True,0.0,1pct_UNFILTERED_early75pct
put,2003-12-24,2004-01-30,2004-01-05,early_75%,12,37,0.7257820129394474,0.01,39.20277037527365,5.90110385657993,4.384495685250808,171.88437756026553,0.7429958515917234,0.06575714681295956,True,0.0,1pct_UNFILTERED_early75pct
put,2004-01-06,2004-02-12,2004-01-16,early_75%,10,37,0.7451810455322203,0.01,38.181252753725225,6.06224419832021,4.554488038320077,173.89605895491704,0.7512874587899449,0.06653174782564764,True,0.0,1pct_UNFILTERED_early75pct
call,2003-12-24,2004-01-30,2004-01-27,early_75%,34,37,0.7257820129394474,0.01,38.60536201509688,4.8692923837118265,4.150041918449645,160.2138706395757,0.852288503424413,0.06129240575936154,True,0.0,1pct_UNFILTERED_early75pct
put,2004-01-20,2004-02-26,2004-02-11,early_75%,22,37,0.7561054992675764,0.01,37.65178436263237,6.067631730503094,5.612363614336133,211.3155045716681,0.92496774089333,0.08070359656892288,True,0.0,1pct_UNFILTERED_early75pct
call,2004-01-28,2004-03-05,2004-02-23,early_75%,26,37,0.7506105041503872,0.01,37.48755023722366,5.032251202037094,4.335558079786489,162.52945132239697,0.8615543830624794,0.06191107270880557,True,0.0,1pct_UNFILTERED_early75pct
put,2004-02-12,2004-03-19,2004-03-01,early_75%,18,36,0.7657064056396479,0.01,37.30331112105667,6.138621275423701,4.671391635147029,174.2583755341913,0.7609838472767811,0.06632482899588028,True,0.0,1pct_UNFILTERED_early75pct
call,2004-02-24,2004-04-01,2004-03-15,early_75%,20,37,0.7573635864257824,0.01,37.238128519754234,5.101899375385521,4.085103500139999,152.12160915471114,0.8007024834415342,0.057834427310996486,True,0.0,1pct_UNFILTERED_early75pct
put,2004-03-02,2004-04-08,2004-04-01,early_75%,30,37,0.764580535888669,0.01,37.442335565013735,6.11344360439997,4.787497748694091,179.25509722335195,0.783109824591893,0.06805777656242941,True,0.0,1pct_UNFILTERED_early75pct
call,2004-03-16,2004-04-22,2004-04-12,early_75%,27,37,0.7401497650146496,0.01,37.91955064223282,4.82032046395105,4.31016975451429,163.43970028292483,0.8941666403194681,0.06229050047127238,True,0.0,1pct_UNFILTERED_early75pct
put,2004-04-02,2004-05-07,2004-04-23,early_75%,21,35,0.7616797637939499,0.01,37.730743872745805,6.113854009010986,5.009993579099213,189.03078453709344,0.8194493312590008,0.07151604230527385,True,0.0,1pct_UNFILTERED_early75pct
call,2004-04-13,2004-05-20,2004-04-29,early_75%,16,37,0.7521787261962913,0.01,37.70621364162246,5.027326927882983,4.148898004554238,156.43923453702322,0.8252691866015857,0.05910907179401107,True,0.0,1pct_UNFILTERED_early75pct
call,2004-04-30,2004-06-04,2004-05-18,early_75%,18,35,0.7372293853759828,0.01,38.452498819571545,4.945579348968418,3.637394425764234,139.86690486301532,0.7354839886499741,0.05288650900056019,True,0.0,1pct_UNFILTERED_early75pct
put,2004-04-26,2004-06-02,2004-05-27,early_75%,31,37,0.7587559509277355,0.01,37.963485625778524,6.06102112530422,5.5117527210449,209.24534519823374,0.9093769196800563,0.07894845456785493,True,0.0,1pct_UNFILTERED_early75pct
put,2004-05-28,2004-07-02,2004-06-08,early_75%,11,35,0.7498529815673862,0.01,38.512395561243125,6.01058082566957,4.589243339657149,176.74275482367656,0.7635274315017491,0.06653515254914955,True,0.0,1pct_UNFILTERED_early75pct
call,2004-05-19,2004-06-25,2004-06-18,early_75%,30,37,0.7260008239746156,0.01,38.959310376448336,4.790484595746605,3.5640150576640317,138.8515688178684,0.7439779810227266,0.052559153470954446,True,0.0,1pct_UNFILTERED_early75pct
put,2004-06-09,2004-07-16,2004-06-23,early_75%,14,37,0.7560324096679665,0.01,38.24179059525592,6.077905249931092,4.891914180531536,187.07555770185,0.8048684504561827,0.07036160458761868,True,0.0,1pct_UNFILTERED_early75pct
call,2004-06-21,2004-07-28,2004-07-08,early_75%,17,37,0.7548577880859426,0.01,37.88612692877508,5.098933753628071,4.179341038829466,158.33904507573183,0.8196499975814978,0.05937673489365452,True,0.0,1pct_UNFILTERED_early75pct
call,2004-07-09,2004-08-13,2004-07-21,early_75%,12,35,0.7450553894042997,0.01,38.370403432668496,5.032244093404714,3.8737676575808804,148.6380278258016,0.7697892998986001,0.055759089389824,True,0.0,1pct_UNFILTERED_early75pct
put,2004-06-24,2004-07-30,2004-07-29,early_75%,35,36,0.7627930450439493,0.01,37.99416072834168,6.08320557327177,5.948028201864729,225.9903395183577,0.9777785955482123,0.08473445522522513,True,0.0,1pct_UNFILTERED_early75pct
call,2004-07-22,2004-08-27,2004-08-06,early_75%,15,36,0.7327186584472685,0.01,39.002317187164955,4.944567519560206,3.701727176933261,144.37593749509972,0.7486452884483031,0.054176401931141815,True,0.0,1pct_UNFILTERED_early75pct
put,2004-07-30,2004-09-03,2004-08-24,early_75%,25,35,0.7391202545166067,0.01,39.4023538213352,5.913735437533862,4.934170259963924,194.417922397808,0.834357625917328,0.07256315208718982,True,0.0,1pct_UNFILTERED_early75pct
put,2004-08-25,2004-10-01,2004-09-07,early_75%,13,37,0.7408544158935513,0.01,39.410182921805024,5.931233446944466,4.768048884413186,187.90967871483204,0.8038882514175013,0.06995971363133112,True,0.0,1pct_UNFILTERED_early75pct
call,2004-08-09,2004-09-15,2004-09-13,early_75%,35,37,0.7135138702392538,0.01,40.0475805116435,4.709706331104507,4.582278941908844,183.50918485290302,0.972943665647667,0.06875995464505864,True,0.0,1pct_UNFILTERED_early75pct
call,2004-09-14,2004-10-21,2004-09-27,early_75%,13,37,0.7579252624511668,0.01,38.15645617794823,5.1379696521987634,4.178647748295094,159.4423896909038,0.8132877442175757,0.05914194285261345,True,0.0,1pct_UNFILTERED_early75pct
put,2004-09-08,2004-10-15,2004-10-01,early_75%,23,37,0.7507231140136668,0.01,38.927046883287794,5.948367953242125,5.786820999040549,225.26385233484575,0.9728418020755548,0.08371659240453179,True,0.0,1pct_UNFILTERED_early75pct
call,2004-09-28,2004-11-04,2004-10-19,early_75%,21,37,0.7451433563232399,0.01,38.82680529168468,5.0505014098203835,3.9595303559786394,153.73591417809754,0.7839875756255766,0.0570013216272462,True,0.0,1pct_UNFILTERED_early75pct
put,2004-10-04,2004-11-10,2004-11-02,early_75%,29,37,0.7622855377197197,0.01,38.40145952807071,5.990023383146746,4.829031762018778,185.4418677689321,0.8061791170307481,0.06875189066864454,True,0.0,1pct_UNFILTERED_early75pct
put,2004-11-03,2004-12-10,2004-11-11,early_75%,8,37,0.769919052124024,0.01,38.12830285434848,6.098988272164986,5.213831580591426,198.79454953635636,0.8548682745278748,0.07354516932892853,True,0.0,1pct_UNFILTERED_early75pct
call,2004-10-20,2004-11-26,2004-11-26,expired,37,37,0.7400543212890653,0.01,39.07714347739661,5.005851825998077,-35.72557003879594,-1396.0532262178103,-7.136761390589682,-0.5177650339605042,False,35.72557003879594,1pct_UNFILTERED_early75pct
put,2004-11-12,2004-12-17,2004-12-01,early_75%,19,35,0.7954313659667918,0.01,36.70573131347717,6.212960517414263,5.173209972094796,189.88645526391232,0.8326481324957469,0.07054680963131617,True,0.0,1pct_UNFILTERED_early75pct
put,2004-12-02,2005-01-07,2004-12-15,early_75%,13,36,0.801415252685544,0.01,36.3411915943484,6.244132653141943,4.967793819759034,180.53554700508295,0.7955938952160672,0.06722556295880625,True,0.0,1pct_UNFILTERED_early75pct
put,2004-12-16,2005-01-21,2004-12-29,early_75%,13,36,0.8113547515869186,0.01,35.91232039237549,6.251411125785909,4.666674634298497,167.59111463389934,0.7464993967600901,0.062318661447752645,True,0.0,1pct_UNFILTERED_early75pct
call,2004-11-29,2005-01-05,2004-12-31,early_75%,32,37,0.7912068176269571,0.01,36.42423680271115,5.363546483530887,3.9922184371763008,145.413509723859,0.7443243848887416,0.05412653870118567,True,0.0,1pct_UNFILTERED_early75pct
call,2005-01-03,2005-02-09,2005-01-11,early_75%,8,37,0.8117462921142646,0.01,35.63127999653062,5.500296248104002,4.3407620818292,154.6669091359794,0.789186961216043,0.057361088123935804,True,0.0,1pct_UNFILTERED_early75pct
call,2005-01-12,2005-02-18,2005-01-28,early_75%,16,37,0.8000725555419876,0.01,36.11460283299253,5.418341416905689,4.117069038686253,148.6863131681644,0.7598393533933918,0.05519679547966224,True,0.0,1pct_UNFILTERED_early75pct
put,2004-12-30,2005-02-04,2005-02-01,early_75%,33,36,0.8173465728759766,0.01,35.763422732609726,6.32742252900723,6.152856469924163,220.04720694697062,0.9724111898197421,0.08159504177048776,True,0.0,1pct_UNFILTERED_early75pct
put,2005-02-02,2005-03-11,2005-02-15,early_75%,13,37,0.8047958374023381,0.01,36.42646330513833,6.151880415570281,5.138681241806534,187.18398369146837,0.8353025245420309,0.06913547724407366,True,0.0,1pct_UNFILTERED_early75pct
call,2005-01-31,2005-03-09,2005-02-22,early_75%,22,37,0.7973058319091848,0.01,36.33149406607663,5.402380211302351,4.031133933911109,146.4571185994516,0.7461773840866569,0.0542342445036188,True,0.0,1pct_UNFILTERED_early75pct
put,2005-02-16,2005-03-24,2005-03-04,early_75%,16,36,0.8178863525390625,0.01,35.8374416510458,6.165588756116666,4.679118234301464,167.6876267001232,0.7589085843034007,0.061874236109202924,True,0.0,1pct_UNFILTERED_early75pct
call,2005-02-23,2005-04-01,2005-03-16,early_75%,21,37,0.8060104370117216,0.01,35.999204819659525,5.456140323819247,4.205861642322215,151.40767470510698,0.7708492437339204,0.05597001863455416,True,0.0,1pct_UNFILTERED_early75pct
call,2005-03-17,2005-04-22,2005-03-29,early_75%,12,36,0.8054029846191355,0.01,36.092490655185415,5.459783739957599,4.206296336293174,151.81571121060202,0.7704144590030667,0.0560238079329938,True,0.0,1pct_UNFILTERED_early75pct
put,2005-03-07,2005-04-13,2005-04-12,early_75%,36,37,0.8285475921630905,0.01,35.47243863815198,6.3999744197002055,6.307126664402335,223.729163586064,0.9854924802492852,0.08249485864332834,True,0.0,1pct_UNFILTERED_early75pct
call,2005-03-30,2005-05-06,2005-04-14,early_75%,15,37,0.8005731964111362,0.01,36.20534675489893,5.426914348335568,4.644916499620444,168.17081251630955,0.8559037791051626,0.062238929045048755,True,0.0,1pct_UNFILTERED_early75pct
put,2005-04-13,2005-05-20,2005-05-09,early_75%,26,37,0.7946121215820341,0.01,37.30438816750235,6.235558930992008,5.688430836238911,212.20343197904637,0.9122567678682727,0.07768357925860103,True,0.0,1pct_UNFILTERED_early75pct
call,2005-04-15,2005-05-20,2005-05-10,early_75%,25,35,0.7732730865478459,0.01,37.79472615676451,5.169815742704639,4.437078486024457,167.69816631536563,0.8582662723107335,0.06149158329864371,True,0.0,1pct_UNFILTERED_early75pct
put,2005-05-10,2005-06-16,2005-05-18,early_75%,8,37,0.7898699188232428,0.01,37.694009257167444,6.31900148768087,4.908001077726802,185.00223805802187,0.7767051625632838,0.06754006889515674,True,0.0,1pct_UNFILTERED_early75pct
put,2005-05-19,2005-06-24,2005-06-01,early_75%,13,36,0.8080926513671898,0.01,36.82054944116475,6.326940012032449,4.870181279801313,179.32275060035929,0.7697530355178489,0.06538707366678506,True,0.0,1pct_UNFILTERED_early75pct
call,2005-05-11,2005-06-17,2005-06-07,early_75%,27,37,0.7942055511474564,0.01,36.9969887451451,5.377765520253947,3.973626531128141,147.0122160495578,0.7388991796244214,0.053666623757565084,True,0.0,1pct_UNFILTERED_early75pct
put,2005-06-02,2005-07-08,2005-06-17,early_75%,15,36,0.8180506134033152,0.01,36.36823915776583,6.256025089417677,4.8271736141188475,175.55580445433105,0.7716039410206665,0.0638945756777997,True,0.0,1pct_UNFILTERED_early75pct
call,2005-06-08,2005-07-15,2005-06-24,early_75%,16,37,0.8122925567626993,0.01,36.29567964925077,5.502753174693044,4.196417113060219,152.31181121026748,0.7626031878659185,0.055415435474163555,True,0.0,1pct_UNFILTERED_early75pct
put,2005-06-20,2005-07-27,2005-07-11,early_75%,21,37,0.8257053375244112,0.01,36.082148242545735,6.289286514816869,5.1623169708764625,186.26748621817418,0.8208112253615112,0.06767478453512031,True,0.0,1pct_UNFILTERED_early75pct
put,2005-07-12,2005-08-18,2005-07-27,early_75%,15,37,0.8315543365478533,0.01,35.87335065956231,6.268121998598411,5.398353559526982,193.65703022520782,0.8612393888845951,0.07021124088284586,True,0.0,1pct_UNFILTERED_early75pct
call,2005-06-27,2005-08-03,2005-08-01,early_75%,35,37,0.8104016876220754,0.01,36.384941892041915,5.4877646975260275,5.049770476325579,183.735605349255,0.9201871353197953,0.06683798535387964,True,0.0,1pct_UNFILTERED_early75pct
call,2005-08-02,2005-09-08,2005-08-16,early_75%,14,37,0.8460417175293031,0.01,35.035119773234555,5.712923330982194,4.307103374722391,150.8998826091017,0.7539228386567359,0.05459545210497801,True,0.0,1pct_UNFILTERED_early75pct
put,2005-07-28,2005-09-02,2005-08-31,early_75%,34,36,0.8472660064697237,0.01,35.25214003943249,6.30593185144693,6.0273536941203245,212.47711649232042,0.9558228404795266,0.07685924880130882,True,0.0,1pct_UNFILTERED_early75pct
put,2005-09-01,2005-10-07,2005-09-09,early_75%,8,36,0.833118667602534,0.01,36.161704729953264,6.507224135091535,5.244908501110077,189.66483255276435,0.8060131927569294,0.06828895131648981,True,0.0,1pct_UNFILTERED_early75pct
call,2005-08-17,2005-09-23,2005-09-12,early_75%,26,37,0.8311465454101494,0.01,35.670291423805864,5.634295650161351,4.565292282912832,162.84530616635269,0.8102684996272949,0.05892192999962673,True,0.0,1pct_UNFILTERED_early75pct
call,2005-09-13,2005-10-20,2005-09-27,early_75%,14,37,0.8410767364501908,0.01,35.47667149220776,5.693515228148402,4.50440457082528,159.80128122716752,0.7911464868936804,0.05744376604641547,True,0.0,1pct_UNFILTERED_early75pct
call,2005-09-28,2005-11-04,2005-10-11,early_75%,13,37,0.8310642242431641,0.01,35.887089151615584,5.629112542176289,4.22476416773045,151.61448833189368,0.7505204658951624,0.05452905081703582,True,0.0,1pct_UNFILTERED_early75pct
put,2005-09-12,2005-10-19,2005-10-19,early_75%,37,37,0.8457697296142612,0.01,35.60367845624885,6.463895207178709,6.463895207178709,230.1384465312788,1.0,0.08275048676887185,True,0.0,1pct_UNFILTERED_early75pct
put,2005-10-20,2005-11-25,2005-10-28,early_75%,8,36,0.8037423706054625,0.01,37.795499500359476,6.492798773597849,5.137930774521369,194.19066002130396,0.7913275851723788,0.06954291759408013,True,0.0,1pct_UNFILTERED_early75pct
put,2005-10-31,2005-12-07,2005-11-03,early_75%,3,37,0.8205453491210903,0.01,37.075826879957006,6.591991274143365,4.987455564264214,184.91403907213828,0.7565931684144012,0.06609180295050371,True,0.0,1pct_UNFILTERED_early75pct
put,2005-11-04,2005-12-09,2005-11-11,early_75%,7,35,0.8340697479248007,0.01,36.398743256367,6.499814424426396,5.020661358886915,182.74576377928747,0.7724314928160407,0.0652821055264503,True,0.0,1pct_UNFILTERED_early75pct
call,2005-10-12,2005-11-18,2005-11-15,early_75%,34,37,0.8025813293456991,0.01,36.95991300671913,5.397805571280304,4.911548268167671,181.5303967197791,0.9099157432235379,0.06560949492422632,True,0.0,1pct_UNFILTERED_early75pct
put,2005-11-14,2005-12-21,2005-11-21,early_75%,7,37,0.8448617553710989,0.01,35.96545199461306,6.517329325740021,5.368612581083922,193.0845780626495,0.8237442536286647,0.06885586797744661,True,0.0,1pct_UNFILTERED_early75pct
put,2005-11-22,2005-12-29,2005-12-13,early_75%,21,37,0.8626893615722651,0.01,35.193083824994666,6.453303633917887,5.382395259232074,189.42308753740826,0.8340526906161317,0.06743535181106594,True,0.0,1pct_UNFILTERED_early75pct
call,2005-11-16,2005-12-23,2005-12-19,early_75%,33,37,0.8434959411621037,0.01,35.68967428064667,5.707622834955428,5.587603044208649,199.41973265735646,0.9789720179105499,0.07105115694805207,True,0.0,1pct_UNFILTERED_early75pct
put,2005-12-14,2006-01-20,2006-01-06,early_75%,23,37,0.8730037689208956,0.01,34.85619463392981,6.512549485746913,5.96274855208163,207.83872408454044,0.9155782332451287,0.07380751214029423,True,0.0,1pct_UNFILTERED_early75pct
call,2005-12-20,2006-01-26,2006-01-18,early_75%,29,37,0.8640351867675804,0.01,34.93076585060867,5.814901667769069,4.328816575748023,151.2088782176878,0.7444350434577178,0.053714987753979954,True,0.0,1pct_UNFILTERED_early75pct
call,2006-01-19,2006-02-24,2006-02-03,early_75%,15,36,0.8810648345947243,0.01,34.37957345240405,5.951990922644514,4.972784445315863,170.96220810070906,0.8354825318023869,0.06052967149771732,True,0.0,1pct_UNFILTERED_early75pct
put,2006-01-09,2006-02-15,2006-02-13,early_75%,35,37,0.8842230987548874,0.01,34.523871412526255,6.690034882724216,6.303914706677998,217.63554072888437,0.9422842806031845,0.07712882955033445,True,0.0,1pct_UNFILTERED_early75pct
put,2006-02-14,2006-03-23,2006-02-24,early_75%,10,37,0.8772192382812563,0.01,35.02851317468182,6.774812561336457,5.110793329069555,179.02349146038887,0.7543815098644376,0.06313743936117953,True,0.0,1pct_UNFILTERED_early75pct
call,2006-02-06,2006-03-15,2006-03-06,early_75%,28,37,0.8693225860595675,0.01,34.88527214770145,5.892049525577563,5.301285280620981,184.93677974706677,0.8997353565356067,0.06541549362690978,True,0.0,1pct_UNFILTERED_early75pct
put,2006-02-27,2006-04-05,2006-03-14,early_75%,15,37,0.8889613342285116,0.01,34.566053945082366,6.786438676869152,5.03836072078402,174.15624846940452,0.7424160094390496,0.06136133785871332,True,0.0,1pct_UNFILTERED_early75pct
call,2006-03-07,2006-04-13,2006-04-03,early_75%,27,37,0.878730010986331,0.01,34.64612499593841,5.952346610631065,4.764833609219233,165.08302080985789,0.8004966647454804,0.058164008075852015,True,0.0,1pct_UNFILTERED_early75pct
put,2006-03-15,2006-04-21,2006-04-04,early_75%,20,37,0.8978881072998064,0.01,34.279125578011055,6.823278753891183,5.094549438546917,174.63669996733546,0.7466424313445489,0.06140561408097954,True,0.0,1pct_UNFILTERED_early75pct
call,2006-04-04,2006-05-11,2006-04-25,early_75%,21,37,0.9000798797607388,0.01,33.95537633484942,6.055309640034573,4.837695158235595,164.26575969116854,0.7989178829520557,0.057624071728499746,True,0.0,1pct_UNFILTERED_early75pct
put,2006-04-05,2006-05-12,2006-04-28,early_75%,23,37,0.9031825256347616,0.01,34.15879069708036,6.8334819690552395,5.532507746479405,188.98377414196574,0.8096176695179457,0.06626966459975071,True,0.0,1pct_UNFILTERED_early75pct
put,2006-05-01,2006-06-07,2006-05-09,early_75%,8,37,0.8989765930175793,0.01,34.45674537158131,6.975314759856617,5.2385829376197215,180.5045183894732,0.7510174261623435,0.0631745637024605,True,0.0,1pct_UNFILTERED_early75pct
call,2006-04-26,2006-06-02,2006-05-16,early_75%,20,37,0.8989765930175793,0.01,34.083120033395026,6.070667334509301,4.8659315328197605,165.84612850737776,0.8015480448350213,0.058047311714595345,True,0.0,1pct_UNFILTERED_early75pct
call,2006-05-17,2006-06-23,2006-06-07,early_75%,21,37,0.8745031738281313,0.01,35.00620214262889,5.880272584046925,4.683887743159295,163.9651211504161,0.7965426221679925,0.057421664469039777,True,0.0,1pct_UNFILTERED_early75pct
put,2006-05-10,2006-06-16,2006-06-16,expired,37,37,0.9137987518310524,0.01,33.9003897415364,7.000371056570644,-84.3795041265346,-2860.4980760871017,-12.053575938283277,-1.0,False,84.3795041265346,1pct_UNFILTERED_early75pct
call,2006-06-08,2006-07-14,2006-06-20,early_75%,12,36,0.8669195556640688,0.01,35.09794375256962,5.7599324641818965,4.206701164946236,147.64656087115208,0.7303386265560543,0.05197820348112101,True,0.0,1pct_UNFILTERED_early75pct
put,2006-06-19,2006-07-26,2006-06-29,early_75%,10,37,0.8563486480712896,0.01,35.79770281763778,7.023509553227669,6.85862683688669,245.52308524394473,0.9765241699905987,0.08724727890435793,True,0.0,1pct_UNFILTERED_early75pct
call,2006-06-21,2006-07-28,2006-07-13,early_75%,22,37,0.8656271362304722,0.01,34.885866428261096,5.841149757800429,4.651926736290437,162.28649475628475,0.796406003814254,0.057629294001986506,True,0.0,1pct_UNFILTERED_early75pct
put,2006-06-30,2006-08-04,2006-07-26,early_75%,26,35,0.8813457489013672,0.01,34.6919538275418,6.859175535507241,5.336528200059167,185.13458991582738,0.7780130676688575,0.06565982132889017,True,0.0,1pct_UNFILTERED_early75pct
call,2006-07-14,2006-08-18,2006-08-09,early_75%,26,35,0.8553095245361391,0.01,35.22708540906374,5.706438533847499,4.565990622078899,160.84654162095745,0.8001471662221399,0.05720035610449553,True,0.0,1pct_UNFILTERED_early75pct
put,2006-07-27,2006-09-01,2006-08-15,early_75%,19,36,0.8773986053466842,0.01,35.01231277191802,7.0070218284541514,6.616228644189638,231.6494666608907,0.9442283478156757,0.08195213682831105,True,0.0,1pct_UNFILTERED_early75pct
put,2006-08-16,2006-09-22,2006-09-01,early_75%,16,37,0.8981027984619203,0.01,34.206429984206345,6.954183053121304,5.902319699815336,201.8972855561351,0.8487437927257535,0.0712357922743586,True,0.0,1pct_UNFILTERED_early75pct
call,2006-08-10,2006-09-15,2006-09-07,early_75%,28,36,0.8819693756103533,0.01,34.44643809985739,5.975004136022581,5.0092597364966345,172.55115543933925,0.8383692500389096,0.060923643215774426,True,0.0,1pct_UNFILTERED_early75pct
put,2006-09-05,2006-10-12,2006-09-20,early_75%,15,37,0.9117440032958939,0.01,33.76177053054601,7.084288102508883,6.0410756448141125,203.95740967788433,0.8527427960862688,0.07184049925513876,True,0.0,1pct_UNFILTERED_early75pct
put,2006-09-21,2006-10-27,2006-10-04,early_75%,13,36,0.9171450805663994,0.01,33.60896322346552,7.064147337847731,6.457438995680101,217.02782972358466,0.9141144269575103,0.07628365598029356,True,0.0,1pct_UNFILTERED_early75pct
call,2006-09-08,2006-10-13,2006-10-11,early_75%,33,35,0.9021194458007784,0.01,33.73190450756613,6.113736202598903,5.21901464513371,176.0473036332394,0.8536538823698585,0.06205857111376149,True,0.0,1pct_UNFILTERED_early75pct
put,2006-10-05,2006-11-10,2006-10-13,early_75%,8,36,0.9401657104492216,0.01,32.80040468076987,7.2078973825760615,5.312887174536945,174.26484934808383,0.7370925101375609,0.06120226182929746,True,0.0,1pct_UNFILTERED_early75pct
put,2006-10-16,2006-11-22,2006-10-26,early_75%,10,37,0.951710815429692,0.01,32.478226093616634,7.194763053985308,5.645719337349933,183.36294909955458,0.7846984389878785,0.06417317107963402,True,0.0,1pct_UNFILTERED_early75pct
call,2006-10-12,2006-11-17,2006-11-03,early_75%,22,36,0.947816390991207,0.01,32.29210124141542,6.3672869298601,5.353489148216611,172.87541356902963,0.8407802580893329,0.06055000140664812,True,0.0,1pct_UNFILTERED_early75pct
put,2006-10-27,2006-12-01,2006-11-14,early_75%,18,35,0.9591530609130814,0.01,32.21949416380923,7.1606282415578635,6.55832502836486,211.3059149757656,0.9158868198606598,0.07389272528786844,True,0.0,1pct_UNFILTERED_early75pct
put,2006-11-15,2006-12-22,2006-12-04,early_75%,19,37,0.9738276672363213,0.01,31.81682664065684,7.235633845831411,5.481005110475249,174.38818941654517,0.7575017237270737,0.060800659272270435,True,0.0,1pct_UNFILTERED_early75pct
call,2006-11-06,2006-12-13,2006-12-08,early_75%,32,37,0.9603353881835943,0.01,31.95193464164096,6.461614166808197,4.9278812712197775,157.45534029978091,0.7626393566692906,0.055015913640239444,True,0.0,1pct_UNFILTERED_early75pct
put,2006-12-05,2007-01-11,2006-12-14,early_75%,9,37,0.9869030761718705,0.01,31.516404956567076,7.4879375910421135,5.522682131084364,174.05508648965167,0.7375438248431982,0.06055415149300594,True,0.0,1pct_UNFILTERED_early75pct
call,2006-12-11,2007-01-17,2007-01-04,early_75%,24,37,0.9864157867431658,0.01,31.22839970453322,6.612827915740925,5.118297117214046,159.83622818292034,0.7739952078641945,0.05561628377028795,True,0.0,1pct_UNFILTERED_early75pct
put,2006-12-15,2007-01-19,2007-01-11,early_75%,27,35,0.9954790496826149,0.01,31.195680151547776,7.298079463661038,6.535276170859065,203.8723851281513,0.8954789000859527,0.07084323612658926,True,0.0,1pct_UNFILTERED_early75pct
call,2007-01-05,2007-02-09,2007-01-29,early_75%,24,35,0.9828900909423766,0.01,31.461888738158933,6.640282020519084,5.534618204343532,174.1295421532452,0.8334914371469542,0.060389471638724525,True,0.0,1pct_UNFILTERED_early75pct
put,2007-01-12,2007-02-16,2007-02-01,early_75%,20,35,1.0017732238769526,0.01,31.09228416676527,7.363237170596309,6.630114350127709,206.14539943231898,0.9004347132269231,0.07143435540650307,True,0.0,1pct_UNFILTERED_early75pct
put,2007-02-02,2007-03-09,2007-02-20,early_75%,18,35,1.0127533721923783,0.01,30.806965529632087,7.43052496962711,6.220543787306056,191.63607803110472,0.8371607406923531,0.06628543057617828,True,0.0,1pct_UNFILTERED_early75pct
call,2007-01-30,2007-03-08,2007-02-27,early_75%,28,37,0.9986258697509811,0.01,31.01264836572522,6.709043139891802,6.316773619283636,195.89987906073284,0.9415312269680097,0.06781034149874483,True,0.0,1pct_UNFILTERED_early75pct
call,2007-02-28,2007-04-05,2007-03-16,early_75%,16,36,0.9856175231933548,0.01,31.2805100838902,6.659693418934723,4.893546708079145,153.0726371480574,0.7348005982025988,0.05324741106597565,True,0.0,1pct_UNFILTERED_early75pct
put,2007-02-21,2007-03-30,2007-03-29,early_75%,36,37,1.020935897827144,0.01,30.64879138120091,7.565433898025889,5.776479040238208,177.04210102214046,0.7635357228810778,0.06110855528891018,True,0.0,1pct_UNFILTERED_early75pct
put,2007-03-30,2007-05-04,2007-04-09,early_75%,10,35,0.997039794921875,0.01,31.67163327610512,7.918708805205382,6.621312670997163,209.70778672225023,0.8361606461200629,0.07213916373987729,True,0.0,1pct_UNFILTERED_early75pct
put,2007-04-10,2007-05-17,2007-04-18,early_75%,8,37,1.015365524291994,0.01,31.095197514052877,7.895493323212846,5.836798556279419,181.4964039572472,0.7392569808297045,0.06233161619491196,True,0.0,1pct_UNFILTERED_early75pct
call,2007-03-19,2007-04-25,2007-04-25,early_75%,37,37,0.9844013214111271,0.01,31.317264439508374,6.6634224168309135,6.6634224168309135,208.68016190004172,1.0,0.0726047211416639,True,0.0,1pct_UNFILTERED_early75pct
put,2007-04-19,2007-05-25,2007-05-02,early_75%,13,36,1.0337621307373013,0.01,30.53910021942308,8.000239113006064,5.917390198821895,180.71177231925373,0.7396516673110355,0.062042776111085204,True,0.0,1pct_UNFILTERED_early75pct
put,2007-05-03,2007-06-08,2007-05-18,early_75%,15,36,1.0556690216064482,0.01,30.049997262255783,8.238365506497939,6.945571664439377,208.7144095012046,0.8430764159421086,0.07136212978440426,True,0.0,1pct_UNFILTERED_early75pct
call,2007-04-26,2007-06-01,2007-05-24,early_75%,28,36,1.0507537078857467,0.01,29.84075357631648,7.117727760418696,6.3140306781320605,188.41543353944127,0.887085161256665,0.06445674357760138,True,0.0,1pct_UNFILTERED_early75pct
put,2007-05-21,2007-06-27,2007-06-14,early_75%,24,37,1.071044921875,0.01,29.676701403254796,8.403656078440283,6.910265174631351,205.07387620484496,0.8222927152337599,0.07001222529661083,True,0.0,1pct_UNFILTERED_early75pct
call,2007-05-25,2007-06-29,2007-06-19,early_75%,25,35,1.065077209472662,0.01,29.49498531333155,7.219926091264744,5.668942894894062,167.2053874270156,0.7851801837352341,0.057096070097193856,True,0.0,1pct_UNFILTERED_early75pct
put,2007-06-15,2007-07-20,2007-07-09,early_75%,24,35,1.079399261474606,0.01,29.552775222680573,8.500506820735698,6.647325089588326,196.4469042046888,0.7819916188259721,0.06684798779594059,True,0.0,1pct_UNFILTERED_early75pct
put,2007-07-10,2007-08-16,2007-07-13,early_75%,3,37,1.0642379760742244,0.01,30.13519181938396,8.712797245304968,6.921163644254349,208.57059403295133,0.7943675778733323,0.07083300363934952,True,0.0,1pct_UNFILTERED_early75pct
call,2007-06-20,2007-07-27,2007-07-20,early_75%,30,37,1.0657894897460949,0.01,29.597102879144384,7.212850752231245,5.983114239122708,177.08284767298846,0.8295075615243909,0.06021283260748232,True,0.0,1pct_UNFILTERED_early75pct
call,2007-07-23,2007-08-29,2007-08-03,early_75%,11,37,1.0857456970214798,0.01,29.101742320247855,7.277738795840458,5.4902706942327875,159.77644301197088,0.754392380415015,0.05419982683674383,True,0.0,1pct_UNFILTERED_early75pct
put,2007-07-16,2007-08-22,2007-08-22,early_75%,37,37,1.0918100738525425,0.01,29.36264860973907,8.794246485749566,8.794246485749566,258.22236934849724,1.0,0.0876036481997195,True,0.0,1pct_UNFILTERED_early75pct
call,2007-08-06,2007-09-12,2007-08-28,early_75%,22,37,1.0310247039794973,0.01,30.266474462063673,6.525630722376125,5.2639802169637875,159.32212280554288,0.8066622891966306,0.05450561681917578,True,0.0,1pct_UNFILTERED_early75pct
put,2007-08-23,2007-09-28,2007-09-13,early_75%,21,36,1.0332105255127004,0.01,31.28735850798233,8.669850824773933,6.739677067812999,210.86669264869244,0.7773694385322641,0.07120540410345719,True,0.0,1pct_UNFILTERED_early75pct
put,2007-09-14,2007-10-19,2007-09-18,early_75%,4,35,1.0499937438964793,0.01,30.860920246484728,8.866646685075363,6.644077882949124,205.042357657126,0.7493337807327609,0.06911358952975073,True,0.0,1pct_UNFILTERED_early75pct
call,2007-08-29,2007-10-05,2007-09-25,early_75%,27,37,1.0333516693115286,0.01,30.524097375189257,6.4710113767623865,5.291410963213327,161.51554349326756,0.8177100386834362,0.05462713150110653,True,0.0,1pct_UNFILTERED_early75pct
put,2007-09-19,2007-10-26,2007-10-05,early_75%,16,37,1.0814446258544876,0.01,29.96320773281853,8.984811936414253,8.341438124989134,249.9362433295017,0.928393179959882,0.08412129399802752,True,0.0,1pct_UNFILTERED_early75pct
call,2007-09-26,2007-11-02,2007-10-19,early_75%,23,37,1.0782852935790999,0.01,29.552254270548573,7.188463400034262,5.5172175274324395,163.04621523661075,0.7675099976729579,0.05482128290478015,True,0.0,1pct_UNFILTERED_early75pct
call,2007-10-22,2007-11-28,2007-11-12,early_75%,21,37,1.0665946197509726,0.01,29.757474097940914,6.852338892437043,5.373646900362135,159.9061584490067,0.7842062374196135,0.05384031454259715,True,0.0,1pct_UNFILTERED_early75pct
put,2007-10-08,2007-11-14,2007-11-14,early_75%,37,37,1.0983358001709007,0.01,29.511722079329672,8.984895924754003,8.984895924754003,265.1597514430419,1.0,0.08909284246612004,True,0.0,1pct_UNFILTERED_early75pct
call,2007-11-13,2007-12-20,2007-11-27,early_75%,14,37,1.0491648101806703,0.01,30.01566117500793,6.546002390485356,5.042116494833193,151.34246031383177,0.7702588838283855,0.05125639892352273,True,0.0,1pct_UNFILTERED_early75pct
put,2007-11-15,2007-12-21,2007-11-29,early_75%,14,36,1.0311687469482393,0.01,31.68827516552105,8.77329867689285,6.63885131002277,210.3737470949814,0.7567109652277317,0.07036887502293722,True,0.0,1pct_UNFILTERED_early75pct
put,2007-11-30,2008-01-04,2007-12-10,early_75%,10,35,1.0532744598388604,0.01,31.064443471772766,8.837108986850845,6.750856978548578,209.711614996145,0.7639214350070254,0.06996407296987685,True,0.0,1pct_UNFILTERED_early75pct
call,2007-11-28,2008-01-04,2007-12-17,early_75%,19,37,1.0424344635009817,0.01,30.628739468106726,6.5031818933835694,5.164562480951692,158.1840386958283,0.7941593154892672,0.05283966141956653,True,0.0,1pct_UNFILTERED_early75pct
put,2007-12-11,2008-01-17,2007-12-21,early_75%,10,37,1.0479607391357462,0.01,31.273330096678414,8.83031844170959,6.545026857301991,204.6847854000309,0.7411994143254073,0.06820169158383631,True,0.0,1pct_UNFILTERED_early75pct
call,2007-12-18,2008-01-24,2008-01-04,early_75%,17,37,1.0335778808593687,0.01,31.011956887565585,6.565089863786233,5.375906766048284,166.7173888602615,0.8188626321327884,0.05554041642387057,True,0.0,1pct_UNFILTERED_early75pct
call,2008-01-07,2008-02-13,2008-01-18,early_75%,11,37,1.0056575775146541,0.01,31.764660284676093,6.299165637491411,5.400361580500616,171.54065101901853,0.8573137922201493,0.05728818088566576,True,0.0,1pct_UNFILTERED_early75pct
put,2007-12-24,2008-01-30,2008-01-30,expired,37,37,1.0629244995117233,0.01,30.850405922842718,8.76125023612003,-97.5311997150523,-3008.8771013512055,-11.132109811560928,-1.0,False,97.5311997150523,1pct_UNFILTERED_early75pct
call,2008-01-22,2008-02-28,2008-02-15,early_75%,24,37,0.9310829162597685,0.01,33.775190524258655,5.2476844082517236,4.013025325520014,135.54069494811358,0.7647230689425094,0.04567490998070886,True,0.0,1pct_UNFILTERED_early75pct
put,2008-01-31,2008-03-07,2008-02-25,early_75%,25,36,0.978449172973626,0.01,32.99412598757715,8.294851310852513,7.781282898191086,256.73662828789617,0.9380858808174773,0.08689310066352454,True,0.0,1pct_UNFILTERED_early75pct
call,2008-02-19,2008-03-27,2008-03-06,early_75%,16,37,0.9652718353271439,0.01,32.66052057573675,5.9053252755081225,4.624682354443896,151.04453319356153,0.783137615403576,0.051032746882302436,True,0.0,1pct_UNFILTERED_early75pct
call,2008-03-07,2008-04-11,2008-03-31,early_75%,24,35,0.9238892364501936,0.01,33.99277196451336,5.56392965782973,4.2359529721342515,143.99178343416222,0.7613239621340809,0.04878725327362803,True,0.0,1pct_UNFILTERED_early75pct
put,2008-02-26,2008-04-03,2008-04-01,early_75%,35,37,0.9855002593994158,0.01,32.824717809183056,8.255601709835991,8.25546737296699,270.9833869005592,0.9999837277919015,0.0914283184521873,True,0.0,1pct_UNFILTERED_early75pct
call,2008-04-01,2008-05-08,2008-04-15,early_75%,14,37,0.9778528594970766,0.01,32.472476239970526,6.208214238795273,4.831337145759839,156.8854806729734,0.7782168849084979,0.052757060861382994,True,0.0,1pct_UNFILTERED_early75pct
put,2008-04-02,2008-05-09,2008-04-18,early_75%,16,37,0.9784968566894463,0.01,33.19405836410692,8.240903765179619,6.900370017150595,229.05128508323034,0.8373317070279117,0.07700551073845888,True,0.0,1pct_UNFILTERED_early75pct
put,2008-04-21,2008-05-28,2008-05-02,early_75%,11,37,0.9917394256591763,0.01,32.789499424330764,8.25833019240514,6.6582006506345515,218.31906640106035,0.8062405468792996,0.07323495356639498,True,0.0,1pct_UNFILTERED_early75pct
call,2008-04-16,2008-05-23,2008-05-12,early_75%,26,37,0.979571075439452,0.01,32.49691833777565,6.367451832293764,4.910743475607523,159.58402970458224,0.7712258537554596,0.053616791519206584,True,0.0,1pct_UNFILTERED_early75pct
put,2008-05-05,2008-06-11,2008-05-16,early_75%,11,37,1.0080595397949281,0.01,32.289784066236216,8.323955952508518,6.252178996474066,201.881509739605,0.751106689192643,0.06760428115588303,True,0.0,1pct_UNFILTERED_early75pct
call,2008-05-13,2008-06-19,2008-06-02,early_75%,20,37,1.0055543518066372,0.01,31.869954538008628,6.686337436990017,5.169047602413756,164.73731209372892,0.7730760900306435,0.055066552536051444,True,0.0,1pct_UNFILTERED_early75pct
call,2008-06-03,2008-07-10,2008-06-18,early_75%,15,37,0.9884464263916044,0.01,32.35825236523273,6.44375462935482,4.95919897508029,160.47101196505153,0.7696132550560556,0.0536704687789799,True,0.0,1pct_UNFILTERED_early75pct
put,2008-05-19,2008-06-25,2008-06-25,expired,37,37,1.0239502716064521,0.01,31.82351238579242,8.34841324620426,-94.04661391444095,-2992.8935827480495,-11.265208266636868,-1.0,False,94.04661391444095,1pct_UNFILTERED_early75pct
call,2008-06-19,2008-07-25,2008-06-27,early_75%,8,36,0.9621771240234409,0.01,33.09214203601778,6.2061399177157694,4.785408043042565,158.3594026606665,0.7710764028027073,0.053164364436137264,True,0.0,1pct_UNFILTERED_early75pct
call,2008-06-30,2008-08-06,2008-07-15,early_75%,15,37,0.9206613159179682,0.01,34.09972753638715,5.755174782331091,4.806663847405037,163.90592755551415,0.8351898993861893,0.05569007719397557,True,0.0,1pct_UNFILTERED_early75pct
put,2008-06-26,2008-08-01,2008-07-22,early_75%,26,36,0.9224598693847668,0.01,34.843982328146964,7.774190053136326,7.230509539088741,251.93974660350617,0.9300659605268784,0.08559672939008546,True,0.0,1pct_UNFILTERED_early75pct
put,2008-07-23,2008-08-29,2008-08-11,early_75%,19,37,0.9220281219482445,0.01,34.928933876921626,7.705519160802224,6.840849990197364,238.94359696954368,0.8877857348011786,0.0809593981601629,True,0.0,1pct_UNFILTERED_early75pct
call,2008-07-16,2008-08-22,2008-08-13,early_75%,28,37,0.8917424774169973,0.01,35.079056143180644,5.491696353009251,4.432639866159559,155.4928227275119,0.8071531237757952,0.052969702675181835,True,0.0,1pct_UNFILTERED_early75pct
call,2008-08-14,2008-09-19,2008-09-02,early_75%,19,36,0.9318836212158175,0.01,33.968172771256846,6.086316479656065,4.624298308959262,157.0789639045591,0.7597860420857673,0.05309058214280794,True,0.0,1pct_UNFILTERED_early75pct
put,2008-08-12,2008-09-18,2008-09-18,early_75%,37,37,0.9305171203613298,0.01,34.696545687124036,7.771846128768659,7.771846128768659,269.65621428011985,1.0,0.09113342341803006,True,0.0,1pct_UNFILTERED_early75pct
call,2008-09-03,2008-10-10,2008-09-23,early_75%,20,37,0.9199420928955107,0.01,34.459788312397706,5.923740268200195,4.451703320424665,153.40475405143192,0.7515021116510265,0.051721611036189,True,0.0,1pct_UNFILTERED_early75pct
call,2008-09-24,2008-10-31,2008-10-07,early_75%,13,37,0.8605097961425798,0.01,36.33435528530002,4.506678409914472,3.740327354689394,135.90238298861084,0.8299521320316215,0.04586865420940247,True,0.0,1pct_UNFILTERED_early75pct
put,2008-09-19,2008-10-24,2008-10-24,expired,35,35,0.8980620574951104,0.01,36.185689372601125,7.676623759982981,-82.12958198952805,-2971.9155421746377,-10.698659274882859,-1.0,False,82.12958198952805,1pct_UNFILTERED_early75pct
put,2008-10-27,2008-12-03,2008-10-30,early_75%,3,37,0.6074144363403349,0.01,52.286156577974786,4.967476518629422,3.882750490807325,203.01410011556027,0.7816343924819631,0.06961582063498148,True,0.0,1pct_UNFILTERED_early75pct
call,2008-10-08,2008-11-14,2008-11-03,early_75%,26,37,0.7055267333984432,0.01,42.788394763031306,2.102783645799222,1.928859020272369,82.53278120164794,0.9172883877643303,0.028179139935709394,True,0.0,1pct_UNFILTERED_early75pct
call,2008-11-04,2008-12-11,2008-11-19,early_75%,15,37,0.7265097045898443,0.01,41.875602012981155,2.891356203741374,2.059625314878354,86.24804998170696,0.7123388367760527,0.029524608713322333,True,0.0,1pct_UNFILTERED_early75pct
put,2008-10-31,2008-12-05,2008-12-03,early_75%,33,35,0.700606994628906,0.01,45.533380157405325,5.918412895024394,5.594672403444106,254.744345402165,0.9452994413667122,0.08722284007640767,True,0.0,1pct_UNFILTERED_early75pct
put,2008-12-04,2009-01-09,2008-12-16,early_75%,12,36,0.6171822357177703,0.01,51.73211159360597,5.183062484166568,4.365633373232367,225.84343284082726,0.8422883935064805,0.07721979188256145,True,0.0,1pct_UNFILTERED_early75pct
call,2008-11-20,2008-12-26,2008-12-19,early_75%,29,36,0.5459133148193303,0.01,53.584789040420354,0.4143358716123924,0.37946695678829717,20.33365682731121,0.9158438426091314,0.007004208197842726,True,0.0,1pct_UNFILTERED_early75pct
put,2008-12-17,2009-01-23,2009-01-02,early_75%,16,37,0.6583518218994158,0.01,48.67760190297592,5.608278315449688,4.889818246465418,238.0246259793514,0.8718929360183398,0.08118993227105635,True,0.0,1pct_UNFILTERED_early75pct
call,2008-12-22,2009-01-28,2009-01-13,early_75%,22,37,0.6350303649902287,0.01,48.22851447679742,2.731956548553671,1.9270228466529065,92.93744925691908,0.7053636514362186,0.0317095376324315,True,0.0,1pct_UNFILTERED_early75pct
call,2009-01-14,2009-02-20,2009-02-02,early_75%,19,37,0.6154087066650362,0.01,49.50484963081796,2.3607475159530154,1.7966922235471654,88.94497835956238,0.7610692000757459,0.030359724311091584,True,0.0,1pct_UNFILTERED_early75pct
put,2009-01-05,2009-02-11,2009-02-09,early_75%,35,37,0.6772633361816389,0.01,47.3922463843146,5.802994916102855,5.580779338498385,264.4856694266077,0.9617067426704373,0.09012400583485715,True,0.0,1pct_UNFILTERED_early75pct
call,2009-02-03,2009-03-12,2009-02-19,early_75%,16,37,0.6108136367797812,0.01,50.14883115523403,2.720542337127285,2.025708529409413,101.58691501107008,0.7445973186171507,0.03471007574719442,True,0.0,1pct_UNFILTERED_early75pct
call,2009-02-20,2009-03-27,2009-03-03,early_75%,11,35,0.5647144699096742,0.01,54.24701242292737,2.235814911164274,1.7329209008015487,94.0057816337321,0.7750735054804472,0.031951704706818976,True,0.0,1pct_UNFILTERED_early75pct
put,2009-02-10,2009-03-19,2009-03-16,early_75%,34,37,0.6062183380126953,0.01,53.08019167867081,5.177005162346349,4.36828614872194,231.86946608144328,0.8437863227360821,0.07878617818750604,True,0.0,1pct_UNFILTERED_early75pct
put,2009-03-17,2009-04-23,2009-04-02,early_75%,16,37,0.5702579498290987,0.01,56.634302333750824,4.884365818332653,4.127314972875977,233.74760400047467,0.8450052937035937,0.07915615354248687,True,0.0,1pct_UNFILTERED_early75pct
call,2009-03-04,2009-04-09,2009-04-07,early_75%,34,36,0.5232106781005825,0.01,58.284938136629954,2.126256109403424,1.7684882729979015,103.07622958703823,0.831738126548686,0.035232491428488215,True,0.0,1pct_UNFILTERED_early75pct
put,2009-04-03,2009-05-08,2009-04-17,early_75%,14,35,0.6190056610107391,0.01,52.153029154088074,5.305734263990231,4.47010819667071,233.1296831028956,0.8425051037721818,0.07898438870776323,True,0.0,1pct_UNFILTERED_early75pct
put,2009-04-20,2009-05-27,2009-05-01,early_75%,11,37,0.6129080200195318,0.01,52.8869678252414,5.251507310811737,4.195058007969814,221.8638978925208,0.7988293188382468,0.07485922210639384,True,0.0,1pct_UNFILTERED_early75pct
call,2009-04-08,2009-05-15,2009-05-12,early_75%,34,37,0.6062963485717745,0.01,51.27654861465684,2.9566721191292613,2.7227209774144607,139.61173456253857,0.9208734914496711,0.04720966026630394,True,0.0,1pct_UNFILTERED_early75pct
put,2009-05-04,2009-06-10,2009-05-26,early_75%,22,37,0.6676384735107419,0.01,48.66763604379856,5.717586824528559,4.851289022875591,236.1007685085844,0.8484854138223955,0.07946906134841847,True,0.0,1pct_UNFILTERED_early75pct
put,2009-05-27,2009-07-02,2009-06-01,early_75%,5,36,0.6587492370605474,0.01,49.44064289982348,5.633693715329457,4.207967697323532,208.04462825736525,0.7469287309449429,0.06985195518038707,True,0.0,1pct_UNFILTERED_early75pct
call,2009-05-13,2009-06-19,2009-06-15,early_75%,33,37,0.6514765167236334,0.01,48.27111068383301,3.5089423913031825,3.470643856894731,167.53183376033064,0.9890854479391359,0.056306238358582276,True,0.0,1pct_UNFILTERED_early75pct
put,2009-06-02,2009-07-09,2009-06-29,early_75%,27,37,0.6968040466308594,0.01,46.754399071557266,5.944581536435373,5.3194257568916505,248.7065546692328,0.8948360324924414,0.08346053280462586,True,0.0,1pct_UNFILTERED_early75pct
call,2009-06-16,2009-07-23,2009-07-02,early_75%,16,37,0.6732218170165964,0.01,46.901660287545305,3.688477583869132,3.085593549107323,144.7194604256729,0.8365493564612105,0.04848992514086041,True,0.0,1pct_UNFILTERED_early75pct
put,2009-06-30,2009-08-06,2009-07-17,early_75%,17,37,0.6793148040771513,0.01,48.147005322388154,5.76443984684368,4.89669064908788,235.76099074372246,0.8494651309041006,0.07876666807539663,True,0.0,1pct_UNFILTERED_early75pct
put,2009-07-20,2009-08-26,2009-08-03,early_75%,14,37,0.7028082275390659,0.01,46.563733568225054,5.935958746797307,5.2611843079702165,244.98038436965166,0.8863242708364241,0.081765411881031,True,0.0,1pct_UNFILTERED_early75pct
call,2009-07-06,2009-08-12,2009-08-12,early_75%,37,37,0.6634310913085955,0.01,47.82859436716441,3.861593959106155,3.861593959106155,184.69461108078076,1.0,0.061803782262500294,True,0.0,1pct_UNFILTERED_early75pct
put,2009-08-04,2009-09-10,2009-08-21,early_75%,17,37,0.743958969116207,0.01,43.864047266417906,6.291697343650993,4.793898758285121,210.27980172384068,0.7619404584237808,0.07039064828154525,True,0.0,1pct_UNFILTERED_early75pct
call,2009-08-13,2009-09-18,2009-09-03,early_75%,21,36,0.7503865051269543,0.01,42.74018794168944,4.666110136515969,3.4611306174818774,147.92937308191108,0.7417593061929288,0.04918297107053766,True,0.0,1pct_UNFILTERED_early75pct
put,2009-08-24,2009-09-30,2009-09-10,early_75%,17,37,0.7606555175781295,0.01,43.234123936777266,6.436953010116894,5.14285935646423,222.3470188067891,0.7989586607796033,0.07386130769484144,True,0.0,1pct_UNFILTERED_early75pct
put,2009-09-11,2009-10-16,2009-09-22,early_75%,11,35,0.7740274810791021,0.01,42.55605079119237,6.521762386956423,4.837013743841729,205.84420256062418,0.7416727959172195,0.06824134420032218,True,0.0,1pct_UNFILTERED_early75pct
call,2009-09-04,2009-10-09,2009-10-01,early_75%,27,35,0.7540064239502016,0.01,42.56908023896789,4.677508217344265,3.903033877318732,166.14856229899107,0.8344258729137511,0.05518751286549663,True,0.0,1pct_UNFILTERED_early75pct
put,2009-09-23,2009-10-30,2009-10-12,early_75%,19,37,0.7881807708740212,0.01,41.831814784876556,6.639307464861258,5.215222084041065,218.16220428160372,0.7855069390358543,0.07225423918022,True,0.0,1pct_UNFILTERED_early75pct
call,2009-10-02,2009-11-06,2009-10-28,early_75%,26,35,0.7607897949218767,0.01,42.16622287983566,4.5048420482163065,3.9242607097314384,165.4712517251179,0.8711206003960229,0.05482791480097642,True,0.0,1pct_UNFILTERED_early75pct
put,2009-10-13,2009-11-19,2009-11-09,early_75%,27,37,0.7976824188232428,0.01,41.444223430849284,6.70851557899797,6.557977939644329,271.7903029852002,0.9775602161788336,0.0897618739005015,True,0.0,1pct_UNFILTERED_early75pct
put,2009-11-10,2009-12-17,2009-11-24,early_75%,14,37,0.8134934234619209,0.01,40.77335873426187,6.838025793508207,5.069089238905957,206.68379399389906,0.7413088794895131,0.06803113236258299,True,0.0,1pct_UNFILTERED_early75pct
call,2009-10-29,2009-12-04,2009-11-27,early_75%,29,36,0.7916697692871111,0.01,40.782316818728155,4.919685393998713,4.323438084061885,176.31982169036684,0.8788037725615216,0.05823024644664074,True,0.0,1pct_UNFILTERED_early75pct
put,2009-11-25,2009-12-31,2009-12-21,early_75%,26,36,0.8267807006835994,0.01,40.18982368628527,6.87571469991336,6.409680600083831,257.60393320277234,0.932220267976593,0.08455780257656637,True,0.0,1pct_UNFILTERED_early75pct
call,2009-11-30,2010-01-06,2009-12-21,early_75%,21,37,0.8160916137695295,0.01,39.71715279393797,5.065021669862658,3.7224504684673914,147.84513402398537,0.7349327823445084,0.04863142342068259,True,0.0,1pct_UNFILTERED_early75pct
put,2009-12-22,2010-01-28,2010-01-06,early_75%,15,37,0.8338439178466786,0.01,39.95180241763063,6.9101369193143665,5.201752240366654,207.81937773259602,0.7527712259691055,0.06801965248991654,True,0.0,1pct_UNFILTERED_early75pct
call,2009-12-22,2010-01-28,2010-01-15,early_75%,24,37,0.8338439178466786,0.01,39.21449321404621,5.47227129035632,4.059315965583174,159.1840183860308,0.741797281274565,0.052101212748785986,True,0.0,1pct_UNFILTERED_early75pct
call,2010-01-19,2010-02-25,2010-01-29,early_75%,10,37,0.8586958312988315,0.01,38.224932505088695,5.726595556436223,4.524910418340118,172.96439533262367,0.7901571489983242,0.05646046591653787,True,0.0,1pct_UNFILTERED_early75pct
put,2010-01-07,2010-02-12,2010-02-12,early_75%,36,36,0.8522030639648506,0.01,39.13132207406712,7.0337244103436865,7.0337244103436865,275.23893528138666,1.0,0.08996076093453503,True,0.0,1pct_UNFILTERED_early75pct
call,2010-02-01,2010-03-10,2010-02-23,early_75%,22,37,0.8139177703857428,0.01,39.9694998676037,5.172882902497736,3.98647020945735,159.33722050911166,0.7706476803355583,0.05230291326898748,True,0.0,1pct_UNFILTERED_early75pct
put,2010-02-16,2010-03-25,2010-03-01,early_75%,13,37,0.8189925384521501,0.01,40.96529704239112,6.869848866686251,5.731817819326502,234.8056195615807,0.8343440926512419,0.07639428595984175,True,0.0,1pct_UNFILTERED_early75pct
put,2010-03-02,2010-04-08,2010-03-11,early_75%,9,37,0.8373515319824207,0.01,40.08146671943186,6.920765479565944,5.476497998010441,219.50607224629067,0.7913139108932666,0.07129521123135793,True,0.0,1pct_UNFILTERED_early75pct
put,2010-03-12,2010-04-16,2010-03-23,early_75%,11,35,0.8616812133789011,0.01,38.920063854721874,7.031818437884263,5.734672429732897,223.1938171511174,0.8155319254031177,0.07246576121933633,True,0.0,1pct_UNFILTERED_early75pct
call,2010-02-24,2010-04-01,2010-03-30,early_75%,34,36,0.8270526885986271,0.01,39.79148014383923,5.405247241834102,4.6420288827947,184.71320011685353,0.8588004720427131,0.06005210329348788,True,0.0,1pct_UNFILTERED_early75pct
put,2010-03-24,2010-04-30,2010-04-06,early_75%,13,37,0.8755706787109432,0.01,38.369856329855054,7.167182715088543,5.850444440846158,224.48071266106626,0.8162823069278877,0.0727758775807765,True,0.0,1pct_UNFILTERED_early75pct
put,2010-04-07,2010-05-14,2010-04-14,early_75%,7,37,0.8869613647460994,0.01,37.97861495873156,7.2092629716889265,5.454845626112621,207.16748169345223,0.756644007512838,0.06694140284959005,True,0.0,1pct_UNFILTERED_early75pct
call,2010-03-31,2010-05-07,2010-04-30,early_75%,30,37,0.8767699432373064,0.01,37.80473907716236,5.846715477961862,4.47884585348456,169.32159885781434,0.7660447768267091,0.05473335685347172,True,0.0,1pct_UNFILTERED_early75pct
put,2010-04-15,2010-05-21,2010-05-21,expired,36,36,0.9089180755615303,0.01,37.05967370803175,7.327741051648467,-83.56406650450455,-3096.857038373204,-11.403796328979961,-0.9999999999999998,False,83.56406650450455,1pct_UNFILTERED_early75pct
call,2010-05-03,2010-06-09,2010-05-24,early_75%,21,37,0.9018739318847651,0.01,36.722140569108454,5.8822709823686425,5.348442194520589,196.406246092936,0.9092478416162504,0.06344148557717288,True,0.0,1pct_UNFILTERED_early75pct
put,2010-05-24,2010-06-30,2010-06-02,early_75%,9,37,0.8071530151367199,0.01,41.26459597395758,6.916429457993956,5.2224320985123285,215.50155054653868,0.7550763193971829,0.07076574415083514,True,0.0,1pct_UNFILTERED_early75pct
call,2010-05-25,2010-07-01,2010-06-14,early_75%,20,37,0.8079770660400385,0.01,39.78262816235487,4.277055959850151,3.233382770651077,128.63246447137655,0.7559832747113181,0.042255034992937715,True,0.0,1pct_UNFILTERED_early75pct
put,2010-06-03,2010-07-09,2010-06-17,early_75%,14,36,0.8296338653564419,0.01,40.18954304629577,7.07353237869055,5.434233883432787,218.39937658186102,0.7682489585830906,0.07160685632882928,True,0.0,1pct_UNFILTERED_early75pct
call,2010-06-15,2010-07-22,2010-06-29,early_75%,14,37,0.8393008422851551,0.01,38.73917772583449,5.114963268122052,3.643370030289315,141.14115912435676,0.7122964211680392,0.04622678980750659,True,0.0,1pct_UNFILTERED_early75pct
put,2010-06-18,2010-07-23,2010-07-20,early_75%,32,35,0.8412609863281233,0.01,39.677050520052624,7.0838958817319275,6.932908005703763,275.0773411931855,0.97868575730799,0.08998844475025787,True,0.0,1pct_UNFILTERED_early75pct
put,2010-07-21,2010-08-27,2010-07-26,early_75%,5,37,0.8061742401122984,0.01,41.57467718738654,6.830301232011903,5.434567138953508,225.94037445517094,0.7956555581301538,0.07365197251578086,True,0.0,1pct_UNFILTERED_early75pct
call,2010-06-30,2010-08-06,2010-07-29,early_75%,29,37,0.7771858978271524,0.01,41.29543409440916,4.119330102663116,3.590759368940862,148.2819668689796,0.8716852690731105,0.04878798216925651,True,0.0,1pct_UNFILTERED_early75pct
call,2010-07-30,2010-09-03,2010-08-19,early_75%,20,35,0.8302684020996054,0.01,39.4754053476405,5.2617112762556815,4.408434375816309,174.02473393382135,0.8378328160479042,0.05668908977923152,True,0.0,1pct_UNFILTERED_early75pct
put,2010-07-27,2010-09-02,2010-09-01,early_75%,36,37,0.8399057769775453,0.01,39.93547483941265,7.06826776048875,7.068247501430871,282.2738202521339,0.9999971338015813,0.09188813371823337,True,0.0,1pct_UNFILTERED_early75pct
put,2010-09-02,2010-10-08,2010-09-13,early_75%,11,36,0.8242449188232399,0.01,40.844020679006135,6.930114854451067,5.696292783815533,232.65950025583507,0.8219622478777425,0.07545320602768113,True,0.0,1pct_UNFILTERED_early75pct
call,2010-08-20,2010-09-24,2010-09-21,early_75%,32,35,0.8096379089355423,0.01,40.469049451539405,5.007933302301562,4.341665154371214,175.70306183427414,0.8669574637457448,0.05716037303844772,True,0.0,1pct_UNFILTERED_early75pct
put,2010-09-14,2010-10-21,2010-10-01,early_75%,17,37,0.8481882476806675,0.01,39.73592645995369,7.095752153228338,5.400747326642788,214.60369860026933,0.7611240091278587,0.0694870537788249,True,0.0,1pct_UNFILTERED_early75pct
put,2010-10-04,2010-11-10,2010-10-11,early_75%,7,37,0.8610559082031273,0.01,39.24080882412196,7.254079045462719,6.0591986142850445,237.76785445054415,0.8352815810678202,0.07684315085278617,True,0.0,1pct_UNFILTERED_early75pct
call,2010-09-22,2010-10-29,2010-10-19,early_75%,27,37,0.8585583496093818,0.01,38.4683640552841,5.4616989879451765,4.059621952251836,156.1670151860468,0.743289214805147,0.0504964933464251,True,0.0,1pct_UNFILTERED_early75pct
put,2010-10-12,2010-11-18,2010-11-02,early_75%,21,37,0.8857333374023426,0.01,38.16263049679799,7.3151423586857085,5.870114816701966,224.01902272357617,0.802460776410185,0.07224028392582342,True,0.0,1pct_UNFILTERED_early75pct
call,2010-10-20,2010-11-26,2010-11-16,early_75%,27,37,0.8922430419921881,0.01,37.19467374489157,5.84189685557576,4.996639803679513,185.84838731859855,0.8553111989491056,0.05992438888321985,True,0.0,1pct_UNFILTERED_early75pct
put,2010-11-03,2010-12-10,2010-12-01,early_75%,28,37,0.9079881286621116,0.01,37.29799891993889,7.525381964909303,7.098419392202294,264.75683882363444,0.9432636675855223,0.08524230736470496,True,0.0,1pct_UNFILTERED_early75pct
put,2010-12-02,2011-01-07,2010-12-13,early_75%,11,36,0.927744979858403,0.01,36.60405098614639,7.67171455515577,5.758839566815938,210.7968571247678,0.7506587380712326,0.06766922695902729,True,0.0,1pct_UNFILTERED_early75pct
call,2010-11-17,2010-12-23,2010-12-20,early_75%,33,36,0.8948925018310518,0.01,37.11412302282441,5.761096016513248,5.443706324074235,202.0383862118184,0.9449081057616003,0.06501643775931117,True,0.0,1pct_UNFILTERED_early75pct
put,2010-12-14,2011-01-20,2010-12-29,early_75%,15,37,0.9437171936035185,0.01,36.017602652195606,7.728289262135774,5.791980191497078,208.6132411067296,0.7494517861636585,0.06684846369691834,True,0.0,1pct_UNFILTERED_early75pct
put,2010-12-30,2011-02-04,2011-01-12,early_75%,13,36,0.956670227050779,0.01,35.6079043923901,7.816773229646359,6.751750668977877,240.41569230222012,0.8637516364643643,0.0768552247636598,True,0.0,1pct_UNFILTERED_early75pct
call,2010-12-21,2011-01-27,2011-01-20,early_75%,30,37,0.9541591644287166,0.01,35.12518068606047,6.407779627596147,5.144129596916682,180.68848156420984,0.8027943992896774,0.05779392515082789,True,0.0,1pct_UNFILTERED_early75pct
put,2011-01-13,2011-02-18,2011-02-01,early_75%,19,36,0.976835708618168,0.01,34.9078739665886,7.910481181336978,6.581218326387895,229.73633988415182,0.8319618207189238,0.07330947781581042,True,0.0,1pct_UNFILTERED_early75pct
put,2011-02-02,2011-03-11,2011-02-11,early_75%,9,37,0.9929677581787075,0.01,34.442716954842226,8.11348340102194,6.293736351872266,216.77337975593775,0.7757132221506159,0.06902291181919762,True,0.0,1pct_UNFILTERED_early75pct
call,2011-01-21,2011-02-25,2011-02-22,early_75%,32,35,0.976835708618168,0.01,34.388376275393156,6.497811167670195,6.359889070266141,218.70625841807242,0.9787740680907621,0.06974651624988759,True,0.0,1pct_UNFILTERED_early75pct
call,2011-02-23,2011-04-01,2011-03-14,early_75%,19,37,0.9970011138915993,0.01,33.68309358626492,6.370210162740647,5.210656644053963,175.5110353875627,0.8179724861404242,0.05583051707526035,True,0.0,1pct_UNFILTERED_early75pct
put,2011-02-14,2011-03-23,2011-03-21,early_75%,35,37,1.015339965820317,0.01,33.707164590884716,8.205560967429065,7.763431184532543,261.6832527270455,0.9461182745882335,0.08318398496029046,True,0.0,1pct_UNFILTERED_early75pct
put,2011-03-22,2011-04-28,2011-03-30,early_75%,8,37,0.9881104278564408,0.01,34.874216119691354,8.21669011538077,6.742615428420435,235.14342766269957,0.8205999415505492,0.07442644303626259,True,0.0,1pct_UNFILTERED_early75pct
call,2011-03-15,2011-04-21,2011-04-08,early_75%,24,37,0.9782814788818399,0.01,34.348238728182224,6.086578394050502,4.470840681277294,153.56550303618135,0.7345408851790102,0.04873298664857905,True,0.0,1pct_UNFILTERED_early75pct
put,2011-03-31,2011-05-06,2011-04-20,early_75%,20,36,1.013330764770501,0.01,34.014090740079794,8.2928074210913,7.419738649100536,252.3756636781827,0.8947197580194293,0.0797476052507754,True,0.0,1pct_UNFILTERED_early75pct
call,2011-04-11,2011-05-18,2011-05-09,early_75%,28,37,1.0123378753662138,0.01,33.54417559240993,6.794588030922314,5.451359841968689,182.86137175640974,0.8023091050052534,0.05772348633302127,True,0.0,1pct_UNFILTERED_early75pct
put,2011-04-21,2011-05-27,2011-05-10,early_75%,19,36,1.0224257659912155,0.01,33.7225072565065,8.142964923153292,6.6491157085095205,224.22485272956368,0.816547261502228,0.07066039476768227,True,0.0,1pct_UNFILTERED_early75pct
call,2011-05-10,2011-06-16,2011-05-23,early_75%,13,37,1.0383984375000068,0.01,32.81773875025774,6.994725445305142,5.311273103730004,174.30397314948183,0.7593254581986387,0.054842961593785225,True,0.0,1pct_UNFILTERED_early75pct
put,2011-05-11,2011-06-17,2011-05-31,early_75%,20,37,1.0274697875976528,0.01,33.68775550039984,8.373231812767598,6.839093065342416,230.39369502973537,0.8167805715009694,0.07246817347607695,True,0.0,1pct_UNFILTERED_early75pct
call,2011-05-24,2011-06-30,2011-06-06,early_75%,13,37,1.0084391021728578,0.01,33.77899694733852,6.7135469774659615,5.140476312270334,173.64013366004556,0.7656870994608895,0.05461018246762449,True,0.0,1pct_UNFILTERED_early75pct
put,2011-06-01,2011-07-08,2011-06-29,early_75%,28,37,1.0078282165527384,0.01,34.44887052865895,8.291565787097097,7.787971755983179,268.2868307027172,0.9392643025401083,0.08420224898970984,True,0.0,1pct_UNFILTERED_early75pct
put,2011-06-30,2011-08-05,2011-07-07,early_75%,7,36,1.0135931396484352,0.01,34.347156786484874,8.217226094184893,6.199780883705302,212.94484605447775,0.754485858444703,0.06656261444680736,True,0.0,1pct_UNFILTERED_early75pct
call,2011-06-07,2011-07-14,2011-07-11,early_75%,34,37,0.9855885314941446,0.01,34.6280950077764,6.5490823461796825,6.5058383454680255,225.2847883321016,0.9933969373988888,0.07070812467711636,True,0.0,1pct_UNFILTERED_early75pct
call,2011-07-12,2011-08-18,2011-08-01,early_75%,20,37,1.009214859008793,0.01,33.904556807317405,6.602753980976947,4.985688307751743,169.03755245374714,0.755092242133495,0.05286000146806156,True,0.0,1pct_UNFILTERED_early75pct
put,2011-07-08,2011-08-12,2011-08-12,expired,35,35,1.032256469726562,0.01,33.71268053010876,8.310353703177261,-94.91529326947894,-3199.8489594155258,-11.421330145453423,-1.0000000000000002,False,94.91529326947894,1pct_UNFILTERED_early75pct
call,2011-08-02,2011-09-08,2011-08-19,early_75%,17,37,0.9638231658935581,0.01,35.31554302622145,5.960044342742305,4.4359867810301985,156.65928202922154,0.7442875465233763,0.04905856345803492,True,0.0,1pct_UNFILTERED_early75pct
put,2011-08-15,2011-09-21,2011-09-14,early_75%,30,37,0.9264196777343727,0.01,37.141060667754864,7.9213811306558854,7.109002565144163,264.0358955592443,0.8974448329006917,0.08391115839552421,True,0.0,1pct_UNFILTERED_early75pct
call,2011-08-22,2011-09-28,2011-09-19,early_75%,28,37,0.8658203887939493,0.01,37.86879660300779,3.910546031300721,3.013726831330602,114.12620839268571,0.7706665021222572,0.03645424471611046,True,0.0,1pct_UNFILTERED_early75pct
call,2011-09-20,2011-10-27,2011-10-07,early_75%,17,37,0.92773849487304,0.01,35.962601821345395,5.067039708423887,3.5903652817413443,129.11887702044655,0.7085725568269001,0.04093599220850816,True,0.0,1pct_UNFILTERED_early75pct
put,2011-09-15,2011-10-21,2011-10-11,early_75%,26,36,0.9326405334472696,0.01,36.98895045760491,7.9735031396869935,6.243361154933665,230.9353764487763,0.7830135695135317,0.07320108898259556,True,0.0,1pct_UNFILTERED_early75pct
put,2011-10-12,2011-11-18,2011-10-24,early_75%,12,37,0.9322158813476591,0.01,37.08385020724287,7.966786431933781,6.1873530346098065,229.45087311479966,0.7766435171160911,0.07257483345251,True,0.0,1pct_UNFILTERED_early75pct
put,2011-10-25,2011-12-01,2011-10-27,early_75%,2,37,0.9499723815917918,0.01,36.43787241144305,8.12496065051715,6.615671080564182,241.06097874967125,0.8142403840618105,0.07615399607664866,True,0.0,1pct_UNFILTERED_early75pct
call,2011-10-10,2011-11-16,2011-11-09,early_75%,30,37,0.9231833648681658,0.01,36.14861684101239,5.028075925073189,4.182222959886536,151.18157532062312,0.8317740269257488,0.047911679183593535,True,0.0,1pct_UNFILTERED_early75pct
call,2011-11-10,2011-12-16,2011-11-22,early_75%,12,36,0.9597768402099547,0.01,34.85924261694064,5.288153242446786,4.091207265611551,142.61638666814338,0.7736552021171351,0.04511223324775728,True,0.0,1pct_UNFILTERED_early75pct
put,2011-10-28,2011-12-02,2011-11-30,early_75%,33,35,0.9928195953369112,0.01,34.86062594998599,8.374660750673362,8.310776454174096,289.71886932291403,0.9923717152967505,0.0914203432005024,True,0.0,1pct_UNFILTERED_early75pct
call,2011-11-23,2011-12-30,2011-12-19,early_75%,26,37,0.8998682403564402,0.01,37.09534199095473,4.818251666316275,4.434680548487149,164.5059915667655,0.9203920541322866,0.05206944797966622,True,0.0,1pct_UNFILTERED_early75pct
put,2011-12-01,2012-01-06,2011-12-20,early_75%,19,36,0.964795379638673,0.01,35.99481719535378,8.19917751624397,6.435067419847728,231.6290754171959,0.7848430415244408,0.07289353359251008,True,0.0,1pct_UNFILTERED_early75pct
put,2011-12-21,2012-01-27,2012-01-04,early_75%,14,37,0.9646988677978499,0.01,36.09426856163874,8.06615712658673,6.012310843557376,217.00996226341272,0.7453748729664956,0.06800969673048024,True,0.0,1pct_UNFILTERED_early75pct
put,2012-01-05,2012-02-10,2012-01-18,early_75%,13,36,0.9947653961181686,0.01,35.04397824991989,8.310147109255528,6.1333015961751345,214.93528773656035,0.7380497018330873,0.06727590538369518,True,0.0,1pct_UNFILTERED_early75pct
call,2011-12-20,2012-01-26,2012-01-23,early_75%,34,37,0.9628338623046915,0.01,35.33280373936078,6.073501345163229,5.725351039692887,202.29270462441394,0.9426771666482631,0.06346700305595308,True,0.0,1pct_UNFILTERED_early75pct
put,2012-01-19,2012-02-24,2012-02-03,early_75%,15,36,1.0213362121582037,0.01,34.18207819466299,8.46764919643839,7.842245041278704,268.06423322269677,0.926141938494247,0.08372565695102097,True,0.0,1pct_UNFILTERED_early75pct
put,2012-02-06,2012-03-14,2012-02-23,early_75%,17,37,1.044566040039058,0.01,33.45763343020992,8.563101147065463,7.26604166449329,243.1045584992488,0.8485292348769383,0.07577199130311033,True,0.0,1pct_UNFILTERED_early75pct
call,2012-01-24,2012-03-01,2012-02-27,early_75%,34,37,1.0213362121582037,0.01,33.60442478868676,6.740400322138177,6.396651531092009,214.9557952760194,0.9490017247318147,0.06705561958350495,True,0.0,1pct_UNFILTERED_early75pct
put,2012-02-24,2012-03-30,2012-03-12,early_75%,17,35,1.0638334655761668,0.01,32.93176822627874,8.663883735123711,6.844737093737145,225.4092955407644,0.7900310418511646,0.0700447679104682,True,0.0,1pct_UNFILTERED_early75pct
call,2012-02-28,2012-04-05,2012-03-22,early_75%,23,37,1.068727874755865,0.01,32.26120957658206,7.107478205977821,5.431136014054479,175.2150171883341,0.7641438857296198,0.0544391237176163,True,0.0,1pct_UNFILTERED_early75pct
put,2012-03-13,2012-04-19,2012-03-26,early_75%,13,37,1.0881507110595692,0.01,32.228845715178764,8.695069603227838,6.7171867300004475,216.48717476123056,0.7725282299645827,0.06709135666380658,True,0.0,1pct_UNFILTERED_early75pct
call,2012-03-23,2012-04-27,2012-04-10,early_75%,18,35,1.0897203826904303,0.01,31.76586137105183,7.3810790340883505,5.532220386762786,175.7357458800134,0.7495137717958442,0.05445583375158545,True,0.0,1pct_UNFILTERED_early75pct
put,2012-03-27,2012-05-03,2012-04-26,early_75%,30,37,1.1015813446044973,0.01,31.875686774721775,8.872951533019,8.146309791892614,259.6692192962179,0.9181059720181806,0.08042943258274331,True,0.0,1pct_UNFILTERED_early75pct
call,2012-04-11,2012-05-18,2012-05-04,early_75%,23,37,1.0690419006347724,0.01,32.220474114144004,6.984125253497009,6.146945735039018,198.05750593687256,0.8801310846997183,0.061518632386085556,True,0.0,1pct_UNFILTERED_early75pct
call,2012-05-07,2012-06-13,2012-05-21,early_75%,14,37,1.0698220825195364,0.01,32.37223322007303,7.058566535384917,5.654951220885892,183.0633997706548,0.8011472573839693,0.05659272544255383,True,0.0,1pct_UNFILTERED_early75pct
put,2012-04-27,2012-06-01,2012-06-01,expired,35,35,1.0954944610595732,0.01,32.19077105814808,8.84921297708257,-100.70023312887474,-3241.6181501537453,-11.379569391048134,-1.0,False,100.70023312887474,1pct_UNFILTERED_early75pct
put,2012-06-04,2012-07-11,2012-06-07,early_75%,3,37,0.9995929718017607,0.01,34.81670885601145,8.478092022357092,6.282736924729777,218.74422232722938,0.7410555238327127,0.06867789852452318,True,0.0,1pct_UNFILTERED_early75pct
call,2012-05-22,2012-06-28,2012-06-14,early_75%,23,37,1.031586303710938,0.01,33.34213264263924,6.564704575968033,4.9512400207886955,165.08490151868057,0.7542213002111499,0.051258295798953225,True,0.0,1pct_UNFILTERED_early75pct
put,2012-06-08,2012-07-13,2012-06-18,early_75%,10,35,1.038609313964841,0.01,33.50749056431518,8.656767059466935,6.564044653058988,219.94466427611752,0.7582558948355471,0.06894703292413402,True,0.0,1pct_UNFILTERED_early75pct
call,2012-06-15,2012-07-20,2012-06-25,early_75%,10,35,1.0521479797363327,0.01,32.43899384700608,6.840930551500776,4.967638139421196,161.14518303883693,0.7261640944931661,0.050497538315786086,True,0.0,1pct_UNFILTERED_early75pct
put,2012-06-19,2012-07-26,2012-07-03,early_75%,14,37,1.064384231567388,0.01,32.72193633602459,8.761305506829206,6.789412682444622,222.16272955395087,0.7749316214521288,0.06950873291305507,True,0.0,1pct_UNFILTERED_early75pct
put,2012-07-05,2012-08-10,2012-07-19,early_75%,14,36,1.0729336547851602,0.01,32.44416689812035,8.765461031932483,6.556473555963227,212.71932231278356,0.7479895845840923,0.0665443317077528,True,0.0,1pct_UNFILTERED_early75pct
call,2012-06-26,2012-08-02,2012-07-23,early_75%,27,37,1.0352057647705095,0.01,32.95283755566129,6.782399546429973,5.1848693949144025,170.85615891793415,0.7644594452775262,0.053596931009284005,True,0.0,1pct_UNFILTERED_early75pct
put,2012-07-20,2012-08-24,2012-08-03,early_75%,14,35,1.0704235076904354,0.01,32.59600738058206,8.64285285615657,7.468549979147551,243.44491024253955,0.86413017824635,0.07590028544413362,True,0.0,1pct_UNFILTERED_early75pct
put,2012-08-06,2012-09-12,2012-08-16,early_75%,10,37,1.0951310729980435,0.01,31.911329101115662,8.850399954020963,7.028657183744944,224.29379252940566,0.7941626616039702,0.06982384409353326,True,0.0,1pct_UNFILTERED_early75pct
call,2012-07-24,2012-08-30,2012-08-27,early_75%,34,37,1.0505005645752021,0.01,32.635387216011935,6.832639481867958,6.337207420475733,206.8172180354097,0.927490384542171,0.06452223664206831,True,0.0,1pct_UNFILTERED_early75pct
put,2012-08-17,2012-09-21,2012-09-06,early_75%,20,35,1.1152109527587868,0.01,31.293788814022406,8.725361630086145,6.4899153745506295,203.09404115206453,0.7437990136904566,0.06313409267463567,True,0.0,1pct_UNFILTERED_early75pct
put,2012-09-07,2012-10-12,2012-09-18,early_75%,11,35,1.132074661254876,0.01,30.95175236277524,8.963926968245195,6.581847421629588,203.71971148384972,0.7342593759348833,0.0631391400833143,True,0.0,1pct_UNFILTERED_early75pct
call,2012-08-28,2012-10-04,2012-09-25,early_75%,28,37,1.1090930175781182,0.01,31.134240715530012,7.4482580140615315,5.6841479324359945,176.97162999114448,0.7631513196380842,0.054939982497318976,True,0.0,1pct_UNFILTERED_early75pct
put,2012-09-19,2012-10-26,2012-10-16,early_75%,27,37,1.1506642913818297,0.01,30.484815025182467,9.097171356055508,7.221348863949745,220.14148434981954,0.793801565488032,0.06814569635654918,True,0.0,1pct_UNFILTERED_early75pct
call,2012-09-26,2012-11-02,2012-10-19,early_75%,23,37,1.1299176025390665,0.01,30.64517276409708,7.573822484085399,6.310544403342174,193.38772347592683,0.8332046884650774,0.059862149998809205,True,0.0,1pct_UNFILTERED_early75pct
call,2012-10-22,2012-11-28,2012-11-07,early_75%,16,37,1.1308638000488287,0.01,30.668191109993828,7.5887810891847876,6.068158128741577,186.09943317790922,0.7996222393856718,0.057519395617625126,True,0.0,1pct_UNFILTERED_early75pct
put,2012-10-17,2012-11-23,2012-11-23,early_75%,37,37,1.152864227294927,0.01,30.5757880462569,9.238376619269111,9.238376619269111,282.47064540226773,1.0,0.08711501020647738,True,0.0,1pct_UNFILTERED_early75pct
call,2012-11-08,2012-12-14,2012-12-04,early_75%,26,36,1.088518218994139,0.01,31.777791467486743,7.224494844534751,5.428839029875521,172.51651460193733,0.7514489451096191,0.053419087042837675,True,0.0,1pct_UNFILTERED_early75pct
put,2012-11-26,2013-01-02,2012-12-11,early_75%,15,37,1.11225364685059,0.01,31.818663576487165,8.95120400592174,6.973400303839718,221.88427825204934,0.7790460701405542,0.06818340289994881,True,0.0,1pct_UNFILTERED_early75pct
put,2012-12-12,2013-01-18,2013-01-02,early_75%,21,37,1.1316520690917997,0.01,31.3361034962832,9.145547658362688,8.950105860379598,280.4614435435459,0.9786298420516809,0.08604244548425856,True,0.0,1pct_UNFILTERED_early75pct
call,2012-12-05,2013-01-11,2013-01-07,early_75%,33,37,1.115802154541015,0.01,31.285483373545496,7.494582897347424,7.056496937263374,220.765917606228,0.9415463187098639,0.06779511027533724,True,0.0,1pct_UNFILTERED_early75pct
put,2013-01-03,2013-02-08,2013-01-16,early_75%,13,36,1.157308120727535,0.01,30.676126543068847,9.203741937202109,6.793759410298371,208.40622337347762,0.7381518795999228,0.06377495787365207,True,0.0,1pct_UNFILTERED_early75pct
put,2013-01-17,2013-02-22,2013-01-29,early_75%,12,36,1.175335540771485,0.01,30.232980186811098,9.233700912513482,7.420772678457424,224.35207335863242,0.8036617980988334,0.06852061624844985,True,0.0,1pct_UNFILTERED_early75pct
put,2013-01-30,2013-03-08,2013-02-11,early_75%,12,37,1.1917740631103584,0.01,29.846843148536074,9.472183802951035,7.299282444335878,217.86053821295596,0.7706018586824513,0.06653541442658258,True,0.0,1pct_UNFILTERED_early75pct
call,2013-01-08,2013-02-14,2013-02-12,early_75%,35,37,1.155878982543939,0.01,30.36937915464524,7.835526956973762,6.448611208072284,195.8403187988421,0.8229964932138869,0.059846582775173504,True,0.0,1pct_UNFILTERED_early75pct
put,2013-02-12,2013-03-21,2013-03-05,early_75%,21,37,1.207259826660163,0.01,29.521980070558566,9.3819042523534,8.318787801693196,245.58708769279224,0.8866843636361427,0.07471244021426474,True,0.0,1pct_UNFILTERED_early75pct
put,2013-03-06,2013-04-12,2013-03-14,early_75%,8,37,1.2269547271728527,0.01,29.14063670466564,9.65684129615097,8.12954588636807,236.90014324856097,0.8418431697338083,0.07191829717117512,True,0.0,1pct_UNFILTERED_early75pct
call,2013-02-13,2013-03-22,2013-03-15,early_75%,30,37,1.208292236328134,0.01,29.185505324392015,8.188962342964148,6.170301381001471,180.08336380832182,0.753490017731357,0.054778826951793626,True,0.0,1pct_UNFILTERED_early75pct
put,2013-03-15,2013-04-19,2013-04-08,early_75%,24,35,1.2430213928222713,0.01,28.719404268975357,9.37955008354388,7.104852105547231,204.0471198904917,0.757483252636229,0.06182293798884089,True,0.0,1pct_UNFILTERED_early75pct
call,2013-03-18,2013-04-24,2013-04-15,early_75%,28,37,1.2361609649658192,0.01,28.643793876639812,8.380002614396126,7.022448128716986,201.14955670836432,0.8380007085741265,0.06093965781152339,True,0.0,1pct_UNFILTERED_early75pct
put,2013-04-09,2013-05-16,2013-04-29,early_75%,20,37,1.2503597259521513,0.01,28.69704683406987,9.746299540964834,8.532026170067697,244.84395459194246,0.8754118559773989,0.07400512070194612,True,0.0,1pct_UNFILTERED_early75pct
put,2013-04-30,2013-06-06,2013-05-07,early_75%,7,37,1.273731460571284,0.01,28.243357264028067,10.023675406739658,7.369414032020929,208.13699333290867,0.7352007854390343,0.06279886897808104,True,0.0,1pct_UNFILTERED_early75pct
put,2013-05-08,2013-06-14,2013-05-17,early_75%,9,37,1.3029269409179705,0.01,27.591029570426393,10.128470046317906,8.219801598231868,226.7927889598536,0.8115541202809882,0.06840473246946513,True,0.0,1pct_UNFILTERED_early75pct
call,2013-04-16,2013-05-23,2013-05-23,early_75%,37,37,1.2556243896484318,0.01,28.204307022226594,8.509319276123865,8.509319276123865,239.99945341394843,1.0,0.07269621944936447,True,0.0,1pct_UNFILTERED_early75pct
call,2013-05-24,2013-06-28,2013-06-12,early_75%,19,35,1.3186404418945301,0.01,27.0385331178995,8.940956844264832,6.994694765594383,189.12628606912202,0.7823206047662699,0.056903018925583394,True,0.0,1pct_UNFILTERED_early75pct
call,2013-06-13,2013-07-19,2013-06-24,early_75%,11,36,1.3098663330078182,0.01,27.156963775312082,8.812191558342523,6.6104546813985525,179.51987832108267,0.7501487725990726,0.05410669029562099,True,0.0,1pct_UNFILTERED_early75pct
put,2013-05-20,2013-06-26,2013-06-26,early_75%,37,37,1.3315635681152287,0.01,26.92844243485858,10.406655982675876,10.406655982675876,280.23503656886396,1.0,0.08477948143585408,True,0.0,1pct_UNFILTERED_early75pct
put,2013-06-27,2013-08-02,2013-07-08,early_75%,11,36,1.2916981506347724,0.01,28.139345874201325,10.501126416166562,8.829264837651854,248.44973708160953,0.840792167215427,0.07440264941237257,True,0.0,1pct_UNFILTERED_early75pct
put,2013-07-09,2013-08-15,2013-07-18,early_75%,9,37,1.324174957275389,0.01,27.43429748774975,10.52815722096809,8.463300841720052,232.18471302007077,0.8038729536508413,0.06943429954920802,True,0.0,1pct_UNFILTERED_early75pct
call,2013-06-25,2013-08-01,2013-07-30,early_75%,35,37,1.2715702819824344,0.01,27.793775994306667,8.422736643765017,7.3987582615962,205.63942975883057,0.8784268788782772,0.06231357567162015,True,0.0,1pct_UNFILTERED_early75pct
put,2013-07-19,2013-08-23,2013-08-02,early_75%,14,35,1.35657150268554,0.01,26.68225555329243,10.469780933990688,8.31197964981121,221.7823651700288,0.7939019643501743,0.06639631213591077,True,0.0,1pct_UNFILTERED_early75pct
call,2013-07-31,2013-09-06,2013-08-15,early_75%,15,37,1.352882843017568,0.01,26.597583565122065,9.171338827855735,6.712835354683854,178.54519930510963,0.7319362506044627,0.05322706896729452,True,0.0,1pct_UNFILTERED_early75pct
put,2013-08-05,2013-09-11,2013-09-09,early_75%,35,37,1.3688412475586063,0.01,26.559740879488867,10.497596469231512,9.70891853480927,257.8663605046009,0.9248706180758748,0.0768192517543534,True,0.0,1pct_UNFILTERED_early75pct
call,2013-08-16,2013-09-20,2013-09-12,early_75%,27,35,1.3297883605956997,0.01,27.014048002573197,9.013830531786612,7.239124162512052,195.55804762268806,0.8031129647915847,0.0583965138523678,True,0.0,1pct_UNFILTERED_early75pct
put,2013-09-10,2013-10-17,2013-09-18,early_75%,8,37,1.3541656494140568,0.01,27.0481488729008,10.788683179081938,9.005321710265443,243.57728226762535,0.8347007286047444,0.07225768088909172,True,0.0,1pct_UNFILTERED_early75pct
call,2013-09-13,2013-10-18,2013-10-07,early_75%,24,35,1.3578549194336063,0.01,26.636511039425812,9.205961186066927,6.765227386797984,180.20205397267034,0.7348746372119237,0.05344645651886462,True,0.0,1pct_UNFILTERED_early75pct
put,2013-09-19,2013-10-25,2013-10-16,early_75%,27,36,1.3853594970703114,0.01,26.394361262637414,10.822151727373122,9.451432475466857,249.46452320689568,0.8733413385399854,0.07400478746213672,True,0.0,1pct_UNFILTERED_early75pct
put,2013-10-17,2013-11-22,2013-10-28,early_75%,11,36,1.395819244384768,0.01,26.294649749691203,10.952593490298357,8.396697916829945,220.78823077700517,0.7666401500491745,0.0652782522845646,True,0.0,1pct_UNFILTERED_early75pct
call,2013-10-08,2013-11-14,2013-11-12,early_75%,35,37,1.3334492492675736,0.01,27.007077973691082,8.684259602186778,8.261601878607234,223.1217261231383,0.9513305977779482,0.06627272409542383,True,0.0,1pct_UNFILTERED_early75pct
put,2013-10-29,2013-12-05,2013-11-14,early_75%,16,37,1.4276487731933685,0.01,25.718214752840325,11.218433396926486,9.590138421877324,246.64123944330623,0.8548554047220831,0.07290306097163558,True,0.0,1pct_UNFILTERED_early75pct
put,2013-11-15,2013-12-20,2013-12-09,early_75%,24,35,1.4508554077148403,0.01,25.361754578588926,11.132053881364026,9.960125317513281,252.60625387476193,0.8947248570353535,0.07435510301932953,True,0.0,1pct_UNFILTERED_early75pct
call,2013-11-13,2013-12-20,2013-12-11,early_75%,28,37,1.4373988342285031,0.01,25.34601234552839,9.73357619958827,8.494408680842222,215.29938729259047,0.8726914452266306,0.06338812595357962,True,0.0,1pct_UNFILTERED_early75pct
put,2013-12-10,2014-01-16,2013-12-23,early_75%,13,37,1.4564961242675736,0.01,25.396047643980957,11.5193799205842,9.421196099669874,239.2611450105037,0.817856183633197,0.07023916922857998,True,0.0,1pct_UNFILTERED_early75pct
put,2013-12-24,2014-01-30,2014-01-10,early_75%,17,37,1.4820655822753963,0.01,24.936556412752417,11.488734067829432,8.57666237424251,213.87242512842943,0.7465280616302836,0.06273258389647482,True,0.0,1pct_UNFILTERED_early75pct
call,2013-12-12,2014-01-17,2014-01-13,early_75%,32,36,1.4353837585449298,0.01,25.419969242377363,9.694405817896076,9.631992629835219,244.8449563932167,0.9935619377573774,0.07196433748342601,True,0.0,1pct_UNFILTERED_early75pct
call,2014-01-14,2014-02-20,2014-01-29,early_75%,15,37,1.4880607604980582,0.01,24.66210372143665,10.069802798866581,7.7608615315960865,191.39917205993038,0.7707064067301913,0.055939671361638986,True,0.0,1pct_UNFILTERED_early75pct
put,2014-01-13,2014-02-19,2014-02-11,early_75%,29,37,1.4720193481445278,0.01,25.213670704517188,11.546611711395634,10.829653585593563,273.05531935114993,0.9379074880387216,0.07983213144806925,True,0.0,1pct_UNFILTERED_early75pct
put,2014-02-12,2014-03-21,2014-02-25,early_75%,13,37,1.4750982666015489,0.01,25.281323516428017,11.721311328843251,9.22786855188814,233.29273022735617,0.7872727114738975,0.06795765112662862,True,0.0,1pct_UNFILTERED_early75pct
call,2014-01-30,2014-03-07,2014-02-26,early_75%,27,36,1.4520890808105378,0.01,25.205891890833552,9.719607538813491,7.214369589786713,181.8446199406811,0.7422490631414319,0.053246784512977485,True,0.0,1pct_UNFILTERED_early75pct
put,2014-02-26,2014-04-04,2014-03-10,early_75%,12,37,1.4976213073730378,0.01,24.95187409972774,11.907182275926584,9.077679244412298,226.5051096242873,0.7623700581761607,0.06584949866312263,True,0.0,1pct_UNFILTERED_early75pct
call,2014-02-27,2014-04-04,2014-03-24,early_75%,25,36,1.5054801940918026,0.01,24.50464961773945,10.204977382615747,8.920957446711773,218.60493648643555,0.8741770914562427,0.06356537038026573,True,0.0,1pct_UNFILTERED_early75pct
put,2014-03-11,2014-04-17,2014-03-31,early_75%,20,37,1.516903839111336,0.01,24.6699537104751,12.121100807473598,9.63637389378516,237.7288978965106,0.7950081471019191,0.06904365831433049,True,0.0,1pct_UNFILTERED_early75pct
call,2014-03-25,2014-05-01,2014-04-10,early_75%,16,37,1.5161116027832122,0.01,24.404692195423724,10.273851612116761,7.78678596795301,190.0341147395378,0.7579227598313217,0.05509363409729995,True,0.0,1pct_UNFILTERED_early75pct
put,2014-04-01,2014-05-08,2014-04-29,early_75%,28,37,1.531898956298818,0.01,24.457085439530974,11.986068777785134,10.566818229985902,258.43357627475865,0.8815916566047363,0.0748337949866902,True,0.0,1pct_UNFILTERED_early75pct
call,2014-04-11,2014-05-16,2014-05-08,early_75%,27,35,1.4770515441894645,0.01,24.992155970230545,9.917610042439218,7.6575353585267365,191.37831802785547,0.7721149879616944,0.05557494614754414,True,0.0,1pct_UNFILTERED_early75pct
put,2014-04-30,2014-06-06,2014-05-13,early_75%,13,37,1.5323875427246207,0.01,24.516521191449275,12.041468398339655,9.17639476915969,224.97327681920783,0.7620660924065527,0.06498988073567123,True,0.0,1pct_UNFILTERED_early75pct
put,2014-05-14,2014-06-20,2014-05-27,early_75%,13,37,1.5384902954101562,0.01,24.432258540059095,11.86604772799269,9.575079156594851,233.9408094954564,0.8069307806681654,0.06743821713227752,True,0.0,1pct_UNFILTERED_early75pct
put,2014-05-28,2014-07-03,2014-06-06,early_75%,9,36,1.5573690795898472,0.01,24.16555230196154,11.87501033113765,10.576426205763966,255.58518064322575,0.8906456424742093,0.07351791113671996,True,0.0,1pct_UNFILTERED_early75pct
call,2014-05-09,2014-06-13,2014-06-11,early_75%,33,35,1.5295390319824094,0.01,24.3088852088312,10.360961470364563,9.862078993652782,239.736146177131,0.9518497894101109,0.0691624625605489,True,0.0,1pct_UNFILTERED_early75pct
put,2014-06-09,2014-07-16,2014-06-30,early_75%,21,37,1.5915473937988338,0.01,23.654990184395306,12.04654712225076,9.484164293489627,224.34781326968957,0.7872931718311014,0.06447067391651362,True,0.0,1pct_UNFILTERED_early75pct
call,2014-06-12,2014-07-18,2014-07-10,early_75%,28,36,1.5749464416503827,0.01,23.723113920069604,10.66246225571765,8.087972999110661,191.87190484034923,0.7585464600142954,0.055083108443526124,True,0.0,1pct_UNFILTERED_early75pct
put,2014-07-01,2014-08-07,2014-07-23,early_75%,22,37,1.6110295104980423,0.01,23.444567996044906,12.19400879242972,10.603363464061157,248.59127571996007,0.8695551761979976,0.07120702963381663,True,0.0,1pct_UNFILTERED_early75pct
call,2014-07-11,2014-08-15,2014-07-31,early_75%,20,35,1.6075947570800793,0.01,23.29371726028355,10.857627770163191,8.226271517179732,191.62044282750847,0.7576490639866622,0.054877719189897325,True,0.0,1pct_UNFILTERED_early75pct
put,2014-07-24,2014-08-29,2014-08-19,early_75%,26,36,1.6242759704589957,0.01,23.326242703131054,12.421616776320143,10.723783811661066,250.14558388671387,0.8633162658909485,0.07148904191945608,True,0.0,1pct_UNFILTERED_early75pct
call,2014-08-01,2014-09-05,2014-09-02,early_75%,32,35,1.5739898681640625,0.01,23.72589486654902,10.568498969864864,10.451638476126995,247.97447566776768,0.988942564684816,0.07118166417216044,True,0.0,1pct_UNFILTERED_early75pct
put,2014-08-20,2014-09-26,2014-09-05,early_75%,16,37,1.6264836120605537,0.01,23.366251280035666,12.460061670079856,9.387488469323037,219.35041446263946,0.7534062605697258,0.06250479230623684,True,0.0,1pct_UNFILTERED_early75pct
call,2014-09-03,2014-10-10,2014-09-25,early_75%,22,37,1.6394018554687477,0.01,23.002808288300734,11.096664656001169,9.556085595741335,219.81680494543005,0.8611673770436349,0.06252201951408942,True,0.0,1pct_UNFILTERED_early75pct
call,2014-09-26,2014-10-31,2014-10-13,early_75%,17,35,1.625707092285154,0.01,23.191562612078194,11.010815752860337,8.76124653055022,203.18699747310828,0.7956945904098219,0.05780715682515,True,0.0,1pct_UNFILTERED_early75pct
put,2014-09-08,2014-10-15,2014-10-15,expired,37,37,1.6401379394531261,0.01,23.245105173382274,12.749823086686199,-151.2639708586264,-3516.1469115522023,-11.864005471305827,-1.0,False,151.2639708586264,1pct_UNFILTERED_early75pct
put,2014-10-16,2014-11-21,2014-10-20,early_75%,4,36,1.5301687622070403,0.01,24.654355825869807,12.941347683060044,10.84572857665437,267.39445151964134,0.8380679386932169,0.07742771838793869,True,0.0,1pct_UNFILTERED_early75pct
put,2014-10-21,2014-11-26,2014-10-28,early_75%,7,36,1.5942442321777435,0.01,23.617654929396792,12.87517141909958,10.469900799355269,247.27450422418838,0.8131853517556877,0.07144288128975591,True,0.0,1pct_UNFILTERED_early75pct
put,2014-10-29,2014-12-05,2014-11-05,early_75%,7,37,1.6274327087402298,0.01,23.132165056167956,13.051970718707476,9.919879537314108,229.46829079445297,0.7600292516053441,0.0662689116002167,True,0.0,1pct_UNFILTERED_early75pct
put,2014-11-06,2014-12-12,2014-11-20,early_75%,14,36,1.6688349914550713,0.01,22.518054498462938,13.128126318044936,9.653803942157191,217.38488328697198,0.7353527615656621,0.06278677463187113,True,0.0,1pct_UNFILTERED_early75pct
call,2014-10-14,2014-11-20,2014-11-20,early_75%,37,37,1.5419163513183491,0.01,24.06257207062946,9.776641552157278,9.776641552157278,235.25114195749518,1.0,0.06769824455078649,True,0.0,1pct_UNFILTERED_early75pct
put,2014-11-21,2014-12-26,2014-12-05,early_75%,14,35,1.697832794189452,0.01,22.213834911563556,13.177947310281443,9.897037324252025,219.8511532345172,0.7510302698304424,0.06319732023801569,True,0.0,1pct_UNFILTERED_early75pct
call,2014-11-21,2014-12-26,2014-12-12,early_75%,21,35,1.697832794189452,0.01,21.978408887473798,11.500438675404276,8.536742633498832,187.6240201661672,0.7422971309569406,0.053933468677950756,True,0.0,1pct_UNFILTERED_early75pct
put,2014-12-08,2015-01-14,2014-12-26,early_75%,18,37,1.697258148193356,0.01,22.308391088219675,13.47239620275279,11.114981872556838,247.9573625514702,0.8250189279829622,0.07113432762601478,True,0.0,1pct_UNFILTERED_early75pct
call,2014-12-15,2015-01-21,2015-01-12,early_75%,28,37,1.638932800292963,0.01,22.643835006288878,10.665250827874834,9.063933534821123,205.24221547045823,0.8498565745056377,0.059153234444504876,True,0.0,1pct_UNFILTERED_early75pct
call,2015-01-13,2015-02-19,2015-01-30,early_75%,17,37,1.6692071533203148,0.01,22.317319118023683,10.846964200744091,8.14536581695497,181.78272827002573,0.7509350695926704,0.0521892102798451,True,0.0,1pct_UNFILTERED_early75pct
put,2014-12-29,2015-02-04,2015-02-03,early_75%,36,37,1.7240545654296966,0.01,21.985833382802088,13.814136791725229,13.813399664798094,303.6991034803051,0.9999466396678817,0.08710060352902577,True,0.0,1pct_UNFILTERED_early75pct
put,2015-02-04,2015-03-13,2015-02-12,early_75%,8,37,1.685561828613288,0.01,22.651898305879758,13.870038073480757,11.98536444918635,271.49125666187575,0.8641190734798438,0.07748182272965862,True,0.0,1pct_UNFILTERED_early75pct
put,2015-02-13,2015-03-20,2015-03-02,early_75%,17,35,1.732810058593742,0.01,21.996567593342593,13.770200303423477,12.369334549295372,272.0829034982435,0.8982683095917037,0.0775454334029844,True,0.0,1pct_UNFILTERED_early75pct
call,2015-02-02,2015-03-11,2015-03-03,early_75%,29,37,1.6678858947753952,0.01,22.370572117865006,10.95686665568153,8.378679534249702,187.43585477341253,0.7646966781242204,0.0537674831704707,True,0.0,1pct_UNFILTERED_early75pct
call,2015-03-04,2015-04-10,2015-03-24,early_75%,20,37,1.7365270996093614,0.01,21.74144485302433,11.76364400013396,9.976011472291136,216.89290327795578,0.8480375190015553,0.06162251547431008,True,0.0,1pct_UNFILTERED_early75pct
put,2015-03-03,2015-04-09,2015-04-06,early_75%,34,37,1.7438787841796852,0.01,21.915372061603726,13.783692124407112,13.700081614705859,300.2423858606156,0.9939340991552472,0.08530339047118034,True,0.0,1pct_UNFILTERED_early75pct
put,2015-04-07,2015-05-14,2015-04-15,early_75%,8,37,1.719802551269538,0.01,22.31718600874613,13.739442868738983,10.833888507876315,241.78190502829278,0.7885245865774074,0.06846456583019651,True,0.0,1pct_UNFILTERED_early75pct
call,2015-03-25,2015-05-01,2015-04-17,early_75%,23,37,1.7071907043456918,0.01,22.161021668531696,11.523708569003377,9.320671035974215,206.55559279348034,0.8088256467232326,0.05854863437444336,True,0.0,1pct_UNFILTERED_early75pct
put,2015-04-16,2015-05-22,2015-05-08,early_75%,22,36,1.7454399108886776,0.01,21.97247909237087,13.52074154677449,11.511400599235076,252.93400899059822,0.851388258507259,0.07148905907668861,True,0.0,1pct_UNFILTERED_early75pct
call,2015-04-20,2015-05-27,2015-05-12,early_75%,22,37,1.741125640869143,0.01,21.768538256350855,11.80299272000502,9.306334902899689,202.58530736018508,0.7884724767411133,0.057336944608535945,True,0.0,1pct_UNFILTERED_early75pct
put,2015-05-11,2015-06-17,2015-05-21,early_75%,10,37,1.7474316406249955,0.01,22.04237517452365,13.810045231094106,11.229173954976087,247.51766521557244,0.8131163777576166,0.06977540755138065,True,0.0,1pct_UNFILTERED_early75pct
call,2015-05-13,2015-06-19,2015-06-04,early_75%,22,37,1.7425364685058469,0.01,21.8381666205861,11.811411746796049,8.91205602753843,194.6229644613829,0.754529282238925,0.054862924176365103,True,0.0,1pct_UNFILTERED_early75pct
put,2015-05-22,2015-06-26,2015-06-18,early_75%,27,35,1.7671781921386582,0.01,21.770846700871072,13.545007229195125,12.191879500301775,265.42753959656255,0.9001013653225082,0.07471759144193177,True,0.0,1pct_UNFILTERED_early75pct
call,2015-06-05,2015-07-10,2015-06-26,early_75%,21,35,1.7404621887206986,0.01,21.890528877580465,11.799480134454498,9.05898080341248,198.30588087854798,0.7677440616184643,0.055834594112012435,True,0.0,1pct_UNFILTERED_early75pct
put,2015-06-19,2015-07-24,2015-07-13,early_75%,24,35,1.7575987243652378,0.01,22.007600833294017,13.845014630199765,10.719213181881324,235.90416495382763,0.7742290974904271,0.06620277673777913,True,0.0,1pct_UNFILTERED_early75pct
call,2015-06-29,2015-08-05,2015-07-21,early_75%,22,37,1.7126605224609364,0.01,22.296042204017514,11.3086574095963,9.092191731906386,202.71989058160386,0.8040027567013335,0.056841334164013456,True,0.0,1pct_UNFILTERED_early75pct
put,2015-07-14,2015-08-20,2015-08-05,early_75%,22,37,1.7565148925781386,0.01,22.082481968261867,13.795187848840628,10.29986065709835,227.44648723598414,0.7466270680731592,0.06363583355999836,True,0.0,1pct_UNFILTERED_early75pct
call,2015-07-22,2015-08-28,2015-08-07,early_75%,16,37,1.7622676086425884,0.01,21.781254072142794,11.91880012826885,9.846670954262105,214.47284181957164,0.8261461597051118,0.059928142922324595,True,0.0,1pct_UNFILTERED_early75pct
call,2015-08-10,2015-09-16,2015-09-01,early_75%,22,37,1.7555978393554597,0.01,21.89608556552432,11.878298583163915,10.324757996060285,226.07178452506741,0.8692118592383601,0.06307834984410489,True,0.0,1pct_UNFILTERED_early75pct
put,2015-08-06,2015-09-11,2015-09-11,expired,36,36,1.7370889282226472,0.01,22.3944323173751,13.682874396855613,-106.3060200795769,-2380.662971601603,-7.76927544580885,-0.6643045994994118,False,106.3060200795769,1pct_UNFILTERED_early75pct
call,2015-09-02,2015-10-09,2015-09-21,early_75%,19,37,1.629203948974606,0.01,23.13746956496025,9.898623723681032,8.417023015328196,194.74861384472607,0.8503225549620277,0.05500539531573832,True,0.0,1pct_UNFILTERED_early75pct
put,2015-09-14,2015-10-21,2015-10-02,early_75%,18,37,1.634206542968741,0.01,23.677984301293552,13.79685773729567,10.233901819247386,242.31816661711912,0.7417559863347071,0.06839755476444127,True,0.0,1pct_UNFILTERED_early75pct
put,2015-10-05,2015-11-11,2015-10-12,early_75%,7,37,1.663318481445316,0.01,23.281057227160833,13.784064620744196,10.403293506178876,242.1996714683011,0.7547333672915708,0.06819694961058971,True,0.0,1pct_UNFILTERED_early75pct
put,2015-10-13,2015-11-19,2015-10-19,early_75%,6,37,1.6782360839843875,0.01,23.087130168087356,13.749192694399099,10.102031043165288,233.22690565561632,0.7347363054472626,0.06556592148673275,True,0.0,1pct_UNFILTERED_early75pct
call,2015-09-22,2015-10-29,2015-10-19,early_75%,27,37,1.6251028442382847,0.01,23.325512497730163,10.346471227704889,7.917831755856707,184.68748357616036,0.765268813066915,0.05203491940394154,True,0.0,1pct_UNFILTERED_early75pct
put,2015-10-20,2015-11-25,2015-10-28,early_75%,8,36,1.7022044372558582,0.01,22.766795255263393,13.705296574448617,12.066654493800966,274.7190522763705,0.8804373132864091,0.07709576174214582,True,0.0,1pct_UNFILTERED_early75pct
call,2015-10-20,2015-11-25,2015-11-17,early_75%,28,36,1.7022044372558582,0.01,22.44861539394275,11.48689838190059,8.967049186882388,201.29783841488978,0.7806327599285966,0.05649120459992999,True,0.0,1pct_UNFILTERED_early75pct
put,2015-10-29,2015-12-04,2015-11-23,early_75%,25,36,1.7501425170898415,0.01,22.11968944394258,13.926268446814507,11.54170385355416,255.29890489457335,0.8287721795420516,0.07164844713941271,True,0.0,1pct_UNFILTERED_early75pct
call,2015-11-18,2015-12-24,2015-12-07,early_75%,19,36,1.749304351806643,0.01,21.86433561231132,11.740285346539281,9.701273825718044,212.1119067924307,0.8263235125352143,0.0594476678621775,True,0.0,1pct_UNFILTERED_early75pct
call,2015-12-08,2016-01-14,2015-12-22,early_75%,14,37,1.7343869018554585,0.01,22.137598059875224,11.564886863546114,8.896483195895884,196.94676913717726,0.7692667728500352,0.05495937584291499,True,0.0,1pct_UNFILTERED_early75pct
put,2015-11-24,2015-12-31,2015-12-23,early_75%,29,37,1.7545007324218886,0.01,22.19273396583258,14.176601076236805,12.549685995623628,278.51184265560994,0.885239411628768,0.07781618282955967,True,0.0,1pct_UNFILTERED_early75pct
call,2015-12-23,2016-01-29,2016-01-07,early_75%,15,37,1.7368684387207054,0.01,22.155175990607578,11.717712535760022,8.771837794749631,194.34161010374115,0.7485964319383844,0.05415746644053987,True,0.0,1pct_UNFILTERED_early75pct
call,2016-01-08,2016-02-12,2016-01-20,early_75%,12,35,1.617996978759777,0.01,23.460581663549405,9.808706212158702,7.223774483944232,169.47395119963812,0.7364655773857073,0.04752764887488941,True,0.0,1pct_UNFILTERED_early75pct
put,2015-12-24,2016-01-29,2016-01-29,expired,36,36,1.7340022277832077,0.01,22.522480463750167,13.959995833246058,-22.310379935419927,-502.48509623433904,-1.5981652288381945,-0.13992942912145748,False,22.310379935419927,1pct_UNFILTERED_early75pct
call,2016-01-21,2016-02-26,2016-02-08,early_75%,18,36,1.5739057922363315,0.01,23.952259271334256,9.532377916450251,6.97262559739928,167.01013611084946,0.7314676000587906,0.047157516700161245,True,0.0,1pct_UNFILTERED_early75pct
put,2016-02-01,2016-03-09,2016-02-22,early_75%,21,37,1.6325825500488236,0.01,23.96792417597618,13.560344195398539,10.781364014362605,258.4069152098411,0.7950656605030032,0.07202080480657966,True,0.0,1pct_UNFILTERED_early75pct
put,2016-02-23,2016-03-31,2016-03-01,early_75%,7,37,1.6213693237304767,0.01,24.198135941604306,13.530808599372696,11.596582374538865,280.6156767571039,0.8570502116981018,0.07803569651140553,True,0.0,1pct_UNFILTERED_early75pct
call,2016-02-09,2016-03-17,2016-03-15,early_75%,35,37,1.5632824707031148,0.01,24.337474849414285,9.438175700625612,8.868325128937894,215.8326397819547,0.9396228053213773,0.06037389080313345,True,0.0,1pct_UNFILTERED_early75pct
put,2016-03-02,2016-04-08,2016-03-16,early_75%,14,37,1.6776855468750114,0.01,23.376926386588355,13.686768787208303,12.44205269481493,290.85694994474187,0.909056979646161,0.080749665653968,True,0.0,1pct_UNFILTERED_early75pct
put,2016-03-17,2016-04-22,2016-03-30,early_75%,13,36,1.725150146484367,0.01,22.746680389310644,13.70074137735282,10.519963664994954,239.29425119480123,0.7678390077769326,0.06624066872779234,True,0.0,1pct_UNFILTERED_early75pct
call,2016-03-16,2016-04-22,2016-04-11,early_75%,26,37,1.7142745971679574,0.01,22.59827024013276,11.590566035260386,9.005598777467554,203.510954847421,0.7769766161610278,0.056342428647359895,True,0.0,1pct_UNFILTERED_early75pct
put,2016-03-31,2016-05-06,2016-04-14,early_75%,14,36,1.7415896606445358,0.01,22.55491716149866,13.749805973346382,10.258816421192517,231.38675455501937,0.7461062680505418,0.06395405608611031,True,0.0,1pct_UNFILTERED_early75pct
call,2016-04-12,2016-05-19,2016-05-04,early_75%,22,37,1.7449792480468886,0.01,22.24498754378328,11.803332949870493,9.641632481269596,214.47799444757845,0.8168567744566915,0.05926215721954281,True,0.0,1pct_UNFILTERED_early75pct
put,2016-04-15,2016-05-20,2016-05-10,early_75%,25,35,1.7607412719726483,0.01,22.340389156919898,13.808042436101859,12.855775708461268,287.20303224110233,0.9310353562391408,0.07922651074858614,True,0.0,1pct_UNFILTERED_early75pct
put,2016-05-11,2016-06-17,2016-05-25,early_75%,14,37,1.7498944091796886,0.01,22.576513338599202,13.966193077679174,11.017425856205161,248.73506179964355,0.7888639226829289,0.06842133669501409,True,0.0,1pct_UNFILTERED_early75pct
call,2016-05-05,2016-06-10,2016-06-01,early_75%,27,36,1.736928710937491,0.01,22.40295395910801,11.713222847146,8.745661280295524,195.92864700441424,0.7466485863390244,0.0539923464149079,True,0.0,1pct_UNFILTERED_early75pct
put,2016-05-26,2016-07-01,2016-06-23,early_75%,28,36,1.7739607238769395,0.01,22.289580424227825,13.910285428617822,13.045856920033561,290.7866770220572,0.9378568820158169,0.0797981106657254,True,0.0,1pct_UNFILTERED_early75pct
call,2016-06-02,2016-07-08,2016-06-27,early_75%,25,36,1.787264862060539,0.01,21.88698766290541,12.117442584074606,11.557882297151068,252.96722724705825,0.9538219155534565,0.06937127808845027,True,0.0,1pct_UNFILTERED_early75pct
put,2016-06-24,2016-07-29,2016-06-29,early_75%,5,35,1.7312249755859455,0.01,23.052198713673768,14.651067828988518,13.50109761631668,311.2299851040393,0.9215094608737996,0.08519578348824836,True,0.0,1pct_UNFILTERED_early75pct
put,2016-06-30,2016-08-05,2016-07-08,early_75%,8,36,1.784378356933587,0.01,22.306461908352404,14.350484118064344,11.660304341537799,260.1001346343091,0.812537350350421,0.07106156708359855,True,0.0,1pct_UNFILTERED_early75pct
put,2016-07-11,2016-08-17,2016-07-19,early_75%,8,37,1.8177688598632926,0.01,21.869040536881336,14.308778518173588,10.847310197821008,237.22026643227392,0.7580877839463259,0.0647723937519485,True,0.0,1pct_UNFILTERED_early75pct
call,2016-06-28,2016-08-04,2016-08-02,early_75%,35,37,1.7308845520019531,0.01,22.603399047233655,11.438671975918707,10.923673649442652,246.9121545601034,0.95497743727941,0.06757617258469749,True,0.0,1pct_UNFILTERED_early75pct
put,2016-07-20,2016-08-26,2016-08-08,early_75%,19,37,1.849201049804691,0.01,21.459660523181938,14.16369011296799,10.806729167316321,231.90873929657687,0.7629882524344342,0.06328739787434536,True,0.0,1pct_UNFILTERED_early75pct
call,2016-08-03,2016-09-09,2016-08-29,early_75%,26,37,1.8414497375488281,0.01,21.410161095004447,12.478060549602581,10.265390126392944,219.783656309141,0.8226751333339131,0.05979830320661463,True,0.0,1pct_UNFILTERED_early75pct
put,2016-08-09,2016-09-15,2016-09-02,early_75%,24,37,1.8584857177734477,0.01,21.452427285550637,14.20631340078891,11.391437850246206,244.373992160276,0.8018574227437227,0.06636732677599241,True,0.0,1pct_UNFILTERED_early75pct
call,2016-08-30,2016-10-06,2016-09-16,early_75%,17,37,1.8569526672363281,0.01,21.314768168714945,12.586874268473181,9.604849672623125,204.72514406731955,0.7630845806318058,0.05548459861708365,True,0.0,1pct_UNFILTERED_early75pct
put,2016-09-06,2016-10-13,2016-10-06,early_75%,30,37,1.8657263183593784,0.01,21.4407912839107,14.353340863759941,11.708502074868992,251.0395492345014,0.8157335763154085,0.0679860078901411,True,0.0,1pct_UNFILTERED_early75pct
call,2016-09-19,2016-10-26,2016-10-11,early_75%,22,37,1.8270373535156352,0.01,21.617226257439807,12.328116709929587,10.332867938462456,223.36794411398853,0.8381546169286285,0.06064757399470689,True,0.0,1pct_UNFILTERED_early75pct
call,2016-10-12,2016-11-18,2016-11-01,early_75%,20,37,1.8296057128906114,0.01,21.685601307474947,12.32435370920258,9.311409618397736,201.92351659516075,0.7555292421901944,0.05456877649107495,True,0.0,1pct_UNFILTERED_early75pct
put,2016-10-07,2016-11-11,2016-11-07,early_75%,31,35,1.8409921264648403,0.01,21.82947850981798,14.409824398466997,12.209986315775577,266.5376338853946,0.8473376203720115,0.0719549197615677,True,0.0,1pct_UNFILTERED_early75pct
put,2016-11-08,2016-12-15,2016-11-11,early_75%,3,37,1.833030242919932,0.01,22.070538562461525,15.121725740403647,11.293071708287309,249.24417462639832,0.7468110387767065,0.0671482014085125,True,0.0,1pct_UNFILTERED_early75pct
put,2016-11-14,2016-12-21,2016-11-21,early_75%,7,37,1.8542622375488236,0.01,21.788840094302113,14.76465313306955,11.937010828583706,260.0936201479631,0.808485693568205,0.06994551137136902,True,0.0,1pct_UNFILTERED_early75pct
call,2016-11-02,2016-12-09,2016-12-02,early_75%,30,37,1.7956176757812443,0.01,22.0879894427151,11.807719433956516,9.024835986672784,199.34048199586374,0.76431660128367,0.05379802208359726,True,0.0,1pct_UNFILTERED_early75pct
put,2016-11-22,2016-12-29,2016-12-07,early_75%,15,37,1.8884208679199332,0.01,21.37427243604299,14.622406721524083,12.764105847459511,272.823475786089,0.8729141577405882,0.07326443167784846,True,0.0,1pct_UNFILTERED_early75pct
put,2016-12-08,2017-01-13,2016-12-20,early_75%,12,36,1.9275453186035065,0.01,20.964677036215086,14.940780833767118,12.104247266690761,253.76163471266102,0.8101482379913096,0.06807261641357057,True,0.0,1pct_UNFILTERED_early75pct
call,2016-12-05,2017-01-11,2017-01-09,early_75%,35,37,1.8920166015624886,0.01,21.12609094208612,12.797275308713942,12.684200155438432,267.9675660114152,0.9911641227880349,0.0719041092226891,True,0.0,1pct_UNFILTERED_early75pct
put,2016-12-21,2017-01-27,2017-01-11,early_75%,21,37,1.9442459106445256,0.01,20.76679860169147,14.751592524178125,12.302085700455532,255.47493612210857,0.8339496688436989,0.06846930702109906,True,0.0,1pct_UNFILTERED_early75pct
put,2017-01-12,2017-02-17,2017-01-25,early_75%,13,36,1.9507902526855503,0.01,20.798496537063233,14.835596386292174,12.557980780222508,261.18711976996445,0.8464763028890336,0.06967233622938637,True,0.0,1pct_UNFILTERED_early75pct
call,2017-01-10,2017-02-16,2017-02-06,early_75%,27,37,1.9501884460449332,0.01,20.61214672271404,13.150163077902807,11.317230458802117,233.27241471159758,0.860615217602837,0.062227483939544886,True,0.0,1pct_UNFILTERED_early75pct
put,2017-01-26,2017-03-03,2017-02-10,early_75%,15,36,1.9749032592773403,0.01,20.548082127073513,14.735949662581291,10.935630294445774,224.70622940158486,0.7421055680051898,0.05983785733579153,True,0.0,1pct_UNFILTERED_early75pct
put,2017-02-13,2017-03-22,2017-02-24,early_75%,11,37,2.004526977539058,0.01,20.295359536641453,15.147635134651201,11.455118809248665,232.48575476864576,0.7562314980141247,0.06181762466352818,True,0.0,1pct_UNFILTERED_early75pct
call,2017-02-07,2017-03-16,2017-03-14,early_75%,35,37,1.9715446472168026,0.01,20.447585796688674,13.277482792089568,10.970118603753368,224.31244135009757,0.8262197568268831,0.059660097140130326,True,0.0,1pct_UNFILTERED_early75pct
put,2017-02-27,2017-04-05,2017-03-15,early_75%,16,37,2.041901245117174,0.01,19.92983521470115,15.727504400788717,11.992869212008324,239.01590714678875,0.7625411448879896,0.06363526732754404,True,0.0,1pct_UNFILTERED_early75pct
call,2017-03-15,2017-04-21,2017-03-27,early_75%,12,37,2.057746734619144,0.01,19.675898376450096,13.88638826653263,11.052430730649894,217.46650386902138,0.7959183135680561,0.05759825681591893,True,0.0,1pct_UNFILTERED_early75pct
put,2017-03-16,2017-04-21,2017-04-17,early_75%,32,36,2.053699493408203,0.01,19.896432139918613,15.516795154102727,12.084603226785092,240.44048803957108,0.7788079372556423,0.06365237005701825,True,0.0,1pct_UNFILTERED_early75pct
call,2017-03-28,2017-05-04,2017-04-21,early_75%,24,37,2.0353028869628815,0.01,19.88782283802753,13.727288749688583,10.10179267952944,200.90266315696493,0.7358913230231723,0.05322251324990408,True,0.0,1pct_UNFILTERED_early75pct
put,2017-04-18,2017-05-25,2017-04-24,early_75%,6,37,2.0227612304687455,0.01,20.356259116151787,16.09535847307106,14.306732628783152,291.23155649701323,0.8888731899149414,0.07684323706336404,True,0.0,1pct_UNFILTERED_early75pct
put,2017-04-25,2017-06-01,2017-05-15,early_75%,20,37,2.0632394409179824,0.01,19.89386289222332,15.488999480072685,13.429499023811761,267.16461229095813,0.867034635845229,0.07037232646848583,True,0.0,1pct_UNFILTERED_early75pct
call,2017-04-24,2017-05-31,2017-05-19,early_75%,25,37,2.0513037109375034,0.01,19.813768634930597,13.767530745901082,10.68174931216757,211.64570948761727,0.7758652956230208,0.055819349737654664,True,0.0,1pct_UNFILTERED_early75pct
put,2017-05-16,2017-06-22,2017-06-01,early_75%,16,37,2.0764723205566327,0.01,19.806411165834465,15.550425985712243,14.150538285931228,280.27137950903636,0.909977533665815,0.073663579189226,True,0.0,1pct_UNFILTERED_early75pct
call,2017-05-22,2017-06-28,2017-06-21,early_75%,30,37,2.071628723144528,0.01,19.66963928158446,13.914394779314387,11.563250621267052,227.4449686428803,0.831027925013122,0.059836179662344315,True,0.0,1pct_UNFILTERED_early75pct
put,2017-06-02,2017-07-07,2017-06-26,early_75%,24,35,2.111846923828125,0.01,19.455893051495842,15.357644274429754,13.485953308571915,262.3812652690417,0.8781264279591254,0.06886665268583306,True,0.0,1pct_UNFILTERED_early75pct
call,2017-06-22,2017-07-28,2017-07-11,early_75%,19,36,2.1105862426757938,0.01,19.39298807277642,14.097916151084172,11.259772620417106,218.36063612992342,0.7986834720641458,0.057167608342255524,True,0.0,1pct_UNFILTERED_early75pct
put,2017-06-27,2017-08-03,2017-07-12,early_75%,15,37,2.0974630737304665,0.01,19.715113680602812,15.846659289476406,13.508607715019062,266.323736768269,0.852457762122139,0.06966803626789919,True,0.0,1pct_UNFILTERED_early75pct
put,2017-07-13,2017-08-18,2017-07-24,early_75%,11,36,2.1243183898925793,0.01,19.460917080911827,15.568447555745152,11.784299691200685,229.33327914707138,0.7569347970634348,0.05986028994720753,True,0.0,1pct_UNFILTERED_early75pct
call,2017-07-12,2017-08-18,2017-08-09,early_75%,28,37,2.120755157470711,0.01,19.351334232036784,14.158551042652572,10.569073014281255,204.52566442215704,0.7464798468743001,0.05340155165609863,True,0.0,1pct_UNFILTERED_early75pct
call,2017-08-10,2017-09-15,2017-08-21,early_75%,11,36,2.118582153320318,0.01,19.437492293016,14.27860656951998,11.089202348397524,215.5462851826718,0.7766305692650178,0.056125236899960684,True,0.0,1pct_UNFILTERED_early75pct
put,2017-07-25,2017-08-31,2017-08-28,early_75%,34,37,2.150392303466788,0.01,19.23697917742746,15.611202421543465,14.469576114533371,278.3509344214802,0.9268713404526323,0.07255537882551397,True,0.0,1pct_UNFILTERED_early75pct
put,2017-08-29,2017-10-05,2017-09-11,early_75%,13,37,2.1280560302734273,0.01,19.601031675746494,16.27884907073519,14.713065364346289,288.39126025388026,0.9038148397601559,0.07486545759360014,True,0.0,1pct_UNFILTERED_early75pct
call,2017-08-22,2017-09-28,2017-09-20,early_75%,29,37,2.133183898925779,0.01,19.285268295643927,14.371698405940858,10.955379902119594,211.27744069308167,0.7622884639432,0.055066911745327775,True,0.0,1pct_UNFILTERED_early75pct
put,2017-09-12,2017-10-19,2017-09-28,early_75%,16,37,2.17325057983399,0.01,19.185214933653565,16.249525198413696,13.405659604670612,257.190460843003,0.8249877729337773,0.06666977040416744,True,0.0,1pct_UNFILTERED_early75pct
put,2017-09-29,2017-11-03,2017-10-05,early_75%,6,35,2.194342193603518,0.01,18.987768082605584,15.848479106121108,11.83382630349,224.69794938050583,0.746685295431248,0.05812699007657578,True,0.0,1pct_UNFILTERED_early75pct
put,2017-10-06,2017-11-10,2017-10-20,early_75%,14,35,2.221768341064461,0.01,18.752572761220208,16.111595130871102,12.426241345007721,233.02399497074015,0.7712607748687808,0.060302462495775956,True,0.0,1pct_UNFILTERED_early75pct
call,2017-09-21,2017-10-27,2017-10-25,early_75%,34,36,2.1782705688476653,0.01,18.993211369956896,14.398459521061739,13.92785529502065,264.53469954850056,0.9673156544731262,0.06846557207549042,True,0.0,1pct_UNFILTERED_early75pct
put,2017-10-23,2017-11-29,2017-11-03,early_75%,11,37,2.236965942382824,0.01,18.71884653826251,16.9041096894865,14.583452617342337,272.98541154205395,0.862716397682423,0.07052215968661639,True,0.0,1pct_UNFILTERED_early75pct
call,2017-10-26,2017-12-01,2017-11-20,early_75%,25,36,2.2326858520507926,0.01,18.6229469350841,15.022721451966625,12.770047050485132,237.81590857971187,0.8500488470957708,0.061321972116693525,True,0.0,1pct_UNFILTERED_early75pct
put,2017-11-06,2017-12-13,2017-11-27,early_75%,21,37,2.260898132324229,0.01,18.534049473322057,16.399141506763495,13.001788739872026,240.97579574646977,0.7928334989066166,0.06200461199763054,True,0.0,1pct_UNFILTERED_early75pct
put,2017-11-28,2018-01-04,2017-12-11,early_75%,13,37,2.2960102844238293,0.01,18.3176940463998,16.94200263982375,14.700995875436782,269.28834462363636,0.867724801369156,0.06912942359232734,True,0.0,1pct_UNFILTERED_early75pct
call,2017-11-21,2017-12-28,2017-12-27,early_75%,36,37,2.2708552551269463,0.01,18.34545017326485,15.05173778500503,14.281706620756749,262.0043372002797,0.9488410457817431,0.06735580576006327,True,0.0,1pct_UNFILTERED_early75pct
put,2017-12-12,2018-01-18,2017-12-28,early_75%,16,37,2.330162200927731,0.01,18.045392252551668,17.145411693881822,12.978196073596926,234.19663887858246,0.7569486405641733,0.06012019952978313,True,0.0,1pct_UNFILTERED_early75pct
put,2017-12-29,2018-02-02,2018-01-03,early_75%,5,35,2.342774658203126,0.01,18.042079065753335,17.582363984689266,15.010877939879697,270.827446637682,0.8537462853659029,0.06927188391764562,True,0.0,1pct_UNFILTERED_early75pct
put,2018-01-04,2018-02-09,2018-01-12,early_75%,8,36,2.384475402832038,0.01,17.68884335197701,17.138430351192124,14.024411706167992,248.07562177403824,0.8183019925854805,0.06337024133564328,True,0.0,1pct_UNFILTERED_early75pct
put,2018-01-16,2018-02-22,2018-01-22,early_75%,6,37,2.4315309143066486,0.01,17.364264376831674,18.586685860428418,15.104183821658662,262.27304107554477,0.8126345888169283,0.06725932039258029,True,0.0,1pct_UNFILTERED_early75pct
call,2017-12-28,2018-02-02,2018-02-02,early_75%,36,36,2.3516416931152264,0.01,17.809611439480733,15.653806369243314,15.653806369243314,278.78820898509207,1.0,0.07131237978664137,True,0.0,1pct_UNFILTERED_early75pct
call,2018-02-05,2018-03-14,2018-02-13,early_75%,8,37,2.3170520019531295,0.01,17.764743936327786,11.650913569096222,8.499439123025214,150.9903596229493,0.7295083834086435,0.03862428336814144,True,0.0,1pct_UNFILTERED_early75pct
put,2018-01-23,2018-03-01,2018-03-01,expired,37,37,2.487015533447277,0.01,16.886110892442595,18.80524556301134,-229.89630778171636,-3882.054546965176,-12.225115966255023,-1.0,False,229.89630778171636,1pct_UNFILTERED_early75pct
put,2018-03-02,2018-04-06,2018-03-08,early_75%,6,35,2.3622647094726688,0.01,17.80668259182855,19.528320295024688,14.946853616837465,266.1538781015493,0.7653937149241421,0.06897545535967319,True,0.0,1pct_UNFILTERED_early75pct
call,2018-02-14,2018-03-23,2018-03-08,early_75%,22,37,2.366741638183612,0.01,17.584914388574482,15.571718290407087,11.408822888703464,200.62317377225943,0.7326630674876669,0.0515997137049352,True,0.0,1pct_UNFILTERED_early75pct
call,2018-03-09,2018-04-13,2018-03-23,early_75%,14,35,2.448211212158185,0.01,16.938926716857495,16.58835772798488,14.106903087332608,238.9557975981378,0.8504098668871837,0.061809281330831384,True,0.0,1pct_UNFILTERED_early75pct
put,2018-03-09,2018-04-13,2018-04-13,early_75%,35,35,2.4482112121582134,0.01,17.15356904791921,19.444230592861146,19.444230592861146,333.5379520583067,1.0,0.08627428721336823,True,0.0,1pct_UNFILTERED_early75pct
call,2018-03-26,2018-05-02,2018-04-13,early_75%,18,37,2.3367327880859534,0.01,17.51180747130607,15.111231327861663,13.041922974704045,228.38764418862058,0.8630615660457606,0.05967148974413637,True,0.0,1pct_UNFILTERED_early75pct
call,2018-04-16,2018-05-23,2018-04-30,early_75%,14,37,2.3563003540039062,0.01,17.66068264207019,15.817712079680607,11.949554460726592,211.0372890450265,0.7554540378868673,0.05436253200095603,True,0.0,1pct_UNFILTERED_early75pct
put,2018-04-16,2018-05-23,2018-05-07,early_75%,21,37,2.3563003540039062,0.01,17.931932269869513,19.142730822174514,15.288561214599028,274.15344420394376,0.7986614530926329,0.07062105209534504,True,0.0,1pct_UNFILTERED_early75pct
put,2018-05-08,2018-06-14,2018-05-11,early_75%,3,37,2.352687072753895,0.01,17.97573637378232,18.781280022865392,15.279045068899226,274.6520862016712,0.8135252256660703,0.07057705504106167,True,0.0,1pct_UNFILTERED_early75pct
call,2018-05-01,2018-06-07,2018-05-29,early_75%,28,37,2.335587005615224,0.01,17.846904744591125,15.762227979610028,11.877098150925779,211.96943934173177,0.7535164550525445,0.05453301428680783,True,0.0,1pct_UNFILTERED_early75pct
put,2018-05-14,2018-06-20,2018-06-04,early_75%,21,37,2.4061016845703023,0.01,17.551258840480557,18.779995292774228,15.943397683564177,279.826699540953,0.8489564259741078,0.07187208780547069,True,0.0,1pct_UNFILTERED_early75pct
call,2018-05-30,2018-07-06,2018-06-22,early_75%,23,37,2.4028396606445312,0.01,17.379735046906774,16.24870478419307,12.032496329714515,209.1215981633165,0.7405203362067276,0.05370804694294214,True,0.0,1pct_UNFILTERED_early75pct
put,2018-06-05,2018-07-12,2018-07-05,early_75%,30,37,2.424787445068347,0.01,17.46917033105585,18.772581780010466,16.134955924863796,281.8642933355244,0.8594958388752216,0.07212566577598839,True,0.0,1pct_UNFILTERED_early75pct
put,2018-07-06,2018-08-10,2018-07-13,early_75%,7,35,2.4385079956054767,0.01,17.43423135737089,19.057468532085498,14.428777251235264,251.5546408020056,0.7571193008632136,0.06418685636812048,True,0.0,1pct_UNFILTERED_early75pct
call,2018-06-25,2018-08-01,2018-07-23,early_75%,28,37,2.399374694824246,0.01,17.48118810078725,16.02909983700936,13.725417936954821,239.9366127178265,0.856281268225955,0.06129926254516794,True,0.0,1pct_UNFILTERED_early75pct
put,2018-07-16,2018-08-22,2018-07-25,early_75%,9,37,2.473214721679682,0.01,17.20709531708463,19.275336118811204,14.567886712070337,250.67101522308488,0.755778608594702,0.0638813135116226,True,0.0,1pct_UNFILTERED_early75pct
put,2018-07-26,2018-08-31,2018-08-07,early_75%,12,36,2.508630218505857,0.01,16.964698615989256,19.286272767916074,14.658832577107159,248.68267673286803,0.7600656048737964,0.06330010519265974,True,0.0,1pct_UNFILTERED_early75pct
call,2018-07-24,2018-08-30,2018-08-20,early_75%,27,37,2.493312988281275,0.01,16.901384076072773,16.878980858725402,13.030401612368927,220.23182231612518,0.7719898328833642,0.056056234354626346,True,0.0,1pct_UNFILTERED_early75pct
put,2018-08-08,2018-09-14,2018-08-27,early_75%,19,37,2.5273999023437455,0.01,16.847882504090492,19.01060323697856,15.79901270647896,266.1799097593902,0.8310631971818463,0.06759531999566225,True,0.0,1pct_UNFILTERED_early75pct
call,2018-08-21,2018-09-27,2018-09-17,early_75%,27,37,2.5351916503906295,0.01,16.676294412032213,17.179005363744725,13.889367458374453,231.62318093275195,0.808508243887457,0.058768545631244076,True,0.0,1pct_UNFILTERED_early75pct
put,2018-08-28,2018-10-04,2018-09-18,early_75%,21,37,2.5668878173828205,0.01,16.658615360402546,19.90439689488181,14.796032156325172,246.48140855236852,0.7433549599349982,0.062487364469201286,True,0.0,1pct_UNFILTERED_early75pct
call,2018-09-18,2018-10-25,2018-10-10,early_75%,22,37,2.575653686523424,0.01,16.46684584145215,17.45123442943783,13.273869484757537,218.57876252505827,0.7606263922720761,0.055281499890527226,True,0.0,1pct_UNFILTERED_early75pct
call,2018-10-11,2018-11-16,2018-10-24,early_75%,13,36,2.42064193725588,0.01,17.306699775562194,15.000250315480512,10.848795476139376,187.75684623202147,0.7232409625153545,0.047778591850424344,True,0.0,1pct_UNFILTERED_early75pct
put,2018-09-19,2018-10-26,2018-10-26,expired,37,37,2.5783981323242244,0.01,16.61227683648766,19.7417378557872,-238.09807537663525,-3955.3511423915706,-12.060644159897903,-1.0,False,238.09807537663525,1pct_UNFILTERED_early75pct
put,2018-10-29,2018-12-04,2018-11-01,early_75%,3,36,2.3467338562011832,0.01,18.08844689595081,19.821312560352354,17.306254128545294,313.04325877202103,0.873113426562991,0.08054962599188498,True,0.0,1pct_UNFILTERED_early75pct
put,2018-11-02,2018-12-07,2018-11-07,early_75%,5,35,2.4181515502929756,0.01,17.5493206582073,19.98134898806429,17.79140657116411,312.2270988778954,0.8904006722364778,0.08020151161206304,True,0.0,1pct_UNFILTERED_early75pct
call,2018-10-25,2018-11-30,2018-11-12,early_75%,18,36,2.402053680419897,0.01,17.259333146600518,15.028951696205983,11.147321717415656,192.39533921321183,0.7417231715655701,0.04950483668901493,True,0.0,1pct_UNFILTERED_early75pct
call,2018-11-13,2018-12-20,2018-11-26,early_75%,13,37,2.4196635437011764,0.01,17.186351483538516,15.807830591575357,12.35329304224689,212.30803620320586,0.7814666896057494,0.05462227483560785,True,0.0,1pct_UNFILTERED_early75pct
put,2018-11-08,2018-12-14,2018-12-03,early_75%,25,36,2.4947276306152446,0.01,17.008378281736853,20.258426961212724,16.722168155510918,284.4169616797435,0.8254425769349015,0.07295428566995367,True,0.0,1pct_UNFILTERED_early75pct
call,2018-11-27,2019-01-03,2018-12-14,early_75%,17,37,2.387111968994134,0.01,17.428790253835572,15.73899951579818,13.04795279916489,227.4100325785916,0.8290204714771021,0.058518294891790404,True,0.0,1pct_UNFILTERED_early75pct
call,2018-12-17,2019-01-23,2019-01-02,early_75%,16,37,2.2711363220214764,0.01,18.333269233099877,14.093834395397643,11.060931397825982,202.7830332851915,0.7848063974299245,0.05192442914559697,True,0.0,1pct_UNFILTERED_early75pct
put,2018-12-04,2019-01-10,2019-01-08,early_75%,35,37,2.403565521240239,0.01,17.714432834360498,20.036967472374922,18.32839042538262,324.67704115237643,0.9147287607594349,0.08319001896432378,True,0.0,1pct_UNFILTERED_early75pct
put,2019-01-09,2019-02-15,2019-01-18,early_75%,9,37,2.3077471923828057,0.01,18.521413658468276,19.16830866760121,16.69386454336391,309.19397076607964,0.8709096265535587,0.07889110967074382,True,0.0,1pct_UNFILTERED_early75pct
put,2019-01-22,2019-02-28,2019-01-30,early_75%,8,37,2.3514913940429665,0.01,18.163497237836175,19.608180855639045,14.82410234972343,269.2575420826023,0.7560161984868791,0.06877626623515708,True,0.0,1pct_UNFILTERED_early75pct
call,2019-01-03,2019-02-08,2019-02-08,early_75%,36,36,2.1846530151367176,0.01,19.005729578196956,13.455205963495843,13.455205963495843,255.726005961145,1.0,0.0656319188934903,True,0.0,1pct_UNFILTERED_early75pct
put,2019-01-31,2019-03-08,2019-02-12,early_75%,12,36,2.4147393798828034,0.01,17.691811316371247,19.58457198286806,15.098809575600292,267.1252901133398,0.7709542791544403,0.06804656684282925,True,0.0,1pct_UNFILTERED_early75pct
put,2019-02-13,2019-03-22,2019-02-22,early_75%,9,37,2.460004119873048,0.01,17.441791598681004,19.825940315055252,15.810648542656748,275.76603692100855,0.7974728205274881,0.0699046555774342,True,0.0,1pct_UNFILTERED_early75pct
put,2019-02-25,2019-04-03,2019-03-13,early_75%,16,37,2.5005290222167957,0.01,17.16647752432516,19.991635041142423,15.601477942008735,267.8224204377477,0.7804002979196637,0.06781444844327363,True,0.0,1pct_UNFILTERED_early75pct
call,2019-02-11,2019-03-20,2019-03-18,early_75%,35,37,2.420912322998049,0.01,17.47448375450463,16.302693489917434,15.771329445548583,275.5958401831792,0.9674063648011613,0.06985000004286286,True,0.0,1pct_UNFILTERED_early75pct
put,2019-03-14,2019-04-18,2019-04-01,early_75%,18,35,2.5152001953125023,0.01,17.093324514430737,19.692418192545,18.53851215241191,316.88480423589465,0.9414035377041747,0.07996680311300265,True,0.0,1pct_UNFILTERED_early75pct
put,2019-04-02,2019-05-09,2019-04-12,early_75%,10,37,2.569497070312508,0.01,16.771574364480124,20.177385657296565,16.257353834483254,272.661418804702,0.8057215196560539,0.06866239153353851,True,0.0,1pct_UNFILTERED_early75pct
call,2019-03-19,2019-04-25,2019-04-17,early_75%,29,37,2.537420349121078,0.01,16.774113297952557,17.201153457392,12.761849122781749,214.0687030769175,0.7419182181237671,0.0539519809188879,True,0.0,1pct_UNFILTERED_early75pct
put,2019-04-15,2019-05-22,2019-05-03,early_75%,18,37,2.6054385375976494,0.01,16.54722003925621,20.145068614251123,16.676957169453402,275.95727986819685,0.8278431555033626,0.06937205260566857,True,0.0,1pct_UNFILTERED_early75pct
call,2019-04-18,2019-05-24,2019-05-13,early_75%,25,36,2.605888671874993,0.01,16.378693142368164,17.61262032706185,15.954817330519798,261.31905719912135,0.9058741421913903,0.06566410312397346,True,0.0,1pct_UNFILTERED_early75pct
call,2019-05-14,2019-06-20,2019-05-28,early_75%,14,37,2.5464060974121026,0.01,16.69373401087043,16.921769621670375,12.445636530459002,207.76414583545488,0.7354807924178838,0.052354439068441345,True,0.0,1pct_UNFILTERED_early75pct
put,2019-05-06,2019-06-12,2019-06-07,early_75%,32,37,2.63104705810548,0.01,16.470863450385462,21.16187080696389,18.515878226613268,304.9725019345124,0.87496414638918,0.07652997133119885,True,0.0,1pct_UNFILTERED_early75pct
put,2019-06-10,2019-07-17,2019-06-20,early_75%,10,37,2.596453552246089,0.01,16.740723251555192,20.98158369853839,17.620918018299378,294.9869119826922,0.8398278352804645,0.07383155769988554,True,0.0,1pct_UNFILTERED_early75pct
put,2019-06-21,2019-07-26,2019-07-02,early_75%,11,35,2.6544976806640648,0.01,16.351671988521083,21.25614543277912,16.841832112061198,275.39211438216597,0.7923276666186803,0.0689691726197519,True,0.0,1pct_UNFILTERED_early75pct
call,2019-05-29,2019-07-05,2019-07-05,early_75%,37,37,2.5003112792968523,0.01,17.04196969446762,16.63559144173111,16.63559144173111,283.5032451995265,1.0,0.0712763906802035,True,0.0,1pct_UNFILTERED_early75pct
put,2019-07-03,2019-08-09,2019-07-23,early_75%,20,37,2.6978359985351688,0.01,16.116741980687497,20.94279635932615,15.661703424865461,252.41563307660633,0.7478324840747002,0.0629386467369733,True,0.0,1pct_UNFILTERED_early75pct
call,2019-07-08,2019-08-14,2019-08-01,early_75%,24,37,2.679958496093775,0.01,16.079865720867712,18.161977959351617,13.690378787008335,220.1394525629098,0.75379338184689,0.054797929106211,True,0.0,1pct_UNFILTERED_early75pct
call,2019-08-02,2019-09-06,2019-08-20,early_75%,18,35,2.6420382690429847,0.01,16.269148051042215,17.678442825023268,14.754137928117803,240.0372543180458,0.8345835701792578,0.05984835185724044,True,0.0,1pct_UNFILTERED_early75pct
put,2019-07-24,2019-08-30,2019-08-30,early_75%,37,37,2.7216726684570176,0.01,16.027810777703777,20.956225812087066,20.956225812087066,335.8824219309632,1.0,0.0834207992047726,True,0.0,1pct_UNFILTERED_early75pct
put,2019-09-03,2019-10-10,2019-09-05,early_75%,2,37,2.625063171386728,0.01,16.775902883377107,21.768007630358397,16.750184370831448,280.9994662837294,0.7694863331208629,0.06957839159476588,True,0.0,1pct_UNFILTERED_early75pct
put,2019-09-06,2019-10-11,2019-09-19,early_75%,13,35,2.6910647583007687,0.01,16.32973486939804,21.458773400192282,15.970540954947213,260.794699515151,0.7442429563473608,0.06448895264622485,True,0.0,1pct_UNFILTERED_early75pct
call,2019-08-21,2019-09-27,2019-09-19,early_75%,29,37,2.640503540039049,0.01,16.283465934234076,17.795848131422932,13.446291705905958,218.95223293489389,0.7555858875960643,0.0546032311500885,True,0.0,1pct_UNFILTERED_early75pct
call,2019-09-20,2019-10-25,2019-10-07,early_75%,17,35,2.7055776977538812,0.01,16.075560766886944,18.30251482787913,14.149097835330853,227.45468204848964,0.7730685082564925,0.05609039874422078,True,0.0,1pct_UNFILTERED_early75pct
put,2019-09-20,2019-10-25,2019-10-14,early_75%,24,35,2.7055776977539097,0.01,16.29158938231652,21.647452647165228,16.761353933795817,273.0690957810772,0.7742875897220519,0.06733892804114357,True,0.0,1pct_UNFILTERED_early75pct
put,2019-10-15,2019-11-21,2019-10-28,early_75%,13,37,2.7110202026367176,0.01,16.27750278043209,21.340110117603466,16.65999895713737,271.18317934679925,0.7806894559271523,0.06670352155536487,True,0.0,1pct_UNFILTERED_early75pct
put,2019-10-29,2019-12-05,2019-11-08,early_75%,10,37,2.750296325683621,0.01,16.05780565634521,21.54955401700141,18.281932589105693,293.56772053826325,0.8483670972810972,0.07212374516209316,True,0.0,1pct_UNFILTERED_early75pct
call,2019-10-08,2019-11-14,2019-11-11,early_75%,34,37,2.6171392822265602,0.01,16.574762087738044,17.054591814694298,14.214246463335623,235.59775338625985,0.8334556826560092,0.05809811582106892,True,0.0,1pct_UNFILTERED_early75pct
put,2019-11-11,2019-12-18,2019-11-25,early_75%,14,37,2.796918945312484,0.01,15.807076626836773,21.75219525909488,18.95302121302478,299.59185862434555,0.8713153310399911,0.0734784962008789,True,0.0,1pct_UNFILTERED_early75pct
put,2019-11-26,2020-01-02,2019-12-16,early_75%,20,37,2.848893127441386,0.01,15.530595334202282,21.728434175139068,19.88602640981876,308.8418289761546,0.9152075225269418,0.07556604354702647,True,0.0,1pct_UNFILTERED_early75pct
call,2019-11-12,2019-12-19,2019-12-16,early_75%,34,37,2.8028146362304938,0.01,15.616415249229375,18.9864942166409,17.092592578096554,266.9250233854519,0.9002500610731803,0.06541493170314876,True,0.0,1pct_UNFILTERED_early75pct
put,2019-12-17,2020-01-23,2020-01-02,early_75%,16,37,2.898691406250009,0.01,15.323981403865066,22.401490117202727,20.21306541334856,309.74463850926145,0.9023089672872424,0.075572000482949,True,0.0,1pct_UNFILTERED_early75pct
put,2020-01-03,2020-02-07,2020-01-13,early_75%,10,35,2.938830261230464,0.01,15.14907030040928,23.167490190831703,20.054456884452406,303.8063771790964,0.8656292381808691,0.07407944584855264,True,0.0,1pct_UNFILTERED_early75pct
call,2019-12-17,2020-01-23,2020-01-22,early_75%,36,37,2.898691406250009,0.01,15.166051944690844,19.616254938967497,18.31272100468672,277.73167800570985,0.9335482772661503,0.06776142633297,True,0.0,1pct_UNFILTERED_early75pct
put,2020-01-14,2020-02-20,2020-02-05,early_75%,22,37,2.984770202636696,0.01,14.923485225161494,23.104223342242232,18.854990108855375,281.3821663100693,0.8160841344700023,0.06847077968356949,True,0.0,1pct_UNFILTERED_early75pct
put,2020-02-06,2020-03-13,2020-02-19,early_75%,13,36,3.0442926025390875,0.01,14.715786341544222,24.31732443270708,18.159243469748937,267.2275470249075,0.7467615740375018,0.06482852441296956,True,0.0,1pct_UNFILTERED_early75pct
call,2020-01-23,2020-02-28,2020-02-21,early_75%,29,36,3.0236917114257835,0.01,14.61651417047028,20.489648190401443,17.64938823578508,257.97253324848407,0.861380735861199,0.0626132329547735,True,0.0,1pct_UNFILTERED_early75pct
call,2020-02-24,2020-04-01,2020-03-11,early_75%,16,37,2.9389205932617415,0.01,14.962911749821721,18.115912498764907,12.635698584551854,189.06684281799662,0.6974916988262844,0.045818678409702114,True,0.0,1pct_UNFILTERED_early75pct
call,2020-03-12,2020-04-17,2020-03-23,early_75%,11,36,2.261570892333964,0.01,18.19654331941472,2.89808561346403,2.109762598021537,38.390386508579844,0.7279849112186081,0.009449843293277062,True,0.0,1pct_UNFILTERED_early75pct
put,2020-02-20,2020-03-27,2020-03-27,expired,36,36,3.071364135742215,0.01,14.623645211766336,24.68406667965557,-282.4523468945659,-4130.482910216882,-11.442699072246516,-0.9999999999999998,False,282.4523468945659,1pct_UNFILTERED_early75pct
put,2020-03-30,2020-05-06,2020-04-08,early_75%,9,37,2.3990145874023483,0.01,18.433212676101494,20.28625781787927,16.0903063314297,296.5960386308661,0.7931628630514854,0.07326590447224275,True,0.0,1pct_UNFILTERED_early75pct
put,2020-04-09,2020-05-15,2020-04-24,early_75%,15,36,2.5507579040527446,0.01,17.396718697501388,21.849180832471315,15.972970062626036,277.8772669431163,0.731055785802628,0.06848691104279837,True,0.0,1pct_UNFILTERED_early75pct
call,2020-03-24,2020-04-30,2020-04-24,early_75%,31,37,2.229391937255855,0.01,18.664905272331,5.707425307898295,5.031459871338623,93.91172188007013,0.8815638575901767,0.023161712985111237,True,0.0,1pct_UNFILTERED_early75pct
put,2020-04-27,2020-06-03,2020-05-11,early_75%,14,37,2.6319012451171773,0.01,16.902948995873484,22.5259783176476,18.20558609660567,307.7280932309091,0.8082040140446558,0.07564727187042143,True,0.0,1pct_UNFILTERED_early75pct
put,2020-05-12,2020-06-18,2020-05-20,early_75%,8,37,2.628419189453126,0.01,16.959694040919626,22.492866302612114,17.26888398271896,292.8749887750511,0.7677493721959976,0.071849186809114,True,0.0,1pct_UNFILTERED_early75pct
call,2020-04-27,2020-06-03,2020-05-21,early_75%,24,37,2.6319012451172057,0.01,16.34210379802882,14.266617567377216,10.300996364431896,168.33995181066354,0.7220349403622262,0.041382175957914206,True,0.0,1pct_UNFILTERED_early75pct
put,2020-05-21,2020-06-26,2020-06-01,early_75%,11,36,2.7036941528320426,0.01,16.50986917919956,23.05409467015831,16.9653452750998,280.095631071849,0.7358929299904406,0.06859803603370003,True,0.0,1pct_UNFILTERED_early75pct
put,2020-06-02,2020-07-09,2020-06-08,early_75%,6,37,2.8247216796875136,0.01,15.8020195320156,23.99320415840146,17.905955400425945,282.950256976931,0.7462927953353823,0.06927432366822635,True,0.0,1pct_UNFILTERED_early75pct
call,2020-05-22,2020-06-26,2020-06-23,early_75%,32,35,2.7088278198241937,0.01,16.023350986188714,16.160161549180373,12.957838182346258,207.62798921797167,0.8018384063124335,0.05087038662018796,True,0.0,1pct_UNFILTERED_early75pct
put,2020-06-09,2020-07-16,2020-07-06,early_75%,27,37,2.941258239746105,0.01,15.145284106959172,25.01645408431917,20.744640465699714,314.183473549744,0.829239843335866,0.07708628084617325,True,0.0,1pct_UNFILTERED_early75pct
put,2020-07-07,2020-08-13,2020-07-17,early_75%,10,37,2.889644470214847,0.01,15.5268004289794,24.645969372140854,18.010451926813303,279.64469270335763,0.7307666277948003,0.06813920875674358,True,0.0,1pct_UNFILTERED_early75pct
call,2020-06-24,2020-07-31,2020-07-23,early_75%,29,37,2.800407714843743,0.01,15.449001428626103,15.032237829096328,12.459251872799946,192.48299998249882,0.8288354677760538,0.04701453081887125,True,0.0,1pct_UNFILTERED_early75pct
put,2020-07-20,2020-08-26,2020-08-05,early_75%,16,37,2.986708374023465,0.01,15.040896680502566,25.230050507589784,20.92638518006473,314.7515973897537,0.829423039552362,0.07652986014891403,True,0.0,1pct_UNFILTERED_early75pct
put,2020-08-06,2020-09-11,2020-08-24,early_75%,18,36,3.0788912963867006,0.01,14.602483099102885,25.838313503151877,22.562204635951492,329.4642118749824,0.8732073257489986,0.07999340312176559,True,0.0,1pct_UNFILTERED_early75pct
call,2020-07-24,2020-08-28,2020-08-25,early_75%,32,35,2.9550292968750114,0.01,14.826565261575293,18.19568962814745,13.97727857887757,207.23503302894667,0.7681642666214589,0.05040358331749986,True,0.0,1pct_UNFILTERED_early75pct
call,2020-08-26,2020-10-02,2020-09-11,early_75%,16,37,3.200821838378886,0.01,13.771617691217232,20.17832406090082,15.908484689443611,219.0855691896001,0.7883947468298024,0.053045281582148884,True,0.0,1pct_UNFILTERED_early75pct
put,2020-08-25,2020-10-01,2020-09-28,early_75%,34,37,3.1690499877929597,0.01,14.227543671123634,26.560605106413494,25.177302626391924,358.21117263808685,0.9479190148537863,0.08671530491047821,True,0.0,1pct_UNFILTERED_early75pct
put,2020-09-29,2020-11-05,2020-10-09,early_75%,10,37,3.0730950927734284,0.01,14.741844270321224,26.07290431347593,21.09781403508205,311.020688949377,0.8091854202900411,0.07501802277051624,True,0.0,1pct_UNFILTERED_early75pct
call,2020-09-14,2020-10-21,2020-10-14,early_75%,30,37,3.1169259643554597,0.01,14.102824990551282,19.000771992423672,15.855791678917605,223.61145513441426,0.8344814455559969,0.05417230805501642,True,0.0,1pct_UNFILTERED_early75pct
put,2020-10-12,2020-11-18,2020-11-06,early_75%,25,37,3.2585693359375227,0.01,13.92086887459611,27.570439224478992,21.027491698916933,292.7209547022808,0.762682506713467,0.07049428014962446,True,0.0,1pct_UNFILTERED_early75pct
call,2020-10-15,2020-11-20,2020-11-06,early_75%,22,36,3.212986755371105,0.01,13.74128213106871,19.383601466677725,15.752721776180824,216.4625942587305,0.812682916704683,0.052176002886513445,True,0.0,1pct_UNFILTERED_early75pct
put,2020-11-09,2020-12-16,2020-11-24,early_75%,15,37,3.2782629394531,0.01,13.877630954832766,27.782026382951642,24.940316072435166,346.11250235013944,0.8977140734320128,0.08312212152912339,True,0.0,1pct_UNFILTERED_early75pct
call,2020-11-09,2020-12-16,2020-11-30,early_75%,21,37,3.2782629394531,0.01,13.527315707455815,20.01181652844144,15.219500646216646,205.87899015120036,0.7605256936363674,0.04944374538175183,True,0.0,1pct_UNFILTERED_early75pct
put,2020-11-25,2020-12-31,2020-12-08,early_75%,13,36,3.3531570434570312,0.01,13.57667920308738,27.984284503844627,20.521336273476994,278.61159940367776,0.7333164537638139,0.06677265957394307,True,0.0,1pct_UNFILTERED_early75pct
put,2020-12-09,2021-01-15,2020-12-28,early_75%,19,37,3.391896972656241,0.01,13.44893026944912,28.453908968380837,24.066889929398457,323.6739244629871,0.8458201632732635,0.07745129732651387,True,0.0,1pct_UNFILTERED_early75pct
call,2020-12-01,2021-01-07,2020-12-30,early_75%,29,37,3.384223022460958,0.01,13.193203656062732,21.944483776788314,17.220132387514155,227.188713572836,0.7847134871191948,0.05441181461248031,True,0.0,1pct_UNFILTERED_early75pct
put,2020-12-29,2021-02-04,2021-01-08,early_75%,10,37,3.449160766601551,0.01,13.267061222501438,29.016132696173347,21.283949091111946,282.37545564838604,0.7335212212452722,0.06737560261656361,True,0.0,1pct_UNFILTERED_early75pct
call,2020-12-31,2021-02-05,2021-01-29,early_75%,29,36,3.4716317749023347,0.01,12.8930205164789,22.10560493016963,19.58078221015987,252.45542676429628,0.8857835952471994,0.06023788972503249,True,0.0,1pct_UNFILTERED_early75pct
put,2021-01-11,2021-02-17,2021-02-03,early_75%,23,37,3.516294250488272,0.01,13.030485414242928,29.67214376316143,26.052922325580425,339.4822243618797,0.87802629070319,0.08092043211926686,True,0.0,1pct_UNFILTERED_early75pct
call,2021-02-01,2021-03-10,2021-02-22,early_75%,21,37,3.493453063964864,0.01,12.73383415990583,19.93879437675188,14.517124404744218,184.85865464873453,0.7280843630982429,0.04407054467664715,True,0.0,1pct_UNFILTERED_early75pct
put,2021-02-04,2021-03-12,2021-02-24,early_75%,20,36,3.5859365844726767,0.01,12.812207591045851,29.99241077902225,25.520548397488007,326.97456390594886,0.8509002022384269,0.07766418593532991,True,0.0,1pct_UNFILTERED_early75pct
put,2021-02-25,2021-04-01,2021-03-09,early_75%,12,35,3.5500930786132585,0.01,12.98574758818119,30.229696671840102,22.893197572150864,297.28528515831357,0.7573082132007162,0.07048840747208825,True,0.0,1pct_UNFILTERED_early75pct
call,2021-02-23,2021-04-01,2021-03-18,early_75%,23,37,3.5980993652343614,0.01,12.508545457470495,22.726863734162794,17.887013697312106,223.74052393122588,0.7870427660647485,0.05306411131624556,True,0.0,1pct_UNFILTERED_early75pct
put,2021-03-10,2021-04-16,2021-03-22,early_75%,12,37,3.6174133300781364,0.01,12.757345365723285,30.377524133834388,23.12561582268142,295.02146784498194,0.761273885284291,0.06978920208958701,True,0.0,1pct_UNFILTERED_early75pct
put,2021-03-23,2021-04-29,2021-04-01,early_75%,9,37,3.6285159301758085,0.01,12.731756816170455,30.18632575850755,26.319498735528068,335.09345742424915,0.8719013683906305,0.07911706248260342,True,0.0,1pct_UNFILTERED_early75pct
put,2021-04-05,2021-05-12,2021-04-15,early_75%,10,37,3.7855795288085687,0.01,12.208003353516585,31.065013696304757,24.86204756695752,303.51596007270626,0.8003230840331131,0.07154691437846276,True,0.0,1pct_UNFILTERED_early75pct
call,2021-03-19,2021-04-23,2021-04-20,early_75%,32,35,3.628329467773426,0.01,12.477121849143911,23.62777596306692,18.0399536440874,225.08669977018621,0.7635062086370734,0.053183014872036784,True,0.0,1pct_UNFILTERED_early75pct
put,2021-04-16,2021-05-21,2021-05-07,early_75%,21,35,3.8871231079101562,0.01,11.872837063858757,31.379945206294035,27.488893046617626,326.371148208331,0.8760019453795617,0.07692808067255849,True,0.0,1pct_UNFILTERED_early75pct
call,2021-04-21,2021-05-28,2021-05-14,early_75%,23,37,3.876036987304701,0.01,11.736658387723814,25.86365882407693,19.500452695700936,228.87015169540985,0.753971154210696,0.05390736591046717,True,0.0,1pct_UNFILTERED_early75pct
put,2021-05-10,2021-06-16,2021-05-27,early_75%,17,37,3.8934576416015716,0.01,11.93327359797648,32.28600994241284,25.53879806108888,304.7614646264449,0.7910174749571511,0.07152527765846906,True,0.0,1pct_UNFILTERED_early75pct
call,2021-05-17,2021-06-23,2021-06-07,early_75%,21,37,3.8709133911132767,0.01,11.787631330491452,25.361220079733947,18.895111978818647,222.72861395466703,0.7450395493361007,0.052235384848250195,True,0.0,1pct_UNFILTERED_early75pct
put,2021-05-28,2021-07-02,2021-06-11,early_75%,14,35,3.91302032470702,0.01,11.882008741857785,31.728169989077017,23.836688638111642,283.2277427749847,0.7512783953917873,0.06629149425267179,True,0.0,1pct_UNFILTERED_early75pct
put,2021-06-14,2021-07-21,2021-06-30,early_75%,16,37,3.9616506958007562,0.01,11.758447030356985,32.13925096419147,23.564231115554307,277.0787633833352,0.7331916708889334,0.06473230718950464,True,0.0,1pct_UNFILTERED_early75pct
call,2021-06-08,2021-07-15,2021-07-08,early_75%,30,37,3.933888549804692,0.01,11.654549990428151,26.325760172374125,19.407742525118994,226.1885054603576,0.7372148951461315,0.052873042263389604,True,0.0,1pct_UNFILTERED_early75pct
put,2021-07-01,2021-08-06,2021-07-22,early_75%,21,36,4.022931518554685,0.01,11.593356047899805,32.306352713275366,24.265068655454556,281.31358044941805,0.7510927918979701,0.06558360652788862,True,0.0,1pct_UNFILTERED_early75pct
call,2021-07-09,2021-08-13,2021-08-04,early_75%,26,35,4.070503234863281,0.01,11.294268829499346,27.448008344963792,23.100175424850356,260.8995912568542,0.8415975080788991,0.06085362102243192,True,0.0,1pct_UNFILTERED_early75pct
put,2021-07-23,2021-08-27,2021-08-10,early_75%,18,35,4.111815185546902,0.01,11.378004305215702,33.4582584557179,25.194199987560978,286.6597159249342,0.7530039263969932,0.0667001549784345,True,0.0,1pct_UNFILTERED_early75pct
put,2021-08-11,2021-09-17,2021-08-27,early_75%,16,37,4.147704162597677,0.01,11.299733279895948,33.585336403350496,25.12283193758782,283.88130013039387,0.748029784066166,0.06590717545149184,True,0.0,1pct_UNFILTERED_early75pct
call,2021-08-05,2021-09-10,2021-09-01,early_75%,27,36,4.128824462890634,0.01,11.167909510574463,27.63817851750333,22.105202213422043,246.8688980324477,0.7998067672738549,0.057379704417898976,True,0.0,1pct_UNFILTERED_early75pct
call,2021-09-02,2021-10-08,2021-09-21,early_75%,19,36,4.235652770996069,0.01,10.926678904898973,28.495566801030535,22.276631630053735,243.40960090431335,0.7817578006291177,0.05638658456812099,True,0.0,1pct_UNFILTERED_early75pct
put,2021-08-30,2021-10-06,2021-10-05,early_75%,36,37,4.22668090820315,0.01,11.110553475030239,34.23078387996319,28.323723112265164,314.692240250772,0.8274342536702557,0.0729171029821153,True,0.0,1pct_UNFILTERED_early75pct
call,2021-09-22,2021-10-29,2021-10-11,early_75%,19,37,4.105484619140611,0.01,11.206223410986237,26.593870548943332,21.86839412901943,245.0621102492915,0.8223095652350739,0.05695567814742941,True,0.0,1pct_UNFILTERED_early75pct
put,2021-10-06,2021-11-12,2021-10-14,early_75%,8,37,4.077730712890627,0.01,11.591293316534975,34.03286171753657,27.71103100535344,321.2066884866468,0.8142433403146467,0.07414516901224705,True,0.0,1pct_UNFILTERED_early75pct
put,2021-10-15,2021-11-19,2021-10-25,early_75%,10,35,4.1805877685546875,0.01,11.28645526089129,33.76406930403627,27.646151444172553,312.02705141047863,0.8188038946143154,0.07193997445429952,True,0.0,1pct_UNFILTERED_early75pct
put,2021-10-26,2021-12-02,2021-11-04,early_75%,9,37,4.27519470214844,0.01,11.040184298532195,34.559670895276895,26.801037482509084,295.8883931987696,0.775500367573577,0.06820300073675896,True,0.0,1pct_UNFILTERED_early75pct
call,2021-10-12,2021-11-18,2021-11-18,early_75%,37,37,4.065729370117197,0.01,11.407450804051692,26.604953114629105,26.604953114629105,303.49469379923335,1.0,0.07001893381057787,True,0.0,1pct_UNFILTERED_early75pct
put,2021-11-05,2021-12-10,2021-12-07,early_75%,32,35,4.39305358886719,0.01,10.727359471781526,35.53604021815858,35.25019209470919,378.1414820492969,0.991956106485288,0.08730280005164236,True,0.0,1pct_UNFILTERED_early75pct
call,2021-11-19,2021-12-23,2021-12-10,early_75%,21,34,4.3964297485351835,0.01,10.629796012872426,29.413186103235113,21.660695986691017,230.24877983536993,0.7364280738123977,0.05280137274447519,True,0.0,1pct_UNFILTERED_early75pct
put,2021-12-08,2022-01-14,2021-12-27,early_75%,19,37,4.402337036132792,0.01,10.821110272658567,36.551285348273375,34.20396513257728,370.12487846178743,0.9357800910876318,0.08472988563530495,True,0.0,1pct_UNFILTERED_early75pct
call,2021-12-13,2022-01-19,2022-01-05,early_75%,23,37,4.374676513671886,0.01,10.68914117531615,28.499124598726322,22.173947699377912,237.02045737272726,0.7780571512841804,0.054219203307866524,True,0.0,1pct_UNFILTERED_early75pct
call,2022-01-06,2022-02-11,2022-01-20,early_75%,14,36,4.40293670654296,0.01,10.635504958744487,28.950786749206614,21.22206269340994,225.7073530105478,0.7330392392183097,0.051592147387935806,True,0.0,1pct_UNFILTERED_early75pct
put,2021-12-28,2022-02-03,2022-02-02,early_75%,36,37,4.486961059570319,0.01,10.62555397812793,36.72642977724644,33.24349386039327,353.2305384351732,0.9051654098158218,0.08069403109632188,True,0.0,1pct_UNFILTERED_early75pct
put,2022-02-03,2022-03-11,2022-02-09,early_75%,6,36,4.20214477539065,0.01,11.418125839083087,35.458090970733004,27.97063608508239,319.372242618669,0.7888364917380709,0.07269700273088217,True,0.0,1pct_UNFILTERED_early75pct
call,2022-01-21,2022-02-25,2022-02-11,early_75%,21,35,4.12103729248048,0.01,11.222669421347243,24.341436153712515,18.917317941463658,212.30280559556778,0.7771652347052834,0.048785862571896384,True,0.0,1pct_UNFILTERED_early75pct
call,2022-02-14,2022-03-23,2022-03-07,early_75%,21,37,4.130823669433596,0.01,11.303875101707762,24.29246163761092,19.121011259263362,216.1415230930609,0.7871170713164435,0.04918083262533884,True,0.0,1pct_UNFILTERED_early75pct
put,2022-02-10,2022-03-18,2022-03-16,early_75%,34,36,4.2277374267578125,0.01,11.374578013030709,35.62782798720123,35.30525538654377,401.5823816642148,0.990946049229458,0.0911936663853041,True,0.0,1pct_UNFILTERED_early75pct
put,2022-03-17,2022-04-22,2022-03-24,early_75%,7,36,4.150112304687525,0.01,11.623973133304169,35.14004122923631,26.556017125410214,308.68642959333374,0.7557195779074887,0.0699079526893684,True,0.0,1pct_UNFILTERED_early75pct
call,2022-03-08,2022-04-14,2022-04-05,early_75%,28,37,3.916575927734357,0.01,11.812245067094004,20.534831042268653,15.418134784988332,182.1227865577689,0.7508284218775322,0.041544567929673044,True,0.0,1pct_UNFILTERED_early75pct
call,2022-04-06,2022-05-13,2022-04-21,early_75%,15,37,4.214443969726574,0.01,11.224276465650895,26.936827580821298,19.50224247143375,218.8985611995312,0.7239992316437113,0.04943439362012233,True,0.0,1pct_UNFILTERED_early75pct
put,2022-03-25,2022-04-29,2022-04-29,expired,35,35,4.2726794433593795,0.01,11.286404698598341,35.54378958620852,-391.72415474972945,-4421.15734072181,-11.020888861600842,-1.0,False,391.72415474972945,1pct_UNFILTERED_early75pct
put,2022-05-02,2022-06-08,2022-05-04,early_75%,2,37,3.912036437988263,0.01,12.14386720393156,33.46195164748398,25.160717545963667,305.54841263381354,0.7519202051042206,0.07033208065477436,True,0.0,1pct_UNFILTERED_early75pct
call,2022-04-22,2022-05-27,2022-05-06,early_75%,14,35,4.021145019531275,0.01,11.721149124992529,23.971996420515353,17.619407740490104,206.51970562033216,0.734999598340142,0.046594623674144325,True,0.0,1pct_UNFILTERED_early75pct
call,2022-05-09,2022-06-15,2022-05-19,early_75%,10,37,3.7580963134765852,0.01,12.22294896278634,19.84262441167026,14.325563960688328,175.10063715462476,0.7219591352171578,0.04024407791046888,True,0.0,1pct_UNFILTERED_early75pct
put,2022-05-05,2022-06-10,2022-05-27,early_75%,22,36,3.9057135009765602,0.01,12.1816735851422,33.36784101964818,30.729140401925616,374.3323579282632,0.9209208466268823,0.0860269835569136,True,0.0,1pct_UNFILTERED_early75pct
call,2022-05-20,2022-06-24,2022-06-10,early_75%,21,35,3.6774920654297034,0.01,12.552847438437672,21.536525596582567,17.926619021634004,225.03011366556643,0.8323821287347581,0.05177920974076049,True,0.0,1pct_UNFILTERED_early75pct
call,2022-06-13,2022-07-20,2022-07-05,early_75%,22,37,3.539408569335933,0.01,12.989039250758644,18.9377567766442,15.102664191460224,196.16909797390392,0.7974896060596909,0.04508216247665953,True,0.0,1pct_UNFILTERED_early75pct
put,2022-05-31,2022-07-07,2022-07-06,early_75%,36,37,3.897407226562507,0.01,12.20365122347239,33.06097978969438,29.561147249804502,360.7539308023242,0.8941400841066172,0.08287868274275431,True,0.0,1pct_UNFILTERED_early75pct
put,2022-07-07,2022-08-12,2022-07-21,early_75%,14,36,3.6873104858398165,0.01,12.972709848042884,31.251003221710437,26.537613455974274,344.2647594238728,0.849176369401744,0.07863461505549821,True,0.0,1pct_UNFILTERED_early75pct
put,2022-07-22,2022-08-26,2022-07-29,early_75%,7,35,3.7451348876953148,0.01,12.7814392842414,31.44007967888729,26.552914654429642,339.3844664752362,0.8445562137764082,0.07739718075152259,True,0.0,1pct_UNFILTERED_early75pct
call,2022-07-06,2022-08-12,2022-08-09,early_75%,34,37,3.632901000976574,0.01,12.811461759780494,21.874022561762963,19.838809104035175,254.16414419593175,0.9069575130965871,0.05810742495554986,True,0.0,1pct_UNFILTERED_early75pct
put,2022-08-01,2022-09-07,2022-08-10,early_75%,9,37,3.893767700195326,0.01,12.302069187742067,32.73005435563916,25.37265846384807,312.1361998992083,0.7752097869485064,0.07114227427166174,True,0.0,1pct_UNFILTERED_early75pct
call,2022-08-10,2022-09-16,2022-08-29,early_75%,19,37,3.981166076660145,0.01,11.828256695203075,26.07867240248847,21.19110877747893,250.65387427599183,0.8125838789039292,0.056959537640882275,True,0.0,1pct_UNFILTERED_early75pct
put,2022-08-11,2022-09-16,2022-09-12,early_75%,32,36,3.981166076660145,0.01,12.062545308134608,33.06279111903754,28.97272347821438,349.4847896560163,0.8762939394288433,0.07936562272452238,True,0.0,1pct_UNFILTERED_early75pct
call,2022-08-30,2022-10-06,2022-09-15,early_75%,16,37,3.7747091674804665,0.01,12.390321327411707,22.895744064762713,17.132855366868213,212.28158325156735,0.7482986933469539,0.04831938806435198,True,0.0,1pct_UNFILTERED_early75pct
call,2022-09-16,2022-10-21,2022-09-29,early_75%,13,35,3.6698110961913812,0.01,12.826500879279306,22.46089502856128,17.57232656920453,225.39146219088502,0.7823520187801758,0.0510052119585704,True,0.0,1pct_UNFILTERED_early75pct
put,2022-09-13,2022-10-20,2022-10-18,early_75%,35,37,3.726270751953109,0.01,12.949201801330226,31.67644308271207,28.63441110998904,370.7927679255003,0.9039654810743802,0.08398403878169826,True,0.0,1pct_UNFILTERED_early75pct
put,2022-10-19,2022-11-25,2022-10-28,early_75%,9,37,3.507431945800761,0.01,13.81693602198114,29.960440741372317,27.412328130005154,378.75438398583515,0.9149507634629527,0.08545449467582239,True,0.0,1pct_UNFILTERED_early75pct
call,2022-09-30,2022-11-04,2022-10-31,early_75%,31,35,3.3996859741210983,0.01,13.72262386735833,19.24817833070207,14.62171726334422,200.6483262997327,0.7596416145013395,0.04559022872701106,True,0.0,1pct_UNFILTERED_early75pct
put,2022-10-31,2022-12-07,2022-11-11,early_75%,11,37,3.6759973144531273,0.01,13.195190212477659,31.161772501045593,26.36538581414608,347.8962808430177,0.846081069787074,0.0783662637143559,True,0.0,1pct_UNFILTERED_early75pct
put,2022-11-14,2022-12-21,2022-11-23,early_75%,9,37,3.7608035278320244,0.01,12.916733913985343,31.70276005245254,23.18380302330508,299.4590147662807,0.7312865815136361,0.06732088124395258,True,0.0,1pct_UNFILTERED_early75pct
call,2022-11-01,2022-12-08,2022-11-28,early_75%,27,37,3.6599124145507744,0.01,12.927324666827396,22.323122782084013,18.99052385869998,245.49666751454643,0.8507108993702845,0.055258322861102556,True,0.0,1pct_UNFILTERED_early75pct
call,2022-11-29,2023-01-05,2022-12-16,early_75%,17,37,3.7618515014648324,0.01,12.65348224113304,24.101051649802308,20.476083123444774,259.0937541704724,0.8495929315023368,0.058156796091822935,True,0.0,1pct_UNFILTERED_early75pct
put,2022-11-25,2022-12-30,2022-12-29,early_75%,34,35,3.8294302368163926,0.01,12.69920641472519,31.808742378967548,31.519820014856663,400.27670052365113,0.990916888172796,0.08976571554882481,True,0.0,1pct_UNFILTERED_early75pct
put,2022-12-30,2023-02-03,2023-01-11,early_75%,12,35,3.65673461914065,0.01,13.356258533741848,30.537114607906478,25.847061377242316,345.220034091942,0.8464146566928807,0.07712401709036396,True,0.0,1pct_UNFILTERED_early75pct
call,2022-12-19,2023-01-25,2023-01-18,early_75%,30,37,3.633690185546868,0.01,13.097131030708239,23.13982171883354,21.234788709770438,278.11481014126736,0.9176729608287089,0.06241318766071496,True,0.0,1pct_UNFILTERED_early75pct
put,2023-01-12,2023-02-17,2023-01-26,early_75%,14,36,3.795667724609359,0.01,12.86927471273183,31.28493295551952,23.703752347888322,305.05010068753694,0.7576731067824242,0.0680591109245008,True,0.0,1pct_UNFILTERED_early75pct
put,2023-01-27,2023-03-03,2023-02-14,early_75%,18,35,3.8790475463867438,0.01,12.594565334145633,31.85952476456545,26.492304770797944,333.6590632879128,0.8315348382177692,0.07440713299308949,True,0.0,1pct_UNFILTERED_early75pct
call,2023-01-19,2023-02-24,2023-02-21,early_75%,33,36,3.7161132812499886,0.01,12.903240202590812,24.228623712039244,23.968286395187018,309.26855660158753,0.9892549688357716,0.06899677528762094,True,0.0,1pct_UNFILTERED_early75pct
call,2023-02-22,2023-03-31,2023-03-10,early_75%,16,37,3.810775451660163,0.01,12.57781022195826,24.30395672173048,19.100026730455845,240.23651145000352,0.7858813669371896,0.05353542792711105,True,0.0,1pct_UNFILTERED_early75pct
put,2023-02-15,2023-03-24,2023-03-21,early_75%,34,37,3.9584100341796784,0.01,12.36729373681372,32.551870167829186,24.437106469534623,302.22087378652554,0.7507128267452254,0.06726627425078727,True,0.0,1pct_UNFILTERED_early75pct
put,2023-03-22,2023-04-28,2023-03-29,early_75%,7,37,3.763601989746121,0.01,13.09464358217826,31.570899960318645,24.05779897381119,315.0283029337515,0.7620244910360287,0.06977536438221611,True,0.0,1pct_UNFILTERED_early75pct
call,2023-03-13,2023-04-19,2023-04-12,early_75%,30,37,3.684750366210949,0.01,12.922191007036353,22.25265831065728,17.25164493096315,222.9290509834763,0.7752622041880255,0.04982822027608682,True,0.0,1pct_UNFILTERED_early75pct
put,2023-03-30,2023-05-05,2023-04-13,early_75%,14,36,3.8748464965820517,0.01,12.7278066984915,31.973825897087583,27.69845390451818,352.54056714378453,0.8662852544975284,0.07791170353544542,True,0.0,1pct_UNFILTERED_early75pct
call,2023-04-13,2023-05-19,2023-04-26,early_75%,13,36,3.9686218261718977,0.01,12.23950262491216,26.47400362434693,19.98453097879623,244.6007193726148,0.7548737721111956,0.053955639278602356,True,0.0,1pct_UNFILTERED_early75pct
put,2023-04-14,2023-05-19,2023-05-01,early_75%,17,35,3.9589282226562545,0.01,12.467248868334767,32.181288249010684,25.207421448756605,314.26719653064833,0.7832943558290129,0.06930608213157491,True,0.0,1pct_UNFILTERED_early75pct
call,2023-04-27,2023-06-02,2023-05-16,early_75%,19,36,3.9584478759765602,0.01,12.27643798790081,26.538595583310876,19.4946506787489,239.3248701534493,0.734577329744169,0.05278722940554341,True,0.0,1pct_UNFILTERED_early75pct
put,2023-05-02,2023-06-08,2023-05-18,early_75%,16,37,3.9433786010742438,0.01,12.557807842621129,32.3313174780713,29.169121802977422,366.3002265398008,0.9021940359455307,0.0805762282391751,True,0.0,1pct_UNFILTERED_early75pct
put,2023-05-19,2023-06-23,2023-06-02,early_75%,14,35,4.018053894042964,0.01,12.340677228666278,32.5932962755957,30.43822392911698,375.6282969230989,0.9338798896479724,0.0824410264332993,True,0.0,1pct_UNFILTERED_early75pct
put,2023-06-05,2023-07-12,2023-06-14,early_75%,9,37,4.099447631835915,0.01,12.099987490237604,32.73262860383463,27.04500262364772,327.2441934195806,0.8262398645393055,0.07169706418320268,True,0.0,1pct_UNFILTERED_early75pct
call,2023-05-17,2023-06-23,2023-06-21,early_75%,35,37,3.9855154418945062,0.01,12.24738758655476,26.705000599174255,25.903764440188883,317.25344304980797,0.9699967743490653,0.06966251236351752,True,0.0,1pct_UNFILTERED_early75pct
put,2023-06-15,2023-07-21,2023-07-03,early_75%,18,36,4.248222351074219,0.01,11.683189932750697,33.76175177698052,27.391110099281043,320.01554175878624,0.8113059500057366,0.07004315513039422,True,0.0,1pct_UNFILTERED_early75pct
put,2023-07-05,2023-08-11,2023-07-17,early_75%,12,37,4.26910858154298,0.01,11.655769581274177,33.8750452516285,27.302561176655047,318.2323620537332,0.805978589071922,0.06946583563217479,True,0.0,1pct_UNFILTERED_early75pct
call,2023-06-22,2023-07-28,2023-07-27,early_75%,35,36,4.20533142089846,0.01,11.67396323593153,28.4934190114976,28.23873964322047,329.658008423998,0.9910618178824253,0.07203030198441654,True,0.0,1pct_UNFILTERED_early75pct
call,2023-07-28,2023-09-01,2023-08-09,early_75%,12,35,4.401961669921889,0.01,11.202949846823259,29.839587007091673,21.95453057373415,245.95550492809156,0.7357518241963751,0.053501105244934705,True,0.0,1pct_UNFILTERED_early75pct
put,2023-07-18,2023-08-24,2023-08-23,early_75%,36,37,4.375660095214869,0.01,11.37701915449156,34.33239988848322,34.12095472192477,388.1947554408773,0.9938412354730441,0.08461833018576846,True,0.0,1pct_UNFILTERED_early75pct
call,2023-08-10,2023-09-15,2023-08-24,early_75%,14,36,4.29589019775392,0.01,11.478549028111438,28.977498709618153,22.38416714841322,256.9377600665025,0.7724671950717235,0.05587499602822982,True,0.0,1pct_UNFILTERED_early75pct
put,2023-08-24,2023-09-29,2023-08-29,early_75%,5,36,4.208991699218757,0.01,11.9388542233821,34.30894844249981,30.125444111781434,359.66328566520315,0.8780637553573017,0.07792603754047253,True,0.0,1pct_UNFILTERED_early75pct
call,2023-08-25,2023-09-29,2023-09-15,early_75%,21,35,4.238664550781266,0.01,11.677688305691303,28.63930827633203,22.482595461123957,262.5447420979556,0.7850257849874092,0.0568852510336263,True,0.0,1pct_UNFILTERED_early75pct
call,2023-09-18,2023-10-25,2023-09-29,early_75%,11,37,4.289000549316427,0.01,11.574638851508853,29.064950283134582,22.3190081886452,258.33445930743693,0.7679011307855624,0.05582053183715738,True,0.0,1pct_UNFILTERED_early75pct
put,2023-08-30,2023-10-06,2023-10-06,early_75%,37,37,4.345024108886719,0.01,11.5408713952908,34.35183411946164,34.35183411946164,396.4500997650694,1.0,0.08584726878770517,True,0.0,1pct_UNFILTERED_early75pct
call,2023-10-02,2023-11-08,2023-10-23,early_75%,21,37,4.131219482421898,0.01,11.937868887336217,27.544996160805457,22.58018544314325,269.55929327198197,0.8197563474440859,0.05856207255452659,True,0.0,1pct_UNFILTERED_early75pct
put,2023-10-09,2023-11-15,2023-11-02,early_75%,24,37,4.179366455078139,0.01,12.09551771126632,34.247220574844306,29.833568471643556,360.8524558390411,0.8711237867156226,0.07775447154128752,True,0.0,1pct_UNFILTERED_early75pct
put,2023-11-03,2023-12-08,2023-11-14,early_75%,11,35,4.2025692749023165,0.01,12.036892828972713,33.478812207823374,31.139574773500765,374.823724288411,0.930127824732803,0.08051017765253866,True,0.0,1pct_UNFILTERED_early75pct
put,2023-11-15,2023-12-22,2023-11-24,early_75%,9,37,4.347491455078114,0.01,11.623923696942992,34.497007269515954,26.330127956242496,306.0593982941083,0.7632583241361258,0.06578385332838997,True,0.0,1pct_UNFILTERED_early75pct
call,2023-10-24,2023-11-30,2023-11-29,early_75%,36,37,4.095641174316427,0.01,12.120320331050744,27.015590044611105,23.875164663372455,289.37464367665746,0.8837550697188981,0.06241081314951057,True,0.0,1pct_UNFILTERED_early75pct
put,2023-11-27,2024-01-03,2023-12-11,early_75%,14,37,4.393898315429681,0.01,11.495550826505125,34.17222163910913,27.897419199390498,320.6962003349134,0.8163770999150578,0.06884552526236307,True,0.0,1pct_UNFILTERED_early75pct
put,2023-12-12,2024-01-18,2023-12-19,early_75%,7,37,4.486904296875025,0.01,11.299200986315597,34.54808534923606,27.876462994630142,314.9817581639151,0.8068887960891458,0.06731130823913282,True,0.0,1pct_UNFILTERED_early75pct
put,2023-12-20,2024-01-26,2023-12-27,early_75%,7,37,4.5454776000976835,0.01,11.144750072223154,35.84100926886189,27.795463122008,309.77348963647466,0.7755212168691987,0.06638408163427889,True,0.0,1pct_UNFILTERED_early75pct
call,2023-11-30,2024-01-05,2024-01-03,early_75%,34,36,4.412460937499986,0.01,11.36100685391057,29.897377012477587,29.007620820427857,329.5557789565198,0.9702396570883662,0.07051832092851144,True,0.0,1pct_UNFILTERED_early75pct
put,2023-12-28,2024-02-02,2024-01-19,early_75%,22,36,4.6273092651367165,0.01,10.950862487269594,35.770348646583884,32.073124820860144,351.22837945027266,0.8966399835167156,0.07511963980628784,True,0.0,1pct_UNFILTERED_early75pct
put,2024-01-22,2024-02-28,2024-02-02,early_75%,11,37,4.692929992675772,0.01,10.862032660455249,36.76563972607991,28.192963035144608,306.23288528274827,0.7668291166750941,0.06518191835316658,True,0.0,1pct_UNFILTERED_early75pct
call,2024-01-04,2024-02-09,2024-02-09,expired,36,36,4.535964660644538,0.01,11.088459730425773,30.744414273446463,-346.4821517945001,-3841.9533874845847,-11.26975940126308,-0.8193933323179127,False,346.4821517945001,1pct_UNFILTERED_early75pct
put,2024-02-05,2024-03-13,2024-02-22,early_75%,17,37,4.781264343261739,0.01,10.646443922239905,37.7001835054779,35.03499819984508,372.99814365042664,0.9293057736643227,0.07954793369959308,True,0.0,1pct_UNFILTERED_early75pct
put,2024-02-23,2024-03-28,2024-03-12,early_75%,18,34,4.929784545898428,0.01,10.213309725764981,38.62888346757365,35.463362480723596,362.19830493270325,0.9180530032790801,0.07805303390762994,True,0.0,1pct_UNFILTERED_early75pct
call,2024-02-12,2024-03-20,2024-03-15,early_75%,32,37,4.863096618652321,0.01,10.237647449218434,32.95817604181447,31.173844003168213,319.1468245413684,0.9458607164309564,0.06876307893101416,True,0.0,1pct_UNFILTERED_early75pct
put,2024-03-13,2024-04-19,2024-03-27,early_75%,14,37,5.00860595703125,0.01,10.085794467367734,39.53330378368667,34.34152726620951,346.36158570249404,0.8686733457470475,0.0744407015750687,True,0.0,1pct_UNFILTERED_early75pct
call,2024-03-18,2024-04-24,2024-04-12,early_75%,25,37,4.993885498046893,0.01,9.991592811504919,33.82339747395883,27.770495919246454,277.4714873986696,0.8210439516203953,0.059649000317615504,True,0.0,1pct_UNFILTERED_early75pct
call,2024-04-15,2024-05-22,2024-04-30,early_75%,15,37,4.9119946289062,0.01,10.141804467476373,32.32658025172093,28.01108682528746,284.0829655035689,0.8665032492509402,0.06104323852000257,True,0.0,1pct_UNFILTERED_early75pct
put,2024-03-28,2024-05-03,2024-05-02,early_75%,35,36,5.093302917480457,0.01,9.924579716614787,39.70140802118392,30.417472578379012,301.88063138206684,0.7661560154780612,0.06476916908728712,True,0.0,1pct_UNFILTERED_early75pct
put,2024-05-03,2024-06-07,2024-05-10,early_75%,7,35,4.97859771728514,0.01,10.195047673437951,38.97388597420609,30.633230362088078,312.3072439328949,0.78599373904778,0.0667556604224899,True,0.0,1pct_UNFILTERED_early75pct
put,2024-05-13,2024-06-18,2024-05-17,early_75%,4,36,5.07227020263673,0.01,10.002607544985544,39.86483309485037,29.863885197043917,298.7167233945336,0.7491285646672293,0.06389880486042905,True,0.0,1pct_UNFILTERED_early75pct
put,2024-05-20,2024-06-26,2024-06-07,early_75%,18,37,5.161367187499991,0.01,9.802524219581374,39.7951658044764,30.115515603740086,295.20807109084296,0.756763164443268,0.06322252471470671,True,0.0,1pct_UNFILTERED_early75pct
call,2024-05-01,2024-06-07,2024-06-07,early_75%,37,37,4.872071533203098,0.01,10.259874617185725,32.8935489529975,32.8935489529975,337.4836879720151,1.0,0.07240273818963847,True,0.0,1pct_UNFILTERED_early75pct
put,2024-06-10,2024-07-17,2024-06-17,early_75%,7,37,5.215895996093764,0.01,9.783792904830051,40.595901775805885,30.01285802116931,293.639587361188,0.7393075829899708,0.06239761176986173,True,0.0,1pct_UNFILTERED_early75pct
put,2024-06-18,2024-07-25,2024-07-05,early_75%,17,37,5.340826416015602,0.01,9.544451132777958,41.28140935927592,34.690580751581635,331.10255275115856,0.8403439051624014,0.07039467128305822,True,0.0,1pct_UNFILTERED_early75pct
call,2024-06-10,2024-07-17,2024-07-17,early_75%,37,37,5.215895996093764,0.01,9.677978991040595,35.33697057509239,35.33697057509239,341.9904588327638,1.0,0.07267204013944963,True,0.0,1pct_UNFILTERED_early75pct
call,2024-07-18,2024-08-23,2024-08-06,early_75%,19,36,5.398792114257844,0.01,9.384481239923455,36.40430120899002,27.756889153419316,260.4840055388984,0.7624618034575752,0.055130630325684556,True,0.0,1pct_UNFILTERED_early75pct
put,2024-07-08,2024-08-14,2024-08-13,early_75%,36,37,5.42438659667971,0.01,9.409880986947387,41.97502909399128,39.7272835020713,373.82900968920933,0.9464504101501208,0.07938096012393196,True,0.0,1pct_UNFILTERED_early75pct
put,2024-08-14,2024-09-20,2024-08-19,early_75%,5,37,5.3117523193359375,0.01,9.704687871041033,43.01849361615936,35.83266808323094,347.74485933437046,0.8329596197150624,0.07340402225469227,True,0.0,1pct_UNFILTERED_early75pct
call,2024-08-07,2024-09-13,2024-09-05,early_75%,29,37,5.066654357910124,0.01,9.811430031444162,30.011742132867635,24.260237511107604,238.02762288644934,0.8083581887283638,0.05089698838777278,True,0.0,1pct_UNFILTERED_early75pct
put,2024-08-20,2024-09-26,2024-09-13,early_75%,24,37,5.457796020507828,0.01,9.448710059013154,44.07976211454143,37.42313341146329,353.6003371046844,0.8489867371384431,0.07459267560503749,True,0.0,1pct_UNFILTERED_early75pct
put,2024-09-16,2024-10-23,2024-09-24,early_75%,8,37,5.498237915039056,0.01,9.412708395824946,44.872279736142076,33.43062580750784,314.6727322160111,0.7450173248180516,0.06620561584313703,True,0.0,1pct_UNFILTERED_early75pct
call,2024-09-06,2024-10-11,2024-10-10,early_75%,34,35,5.278635864257808,0.01,9.600314237698843,33.874335507057566,32.91872738919325,316.0301272413988,0.9717896128865696,0.06663854998458138,True,0.0,1pct_UNFILTERED_early75pct
put,2024-09-25,2024-11-01,2024-10-16,early_75%,21,37,5.585652465820317,0.01,9.262667726039163,44.91303369528388,33.24081157461857,307.8985925595685,0.7401150365424779,0.06471462740869695,True,0.0,1pct_UNFILTERED_early75pct
call,2024-10-11,2024-11-15,2024-10-31,early_75%,20,35,5.679132690429697,0.01,8.987220070319308,37.154902752826224,31.316126521743037,281.4449208008678,0.8428531418874712,0.05900260553711898,True,0.0,1pct_UNFILTERED_early75pct
put,2024-10-17,2024-11-22,2024-11-06,early_75%,20,36,5.706275634765575,0.01,9.122222559904877,47.11095490362245,45.0169528316588,410.6546626991316,0.9555516954337379,0.08598954091327009,True,0.0,1pct_UNFILTERED_early75pct
put,2024-11-07,2024-12-13,2024-11-26,early_75%,19,36,5.836206054687523,0.01,8.91474108563313,46.73605772889066,40.50815466356015,361.11971068242093,0.8667430808679306,0.0754504014579829,True,0.0,1pct_UNFILTERED_early75pct
call,2024-11-01,2024-12-06,2024-11-27,early_75%,26,35,5.5954516601563,0.01,9.115787988814347,36.09839063536875,28.456796775488566,259.40612624612953,0.788312062521894,0.054364260348754544,True,0.0,1pct_UNFILTERED_early75pct
put,2024-11-27,2025-01-03,2024-12-06,early_75%,9,37,5.867757568359366,0.01,8.885963001195767,46.51572305136259,35.722583522877144,317.42955549141186,0.7679679295414223,0.06612109223152594,True,0.0,1pct_UNFILTERED_early75pct
call,2024-11-29,2025-01-03,2024-12-20,early_75%,21,35,5.904208374023483,0.01,8.722663301455603,40.02981027576668,30.497297041305636,266.0176536957872,0.7618646411563971,0.055410236610364864,True,0.0,1pct_UNFILTERED_early75pct
call,2024-12-23,2025-01-29,2025-01-10,early_75%,18,37,5.846803588867147,0.01,8.80014749195783,39.19820496177129,32.066351290140894,282.18862088217213,0.8180566258433044,0.05878533524774694,True,0.0,1pct_UNFILTERED_early75pct
put,2024-12-09,2025-01-15,2025-01-14,early_75%,36,37,5.925079956054674,0.01,8.81373222180586,47.02062517510205,39.7213623655744,350.09345137548974,0.8447646584377468,0.07281811553993635,True,0.0,1pct_UNFILTERED_early75pct
put,2025-01-15,2025-02-21,2025-01-22,early_75%,7,37,5.828024291992165,0.01,9.008646849688931,47.17084592540925,35.77904437536767,322.3207753970364,0.7584991041276784,0.0667978616135448,True,0.0,1pct_UNFILTERED_early75pct
call,2025-01-13,2025-02-19,2025-02-12,early_75%,30,37,5.716043090820335,0.01,9.003890653426538,37.63151407618077,31.685903462310073,285.29641002966923,0.8420044805575859,0.05933992098223426,True,0.0,1pct_UNFILTERED_early75pct
put,2025-01-23,2025-02-28,2025-02-14,early_75%,22,36,5.994868774414044,0.01,8.74694311081586,47.91659346467439,36.983847040200345,323.4956060797479,0.7718379869275556,0.06705192087861035,True,0.0,1pct_UNFILTERED_early75pct
call,2025-02-13,2025-03-21,2025-02-27,early_75%,14,36,5.994672241210992,0.01,8.659606480758619,40.54827592612818,29.76841484594399,257.7827581218477,0.734147486324124,0.053260700754699936,True,0.0,1pct_UNFILTERED_early75pct
call,2025-02-28,2025-04-04,2025-03-11,early_75%,11,35,5.8417889404296375,0.01,8.832478407323322,38.5025249382233,30.17052945335238,266.4805499342472,0.7835987250644086,0.055290152114982394,True,0.0,1pct_UNFILTERED_early75pct
put,2025-02-18,2025-03-27,2025-03-27,expired,37,37,6.0119750976562045,0.01,8.762309486824815,48.312549358611804,-552.8849604070086,-4844.5491336970945,-11.443920218390542,-1.0,False,552.8849604070086,1pct_UNFILTERED_early75pct
call,2025-03-12,2025-04-17,2025-03-28,early_75%,16,36,5.494632568359407,0.01,9.2956327354011,34.37404768454124,25.65579595830542,238.48685676279507,0.7463711051359072,0.04980845162835559,True,0.0,1pct_UNFILTERED_early75pct
call,2025-03-31,2025-05-07,2025-04-17,early_75%,17,37,5.51628906250005,0.01,9.220043637655568,35.1852414837837,29.328555652747788,270.4105629477445,0.8335470900850528,0.05678945769626964,True,0.0,1pct_UNFILTERED_early75pct
put,2025-03-28,2025-05-02,2025-04-25,early_75%,28,35,5.4795074462890625,0.01,9.483202729702146,45.75508317915538,37.691678173566245,357.4378253426182,0.8237702907452571,0.07505377100382941,True,0.0,1pct_UNFILTERED_early75pct
put,2025-04-28,2025-06-04,2025-05-08,early_75%,10,37,5.432074584960958,0.01,9.587942866945523,45.96939440687464,34.766441832508555,333.3386579770768,0.7562954065653146,0.06991910785468405,True,0.0,1pct_UNFILTERED_early75pct
put,2025-05-09,2025-06-13,2025-05-12,early_75%,3,35,5.5651025390624795,0.01,9.36006661481505,46.51822510463373,38.40754329370495,359.49716374047136,0.8256450715244321,0.07531008550066062,True,0.0,1pct_UNFILTERED_early75pct
call,2025-04-21,2025-05-28,2025-05-28,early_75%,37,37,5.067503356933571,0.01,9.896082285615524,27.21147332657243,27.21147332657243,269.2869791525928,1.0,0.05674508462623661,True,0.0,1pct_UNFILTERED_early75pct
put,2025-05-13,2025-06-18,2025-06-02,early_75%,20,36,5.786981201171898,0.01,8.978439335306149,47.514352291541265,38.35375024708313,344.3568198749191,0.8072034742628923,0.07220429646048984,True,0.0,1pct_UNFILTERED_early75pct
put,2025-06-03,2025-07-10,2025-06-24,early_75%,21,37,5.878198242187523,0.01,8.897548345644761,48.16470510270854,44.76141440426063,398.26684868134873,0.9293405681361365,0.08294448216775915,True,0.0,1pct_UNFILTERED_early75pct
call,2025-05-29,2025-07-03,2025-06-25,early_75%,27,35,5.818635864257772,0.01,8.830191551634941,38.4934913248705,29.760339997411545,262.78950281892685,0.7731265461541418,0.054769926180580276,True,0.0,1pct_UNFILTERED_early75pct
put,2025-06-25,2025-08-01,2025-07-03,early_75%,8,37,6.00466674804693,0.01,8.727596205047664,48.861251139095565,38.86326867131744,339.1829161715379,0.7953801379478309,0.07045483420568709,True,0.0,1pct_UNFILTERED_early75pct
put,2025-07-07,2025-08-13,2025-07-21,early_75%,14,37,6.138780517578084,0.01,8.545426064461614,50.33462602516347,37.66472002287061,321.8610801940878,0.7482864778620015,0.06683552376447992,True,0.0,1pct_UNFILTERED_early75pct
call,2025-06-26,2025-08-01,2025-07-28,early_75%,32,36,6.051646118164058,0.01,8.527815992297423,40.674085221812305,33.92608534796395,289.3154131864142,0.8340958416876797,0.06010036262721735,True,0.0,1pct_UNFILTERED_early75pct
put,2025-07-22,2025-08-28,2025-08-08,early_75%,17,37,6.2196838378906705,0.01,8.45273802358209,50.504111418083156,43.36205242413174,366.52806930601827,0.8585846024528969,0.0758788510858679,True,0.0,1pct_UNFILTERED_early75pct
call,2025-07-29,2025-09-04,2025-08-20,early_75%,22,37,6.282982788085974,0.01,8.258413438904087,42.308232433136325,32.77210824303485,270.6456191354984,0.7746035785075089,0.05592604933435473,True,0.0,1pct_UNFILTERED_early75pct
put,2025-08-11,2025-09-17,2025-08-22,early_75%,11,37,6.289510498046866,0.01,8.38028840716914,50.963497328001516,41.108119048884035,344.49789350589174,0.8066188782985559,0.07112284489992067,True,0.0,1pct_UNFILTERED_early75pct
put,2025-08-25,2025-10-01,2025-09-10,early_75%,16,37,6.35429260253909,0.01,8.29731941546933,50.76969092520018,38.1712874915251,316.7193648168928,0.7518518784714188,0.06528805734823155,True,0.0,1pct_UNFILTERED_early75pct
call,2025-08-21,2025-09-26,2025-09-24,early_75%,34,36,6.285850830078175,0.01,8.271713062757463,42.24592530235584,40.80790063779801,337.5512447693824,0.9659606304213759,0.06959777477167442,True,0.0,1pct_UNFILTERED_early75pct
put,2025-09-11,2025-10-17,2025-09-30,early_75%,19,36,6.504231567382817,0.01,8.119871414117748,51.81355190218441,41.19654900217406,334.5106806030542,0.795092161987784,0.0688203942425112,True,0.0,1pct_UNFILTERED_early75pct
call,2025-09-25,2025-10-31,2025-10-22,early_75%,27,36,6.526429443359348,0.01,7.999782782665997,43.82892660462192,32.32783124315439,258.6156277799184,0.737591215381152,0.053099682828626316,True,0.0,1pct_UNFILTERED_early75pct
put,2025-10-01,2025-11-07,2025-10-24,early_75%,23,37,6.629574584960892,0.01,7.995044768692329,53.73743324525368,49.28421908891795,394.0295380059401,0.9171301290850348,0.0808972408098799,True,0.0,1pct_UNFILTERED_early75pct
call,2025-10-23,2025-11-28,2025-11-17,early_75%,25,36,6.662402954101594,0.01,7.853928358263299,44.59218844028368,36.434807080513394,286.1563645574966,0.8170670324760049,0.05861001854909368,True,0.0,1pct_UNFILTERED_early75pct
put,2025-10-27,2025-12-03,2025-11-26,early_75%,30,37,6.796094970703166,0.01,7.817945407971852,54.84331214264944,48.16031413397228,376.5147067301704,0.8781437927874516,0.07708534055752087,True,0.0,1pct_UNFILTERED_early75pct
call,2025-11-18,2025-12-24,2025-12-09,early_75%,21,36,6.54656250000005,0.01,7.94400982447245,40.718687601936644,31.07793901895092,246.8834528909018,0.7632352821084736,0.05062068347399866,True,0.0,1pct_UNFILTERED_early75pct
put,2025-11-28,2026-01-02,2025-12-11,early_75%,13,35,6.777747192382776,0.01,7.867080792976375,54.763971742060136,40.30689071873498,317.09756579795766,0.7360110933622853,0.06469694283882269,True,0.0,1pct_UNFILTERED_early75pct
put,2025-12-12,2026-01-16,2025-12-23,early_75%,11,35,6.7615814208984375,0.01,7.897326640531302,54.326710249129604,42.311495210198544,334.14769832421354,0.7788341133885691,0.0680433523357772,True,0.0,1pct_UNFILTERED_early75pct
call,2025-12-10,2026-01-16,2025-12-29,early_75%,19,37,6.819204101562491,0.01,7.715032022280744,45.96482697053985,35.993409827074636,277.69030940695524,0.7830641862340485,0.05659736431084053,True,0.0,1pct_UNFILTERED_early75pct
put,2025-12-24,2026-01-30,2026-01-22,early_75%,29,37,6.867305297851544,0.01,7.778841432055915,54.00659699752951,46.09679675647529,358.57967249433074,0.8535401102680836,0.07285451737756185,True,0.0,1pct_UNFILTERED_early75pct
call,2025-12-30,2026-02-05,2026-01-26,early_75%,27,37,6.833783569335992,0.01,7.724197684130848,46.28495747591555,36.72068906398402,283.6378614277143,0.7933611926313574,0.057637842575738445,True,0.0,1pct_UNFILTERED_early75pct
call,2026-01-27,2026-03-05,2026-02-17,early_75%,21,37,6.918134765625041,0.01,7.651213697798396,46.49583979856162,36.636620438036545,280.31461213654586,0.7879548062097789,0.05677300348051426,True,0.0,1pct_UNFILTERED_early75pct
put,2026-01-23,2026-02-27,2026-02-20,early_75%,28,35,6.855865478515625,0.01,7.830412143523919,55.26587769128011,49.71569440103866,389.29437716161726,0.8995730544397531,0.07887365392665388,True,0.0,1pct_UNFILTERED_early75pct
call,2026-02-18,2026-03-27,2026-03-12,early_75%,22,37,6.826621093749964,0.01,7.751764672340521,44.76798530435604,33.69478741336584,261.1940627129533,0.7526536471161513,0.052821912198135375,True,0.0,1pct_UNFILTERED_early75pct
call,2026-03-13,2026-04-17,2026-03-30,early_75%,17,35,6.587890014648451,0.01,7.989638700804218,39.839099038477556,34.026493673096915,271.85939070324497,0.8540979714484335,0.05497455212402239,True,0.0,1pct_UNFILTERED_early75pct
put,2026-02-23,2026-04-01,2026-03-31,early_75%,36,37,6.787827758789035,0.01,7.953651345781069,56.653893953059665,55.24112030387398,439.3686108473612,0.9750630795059518,0.08879369196439038,True,0.0,1pct_UNFILTERED_early75pct
put,2026-04-01,2026-05-08,2026-04-08,early_75%,7,37,6.535562744140634,0.01,8.301658212786013,55.22076043230033,44.51577997101307,369.5547903949357,0.8061421034863984,0.07439936111225029,True,0.0,1pct_UNFILTERED_early75pct
put,2026-04-09,2026-05-15,2026-04-15,early_75%,6,36,6.7816284179687045,0.01,7.992678697782767,56.10989787269784,42.539855008416204,340.00739293253577,0.7581524226782704,0.06838622889565772,True,0.0,1pct_UNFILTERED_early75pct
put,2026-04-16,2026-05-22,2026-04-30,early_75%,14,36,6.998569946289081,0.01,7.735635414836594,57.35405210127331,50.184969243642,388.2126253736023,0.8750030277726071,0.07810854382426971,True,0.0,1pct_UNFILTERED_early75pct
call,2026-03-31,2026-05-07,2026-05-07,expired,37,37,6.486688842773447,0.01,8.104347673281948,39.86734353770618,-461.2373402461132,-3738.027765254342,-11.569302073259008,-0.7576152643860786,False,461.2373402461132,1pct_UNFILTERED_early75pct
put,2026-05-01,2026-06-05,2026-05-13,early_75%,12,35,7.187982177734398,0.01,7.524946868299481,58.39227982587547,47.41801945482767,356.81807699756934,0.812059737969252,0.07180132208107526,True,0.0,1pct_UNFILTERED_early75pct
put,2026-05-14,2026-06-16,2026-05-28,early_75%,14,33,7.462474975585906,0.01,7.1766498593565835,60.522412616911936,47.31598128116049,339.57023040675915,0.7817927150501409,0.0690013860076079,True,0.0,1pct_UNFILTERED_early75pct
call,2026-05-08,2026-06-12,2026-06-03,early_75%,26,35,7.35724609374995,0.01,7.169012826301126,49.354848122300844,38.288678249586255,274.4920254734008,0.7757835290001759,0.05578433143631728,True,0.0,1pct_UNFILTERED_early75pct
call,2026-06-04,2026-06-16,2026-06-08,early_75%,4,12,7.551445922851599,0.01,6.9930247310414755,49.33851266575269,41.58859955476045,290.8301052158203,0.8429236575594692,0.0589235496202956,True,0.0,1pct_UNFILTERED_early75pct
put,2026-05-29,2026-06-16,2026-06-15,early_75%,17,18,7.5453613281249545,0.01,7.067764057850544,56.65924110378915,56.65892408134285,400.4519071785977,0.9999944047530444,0.08118756295629327,True,0.0,1pct_UNFILTERED_early75pct
call,2026-06-09,2026-06-16,2026-06-16,early_75%,7,7,7.351560668945353,0.01,7.170572494608066,47.92283064274239,47.92283064274239,343.63413127060915,1.0,0.06973299327622175,True,0.0,1pct_UNFILTERED_early75pct
