opt_type,entry_date,exp_date,S0,S_exit,K_short,K_long,width,width_pct,contracts,gross_credit,net_credit,cost_short,cost_long,total_cost,max_loss,payoff,realized_pnl,realized_pnl_sized,ret_on_credit,ret_on_max_loss,win,loss_amount,hit_full_max_loss,expired_worthless_short,group,width_name
put,1994-02-07,1994-03-16,26.54735374450684,26.58250999450684,25.217008089712838,24.95153455226777,0.2654735374450681,0.01,81.81152021439419,2.3272915000441152,2.100918881069158,0.14227745323803012,0.08409516573692696,0.22637261897495708,24.44643486343765,0.0,2.100918881069158,171.87936750739186,1.0,0.08593968375369593,True,0.0,False,True,FILTERED (IV rank top-tercile),1pct
call,1994-02-07,1994-03-16,26.54735374450684,26.58250999450684,28.259798666380522,28.52527220382559,0.2654735374450681,0.01,80.81379634091206,2.0227745591934188,1.7991041812388802,0.1371198709671874,0.08655050698735123,0.22367037795453862,24.748249563267926,0.0,1.7991041812388802,145.39243889872222,1.0,0.0726962194493611,True,0.0,False,True,FILTERED (IV rank top-tercile),1pct
put,1994-03-17,1994-04-22,26.58250999450684,25.38315963745117,25.38449935287977,25.118674252934703,0.26582509994506864,0.01,81.83082427915532,2.264118380535418,2.064298748293174,0.1282112958778149,0.0716083363644291,0.19981963224224403,24.51821124621369,0.13397154286032276,1.9303272054328513,157.96026634904862,0.935100700433455,0.07873034398995762,True,0.0,False,False,FILTERED (IV rank top-tercile),1pct
call,1994-03-17,1994-04-22,26.58250999450684,25.38315963745117,28.13039936753547,28.39622446748054,0.26582509994506864,0.01,80.9599518276113,1.998621775067111,1.8005605140989434,0.12401340267242308,0.07404785829574455,0.19806126096816762,24.78194948040792,0.0,1.8005605140989434,145.7732924841495,1.0,0.0726561288296721,True,0.0,False,True,FILTERED (IV rank top-tercile),1pct
put,1994-04-25,1994-06-01,25.64839553833008,26.037397384643555,24.33433850586393,24.077854550480627,0.2564839553833025,0.01,85.23124870510583,2.2615038421306632,2.0371011142907793,0.14047016194657577,0.08393256589330836,0.22440272783988413,23.61129442403947,0.0,2.0371011142907793,173.62467170956563,1.0,0.08627655382657617,True,0.0,False,True,FILTERED (IV rank top-tercile),1pct
call,1994-04-25,1994-06-01,25.64839553833008,26.037397384643555,27.33746742956734,27.593951384950643,0.2564839553833025,0.01,84.16291745183442,1.9589560542446982,1.7373885505262137,0.13527070253730109,0.08629680118118349,0.22156750371848458,23.911006987804033,0.0,1.7373885505262137,146.22368915969997,1.0,0.07266061824215016,True,0.0,False,True,FILTERED (IV rank top-tercile),1pct
put,1994-06-21,1994-07-28,25.68445587158203,25.889162063598636,24.32641221511135,24.06956765639553,0.25684455871581946,0.01,85.41890047954045,2.2832486319391165,2.0501423509376475,0.14509374839997355,0.08801253260149536,0.2331062810014689,23.634313520644298,0.0,2.0501423509376475,175.120905443634,1.0,0.0867443155963414,True,0.0,False,True,FILTERED (IV rank top-tercile),1pct
call,1994-06-21,1994-07-28,25.68445587158203,25.889162063598636,27.426866563845177,27.683711122560997,0.25684455871581946,0.01,84.30576150211614,1.9680055784069506,1.7380844901728747,0.1395606138471249,0.090360474386951,0.2299210882340759,23.946371381409072,0.0,1.7380844901728747,146.5305364990415,1.0,0.07258237427664085,True,0.0,False,True,FILTERED (IV rank top-tercile),1pct
put,1994-09-13,1994-10-20,26.77024269104004,26.78978538513184,25.447769339288243,25.180066912377843,0.26770242691040025,0.01,82.13788951552743,2.3380481517149665,2.113532915484239,0.14148322001180103,0.08303201621892645,0.22451523623072747,24.656709775555786,0.0,2.113532915484239,173.601133099475,1.0,0.08571836772721221,True,0.0,False,True,FILTERED (IV rank top-tercile),1pct
call,1994-09-13,1994-10-20,26.77024269104004,26.78978538513184,28.474220877195357,28.741923304105757,0.26770242691040025,0.01,81.15383228293578,2.0364838087286508,1.8145499481493619,0.13642297789875288,0.08551088268053605,0.22193386057928893,24.955692742890662,0.0,1.8145499481493619,147.25768216112314,1.0,0.07271086268147327,True,0.0,False,True,FILTERED (IV rank top-tercile),1pct
put,1994-10-21,1994-11-25,26.682344436645508,26.055574417114254,25.188621013249172,24.921797568882717,0.2668234443664552,0.01,82.80675216710614,2.4048451901584,2.147300777811023,0.15883277105066887,0.09871164129670804,0.2575444123473769,24.5350436588345,0.0,2.147300777811023,177.81100333643164,1.0,0.08751974553906408,True,0.0,False,True,FILTERED (IV rank top-tercile),1pct
call,1994-10-21,1994-11-25,26.682344436645508,26.055574417114254,28.578915523757352,28.845738968123808,0.2668234443664552,0.01,81.65511820706904,2.05482330125204,1.8012674842597955,0.152463199761773,0.10109261723047144,0.25355581699224444,24.881076952385726,0.0,1.8012674842597955,147.08270934978347,1.0,0.07239507709842442,True,0.0,False,True,FILTERED (IV rank top-tercile),1pct
put,1994-11-28,1995-01-04,26.17196273803711,26.57017135620117,24.582008248751407,24.320288621371034,0.2617196273803728,0.01,84.77832150715287,2.4101099625707167,2.130850367724558,0.16975617195521403,0.10950342289094486,0.2792595948461589,24.041112370312725,0.0,2.130850367724558,180.6499175585875,1.0,0.0886336012619719,True,0.0,False,True,FILTERED (IV rank top-tercile),1pct
call,1994-11-28,1995-01-04,26.17196273803711,26.57017135620117,28.200993309256592,28.462712936636965,0.2617196273803728,0.01,83.47021200605717,2.0281155799020345,1.7540883258810085,0.16236507175928921,0.11166218226173683,0.274027254021026,24.41787441215627,0.0,1.7540883258810085,146.41412443863769,1.0,0.07183624161027496,True,0.0,False,True,FILTERED (IV rank top-tercile),1pct
put,1995-06-06,1995-07-13,31.232873916625977,32.76713180541992,29.780258378137052,29.46792963897079,0.31232873916626147,0.01,71.01495997497484,2.6845005859402526,2.4402584524979343,0.15567732404541262,0.08856480939690575,0.24424213344231838,28.79261546412821,0.0,2.4402584524979343,173.29485633273484,1.0,0.08475292755318367,True,0.0,False,True,FILTERED (IV rank top-tercile),1pct
call,1995-06-06,1995-07-13,31.232873916625977,32.76713180541992,33.11323718803861,33.42556592720487,0.31232873916626147,0.01,70.22602336399524,2.358659522250184,2.1167950499388986,0.1504154801837701,0.09144899212751509,0.2418644723112852,29.11607886668725,0.0,2.1167950499388986,148.65409863379855,1.0,0.07270192733132069,True,0.0,False,True,FILTERED (IV rank top-tercile),1pct
put,1995-07-20,1995-08-25,32.40201950073242,32.88579559326172,30.939324806084976,30.61530461107765,0.32402019500732493,0.01,68.63454744428422,2.7610227605878057,2.5169908928830016,0.15652871835974969,0.08750314934505427,0.24403186770480395,29.88502860784949,0.0,2.5169908928830016,172.75253085440968,1.0,0.08422246891280868,True,0.0,False,True,FILTERED (IV rank top-tercile),1pct
call,1995-07-20,1995-08-25,32.40201950073242,32.88579559326172,34.291623192032404,34.615643387039725,0.3240201950073214,0.01,67.90258207457802,2.436714696347231,2.1948410519590804,0.15139575589841608,0.09047788848973448,0.24187364438815057,30.20717844877306,0.0,2.1948410519590804,149.03537467130462,1.0,0.0726595850612532,True,0.0,False,True,FILTERED (IV rank top-tercile),1pct
put,1995-09-26,1995-11-02,34.180789947509766,34.74054718017578,32.60394207476849,32.26213417529339,0.34180789947509993,0.01,65.29080962864498,2.931477399105775,2.6666889021611686,0.16903771596112616,0.09575078098348067,0.2647884969446068,31.514101045348824,0.0,2.6666889021611686,174.11027744982513,1.0,0.08461891070044487,True,0.0,False,True,FILTERED (IV rank top-tercile),1pct
call,1995-09-26,1995-11-02,34.180789947509766,34.74054718017578,36.223372421469215,36.565180320944314,0.34180789947509993,0.01,64.57285344885757,2.578568739087439,2.316297950120111,0.16336750372225733,0.0989032852450708,0.26227078896732814,31.864491997389884,0.0,2.316297950120111,149.56996807699514,1.0,0.07269213487884402,True,0.0,False,True,FILTERED (IV rank top-tercile),1pct
put,1995-11-03,1995-12-08,34.78642654418945,36.50234603881836,33.30173450471317,32.953870239271275,0.347864265441892,0.01,64.27245364096622,2.9169785087259203,2.6722833933714183,0.1588097890363252,0.08588532631817677,0.24469511535450197,32.11414315081778,0.0,2.6722833933714183,171.75421051598838,1.0,0.08321204090115569,True,0.0,False,True,FILTERED (IV rank top-tercile),1pct
call,1995-11-03,1995-12-08,34.78642654418945,36.50234603881836,36.705128911623795,37.05299317706569,0.347864265441892,0.01,63.636555565185034,2.594279685576195,2.3513778752522243,0.15387940123168797,0.08902240909228268,0.24290181032397065,32.43504866893697,0.0,2.3513778752522243,149.6335888132349,1.0,0.07249496984735952,True,0.0,False,True,FILTERED (IV rank top-tercile),1pct
put,1995-12-19,1996-01-25,36.20174026489258,36.46025848388672,34.49623104904077,34.13421364639185,0.3620174026489238,0.01,62.05218445449761,3.1222960629932572,2.8349450252317583,0.1827042196681658,0.10464681809333326,0.28735103776149906,33.36679523966062,0.0,2.8349450252317583,175.91453162404144,1.0,0.08496305997832453,True,0.0,False,True,FILTERED (IV rank top-tercile),1pct
call,1995-12-19,1996-01-25,36.20174026489258,36.46025848388672,38.40713221662666,38.76914961927558,0.3620174026489238,0.01,61.35158487606346,2.738364778599145,2.453915542035392,0.17645417801436664,0.10799505854938649,0.2844492365637531,33.74782472285699,0.0,2.453915542035392,150.5516076558756,1.0,0.0727132952179103,True,0.0,False,True,FILTERED (IV rank top-tercile),1pct
put,1996-01-26,1996-03-01,36.77417755126953,38.34375381469727,35.23992519792302,34.87218342241032,0.36774177551269815,0.01,61.156961656597716,3.064125599672085,2.812191877176086,0.16426843124390106,0.0876652912520981,0.25193372249599916,33.96198567409373,0.0,2.812191877176086,171.98511080345344,1.0,0.08280410645485994,True,0.0,False,True,FILTERED (IV rank top-tercile),1pct
call,1996-01-26,1996-03-01,36.77417755126953,38.34375381469727,38.76132938423219,39.12907115974489,0.36774177551269815,0.01,60.56937852174025,2.7329532061820316,2.4827268819028414,0.1592750772168708,0.09095124706231944,0.2502263242791902,34.291450669366974,0.0,2.4827268819028414,150.3772242760731,1.0,0.07240075393254493,True,0.0,False,True,FILTERED (IV rank top-tercile),1pct
put,1996-03-04,1996-04-10,38.56532287597656,37.39191818237305,36.245138776488645,35.85948554772888,0.3856532287597645,0.01,58.80586317098492,3.542730226276314,3.1358777491161947,0.24771036640851424,0.15914211075160473,0.40685247716011896,35.42944512686025,0.0,3.1358777491161947,184.40799783546314,1.0,0.0885104956594079,True,0.0,False,True,FILTERED (IV rank top-tercile),1pct
call,1996-03-04,1996-04-10,38.56532287597656,37.39191818237305,41.526923556863736,41.9125767856235,0.3856532287597645,0.01,57.9090642917454,2.9865918454632823,2.5872056703933612,0.23702548560325248,0.16236068946666876,0.39938617506992125,35.97811720558309,0.0,2.5872056703933612,149.8226595027774,1.0,0.07191053538487774,True,0.0,False,True,FILTERED (IV rank top-tercile),1pct
put,1996-04-11,1996-05-17,37.34555816650391,39.87730407714844,34.72534426295634,34.3518886812913,0.37345558166504134,0.01,61.020829971315564,3.563382188282471,3.09260361830553,0.27993156234200206,0.19084700763493945,0.4707785699769415,34.2529545481986,0.0,3.09260361830553,188.71323956129703,1.0,0.09028720760288905,True,0.0,False,True,FILTERED (IV rank top-tercile),1pct
call,1996-04-11,1996-05-17,37.34555816650391,39.87730407714844,40.67620187621523,41.04965745788027,0.37345558166504134,0.01,59.90523256448483,2.913759828709628,2.454720988785189,0.2659414178210903,0.19309742210334851,0.45903883992443884,34.89083717771895,0.0,2.454720988785189,147.0506317140989,1.0,0.07035431612838332,True,0.0,False,True,FILTERED (IV rank top-tercile),1pct
put,1996-05-20,1996-06-26,40.14625549316406,39.62244415283203,37.859714672693215,37.458252117761575,0.4014625549316406,0.01,56.81586413469323,3.6373404437959334,3.240031767422312,0.24412109373426055,0.15318758263936083,0.3973086763736214,36.90622372574175,0.0,3.240031767422312,184.08520468995604,1.0,0.0877909317273883,True,0.0,False,True,FILTERED (IV rank top-tercile),1pct
call,1996-05-20,1996-06-26,40.14625549316406,39.62244415283203,43.069910533796424,43.471373088728065,0.4014625549316406,0.01,56.00499343401258,3.0965287523697427,2.7056834235156395,0.2341292738316736,0.15671605502242947,0.39084532885410306,37.440572069648425,0.0,2.7056834235156395,151.53178236851008,1.0,0.07226608125758391,True,0.0,False,True,FILTERED (IV rank top-tercile),1pct
put,1996-06-27,1996-08-02,39.90213394165039,39.71566009521485,37.89236674643651,37.49334540702,0.39902133941650675,0.01,57.251635864975015,3.5009113523608804,3.1595797615628514,0.21442718730352583,0.126904403494503,0.3413315907980288,36.74255418008782,0.0,3.1595797615628514,180.89110999534094,1.0,0.08599238218651514,True,0.0,False,True,FILTERED (IV rank top-tercile),1pct
call,1996-06-27,1996-08-02,39.90213394165039,39.71566009521485,42.47741882280748,42.876440162223986,0.39902133941650675,0.01,56.55097230172049,3.041570155799178,2.704341453766162,0.2066339779639978,0.13059472406901848,0.33722870203301625,37.19779248788451,0.0,2.704341453766162,152.93313864632475,1.0,0.07270166514980635,True,0.0,False,True,FILTERED (IV rank top-tercile),1pct
put,1996-08-05,1996-09-11,39.48262405395508,40.01400375366211,37.00733212922175,36.6125058886822,0.39482624053955107,0.01,58.20554095657198,3.664597044059459,3.2275221691564853,0.2643449005022308,0.17272997440074267,0.4370748749029735,36.25510188479863,0.0,3.2275221691564853,187.85967380508185,1.0,0.0890225651388874,True,0.0,False,True,FILTERED (IV rank top-tercile),1pct
call,1996-08-05,1996-09-11,39.48262405395508,40.01400375366211,42.639607047769644,43.034433288309195,0.39482624053955107,0.01,57.27285716687399,3.0654372595102064,2.6371108033802546,0.2524811938088539,0.17584526232109765,0.42832645612995157,36.845513250574854,0.0,2.6371108033802546,151.03487037521765,1.0,0.07157210120662687,True,0.0,False,True,FILTERED (IV rank top-tercile),1pct
put,1996-09-24,1996-10-31,41.14764022827149,42.48768615722656,38.70539812860437,38.293921726321656,0.411476402282716,0.01,55.99438464741629,3.7671043779078595,3.339818571611476,0.2607317078720403,0.166554098424343,0.4272858062963833,37.807821656660124,0.0,3.339818571611476,187.01108575139745,1.0,0.08833670984647016,True,0.0,False,True,FILTERED (IV rank top-tercile),1pct
call,1996-09-24,1996-10-31,41.14764022827149,42.48768615722656,44.26615832424072,44.677634726523436,0.411476402282716,0.01,55.15429827486189,3.1836166007706,2.7639462145479867,0.24963040062093989,0.1700399856016735,0.4196703862226134,38.38369401372361,0.0,2.7639462145479867,152.44351393285507,1.0,0.0720083432709674,True,0.0,False,True,FILTERED (IV rank top-tercile),1pct
put,1996-11-01,1996-12-06,42.337738037109375,44.56803512573242,39.66750686005628,39.244129479685185,0.4233773803710932,0.01,54.63190242821663,3.932678705050918,3.462745475607258,0.28412509853496665,0.18580813090869341,0.46993322944366006,38.87499256150206,0.0,3.462745475607258,189.1763729571243,1.0,0.08907385564457748,True,0.0,False,True,FILTERED (IV rank top-tercile),1pct
call,1996-11-01,1996-12-06,42.337738037109375,44.56803512573242,45.71947815590602,46.14285553627711,0.4233773803710932,0.01,53.7538648576702,3.288229957379052,2.827745478600696,0.2713451138564166,0.18913936492193917,0.46048447877835574,39.50999255850862,0.0,2.827745478600696,152.00224830858977,1.0,0.0715703875269835,True,0.0,False,True,FILTERED (IV rank top-tercile),1pct
put,1996-12-09,1997-01-15,45.22399139404297,46.27492904663086,42.324292141917354,41.87205222797692,0.4522399139404314,0.01,51.31979350244037,4.221070777569791,3.7070984462641343,0.3097495503724512,0.20422278093320534,0.5139723313056566,41.516892947779006,0.0,3.7070984462641343,190.2475267554929,1.0,0.08929132656740513,True,0.0,False,True,FILTERED (IV rank top-tercile),1pct
call,1996-12-09,1997-01-15,45.22399139404297,46.27492904663086,48.921223784438105,49.373463698378536,0.4522399139404314,0.01,50.475045938588956,3.515473221373533,3.0122740330484232,0.29554300942972456,0.20765617889538512,0.5031991883251097,42.21171736099472,0.0,3.0122740330484232,152.0446701977378,1.0,0.07136108695335582,True,0.0,False,True,FILTERED (IV rank top-tercile),1pct
put,1997-01-16,1997-02-21,46.46327209472656,48.44083786010742,43.20996838272375,42.74533566177649,0.4646327209472645,0.01,50.15630570173948,4.431129179368076,3.84681167212647,0.34754786836290463,0.2367696388787019,0.5843175072416065,42.61646042259998,0.0,3.84681167212647,192.94186220419482,1.0,0.09026586520748361,True,0.0,False,True,FILTERED (IV rank top-tercile),1pct
call,1997-01-16,1997-02-21,46.46327209472656,48.44083786010742,50.598536002196596,51.06316872314386,0.4646327209472645,0.01,49.24153463596621,3.624918986911574,3.0551161003196685,0.33021293063234813,0.23958995595955712,0.5698028865919053,43.40815599440678,0.0,3.0551161003196685,150.43860527078897,1.0,0.07038115373325984,True,0.0,False,True,FILTERED (IV rank top-tercile),1pct
put,1997-02-24,1997-04-02,49.01528549194336,45.07200622558594,45.50108048969005,45.01092763477061,0.4901528549194367,0.01,47.70851290096934,4.703370423328801,4.068342151189548,0.3763062663612371,0.2587220057780157,0.6350282721392528,44.946943340754125,42.90742641041092,-38.83908425922137,-1852.954952442898,-9.54666122363016,-0.8641095783704905,False,38.83908425922137,False,False,FILTERED (IV rank top-tercile),1pct
call,1997-02-24,1997-04-02,49.01528549194336,45.07200622558594,53.4978672652452,53.988020120164634,0.4901528549194367,0.01,46.812178680258704,3.826201929261952,3.20772244562456,0.35706726593447147,0.2614122177029207,0.6184794836373921,45.80756304631911,0.0,3.20772244562456,150.16047628125332,1.0,0.07002604444119884,True,0.0,False,True,FILTERED (IV rank top-tercile),1pct
put,1997-04-03,1997-05-09,45.31780242919922,49.987571716308594,41.8908648634442,41.43768683915221,0.4531780242919936,0.01,50.80554253315097,4.405076598947089,3.7810756964557863,0.36706390873249006,0.256936993758812,0.624000902491302,41.536726732743574,0.0,3.7810756964557863,192.09960211734787,1.0,0.0910296981460301,True,0.0,False,True,FILTERED (IV rank top-tercile),1pct
call,1997-04-03,1997-05-09,45.31780242919922,49.987571716308594,49.68174061192091,50.1349186362129,0.4531780242919936,0.01,49.79126905471628,3.541065643384078,2.934951444034864,0.34732042021690945,0.2587937791323047,0.6061141993492142,42.3828509851645,30.583110438768557,-27.64815899473369,-1376.6369233743592,-9.420312234100887,-0.6523430668789016,False,27.64815899473369,False,False,FILTERED (IV rank top-tercile),1pct
put,1997-05-12,1997-06-18,50.81944274902344,54.03346252441406,47.10095519927173,46.5927607717815,0.5081944274902312,0.01,44.78395236086964,4.901098317373442,4.226744242441069,0.3984407664333556,0.27591330849901785,0.6743540749323734,46.59269850658205,0.0,4.226744242441069,189.29031279506088,1.0,0.09071688006746305,True,0.0,False,True,FILTERED (IV rank top-tercile),1pct
call,1997-05-12,1997-06-18,50.81944274902344,54.03346252441406,55.56451787602001,56.072712303510244,0.5081944274902312,0.01,43.92223102266437,3.968732456512658,3.3126303285333556,0.37766021969606045,0.2784419082832418,0.6561021279793022,47.506812420489766,0.0,3.3126303285333556,145.49811458252663,1.0,0.06972958529005858,True,0.0,False,True,FILTERED (IV rank top-tercile),1pct
put,1997-06-19,1997-07-25,54.59120178222656,57.10980224609375,50.67362795010408,50.12771593228181,0.5459120178222676,0.01,41.81600751912514,5.2380936980894965,4.5314021259998105,0.4188219572709623,0.28786961481872403,0.7066915720896862,50.05979965622696,0.0,4.5314021259998105,189.48514537298772,1.0,0.09051978148370692,True,0.0,False,True,FILTERED (IV rank top-tercile),1pct
call,1997-06-19,1997-07-25,54.59120178222656,57.10980224609375,59.57293216742372,60.11884418524599,0.5459120178222676,0.01,41.03091868988805,4.261854571770218,3.5735539773636344,0.39742347935042,0.2908771150561637,0.6883005944065836,51.01764780486313,0.0,3.5735539773636344,146.6262026791333,1.0,0.0700454476269091,True,0.0,False,True,FILTERED (IV rank top-tercile),1pct
put,1997-07-28,1997-09-03,57.07183074951172,56.36962890625,52.57162243631785,52.00090412882273,0.5707183074951203,0.01,40.15954882651106,5.606925317651079,4.779829291432663,0.48363457957984746,0.34346144663856826,0.8270960262184157,52.292001458079376,0.0,4.779829291432663,191.95578781167782,1.0,0.0914065087997154,True,0.0,False,True,FILTERED (IV rank top-tercile),1pct
call,1997-07-28,1997-09-03,57.07183074951172,56.36962890625,62.82815704503923,63.39887535253435,0.5707183074951203,0.01,39.316435680234854,4.459938454041534,3.6584643174310703,0.45648629898075166,0.3449878376297122,0.8014741366104638,53.41336643208096,0.0,3.6584643174310703,143.83777702471298,1.0,0.06849342330974546,True,0.0,False,True,FILTERED (IV rank top-tercile),1pct
put,1997-09-04,1997-10-10,56.7302360534668,59.05279922485352,51.634441140114355,51.067138779579686,0.5673023605346685,0.01,40.56769422146318,5.756815876367938,4.798789183759383,0.5509735447588787,0.40705314784967583,0.9580266926085546,51.93144686970748,0.0,4.798789183759383,194.67581224001552,1.0,0.09240622923137927,True,0.0,False,True,FILTERED (IV rank top-tercile),1pct
call,1997-09-04,1997-10-10,56.7302360534668,59.05279922485352,63.28198659458788,63.849288955122546,0.5673023605346685,0.01,39.579542211185405,4.423305216150553,3.502256663319253,0.5158155916175328,0.40523296121376673,0.9210485528312995,53.22797939014761,0.0,3.502256663319253,138.61771544024973,1.0,0.06579728750641835,True,0.0,False,True,FILTERED (IV rank top-tercile),1pct
put,1997-10-20,1997-11-26,58.29078674316406,58.233642578125,53.92737233100275,53.34446446357111,0.5829078674316435,0.01,39.55324021470609,5.653394138403733,4.858882904947704,0.4679230434580628,0.32658818999796724,0.79451123345603,53.43190383821664,0.0,4.858882904947704,192.18456271452547,1.0,0.09093598685271694,True,0.0,False,True,FILTERED (IV rank top-tercile),1pct
call,1997-10-20,1997-11-26,58.29078674316406,58.233642578125,63.862044089646574,64.44495195707822,0.5829078674316435,0.01,38.77162327605044,4.553811557242415,3.781721889345663,0.44296747841390816,0.32912218948284444,0.7720896678967526,54.50906485381868,0.0,3.781721889345663,146.62349642850376,1.0,0.06937785301375853,True,0.0,False,True,FILTERED (IV rank top-tercile),1pct
put,1997-11-28,1998-01-02,58.29078674316406,59.70850372314453,52.69450924359067,52.11160137615903,0.5829078674316435,0.01,39.74859312003668,6.015367718188269,4.951009850377483,0.6073710303827473,0.4569868374280389,1.0643578678107861,53.33977689278686,0.0,4.951009850377483,196.79567607594825,1.0,0.09282022045815884,True,0.0,False,True,FILTERED (IV rank top-tercile),1pct
call,1997-11-28,1998-01-02,58.29078674316406,59.70850372314453,65.51124553733244,66.09415340476409,0.5829078674316435,0.01,38.705384817717835,4.5320341381422935,3.513367559506425,0.5659837160447129,0.45268286259115553,1.0186665786358684,54.777419183657926,0.0,3.513367559506425,135.98624339678233,1.0,0.06413897572879061,True,0.0,False,True,FILTERED (IV rank top-tercile),1pct
put,1998-01-05,1998-02-11,59.84235763549805,62.51987457275391,54.5919982321577,53.99357465580272,0.5984235763549819,0.01,38.81896862231753,6.037936948625777,5.053763226742392,0.5675610727995162,0.4166126490838695,0.9841737218833857,54.7885944087558,0.0,5.053763226742392,196.1818761235351,1.0,0.09224115495714828,True,0.0,False,True,FILTERED (IV rank top-tercile),1pct
call,1998-01-05,1998-02-11,59.84235763549805,62.51987457275391,66.59828438507205,67.19670796142702,0.5984235763549748,0.01,37.89730063129511,4.668857730659681,3.7212964573813263,0.5321413582724255,0.41541991500592956,0.947561273278355,56.12106117811615,0.0,3.7212964573813263,141.0270905835536,1.0,0.0663083765570778,True,0.0,False,True,FILTERED (IV rank top-tercile),1pct
put,1998-03-30,1998-05-06,67.24518585205078,67.64801788330078,61.27484944184122,60.60239758332071,0.6724518585205104,0.01,34.65763885756707,6.805198757918962,5.683551047183971,0.6458888398414853,0.47575887089350566,1.121647710734991,61.56163480486707,0.0,5.683551047183971,196.97845962184923,1.0,0.09232293887579848,True,0.0,False,True,FILTERED (IV rank top-tercile),1pct
call,1998-03-30,1998-05-06,67.24518585205078,67.64801788330078,74.93410556889394,75.60655742741444,0.6724518585205033,0.01,33.82351562595201,5.244465892096617,4.1653768179040815,0.6051003607474764,0.4739887134450588,1.0790890741925352,63.07980903414625,0.0,4.1653768179040815,140.88768788835696,1.0,0.0660334405205521,True,0.0,False,True,FILTERED (IV rank top-tercile),1pct
put,1998-06-12,1998-07-17,67.78224182128906,73.00061798095703,62.34612077921193,61.66829836099904,0.6778224182128909,0.01,34.467616153906775,6.683965549280213,5.685164380784996,0.5829501536136122,0.4158510148816047,0.9988011684952169,62.0970774405041,0.0,5.685164380784996,195.95406364876033,1.0,0.09155284942728609,True,0.0,False,True,FILTERED (IV rank top-tercile),1pct
call,1998-06-12,1998-07-17,67.78224182128906,73.00061798095703,74.70187490106031,75.37969731927319,0.6778224182128838,0.01,33.73189387431808,5.297860703511503,4.330772494560945,0.5497673632691741,0.41732084568138483,0.9670882089505589,63.45146932672744,0.0,4.330772494560945,146.08515818034556,1.0,0.06825330509307384,True,0.0,False,True,FILTERED (IV rank top-tercile),1pct
put,1998-07-29,1998-09-04,69.28707885742188,60.18608474731445,63.10402911939142,62.4111583308172,0.6928707885742185,0.01,33.85171967674535,7.02086321556985,5.858129473490839,0.6691276612341313,0.49360608084488,1.1627337420790114,63.42894938393101,69.28707885742185,-63.428949383931005,-2147.179013935302,-10.827508963562376,-0.9999999999999999,False,63.428949383931005,True,False,FILTERED (IV rank top-tercile),1pct
call,1998-07-29,1998-09-04,69.28707885742188,60.18608474731445,77.25295487837224,77.94582566694646,0.6928707885742256,0.01,33.03223397893482,5.402784188560261,4.284541780923526,0.6266560061753718,0.49158640146136356,1.1182424076367354,65.00253707649904,0.0,4.284541780923526,141.527986599988,1.0,0.06591345466841102,True,0.0,False,True,FILTERED (IV rank top-tercile),1pct
put,1998-09-08,1998-10-15,63.41853332519531,65.47688293457031,54.97922615027786,54.345040817025904,0.6341853332519563,0.01,36.338643369594266,7.161894246255507,5.434365563125398,0.9532880196432503,0.7742406634868582,1.7275286831301084,57.98416776207023,0.0,5.434365563125398,197.47747213841816,1.0,0.09372154111833671,True,0.0,False,True,FILTERED (IV rank top-tercile),1pct
call,1998-09-08,1998-10-15,63.41853332519531,65.47688293457031,74.9065273865712,75.54071271982315,0.6341853332519491,0.01,34.96275343766969,4.758210960065057,3.1525134550781484,0.8623263894942668,0.7433711154926415,1.6056975049869082,60.26601987011677,0.0,3.1525134550781484,110.22055063883349,1.0,0.052309966078269904,True,0.0,False,True,FILTERED (IV rank top-tercile),1pct
put,1998-10-16,1998-11-20,65.4962387084961,72.061279296875,57.62396328032294,56.969000893237975,0.6549623870849643,0.01,35.28668347637792,7.179296166861349,5.609059023310092,0.8748597738613972,0.6953773696898591,1.5702371435512563,59.88717968518634,0.0,5.609059023310092,197.92509035586468,1.0,0.09366043037584462,True,0.0,False,True,FILTERED (IV rank top-tercile),1pct
call,1998-10-16,1998-11-20,65.4962387084961,72.061279296875,75.96731058867515,76.62227297576011,0.6549623870849643,0.01,34.09467268371249,4.990300514722801,3.5152960126114188,0.7998810074897278,0.6751234946216544,1.4750045021113822,61.98094269588501,0.0,3.5152960126114188,119.85286693634598,1.0,0.05671575583900894,True,0.0,False,True,FILTERED (IV rank top-tercile),1pct
put,1998-12-04,1999-01-08,73.14258575439453,79.19751739501953,66.64333747827601,65.91191162073207,0.7314258575439396,0.01,31.654516202060893,7.400421109377486,6.182929841156945,0.7012508979774901,0.5162403702430512,1.2174912682205412,66.95965591323701,0.0,6.182929841156945,195.7176528331083,1.0,0.09233813640214157,True,0.0,False,True,FILTERED (IV rank top-tercile),1pct
call,1998-12-04,1999-01-08,73.14258575439453,79.19751739501953,81.47036149118394,82.20178734872788,0.7314258575439396,0.01,30.89398472763414,5.705987383585587,4.534553100902699,0.657041983636264,0.5143922990466232,1.1714342826828872,68.60803265349126,0.0,4.534553100902699,140.09041424593403,1.0,0.06609361798500644,True,0.0,False,True,FILTERED (IV rank top-tercile),1pct
put,1999-01-13,1999-02-19,76.48528289794922,77.0277328491211,68.2650385353062,67.50018570632672,0.7648528289794854,0.01,30.39450325759882,8.132872267120206,6.52882872230815,0.9036826757450322,0.7003608690670238,1.604043544812056,69.95645417564037,0.0,6.52882872230815,198.44050586849983,1.0,0.09332703893076333,True,0.0,False,True,FILTERED (IV rank top-tercile),1pct
call,1999-01-13,1999-02-19,76.48528289794922,77.0277328491211,87.2792310785513,88.04408390753079,0.7648528289794854,0.01,29.486472981295268,5.8961103732592335,4.374533142276638,0.8344899951570395,0.6870872358255564,1.521577230982596,72.1107497556719,0.0,4.374533142276638,128.9895533055208,1.0,0.060664091790732726,True,0.0,False,True,FILTERED (IV rank top-tercile),1pct
put,1999-02-22,1999-03-31,79.08130645751953,79.77801513671875,71.72743472382615,70.93662165925096,0.7908130645751896,0.01,29.4682128338902,8.097521264985375,6.703646925273726,0.7981561856681418,0.5957181540435064,1.3938743397116482,72.37765953224525,0.0,6.703646925273726,197.54449435721978,1.0,0.09262038823301766,True,0.0,False,True,FILTERED (IV rank top-tercile),1pct
call,1999-02-22,1999-03-31,79.08130645751953,79.77801513671875,88.58719022746526,89.37800329204045,0.7908130645751896,0.01,28.720540598692295,6.156279129856568,4.819463502788618,0.7453613026571826,0.5914543244107673,1.3368156270679499,74.26184295473035,0.0,4.819463502788618,138.4175971957563,1.0,0.0648982480239083,True,0.0,False,True,FILTERED (IV rank top-tercile),1pct
put,1999-05-26,1999-07-02,81.05976104736328,86.89488220214844,73.04731947176779,72.23672186129416,0.8105976104736357,0.01,28.848510210365486,8.431447904648426,6.894422811722406,0.8739056452711169,0.6631194476549029,1.5370250929260199,74.16533823564116,0.0,6.894422811722406,198.89382687855056,1.0,0.0929601748706001,True,0.0,False,True,FILTERED (IV rank top-tercile),1pct
call,1999-05-26,1999-07-02,81.05976104736328,86.89488220214844,91.47762108501469,92.28821869548833,0.8105976104736357,0.01,28.064105989339794,6.289114198851742,4.821468683487101,0.8124366851679665,0.6552088301966741,1.4676455153646406,76.23829236387647,0.0,4.821468683487101,135.3102081576646,1.0,0.06324208654195446,True,0.0,False,True,FILTERED (IV rank top-tercile),1pct
put,1999-09-24,1999-10-29,79.85356903076172,85.63552856445312,72.09094452920569,71.29240883889807,0.7985356903076166,0.01,29.37383686935067,8.267126207140052,6.787064045630925,0.8433701583438147,0.6366920031653123,1.480062161509127,73.06650498513075,0.0,6.787064045630925,199.36211209819797,1.0,0.09288885580351917,True,0.0,False,True,FILTERED (IV rank top-tercile),1pct
call,1999-09-24,1999-10-29,79.85356903076172,85.63552856445312,89.8818744149416,90.68041010524922,0.7985356903076166,0.01,28.59192017368106,6.204123892016522,4.788879950437103,0.785173519439919,0.6300704221395004,1.4152439415794194,75.06468908032456,0.0,4.788879950437103,136.92327326423936,1.0,0.0637967066687329,True,0.0,False,True,FILTERED (IV rank top-tercile),1pct
put,2000-01-05,2000-02-11,87.72551727294922,86.90309143066406,79.40404766522396,78.52679249249447,0.877255172729491,0.01,26.81808637180239,9.028403209441294,7.4450201522524075,0.904546568712461,0.6788364884764253,1.5833830571888863,80.2804971206967,0.0,7.4450201522524075,199.66119348291446,1.0,0.09273759405175688,True,0.0,False,True,FILTERED (IV rank top-tercile),1pct
call,2000-01-05,2000-02-11,87.72551727294922,86.90309143066406,98.50132558073236,99.37858075346185,0.877255172729491,0.01,26.122113968689014,6.822556234401755,5.306104038066578,0.8435080510976134,0.672944145237564,1.5164521963351774,82.41941323488253,0.0,5.306104038066578,138.60665441209613,1.0,0.06437929887883338,True,0.0,False,True,FILTERED (IV rank top-tercile),1pct
put,2000-02-22,2000-03-30,84.57294464111328,93.40603637695312,76.71132737595485,75.86559792954372,0.8457294464111271,0.01,27.90212947037751,8.65901447039441,7.169007962914903,0.8532409346196868,0.6367655728598209,1.4900065074795077,77.40393667819781,0.0,7.169007962914903,200.03058835541896,1.0,0.09261813120332135,True,0.0,False,True,FILTERED (IV rank top-tercile),1pct
call,2000-02-22,2000-03-30,84.57294464111328,93.40603637695312,94.73483087602042,95.58056032243155,0.8457294464111271,0.01,27.194492019708118,6.583902319966217,5.154852876545219,0.796823500710081,0.6322259427109178,1.4290494434209988,79.41809176456749,0.0,5.154852876545219,140.1836054139784,1.0,0.06490779068107834,True,0.0,False,True,FILTERED (IV rank top-tercile),1pct
put,2000-03-31,2000-05-05,94.46614837646484,90.1668701171875,86.45842798516466,85.51376650140001,0.9446614837646479,0.01,25.044482384035,9.445151379141059,7.95851314705952,0.8613835082800336,0.6252547238015049,1.4866382320815386,86.50763522940527,0.0,7.95851314705952,199.3168423146431,1.0,0.09199781182267597,True,0.0,False,True,FILTERED (IV rank top-tercile),1pct
call,2000-03-31,2000-05-05,94.46614837646484,90.1668701171875,104.69209129366558,105.63675277743023,0.9446614837646479,0.01,24.47449891709495,7.378536240006639,5.943847922988232,0.8095758615092874,0.6251124555091192,1.4346883170184066,88.52230045347656,0.0,5.943847922988232,145.47269955455258,1.0,0.06714520400553822,True,0.0,False,True,FILTERED (IV rank top-tercile),1pct
put,2000-05-08,2000-06-14,89.48954772949219,92.8759994506836,80.45114464536655,79.55624916807163,0.8948954772949236,0.01,26.547311481511226,9.36065457981039,7.619308668243907,0.9876811380308714,0.7536647735356117,1.741345911566483,81.87023906124845,0.0,7.619308668243907,202.27216048964948,1.0,0.09306567020701843,True,0.0,False,True,FILTERED (IV rank top-tercile),1pct
call,2000-05-08,2000-06-14,89.48954772949219,92.8759994506836,101.26878203395373,102.16367751124865,0.8948954772949236,0.01,25.807706012480047,6.933077542989441,5.273045248654884,0.9166796164546465,0.7433526778799104,1.660032294334557,84.21650248083748,0.0,5.273045248654884,136.08520156779,1.0,0.0626129688757225,True,0.0,False,True,FILTERED (IV rank top-tercile),1pct
put,2000-10-10,2000-11-16,86.9172592163086,86.71997833251953,79.13971251078691,78.27053991862383,0.869172592163082,0.01,27.400764905179834,8.813409776908543,7.350068584569519,0.8418382183808693,0.6215029739581546,1.4633411923390238,79.56719063173867,0.0,7.350068584569519,201.3975013227373,1.0,0.09237562023005046,True,0.0,False,True,FILTERED (IV rank top-tercile),1pct
call,2000-10-10,2000-11-16,86.9172592163086,86.71997833251953,96.93945284955909,97.80862544172217,0.869172592163082,0.01,26.73537150957456,6.776884005514816,5.369790018615639,0.7882580435185249,0.6188359433806523,1.4070939868991772,81.54746919769255,0.0,5.369790018615639,143.56333107609439,1.0,0.06584864093817373,True,0.0,False,True,FILTERED (IV rank top-tercile),1pct
put,2000-11-17,2000-12-22,86.25640106201172,82.90974426269531,78.73853411238457,77.87597010176445,0.8625640106201189,0.01,27.69369015414695,8.684787000358885,7.28169277502794,0.8101069501699587,0.592987275160986,1.4030942253309449,78.97470828698395,0.0,7.28169277502794,201.65694350931423,1.0,0.0922028448470769,True,0.0,False,True,FILTERED (IV rank top-tercile),1pct
call,2000-11-17,2000-12-22,86.25640106201172,82.90974426269531,95.8753016433681,96.73786565398822,0.8625640106201189,0.01,27.042916781894956,6.732911448562273,5.381208531813975,0.7600128514811788,0.5916900652671198,1.3517029167482986,80.87519253019792,0.0,5.381208531813975,145.52357451186847,1.0,0.06653719593687137,True,0.0,False,True,FILTERED (IV rank top-tercile),1pct
put,2000-12-26,2001-02-01,83.8001708984375,87.33741760253906,75.18514710430475,74.34714539532037,0.838001708984379,0.01,28.620617961312256,8.806331641274223,7.140585328339943,0.9429523019830688,0.722794010951211,1.6657463129342798,76.65958557009796,0.0,7.140585328339943,204.36796470256897,1.0,0.093146672725103,True,0.0,False,True,FILTERED (IV rank top-tercile),1pct
call,2000-12-26,2001-02-01,83.8001708984375,87.33741760253906,95.05036232055961,95.888364029544,0.838001708984379,0.01,27.8071848883149,6.483873339952861,4.898091436367724,0.8739393685419816,0.7118425350431556,1.5857819035851373,78.90207946207018,0.0,4.898091436367724,136.2021341709492,1.0,0.06207810326117369,True,0.0,False,True,FILTERED (IV rank top-tercile),1pct
put,2001-02-22,2001-03-30,79.66301727294922,74.0871353149414,72.10132668882522,71.30469651609573,0.7966301727294933,0.01,30.189442561671203,8.198458530594532,6.761501812508292,0.8209590906755548,0.615997627410686,1.4369567180862408,72.90151546044103,0.0,6.761501812508292,204.12597059935482,1.0,0.09274843972451195,True,0.0,False,True,FILTERED (IV rank top-tercile),1pct
call,2001-02-22,2001-03-30,79.66301727294922,74.0871353149414,89.43195492366975,90.22858509639924,0.7966301727294933,0.01,29.406341079907182,6.196377872972114,4.820108130622397,0.7655895945870128,0.6106801477627044,1.3762697423497172,74.84290914232695,0.0,4.820108130622397,141.741743731116,1.0,0.0644030033821389,True,0.0,False,True,FILTERED (IV rank top-tercile),1pct
put,2001-04-02,2001-05-09,72.50624084472656,79.77590942382812,64.4458685131831,63.720806104735836,0.7250624084472648,0.01,33.2946852489642,7.78025254382122,6.196154071731291,0.8893023928427335,0.6947960792471952,1.5840984720899287,66.31008677299519,0.0,6.196154071731291,206.2989995723813,1.0,0.09344210471241123,True,0.0,False,True,FILTERED (IV rank top-tercile),1pct
call,2001-04-02,2001-05-09,72.50624084472656,79.77590942382812,83.13925853359859,83.86432094204586,0.7250624084472719,0.01,32.261711203297814,5.571361479717396,4.072999531950838,0.8188229923797474,0.6795389553868103,1.4983619477665577,68.43324131277635,0.0,4.072999531950838,131.40193463096512,1.0,0.059517852052850484,True,0.0,False,True,FILTERED (IV rank top-tercile),1pct
put,2001-09-05,2001-10-12,72.39415740966797,69.98150634765625,65.54198271193438,64.8180411378377,0.7239415740966848,0.01,33.42631049815324,7.446381738181884,6.143127797985898,0.7447067418252684,0.558547198370718,1.3032539401959864,66.25102961168258,0.0,6.143127797985898,205.34209720531302,1.0,0.09272501626001341,True,0.0,False,True,FILTERED (IV rank top-tercile),1pct
call,2001-09-05,2001-10-12,72.39415740966797,69.98150634765625,81.26552871091572,81.9894702850124,0.7239415740966848,0.01,32.560993269579065,5.630846448383853,4.382488714923061,0.6945644473351942,0.5537932861255979,1.248357733460792,68.01166869474542,0.0,4.382488714923061,142.698185550616,1.0,0.06443730611276197,True,0.0,False,True,FILTERED (IV rank top-tercile),1pct
put,2001-10-15,2001-11-21,69.85372161865234,72.8830337524414,61.14264102127217,60.444103805085646,0.6985372161865229,0.01,34.78143307593237,7.739846535527839,5.9837744710529215,0.9747841139315594,0.7812879505433579,1.7560720644749173,63.86994714759937,0.0,5.9837744710529215,208.1242513063998,1.0,0.0936868549025851,True,0.0,False,True,FILTERED (IV rank top-tercile),1pct
call,2001-10-15,2001-11-21,69.85372161865234,72.8830337524414,81.56165690702618,82.2601941232127,0.6985372161865229,0.01,33.55545529200224,5.293571040491418,3.650230325031117,0.8878399957362948,0.755500719724006,1.6433407154603008,66.20349129362117,0.0,3.650230325031117,122.48514047709247,1.0,0.05513652307008805,True,0.0,False,True,FILTERED (IV rank top-tercile),1pct
put,2002-02-07,2002-03-15,69.27311706542969,75.02179718017578,63.08876492238216,62.39603375172786,0.692731170654298,0.01,35.13483089984535,7.018710571980513,5.857400437545254,0.6683889493673878,0.4929211850678711,1.1613101344352588,63.41571662788454,0.0,5.857400437545254,205.79877388583267,1.0,0.09236512254392305,True,0.0,False,True,FILTERED (IV rank top-tercile),1pct
call,2002-02-07,2002-03-15,69.27311706542969,75.02179718017578,77.22062464484229,77.91335581549659,0.692731170654298,0.01,34.285006414002815,5.402450148242721,4.285511311235596,0.6260000453565978,0.49093879165052756,1.1169388370071254,64.9876057541942,0.0,4.285511311235596,146.928782792994,1.0,0.0659435174061481,True,0.0,False,True,FILTERED (IV rank top-tercile),1pct
put,2002-04-30,2002-06-06,69.36864471435547,66.538818359375,63.88155575133689,63.187869304193335,0.6936864471435555,0.01,35.16752376759124,6.82033351951441,5.811282927438216,0.5897794650320282,0.4192711270441657,1.0090505920761939,63.55736178691733,0.0,5.811282927438216,204.36843047088067,1.0,0.09143367131759098,True,0.0,False,True,FILTERED (IV rank top-tercile),1pct
call,2002-04-30,2002-06-06,69.36864471435547,66.538818359375,76.38824106666407,77.08192751380761,0.6936864471435484,0.01,34.42651162466982,5.4208628631641,4.443244905763341,0.5565697644899309,0.42104819291082785,0.9776179574007587,64.9253998085915,0.0,4.443244905763341,152.96542239951663,1.0,0.06843615778820929,True,0.0,False,True,FILTERED (IV rank top-tercile),1pct
put,2002-06-07,2002-07-12,66.46163940429688,59.27879333496094,60.96446617280494,60.299849778761974,0.6646163940429659,0.01,36.83567935505271,6.604391919627517,5.5885471316914765,0.590477292963365,0.42536749497267545,1.0158447879360404,60.87309227260511,66.46163940429659,-60.87309227260511,-2242.301708304219,-10.8924718425307,-1.0,False,60.87309227260511,True,False,FILTERED (IV rank top-tercile),1pct
call,2002-06-07,2002-07-12,66.46163940429688,59.27879333496094,73.4708611350493,74.13547752909227,0.6646163940429659,0.01,36.020788217653354,5.193237989673261,4.21142725582134,0.555820841796878,0.42598989205504256,0.9818107338519205,62.25021214847525,0.0,4.21142725582134,151.69892927599352,1.0,0.06765321933002431,True,0.0,False,True,FILTERED (IV rank top-tercile),1pct
put,2002-07-15,2002-08-21,59.59501266479492,61.795780181884766,52.217657415288336,51.62170728864039,0.5959501266479492,0.01,40.383033703286785,6.5892627403399295,5.104563311938182,0.8247154984551253,0.6599839299466226,1.4846994284017478,54.49044935285674,0.0,5.104563311938182,206.1377522665608,1.0,0.09367812841628856,True,0.0,False,True,FILTERED (IV rank top-tercile),1pct
call,2002-07-15,2002-08-21,59.59501266479492,61.795780181884766,69.49713094594703,70.09308107259498,0.5959501266479492,0.01,38.971125117894346,4.520802843541638,3.1303956934656094,0.7517136105822886,0.6386935394937399,1.3904071500760284,56.46461697132932,0.0,3.1303956934656094,121.9950422385659,1.0,0.055439952688514836,True,0.0,False,True,FILTERED (IV rank top-tercile),1pct
put,2002-08-22,2002-09-27,62.39600372314453,53.64516830444336,56.26371477765829,55.639754740426845,0.6239600372314484,0.01,38.659100073654436,6.479293206662717,5.305892871914014,0.6676913324576372,0.505709002291066,1.1734003347487032,57.09011085123083,62.396003723144844,-57.09011085123083,-2207.0523086137578,-10.759755658360383,-1.0,False,57.09011085123083,True,False,FILTERED (IV rank top-tercile),1pct
call,2002-08-22,2002-09-27,62.39600372314453,53.64516830444336,70.34589850154275,70.96985853877419,0.6239600372314413,0.01,37.6159514658384,4.84370655716484,3.7226956554715143,0.6210517828112244,0.4999591188821012,1.1210109016933256,58.673308067672615,0.0,3.7226956554715143,140.03273909830395,1.0,0.06344785692291002,True,0.0,False,True,FILTERED (IV rank top-tercile),1pct
put,2002-09-30,2002-11-06,53.02280426025391,60.31596374511719,45.66451862488319,45.134290582280656,0.5302280426025376,0.01,44.67218513437206,6.064549602373681,4.5427061699302715,0.8367285862513785,0.6851148461920309,1.5218434324434094,48.480098090323494,0.0,4.5427061699302715,202.9326110341793,1.0,0.09370249543362587,True,0.0,False,True,FILTERED (IV rank top-tercile),1pct
call,2002-09-30,2002-11-06,53.02280426025391,60.31596374511719,63.13116985261686,63.661397895219395,0.5302280426025376,0.01,42.901087734356175,3.949177580740315,2.5412889515149417,0.7533090343719406,0.6545795948534328,1.4078886292253734,50.48151530873882,0.0,2.5412889515149417,109.02406026729253,1.0,0.05034097997995359,True,0.0,False,True,FILTERED (IV rank top-tercile),1pct
put,2002-11-07,2002-12-13,58.837890625,57.91732406616211,52.33339213538074,51.74501322913074,0.58837890625,0.01,40.36326138039618,6.303046879143359,5.027792620769822,0.7164152151760639,0.5588390431974732,1.2752542583735371,53.81009800423018,0.0,5.027792620769822,202.93810771855945,1.0,0.09343585697194924,True,0.0,False,True,FILTERED (IV rank top-tercile),1pct
call,2002-11-07,2002-12-13,58.837890625,57.91732406616211,67.39366972235484,67.98204862860484,0.58837890625,0.01,39.11998805678617,4.524573139262511,3.317652543723082,0.6600174620104982,0.5469031335289309,1.206920595539429,55.520238081276915,0.0,3.317652543723082,129.78652788701322,1.0,0.059755733375392237,True,0.0,False,True,FILTERED (IV rank top-tercile),1pct
put,2002-12-20,2003-01-24,58.62542724609375,56.27359390258789,53.13873522041957,52.552480947958635,0.5862542724609341,0.01,40.60526944459478,6.0104100549369655,4.972155807166981,0.5942572495717058,0.44399699819827887,1.0382542477699848,53.65327143892643,0.0,4.972155807166981,201.89572627052192,1.0,0.09267199695039641,True,0.0,False,True,FILTERED (IV rank top-tercile),1pct
call,2002-12-20,2003-01-24,58.62542724609375,56.27359390258789,65.68706848579757,66.2733227582585,0.5862542724609341,0.01,39.570066293554135,4.563999682962461,3.5685181370864654,0.5547907689750303,0.4406907769009649,0.9954815458759952,55.056909109006945,0.0,3.5685181370864654,141.20649925426173,1.0,0.06481508306289355,True,0.0,False,True,FILTERED (IV rank top-tercile),1pct
put,2003-01-27,2003-03-05,55.5048942565918,54.36484146118164,48.69552630160765,48.14047735904173,0.555048942565918,0.01,43.062361747918494,6.121245373149353,4.753669772771571,0.76030336735326,0.6072722330245223,1.3675756003777821,50.751224483820224,0.0,4.753669772771571,204.70424738523488,1.0,0.09366610995340748,True,0.0,False,True,FILTERED (IV rank top-tercile),1pct
call,2003-01-27,2003-03-05,55.5048942565918,54.36484146118164,64.62991191376788,65.1849608563338,0.555048942565918,0.01,41.57171334576152,4.215730369942783,2.933869105546258,0.6936272618225492,0.5882340025739757,1.2818612643965248,52.57102515104554,0.0,2.933869105546258,121.9659654497548,1.0,0.05580772102344877,True,0.0,False,True,FILTERED (IV rank top-tercile),1pct
put,2003-03-07,2003-04-11,54.28012847900391,57.00418472290039,48.412807954625556,47.87000666983552,0.5428012847900376,0.01,44.15367565397422,5.778747534281781,4.6353150028354415,0.6439506099016945,0.499481921544645,1.1434325314463396,49.64481347616832,0.0,4.6353150028354415,204.66619518919666,1.0,0.09336957233328301,True,0.0,False,True,FILTERED (IV rank top-tercile),1pct
call,2003-03-07,2003-04-11,54.28012847900391,57.00418472290039,61.95726210294981,62.50006338773985,0.5428012847900376,0.01,42.82878879453417,4.1838978706038255,3.099577876822618,0.5944587202731527,0.48986127350805486,1.0843199937812076,51.18055060218114,0.0,3.099577876822618,132.75116623864656,1.0,0.060561636019025644,True,0.0,False,True,FILTERED (IV rank top-tercile),1pct
put,2004-03-12,2004-04-16,74.53794860839844,75.62980651855469,69.72828070024929,68.9829012141653,0.7453794860839906,0.01,32.133988259958386,6.963363863095751,6.11353388683257,0.511957036420288,0.3378729398428926,0.8498299762631806,68.42441472156649,0.0,6.11353388683257,196.45222614633556,1.0,0.08934725874835527,True,0.0,False,True,FILTERED (IV rank top-tercile),1pct
call,2004-03-12,2004-04-16,74.53794860839844,75.62980651855469,80.62849897168783,81.37387845777182,0.7453794860839906,0.01,31.60319148790092,5.7962216862302185,4.964300003981428,0.48841361220227364,0.3435080700465165,0.8319216822487902,69.57364860441764,0.0,4.964300003981428,156.88772362921236,1.0,0.0713531646472572,True,0.0,False,True,FILTERED (IV rank top-tercile),1pct
put,2004-05-11,2004-06-17,72.91901397705078,75.62980651855469,68.0258664244089,67.2966762846384,0.729190139770509,0.01,32.967058868822605,6.883405029583223,6.0093103504734655,0.5230899024246699,0.35100477668508767,0.8740946791097576,66.90970362657744,0.0,6.0093103504734655,198.10928808508373,1.0,0.08981223985105931,True,0.0,False,True,FILTERED (IV rank top-tercile),1pct
call,2004-05-11,2004-06-17,72.91901397705078,75.62980651855469,79.15672987943755,79.88592001920806,0.729190139770509,0.01,32.394222621930986,5.680157144629838,4.826127041727196,0.49801701575919455,0.3560130871434475,0.854030102902642,68.09288693532369,0.0,4.826127041727196,156.33863379143202,1.0,0.07087564147942753,True,0.0,False,True,FILTERED (IV rank top-tercile),1pct
put,2004-08-06,2004-09-10,71.25135040283203,75.39240264892578,66.39168681396056,65.67917330993224,0.7125135040283226,0.01,33.85224855522247,6.748914431505693,5.881834603002389,0.5179013446454744,0.3491784838578288,0.8670798285033032,65.36951579982987,0.0,5.881834603002389,199.11332694154513,1.0,0.08997824951026633,True,0.0,False,True,FILTERED (IV rank top-tercile),1pct
call,2004-08-06,2004-09-10,71.25135040283203,75.39240264892578,77.40663293092341,78.11914643495173,0.7125135040283226,0.01,33.254849464317175,5.554192417126291,4.707518978640887,0.4927641244567821,0.353909314028622,0.8466734384854041,66.54383142419137,0.0,4.707518978640887,156.54783498511884,1.0,0.07074313092422138,True,0.0,False,True,FILTERED (IV rank top-tercile),1pct
put,2005-04-18,2005-05-25,77.56440734863281,80.89053344726562,72.92931822892716,72.15367415544083,0.7756440734863332,0.01,31.15245627729474,7.113241780558788,6.301380758753727,0.4948460331595156,0.3170149886455448,0.8118610218050604,71.2630265898796,0.0,6.301380758753727,196.30348857366184,1.0,0.0884242651525078,True,0.0,False,True,FILTERED (IV rank top-tercile),1pct
call,2005-04-18,2005-05-25,77.56440734863281,80.89053344726562,83.48189388490846,84.25753795839479,0.7756440734863332,0.01,30.68122473107415,6.0040320909747535,5.206855148949879,0.4736388721496232,0.323538069875251,0.7971769420248742,72.35755219968345,0.0,5.206855148949879,159.7526929670818,1.0,0.07196007867403588,True,0.0,False,True,FILTERED (IV rank top-tercile),1pct
put,2005-08-25,2005-09-30,82.69975280761719,84.04220581054688,78.67492992875769,77.84793240068151,0.826997528076177,0.01,29.23178903223548,7.1905267115309535,6.510798337409105,0.4297457709550617,0.24998260316678594,0.6797283741218476,76.18895447020859,0.0,6.510798337409105,190.32228343057247,1.0,0.08545593495386472,True,0.0,False,True,FILTERED (IV rank top-tercile),1pct
call,2005-08-25,2005-09-30,82.69975280761719,84.04220581054688,87.86879106682936,88.69578859490554,0.826997528076177,0.01,28.889042936490952,6.279145460538782,5.606875464611676,0.4146243162202884,0.257645679706818,0.6722699959271063,77.09287734300602,0.0,5.606875464611676,161.97726603672436,1.0,0.07272883900370258,True,0.0,False,True,FILTERED (IV rank top-tercile),1pct
put,2005-10-06,2005-11-11,81.41929626464844,84.53400421142578,77.0877049031432,76.27351194049672,0.8141929626464872,0.01,29.822678683841545,7.245986314985231,6.503643705926762,0.4617461334665507,0.28059647559191825,0.7423426090584689,74.91565255872196,0.0,6.503643705926762,193.95607651604226,1.0,0.0868128820052517,True,0.0,False,True,FILTERED (IV rank top-tercile),1pct
call,2005-10-06,2005-11-11,81.41929626464844,84.53400421142578,86.95275035376206,87.76694331640854,0.8141929626464872,0.01,29.432104448881358,6.241589615544552,5.509487010965104,0.4440711724840313,0.2880314320954161,0.7321026045794474,75.90980925368362,0.0,5.509487010965104,162.1557971664801,1.0,0.07257938157311006,True,0.0,False,True,FILTERED (IV rank top-tercile),1pct
put,2006-01-23,2006-03-01,86.80864715576172,88.83435821533203,82.46822139997512,81.6001349284175,0.8680864715576178,0.01,28.036925383401314,7.605671169411998,6.867368236153629,0.46422235624683506,0.27408057701153454,0.7383029332583696,79.94127891960815,0.0,6.867368236153629,192.5398908173796,1.0,0.0859051584983986,True,0.0,False,True,FILTERED (IV rank top-tercile),1pct
call,2006-01-23,2006-03-01,86.80864715576172,88.83435821533203,92.39656206785384,93.26464853941145,0.8680864715576178,0.01,27.69595496011361,6.6127362494775355,5.883195213391472,0.4474297211615019,0.2821113149245616,0.7295410360860635,80.9254519423703,0.0,5.883195213391472,162.9407096516462,1.0,0.07269894788577876,True,0.0,False,True,FILTERED (IV rank top-tercile),1pct
put,2006-04-12,2006-05-19,88.84979248046875,87.62267303466797,84.79780544038208,83.9093075155774,0.8884979248046818,0.01,27.44233811096997,7.596549942260644,6.917368390360826,0.43454765022816755,0.2446339016716509,0.6791815518998184,81.93242409010736,0.0,6.917368390360826,189.8287622064179,1.0,0.08442772769365724,True,0.0,False,True,FILTERED (IV rank top-tercile),1pct
call,2006-04-12,2006-05-19,88.84979248046875,87.62267303466797,94.10381071880877,94.99230864361346,0.8884979248046818,0.01,27.14492197399015,6.692605617404368,6.019667336380224,0.4201267107296264,0.2528115702945172,0.6729382810241435,82.83012514408796,0.0,6.019667336380224,163.4034001554183,1.0,0.07267485502295998,True,0.0,False,True,FILTERED (IV rank top-tercile),1pct
put,2006-05-22,2006-06-28,86.95393371582031,86.38272094726562,81.38809206706235,80.51855272990414,0.8695393371582014,0.01,28.25440203058257,8.112564242190246,7.126304557786281,0.5945368952293612,0.39172278917460335,0.9862596844039645,79.82762915803386,0.0,7.126304557786281,201.34947396806652,1.0,0.08927115377156469,True,0.0,False,True,FILTERED (IV rank top-tercile),1pct
call,2006-05-22,2006-06-28,86.95393371582031,86.38272094726562,94.05072585776364,94.92026519492184,0.8695393371582014,0.01,27.790269537355783,6.7587415389567695,5.793082636361654,0.567313720534518,0.3983451820605971,0.9656589025951151,81.16085107945848,0.0,5.793082636361654,160.991327916666,1.0,0.07137779556660985,True,0.0,False,True,FILTERED (IV rank top-tercile),1pct
put,2006-06-29,2006-08-04,88.12765502929688,88.77165222167969,84.06743616005927,83.1861596097663,0.8812765502929665,0.01,27.846829462617904,7.551038945912492,6.871411963831429,0.43420147786443763,0.2454255042166245,0.6796269820810621,81.25624306546521,0.0,6.871411963831429,191.3470371242062,1.0,0.08456472640871891,True,0.0,False,True,FILTERED (IV rank top-tercile),1pct
call,2006-06-29,2006-08-04,88.12765502929688,88.77165222167969,93.36389924069421,94.24517579098718,0.8812765502929665,0.01,27.542080219188044,6.645562185759157,5.97232306418827,0.41968908810743333,0.25355003346345384,0.6732391215708872,82.15533196510837,0.0,5.97232306418827,164.49020092878027,1.0,0.07269550157407598,True,0.0,False,True,FILTERED (IV rank top-tercile),1pct
put,2006-08-07,2006-09-13,88.56388092041016,91.55525207519533,83.70667005476163,82.82103124555753,0.8856388092040959,0.01,27.866136868544785,7.947289904194221,7.108546839269189,0.5187126562649441,0.32003040866008803,0.8387430649250321,81.45533408114039,0.0,7.108546839269189,198.08773915953665,1.0,0.0872692613621611,True,0.0,False,True,FILTERED (IV rank top-tercile),1pct
call,2006-08-07,2006-09-13,88.56388092041016,91.55525207519533,94.78433437855587,95.66997318775996,0.8856388092040959,0.01,27.486332574867298,6.8092367453877145,5.983002514915093,0.49823257455365866,0.3280016559189636,0.8262342304726222,82.5808784054945,0.0,5.983002514915093,164.45079692122368,1.0,0.0724502164476494,True,0.0,False,True,FILTERED (IV rank top-tercile),1pct
put,2007-02-28,2007-04-05,98.56175231933594,101.27680206298828,93.1519751339211,92.16635761072774,0.9856175231933548,0.01,25.119262173095976,8.842302671715352,7.910353277105594,0.5765034807013208,0.3554459139084365,0.9319493946097573,90.65139904222988,0.0,7.910353277105594,198.70223784942434,1.0,0.0872612376718043,True,0.0,False,True,FILTERED (IV rank top-tercile),1pct
call,2007-02-28,2007-04-05,98.56175231933594,101.27680206298828,105.46257612399585,106.4481936471892,0.9856175231933548,0.01,24.777423772056366,7.577790036309917,6.659693418934723,0.5537706841414719,0.3643259332337223,0.9180966173751942,91.90205890040076,0.0,6.659693418934723,165.01004603292054,1.0,0.07246511665372148,True,0.0,False,True,FILTERED (IV rank top-tercile),1pct
put,2007-04-12,2007-05-18,101.57168579101562,107.16072082519533,97.01300265963981,95.99728580172966,1.0157168579101494,0.01,24.38220234278946,8.641454817900662,7.881605114077404,0.4879430371353882,0.2719066666878697,0.7598497038232579,93.69008067693754,0.0,7.881605114077404,192.17089067739946,1.0,0.08412422165858499,True,0.0,False,True,FILTERED (IV rank top-tercile),1pct
call,2007-04-12,2007-05-18,101.57168579101562,107.16072082519533,107.46386298166243,108.47957983957258,1.0157168579101494,0.01,24.124079282412172,7.632386188459783,6.879139068919062,0.4720283871261083,0.2812187324146134,0.7532471195407218,94.69254672209588,0.0,6.879139068919062,165.9528962933425,1.0,0.0726471016679696,True,0.0,False,True,FILTERED (IV rank top-tercile),1pct
put,2007-05-25,2007-06-29,106.50772094726562,106.07828521728516,101.53933898627041,100.47426177679775,1.065077209472662,0.01,23.338353359273626,9.15114298460633,8.320289081760524,0.5298162387304822,0.3010376641153237,0.830853902845806,98.18743186550567,0.0,8.320289081760524,194.1818466414334,1.0,0.08473884002952045,True,0.0,False,True,FILTERED (IV rank top-tercile),1pct
call,2007-05-25,2007-06-29,106.50772094726562,106.07828521728516,112.87999015547086,113.94506736494353,1.065077209472662,0.01,23.079704646882515,8.042743925251905,7.219926091264744,0.5119432160592297,0.3108746179279309,0.8228178339871606,99.28779485600145,0.0,7.219926091264744,166.63376175871124,1.0,0.07271715623995788,True,0.0,False,True,FILTERED (IV rank top-tercile),1pct
put,2007-07-02,2007-08-08,107.03727722167967,105.65518188476562,101.09942684451617,100.02905407229937,1.0703727722167997,0.01,23.353801845581643,9.633075100866328,8.605796656570913,0.6340526609085378,0.3932257833868774,1.0272784442954153,98.43148056510907,0.0,8.605796656570913,200.9780698409261,1.0,0.08742931232125958,True,0.0,False,True,FILTERED (IV rank top-tercile),1pct
call,2007-07-02,2007-08-08,107.03727722167967,105.65518188476562,114.63775914983124,115.70813192204804,1.0703727722167997,0.01,23.031022668283654,8.237826076530474,7.22628204384021,0.6087448423017644,0.4027991903885003,1.0115440326902647,99.81099517783976,0.0,7.22628204384021,166.428665559095,1.0,0.07239965928567962,True,0.0,False,True,FILTERED (IV rank top-tercile),1pct
put,2007-08-09,2007-09-14,102.52424621582033,104.99937438964844,92.89034697519885,91.86510451304065,1.0252424621582037,0.01,24.578072316994373,10.52392586859856,8.696813476181164,1.0451052695661822,0.7820071228512138,1.827112392417396,93.8274327396392,0.0,8.696813476181164,213.75091054499188,1.0,0.0926894536304096,True,0.0,False,True,FILTERED (IV rank top-tercile),1pct
call,2007-08-09,2007-09-14,102.52424621582033,104.99937438964844,114.95853153532704,115.98377399748524,1.0252424621582037,0.01,23.94780783492388,7.978635243531684,6.227439297663967,0.9753309134780064,0.7758650323897109,1.7511959458677173,96.2968069181564,0.0,6.227439297663967,149.13351960411,1.0,0.06466921902152714,True,0.0,False,True,FILTERED (IV rank top-tercile),1pct
put,2007-09-17,2007-10-24,104.43524932861328,107.3254165649414,94.5035055065045,93.45915301321837,1.0443524932861266,0.01,24.2056561171495,10.75512048856897,8.864399912274429,1.0797992942543855,0.8109212820401557,1.8907205762945412,95.57084941633822,0.0,8.864399912274429,214.56861596140502,1.0,0.09275213065919476,True,0.0,False,True,FILTERED (IV rank top-tercile),1pct
call,2007-09-17,2007-10-24,104.43524932861328,107.3254165649414,117.2993045943157,118.34365708760183,1.0443524932861266,0.01,23.575665387265655,8.12101940007306,6.3105483797556765,1.006748252659606,0.8037227676577774,1.8104710203173835,98.12470094885698,0.0,6.3105483797556765,148.77537701127127,1.0,0.06431151706688779,True,0.0,False,True,FILTERED (IV rank top-tercile),1pct
put,2007-10-25,2007-11-30,107.58051300048828,105.32744598388672,99.45285178317977,98.37704665317489,1.0758051300048805,0.01,23.53444139960465,10.45484886709307,8.97515601529112,0.8705320367396407,0.6091608150623096,1.4796928518019503,98.60535698519693,0.0,8.97515601529112,211.225283294178,1.0,0.09102097786267849,True,0.0,False,True,FILTERED (IV rank top-tercile),1pct
call,2007-10-25,2007-11-30,107.58051300048828,105.32744598388672,117.93013568889792,119.0059408189028,1.0758051300048805,0.01,23.065115853071358,8.406098810818285,6.9687488785142415,0.8237512012872539,0.6135987310167901,1.437349932304044,100.6117641219738,0.0,6.9687488785142415,160.73500023389207,1.0,0.06926375796438553,True,0.0,False,True,FILTERED (IV rank top-tercile),1pct
put,2007-12-03,2008-01-09,104.6331024169922,99.98174285888672,95.72805565403497,94.68172462986506,1.0463310241699162,0.01,24.297213492856557,10.476879356042446,8.817127387170537,0.9608369763864866,0.6989149924854221,1.6597519688719087,95.81597502982109,0.0,8.817127387170537,214.23162651979504,1.0,0.09202147537951115,True,0.0,False,True,FILTERED (IV rank top-tercile),1pct
call,2007-12-03,2008-01-09,104.6331024169922,99.98174285888672,116.06872679512273,117.11505781929264,1.0463310241699162,0.01,23.740115884973093,8.169745183529464,6.568661088826877,0.9026638621454142,0.6984202325571731,1.6010840947025873,98.06444132816475,0.0,6.568661088826877,155.9407754578636,1.0,0.06698310824864012,True,0.0,False,True,FILTERED (IV rank top-tercile),1pct
put,2008-01-10,2008-02-15,100.6369857788086,96.2565460205078,92.23034724459059,91.2239773868025,1.006369857788087,0.01,25.339115883678218,10.027544430213364,8.468629941670736,0.9048015496489814,0.6541129388936473,1.5589144885426287,92.16835583713797,0.0,8.468629941670736,214.58759546798188,1.0,0.09188218521153677,True,0.0,False,True,FILTERED (IV rank top-tercile),1pct
call,2008-01-10,2008-02-15,100.6369857788086,96.2565460205078,111.39148299388013,112.39785285166822,1.006369857788087,0.01,24.7712858425194,7.861523203686893,6.355862698934034,0.8510992924225191,0.6545612123303401,1.5056605047528593,94.28112307987467,0.0,6.355862698934034,157.4428916911018,1.0,0.06741394768440939,True,0.0,False,True,FILTERED (IV rank top-tercile),1pct
put,2008-02-19,2008-03-27,96.52718353271484,95.04377746582033,87.64467903416806,86.67940719884092,0.9652718353271439,0.01,26.518489708959738,9.85751748922663,8.177308226017749,0.9633236002197731,0.7168856629891085,1.6802092632088816,88.34987530669665,0.0,8.177308226017749,216.84986403864346,1.0,0.092555967935791,True,0.0,False,True,FILTERED (IV rank top-tercile),1pct
call,2008-02-19,2008-03-27,96.52718353271484,95.04377746582033,107.99877646648707,108.96404830181422,0.9652718353271439,0.01,25.853643968089813,7.517918135152524,5.9053252755081225,0.9002704065116107,0.712322453132791,1.6125928596444017,90.62185825720627,0.0,5.9053252755081225,152.67417718874887,1.0,0.06516446902630724,True,0.0,False,True,FILTERED (IV rank top-tercile),1pct
put,2008-03-28,2008-05-02,94.1347198486328,101.29269409179688,85.64250530724864,84.70115810876231,0.9413471984863264,0.01,27.275347834962723,9.560984153164398,7.965489151587329,0.9172598027030909,0.6782351988739777,1.5954950015770686,86.16923069704532,0.0,7.965489151587329,217.2614872851665,1.0,0.09244006343276383,True,0.0,False,True,FILTERED (IV rank top-tercile),1pct
call,2008-03-28,2008-05-02,94.1347198486328,101.29269409179688,105.02944159619678,105.9707887946831,0.9413471984863264,0.01,26.60855751210918,7.339756887009585,5.806153414188681,0.8585486974980738,0.6750547753228309,1.5336034728209047,88.32856643444396,0.0,5.806153414188681,154.4933670455686,1.0,0.06573358595713104,True,0.0,False,True,FILTERED (IV rank top-tercile),1pct
put,2008-06-12,2008-07-18,96.2391586303711,90.62741088867188,88.2400552751206,87.27766368881689,0.9623915863037098,0.01,26.74869444061843,9.577344279963373,8.09538614630495,0.8606958703287537,0.6212622633296694,1.481958133658423,88.14377248406603,0.0,8.09538614630495,216.54101040632668,1.0,0.09184297333958985,True,0.0,False,True,FILTERED (IV rank top-tercile),1pct
call,2008-06-12,2008-07-18,96.2391586303711,90.62741088867188,106.46930186948944,107.43169345579315,0.9623915863037098,0.01,26.152731384467817,7.518550297697857,6.08678401377794,0.809865020681183,0.6219012632387333,1.4317662839199163,90.15237461659305,0.0,6.08678401377794,159.18602730760733,1.0,0.06751662437805198,True,0.0,False,True,FILTERED (IV rank top-tercile),1pct
put,2008-09-10,2008-10-17,89.00159454345703,67.44145965576172,81.14313289627812,80.25311695084355,0.8900159454345697,0.01,29.027822618726265,8.994410730516655,7.519582997468749,0.8498440006554142,0.6249837323924923,1.4748277330479065,81.48201154598821,89.00159454345697,-81.48201154598823,-2365.245377773952,-10.835974757299281,-1.0000000000000002,False,81.48201154598823,True,False,FILTERED (IV rank top-tercile),1pct
call,2008-09-10,2008-10-17,89.00159454345703,67.44145965576172,99.11807892012584,100.00809486556041,0.8900159454345697,0.01,28.333592911139743,6.942489644105798,5.523110710083961,0.7964705875622424,0.6229083464595941,1.4193789340218366,83.47848383337302,0.0,5.523110710083961,156.48957046267492,1.0,0.0661620870008654,True,0.0,False,True,FILTERED (IV rank top-tercile),1pct
put,2008-10-20,2008-11-26,71.49330139160156,64.3736572265625,58.6890975167727,57.97416450285668,0.714933013916017,0.01,35.47906975228153,8.917057112295446,6.072469395901892,1.5337570721004723,1.3108306442930817,2.844587716393554,65.42083199569981,0.0,6.072469395901892,215.4455652657981,1.0,0.09282164733553132,True,0.0,False,True,FILTERED (IV rank top-tercile),1pct
call,2008-10-20,2008-11-26,71.49330139160156,64.3736572265625,90.42487510516396,91.13980811907997,0.7149330139160099,0.01,33.62399452167246,5.004203884697933,2.4631253329036316,1.3330918244558787,1.2079867273384226,2.5410785517943015,69.03017605869736,0.0,2.4631253329036316,82.82011269974436,1.0,0.03568186369406331,True,0.0,False,True,FILTERED (IV rank top-tercile),1pct
put,2008-11-28,2009-01-02,65.18399810791016,67.80656433105469,53.346226488234066,52.69438650715497,0.6518399810790996,0.01,39.01151572049496,8.171696429696329,5.534032393696197,1.420978223371272,1.2166858126288593,2.6376640360001313,59.64996571421376,0.0,5.534032393696197,215.89099172440757,1.0,0.0927751144101247,True,0.0,False,True,FILTERED (IV rank top-tercile),1pct
call,2008-11-28,2009-01-02,65.18399810791016,67.80656433105469,82.72797844125238,83.37981842233148,0.6518399810791067,0.01,36.94291758052352,4.545266682870519,2.1939657122598266,1.23246631884123,1.1188346517694625,2.3513009706106924,62.99003239565084,0.0,2.1939657122598266,81.05149448250936,1.0,0.03483036329429336,True,0.0,False,True,FILTERED (IV rank top-tercile),1pct
put,2009-01-05,2009-02-11,67.72633361816406,60.979251861572266,58.4586701028648,57.78140676668316,0.6772633361816389,0.01,37.67520411223441,7.71306231572968,5.802994916102855,1.0514469787600345,0.8586204208667902,1.9100673996268247,61.92333870206104,0.0,5.802994916102855,218.62901792643365,1.0,0.09371256520943548,True,0.0,False,True,FILTERED (IV rank top-tercile),1pct
call,2009-01-05,2009-02-11,67.72633361816406,60.979251861572266,80.41776530338679,81.09502863956843,0.6772633361816389,0.01,36.204329941939676,5.057108808291844,3.2872339675826256,0.9481512804582592,0.8217235602509587,1.769874840709218,64.43909965058127,0.0,3.2872339675826256,119.01210315871282,1.0,0.051013033785505,True,0.0,False,True,FILTERED (IV rank top-tercile),1pct
put,2009-02-12,2009-03-20,61.02300262451172,56.3540267944336,52.35559501031865,51.74536498407353,0.6102300262451195,0.01,41.93414086184753,7.029133490289752,5.227719849049045,0.9885709892489769,0.8128426519917298,1.8014136412407067,55.79528277546291,0.0,5.227719849049045,219.21994053629896,1.0,0.09369465641185062,True,0.0,False,True,FILTERED (IV rank top-tercile),1pct
call,2009-02-12,2009-03-20,61.02300262451172,56.3540267944336,72.97392667960104,73.58415670584615,0.6102300262451195,0.01,40.2299975323629,4.526394332327577,2.8642307913620604,0.8876616996368547,0.774501841328662,1.6621635409655167,58.15877183314988,0.0,2.8642307913620604,115.22799766861353,1.0,0.049248474496318015,True,0.0,False,True,FILTERED (IV rank top-tercile),1pct
put,2009-03-23,2009-04-29,60.40188980102539,64.19993591308594,51.34992508904631,50.745906191036056,0.6040188980102528,0.01,42.482004109217634,7.0783217295624645,5.168709180249059,1.0432852962762362,0.8663272530371691,1.9096125493134053,55.233180620776224,0.0,5.168709180249059,219.57712463469144,1.0,0.09357978523338605,True,0.0,False,True,FILTERED (IV rank top-tercile),1pct
call,2009-03-23,2009-04-29,60.40188980102539,64.19993591308594,73.07197602412246,73.67599492213272,0.6040188980102528,0.01,40.6502988036775,4.430155052212115,2.679898200690406,0.9305053639135086,0.8197514876082002,1.7502568515217087,57.72199160033487,0.0,2.679898200690406,108.9386626215027,1.0,0.04642768079185367,True,0.0,False,True,FILTERED (IV rank top-tercile),1pct
put,2010-05-07,2010-06-11,83.37554168701172,82.19158935546875,71.75093954296315,70.91718412609303,0.8337554168701189,0.01,30.866797370598405,9.547576097250587,7.1451996275084255,1.3205329360867157,1.0818435336554466,2.4023764697421623,76.23034205950347,0.0,7.1451996275084255,220.54942907477778,1.0,0.09373170097978918,True,0.0,False,True,FILTERED (IV rank top-tercile),1pct
call,2010-05-07,2010-06-11,83.37554168701172,82.19158935546875,99.30729948476441,100.14105490163453,0.8337554168701189,0.01,29.638503661159884,6.207721245401121,3.986023621509932,1.1884453275131102,1.0332522963780788,2.221697623891189,79.38951806550196,0.0,3.986023621509932,118.1397756995919,1.0,0.05020843706622807,True,0.0,False,True,FILTERED (IV rank top-tercile),1pct
put,2010-06-14,2010-07-21,82.06419372558594,80.61742401123047,73.66950297455845,72.8488610373026,0.8206419372558571,0.01,31.432852134094418,8.612639189538918,6.991136534634402,0.9184093173214947,0.7030933375830217,1.6215026549045164,75.0730571909513,0.0,6.991136534634402,219.7513609424284,1.0,0.09312444166023728,True,0.0,False,True,FILTERED (IV rank top-tercile),1pct
call,2010-06-14,2010-07-21,82.06419372558594,80.61742401123047,93.02032455484981,93.84096649210566,0.8206419372558571,0.01,30.54448010815781,6.351934459308417,4.807671513333611,0.8515306537287604,0.6927322922460455,1.5442629459748058,77.2565222122521,0.0,4.807671513333611,146.84782690557543,1.0,0.0622299758734307,True,0.0,False,True,FILTERED (IV rank top-tercile),1pct
put,2010-07-22,2010-08-27,82.41693878173828,80.45933532714844,75.19546543851384,74.37129605069646,0.8241693878173777,0.01,31.370058226856376,8.311115401942892,6.95988120866502,0.7795060391632247,0.571728154114648,1.3512341932778726,75.45705757307275,0.0,6.95988120866502,218.3318787678252,1.0,0.09223631867602389,True,0.0,False,True,FILTERED (IV rank top-tercile),1pct
call,2010-07-22,2010-08-27,82.41693878173828,80.45933532714844,91.68428751078609,92.50845689860347,0.8241693878173777,0.01,30.627374978420647,6.431311074538915,5.130122939297943,0.7309854560522244,0.5702026791887471,1.3011881352409715,77.28681584243982,0.0,5.130122939297943,157.1221989472756,1.0,0.06637772410958719,True,0.0,False,True,FILTERED (IV rank top-tercile),1pct
put,2010-08-31,2010-10-07,79.292236328125,87.72550201416016,71.86935320153955,71.0764308382583,0.7929223632812494,0.01,32.72240975022442,8.132966255109864,6.724189250462456,0.8060505805125795,0.6027264241348279,1.4087770046474075,72.56804707766248,0.0,6.724189250462456,220.03167589168692,1.0,0.09266046863940287,True,0.0,False,True,FILTERED (IV rank top-tercile),1pct
call,2010-08-31,2010-10-07,79.292236328125,87.72550201416016,88.8929451511346,89.68586751441585,0.7929223632812494,0.01,31.885844977612233,6.1707574571434165,4.8202763434951414,0.752375025038432,0.5981060886098427,1.3504811136482746,74.4719599846298,0.0,4.8202763434951414,153.6985842379376,1.0,0.06472605722328234,True,0.0,False,True,FILTERED (IV rank top-tercile),1pct
put,2011-03-16,2011-04-21,96.01708984375,102.2425765991211,86.04745584662015,85.08728494818266,0.9601708984374966,0.01,27.12105267617056,10.11491925511736,8.185839158395192,1.0909765390500537,0.8381035576721152,1.9290800967221688,87.83125068535446,0.0,8.185839158395192,222.0085750134957,1.0,0.09319961966293792,True,0.0,False,True,FILTERED (IV rank top-tercile),1pct
call,2011-03-16,2011-04-21,96.01708984375,102.2425765991211,109.02261524900806,109.98278614744555,0.9601708984374966,0.01,26.342407363326267,7.424862056586967,5.589668249482199,1.0104076792597227,0.8247861278450452,1.835193807104768,90.42742159426747,0.0,5.589668249482199,147.24531805371092,1.0,0.06181386299569719,True,0.0,False,True,FILTERED (IV rank top-tercile),1pct
put,2011-06-17,2011-07-22,97.58047485351562,103.3639144897461,90.0684841207306,89.09267937219545,0.975804748535154,0.01,26.720136601169308,9.524830430134923,8.154994363710626,0.803978413588835,0.5658576528354609,1.369836066424296,89.42548048980477,0.0,8.154994363710626,217.90256338011372,1.0,0.09119318475051819,True,0.0,False,True,FILTERED (IV rank top-tercile),1pct
call,2011-06-17,2011-07-22,97.58047485351562,103.3639144897461,107.12460469991144,108.1004094484466,0.975804748535154,0.01,26.17634488979943,7.626650487394215,6.297254664743937,0.7600310424175694,0.569364780232709,1.3293958226502784,91.28322018877147,0.0,6.297254664743937,164.8391099632356,1.0,0.06898589523596306,True,0.0,False,True,FILTERED (IV rank top-tercile),1pct
put,2011-07-28,2011-09-02,100.0151824951172,90.5144500732422,91.55974305068204,90.55959122573087,1.0001518249511747,0.01,26.171918850567057,9.995523264213801,8.424042332014231,0.9106845069024594,0.660796425297111,1.5714809321995704,91.59114016310323,100.01518249511747,-91.59114016310323,-2397.115887779651,-10.872587832925019,-1.0,False,91.59114016310323,True,False,FILTERED (IV rank top-tercile),1pct
call,2011-07-28,2011-09-02,100.0151824951172,90.5144500732422,110.83999717852761,111.84014900347879,1.0001518249511747,0.01,25.577266547707982,7.811304088156756,6.294616878442522,0.8559849059590785,0.6607023037551563,1.5166872097142348,93.72056561667495,0.0,6.294616878442522,160.99909371562595,1.0,0.06716366719539485,True,0.0,False,True,FILTERED (IV rank top-tercile),1pct
put,2011-09-06,2011-10-13,89.85393524169922,93.03630828857422,78.15665972050364,77.25812036808665,0.8985393524169893,0.01,28.63376162286962,10.081262344073671,7.6993939389757795,1.3169499818498687,1.0649184232480235,2.381868405097892,82.15454130272315,0.0,7.6993939389757795,220.46261068919964,1.0,0.0937184216098906,True,0.0,False,True,FILTERED (IV rank top-tercile),1pct
call,2011-09-06,2011-10-13,89.85393524169922,93.03630828857422,105.70544147051136,106.60398082292835,0.8985393524169893,0.01,27.575488275716076,6.76564363915606,4.546522789823332,1.1941309701558156,1.024989879176913,2.219120849332729,85.3074124518756,0.0,4.546522789823332,125.37258588604922,1.0,0.053295753078762734,True,0.0,False,True,FILTERED (IV rank top-tercile),1pct
put,2011-10-14,2011-11-18,94.62667083740234,94.1711883544922,85.28582957570474,84.33956286733071,0.9462667083740257,0.01,27.250824580231686,9.835576767387444,8.0490977851226,1.016184200724768,0.7702947815400762,1.7864789822648441,86.57757305227997,0.0,8.0490977851226,219.34455177150735,1.0,0.09296977844669013,True,0.0,False,True,FILTERED (IV rank top-tercile),1pct
call,2011-10-14,2011-11-18,94.62667083740234,94.1711883544922,106.71351310869821,107.65977981707223,0.9462667083740257,0.01,26.512698524106007,7.345045711460774,5.638737237028712,0.9449673086092902,0.7613411658227709,1.7063084744320611,88.98793360037386,0.0,5.638737237028712,149.49814042199273,1.0,0.06336518906429604,True,0.0,False,True,FILTERED (IV rank top-tercile),1pct
put,2011-11-21,2011-12-28,92.38011169433594,96.98262786865234,81.5878780210642,80.66407690412083,0.9238011169433662,0.01,28.016334312203405,10.04875409600876,7.904852251031791,1.1975603486885977,0.946341496288372,2.14390184497697,84.47525944330482,0.0,7.904852251031791,221.46498335348028,1.0,0.09357594523088852,True,0.0,False,True,FILTERED (IV rank top-tercile),1pct
call,2011-11-21,2011-12-28,92.38011169433594,96.98262786865234,106.72389351298425,107.64769462992761,0.9238011169433662,0.01,27.097719080620344,7.060030945615825,5.041132991647762,1.0976993638042332,0.9211985901638298,2.0188979539680627,87.33897870268885,0.0,5.041132991647762,136.60320565571828,1.0,0.057719165789747943,True,0.0,False,True,FILTERED (IV rank top-tercile),1pct
put,2012-12-27,2013-02-01,112.41919708251952,120.10657501220705,104.60384100862639,103.4796490378012,1.1241919708251942,0.01,23.020503560609527,10.702249494883453,9.300320155959485,0.8347427881480296,0.5671865507759388,1.4019293389239684,103.11887692655995,0.0,9.300320155959485,214.09805326507387,1.0,0.09019027779543277,True,0.0,False,True,FILTERED (IV rank top-tercile),1pct
call,2012-12-27,2013-02-01,112.41919708251952,120.10657501220705,122.35231993168816,123.47651190251335,1.1241919708251942,0.01,22.604179500525756,8.76865393749302,7.401075394062867,0.7933974459337412,0.5741810974964123,1.3675785434301535,105.01812168845655,0.0,7.401075394062867,167.29523670432144,1.0,0.07047426934580553,True,0.0,False,True,FILTERED (IV rank top-tercile),1pct
put,2013-02-26,2013-04-04,119.13768768310548,124.3260269165039,111.882540007096,110.69116313026494,1.1913768768310575,0.01,21.761606278574146,10.977730897228355,9.70291946022643,0.7746273547163174,0.5001840822856068,1.2748114370019241,109.43476822287931,0.0,9.70291946022643,211.15111304616275,1.0,0.08866395586880642,True,0.0,False,True,FILTERED (IV rank top-tercile),1pct
call,2013-02-26,2013-04-04,119.13768768310548,124.3260269165039,128.3958922628738,129.58726913970483,1.1913768768310433,0.01,21.42485303184171,9.233640137630417,7.982837019066816,0.7408220610021832,0.5099810575614178,1.250803118563601,111.15485066403753,0.0,7.982837019066816,171.0311099106519,1.0,0.07181726187725915,True,0.0,False,True,FILTERED (IV rank top-tercile),1pct
put,2013-04-19,2013-05-24,124.02288055419922,131.86404418945312,117.50107924684394,116.26085044130195,1.2402288055419888,0.01,20.93214622285201,10.999100337153145,9.886472453618792,0.6938026959815935,0.4188251875527599,1.1126278835343535,114.13640810058008,0.0,9.886472453618792,206.94508702734703,1.0,0.08661979659379648,True,0.0,False,True,FILTERED (IV rank top-tercile),1pct
call,2013-04-19,2013-05-24,124.02288055419922,131.86404418945312,132.32535089993422,133.5655797054762,1.2402288055419888,0.01,20.662630306621175,9.495514695322527,8.397718207521335,0.6675921775921301,0.4302043102090619,1.097796487801192,115.62516234667754,0.0,8.397718207521335,173.51894674119478,1.0,0.07262881225059435,True,0.0,False,True,FILTERED (IV rank top-tercile),1pct
put,2013-06-06,2013-07-12,129.8060760498047,134.32603454589844,122.10873469570092,120.81067393520287,1.2980607604980463,0.01,20.094485204090994,11.876478601609897,10.533089454463596,0.8201505560932743,0.5232385910530268,1.343389147146301,119.27298659534102,0.0,10.533089454463596,211.6570101960856,1.0,0.08831077140877962,True,0.0,False,True,FILTERED (IV rank top-tercile),1pct
call,2013-06-06,2013-07-12,129.8060760498047,134.32603454589844,139.5992347850508,140.89729554554887,1.2980607604980605,0.01,19.794020718623464,10.042177227420801,8.722578237114083,0.7853267104961204,0.5342722798105964,1.3195989903067167,121.08349781269196,0.0,8.722578237114083,172.6548943452503,1.0,0.07203771277410012,True,0.0,False,True,FILTERED (IV rank top-tercile),1pct
put,2013-08-22,2013-09-27,133.1632537841797,136.10888671875,126.17665971924939,124.84502718140759,1.3316325378417986,0.01,19.61996494617038,11.808421122357693,10.613824716623425,0.744903466896607,0.4496929388376619,1.194596405734269,122.54942906755643,0.0,10.613824716623425,208.24286888494836,1.0,0.08660852031201599,True,0.0,False,True,FILTERED (IV rank top-tercile),1pct
call,2013-08-22,2013-09-27,133.1632537841797,136.10888671875,142.09475925694295,143.42639179478473,1.3316325378417844,0.01,19.367382388809748,10.194249370142039,9.015578367396538,0.7167636184995274,0.4619073842459742,1.1786710027455016,124.1476754167819,0.0,9.015578367396538,174.60815369764984,1.0,0.07261979201084454,True,0.0,False,True,FILTERED (IV rank top-tercile),1pct
put,2013-10-01,2013-11-07,136.4553680419922,140.95982360839844,128.81478510876158,127.45023142834167,1.3645536804199168,0.01,19.224376106180173,12.309775834597048,10.985885463835132,0.8158173833134219,0.5080729874484935,1.3238903707619154,125.46948257815656,0.0,10.985885463835132,211.19679401618419,1.0,0.08755822721267606,True,0.0,False,True,FILTERED (IV rank top-tercile),1pct
call,2013-10-01,2013-11-07,136.4553680419922,140.95982360839844,146.23148219321146,147.5960358736314,1.364553680419931,0.01,18.955637601484014,10.510248100297837,9.207075283881691,0.7829645094617976,0.5202083069543478,1.3031728164161454,127.2482927581114,0.0,9.207075283881691,174.5259824508419,1.0,0.07235519694856409,True,0.0,False,True,FILTERED (IV rank top-tercile),1pct
put,2013-12-05,2014-01-10,144.1911163330078,149.18692016601562,136.45650515808612,135.01459399475604,1.4419111633300759,0.01,18.240691021423263,12.859746581766984,11.532382318070317,0.8244289641204217,0.5029352995762459,1.3273642636966676,132.65873401493727,0.0,11.532382318070317,210.35862260484564,1.0,0.086932702951709,True,0.0,False,True,FILTERED (IV rank top-tercile),1pct
call,2013-12-05,2014-01-10,144.1911163330078,149.18692016601562,154.06782648907873,155.5097376524088,1.4419111633300759,0.01,17.999363298801786,11.06243579267474,9.753751061274476,0.7926228131085677,0.5160619182916965,1.3086847314002643,134.4373652717331,0.0,9.753751061274476,175.56130887795277,1.0,0.07255238185871608,True,0.0,False,True,FILTERED (IV rank top-tercile),1pct
put,2014-01-27,2014-03-05,144.22047424316406,152.11167907714844,135.14717132802093,133.7049665855893,1.4422047424316418,0.01,18.331036458142997,13.397567109300113,11.794499169018541,0.9690035590070367,0.634064381274535,1.6030679402815717,132.42597507414564,0.0,11.794499169018541,216.20539427281616,1.0,0.08906484669956005,True,0.0,False,True,FILTERED (IV rank top-tercile),1pct
call,2014-01-27,2014-03-05,144.22047424316406,152.11167907714844,155.79195230084696,157.2341570432786,1.4422047424316418,0.01,18.036068747290674,11.199510358525089,9.628761874915826,0.9253681212861964,0.645380362323067,1.5707484836092633,134.59171236824835,0.0,9.628761874915826,173.6650111272733,1.0,0.07154052582800303,True,0.0,False,True,FILTERED (IV rank top-tercile),1pct
put,2014-03-12,2014-04-17,151.73094177246094,151.67626953125,143.93205542686735,142.41474600914273,1.5173094177246185,0.01,17.43529011321871,13.38326459234569,12.054299205387139,0.831773500883598,0.4971918860749519,1.3289653869585498,139.6766425670747,0.0,12.054299205387139,210.1702037574665,1.0,0.0863014673308638,True,0.0,False,True,FILTERED (IV rank top-tercile),1pct
call,2014-03-12,2014-04-17,151.73094177246094,151.67626953125,161.71219044425675,163.22949986198137,1.5173094177246185,0.01,17.216467845043702,11.591138539454704,10.279001274784253,0.800957864078411,0.5111794005920406,1.3121372646704517,141.45194049767758,0.0,10.279001274784253,176.96809492648632,1.0,0.07266779966834755,True,0.0,False,True,FILTERED (IV rank top-tercile),1pct
put,2014-07-18,2014-08-22,161.65899658203125,162.86911010742188,154.87862491277457,153.26203494695426,1.6165899658203102,0.01,16.36514823497623,13.489893904297112,12.37556107060636,0.7257900906490922,0.3885427430416616,1.1143328336907539,149.28343551142467,0.0,12.37556107060636,202.52789141147417,1.0,0.08289976063459001,True,0.0,False,True,FILTERED (IV rank top-tercile),1pct
call,2014-07-18,2014-08-22,161.65899658203125,162.86911010742188,170.4362576332836,172.0528475991039,1.6165899658203102,0.01,16.206835433314094,12.023959155010466,10.91731963816841,0.7036192478586611,0.40302026898339505,1.1066395168420562,150.74167694386261,0.0,10.91731963816841,176.9352027486836,1.0,0.07242402936935687,True,0.0,False,True,FILTERED (IV rank top-tercile),1pct
put,2014-09-16,2014-10-23,163.92391967773438,160.13092041015625,156.4667293575837,154.82749016080635,1.6392391967773392,0.01,16.211390006250767,14.00590983961294,12.756449639121037,0.7998039732411144,0.4496562272507887,1.249460200491903,151.1674700386129,0.0,12.756449639121037,206.79978019488797,1.0,0.08438620846047527,True,0.0,False,True,FILTERED (IV rank top-tercile),1pct
call,2014-09-16,2014-10-23,163.92391967773438,160.13092041015625,173.59542561444604,175.23466481122338,1.6392391967773392,0.01,16.03624364335267,12.34347172461252,11.105412578659212,0.7733229695343125,0.464736176418995,1.2380591459533075,152.8185070990747,0.0,11.105412578659212,178.0891018713326,1.0,0.0726705998473038,True,0.0,False,True,FILTERED (IV rank top-tercile),1pct
put,2014-10-24,2014-11-28,161.36312866210938,170.2104949951172,152.2135615223455,150.5999302357244,1.6136312866210858,0.01,16.570821490697227,14.591022581059576,13.01003753288482,0.9728803063506264,0.6081047418241309,1.5809850481747572,148.35309112922377,0.0,13.01003753288482,215.5870095447053,1.0,0.08769643715446654,True,0.0,False,True,FILTERED (IV rank top-tercile),1pct
call,2014-10-24,2014-11-28,161.36312866210938,170.2104949951172,172.97530211453568,174.58893340115677,1.6136312866210858,0.01,16.336730279197788,12.440035333234079,10.884266081767235,0.9333850673988509,0.6223841840679922,1.555769251466843,150.47886258034134,0.0,10.884266081767235,177.81331926485225,1.0,0.07233086358528312,True,0.0,False,True,FILTERED (IV rank top-tercile),1pct
put,2014-12-09,2015-01-15,169.61082458496094,164.3931121826172,160.23316917853177,158.53706093268215,1.696108245849615,0.01,15.810923219534338,15.25150359404126,13.630015429888603,1.001387877001847,0.6201002871508099,1.6214881641526568,155.9808091550729,0.0,13.630015429888603,215.50312744303702,1.0,0.08738264344005243,True,0.0,False,True,FILTERED (IV rank top-tercile),1pct
call,2014-12-09,2015-01-15,169.61082458496094,164.3931121826172,181.61604560810082,183.31215385395043,1.696108245849615,0.01,15.593287356642042,13.049832497676483,11.452987762875011,0.9615452736216945,0.635299461179778,1.5968447348014725,158.1578368220865,0.0,11.452987762875011,178.58972927861495,1.0,0.0724149241858853,True,0.0,False,True,FILTERED (IV rank top-tercile),1pct
put,2015-01-16,2015-02-20,166.5490264892578,174.48699951171875,154.24921224635946,152.58372198146688,1.6654902648925827,0.01,16.2038392380333,16.090102134267603,13.864072136032101,1.314141275796099,0.9118887224394023,2.2260299982355014,152.68495435322617,0.0,13.864072136032101,224.65119607676112,1.0,0.09080182258140852,True,0.0,False,True,FILTERED (IV rank top-tercile),1pct
call,2015-01-16,2015-02-20,166.5490264892578,174.48699951171875,182.15330625310588,183.81879651799846,1.6654902648925827,0.01,15.88972287185902,13.010820955451052,10.845715968483006,1.2451877554271629,0.9199172315408843,2.165104986968047,155.70331052077526,0.0,10.845715968483006,172.33542108609103,1.0,0.06965629653093264,True,0.0,False,True,FILTERED (IV rank top-tercile),1pct
put,2015-03-09,2015-04-15,172.1079864501953,174.5937957763672,162.77749521832246,161.0564153538205,1.7210798645019452,0.01,15.677479059469077,15.39843175496145,13.790301742444028,0.996545403195731,0.6115846093216915,1.6081300125174225,158.3176847077505,0.0,13.790301742444028,216.19716679092616,1.0,0.08710525149417449,True,0.0,False,True,FILTERED (IV rank top-tercile),1pct
call,2015-03-09,2015-04-15,172.1079864501953,174.5937957763672,184.06379335791584,185.7848732224178,1.7210798645019452,0.01,15.466807466675037,13.218667882704516,11.633874898914149,0.9576298404289918,0.6271631433613756,1.5847929837903674,160.47411155128037,0.0,11.633874898914149,179.93890315288866,1.0,0.0724968955207238,True,0.0,False,True,FILTERED (IV rank top-tercile),1pct
put,2015-05-07,2015-06-12,173.29949951171875,174.24526977539062,163.97169517595455,162.23870018083736,1.7329949951171955,0.01,15.6176178290753,15.469387071324192,13.867700411556205,0.9942106682755469,0.6074759914924399,1.6016866597679869,159.43179910016335,0.0,13.867700411556205,216.58044519579508,1.0,0.0869820229704853,True,0.0,False,True,FILTERED (IV rank top-tercile),1pct
call,2015-05-07,2015-06-12,173.29949951171875,174.24526977539062,185.20870378822727,186.94169878334446,1.7329949951171955,0.01,15.410124407446373,13.299952224834044,11.720991622121401,0.9557297041667467,0.6232308985458956,1.5789606027126424,161.57850788959814,0.0,11.720991622121401,180.62193907552745,1.0,0.07254053633253013,True,0.0,False,True,FILTERED (IV rank top-tercile),1pct
put,2015-06-16,2015-07-23,174.44444274902344,175.23460388183594,165.14941900467988,163.40497457718965,1.7444444274902366,0.01,15.562818105996614,15.53829118713086,13.940802674273295,0.9929728962679185,0.6045156165896459,1.5974885128575644,160.50364007475036,0.0,13.940802674273295,216.95817627130646,1.0,0.08685661376764248,True,0.0,False,True,FILTERED (IV rank top-tercile),1pct
call,2015-06-16,2015-07-23,174.44444274902344,175.23460388183594,186.3652920690597,188.10973649654994,1.7444444274902366,0.01,15.358078050777983,13.376359990957276,11.801112797516161,0.954828096607524,0.620419096833591,1.575247193441115,162.6433299515075,0.0,11.801112797516161,181.24241143028812,1.0,0.07255823402677929,True,0.0,False,True,FILTERED (IV rank top-tercile),1pct
put,2015-07-28,2015-09-03,174.5259552001953,163.037109375,166.12020023950123,164.37494068749928,1.7452595520019543,0.01,15.5830611245206,15.140986901976028,13.719747256580566,0.8998821589724315,0.5213574864230297,1.4212396453954612,160.80620794361488,174.52595520019543,-160.80620794361485,-2505.8529675877203,-11.720785006916614,-0.9999999999999998,False,160.80620794361485,True,False,FILTERED (IV rank top-tercile),1pct
call,2015-07-28,2015-09-03,174.5259552001953,163.037109375,185.3766471092444,187.12190666124636,1.7452595520019543,0.01,15.402184095531695,13.23728213998372,11.831304101025006,0.8684550462291551,0.5375229927295583,1.4059780389587133,162.69465109917041,0.0,11.831304101025006,182.22792385420627,1.0,0.07272091627531899,True,0.0,False,True,FILTERED (IV rank top-tercile),1pct
put,2015-09-04,2015-10-09,160.56922912597656,168.72877502441406,144.95481026284622,143.34911797158645,1.6056922912597713,0.01,16.73940943468301,16.624981232693514,13.647650063733286,1.696477849888789,1.28085331907144,2.977331168960229,146.92157906224384,0.0,13.647650063733286,228.45360223810917,1.0,0.09289071183989529,True,0.0,False,True,FILTERED (IV rank top-tercile),1pct
call,2015-09-04,2015-10-09,160.56922912597656,168.72877502441406,180.74175743761322,182.347449728873,1.6056922912597713,0.01,16.293640960066234,12.47497556021706,9.628105976111579,1.5793719865554556,1.2674975975500269,2.8468695841054825,150.94112314986555,0.0,9.628105976111579,156.8769019002301,1.0,0.06378716267105075,True,0.0,False,True,FILTERED (IV rank top-tercile),1pct
put,2015-10-12,2015-11-18,168.88796997070312,174.93043518066406,159.038177177209,157.34929747750198,1.6888796997070301,0.01,15.894894217421214,15.393668481006095,13.675419132093042,1.0515455304691057,0.6667038184439478,1.7182493489130535,155.21255083860996,0.0,13.675419132093042,217.36934048351713,1.0,0.08810768883189572,True,0.0,False,True,FILTERED (IV rank top-tercile),1pct
call,2015-10-12,2015-11-18,168.88796997070312,174.93043518066406,181.47187880273233,183.16075850243936,1.6888796997070301,0.01,15.661425618112391,13.050407238302597,11.361628694169463,1.0075193625453505,0.6812591815877844,1.6887785441331349,157.52634127653354,0.0,11.361628694169463,177.93930269434645,1.0,0.07212526236627567,True,0.0,False,True,FILTERED (IV rank top-tercile),1pct
put,2015-11-19,2015-12-24,174.77960205078125,173.4002227783203,164.317482457655,162.56968643714717,1.7477960205078205,0.01,15.412720211861165,16.023040982201486,14.198392787365005,1.1126121096957597,0.7120360851407215,1.8246481948364812,160.58120926341704,0.0,14.198392787365005,218.8358554897644,1.0,0.08841876862487687,True,0.0,False,True,FILTERED (IV rank top-tercile),1pct
call,2015-11-19,2015-12-24,174.77960205078125,173.4002227783203,188.03896689336494,189.78676291387276,1.7477960205078205,0.01,15.180145694328397,13.529944938154337,11.738133312831694,1.0650301243882498,0.7267815009343925,1.7918116253226424,163.04146873795037,0.0,11.738133312831694,178.18657386823477,1.0,0.0719947716595825,True,0.0,False,True,FILTERED (IV rank top-tercile),1pct
put,2015-12-29,2016-02-04,174.8502655029297,161.52996826171875,164.71079572257975,162.96229306755046,1.7485026550292844,0.01,15.45042943872859,15.914151846782332,14.147049576597842,1.0824780331770256,0.684624237007464,1.7671022701844896,160.70321592633059,174.85026550292844,-160.70321592633059,-2482.933698246535,-11.359486305340095,-1.0,False,160.70321592633059,True,False,FILTERED (IV rank top-tercile),1pct
call,2015-12-29,2016-02-04,174.8502655029297,161.52996826171875,187.80668317549456,189.55518583052384,1.7485026550292844,0.01,15.225053398981816,13.505338400562295,11.768164364775268,1.037403747900545,0.6997702878864809,1.7371740357870258,163.08210113815318,0.0,11.768164364775268,179.17093086169837,1.0,0.07216098077376376,True,0.0,False,True,FILTERED (IV rank top-tercile),1pct
put,2016-02-05,2016-03-11,158.45274353027344,170.9384765625,145.41755927907397,143.83303184377124,1.584527435302732,0.01,16.790318832970858,15.72439333259279,13.3180104057526,1.3997463800775045,1.0066365467626848,2.4063829268401893,145.1347331245206,0.0,13.3180104057526,223.61364093340976,1.0,0.09176308192420216,True,0.0,False,True,FILTERED (IV rank top-tercile),1pct
call,2016-02-05,2016-03-11,158.45274353027344,170.9384765625,175.06813112705063,176.65265856235337,1.584527435302732,0.01,16.421197677919896,12.382136077166273,10.055623497094274,1.318032991000584,1.0084795890714149,2.3265125800719986,148.39712003317894,0.0,10.055623497094274,165.12538122052123,1.0,0.06776158118733043,True,0.0,False,True,FILTERED (IV rank top-tercile),1pct
put,2016-06-14,2016-07-21,176.2943572998047,184.2216644287109,163.23663802736422,161.47369445436618,1.76294357299804,0.01,15.126359155816512,17.05338589638359,14.680237328185724,1.3997416078037284,0.9734069603941353,2.3731485681978635,161.61411997161827,0.0,14.680237328185724,222.05854231876145,1.0,0.09083511595870325,True,0.0,False,True,FILTERED (IV rank top-tercile),1pct
call,2016-06-14,2016-07-21,176.2943572998047,184.2216644287109,192.96187034660812,194.72481391960616,1.76294357299804,0.01,14.831120450155506,13.770493263253414,11.463033088133662,1.3258612533505465,0.9815989217692056,2.3074601751197523,164.83132421167033,0.0,11.463033088133662,170.00962445422837,1.0,0.06954402109524556,True,0.0,False,True,FILTERED (IV rank top-tercile),1pct
put,2016-09-15,2016-10-21,183.3783416748047,183.19171142578125,172.72424173293422,170.89045831618617,1.833783416748048,0.01,14.551309133082395,16.69155474648587,14.838551594909093,1.1351460101194644,0.717857141457312,1.8530031515767764,168.5397900798957,0.0,14.838551594909093,215.92035134471502,1.0,0.08804183028752396,True,0.0,False,True,FILTERED (IV rank top-tercile),1pct
call,2016-09-15,2016-10-21,183.3783416748047,183.19171142578125,196.9409210862674,198.77470450301544,1.833783416748048,0.01,14.339056133783904,14.165384584825524,12.343751685359145,1.0878837570435118,0.7337491424228682,1.82163289946638,171.03458998944566,0.0,12.343751685359145,176.99774831785444,1.0,0.07217108355754741,True,0.0,False,True,FILTERED (IV rank top-tercile),1pct
put,2016-11-01,2016-12-08,180.64903259277344,192.7545318603516,168.53334408295285,166.7268537570251,1.80649032592774,0.01,14.842516057270121,17.050609247823623,14.886506941638594,1.2951837686903112,0.8689185374947173,2.164102306185028,165.7625256511354,0.0,14.886506941638594,220.95321831793393,1.0,0.08980622660738656,True,0.0,False,True,FILTERED (IV rank top-tercile),1pct
call,2016-11-01,2016-12-08,180.64903259277344,192.7545318603516,196.09393380895807,197.9004241348858,1.80649032592774,0.01,14.58477766267841,14.071673487130631,11.95719473456141,1.233135294873744,0.8813434576954771,2.1144787525692212,168.6918378582126,0.0,11.95719473456141,174.39302667292716,1.0,0.0708818807499837,True,0.0,False,True,FILTERED (IV rank top-tercile),1pct
put,2017-04-11,2017-05-18,203.30535888671875,204.78439331054688,192.2760129497498,190.24295936088262,2.033053588867176,0.01,13.198179477618822,18.192841826942008,16.29169705888514,1.1779829068652103,0.7231618611916568,1.9011447680568672,187.01366182783246,0.0,16.29169705888514,215.0207417781608,1.0,0.08711501020649239,True,0.0,False,True,FILTERED (IV rank top-tercile),1pct
call,2017-04-11,2017-05-18,203.30535888671875,204.78439331054688,217.43755356355717,219.47060715242435,2.033053588867176,0.01,13.020675449865442,15.615748705695154,13.742238058300632,1.131952182518453,0.7415584648760687,1.8735106473945218,189.56312082841697,0.0,13.742238058300632,178.9332217119216,1.0,0.07249425942264064,True,0.0,False,True,FILTERED (IV rank top-tercile),1pct
put,2017-05-19,2017-06-23,206.11639404296875,211.31069946289065,197.48658874071074,195.42542480028106,2.0611639404296795,0.01,13.008717409741388,17.1912209622457,15.77334369843204,0.9238288939349026,0.4940483698787579,1.4178772638136605,190.34305034453592,0.0,15.77334369843204,205.1909707796275,1.0,0.08286797794761114,True,0.0,False,True,FILTERED (IV rank top-tercile),1pct
call,2017-05-19,2017-06-23,206.11639404296875,211.31069946289065,217.28971613709058,219.35088007752026,2.0611639404296795,0.01,12.88316013306359,15.326438169055479,13.918289908137979,0.895654607571944,0.5124936533455554,1.4081482609174993,192.19810413482998,0.0,13.918289908137979,179.3115576649445,1.0,0.07241637460884671,True,0.0,False,True,FILTERED (IV rank top-tercile),1pct
put,2017-08-11,2017-09-15,212.17112731933597,217.6524200439453,200.59953155830397,198.4778202851106,2.1217112731933696,0.01,12.726878350739224,18.994983612822836,17.0086581766293,1.230600013257055,0.7557254229364818,1.9863254361935367,195.16246914270766,0.0,17.0086581766293,216.4671235232671,1.0,0.08715127581313876,True,0.0,False,True,FILTERED (IV rank top-tercile),1pct
call,2017-08-11,2017-09-15,212.17112731933597,217.6524200439453,226.87804903593744,228.9997603091308,2.1217112731933696,0.01,12.555463798504475,16.301578951589235,14.344185736741426,1.1824663443187722,0.7749268705290357,1.957393214847808,197.82694158259554,0.0,14.344185736741426,180.09790473668122,1.0,0.07250875751295244,True,0.0,False,True,FILTERED (IV rank top-tercile),1pct
put,2017-11-16,2017-12-22,225.888916015625,234.8481292724609,216.55237820249533,214.29348904233908,2.258889160156258,0.01,11.942815127144325,18.785571244181476,17.24963981089196,1.002785357197028,0.5331460760924889,1.5359314332895169,208.63927620473382,0.0,17.24963981089196,206.00925927131146,1.0,0.08267685799468175,True,0.0,False,True,FILTERED (IV rank top-tercile),1pct
call,2017-11-16,2017-12-22,225.888916015625,234.8481292724609,238.0533971866341,240.31228634679036,2.258889160156258,0.01,11.829041910690984,16.768676513087044,15.242920947984237,0.9724862389649924,0.5532693261378147,1.525755565102807,210.64599506764154,0.0,15.242920947984237,180.30915073505508,1.0,0.07236273798174758,True,0.0,False,True,FILTERED (IV rank top-tercile),1pct
put,2018-01-17,2018-02-23,245.47073364257807,241.16905212402344,235.0650144840816,232.61030714765582,2.45470733642577,0.01,11.029215000099416,20.572665619618924,18.848379091329637,1.1193015843898813,0.6049849438994059,1.7242865282892872,226.62235455124735,0.0,18.848379091329637,207.88282540165304,1.0,0.08317087309701987,True,0.0,False,True,FILTERED (IV rank top-tercile),1pct
call,2018-01-17,2018-02-23,245.47073364257807,241.16905212402344,259.05866048482284,261.5133678212486,2.45470733642577,0.01,10.920288430012459,18.29958450189242,16.58788973296663,1.0845921907365497,0.627102578189237,1.7116947689257866,228.88284390961036,0.0,16.58788973296663,181.14454032923794,1.0,0.07247327693777461,True,0.0,False,True,FILTERED (IV rank top-tercile),1pct
put,2018-02-26,2018-04-04,243.96954345703125,232.30714416503903,230.0741922414957,227.63449680692537,2.439695434570325,0.01,11.17910354838722,22.10418572217172,19.689733485078392,1.4835284400738113,0.9309237970195172,2.414452237093329,224.2798099719541,0.0,19.689733485078392,220.1135694698385,1.0,0.0877909317273836,True,0.0,False,True,FILTERED (IV rank top-tercile),1pct
call,2018-02-26,2018-04-04,243.96954345703125,232.30714416503903,261.73664967221436,264.17634510678465,2.4396954345702966,0.01,11.019556427784334,18.817662985924244,16.442488632264148,1.4228079641541047,0.9523663895059931,2.375174353660098,227.52705482476551,0.0,16.442488632264148,181.18893129643723,1.0,0.07226608125757905,True,0.0,False,True,FILTERED (IV rank top-tercile),1pct
put,2018-04-05,2018-05-11,234.14047241210935,240.4954833984375,218.30638930832598,215.96498458420487,2.341404724121105,0.01,11.70824592224669,22.137886023348585,19.311258351516685,1.690037411207812,1.1365902606240874,2.8266276718318997,214.8292140605938,0.0,19.311258351516685,226.10096184759755,1.0,0.08989121165834472,True,0.0,False,True,FILTERED (IV rank top-tercile),1pct
call,2018-04-05,2018-05-11,234.14047241210935,240.4954833984375,254.2601018511166,256.6015065752377,2.341404724121105,0.01,11.50331588672971,18.245081741482494,15.48410460723767,1.6085520888909466,1.1524250453538776,2.760977134244824,218.65636780487284,0.0,15.48410460723767,178.1185465202218,1.0,0.07081478926356062,True,0.0,False,True,FILTERED (IV rank top-tercile),1pct
put,2018-05-14,2018-06-20,240.61016845703125,244.33775329589844,229.48301009082022,227.0769084062499,2.4061016845703023,0.01,11.375177793344298,20.649222866832417,18.779995292774228,1.1927290728645012,0.6764985011936897,1.869227574058191,221.83017316425602,0.0,18.779995292774228,213.62578541347582,1.0,0.0846593365766722,True,0.0,False,True,FILTERED (IV rank top-tercile),1pct
call,2018-05-14,2018-06-20,240.61016845703125,244.33775329589844,255.02081601544066,257.42691770001096,2.4061016845703023,0.01,11.249706951126688,18.157194338772342,16.30586696417719,1.1526286165322308,0.6986987580629211,1.851327374595152,224.30430149285306,0.0,16.30586696417719,183.43622493105119,1.0,0.07269529320505136,True,0.0,False,True,FILTERED (IV rank top-tercile),1pct
put,2018-06-22,2018-07-27,243.248779296875,249.16314697265625,231.5192372439802,229.08674945101146,2.432487792968743,0.01,11.293654261643034,21.086460514922578,19.114159869415843,1.249731079189903,0.722569566316833,1.972300645506736,224.1346194274585,0.0,19.114159869415843,215.8687130669545,1.0,0.08527981941496623,True,0.0,False,True,FILTERED (IV rank top-tercile),1pct
call,2018-06-22,2018-07-27,243.248779296875,249.16314697265625,258.2568881801186,260.68937597308735,2.432487792968743,0.01,11.163146012882512,18.445149141318318,16.493803866338645,1.2062370017563162,0.7451082732233549,1.9513452749796711,226.75497543053567,0.0,16.493803866338645,184.12274086778442,1.0,0.0727384430485909,True,0.0,False,True,FILTERED (IV rank top-tercile),1pct
put,2018-07-31,2018-09-06,249.0833740234375,255.1305389404297,237.6582174784632,235.16738373822884,2.4908337402343648,0.01,11.05625789115384,21.329451966808044,19.412652342002566,1.2250179619878399,0.6917816628176365,1.9167996248054764,229.6707216814339,0.0,19.412652342002566,214.63129064449194,1.0,0.08452384439723666,True,0.0,False,True,FILTERED (IV rank top-tercile),1pct
call,2018-07-31,2018-09-06,249.0833740234375,255.1305389404297,263.89035555076856,266.38118929100295,2.490833740234393,0.01,10.93555595141126,18.776523345339236,16.87764619031088,1.1841451193309205,0.7147320356974352,1.8988771550283556,232.20572783312844,0.0,16.87764619031088,184.56644424226772,1.0,0.07268402182757429,True,0.0,False,True,FILTERED (IV rank top-tercile),1pct
put,2018-09-07,2018-10-12,254.6346893310547,245.4260711669922,241.32767552278796,238.7813286294774,2.546346893310556,0.01,10.86926485079501,22.546024592956115,20.278206291747797,1.4157344580161157,0.8520838431922029,2.267818301208319,234.35648303930782,0.0,20.278206291747797,220.40919488406456,1.0,0.08652718298536081,True,0.0,False,True,FILTERED (IV rank top-tercile),1pct
call,2018-09-07,2018-10-12,254.6346893310547,245.4260711669922,271.58019781176324,274.1265447050738,2.546346893310556,0.01,10.730390484075784,19.48318151166326,17.245128584377404,1.36256623253872,0.8754866947471351,2.238052927285855,237.38956074667817,0.0,17.245128584377404,185.04696365846658,1.0,0.0726448481143614,True,0.0,False,True,FILTERED (IV rank top-tercile),1pct
put,2018-10-15,2018-11-21,244.0474853515625,235.7051239013672,225.27320636059576,222.83273150708013,2.4404748535156386,0.01,11.42570132331,23.829759942456263,20.39453534729705,2.015484296860315,1.4197402982988994,3.435224595159214,223.6529500042668,0.0,20.39453534729705,233.02186950590448,1.0,0.09118831362120629,True,0.0,False,True,FILTERED (IV rank top-tercile),1pct
call,2018-10-15,2018-11-21,244.0474853515625,235.7051239013672,268.0394195258065,270.47989437932216,2.4404748535156386,0.01,11.192611592250026,19.07026895298216,15.736890834432826,1.9050674211869456,1.4283106973623894,3.333378118549335,228.31059451713105,0.0,15.736890834432826,176.13690677944604,1.0,0.06892755400911553,True,0.0,False,True,FILTERED (IV rank top-tercile),1pct
put,2018-11-23,2018-12-28,234.1308441162109,221.63217163085935,216.37521211860005,214.03390367743793,2.341308441162113,0.01,11.94631595394164,22.768524030207615,19.53958500039984,1.8990760652814909,1.329862964526285,3.228939029807776,214.59125911581145,0.0,19.53958500039984,233.4260560236754,1.0,0.0910548970210135,True,0.0,False,True,FILTERED (IV rank top-tercile),1pct
call,2018-11-23,2018-12-28,234.1308441162109,221.63217163085935,256.6766629440855,259.01797138524756,2.3413084411620844,0.01,11.707417984915283,18.29686669890158,15.160701796634147,1.7967932848699908,1.3393716173974446,3.1361649022674354,218.97014231957428,0.0,15.160701796634147,177.49267287785204,1.0,0.06923638828579641,True,0.0,False,True,FILTERED (IV rank top-tercile),1pct
put,2018-12-31,2019-02-06,223.57334899902344,243.9876708984375,203.13189136109457,200.89615787110435,2.235733489990224,0.01,12.567349217737682,22.794385950203022,18.93247267962964,2.215886459664229,1.6460268109091514,3.8619132705733805,204.64087631939276,0.0,18.93247267962964,237.9309957201836,1.0,0.09251559620024706,True,0.0,False,True,FILTERED (IV rank top-tercile),1pct
call,2018-12-31,2019-02-06,223.57334899902344,243.9876708984375,249.95906816673897,252.1948016567292,2.235733489990224,0.01,12.25457342978196,17.417507588290704,13.709385013175812,2.071780132411083,1.6363424427038087,3.7081225751148916,209.86396398584662,0.0,13.709385013175812,168.0026653211153,1.0,0.06532510276085504,True,0.0,False,True,FILTERED (IV rank top-tercile),1pct
put,2019-05-08,2019-06-14,258.3515014648437,259.9059753417969,240.23863884626002,237.65512383161158,2.583515014648441,0.01,10.887638531820079,24.653865340279424,21.393595247579366,1.9383083631035247,1.3219617295965325,3.260270092700057,236.95790621726474,0.0,21.393595247579366,232.92573195170803,1.0,0.0902843698659447,True,0.0,False,True,FILTERED (IV rank top-tercile),1pct
call,2019-05-08,2019-06-14,258.3515014648437,259.9059753417969,281.4480317851767,284.0315467998251,2.5835150146484125,0.01,10.688399909391908,20.155369654698774,16.976548055441953,1.8413529203121448,1.3374686789446755,3.1788215992568203,241.37495340939932,0.0,16.976548055441953,181.45213469757314,1.0,0.07033268288879915,True,0.0,False,True,FILTERED (IV rank top-tercile),1pct
put,2019-08-02,2019-09-06,264.2038269042969,269.1064758300781,247.80395581871701,245.16191754967406,2.6420382690429562,0.01,10.666895794020506,24.443558384670183,21.56532761996387,1.744659862161535,1.1335709025447782,2.8782307647063132,242.63849928433174,0.0,21.56532761996387,230.03510248606688,1.0,0.08887842483188504,True,0.0,False,True,FILTERED (IV rank top-tercile),1pct
call,2019-08-02,2019-09-06,264.2038269042969,269.1064758300781,284.9767607623355,287.6187990313785,2.6420382690429847,0.01,10.49871435004518,20.50069673554269,17.678442825023268,1.667385664454002,1.1548682460654214,2.8222539105194233,246.5253840792752,0.0,17.678442825023268,185.60092137352504,1.0,0.07171043619320926,True,0.0,False,True,FILTERED (IV rank top-tercile),1pct
put,2019-10-02,2019-11-08,261.28765869140625,280.2270202636719,241.87847850331443,239.26560191640036,2.6128765869140693,0.01,10.840309121818052,25.293129001830295,21.76383342200251,2.0808119024367744,1.4484836773910104,3.5292955798277847,239.52382526940443,0.0,21.76383342200251,235.9266819702624,1.0,0.09086291686233566,True,0.0,False,True,FILTERED (IV rank top-tercile),1pct
call,2019-10-02,2019-11-08,261.28765869140625,280.2270202636719,286.0643445086812,288.67722109559526,2.6128765869140693,0.01,10.628007615966116,20.41027091000487,16.979186042213456,1.9706708202707701,1.4604140475206417,3.431084867791412,244.30847264919348,0.0,16.979186042213456,180.4549185695502,1.0,0.06949896521433437,True,0.0,False,True,FILTERED (IV rank top-tercile),1pct
put,2020-01-28,2020-03-05,297.9665832519531,275.6981811523437,280.4679021603453,277.4882363278258,2.9796658325195153,0.01,9.513091991791603,27.206341529563005,24.150252849694674,1.8681236090537068,1.1879650708146228,3.0560886798683295,273.8163304022569,297.96658325195153,-273.8163304022569,-2604.8399399714735,-11.338031618402649,-1.0,False,273.8163304022569,True,False,FILTERED (IV rank top-tercile),1pct
call,2020-01-28,2020-03-05,297.9665832519531,275.6981811523437,320.3177198888034,323.29738572132294,2.9796658325195153,0.01,9.372184353653786,23.036383107476155,20.03351645776652,1.7893881136982759,1.2134785360113587,3.0028666497096346,277.93306679418504,0.0,20.03351645776652,187.757809494145,1.0,0.07208036340850993,True,0.0,False,True,FILTERED (IV rank top-tercile),1pct
put,2020-03-06,2020-04-09,271.1405334472656,255.07579040527344,232.98604085957078,230.27463552509812,2.7114053344726585,0.01,10.31252292052391,31.13428137764238,23.238219235289435,4.337209588397006,3.558852553955938,7.896062142352944,247.9023142119764,0.0,23.238219235289435,239.64466849608192,1.0,0.09373942034046076,True,0.0,False,True,FILTERED (IV rank top-tercile),1pct
call,2020-03-06,2020-04-09,271.1405334472656,255.07579040527344,323.45642486138246,326.1678301958551,2.7114053344726585,0.01,9.898264068561142,20.15812317621588,12.863094125165443,3.8994910652279335,3.3955379858225054,7.295029051050439,258.2774393221004,0.0,12.863094125165443,127.32230238964502,1.0,0.04980339807815637,True,0.0,False,True,FILTERED (IV rank top-tercile),1pct
put,2020-04-13,2020-05-20,252.74696350097656,272.2490234375,216.49254073004562,213.96507109503585,2.5274696350097656,0.01,11.094007053532126,29.207009709339005,21.645827147961327,4.145678902055594,3.4155036593220833,7.561182561377677,231.10113635301525,0.0,21.645827147961327,240.13895905902015,1.0,0.09366387153932706,True,0.0,False,True,FILTERED (IV rank top-tercile),1pct
call,2020-04-13,2020-05-20,252.74696350097656,272.2490234375,302.9375739412494,305.4650435762592,2.5274696350097656,0.01,10.637969546927627,18.706646103511915,11.738787507456472,3.7177623743216204,3.2500962217338225,6.967858596055443,241.0081759935201,0.0,11.738787507456472,124.8768640221764,1.0,0.04870700945752184,True,0.0,False,True,FILTERED (IV rank top-tercile),1pct
put,2020-05-21,2020-06-26,270.3694152832031,276.3202209472656,242.1788604431339,239.47516629030187,2.7036941528320426,0.01,10.396193599603619,28.513549215374212,23.05409467015831,3.0861466378001357,2.373307907415767,5.459454545215903,247.31532061304594,0.0,23.05409467015831,239.67483145455572,1.0,0.09321741416185521,True,0.0,False,True,FILTERED (IV rank top-tercile),1pct
call,2020-05-21,2020-06-26,270.3694152832031,276.3202209472656,307.163253968817,309.86694812164905,2.7036941528320426,0.01,10.096311622522371,20.90032248369802,15.708302456051337,2.8572640448695674,2.3347559827771147,5.192020027646683,254.66111282715295,0.0,15.708302456051337,158.59591665712782,1.0,0.061683161129956615,True,0.0,False,True,FILTERED (IV rank top-tercile),1pct
put,2020-06-29,2020-08-05,280.3815612792969,305.8447570800781,248.6784238471265,245.87460823433355,2.8038156127929597,0.01,10.058544939001782,30.225668849321963,23.97237050229961,3.5044700341277046,2.7488283128946467,6.253298347022351,256.40919077699635,0.0,23.97237050229961,241.12716599178137,1.0,0.09349263351152186,True,0.0,False,True,FILTERED (IV rank top-tercile),1pct
call,2020-06-29,2020-08-05,280.3815612792969,305.8447570800781,322.3066821713479,325.1104977841409,2.8038156127929597,0.01,9.740509816413475,21.50648513689397,15.600413596705431,3.2218668343054535,2.6842047058830865,5.90607154018854,264.78114768259053,0.0,15.600413596705431,151.9559817788195,1.0,0.05891814327886594,True,0.0,False,True,FILTERED (IV rank top-tercile),1pct
put,2020-09-04,2020-10-09,315.47760009765625,320.6976928710937,281.71774203894324,278.5629660379667,3.1547760009765398,0.01,8.965491618449919,33.49587277665762,26.930675817981076,3.7012968890465014,2.863900069630043,6.565196958676545,288.5469242796729,0.0,26.930675817981076,241.44674832530126,1.0,0.09333204949320004,True,0.0,False,True,FILTERED (IV rank top-tercile),1pct
call,2020-09-04,2020-10-09,315.47760009765625,320.6976928710937,359.5908590256923,362.7456350266688,3.1547760009765398,0.01,8.69949126938619,24.338900029558275,18.107909037381333,3.4197317464579546,2.811259245718989,6.2309909921769435,297.36969106027266,0.0,18.107909037381333,157.5295965775382,1.0,0.06089359333433586,True,0.0,False,True,FILTERED (IV rank top-tercile),1pct
put,2020-10-20,2020-11-25,317.4893493652344,335.3157043457031,284.5769760748425,281.40208258119014,3.1748934936523483,0.01,8.935022189890924,33.43166839109237,27.065385897870907,3.6010371014993936,2.765245391722071,6.3662824932214646,290.42396346736393,0.0,27.065385897870907,241.82982357543744,1.0,0.09319267451190318,True,0.0,False,True,FILTERED (IV rank top-tercile),1pct
call,2020-10-20,2020-11-25,317.4893493652344,335.3157043457031,360.41555899218986,363.5904524858422,3.1748934936523483,0.01,8.678963159646564,24.55410548898911,18.496887901365454,3.3355351124241928,2.7216824751994606,6.057217587623653,298.9924614638694,0.0,18.496887901365454,160.53380866406303,1.0,0.06186406108971627,True,0.0,False,True,FILTERED (IV rank top-tercile),1pct
put,2021-01-28,2021-03-05,350.64520263671875,356.2164611816406,313.2888811404809,309.7824291141137,3.5064520263671852,0.01,8.116074487634002,37.19161967639337,29.924657911828767,4.098376128237224,3.168585636327381,7.266961764564606,320.72054472488975,0.0,29.924657911828767,242.87075262936844,1.0,0.09330446210578054,True,0.0,False,True,FILTERED (IV rank top-tercile),1pct
call,2021-01-28,2021-03-05,350.64520263671875,356.2164611816406,399.53533617780414,403.0417882041713,3.5064520263671852,0.01,7.876229840950054,27.057123995847476,20.15816972050073,3.787691187621478,3.111263087725269,6.898954275346747,330.4870329162178,0.0,20.15816972050073,158.77037789154366,1.0,0.060995342366764065,True,0.0,False,True,FILTERED (IV rank top-tercile),1pct
put,2021-05-13,2021-06-18,382.2098693847656,387.7970275878906,350.7078915649219,346.8857928710743,3.822098693847636,0.01,7.458349140066427,37.956206309123885,32.12909356190892,3.388008952471533,2.4391037947434357,5.827112747214969,350.08077582285466,0.0,32.12909356190892,239.62999733857714,1.0,0.09177622931847777,True,0.0,False,True,FILTERED (IV rank top-tercile),1pct
call,2021-05-13,2021-06-18,382.2098693847656,387.7970275878906,422.47887373813893,426.30097243198657,3.822098693847636,0.01,7.293783224386798,29.862994522737196,24.230399336599497,3.18958502460307,2.443010161534631,5.632595186137701,357.9794700481641,0.0,24.230399336599497,176.7312802014824,1.0,0.06768656128056572,True,0.0,False,True,FILTERED (IV rank top-tercile),1pct
put,2021-09-21,2021-10-28,406.5823059082031,429.7322998046875,370.91019475811294,366.8443716990309,4.065823059082049,0.01,7.036616891179738,41.0230884025939,34.33639294024393,3.8561363362074053,2.830559126142562,6.6866954623499675,372.245912967961,0.0,34.33639294024393,241.61204254550518,1.0,0.09224115495715127,True,0.0,False,True,FILTERED (IV rank top-tercile),1pct
call,2021-09-21,2021-10-28,406.5823059082031,429.7322998046875,452.48357692963936,456.5493999887214,4.065823059082049,0.01,6.86954845057299,31.72125927342897,25.28331694125232,3.6154869070061935,2.822455425170456,6.437942332176649,381.29898896695266,0.0,25.28331694125232,173.6849707191257,1.0,0.06630837655707404,True,0.0,False,True,FILTERED (IV rank top-tercile),1pct
put,2021-11-29,2022-01-05,435.62060546875,440.7076721191406,399.54320567785356,395.18699962316606,4.3562060546875045,0.01,6.585797496102923,43.3224107869151,36.63205158698295,3.886709734802518,2.8036494651296318,6.69035919993215,398.98855388176753,0.0,36.63205158698295,241.25127361866544,1.0,0.09181228692048682,True,0.0,False,True,FILTERED (IV rank top-tercile),1pct
call,2021-11-29,2022-01-05,435.62060546875,440.7076721191406,481.8768558390722,486.2330618937597,4.3562060546875045,0.01,6.439460109166177,34.02961134756879,27.56499605702969,3.6576777871141664,2.8069375034249333,6.4646152905391,408.0556094117208,0.0,27.56499605702969,177.50369251856563,1.0,0.06755205766382959,True,0.0,False,True,FILTERED (IV rank top-tercile),1pct
put,2022-01-14,2022-02-18,437.263916015625,408.5753173828125,407.6718565306301,403.29921737047385,4.372639160156268,0.01,6.570385147594894,41.3374293011703,36.06476874555494,3.1530481440723124,2.119612411543048,5.27266055561536,401.1991472700719,0.0,36.06476874555494,236.95942091723873,1.0,0.08989243619024326,True,0.0,False,True,FILTERED (IV rank top-tercile),1pct
call,2022-01-14,2022-02-18,437.263916015625,408.5753173828125,474.74255218149034,479.1151913416466,4.372639160156268,0.01,6.455503901394629,34.075531947281235,28.925084730661577,3.0011677576508466,2.1492794589688113,5.150447216619658,408.33883128496524,0.0,28.925084730661577,186.72599732695605,1.0,0.07083598843548579,True,0.0,False,True,FILTERED (IV rank top-tercile),1pct
put,2022-02-22,2022-03-31,404.190673828125,426.2769775390625,362.5282103767927,358.48630363851146,4.041906738281227,0.01,7.15222933491793,42.504819000036065,34.44489206115069,4.5612737069431475,3.498653231942228,8.059926938885376,369.745781766972,0.0,34.44489206115069,246.35776743784368,1.0,0.09315830973525259,True,0.0,False,True,FILTERED (IV rank top-tercile),1pct
call,2022-02-22,2022-03-31,404.190673828125,426.2769775390625,458.61373475237224,462.65564149065347,4.041906738281227,0.01,6.948349259819062,31.26714197493996,23.59572559940275,4.226547462455366,3.4448689130818444,7.67141637553721,380.59494822871994,0.0,23.59572559940275,163.95134250350378,1.0,0.061996949011584916,True,0.0,False,True,FILTERED (IV rank top-tercile),1pct
put,2022-04-01,2022-05-06,427.4849548339844,388.239990234375,397.8919566386442,393.6171070903044,4.27484954833983,0.01,6.764745688031874,40.641145209739804,35.347107921588005,3.1550329591976567,2.1390043289541416,5.294037288151799,392.137846912395,427.484954833983,-392.137846912395,-2652.712809014727,-11.093916022275177,-1.0,False,392.137846912395,True,False,FILTERED (IV rank top-tercile),1pct
call,2022-04-01,2022-05-06,427.4849548339844,388.239990234375,464.9746249576254,469.2494745059652,4.27484954833983,0.01,6.643242644678316,33.34081407482188,28.175016766354442,2.999658830168994,2.1661384782984405,5.165797308467434,399.30993806762854,0.0,28.175016766354442,187.17347289677238,1.0,0.07055926757721373,True,0.0,False,True,FILTERED (IV rank top-tercile),1pct
put,2022-05-09,2022-06-15,375.80963134765625,357.9049987792969,329.63137100327737,325.8732746898008,3.7580963134765852,0.01,7.5763315950744845,41.46429544544716,32.18660091101704,5.157150960283152,4.120543574146973,9.277694534430125,343.6230304366415,0.0,32.18660091101704,243.85636142019158,1.0,0.0936683460073021,True,0.0,False,True,FILTERED (IV rank top-tercile),1pct
call,2022-05-09,2022-06-15,375.80963134765625,357.9049987792969,437.7092121996268,441.4673085131034,3.7580963134765852,0.01,7.313604832934768,28.53746451020136,19.84262441167026,4.704138355643073,3.9907017428880254,8.694840098531099,355.9670069359883,0.0,19.84262441167026,145.12111379530103,1.0,0.05574287511212649,True,0.0,False,True,FILTERED (IV rank top-tercile),1pct
put,2022-06-16,2022-07-22,346.0596618652344,374.5134887695313,306.06196284697256,302.6013662283202,3.460596618652346,0.01,8.251444481449598,37.52600637680139,29.608211738292646,4.427972398964397,3.489822239544349,7.917794638508746,316.45145012694195,0.0,29.608211738292646,244.31051535352606,1.0,0.09356320448655094,True,0.0,False,True,FILTERED (IV rank top-tercile),1pct
call,2022-06-16,2022-07-22,346.0596618652344,374.5134887695313,399.0233049962646,402.48390161491693,3.460596618652346,0.01,7.984339894938299,26.48589104767005,19.021784450716474,4.06312693657267,3.4009796603809095,7.464106596953579,327.0378774145181,0.0,19.021784450716474,151.87639246277254,1.0,0.058163857352237225,True,0.0,False,True,FILTERED (IV rank top-tercile),1pct
put,2022-08-30,2022-10-06,377.4709167480469,355.2166748046875,341.9254634698238,338.15075430234333,3.7747091674804665,0.01,7.581733529088823,38.77536046407499,32.02151524847041,3.861614613603237,2.8922306020013444,6.753845215604581,345.44940149957625,0.0,32.02151524847041,242.77859581155712,1.0,0.09269524019861325,True,0.0,False,True,FILTERED (IV rank top-tercile),1pct
call,2022-08-30,2022-10-06,377.4709167480469,355.2166748046875,423.4694229273072,427.2441320947877,3.7747091674804665,0.01,7.386600957231879,29.36743935854267,22.895744064762713,3.6029406388717655,2.86875465490819,6.4716952937799554,354.57517268328394,0.0,22.895744064762713,169.12172502531237,1.0,0.06457232719227583,True,0.0,False,True,FILTERED (IV rank top-tercile),1pct
put,2022-10-07,2022-11-11,345.3083190917969,379.30712890625,307.66654438473296,304.21346119381496,3.4530831909179938,0.01,8.319337669460586,36.84558027307325,29.496721972182204,4.134998903858955,3.213859397032093,7.348858300891048,315.8115971196172,0.0,29.496721972182204,245.39319022878115,1.0,0.0933997428885108,True,0.0,False,True,FILTERED (IV rank top-tercile),1pct
call,2022-10-07,2022-11-11,345.3083190917969,379.30712890625,394.61843888153896,398.07152207245696,3.4530831909179938,0.01,8.067331313543304,26.595441958372845,19.63143608601523,3.8144459606584746,3.14955991169914,6.964005872357615,325.67688300578413,0.0,19.63143608601523,158.37329906653468,1.0,0.06027887489228571,True,0.0,False,True,FILTERED (IV rank top-tercile),1pct
put,2023-03-14,2023-04-20,374.5659790039063,395.3360595703125,342.5297718696403,338.78411207960124,3.745659790039042,0.01,7.683640644473792,37.55161648909464,31.575101619355415,3.4576526409832997,2.518862228755925,5.9765148697392245,342.9908773845488,0.0,31.575101619355415,242.61173415586953,1.0,0.09205813828090409,True,0.0,False,True,FILTERED (IV rank top-tercile),1pct
call,2023-03-14,2023-04-20,374.5659790039063,395.3360595703125,415.71873293032513,419.4643927203642,3.745659790039042,0.01,7.506463912674331,29.24290037364692,23.47941190459948,3.2472804891943152,2.5162079798531245,5.76348846904744,351.0865670993047,0.0,23.47941190459948,176.24735815269207,1.0,0.06687641768407031,True,0.0,False,True,FILTERED (IV rank top-tercile),1pct
put,2023-10-20,2023-11-24,407.20513916015625,440.1825866699219,376.0553475005215,371.98329610891994,4.072051391601576,0.01,7.084239591422288,39.68481414690501,34.01112251467787,3.332905992949886,2.340785639277254,5.67369163222714,373.19401664547973,0.0,34.01112251467787,240.94294066719496,1.0,0.09113522992783445,True,0.0,False,True,FILTERED (IV rank top-tercile),1pct
call,2023-10-20,2023-11-24,407.20513916015625,440.1825866699219,446.7716085431334,450.843659934735,4.072051391601576,0.01,6.941128244391386,31.82474803854838,26.316653179788,3.15185677986205,2.3562380788983317,5.508094858760382,380.88848598036964,0.0,26.316653179788,182.66726468407887,1.0,0.06909280313909073,True,0.0,False,True,FILTERED (IV rank top-tercile),1pct
put,2024-04-05,2024-05-10,504.8121948242188,507.1590270996094,476.3338055876879,471.2856836394457,5.048121948242169,0.01,5.714355993593228,45.58760882328201,40.67099762150729,3.02815071117839,1.8884604905963331,4.916611201774723,464.1411972027097,0.0,40.67099762150729,232.4085590238761,1.0,0.08762634703970176,True,0.0,False,True,FILTERED (IV rank top-tercile),1pct
call,2024-04-05,2024-05-10,504.8121948242188,507.1590270996094,540.9615490459238,546.009670994166,5.048121948242169,0.01,5.634131938969143,38.90122407947558,34.06211995214772,2.9058173646573815,1.933286762670483,4.8391041273278645,470.7500748720692,0.0,34.06211995214772,191.91047793139356,1.0,0.07235712062585316,True,0.0,False,True,FILTERED (IV rank top-tercile),1pct
put,2024-07-19,2024-08-23,536.2941284179688,549.1302490234375,505.0952815689958,499.73234028481613,5.362941284179669,0.01,5.398189441170019,48.811205144014025,43.396566773437584,3.3174592495883948,2.0971791209880464,5.414638370576441,492.89756164452933,0.0,43.396566773437584,234.26288853940045,1.0,0.08804378465303622,True,0.0,False,True,FILTERED (IV rank top-tercile),1pct
call,2024-07-19,2024-08-23,536.2941284179688,549.1302490234375,575.8605401268236,581.2234814110033,5.362941284179669,0.01,5.319506883334801,41.429085896915296,36.105958498743426,3.179427272797386,2.1437001253744814,5.323127398171867,500.18816991922347,0.0,36.105958498743426,192.06589476346633,1.0,0.07218475099995719,True,0.0,False,True,FILTERED (IV rank top-tercile),1pct
put,2024-08-26,2024-10-02,547.8212280273438,557.4091186523438,515.9119052386492,510.43369295837573,5.478212280273453,0.01,5.301767126897528,49.916428885589426,44.35117273730733,3.406583435210919,2.1586727130711747,5.565256148282094,503.47005529003803,0.0,44.35117273730733,235.13958965800984,1.0,0.08809098430244792,True,0.0,False,True,FILTERED (IV rank top-tercile),1pct
call,2024-08-26,2024-10-02,547.8212280273438,557.4091186523438,588.5896385100842,594.0678507903576,5.478212280273397,0.01,5.22401256861253,42.32755942983317,36.857490200240306,3.2641291076693557,2.205940121923511,5.470069229592866,510.96373782709935,0.0,36.857490200240306,192.5439920535685,1.0,0.07213327966673086,True,0.0,False,True,FILTERED (IV rank top-tercile),1pct
put,2024-10-03,2024-11-08,556.3899536132812,586.148681640625,515.6925213194064,510.1286217832736,5.563899536132794,0.01,5.249452486358575,53.63940825381803,46.27300958779155,4.353691936185977,3.0127067298405086,7.366398666026486,510.11694402548784,0.0,46.27300958779155,242.90796523192654,1.0,0.0907105912276451,True,0.0,False,True,FILTERED (IV rank top-tercile),1pct
call,2024-10-03,2024-11-08,556.3899536132812,586.148681640625,608.1646855078836,613.7285850440164,5.563899536132794,0.01,5.148658013153556,43.45427326964071,36.286529904222434,4.127050098579654,3.0406932668386233,7.167743365418278,520.103423709057,0.0,36.286529904222434,186.82693296091097,1.0,0.06976791201536278,True,0.0,False,True,FILTERED (IV rank top-tercile),1pct
put,2024-11-18,2024-12-24,576.3107299804688,591.1790771484375,544.3413309531372,538.5782236533325,5.7631072998046875,0.01,5.068882395294649,51.8433627414808,46.32617942039726,3.4066336948102904,2.1105496262732504,5.517183321083541,529.9845505600715,0.0,46.32617942039726,234.82195530531294,1.0,0.08741043370309788,True,0.0,False,True,FILTERED (IV rank top-tercile),1pct
call,2024-11-18,2024-12-24,576.3107299804688,591.1790771484375,617.0735866727406,622.8366939725453,5.7631072998046875,0.01,4.998999780879933,44.350467938754434,38.91735613254607,3.270936752338627,2.1621750538697415,5.433111806208368,537.3933738479227,0.0,38.91735613254607,194.5478547790241,1.0,0.07241874951654934,True,0.0,False,True,FILTERED (IV rank top-tercile),1pct
put,2024-12-30,2025-02-05,578.3192749023438,594.0499267578125,541.9779486699011,536.1947559208777,5.783192749023442,0.01,5.075068832947817,53.708200214626345,47.28869324451932,3.881105987736344,2.538400982370681,6.419506970107025,531.0305816578249,0.0,47.28869324451932,239.99337323609,1.0,0.08905079081677124,True,0.0,False,True,FILTERED (IV rank top-tercile),1pct
call,2024-12-30,2025-02-05,578.3192749023438,594.0499267578125,624.6673298508064,630.4505225998298,5.783192749023442,0.01,4.993518736576187,44.90672661569377,38.616332651722,3.7065310646820615,2.583862899289713,6.290393963971774,539.7029422506222,0.0,38.616332651722,192.83138063423257,1.0,0.0715510878830631,True,0.0,False,True,FILTERED (IV rank top-tercile),1pct
put,2025-02-10,2025-03-19,594.6693115234375,557.584228515625,560.7777765183582,554.8310834031239,5.946693115234325,0.01,4.945698264354398,53.88723386490568,47.9976172800479,3.618398715740212,2.27121786911757,5.889616584857782,546.6716942433846,319.3548002733223,-271.3571829932744,-1342.0507489499362,-5.653555288172081,-0.49638052573554875,False,271.3571829932744,False,False,FILTERED (IV rank top-tercile),1pct
call,2025-02-10,2025-03-19,594.6693115234375,557.584228515625,638.003217726978,643.9499108422124,5.946693115234325,0.01,4.875058034552059,45.86993772233825,40.076272788538645,3.470206688429034,2.3234582453705688,5.793664933799603,554.5930387348939,0.0,40.076272788538645,195.37415565266537,1.0,0.07226248796767872,True,0.0,False,True,FILTERED (IV rank top-tercile),1pct
put,2025-03-20,2025-04-25,555.9718017578125,543.0003662109375,516.667155687692,511.1074376701139,5.5597180175781205,0.01,5.257439532093525,53.14865617209321,46.07726066781439,4.200055954290582,2.871339549988239,7.071395504278821,509.8945410899977,0.0,46.07726066781439,242.2484117655455,1.0,0.09036625606800061,True,0.0,False,True,FILTERED (IV rank top-tercile),1pct
call,2025-03-20,2025-04-25,555.9718017578125,543.0003662109375,605.9392258035083,611.4989438210864,5.5597180175781205,0.01,5.160457919688634,43.38719730419598,36.49470122813896,3.988588004330973,2.903908071726047,6.89249607605702,519.4771005296732,0.0,36.49470122813896,188.3293699794202,1.0,0.0702527622313437,True,0.0,False,True,FILTERED (IV rank top-tercile),1pct
put,2025-04-28,2025-06-04,543.2074584960938,587.6619873046875,494.05147709885694,488.619402513896,5.432074584960958,0.01,5.408578842583501,55.23787548139154,45.96939440687464,5.324713980775853,3.9437670937410463,9.268481074516899,497.23806408922115,0.0,45.96939440687464,248.6290939953985,1.0,0.09244946782398017,True,0.0,False,True,FILTERED (IV rank top-tercile),1pct
call,2025-04-28,2025-06-04,543.2074584960938,587.6619873046875,606.6051326789105,612.0372072638714,5.432074584960901,0.01,5.275544682022972,42.336048143074834,33.430471425083866,4.981988960783923,3.9235877572070477,8.905576717990972,509.77698707100626,0.0,33.430471425083866,176.36394574412213,1.0,0.06557862020638325,True,0.0,False,True,FILTERED (IV rank top-tercile),1pct
put,2025-06-16,2025-07-23,594.3182983398438,627.2598266601562,553.2740218106625,547.3308388272641,5.943182983398401,0.01,4.948519674419248,56.50336318289391,49.13482702797785,4.390560117244213,2.977976037671848,7.368536154916061,545.1834713118623,0.0,49.13482702797785,243.144658247135,1.0,0.09012530572459554,True,0.0,False,True,FILTERED (IV rank top-tercile),1pct
call,2025-06-16,2025-07-23,594.3182983398438,627.2598266601562,646.6478732954233,652.5910562788217,5.943182983398401,0.01,4.859558970233728,46.34419769977569,39.15451691850376,4.174142861883179,3.0155379193887555,7.189680781271934,555.1637814213364,0.0,39.15451691850376,190.2736839164832,1.0,0.07052786624203031,True,0.0,False,True,FILTERED (IV rank top-tercile),1pct
put,2025-08-04,2025-09-10,624.2530517578125,645.0625610351562,584.7513066205493,578.5087761029712,6.242530517578075,0.01,4.722065673511627,58.07476045371942,51.08874445467213,4.218942505195145,2.7670734938521457,6.98601599904729,573.1643073031354,0.0,51.08874445467213,241.24440649221475,1.0,0.0891345532227154,True,0.0,False,True,FILTERED (IV rank top-tercile),1pct
call,2025-08-04,2025-09-10,624.2530517578125,645.0625610351562,674.6269257822914,680.8694562998695,6.242530517578075,0.01,4.645553464652668,48.492214974591974,41.64873530946329,4.027892519746756,2.815587145381926,6.843479665128682,582.6043164483442,0.0,41.64873530946329,193.4814266152791,1.0,0.07148717256913083,True,0.0,False,True,FILTERED (IV rank top-tercile),1pct
put,2025-10-13,2025-11-19,657.5919189453125,657.185302734375,612.3682873857092,605.7923681962561,6.575919189453089,0.01,4.500969861108972,62.453968918944724,54.34104163519806,4.83713825336014,3.2757890303865222,8.112927283746663,603.2508773101108,0.0,54.34104163519806,244.58739062129428,1.0,0.09008033585877932,True,0.0,False,True,FILTERED (IV rank top-tercile),1pct
call,2025-10-13,2025-11-19,657.5919189453125,657.185302734375,715.248143909392,721.824063098845,6.575919189453089,0.01,4.4204553632411985,51.270975457885015,43.35338595637124,4.59968194398046,3.3179075575333172,7.917589501513778,614.2385329889377,0.0,43.35338595637124,191.6417074655069,1.0,0.07058070053894197,True,0.0,False,True,FILTERED (IV rank top-tercile),1pct
put,2025-11-20,2025-12-26,647.1683349609375,686.660888671875,586.4882791614107,580.0165958118013,6.471683349609407,0.01,4.59908736590814,66.39359580438366,54.89026266034669,6.581586519573301,4.921746624463674,11.503333144036976,592.278072300594,0.0,54.89026266034669,252.4451135125798,1.0,0.09267650657255583,True,0.0,False,True,FILTERED (IV rank top-tercile),1pct
call,2025-11-20,2025-12-26,647.1683349609375,686.660888671875,725.4712551946159,731.9429385442253,6.471683349609407,0.01,4.4814434834437735,50.3692252787026,39.342171474689636,6.143142217990283,4.883911586022682,11.027053804012965,607.8261634862511,0.0,39.342171474689636,176.30971797977537,1.0,0.06472602503491864,True,0.0,False,True,FILTERED (IV rank top-tercile),1pct
put,2026-01-21,2026-02-27,681.77685546875,682.3637084960938,640.1834983573327,633.3657298026452,6.817768554687518,0.01,4.363379382742973,62.84956393844894,55.538920060489836,4.4409414882101705,2.8697023897489293,7.3106438779591,626.237935408262,0.0,55.538920060489836,242.3373787317515,1.0,0.0886866108235402,True,0.0,False,True,FILTERED (IV rank top-tercile),1pct
call,2026-01-21,2026-02-27,681.77685546875,682.3637084960938,734.8515357082711,741.6693042629586,6.817768554687518,0.01,4.295710748614134,52.84647651946699,45.67404129917823,4.246798566637722,2.9256366536510425,7.172435220288764,636.1028141695737,0.0,45.67404129917823,196.20247014152577,1.0,0.07180292286366516,True,0.0,False,True,FILTERED (IV rank top-tercile),1pct
put,2026-03-02,2026-04-08,682.751708984375,674.27294921875,629.8876335149399,623.0601164250962,6.827517089843695,0.01,4.3814123815488095,66.77346941017106,57.08942150519556,5.6766923201148956,4.007355584860606,9.6840479049755,625.662287479174,0.0,57.08942150519556,250.1322982383227,1.0,0.09124638426780016,True,0.0,False,True,FILTERED (IV rank top-tercile),1pct
call,2026-03-02,2026-04-08,682.751708984375,674.27294921875,750.3232215747717,757.1507386646153,6.827517089843695,0.01,4.291354516272011,53.35294507665651,43.95934572587679,5.363711488848066,4.029887861931658,9.393599350779724,638.7923632584927,0.0,43.95934572587679,188.64513681310407,1.0,0.06881632945897988,True,0.0,False,True,FILTERED (IV rank top-tercile),1pct
put,2026-04-09,2026-05-15,678.162841796875,737.2706298828125,630.9687524946249,624.1871240766562,6.7816284179687045,0.01,4.420942089562173,64.57716586123894,56.10989787269784,5.040848567536038,3.426419421005056,8.467267988541094,622.0529439241726,0.0,56.10989787269784,248.05860914644492,1.0,0.09020116120459605,True,0.0,False,True,FILTERED (IV rank top-tercile),1pct
call,2026-04-09,2026-05-15,678.162841796875,737.2706298828125,738.1461309325706,744.9277593505393,6.7816284179687045,0.01,4.340892727124862,52.89815875519537,44.63876861575273,4.790922054161273,3.468468085281362,8.259390139442635,633.5240731811177,0.0,44.63876861575273,193.77210603193058,1.0,0.07046104561048146,True,0.0,False,True,FILTERED (IV rank top-tercile),1pct
put,2026-05-18,2026-06-16,736.751953125,748.4019775390625,694.169538265646,686.802018734396,7.367519531249968,0.01,4.073677563088098,66.77919682003406,59.50231485402271,4.473180943256105,2.803701022755245,7.27688196601135,677.2496382709742,0.0,59.50231485402271,242.39324497263596,1.0,0.0878587621042261,True,0.0,False,True,FILTERED (IV rank top-tercile),1pct
call,2026-05-18,2026-06-16,736.751953125,748.4019775390625,789.5475240619196,796.9150435931696,7.367519531249968,0.01,4.015600141450497,56.86635549706125,49.70728760771692,4.290363388385443,2.868704500958885,7.159067889344328,687.0446655172799,0.0,49.70728760771692,199.6045911486686,1.0,0.07234942661303108,True,0.0,False,True,FILTERED (IV rank top-tercile),1pct
put,1994-01-27,1994-03-04,26.86382484436035,26.266069412231445,25.901140534372825,25.63250228592922,0.2686382484436045,0.01,80.40230424547092,2.143819400164748,1.98891586297189,0.10424951109848854,0.0506540260943697,0.15490353719285824,24.87490898138856,0.0,1.98891586297189,159.91341833330924,1.0,0.07995670916665461,True,0.0,False,True,"UNFILTERED (control, no IV condition)",1pct
call,1994-01-27,1994-03-04,26.86382484436035,26.266069412231445,28.140145890650526,28.40878413909413,0.2686382484436045,0.01,79.7669339637636,1.9451217924888686,1.7907789014318036,0.10148546793464358,0.05285742312242138,0.15434289105706495,25.073045942928644,0.0,1.7907789014318036,142.84494237421183,1.0,0.0714224711871059,True,0.0,False,True,"UNFILTERED (control, no IV condition)",1pct
put,1994-03-07,1994-04-13,26.40671157836914,25.224008560180664,25.053803362258538,24.789736246474845,0.2640671157836927,0.01,82.52185007437267,2.3283670747853646,2.0973296945870015,0.14462327853399862,0.08641410166436436,0.23103738019836298,24.309381883782265,0.0,2.0973296945870015,173.07552661323834,1.0,0.08627655382657885,True,0.0,False,True,"UNFILTERED (control, no IV condition)",1pct
call,1994-03-07,1994-04-13,26.40671157836914,25.224008560180664,28.14572227790301,28.4097893936867,0.2640671157836927,0.01,81.48747978352671,2.016874211169717,1.7887558808402642,0.1392700928043479,0.08884823752510485,0.22811833032945275,24.617955697529005,0.0,1.7887558808402642,145.76120867763552,1.0,0.07266061824214787,True,0.0,False,True,"UNFILTERED (control, no IV condition)",1pct
put,1994-04-14,1994-05-20,25.23284721374512,25.78099822998047,23.769599000403066,23.517270528265616,0.25232847213744947,0.01,86.77418116007175,2.295662609879967,2.041249494054006,0.1559023405364804,0.0985107752894808,0.25441311582596116,23.19159771969094,0.0,2.041249494054006,177.1277533899471,1.0,0.08801676877660192,True,0.0,False,True,"UNFILTERED (control, no IV condition)",1pct
call,1994-04-14,1994-05-20,25.23284721374512,25.78099822998047,27.09565495907356,27.34798343121101,0.25232847213744947,0.01,85.51133681102552,1.9488765225712967,1.6987524729819508,0.1494229813268147,0.10070106826253131,0.250124049589346,23.534094740762995,0.0,1.6987524729819508,145.2625948757221,1.0,0.07218261385000593,True,0.0,False,True,"UNFILTERED (control, no IV condition)",1pct
put,1994-05-23,1994-06-29,25.736793518066406,25.48867416381836,24.49239314210829,24.235025206927627,0.2573679351806639,0.01,85.14084959578965,2.2350934754455265,2.0245599842220408,0.1332054140548121,0.07732807716867365,0.21053349122348575,23.71223353384435,0.0,2.0245599842220408,172.37275711430303,1.0,0.08538040000881386,True,0.0,False,True,"UNFILTERED (control, no IV condition)",1pct
call,1994-05-23,1994-06-29,25.736793518066406,25.48867416381836,27.342675231490237,27.6000431666709,0.2573679351806639,0.01,84.14777962932592,1.9529686620731734,1.7447200756235681,0.12853640150071732,0.07971218494888799,0.2082485864496053,23.992073442442823,0.0,1.7447200756235681,146.81432043843287,1.0,0.07272068751411442,True,0.0,False,True,"UNFILTERED (control, no IV condition)",1pct
put,1994-06-30,1994-08-05,25.3284854888916,26.076045989990234,23.98005389423674,23.726769039347822,0.2532848548889177,0.01,86.90226628320387,2.2545338489064592,2.023414895723926,0.14374114970259755,0.08737780347993565,0.2311189531825332,23.305070593167844,0.0,2.023414895723926,175.8393400696018,1.0,0.08682294643282969,True,0.0,False,True,"UNFILTERED (control, no IV condition)",1pct
call,1994-06-30,1994-08-05,25.3284854888916,26.076045989990234,27.050999850041336,27.304284704930254,0.2532848548889177,0.01,85.76317841427995,1.9418075192310535,1.713882020567882,0.13823534332197407,0.08969015534119745,0.22792549866317152,23.614603468323892,0.0,1.713882020567882,146.98796951098987,1.0,0.07257720938938676,True,0.0,False,True,"UNFILTERED (control, no IV condition)",1pct
put,1994-08-08,1994-09-14,26.13835334777832,26.79692649841309,24.98085189735841,24.719468363880626,0.2613835334777832,0.01,84.25335612934124,2.2170623908460696,2.023943074210581,0.12427293820332017,0.06884637843216843,0.1931193166354886,24.11441027356774,0.0,2.023943074210581,170.5239966169778,1.0,0.0839308550882981,True,0.0,False,True,"UNFILTERED (control, no IV condition)",1pct
call,1994-08-08,1994-09-14,26.13835334777832,26.79692649841309,27.64326958250981,27.904653115987593,0.2613835334777832,0.01,83.373598886802,1.96098369010973,1.769488098402979,0.12026009197974724,0.07123549972700358,0.19149559170675082,24.36886524937534,0.0,1.769488098402979,147.52859095122,1.0,0.07261265882900876,True,0.0,False,True,"UNFILTERED (control, no IV condition)",1pct
put,1994-09-15,1994-10-21,27.13511657714844,26.682344436645508,26.001359238981177,25.730008073209692,0.27135116577148466,0.01,81.33302828813135,2.26348005210677,2.0766490483214097,0.1217090025440147,0.06512200124134532,0.18683100378536002,25.058467528827055,0.0,2.0766490483214097,168.90015579164626,1.0,0.08287214874303266,True,0.0,False,True,"UNFILTERED (control, no IV condition)",1pct
call,1994-09-15,1994-10-21,27.13511657714844,26.682344436645508,28.610601048954077,28.881952214725562,0.27135116577148466,0.01,80.54732517522292,2.0177601483862384,1.8322149110079282,0.1179946205439833,0.06755061683432692,0.18554523737831022,25.30290166614054,0.0,1.8322149110079282,147.58001022784774,1.0,0.07241125682671147,True,0.0,False,True,"UNFILTERED (control, no IV condition)",1pct
put,1994-10-24,1994-11-30,26.45849227905273,26.12720489501953,24.83753488925952,24.572949966468993,0.2645849227905259,0.01,84.12534673752941,2.4416428035966886,2.156534177432507,0.17307484812704999,0.11203377803713152,0.28510862616418153,24.301958101620087,0.0,2.156534177432507,181.41918542784242,1.0,0.08873911182032455,True,0.0,False,True,"UNFILTERED (control, no IV condition)",1pct
call,1994-10-24,1994-11-30,26.45849227905273,26.12720489501953,28.52671124882781,28.791296171618335,0.2645849227905259,0.01,82.81409894916162,2.051416466879341,1.7717459684426569,0.1654779550543342,0.11419254338234999,0.27967049843668423,24.686746310609937,0.0,1.7717459684426569,146.72554594338837,1.0,0.07176911635703045,True,0.0,False,True,"UNFILTERED (control, no IV condition)",1pct
put,1994-12-01,1995-01-06,25.867544174194336,26.59725952148437,24.32799467800834,24.0693192362664,0.2586754417419428,0.01,86.29324123499246,2.3689156754315377,2.1000565126525492,0.16404102733238862,0.10481813544660004,0.2688591627789887,23.76748766154173,0.0,2.1000565126525492,181.22068325344344,1.0,0.08835837184637144,True,0.0,False,True,"UNFILTERED (control, no IV condition)",1pct
call,1994-12-01,1995-01-06,25.867544174194336,26.59725952148437,27.826102191490346,28.08477763323229,0.2586754417419428,0.01,84.99719431476478,2.0017068819034423,1.7376471480420355,0.15705120295449668,0.1070085309069102,0.2640597338614069,24.129897026152243,0.0,1.7376471480420355,147.69513229262574,1.0,0.07201220735251189,True,0.0,False,True,"UNFILTERED (control, no IV condition)",1pct
put,1995-01-09,1995-02-15,26.62433624267578,28.13152503967285,25.35301738267314,25.086774020246384,0.2662433624267564,0.01,83.8637081529597,2.304521343813337,2.0898634897505786,0.13613544382904616,0.07852241023371259,0.21465785406275875,24.53447275292506,0.0,2.0898634897505786,175.2637017839684,1.0,0.08518069700525438,True,0.0,False,True,"UNFILTERED (control, no IV condition)",1pct
call,1995-01-09,1995-02-15,26.62433624267578,28.13152503967285,28.266522488449855,28.53276585087661,0.2662433624267564,0.01,82.90071482552895,2.017272412319482,1.8048655424732571,0.13141934007710604,0.08098752976911858,0.21240686984622462,24.81947070020238,0.0,1.8048655424732571,149.6246436349991,1.0,0.07271974347376152,True,0.0,False,True,"UNFILTERED (control, no IV condition)",1pct
put,1995-02-16,1995-03-24,28.09543800354004,29.163976669311523,26.94998492797171,26.66903054793631,0.28095438003539996,0.01,79.52122365152236,2.3275080083022592,2.1394788926553456,0.12310840792723529,0.06492070771967826,0.18802911564691355,25.955959110884653,0.0,2.1394788926553456,170.13397952055715,1.0,0.08242727165331962,True,0.0,False,True,"UNFILTERED (control, no IV condition)",1pct
call,1995-02-16,1995-03-24,28.09543800354004,29.163976669311523,29.59004122284622,29.87099560288162,0.28095438003539996,0.01,78.77696311348306,2.0810983624804935,1.8942549676689961,0.11943542693675507,0.06740796787474239,0.18684339481149748,26.201183035871,0.0,1.8942549676689961,149.22365371559258,1.0,0.0722965434452195,True,0.0,False,True,"UNFILTERED (control, no IV condition)",1pct
put,1995-03-27,1995-05-03,29.28194236755371,30.36176300048828,28.049539798818444,27.756720375142905,0.2928194236755388,0.01,76.57869610857277,2.449210327147666,2.2452221382658397,0.13260922353025908,0.07137896535156715,0.20398818888182624,27.03672022928804,0.0,2.2452221382658397,171.9361838224997,1.0,0.0830434357135397,True,0.0,False,True,"UNFILTERED (control, no IV condition)",1pct
call,1995-03-27,1995-05-03,29.28194236755371,30.36176300048828,30.892448580375955,31.185268004051494,0.2928194236755388,0.01,75.82931857855817,2.1805680327609656,1.9780337867823714,0.12852422339880917,0.07401002257978496,0.20253424597859415,27.30390858077151,0.0,1.9780337867823714,149.99295417707225,1.0,0.07244507799793107,True,0.0,False,True,"UNFILTERED (control, no IV condition)",1pct
put,1995-05-04,1995-06-09,30.34361267089844,30.81545066833496,28.989660321095112,28.686224194386128,0.30343612670898423,0.01,74.19632635855483,2.5774608448531966,2.3519927767460977,0.14495229461421455,0.08051577349288408,0.22546806810709863,27.991619894152326,0.0,2.3519927767460977,174.50922365641705,1.0,0.08402488979344307,True,0.0,False,True,"UNFILTERED (control, no IV condition)",1pct
call,1995-05-04,1995-06-09,30.34361267089844,30.81545066833496,32.09452246366021,32.3979585903692,0.3034361267089878,0.01,73.41664200983085,2.27826562849176,2.0547219219451804,0.1402501736294373,0.08329353291714262,0.22354370654657993,28.288890748953598,0.0,2.0547219219451804,150.85078377320093,1.0,0.07263352742175598,True,0.0,False,True,"UNFILTERED (control, no IV condition)",1pct
put,1995-06-12,1995-07-19,30.987876892089844,32.28338623046875,29.674273679713984,29.364394910793084,0.3098787689208997,0.01,72.82394079188715,2.5970640984481763,2.379392615284249,0.14129904281256628,0.07637244035136118,0.21767148316392745,28.608484276805722,0.0,2.379392615284249,173.27674693611368,1.0,0.08317087309701819,True,0.0,False,True,"UNFILTERED (control, no IV condition)",1pct
call,1995-06-12,1995-07-19,30.987876892089844,32.28338623046875,32.70319748431693,33.01307625323783,0.30987876892089616,0.01,72.10471806474028,2.3101135655005045,2.0940316481606596,0.13691737823867886,0.07916453910116611,0.21608191733984497,28.893845243928958,0.0,2.0940316481606596,150.98956160926778,1.0,0.07247327693778134,True,0.0,False,True,"UNFILTERED (control, no IV condition)",1pct
put,1995-07-20,1995-08-25,32.40201950073242,32.88579559326172,30.939324806084976,30.61530461107765,0.32402019500732493,0.01,69.9302623636012,2.7610227605878057,2.5169908928830016,0.15652871835974969,0.08750314934505427,0.24403186770480395,29.88502860784949,0.0,2.5169908928830016,176.01383350610314,1.0,0.08422246891280868,True,0.0,False,True,"UNFILTERED (control, no IV condition)",1pct
call,1995-07-20,1995-08-25,32.40201950073242,32.88579559326172,34.291623192032404,34.615643387039725,0.3240201950073214,0.01,69.1844786110941,2.436714696347231,2.1948410519590804,0.15139575589841608,0.09047788848973448,0.24187364438815057,30.20717844877306,0.0,2.1948410519590804,151.84893381401426,1.0,0.0726595850612532,True,0.0,False,True,"UNFILTERED (control, no IV condition)",1pct
put,1995-08-28,1995-10-04,32.76713180541992,34.171627044677734,31.307417196711125,30.979745878656924,0.32767131805420036,0.01,69.35586876313577,2.7838246151452806,2.540055365836268,0.1566824323438222,0.08708681696519005,0.24376924930901225,30.227076439583765,0.0,2.540055365836268,176.16774660403905,1.0,0.08403245252359065,True,0.0,False,True,"UNFILTERED (control, no IV condition)",1pct
call,1995-08-28,1995-10-04,32.76713180541992,34.171627044677734,34.66390536447831,34.99157668253251,0.32767131805420036,0.01,68.62617482965801,2.4603360499355187,2.2186544665514014,0.1515949923162528,0.09008659106786443,0.24168158338411724,30.548477338868636,0.0,2.2186544665514014,152.25776930815812,1.0,0.07262733398919612,True,0.0,False,True,"UNFILTERED (control, no IV condition)",1pct
put,1995-10-05,1995-11-10,34.27255630493164,34.96075820922852,32.351332049291806,32.00860648624249,0.34272556304931356,0.01,66.73339372225601,3.091335255347172,2.759193359418113,0.2047126386563694,0.1274292572726897,0.33214189592905907,31.513362945513247,0.0,2.759193359418113,184.13033680988318,1.0,0.0875562968061762,True,0.0,False,True,"UNFILTERED (control, no IV condition)",1pct
call,1995-10-05,1995-11-10,34.27255630493164,34.96075820922852,36.72122428638667,37.063949849435986,0.34272556304931356,0.01,65.80149565610748,2.639849094848934,2.312892835487161,0.19647624336649877,0.13048001599527403,0.3269562593617728,31.959663469444195,0.0,2.312892835487161,152.19180786735052,1.0,0.07236912358912846,True,0.0,False,True,"UNFILTERED (control, no IV condition)",1pct
put,1995-11-13,1995-12-20,34.924049377441406,35.85087966918945,33.27348057528129,32.92424008150687,0.3492404937744169,0.01,65.54444683056731,3.0146597918049967,2.7364240046550385,0.17680114097254201,0.10143464617741599,0.278235787149958,32.187625372786655,0.0,2.7364240046550385,179.35739767900026,1.0,0.08501478356861253,True,0.0,False,True,"UNFILTERED (control, no IV condition)",1pct
call,1995-11-13,1995-12-20,34.924049377441406,35.85087966918945,37.05785081476398,37.4070913085384,0.3492404937744169,0.01,64.8014513647179,2.6427703006176806,2.3673696207672577,0.17073496868293264,0.10466571116749049,0.27540067985042316,32.556679756674434,0.0,2.3673696207672577,153.4089873424601,1.0,0.07271532719124787,True,0.0,False,True,"UNFILTERED (control, no IV condition)",1pct
put,1995-12-21,1996-01-26,36.03554534912109,36.77417755126953,34.680218061405334,34.319862607914125,0.36035545349120923,0.01,63.48194345132985,2.917020458731212,2.6973185638644153,0.14631370316753878,0.07338819169925813,0.21970189486679692,33.33822678525651,0.0,2.6973185638644153,171.23102454146306,1.0,0.0809076793807545,True,0.0,False,True,"UNFILTERED (control, no IV condition)",1pct
call,1995-12-21,1996-01-26,36.03554534912109,36.77417755126953,37.820941477100156,38.181296930591365,0.36035545349120923,0.01,62.94716159881854,2.632786115474728,2.414086115778999,0.1422598262912987,0.07644017340443024,0.21869999969572895,33.62145923334192,0.0,2.414086115778999,151.95986884340482,1.0,0.07180194348569452,True,0.0,False,True,"UNFILTERED (control, no IV condition)",1pct
put,1996-01-29,1996-03-06,36.92190170288086,38.58381271362305,35.31758663458494,34.94836761755613,0.36921901702881144,0.01,62.302239009486925,3.115531301660779,2.8486600478948563,0.17237976815372147,0.09449148561220116,0.26687125376592263,34.07324165498628,0.0,2.8486600478948563,177.47789916072182,1.0,0.08360402208687365,True,0.0,False,True,"UNFILTERED (control, no IV condition)",1pct
call,1996-01-29,1996-03-06,36.92190170288086,38.58381271362305,39.01157486408641,39.380793881115224,0.36921901702881144,0.01,61.66719865713468,2.7625363263039215,2.497778479450826,0.16691062750534696,0.09784721934774851,0.26475784685309545,34.42412322343032,0.0,2.497778479450826,154.03100169380988,1.0,0.07255895707899239,True,0.0,False,True,"UNFILTERED (control, no IV condition)",1pct
put,1996-03-07,1996-04-12,38.77766418457031,37.81852722167969,36.49792158522338,36.110144943377676,0.38777664184570426,0.01,59.75823388966,3.54021432444358,3.142919232669919,0.2429002249423759,0.15439486683128528,0.3972950917736612,35.63474495190051,0.0,3.142919232669919,187.81530260219975,1.0,0.0881981683020941,True,0.0,False,True,"UNFILTERED (control, no IV condition)",1pct
call,1996-03-07,1996-04-12,38.77766418457031,37.81852722167969,41.6787821878884,42.066558829734106,0.38777664184570426,0.01,58.873971424354885,2.9980911484777995,2.6077002443913226,0.23267159139921112,0.15771931268726558,0.3903909040864767,36.16996394017911,0.0,2.6077002443913226,153.525669671578,1.0,0.07209573801909656,True,0.0,False,True,"UNFILTERED (control, no IV condition)",1pct
put,1996-04-15,1996-05-22,38.13384246826172,40.47081756591797,35.81720024188379,35.43586181720117,0.38133842468261747,0.01,60.986350226415155,3.511649262372085,3.1047542387085807,0.24734312761140326,0.1595518960521014,0.40689502366350466,35.02908822955317,0.0,3.1047542387085807,189.34762936882845,1.0,0.08863360126196997,True,0.0,False,True,"UNFILTERED (control, no IV condition)",1pct
call,1996-04-15,1996-05-22,38.13384246826172,40.47081756591797,41.090240234093706,41.47157865877632,0.38133842468261747,0.01,60.04534522950008,2.9550645782867146,2.5557933336558705,0.2365739295440067,0.1626973150868377,0.3992712446308444,35.57804913460588,0.0,2.5557933336558705,153.46349305462164,1.0,0.07183624161027745,True,0.0,False,True,"UNFILTERED (control, no IV condition)",1pct
put,1996-05-23,1996-06-28,40.30388259887695,40.04197692871094,37.98134400213616,37.57830517614739,0.40303882598877294,0.01,57.85063384205076,3.6609615323074607,3.257573457659736,0.2474560564777059,0.15593201817001856,0.40338807464772447,37.04630914121756,0.0,3.257573457659736,188.45268931265664,1.0,0.08793246974326449,True,0.0,False,True,"UNFILTERED (control, no IV condition)",1pct
call,1996-05-23,1996-06-28,40.30388259887695,40.04197692871094,43.26119765853319,43.664236484521965,0.40303882598877294,0.01,57.015142574995465,3.1113850026354584,2.714702452410467,0.23723358764543984,0.1594489625795517,0.39668255022499155,37.58918014646683,0.0,2.714702452410467,154.77914737287261,1.0,0.07222031557572116,True,0.0,False,True,"UNFILTERED (control, no IV condition)",1pct
put,1996-07-01,1996-08-07,40.38691711425781,39.706356048583984,38.39025541745981,37.98638624631723,0.40386917114258125,0.01,57.79937189165581,3.5279981651132886,3.1889851697400036,0.21360647475055922,0.12540652062272561,0.33901299537328483,37.19793194451812,0.0,3.1889851697400036,184.32133978277759,1.0,0.08573017377677003,True,0.0,False,True,"UNFILTERED (control, no IV condition)",1pct
call,1996-07-01,1996-08-07,40.38691711425781,39.706356048583984,42.95943588384227,43.36330505498485,0.40386917114258125,0.01,57.10624992564427,3.0726059677324002,2.737498620465309,0.20596124823020062,0.12914609903689062,0.33510734726709124,37.64941849379282,0.0,2.737498620465309,156.32828039139835,1.0,0.07271024971917253,True,0.0,False,True,"UNFILTERED (control, no IV condition)",1pct
put,1996-08-08,1996-09-13,39.64108276367188,40.90899658203125,37.37551743831343,36.97910661067671,0.3964108276367213,0.01,59.18721581304314,3.5932186960695223,3.2002726184872357,0.241388272492013,0.1515578050902737,0.3929460775822867,36.44081014518489,0.0,3.2002726184872357,189.4152261309767,1.0,0.0878211160985976,True,0.0,False,True,"UNFILTERED (control, no IV condition)",1pct
call,1996-08-08,1996-09-13,39.64108276367188,40.90899658203125,42.5266295123808,42.92304034001752,0.3964108276367213,0.01,58.340965845258985,3.0582241195324045,2.6716897614055672,0.23149498055757417,0.15503937756926323,0.3865343581268374,36.969393002266564,0.0,2.6716897614055672,155.86896111929033,1.0,0.07226761232573573,True,0.0,False,True,"UNFILTERED (control, no IV condition)",1pct
put,1996-09-16,1996-10-23,41.05818176269531,42.49709701538086,38.7759303582559,38.36534854062894,0.4105818176269551,0.01,57.308186877487174,3.697015821394256,3.302044357130643,0.2436984298992348,0.1512730343643784,0.3949714642636132,37.75613740556487,0.0,3.302044357130643,189.2341750961949,1.0,0.08745715489010682,True,0.0,False,True,"UNFILTERED (control, no IV condition)",1pct
call,1996-09-16,1996-10-23,41.05818176269531,42.49709701538086,43.97922243144933,44.389804249076285,0.4105818176269551,0.01,56.51417708751328,3.160473976728495,2.771580245706086,0.23395279022031118,0.15494094080209797,0.38889373102240915,38.28660151698943,0.0,2.771580245706086,156.6335768180873,1.0,0.07239034377277427,True,0.0,False,True,"UNFILTERED (control, no IV condition)",1pct
put,1996-10-24,1996-11-29,42.131595611572266,45.58945846557617,39.59349309303738,39.17217713692166,0.4213159561157198,0.01,56.08111463128423,3.8701513395857035,3.425996631953866,0.2704542455607403,0.1737004620710969,0.44415470763183723,38.70559897961812,0.0,3.425996631953866,192.13370984299846,1.0,0.08851423882518787,True,0.0,False,True,"UNFILTERED (control, no IV condition)",1pct
call,1996-10-24,1996-11-29,42.131595611572266,45.58945846557617,45.359582871589716,45.780898827705435,0.4213159561157198,0.01,55.22639792866648,3.2629812092455523,2.826965676224412,0.25879503162613976,0.17722050139500067,0.43601553302114043,39.30462993534757,22.98755939864563,-20.16059372242122,-1113.3969713926097,-7.131531129641072,-0.5129317781539606,False,20.16059372242122,False,False,"UNFILTERED (control, no IV condition)",1pct
put,1996-12-02,1997-01-08,45.60820007324219,45.013065338134766,42.65391657618642,42.197834575453996,0.45608200073242244,0.01,51.40873721040106,4.267736504206088,3.74317897363725,0.3156254715869958,0.2089320589818422,0.5245575305688379,41.865021099604995,0.0,3.74317897363725,192.4321041872161,1.0,0.08941065537101969,True,0.0,False,True,"UNFILTERED (control, no IV condition)",1pct
call,1996-12-02,1997-01-08,45.60820007324219,45.013065338134766,49.374699074282326,49.83078107501475,0.45608200073242244,0.01,50.55218028910566,3.5471507593719753,3.033817411426397,0.30100605846493933,0.21232728948063911,0.5133333479455784,42.57438266181585,0.0,3.033817411426397,153.36608474665505,1.0,0.07125922260635315,True,0.0,False,True,"UNFILTERED (control, no IV condition)",1pct
put,1997-01-09,1997-02-14,45.38974380493164,48.93051528930664,42.00223424799144,41.54833680994212,0.45389743804931726,0.01,51.89326371098964,4.397706424069359,3.7823428169897086,0.362653133840693,0.2527104732389568,0.6153636070796498,41.607400987942015,0.0,3.7823428169897086,196.27811324741438,1.0,0.09090552947745634,True,0.0,False,True,"UNFILTERED (control, no IV condition)",1pct
call,1997-01-09,1997-02-14,45.38974380493164,48.93051528930664,49.70167476642259,50.15557220447191,0.45389743804931726,0.01,50.8730949992116,3.546123386576916,2.9479809864983815,0.343397742371479,0.2547446577070553,0.5981424000785343,42.44176281843334,0.0,2.9479809864983815,149.9729167820017,1.0,0.06945943784450942,True,0.0,False,True,"UNFILTERED (control, no IV condition)",1pct
put,1997-02-18,1997-03-27,49.3448600769043,46.58450698852539,45.83191409848384,45.3384654977148,0.4934486007690424,0.01,47.866662459516355,4.7267371846762,4.092721300177844,0.3760921570576309,0.2579237274407245,0.6340158844983554,45.2521387767264,0.0,4.092721300177844,195.9049090164858,1.0,0.09044260472132136,True,0.0,False,True,"UNFILTERED (control, no IV condition)",1pct
call,1997-02-18,1997-03-27,49.3448600769043,46.58450698852539,53.82531546533397,54.318764066103014,0.4934486007690424,0.01,46.974787226298425,3.8512637391918236,3.233552707658742,0.3569963125064385,0.26071471902664317,0.6177110315330816,46.111307369245495,0.0,3.233552707658742,151.89545042729054,1.0,0.07012494097739246,True,0.0,False,True,"UNFILTERED (control, no IV condition)",1pct
put,1997-03-31,1997-05-07,45.601375579833984,49.30697250366211,41.95705046500171,41.50103670920337,0.45601375579833814,0.01,52.013839677852005,4.494979836207769,3.823555041218142,0.3918996454474105,0.279525149542216,0.6714247949896266,41.77782053861567,0.0,3.823555041218142,198.87777891336324,1.0,0.09152117060974951,True,0.0,False,True,"UNFILTERED (control, no IV condition)",1pct
call,1997-03-31,1997-05-07,45.601375579833984,49.30697250366211,50.26562826228582,50.72164201808416,0.45601375579833814,0.01,50.90473909532035,3.5634382568021206,2.9133096314633358,0.3696072908794201,0.2805213344593646,0.6501286253387848,42.68806594837048,0.0,2.9133096314633358,148.301266693525,1.0,0.0682464657683688,True,0.0,False,True,"UNFILTERED (control, no IV condition)",1pct
put,1997-05-08,1997-06-13,49.64727783203125,54.27926635742188,45.880689436167806,45.384216657847496,0.4964727783203102,0.01,47.90748976920157,4.829819569916616,4.143569518363358,0.40349777040058765,0.2827522811526706,0.6862500515532582,45.503708313667666,0.0,4.143569518363358,198.50801430896803,1.0,0.09106004042133814,True,0.0,False,True,"UNFILTERED (control, no IV condition)",1pct
call,1997-05-08,1997-06-13,49.64727783203125,54.27926635742188,54.444262770841654,54.940735549161964,0.4964727783203102,0.01,46.94742440399082,3.879490293597776,3.2130278561696146,0.38172484738405454,0.2847375900441068,0.6664624374281614,46.434249975861405,0.0,3.2130278561696146,150.84338238543967,1.0,0.0691952138311675,True,0.0,False,True,"UNFILTERED (control, no IV condition)",1pct
put,1997-06-16,1997-07-23,54.29816055297852,56.88205337524414,50.41888415510302,49.87590254957324,0.542981605529782,0.01,43.92097593579281,5.205763949471631,4.505198947828096,0.415354550190164,0.28521045145337154,0.7005650016435355,49.79296160515011,0.0,4.505198947828096,197.8727345735169,1.0,0.09047862996287655,True,0.0,False,True,"UNFILTERED (control, no IV condition)",1pct
call,1997-06-16,1997-07-23,54.29816055297852,56.88205337524414,59.24611861673981,59.78910022226959,0.542981605529782,0.01,43.09920924473029,4.238231942691595,3.5558034017492344,0.3941921697548256,0.2882363711875349,0.6824285409423605,50.742357151228966,0.0,3.5558034017492344,153.252314845114,1.0,0.07007564491243021,True,0.0,False,True,"UNFILTERED (control, no IV condition)",1pct
put,1997-07-24,1997-08-29,57.147743225097656,54.8891830444336,52.87262031748901,52.30114288523803,0.5714774322509797,0.01,41.88218010903682,5.540155789898282,4.763221604967777,0.457719039838983,0.3192151450915226,0.7769341849305056,52.38452162013019,0.0,4.763221604967777,199.49410515851585,1.0,0.09092803480212328,True,0.0,False,True,"UNFILTERED (control, no IV condition)",1pct
call,1997-07-24,1997-08-29,57.147743225097656,54.8891830444336,62.589899675039526,63.161377107290505,0.5714774322509797,0.01,41.056537915948546,4.46487214805753,3.7097749796612844,0.43335948604884267,0.3217376823474033,0.755097168396246,53.437968245436686,0.0,3.7097749796612844,152.31051711210077,1.0,0.06942208136773761,True,0.0,False,True,"UNFILTERED (control, no IV condition)",1pct
put,1997-09-02,1997-10-09,56.67328643798828,59.224212646484375,51.66729686996883,51.10056400558895,0.5667328643798797,0.01,42.42106296938431,5.72791581196066,4.788352214299829,0.5413807464799247,0.398182851180906,0.9395635976608308,51.88493422368814,0.0,4.788352214299829,203.12699080240384,1.0,0.09228791143217255,True,0.0,False,True,"UNFILTERED (control, no IV condition)",1pct
call,1997-09-02,1997-10-09,56.67328643798828,59.224212646484375,63.11786307335415,63.68459593773403,0.5667328643798797,0.01,41.40606114360271,4.420693748192672,3.5164779641759902,0.5073665638607505,0.3968492201559315,0.904215784016682,53.15680847381198,0.0,3.5164779641759902,145.60350159480265,1.0,0.06615291747450196,True,0.0,False,True,"UNFILTERED (control, no IV condition)",1pct
put,1997-10-10,1997-11-14,59.05279922485352,56.72877883911133,54.9398961780732,54.349368185824666,0.590527992248532,0.01,40.76282835062581,5.622653567444491,4.88608015616806,0.43856987523127333,0.2980035360451577,0.7365734112764311,54.16671906868514,0.0,4.88608015616806,199.17044671327756,1.0,0.0902044694634791,True,0.0,False,True,"UNFILTERED (control, no IV condition)",1pct
call,1997-10-10,1997-11-14,59.05279922485352,56.72877883911133,64.26367637992384,64.85420437217238,0.5905279922485391,0.01,40.025387279076455,4.606615363661337,3.8880944758851648,0.41684313593385314,0.30167775184231915,0.7185208877761723,55.16470474896875,0.0,3.8880944758851648,155.6224871749415,1.0,0.07048156051189322,True,0.0,False,True,"UNFILTERED (control, no IV condition)",1pct
put,1997-11-17,1997-12-24,57.77645492553711,57.16491317749024,51.28213097122566,50.70436642197029,0.5777645492553702,0.01,41.922628242863574,6.21835767175174,4.9390107281251705,0.7174029427101825,0.5619440009163867,1.2793469436265692,52.837444197411855,0.0,4.9390107281251705,207.05631064270645,1.0,0.09347557973606715,True,0.0,False,True,"UNFILTERED (control, no IV condition)",1pct
call,1997-11-17,1997-12-24,57.77645492553711,57.16491317749024,66.35726017230064,66.93502472155602,0.5777645492553773,0.01,40.60581819785176,4.4344787430325106,3.2255400886995327,0.6599003114543978,0.54903834287858,1.2089386543329779,54.5509148368382,0.0,3.2255400886995327,130.97569443161586,1.0,0.05912898249914092,True,0.0,False,True,"UNFILTERED (control, no IV condition)",1pct
put,1997-12-26,1998-01-30,57.39436340332031,60.16749572753906,51.53244039096591,50.9584967569327,0.5739436340332063,0.01,42.31737144517666,6.018968835410554,4.890034929821385,0.6397040632372175,0.48922984235195144,1.128933905589169,52.50432847349924,0.0,4.890034929821385,206.93342450513995,1.0,0.09313584369124073,True,0.0,False,True,"UNFILTERED (control, no IV condition)",1pct
call,1997-12-26,1998-01-30,57.39436340332031,60.16749572753906,65.00902226086971,65.58296589490291,0.5739436340331991,0.01,41.12610863793949,4.44466627833906,3.3691895155345457,0.5932967098814967,0.48218005292301747,1.0754767628045143,54.02517388778537,0.0,3.3691895155345457,138.56165403768043,1.0,0.06236332570687552,True,0.0,False,True,"UNFILTERED (control, no IV condition)",1pct
put,1998-02-02,1998-03-11,61.16201400756836,65.52252197265625,56.44380600233435,55.83218586225866,0.6116201400756864,0.01,39.764015123696055,5.976210883356892,5.112466065028612,0.5065750452061007,0.357169773122179,0.8637448183282798,56.04954794254004,0.0,5.112466065028612,203.29217792918058,1.0,0.09121333271536332,True,0.0,False,True,"UNFILTERED (control, no IV condition)",1pct
call,1998-02-02,1998-03-11,61.16201400756836,65.52252197265625,67.1920774848839,67.80369762495958,0.6116201400756864,0.01,38.950184445474385,4.779368019006025,3.941358860646804,0.47874667941718574,0.3592624789420351,0.8380091583592209,57.22065514692184,0.0,3.941358860646804,153.5166545879978,1.0,0.06888000234402818,True,0.0,False,True,"UNFILTERED (control, no IV condition)",1pct
put,1998-03-12,1998-04-17,65.79029846191406,68.91387176513672,61.50393884318388,60.84603585856474,0.6579029846191418,0.01,37.02574159849274,6.163056658946786,5.402817963620735,0.45715755589986196,0.3030811394261895,0.7602386953260515,60.38748049829344,0.0,5.402817963620735,200.0433418247161,1.0,0.08946917339552557,True,0.0,False,True,"UNFILTERED (control, no IV condition)",1pct
call,1998-03-12,1998-04-17,65.79029846191406,68.91387176513672,71.23649580910173,71.89439879372087,0.6579029846191418,0.01,36.40579790749914,5.118338461909744,4.374497209738718,0.4358998568593869,0.30794139531163944,0.7438412521710264,61.41580125217546,0.0,4.374497209738718,159.25706136466664,1.0,0.07122755252800296,True,0.0,False,True,"UNFILTERED (control, no IV condition)",1pct
put,1998-04-20,1998-05-27,68.89469146728516,67.2835464477539,63.819002873771716,63.13005595909886,0.6889469146728544,0.01,35.513793156971104,6.655555886708697,5.733957077038504,0.5439938534189559,0.37760495625123736,0.9215988096701933,63.160734390246944,0.0,5.733957077038504,203.63456560489604,1.0,0.09078357198335428,True,0.0,False,True,"UNFILTERED (control, no IV condition)",1pct
call,1998-04-20,1998-05-27,68.89469146728516,67.2835464477539,75.37269094415856,76.06163785883142,0.6889469146728544,0.01,34.82494714627104,5.380960373373167,4.484622232828517,0.5154310749394903,0.38090706560515997,0.8963381405446502,64.41006923445693,0.0,4.484622232828517,156.17673222924515,1.0,0.06962610483314642,True,0.0,False,True,"UNFILTERED (control, no IV condition)",1pct
put,1998-05-28,1998-07-02,67.59042358398438,70.71092987060547,62.64836316586682,61.972458930026974,0.6759042358398446,0.01,36.31256855490259,6.513682856910208,5.620874959738412,0.527824984297276,0.3649829128745202,0.8928078971717962,61.96954862424605,0.0,5.620874959738412,204.1084073140364,1.0,0.09070382283757998,True,0.0,False,True,"UNFILTERED (control, no IV condition)",1pct
call,1998-05-28,1998-07-02,67.59042358398438,70.71092987060547,73.85841174905948,74.53431598489932,0.6759042358398375,0.01,35.616844957383016,5.279209419550401,4.410389377505142,0.5004001387670098,0.3684199032782498,0.8688200420452596,63.18003420647861,0.0,4.410389377505142,157.08415466028964,1.0,0.06980669499309787,True,0.0,False,True,"UNFILTERED (control, no IV condition)",1pct
put,1998-07-06,1998-08-12,71.42283630371094,66.9204330444336,66.61453160045775,65.90030323742064,0.7142283630371082,0.01,34.447375932701256,6.7475869374527875,5.888168630208154,0.5140539903404767,0.3453643169041565,0.8594183072446332,65.53466767350267,0.0,5.888168630208154,202.8319583599189,1.0,0.08984814967771464,True,0.0,False,True,"UNFILTERED (control, no IV condition)",1pct
call,1998-07-06,1998-08-12,71.42283630371094,66.9204330444336,77.55242536439827,78.26665372743538,0.7142283630371082,0.01,33.846514180266595,5.564326424831734,4.72476151969152,0.48933653288050494,0.3502283722597088,0.8395649051402138,66.6980747840193,0.0,4.72476151969152,159.91670777461698,1.0,0.070838049448821,True,0.0,False,True,"UNFILTERED (control, no IV condition)",1pct
put,1998-08-13,1998-09-18,66.11227416992188,63.08260345458984,59.13283890068169,58.471716158982474,0.6611227416992165,0.01,37.45117705912879,6.995286286056501,5.640147920836405,0.7650102611857557,0.5901281040343404,1.3551383652200961,60.47212624908524,0.0,5.640147920836405,211.2301784229213,1.0,0.09326855645201863,True,0.0,False,True,"UNFILTERED (control, no IV condition)",1pct
call,1998-08-13,1998-09-18,66.11227416992188,63.08260345458984,75.235904208057,75.89702694975621,0.6611227416992165,0.01,36.355697849569296,5.105455512431689,3.8179863070547464,0.7075527965938688,0.5799164087830738,1.2874692053769428,62.2942878628669,0.0,3.8179863070547464,138.80555657307525,1.0,0.06128950884645421,True,0.0,False,True,"UNFILTERED (control, no IV condition)",1pct
put,1998-09-21,1998-10-28,63.0439682006836,65.9982681274414,54.517440248286924,53.887000566280086,0.6304396820068376,0.01,39.41150096824069,7.1543590002089985,5.4020878818634435,0.9655650466753929,0.7867060716701624,1.7522711183455553,57.64188031882031,0.0,5.4020878818634435,212.90439178658238,1.0,0.09371810655697224,True,0.0,False,True,"UNFILTERED (control, no IV condition)",1pct
call,1998-09-21,1998-10-28,63.0439682006836,65.9982681274414,74.69069149714225,75.32113117914909,0.6304396820068376,0.01,37.892470650907,4.717137094762425,3.0913448173883973,0.8718603523715451,0.7539319250024823,1.6257922773740274,59.95262338329537,0.0,3.0913448173883973,117.1386927647233,1.0,0.051563128399311056,True,0.0,False,True,"UNFILTERED (control, no IV condition)",1pct
put,1998-10-29,1998-12-04,67.60092163085938,73.14258575439453,60.55917258180213,59.88316336549354,0.6760092163085929,0.01,36.84456959615299,7.127475753326884,5.764023855689915,0.7708193957350729,0.5926325019018963,1.3634518976369692,61.836897775169376,0.0,5.764023855689915,212.3729781048532,1.0,0.09321334127476978,True,0.0,False,True,"UNFILTERED (control, no IV condition)",1pct
call,1998-10-29,1998-12-04,67.60092163085938,73.14258575439453,76.790603840756,77.4666130570646,0.6760092163086,0.01,35.78292527667445,5.226145755605582,3.929383709598988,0.7137078449483691,0.5830542010582251,1.2967620460065943,63.67153792126101,0.0,3.929383709598988,140.60484366396244,1.0,0.0617133469346733,True,0.0,False,True,"UNFILTERED (control, no IV condition)",1pct
put,1998-12-07,1999-01-13,73.49018096923828,76.48528289794922,66.9038735735516,66.16897176385922,0.7349018096923885,0.01,33.97125404280353,7.454836939885023,6.215259730146538,0.7129740666178053,0.5266031431206797,1.239577209738485,67.27492123909231,0.0,6.215259730146538,211.14016723481456,1.0,0.09238598300335069,True,0.0,False,True,"UNFILTERED (control, no IV condition)",1pct
call,1998-12-07,1999-01-13,73.49018096923828,76.48528289794922,81.97833983571645,82.71324164540884,0.7349018096923885,0.01,33.14483633581241,5.729666920360632,4.537858593356278,0.6675250000066857,0.5242833269976682,1.1918083270043538,68.95232237588257,0.0,4.537858593356278,150.40658039185374,1.0,0.06581154103293094,True,0.0,False,True,"UNFILTERED (control, no IV condition)",1pct
put,1999-01-14,1999-02-19,75.1485366821289,77.0277328491211,66.45546610053661,65.70398073371533,0.7514853668212851,0.01,33.362676797228275,8.150867517933946,6.429698891936386,0.9624701569729555,0.7586984690246046,1.72116862599756,68.71883779019213,0.0,6.429698891936386,214.51196603517042,1.0,0.0935653031788332,True,0.0,False,True,"UNFILTERED (control, no IV condition)",1pct
call,1999-01-14,1999-02-19,75.1485366821289,77.0277328491211,86.66115690792387,87.41264227474515,0.7514853668212851,0.01,32.28168397936003,5.750982871415022,4.1285621188069,0.8830976621967523,0.7393230904113701,1.6224207526081225,71.01997456332161,0.0,4.1285621188069,133.2769376084814,1.0,0.05813240773728893,True,0.0,False,True,"UNFILTERED (control, no IV condition)",1pct
put,1999-02-22,1999-03-31,79.08130645751953,79.77801513671875,71.72743472382615,70.93662165925096,0.7908130645751896,0.01,31.77223701360094,8.097521264985375,6.703646925273726,0.7981561856681418,0.5957181540435064,1.3938743397116482,72.37765953224525,0.0,6.703646925273726,212.98985896529402,1.0,0.09262038823301766,True,0.0,False,True,"UNFILTERED (control, no IV condition)",1pct
call,1999-02-22,1999-03-31,79.08130645751953,79.77801513671875,88.58719022746526,89.37800329204045,0.7908130645751896,0.01,30.96610670637455,6.156279129856568,4.819463502788618,0.7453613026571826,0.5914543244107673,1.3368156270679499,74.26184295473035,0.0,4.819463502788618,149.24002109482998,1.0,0.0648982480239083,True,0.0,False,True,"UNFILTERED (control, no IV condition)",1pct
put,1999-04-01,1999-05-07,80.38005828857422,83.8951187133789,74.05573355378456,73.25193297089882,0.8038005828857422,0.01,31.321978113215525,7.890555645957065,6.7306628892428835,0.6785783239315557,0.48131443278262576,1.1598927567141815,73.64939539933133,0.0,6.7306628892428835,210.81767570429756,1.0,0.09138789059636995,True,0.0,False,True,"UNFILTERED (control, no IV condition)",1pct
call,1999-04-01,1999-05-07,80.38005828857422,83.8951187133789,88.44587182473134,89.24967240761708,0.8038005828857422,0.01,30.667084284567665,6.282078201201813,5.157884268259353,0.6406229439862549,0.48357098895620565,1.1241939329424606,75.22217402031487,0.0,5.157884268259353,158.17727158475518,1.0,0.06856866788862535,True,0.0,False,True,"UNFILTERED (control, no IV condition)",1pct
put,1999-05-10,1999-06-16,83.47759246826172,82.84644317626953,75.49861788232319,74.66384195764057,0.8347759246826172,0.01,30.294838486145604,8.608004451035978,7.0875285055992165,0.8678380283563325,0.6526379170804286,1.5204759454367611,76.39006396266251,0.0,7.0875285055992165,214.71553134308118,1.0,0.09278076411957735,True,0.0,False,True,"UNFILTERED (control, no IV condition)",1pct
call,1999-05-10,1999-06-16,83.47759246826172,82.84644317626953,93.817249754527,94.65202567920961,0.8347759246826172,0.01,29.501826304689196,6.489570201921868,5.034155584242239,0.8088269363638378,0.6465876813157911,1.455414617679629,78.44343688401948,0.0,5.034155584242239,148.5167836370957,1.0,0.0641756121890141,True,0.0,False,True,"UNFILTERED (control, no IV condition)",1pct
put,1999-06-17,1999-07-23,83.62322235107422,84.6158447265625,77.07600078020111,76.23976855669036,0.8362322235107484,0.01,30.29714977466062,8.19890198485771,6.9992061231060525,0.70233420568655,0.49736165606510674,1.1996958617516569,76.6240162279688,0.0,6.9992061231060525,212.05599621546577,1.0,0.09134480894713592,True,0.0,False,True,"UNFILTERED (control, no IV condition)",1pct
call,1999-06-17,1999-07-23,83.62322235107422,84.6158447265625,91.97155098488273,92.80778320839347,0.8362322235107484,0.01,29.66729527198367,6.535525011490506,5.372432223027798,0.6632404568749861,0.4998523315877218,1.1630927884627078,78.25079012804704,0.0,5.372432223027798,159.3855330892853,1.0,0.06865658754673946,True,0.0,False,True,"UNFILTERED (control, no IV condition)",1pct
put,1999-07-26,1999-09-01,83.99256134033203,83.33030700683594,76.44160405218935,75.60167843878602,0.8399256134033237,0.01,30.289889332708853,8.526890587437563,7.104920682431887,0.8175710848458084,0.6043988201598682,1.4219699050056767,76.88764065790048,0.0,7.104920682431887,215.2072611885361,1.0,0.09240653792517993,True,0.0,False,True,"UNFILTERED (control, no IV condition)",1pct
call,1999-07-26,1999-09-01,83.99256134033203,83.33030700683594,93.72623564209682,94.56616125550015,0.8399256134033237,0.01,29.55041071381355,6.547751523798695,5.180860578006871,0.7652923669433986,0.6015985788484252,1.3668909457918237,78.8117007623255,0.0,5.180860578006871,153.0965579311085,1.0,0.06573720054121059,True,0.0,False,True,"UNFILTERED (control, no IV condition)",1pct
put,1999-09-02,1999-10-08,82.3465576171875,83.68214416503906,75.15967325971616,74.33620768354429,0.8234655761718699,0.01,30.98744323001073,8.295766622228129,6.952011974239625,0.775574406772106,0.5681802412163983,1.3437546479885043,75.39454564294736,0.0,6.952011974239625,215.4250763861052,1.0,0.09220842058207877,True,0.0,False,True,"UNFILTERED (control, no IV condition)",1pct
call,1999-09-02,1999-10-08,82.3465576171875,83.68214416503906,91.56691117041775,92.39037674658962,0.8234655761718699,0.01,30.25713266976305,6.4265416939228714,5.132228405549222,0.7274884153608607,0.5668248730127889,1.2943132883736497,77.21432921163776,0.0,5.132228405549222,155.28651575822929,1.0,0.06646730545935627,True,0.0,False,True,"UNFILTERED (control, no IV condition)",1pct
put,1999-10-11,1999-11-17,83.5454330444336,88.52648162841797,77.31848741634364,76.48303308589931,0.8354543304443354,0.01,30.602858657346765,8.094098360828195,6.961135445048209,0.667657687400347,0.4653052283796394,1.1329629157799865,76.58429759938534,0.0,6.961135445048209,213.030644119457,1.0,0.09089507462041511,True,0.0,False,True,"UNFILTERED (control, no IV condition)",1pct
call,1999-10-11,1999-11-17,83.5454330444336,88.52648162841797,91.49512115606946,92.3305754865138,0.8354543304443354,0.01,30.001152381976823,6.526393414339182,5.425152697664385,0.6322002760166395,0.4690404406581583,1.101240716674798,78.12028034676915,0.0,5.425152697664385,162.76083277812185,1.0,0.06944614988044849,True,0.0,False,True,"UNFILTERED (control, no IV condition)",1pct
put,1999-11-18,1999-12-23,89.15155029296875,91.7886962890625,82.93919821026527,82.04768270733558,0.8915155029296926,0.01,28.752353888831795,8.489540258331285,7.376879828253047,0.6624494682682613,0.450210961809977,1.1126604300782383,81.77467046471621,0.0,7.376879828253047,212.10265941731632,1.0,0.090209838649683,True,0.0,False,True,"UNFILTERED (control, no IV condition)",1pct
call,1999-11-18,1999-12-23,89.15155029296875,91.7886962890625,97.02240499123121,97.9139204941609,0.8915155029296926,0.01,28.231883596176083,6.954682833821568,5.869318828165898,0.6296155382506052,0.4557484674050649,1.0853640056556701,83.28223146480336,0.0,5.869318828165898,165.70192594562425,1.0,0.07047504281446136,True,0.0,False,True,"UNFILTERED (control, no IV condition)",1pct
put,1999-12-27,2000-02-02,91.66143798828124,88.3913345336914,84.03461623433563,83.11800185445281,0.9166143798828159,0.01,28.097104537900815,9.126354528539515,7.710782045439449,0.8218656731567797,0.5937068099432868,1.4155724831000667,83.95065594284215,0.0,7.710782045439449,216.65064919968086,1.0,0.0918489791275644,True,0.0,False,True,"UNFILTERED (control, no IV condition)",1pct
call,1999-12-27,2000-02-02,91.66143798828124,88.3913345336914,101.44260459324613,102.35921897312895,0.9166143798828159,0.01,27.469410051768385,7.159877271240056,5.792453120893412,0.7732105410638235,0.5942136092828204,1.3674241503466438,85.86898486738818,0.0,5.792453120893412,159.11526998346665,1.0,0.06745687199911575,True,0.0,False,True,"UNFILTERED (control, no IV condition)",1pct
put,2000-02-03,2000-03-10,89.7228775024414,87.80387878417969,82.67919527703324,81.78196650200883,0.8972287750244163,0.01,28.782953086069018,8.802817236928284,7.511519016771579,0.755684325539957,0.5356138946167488,1.2912982201567058,82.21135848567005,0.0,7.511519016771579,216.2036994648516,1.0,0.0913683845533447,True,0.0,False,True,"UNFILTERED (control, no IV condition)",1pct
call,2000-02-03,2000-03-10,89.7228775024414,87.80387878417969,98.70526735295866,99.60249612798307,0.8972287750244163,0.01,28.18270574419268,7.012258279486705,5.760546280123183,0.7135092281753463,0.5382027711881759,1.2517119993635224,83.96233122231845,0.0,5.760546280123183,162.3477807385154,1.0,0.06860869864213516,True,0.0,False,True,"UNFILTERED (control, no IV condition)",1pct
put,2000-03-13,2000-04-19,86.8443832397461,89.91167449951172,79.68579344370002,78.81734961130256,0.8684438323974604,0.01,29.84323720817353,8.62654812399768,7.300174028120909,0.7710188994883571,0.5553551963884129,1.32637409587677,79.54420921162513,0.0,7.300174028120909,217.86082518215997,1.0,0.09177505314936253,True,0.0,False,True,"UNFILTERED (control, no IV condition)",1pct
call,2000-03-13,2000-04-19,86.8443832397461,89.91167449951172,96.02036978523192,96.88881361762938,0.8684438323974604,0.01,29.183700380039586,6.784495520147704,5.502515240623898,0.7257963337637507,0.5561839457600554,1.2819802795238062,81.34186799912214,0.0,5.502515240623898,160.58375611896926,1.0,0.06764677743426402,True,0.0,False,True,"UNFILTERED (control, no IV condition)",1pct
put,2000-04-20,2000-05-26,90.34354400634766,86.69210815429688,82.0487015528158,81.14526611275232,0.9034354400634754,0.01,28.799197649659348,9.218915777748027,7.652851555986811,0.8982685581024608,0.6677956636587545,1.5660642217612153,82.69069245036074,0.0,7.652851555986811,220.39598454436725,1.0,0.09254791959301613,True,0.0,False,True,"UNFILTERED (control, no IV condition)",1pct
call,2000-04-20,2000-05-26,90.34354400634766,86.69210815429688,101.02757769588752,101.93101313595099,0.9034354400634754,0.01,28.07993112996643,7.038133330071261,5.53473216692974,0.8396772481966519,0.6637239149448693,1.5034011631415212,84.8088118394178,0.0,5.53473216692974,155.41489807019695,1.0,0.06526128649708643,True,0.0,False,True,"UNFILTERED (control, no IV condition)",1pct
put,2000-05-30,2000-07-06,89.5190200805664,91.77620697021484,81.89714719307328,81.00195699226762,0.8951902008056578,0.01,29.142221557339568,8.964437661675362,7.543738662263555,0.8224049704768477,0.5982940289349592,1.4206989994118069,81.97528141830223,0.0,7.543738662263555,219.84130346635294,1.0,0.0920245533988408,True,0.0,False,True,"UNFILTERED (control, no IV condition)",1pct
call,2000-05-30,2000-07-06,89.5190200805664,91.77620697021484,99.30707676498305,100.20226696578871,0.8951902008056578,0.01,28.4737183696564,6.989576898615901,5.619130986233461,0.7725926674239214,0.5978532449585183,1.3704459123824397,83.89988909433232,0.0,5.619130986233461,159.99755318422118,1.0,0.0669742361627633,True,0.0,False,True,"UNFILTERED (control, no IV condition)",1pct
put,2000-07-07,2000-08-11,93.25208282470705,92.81912994384766,86.93133092351196,85.9988100952649,0.9325208282470641,0.01,28.010213329040404,8.81915920068046,7.692627696752988,0.6735052419722443,0.45302626195522777,1.1265315039274721,85.55945512795343,0.0,7.692627696752988,215.47214284693592,1.0,0.08990973218855507,True,0.0,False,True,"UNFILTERED (control, no IV condition)",1pct
call,2000-07-07,2000-08-11,93.25208282470705,92.81912994384766,101.25749117777302,102.19001200602008,0.9325208282470641,0.01,27.519552235995178,7.267481366084816,6.167141547362598,0.6410134264371703,0.4593263922850477,1.100339818722218,87.0849412773438,0.0,6.167141547362598,169.71697395942115,1.0,0.0708175426991653,True,0.0,False,True,"UNFILTERED (control, no IV condition)",1pct
put,2000-08-14,2000-09-20,93.99977111816406,91.4643325805664,87.92804985484565,86.988052143664,0.9399977111816469,0.01,27.86313447766156,8.789759903052996,7.712193720363569,0.6486550901328769,0.4289110925565498,1.0775661826894267,86.28757739780112,0.0,7.712193720363569,214.88589074826714,1.0,0.08937779866977816,True,0.0,False,True,"UNFILTERED (control, no IV condition)",1pct
call,2000-08-14,2000-09-20,93.99977111816406,91.4643325805664,101.74094778077387,102.68094549195551,0.9399977111816469,0.01,27.400444461948126,7.3097623088688835,6.255122445570685,0.6186919605099622,0.43594790278823625,1.0546398632981986,87.74464867259401,0.0,6.255122445570685,171.3931351725447,1.0,0.07128779407289823,True,0.0,False,True,"UNFILTERED (control, no IV condition)",1pct
put,2000-09-21,2000-10-27,90.07356262207033,87.92333984375,83.58411543558704,82.68337980936633,0.9007356262207082,0.01,29.202742855218666,8.651132154161623,7.479678709760551,0.6938658741275583,0.4775875702735133,1.1714534444010716,82.59388391231028,0.0,7.479678709760551,218.42713400079109,1.0,0.09055971647612197,True,0.0,False,True,"UNFILTERED (control, no IV condition)",1pct
call,2000-09-21,2000-10-27,90.07356262207033,87.92333984375,98.32645870783871,99.22719433405942,0.9007356262207082,0.01,28.651911709438206,7.032557474954171,5.891816644176637,0.658277383825695,0.48246344695183907,1.140740830777534,84.18174597789418,0.0,5.891816644176637,168.8118102971475,1.0,0.06998924262896385,True,0.0,False,True,"UNFILTERED (control, no IV condition)",1pct
put,2000-10-30,2000-12-06,88.71239471435547,85.54621887207031,80.58904002026816,79.70191607312461,0.8871239471435501,0.01,29.799636250098114,9.048146423944914,7.512989732256598,0.8806801761434724,0.654476515544844,1.5351566916883164,81.19940498209841,0.0,7.512989732256598,223.88436117196864,1.0,0.09252518209847653,True,0.0,False,True,"UNFILTERED (control, no IV condition)",1pct
call,2000-10-30,2000-12-06,88.71239471435547,85.54621887207031,99.19928166682799,100.08640561397154,0.8871239471435501,0.01,29.056699884035595,6.910713557690773,5.43684236849547,0.8233195140687877,0.650551675126515,1.4738711891953027,83.27555234585955,0.0,5.43684236849547,157.97669701818214,1.0,0.06528737685119405,True,0.0,False,True,"UNFILTERED (control, no IV condition)",1pct
put,2000-12-07,2001-01-12,84.37246704101562,83.58251190185547,76.7734170561465,75.92969238573635,0.843724670410154,0.01,31.428441967805934,8.567668044396992,7.138286745306735,0.8217865001000912,0.6075947989901659,1.4293812990902572,77.23418029570867,0.0,7.138286745306735,224.34523072443102,1.0,0.09242393352238837,True,0.0,False,True,"UNFILTERED (control, no IV condition)",1pct
call,2000-12-07,2001-01-12,84.37246704101562,83.58251190185547,94.14477115598078,94.98849582639093,0.843724670410154,0.01,30.660560779439137,6.577953968310979,5.2039883293503175,0.769207244084219,0.6047583948764423,1.3739656389606614,79.16847871166507,0.0,5.2039883293503175,159.55720046753734,1.0,0.06573308485948633,True,0.0,False,True,"UNFILTERED (control, no IV condition)",1pct
put,2001-01-16,2001-02-22,84.1167984008789,79.66301727294922,76.46686327476796,75.62569529075917,0.8411679840087913,0.01,31.625351703137984,8.564511965968169,7.120721809042613,0.8289514780373819,0.6148386788881743,1.4437901569255562,76.99607659183651,0.0,7.120721809042613,225.1953315911776,1.0,0.09248161885949376,True,0.0,False,True,"UNFILTERED (control, no IV condition)",1pct
call,2001-01-16,2001-02-22,84.1167984008789,79.66301727294922,93.98702212487945,94.82819010888824,0.8411679840087913,0.01,30.843032605749933,6.554547178881176,5.167752335784098,0.7753292612845575,0.6114655818125203,1.3867948430970778,78.94904606509503,0.0,5.167752335784098,159.38915379102932,1.0,0.06545680528581924,True,0.0,False,True,"UNFILTERED (control, no IV condition)",1pct
put,2001-02-23,2001-03-30,79.12481689453125,74.0871353149414,71.58669363531463,70.79544546636932,0.7912481689453159,0.01,33.73589734686086,8.149160805207778,6.717681356649685,0.8176042343441436,0.6138752142139492,1.4314794485580928,72.4071355378819,0.0,6.717681356649685,226.62700865685477,1.0,0.09277651030864402,True,0.0,False,True,"UNFILTERED (control, no IV condition)",1pct
call,2001-02-23,2001-03-30,79.12481689453125,74.0871353149414,88.84325427729131,89.63450244623662,0.7912481689453159,0.01,32.858222782778505,6.154403103759787,4.783617498729492,0.7623228413121463,0.6084627637181483,1.3707856050302947,74.34119939580211,0.0,4.783617498729492,157.1811694808513,1.0,0.06434678936589248,True,0.0,False,True,"UNFILTERED (control, no IV condition)",1pct
put,2001-04-02,2001-05-09,72.50624084472656,79.77590942382812,64.4458685131831,63.720806104735836,0.7250624084472648,0.01,36.953591444354785,7.78025254382122,6.196154071731291,0.8893023928427335,0.6947960792471952,1.5840984720899287,66.31008677299519,0.0,6.196154071731291,228.9701460930335,1.0,0.09344210471241123,True,0.0,False,True,"UNFILTERED (control, no IV condition)",1pct
call,2001-04-02,2001-05-09,72.50624084472656,79.77590942382812,83.13925853359859,83.86432094204586,0.7250624084472719,0.01,35.80709912671482,5.571361479717396,4.072999531950838,0.8188229923797474,0.6795389553868103,1.4983619477665577,68.43324131277635,0.0,4.072999531950838,145.84229798362674,1.0,0.059517852052850484,True,0.0,False,True,"UNFILTERED (control, no IV condition)",1pct
put,2001-05-10,2001-06-15,80.01081085205078,77.58329010009766,73.17444307414179,72.37433496562129,0.8001081085205044,0.01,33.547357945504615,8.017573592962624,6.74447172265642,0.7367706050651346,0.536331265241069,1.2731018703062036,73.26633912939403,0.0,6.74447172265642,226.25920703328904,1.0,0.09205416570282242,True,0.0,False,True,"UNFILTERED (control, no IV condition)",1pct
call,2001-05-10,2001-06-15,80.01081085205078,77.58329010009766,88.7687886399817,89.5688967485022,0.8001081085205044,0.01,32.77576426501896,6.247570571541594,5.019665435686169,0.6920472000719824,0.5358579357834431,1.2279051358554254,74.99114541636428,0.0,5.019665435686169,164.52337100931354,1.0,0.0669367751061287,True,0.0,False,True,"UNFILTERED (control, no IV condition)",1pct
put,2001-06-18,2001-07-25,77.2076644897461,75.8323745727539,70.75627212417699,69.98419547927952,0.7720766448974672,0.01,34.87039293042344,7.695368658598678,6.497025793728358,0.6953635406676428,0.5029793242026764,1.1983428648703192,70.71063869601836,0.0,6.497025793728358,226.5538423064041,1.0,0.09188187115179032,True,0.0,False,True,"UNFILTERED (control, no IV condition)",1pct
call,2001-06-18,2001-07-25,77.2076644897461,75.8323745727539,85.4833482138637,86.25542485876117,0.7720766448974672,0.01,34.08757879507978,6.030457984485249,4.873170728421938,0.6540243528377232,0.5032629032255875,1.1572872560633107,72.33449376132478,0.0,4.873170728421938,166.11459118695913,1.0,0.06736994309383672,True,0.0,False,True,"UNFILTERED (control, no IV condition)",1pct
put,2001-07-26,2001-08-31,76.62824249267578,72.68062591552734,70.34454068283308,69.57825825790633,0.7662824249267572,0.01,35.24123733341375,7.600086540846274,6.438847581279081,0.6756205615441768,0.4856183980230161,1.1612389595671928,70.18939491139665,0.0,6.438847581279081,226.91295576553316,1.0,0.09173533394050681,True,0.0,False,True,"UNFILTERED (control, no IV condition)",1pct
call,2001-07-26,2001-08-31,76.62824249267578,72.68062591552734,84.65845841703295,85.4247408419597,0.7662824249267572,0.01,34.46821024455201,5.9875070739258796,4.864692635827556,0.6362510574732361,0.48656338062508797,1.122814438098324,71.76354985684816,0.0,4.864692635827556,167.67724854682808,1.0,0.0677877926263612,True,0.0,False,True,"UNFILTERED (control, no IV condition)",1pct
put,2001-09-04,2001-10-11,72.21585845947266,70.30109405517578,65.50541561141308,64.78325702681836,0.7221585845947232,0.01,37.54403687097916,7.39312976599269,6.121396189071218,0.7282809105356447,0.5434526663858269,1.2717335769214717,66.0944622704011,0.0,6.121396189071218,229.82192422436114,1.0,0.09261587096401186,True,0.0,False,True,"UNFILTERED (control, no IV condition)",1pct
call,2001-09-04,2001-10-11,72.21585845947266,70.30109405517578,80.889462805048,81.61162138964272,0.7221585845947232,0.01,36.59227052702168,5.622014361856298,4.402276719168932,0.6801440008668891,0.5395936418204766,1.2197376426873658,67.81358174030339,0.0,4.402276719168932,161.08930064263902,1.0,0.06491733080885984,True,0.0,False,True,"UNFILTERED (control, no IV condition)",1pct
put,2001-10-12,2001-11-16,69.98150634765625,73.08753967285156,61.46956724038396,60.769752176907396,0.6998150634765636,0.01,38.902679896500494,7.696789846329999,5.994368197599432,0.9474206974444122,0.7550009512861555,1.7024216487305677,63.987138150056936,0.0,5.994368197599432,233.1969871729733,1.0,0.09368082978710461,True,0.0,False,True,"UNFILTERED (control, no IV condition)",1pct
call,2001-10-12,2001-11-16,69.98150634765625,73.08753967285156,81.32703198736117,82.02684705083773,0.6998150634765636,0.01,37.57106165845113,5.323838014654392,3.7264940306197927,0.8652199672004812,0.7321240168341181,1.5973439840345993,66.25501231703656,0.0,3.7264940306197927,140.0083369942663,1.0,0.056244711159182385,True,0.0,False,True,"UNFILTERED (control, no IV condition)",1pct
put,2001-11-19,2001-12-26,73.98870849609375,73.9802474975586,67.47133243468154,66.7314453497206,0.7398870849609409,0.01,36.85840793643118,7.472746088634974,6.250154412742898,0.7047051640539759,0.5178865118381004,1.2225916758920763,67.73855408335119,0.0,6.250154412742898,230.37074101056317,1.0,0.092268789868945,True,0.0,False,True,"UNFILTERED (control, no IV condition)",1pct
call,2001-11-19,2001-12-26,73.98870849609375,73.9802474975586,82.37733556989366,83.1172226548546,0.7398870849609409,0.01,35.979296454248626,5.771850618471586,4.595043097355131,0.6605518932891241,0.5162556278273306,1.1768075211164546,69.39366539873896,0.0,4.595043097355131,165.32641781978907,1.0,0.06621703971035132,True,0.0,False,True,"UNFILTERED (control, no IV condition)",1pct
put,2001-12-27,2002-02-01,74.42914581298828,72.2423324584961,68.69592817647626,67.95163671834638,0.7442914581298794,0.01,36.72045049770175,7.26801563265651,6.220581684355259,0.6145671695588328,0.43286677874241897,1.0474339483012518,68.20856412863267,0.0,6.220581684355259,228.42256180727745,1.0,0.09119942288513849,True,0.0,False,True,"UNFILTERED (control, no IV condition)",1pct
call,2001-12-27,2002-02-01,74.42914581298828,72.2423324584961,81.73476505587598,82.47905651400586,0.7442914581298794,0.01,35.97140350710626,5.816639972279347,4.800247343403063,0.5809043140916348,0.4354883147846489,1.0163926288762837,69.62889846958488,0.0,4.800247343403063,172.67163412346645,1.0,0.06894044640818058,True,0.0,False,True,"UNFILTERED (control, no IV condition)",1pct
put,2002-02-04,2002-03-13,70.44669342041016,74.41630554199219,64.14051346430267,63.43604653009857,0.704466934204099,0.01,38.962611680827386,7.143997632368926,5.957405404847696,0.6825960841652268,0.5039961433560031,1.18659222752123,64.48928801556221,0.0,5.957405404847696,232.11607341434305,1.0,0.0923782164165014,True,0.0,False,True,"UNFILTERED (control, no IV condition)",1pct
call,2002-02-04,2002-03-13,70.44669342041016,74.41630554199219,78.57311480310537,79.27758173730948,0.7044669342041061,0.01,38.01603223023941,5.492608862188586,4.351655639884145,0.6391342219295798,0.5018190003748618,1.1409532223044416,66.09503778052647,0.0,4.351655639884145,165.43268106073876,1.0,0.0658393698833208,True,0.0,False,True,"UNFILTERED (control, no IV condition)",1pct
put,2002-03-14,2002-04-19,74.31372833251953,72.59718322753906,69.21907345571253,68.47593617238734,0.743137283325197,0.01,36.97271368413487,7.050179867923312,6.138530722004676,0.5439518213083611,0.36769732461027493,0.911649145918636,68.17519761051503,0.0,6.138530722004676,226.95813882594456,1.0,0.09004052701209768,True,0.0,False,True,"UNFILTERED (control, no IV condition)",1pct
call,2002-03-14,2002-04-19,74.31372833251953,72.59718322753906,80.7879296274657,81.5310669107909,0.743137283325197,0.01,36.31501849393066,5.793725965377661,4.903821188064844,0.5173739632236302,0.3725308140891864,0.8899047773128166,69.40990714445485,0.0,4.903821188064844,178.08235713550383,1.0,0.07065016205624776,True,0.0,False,True,"UNFILTERED (control, no IV condition)",1pct
put,2002-04-22,2002-05-29,71.38807678222656,69.00849151611328,66.28782884508306,65.5739480772608,0.7138807678222605,0.01,38.62715423635975,6.84423694560401,5.923174655114943,0.5460841070645844,0.37497818342448197,0.9210622904890664,65.46490212711112,0.0,5.923174655114943,228.7953809720219,1.0,0.09047862996287848,True,0.0,False,True,"UNFILTERED (control, no IV condition)",1pct
call,2002-04-22,2002-05-29,71.38807678222656,69.00849151611328,77.89336548029189,78.60724624811415,0.7138807678222605,0.01,37.904435579826135,5.572181898327511,4.674964375983598,0.5182610349010519,0.3789564874428608,0.8972175223439127,66.71311240624244,0.0,4.674964375983598,177.2018860274524,1.0,0.07007564491244085,True,0.0,False,True,"UNFILTERED (control, no IV condition)",1pct
put,2002-05-30,2002-07-05,68.8155288696289,64.09339904785156,63.75273414507884,63.06457885638255,0.6881552886962865,0.01,40.21047918152385,6.643766660297423,5.726431984711433,0.5417144210467129,0.3756202545392773,0.9173346755859901,63.08909688491722,0.0,5.726431984711433,230.2625741056514,1.0,0.09076737926930854,True,0.0,False,True,"UNFILTERED (control, no IV condition)",1pct
call,2002-05-30,2002-07-05,68.8155288696289,64.09339904785156,75.25730937917949,75.94546466787578,0.6881552886962936,0.01,39.43313388900402,5.375086349493685,4.48275673914679,0.5133533845421201,0.3789762258047752,0.8923296103468953,64.33277213048257,0.0,4.48275673914679,176.76914668661044,1.0,0.06968076441746775,True,0.0,False,True,"UNFILTERED (control, no IV condition)",1pct
put,2002-07-08,2002-08-14,63.2931022644043,59.5176010131836,56.88973477934419,56.256803756700144,0.6329310226440441,0.01,43.95193381711454,6.623412339981005,5.389314415666938,0.6998416164067989,0.5342563079072687,1.2340979243140677,57.90378784873747,0.0,5.389314415666938,236.8707905170146,1.0,0.09307360737341548,True,0.0,False,True,"UNFILTERED (control, no IV condition)",1pct
call,2002-07-08,2002-08-14,63.2931022644043,59.5176010131836,71.63981737838206,72.2727484010261,0.6329310226440441,0.01,42.72510665302864,4.902958264080315,3.726640044524962,0.6494460880786812,0.5268721314766717,1.1763182195553528,59.56646221987945,0.0,3.726640044524962,159.2210933597764,1.0,0.06256272247239907,True,0.0,False,True,"UNFILTERED (control, no IV condition)",1pct
put,2002-08-15,2002-09-20,60.34366226196289,54.68242645263672,54.072008286953164,53.46857166433354,0.6034366226196255,0.01,46.2491926366811,6.358525626320866,5.144746488009583,0.6863711394846539,0.5274079988266289,1.2137791383112828,55.198915773952976,0.0,5.144746488009583,237.94037139084375,1.0,0.09320375981800105,True,0.0,False,True,"UNFILTERED (control, no IV condition)",1pct
call,2002-08-15,2002-09-20,60.34366226196289,54.68242645263672,68.5260880711344,69.12952469375402,0.6034366226196255,0.01,44.919933316425684,4.665931211206242,3.511314115266251,0.6356326881100743,0.5189844078299172,1.1546170959399915,56.8323481466963,0.0,3.511314115266251,157.72799591078424,1.0,0.06178372405452626,True,0.0,False,True,"UNFILTERED (control, no IV condition)",1pct
put,2002-09-23,2002-10-30,54.235130310058594,57.97567367553711,46.71032076108241,46.16796945798182,0.5423513031005882,0.01,51.64132978894388,6.2027757481012635,4.646580464857575,0.8556323384731113,0.7005629447705775,1.5561952832436887,49.58854984520124,0.0,4.646580464857575,239.95559417657418,1.0,0.09370268901515844,True,0.0,False,True,"UNFILTERED (control, no IV condition)",1pct
call,2002-09-23,2002-10-30,54.235130310058594,57.97567367553711,64.57172193295672,65.11407323605731,0.5423513031005882,0.01,49.5944416415343,4.039641519187764,2.599935486796862,0.7703485351853001,0.6693574972056027,1.4397060323909028,51.635194823261955,0.0,2.599935486796862,128.94234877170103,1.0,0.050352003041645846,True,0.0,False,True,"UNFILTERED (control, no IV condition)",1pct
put,2002-10-31,2002-12-06,57.38575744628906,59.66122055053711,51.0949308889584,50.52107331449551,0.5738575744628918,0.01,48.933513075830625,6.13352148549513,4.902368175001065,0.6922456738157223,0.538907636678343,1.2311533104940653,52.483389271288104,0.0,4.902368175001065,239.89009719395054,1.0,0.0934079952356085,True,0.0,False,True,"UNFILTERED (control, no IV condition)",1pct
call,2002-10-31,2002-12-06,57.38575744628906,59.66122055053711,65.65067409933418,66.22453167379707,0.5738575744628918,0.01,47.44037800759298,4.416530562529264,3.2505097305260913,0.6382170480332044,0.5278037839699684,1.1660208320031729,54.13524771576308,0.0,3.2505097305260913,154.20541033351697,1.0,0.0600442386001978,True,0.0,False,True,"UNFILTERED (control, no IV condition)",1pct
put,2002-12-09,2003-01-15,58.02107238769531,60.19545364379883,51.65456932547824,51.07435860160129,0.5802107238769523,0.01,48.545882534438256,6.203996187041039,4.956252245769202,0.7014219229739327,0.5463220182979039,1.2477439412718367,53.06482014192603,0.0,4.956252245769202,240.6056393341575,1.0,0.0933999631490942,True,0.0,False,True,"UNFILTERED (control, no IV condition)",1pct
call,2002-12-09,2003-01-15,58.02107238769531,60.19545364379883,66.4042472143454,66.98445793822236,0.5802107238769594,0.01,47.06152524673739,4.464080490739608,3.2825463451379653,0.646568078935067,0.5349660666665756,1.1815341456016426,54.73852604255798,0.0,3.2825463451379653,154.4816376952959,1.0,0.059967751827768596,True,0.0,False,True,"UNFILTERED (control, no IV condition)",1pct
put,2003-01-16,2003-02-21,59.94789505004883,55.49185180664063,54.61667956427067,54.01720061377018,0.5994789505004903,0.01,47.08392769499592,6.067957723579642,5.067590934378383,0.5760328661453762,0.42433392305588347,1.0003667892012595,54.88030411567064,0.0,5.067590934378383,238.60208514208858,1.0,0.09233897326256565,True,0.0,False,True,"UNFILTERED (control, no IV condition)",1pct
call,2003-01-16,2003-02-21,59.94789505004883,55.49185180664063,66.79700499065582,67.3964839411563,0.5994789505004832,0.01,45.95010740374692,4.675806577300445,3.7134177689154058,0.5396419864087759,0.4227468219762637,0.9623888083850396,56.23447728113291,0.0,3.7134177689154058,170.63194531664516,1.0,0.06603453874659354,True,0.0,False,True,"UNFILTERED (control, no IV condition)",1pct
put,2003-02-24,2003-04-02,54.59283447265625,57.63865280151367,48.383575889477164,47.8376475447506,0.5459283447265619,0.01,51.9217524196867,5.89468558620343,4.668384108998006,0.6868343084302564,0.5394671687751679,1.2263014772054244,49.92445036365819,0.0,4.668384108998006,242.39068390739413,1.0,0.09350897355890155,True,0.0,False,True,"UNFILTERED (control, no IV condition)",1pct
call,2003-02-24,2003-04-02,54.59283447265625,57.63865280151367,62.81132865497845,63.357256999705015,0.5459283447265619,0.01,50.26928681308972,4.184859006960728,3.027254059531681,0.6311132113015344,0.5264917361275129,1.1576049474290473,51.565580413124515,0.0,3.027254059531681,152.17790257468826,1.0,0.058706874532942946,True,0.0,False,True,"UNFILTERED (control, no IV condition)",1pct
put,2003-04-03,2003-05-09,57.36392974853516,61.308101654052734,51.63707169426995,51.0634323967846,0.5736392974853501,0.01,49.54174794753954,5.981085387678675,4.881802433332566,0.6244050445190386,0.47487790982707057,1.0992829543461091,52.482127315202455,0.0,4.881802433332566,241.85302568184719,1.0,0.09301837945731399,True,0.0,False,True,"UNFILTERED (control, no IV condition)",1pct
call,2003-04-03,2003-05-09,57.36392974853516,61.308101654052734,64.80075721789332,65.37439651537868,0.5736392974853572,0.01,48.18102150178865,4.44857411020001,3.399604332481249,0.5800920652368813,0.4688777124818799,1.0489697777187612,53.96432541605447,0.0,3.399604332481249,163.7964094408529,1.0,0.06299725432071947,True,0.0,False,True,"UNFILTERED (control, no IV condition)",1pct
put,2003-05-12,2003-06-18,62.06031036376953,66.43618774414062,57.682416430736005,57.06181332709831,0.6206031036376984,0.01,45.82338166672449,5.931296872359226,5.142439682111605,0.46856980602830167,0.3202873842193199,0.7888571902476216,56.917870681658236,0.0,5.142439682111605,235.64397625150943,1.0,0.0903484199342818,True,0.0,False,True,"UNFILTERED (control, no IV condition)",1pct
call,2003-05-12,2003-06-18,62.06031036376953,66.43618774414062,67.64319254818473,68.26379565182242,0.6206031036376913,0.01,44.97872995022201,4.84250198903835,4.073583864613725,0.44499033707529334,0.3239277873493318,0.7689181244246251,57.9867264991554,0.0,4.073583864613725,183.22462857604248,1.0,0.07025028158251109,True,0.0,False,True,"UNFILTERED (control, no IV condition)",1pct
put,2003-06-19,2003-07-25,65.4223403930664,65.7965087890625,60.79728220468628,60.14305880075562,0.6542234039306649,0.01,43.60886807959535,6.254111205876267,5.42200561657796,0.49422918472260824,0.3378764045756988,0.832105589298307,60.00033477648853,0.0,5.42200561657796,236.44752766017328,1.0,0.0903662560680012,True,0.0,False,True,"UNFILTERED (control, no IV condition)",1pct
call,2003-06-19,2003-07-25,65.4223403930664,65.7965087890625,71.30210950032449,71.95633290425515,0.6542234039306578,0.01,42.8044349870815,5.105460352057722,4.294406224816008,0.4693453180215801,0.34170880922013425,0.8110541272417143,61.12793416824977,0.0,4.294406224816008,183.8196320582549,1.0,0.07025276223135558,True,0.0,False,True,"UNFILTERED (control, no IV condition)",1pct
put,2003-07-28,2003-09-03,65.55361938476562,67.85124206542969,61.20473566404455,60.54919947019689,0.6555361938476594,0.01,43.634034679149465,6.170601261981545,5.395257993350786,0.46480415009015064,0.3105391185406092,0.7753432686307599,60.15836139141515,0.0,5.395257993350786,235.41687438482654,1.0,0.08968425782489334,True,0.0,False,True,"UNFILTERED (control, no IV condition)",1pct
call,2003-07-28,2003-09-03,65.55361938476562,67.85124206542969,71.0975332800639,71.75306947391155,0.6555361938476523,0.01,42.88606698442711,5.103989691642852,4.346047514232226,0.44277095985084947,0.31517121755977595,0.7579421774106254,61.20757187053301,0.0,4.346047514232226,186.38488481286618,1.0,0.07100506328571632,True,0.0,False,True,"UNFILTERED (control, no IV condition)",1pct
put,2003-09-04,2003-10-10,67.88404846191406,68.9090347290039,63.34920547651762,62.670364991898474,0.678840484619144,0.01,42.27425032161217,6.398902730483869,5.591091346327584,0.48389197620919144,0.32391940794709306,0.8078113841562845,62.29295711558682,0.0,5.591091346327584,236.3591951456519,1.0,0.0897547909943192,True,0.0,False,True,"UNFILTERED (control, no IV condition)",1pct
call,2003-09-04,2003-10-10,67.88404846191406,68.9090347290039,73.6459531392945,74.32479362391365,0.678840484619144,0.01,41.54501386160496,5.287163922421012,4.497667820662723,0.4608375999094083,0.32865850184888024,0.7894961017582885,63.386380641251684,0.0,4.497667820662723,186.8556719543274,1.0,0.0709563754100144,True,0.0,False,True,"UNFILTERED (control, no IV condition)",1pct
put,2003-10-13,2003-11-19,69.1264877319336,69.00789642333984,64.74469280724729,64.05342792992795,0.691264877319341,0.01,41.624962309061786,6.433668551260219,5.658505704605382,0.4680022802181716,0.307160566436665,0.7751628466548366,63.46798202732873,0.0,5.658505704605382,235.53508667981012,1.0,0.0891552799357774,True,0.0,False,True,"UNFILTERED (control, no IV condition)",1pct
call,2003-10-13,2003-11-19,69.1264877319336,69.00789642333984,74.71416770816569,75.40543258548503,0.691264877319341,0.01,40.94911026834479,5.370277653056377,4.610986847852116,0.44677387326533535,0.3125169319389248,0.7592908052042602,64.51550088408199,0.0,4.610986847852116,188.81580887858385,1.0,0.07147099200449349,True,0.0,False,True,"UNFILTERED (control, no IV condition)",1pct
put,2003-11-20,2003-12-26,68.3884506225586,72.63116455078125,63.63166275598921,62.94777824976362,0.6838845062255885,0.01,42.24965806160591,6.511372974270202,5.6580168338078884,0.5080702324095354,0.34528590805277815,0.8533561404623136,62.73043378875096,0.0,5.6580168338078884,239.04927653519343,1.0,0.09019572306580326,True,0.0,False,True,"UNFILTERED (control, no IV condition)",1pct
call,2003-11-20,2003-12-26,68.3884506225586,72.63116455078125,74.43424848471012,75.1181329909357,0.6838845062255814,0.01,41.48511288112947,5.334359607104044,4.501933422396179,0.4828925874427348,0.3495335972651309,0.8324261847078657,63.88651720016196,0.0,4.501933422396179,186.76321621143498,1.0,0.07046766077874042,True,0.0,False,True,"UNFILTERED (control, no IV condition)",1pct
put,2003-12-29,2004-02-04,73.59783172607422,74.71672058105469,69.05653245988606,68.32055414262531,0.735978317260745,0.01,39.335891393164275,6.803932073195362,6.004203278444567,0.4849135482903416,0.31481524646045367,0.7997287947507953,67.59362844762994,0.0,6.004203278444567,236.18068806337638,1.0,0.08882794749059066,True,0.0,False,True,"UNFILTERED (control, no IV condition)",1pct
call,2003-12-29,2004-02-04,73.59783172607422,74.71672058105469,79.39136649406801,80.12734481132875,0.735978317260745,0.01,38.717475961981656,5.708806419262569,4.924563094185516,0.4634817427793092,0.3207615822977433,0.7842433250770525,68.67326863188899,0.0,4.924563094185516,190.66665322238973,1.0,0.07171004369375183,True,0.0,False,True,"UNFILTERED (control, no IV condition)",1pct
put,2004-02-05,2004-03-12,74.93519592285156,74.53794860839844,70.1987239501294,69.44937199090089,0.7493519592285196,0.01,38.76797774932162,6.966873776176019,6.131179588565311,0.5049330160075555,0.33076117160315277,0.8356941876107082,68.80401633428666,0.0,6.131179588565311,237.69343386659486,1.0,0.08911078037620312,True,0.0,False,True,"UNFILTERED (control, no IV condition)",1pct
call,2004-02-05,2004-03-12,74.93519592285156,74.53794860839844,80.95451274428407,81.7038647035126,0.7493519592285196,0.01,38.141961496638615,5.820662123935794,5.001913269135811,0.4821327039491896,0.33661615085079366,0.8187488547999833,69.93328265371615,0.0,5.001913269135811,190.78278332090386,1.0,0.07152407379335304,True,0.0,False,True,"UNFILTERED (control, no IV condition)",1pct
put,2004-03-15,2004-04-21,73.6242904663086,74.85909271240234,68.00513327429908,67.268890369636,0.7362429046630865,0.01,39.65791672725693,7.174884880230259,6.148176754663673,0.6030401237861721,0.42366800178041397,1.0267081255665862,67.47611371164498,0.0,6.148176754663673,243.82388176090873,1.0,0.09111634349508521,True,0.0,False,True,"UNFILTERED (control, no IV condition)",1pct
call,2004-03-15,2004-04-21,73.6242904663086,74.85909271240234,80.80315691280099,81.53939981746407,0.7362429046630865,0.01,38.85630059662178,5.752824323567829,4.756126035647731,0.570259448004648,0.4264388399154495,0.9966982879200975,68.86816443066091,0.0,4.756126035647731,184.8054629165473,1.0,0.06906131555802361,True,0.0,False,True,"UNFILTERED (control, no IV condition)",1pct
put,2004-04-22,2004-05-28,75.90887451171875,74.98529815673828,71.96808319196482,71.20899444684764,0.7590887451171824,0.01,38.42259901436246,6.7128714528169375,6.040235887209742,0.4202286759638102,0.2524068896433848,0.672635565607195,69.86863862450849,0.0,6.040235887209742,232.0815614464218,1.0,0.08645131787484049,True,0.0,False,True,"UNFILTERED (control, no IV condition)",1pct
call,2004-04-22,2004-05-28,75.90887451171875,74.98529815673828,80.94957776328823,81.70866650840541,0.7590887451171824,0.01,37.93437868209201,5.804918950979232,5.141017522506576,0.4045122011235691,0.2593892273490869,0.6639014284726561,70.76785698921167,0.0,5.141017522506576,195.02130551003495,1.0,0.0726462230344252,True,0.0,False,True,"UNFILTERED (control, no IV condition)",1pct
put,2004-06-01,2004-07-08,74.88565826416016,74.3121337890625,70.48233002619796,69.73347344355635,0.7488565826416078,0.01,39.134954990405916,6.839723309532619,6.070535222669282,0.470090584800828,0.2990975020625092,0.7691880868633372,68.8151230414915,0.0,6.070535222669282,237.5701227068361,1.0,0.08821513287143443,True,0.0,False,True,"UNFILTERED (control, no IV condition)",1pct
call,2004-06-01,2004-07-08,74.88565826416016,74.3121337890625,80.50983334447415,81.25868992711575,0.7488565826416078,0.01,38.55440930361257,5.790084646305349,5.034328895312895,0.4502539335750455,0.30550181741740845,0.755755750992454,69.85132936884789,0.0,5.034328895312895,194.0955767988971,1.0,0.07207205561871657,True,0.0,False,True,"UNFILTERED (control, no IV condition)",1pct
put,2004-07-09,2004-08-13,74.50553894042969,71.47808837890625,70.36949621527774,69.62444082587344,0.7450553894042997,0.01,39.43123705559369,6.700648270588516,5.9885392564226665,0.43981261046528164,0.27229640370056846,0.7121090141658502,68.5169996840073,0.0,5.9885392564226665,236.13551103673095,1.0,0.08740224008700229,True,0.0,False,True,"UNFILTERED (control, no IV condition)",1pct
call,2004-07-09,2004-08-13,74.50553894042969,71.47808837890625,79.75863035666143,80.50368574606573,0.7450553894042997,0.01,38.888468768137216,5.73353826053582,5.032244093404714,0.4223163118222517,0.278977855308854,0.7012941671311057,69.47329484702526,0.0,5.032244093404714,195.69626726001218,1.0,0.07243422245173949,True,0.0,False,True,"UNFILTERED (control, no IV condition)",1pct
put,2004-08-16,2004-09-22,72.2182846069336,74.69512176513672,67.63522767460553,66.9130448285362,0.7221828460693303,0.01,40.876431127104006,6.723355974969447,5.912430164398064,0.48950485497281093,0.32142095559857253,0.8109258105713835,66.30585444253497,0.0,5.912430164398064,241.67904440882967,1.0,0.08916905172411535,True,0.0,False,True,"UNFILTERED (control, no IV condition)",1pct
call,2004-08-16,2004-09-22,72.2182846069336,74.69512176513672,78.06253097045877,78.7847138165281,0.7221828460693303,0.01,40.21181776528814,5.6108216774911845,4.816539471608563,0.46727637390995,0.32700583197267097,0.794282205882621,67.40174513532446,0.0,4.816539471608563,193.68180749164077,1.0,0.07146015970266431,True,0.0,False,True,"UNFILTERED (control, no IV condition)",1pct
put,2004-09-23,2004-10-29,74.2933578491211,75.79996490478516,70.38453251719478,69.64159893870358,0.7429335784912041,0.01,39.77017129117823,6.592836837146354,5.924180116028495,0.4167388210232603,0.25191790009459897,0.6686567211178593,68.36917773309192,0.0,5.924180116028495,235.60565797424536,1.0,0.08664986639383093,True,0.0,False,True,"UNFILTERED (control, no IV condition)",1pct
call,2004-09-23,2004-10-29,74.2933578491211,75.79996490478516,79.28957673986196,80.03251031835316,0.7429335784912041,0.01,39.256407536430196,5.689087192055631,5.0294063028976845,0.4009540344796697,0.25872685467827616,0.6596808891579459,69.26395154622273,0.0,5.0294063028976845,197.43642349284218,1.0,0.07261217690621292,True,0.0,False,True,"UNFILTERED (control, no IV condition)",1pct
put,2004-11-01,2004-12-08,76.00757598876953,79.77884674072266,71.54668097741524,70.78660521752754,0.7600757598876982,0.01,39.052334888079095,6.938901601782543,6.159902119106679,0.4762360113602149,0.30276347131564935,0.7789994826758642,69.84767386966314,0.0,6.159902119106679,240.5585604331421,1.0,0.08819051197898377,True,0.0,False,True,"UNFILTERED (control, no IV condition)",1pct
call,2004-11-01,2004-12-08,76.00757598876953,79.77884674072266,81.70560467254857,82.46568043243627,0.7600757598876982,0.01,38.47433193285234,5.876026757172781,5.110574947348642,0.45617623937672935,0.3092755704474093,0.7654518098241386,70.89700104142118,0.0,5.110574947348642,196.625956892011,1.0,0.07208450106885081,True,0.0,False,True,"UNFILTERED (control, no IV condition)",1pct
put,2004-12-09,2005-01-14,80.0608901977539,79.7845687866211,76.41697975959788,75.61637085762034,0.8006089019775402,0.01,37.06314940321361,6.8373109451720815,6.228566568487628,0.38983857515687836,0.21890580152757466,0.608744376684453,73.8323236292664,0.0,6.228566568487628,230.85029329571847,1.0,0.08436097175761494,True,0.0,False,True,"UNFILTERED (control, no IV condition)",1pct
call,2004-12-09,2005-01-14,80.0608901977539,79.7845687866211,84.76501991780536,85.5656288197829,0.8006089019775402,0.01,36.66374527657619,6.02748457431046,5.42425881121117,0.37695643872852624,0.22626932437076336,0.6032257630992897,74.63663138654285,0.0,5.42425881121117,198.87364336847034,1.0,0.07267555770462031,True,0.0,False,True,"UNFILTERED (control, no IV condition)",1pct
put,2005-01-18,2005-02-24,80.61458587646484,81.13409423828125,77.02640163723228,76.22025577846763,0.8061458587646513,0.01,36.9125111640805,6.84726138738494,6.248122213532067,0.38516035426874873,0.21397881958412357,0.5991391738528723,74.36646366293306,0.0,6.248122213532067,230.6338809615418,1.0,0.0840180090027107,True,0.0,False,True,"UNFILTERED (control, no IV condition)",1pct
call,2005-01-18,2005-02-24,80.61458587646484,81.13409423828125,85.27749238045178,86.08363823921643,0.8061458587646513,0.01,36.52457183420129,6.052273335501024,5.45825187063403,0.37266414912726087,0.22135731573973277,0.5940214648669937,75.1563340058311,0.0,5.45825187063403,199.3603125381362,1.0,0.07262530753842444,True,0.0,False,True,"UNFILTERED (control, no IV condition)",1pct
put,2005-02-25,2005-04-01,81.93704223632812,79.54925537109375,78.67311132870874,77.85374090634546,0.8193704223632778,0.01,36.36110003114616,6.7382920755207465,6.206307970794711,0.3502207033070276,0.18176340141900782,0.5319841047260354,75.73073426553307,0.0,6.206307970794711,225.66818495016622,1.0,0.08195230154554774,True,0.0,False,True,"UNFILTERED (control, no IV condition)",1pct
call,2005-02-25,2005-04-01,81.93704223632812,79.54925537109375,86.18507302928475,87.00444345164803,0.8193704223632778,0.01,36.03213244832593,6.043843812868044,5.5148985286180245,0.340020689785861,0.1889245944641585,0.5289452842500195,76.42214370770975,0.0,5.5148985286180245,198.71355422224246,1.0,0.07216361987581436,True,0.0,False,True,"UNFILTERED (control, no IV condition)",1pct
put,2005-04-04,2005-05-11,79.68474578857422,79.4205551147461,75.64687197196976,74.85002451408401,0.7968474578857467,0.01,37.64821397639799,7.005966021512933,6.317641559506717,0.4317368062720206,0.2565876557341959,0.6883244620062166,73.36710422906796,0.0,6.317641559506717,237.84792125849356,1.0,0.08611000292149563,True,0.0,False,True,"UNFILTERED (control, no IV condition)",1pct
call,2005-04-04,2005-05-11,79.68474578857422,79.4205551147461,84.87857747980861,85.67542493769436,0.7968474578857467,0.01,37.18269499431012,6.078970068064304,5.399101908610595,0.4159212055776601,0.26394695387605,0.6798681594537102,74.28564387996408,0.0,5.399101908610595,200.75315951106538,1.0,0.07268028688470198,True,0.0,False,True,"UNFILTERED (control, no IV condition)",1pct
put,2005-05-12,2005-06-17,78.54669189453125,82.54331970214844,74.03469301517514,73.24922609622982,0.7854669189453176,0.01,38.3777795271225,7.128978189119639,6.345733563897637,0.4807345399749974,0.3025100852470042,0.7832446252220016,72.20095833063412,0.0,6.345733563897637,243.53516365312484,1.0,0.08788988000461495,True,0.0,False,True,"UNFILTERED (control, no IV condition)",1pct
call,2005-05-12,2005-06-17,78.54669189453125,82.54331970214844,84.29245427059973,85.07792118954505,0.7854669189453176,0.01,37.8256500417561,6.062155132683422,5.2918381801554695,0.4609354154225198,0.3093815371054326,0.7703169525279524,73.2548537143763,0.0,5.2918381801554695,200.16721908016424,1.0,0.07223873793794695,True,0.0,False,True,"UNFILTERED (control, no IV condition)",1pct
put,2005-06-20,2005-07-27,82.5705337524414,84.19607543945312,79.20825080437116,78.38254546684675,0.8257053375244112,0.01,36.44128286806019,6.842978816864509,6.289286514816869,0.36238338623462707,0.19130891581301268,0.5536923020476398,76.28124723762426,0.0,6.289286514816869,229.18966892471795,1.0,0.08244865864902638,True,0.0,False,True,"UNFILTERED (control, no IV condition)",1pct
call,2005-06-20,2005-07-27,82.5705337524414,84.19607543945312,86.98034850242935,87.80605383995376,0.8257053375244112,0.01,36.09950808723411,6.117266166839208,5.5670881266067385,0.3515548472017266,0.19862319303074333,0.5501780402324699,77.00344562583439,0.0,5.5670881266067385,200.96914284878497,1.0,0.07229661064334243,True,0.0,False,True,"UNFILTERED (control, no IV condition)",1pct
put,2005-07-28,2005-09-02,84.72660064697266,83.16224670410156,81.61990543076723,80.77263942429751,0.8472660064697237,0.01,35.55682101641643,6.807574196258859,6.30593185144693,0.3359158498592002,0.16572649495272818,0.5016423448119284,78.42066879552544,0.0,6.30593185144693,224.21889018361796,1.0,0.08041160510743739,True,0.0,False,True,"UNFILTERED (control, no IV condition)",1pct
call,2005-07-28,2005-09-02,84.72660064697266,83.16224670410156,88.8326536710331,89.67991967750282,0.8472660064697237,0.01,35.267158831196205,6.161441571593951,5.661833969945645,0.32682182046907815,0.17278578117922716,0.4996076016483053,79.06476667702674,0.0,5.661833969945645,199.67679789393523,1.0,0.0716100762438696,True,0.0,False,True,"UNFILTERED (control, no IV condition)",1pct
put,2005-09-06,2005-10-13,84.1348648071289,80.2103042602539,80.24399863620951,79.40264998813822,0.8413486480712891,0.01,36.056973056472906,7.220474452156811,6.566856152291694,0.4170650805845194,0.23655321928059692,0.6536182998651163,77.56800865483721,3.3694375955604983,3.197418556731196,115.28923475032322,0.4869024815802253,0.04122084106811477,True,0.0,False,False,"UNFILTERED (control, no IV condition)",1pct
call,2005-09-06,2005-10-13,84.1348648071289,80.2103042602539,89.17387829473418,90.01522694280547,0.8413486480712891,0.01,35.65925630343385,6.349079512166256,5.701720427659751,0.40304303615533166,0.24431604835117304,0.6473590845065047,78.43314437946916,0.0,5.701720427659751,203.3191101004435,1.0,0.07269529320505282,True,0.0,False,True,"UNFILTERED (control, no IV condition)",1pct
put,2005-10-14,2005-11-18,81.0572509765625,85.46979522705078,76.8242003129854,76.01362780321978,0.8105725097656205,0.01,37.5755051448021,7.175725288160972,6.454401215631628,0.450358602366685,0.2709654701626596,0.7213240725293446,74.60284976093041,0.0,6.454401215631628,242.52738608458316,1.0,0.0865168185439989,True,0.0,False,True,"UNFILTERED (control, no IV condition)",1pct
call,2005-10-14,2005-11-18,81.0572509765625,85.46979522705078,86.44791999275878,87.2584925025244,0.8105725097656205,0.01,37.095823584669155,6.201593909434866,5.489720884919794,0.43345643612547335,0.27841658838959893,0.7118730245150723,75.56753009164225,0.0,5.489720884919794,203.6457174760585,1.0,0.07264655703663067,True,0.0,False,True,"UNFILTERED (control, no IV condition)",1pct
put,2005-11-21,2005-12-28,85.90008544921875,86.34858703613281,82.61499190077053,81.75599104627834,0.8590008544921943,0.01,35.398488764613745,6.992878044570805,6.457054822128293,0.3553225867783921,0.18050063566412006,0.5358232224425121,79.44303062709113,0.0,6.457054822128293,228.56998257360337,1.0,0.08127905961239035,True,0.0,False,True,"UNFILTERED (control, no IV condition)",1pct
call,2005-11-21,2005-12-28,85.90008544921875,86.34858703613281,90.24142080266365,91.10042165715585,0.8590008544921943,0.01,35.0924685024082,6.297440437256796,5.764280044507944,0.3452982018401357,0.18786219090871636,0.5331603927488521,80.13580540471149,0.0,5.764280044507944,202.2828159009552,1.0,0.07193139215855489,True,0.0,False,True,"UNFILTERED (control, no IV condition)",1pct
put,2005-12-29,2006-02-03,85.96405029296875,86.70564270019531,82.45928963453072,81.59964913160103,0.8596405029296932,0.01,35.518213663839006,7.121512590683743,6.546196969977751,0.3766767177365432,0.1986389029694488,0.575315620705992,79.41785332299158,0.0,6.546196969977751,232.50922266524523,1.0,0.08242727165332002,True,0.0,False,True,"UNFILTERED (control, no IV condition)",1pct
call,2005-12-29,2006-02-03,85.96405029296875,86.70564270019531,90.53711109722747,91.39675160015716,0.8596405029296932,0.01,35.185789141204694,6.367569150348906,5.795881498194818,0.36543844045640594,0.20624921169768162,0.5716876521540876,80.1681687947745,0.0,5.795881498194818,203.93266428289243,1.0,0.07229654344521592,True,0.0,False,True,"UNFILTERED (control, no IV condition)",1pct
put,2006-02-06,2006-03-15,86.93225860595703,89.78881072998047,82.87602022961866,82.0066976435591,0.8693225860595675,0.01,35.308737898408886,7.478393805172612,6.796029185082721,0.43466223260960335,0.24770238748028778,0.6823646200898912,80.13622942087403,0.0,6.796029185082721,239.95921324602313,1.0,0.08480595149280232,True,0.0,False,True,"UNFILTERED (control, no IV condition)",1pct
call,2006-02-06,2006-03-15,86.93225860595703,89.78881072998047,92.18151251459633,93.0508351006559,0.8693225860595675,0.01,34.91487932838345,6.567709495680241,5.892049525577563,0.41992635374734355,0.2557336163553345,0.675659970102678,81.04020908037919,0.0,5.892049525577563,205.72019818239957,1.0,0.07270526066552437,True,0.0,False,True,"UNFILTERED (control, no IV condition)",1pct
put,2006-03-16,2006-04-21,89.97416687011719,90.41472625732422,86.18119493760172,85.28145326890055,0.8997416687011679,0.01,34.16650264134049,7.523906567638505,6.897981437471383,0.407011397179044,0.2189137329880783,0.6259251301671223,83.07618543264542,0.0,6.897981437471383,235.6799010032837,1.0,0.08303199528899854,True,0.0,False,True,"UNFILTERED (control, no IV condition)",1pct
call,2006-03-16,2006-04-21,89.97416687011719,90.41472625732422,94.90585942882647,95.80560109752764,0.8997416687011679,0.01,33.832632342882896,6.699644383713643,6.078161373102329,0.3944870601020778,0.22699595050923588,0.6214830106113136,83.89600549701446,0.0,6.078161373102329,205.64019905688338,1.0,0.07244875768630758,True,0.0,False,True,"UNFILTERED (control, no IV condition)",1pct
put,2006-04-24,2006-05-31,90.24928283691406,87.9052734375,86.47831707598571,85.57582424761658,0.9024928283691338,0.01,34.164557459166545,7.533490121426212,6.9100177397082945,0.4059048173767871,0.21756756434112984,0.6234723817179169,83.33926509720509,0.0,6.9100177397082945,236.07769811212415,1.0,0.08291431093913057,True,0.0,False,True,"UNFILTERED (control, no IV condition)",1pct
call,2006-04-24,2006-05-31,90.24928283691406,87.9052734375,95.18100685062282,96.08349967899196,0.9024928283691338,0.01,33.83332309573554,6.713248538294447,6.094111234007691,0.3934842588720594,0.22565304541469627,0.6191373042867556,84.15517160290568,0.0,6.094111234007691,206.1840343615338,1.0,0.07241517209142351,True,0.0,False,True,"UNFILTERED (control, no IV condition)",1pct
put,2006-06-01,2006-07-07,88.7463607788086,87.67066192626953,84.16850907080591,83.28104546301782,0.8874636077880922,0.01,34.961809252159355,7.835072896728867,7.054525980778919,0.4882118691840853,0.2923350467658625,0.7805469159499479,81.6918347980303,0.0,7.054525980778919,246.63899170439498,1.0,0.08635533769341919,True,0.0,False,True,"UNFILTERED (control, no IV condition)",1pct
call,2006-06-01,2006-07-07,88.7463607788086,87.67066192626953,94.60403517135475,95.49149877914284,0.8874636077880922,0.01,34.52107100793546,6.782121417303699,6.011548031802905,0.4700632104666952,0.3005101750340994,0.7705733855007946,82.73481274700632,0.0,6.011548031802905,207.52507647348273,1.0,0.07266044162311139,True,0.0,False,True,"UNFILTERED (control, no IV condition)",1pct
put,2006-07-10,2006-08-16,87.83683776855469,89.8102798461914,83.41542851233234,82.5370601346468,0.8783683776855469,0.01,35.424847709346864,7.7092810395196665,6.956387680544049,0.47281269248180546,0.28008066649381214,0.7528933589756176,80.88045008801063,0.0,6.956387680544049,246.4289741904496,1.0,0.08600827113318987,True,0.0,False,True,"UNFILTERED (control, no IV condition)",1pct
call,2006-07-10,2006-08-16,87.83683776855469,89.8102798461914,93.52646888361711,94.40483726130266,0.8783683776855469,0.01,34.990424647773395,6.696018929325387,5.952217736841775,0.4556008328583744,0.2882003596252375,0.7438011924836119,81.88462003171291,0.0,5.952217736841775,208.2706262081024,1.0,0.07269030172621616,True,0.0,False,True,"UNFILTERED (control, no IV condition)",1pct
put,2006-08-17,2006-09-22,90.03878784179688,91.43633270263672,86.15556614689199,85.25517826847401,0.9003878784179733,0.01,34.58607707873945,7.577058879808973,6.933912648940223,0.4162863514319881,0.2268598794367624,0.6431462308687506,83.10487519285711,0.0,6.933912648940223,239.81683733349297,1.0,0.08343569053980356,True,0.0,False,True,"UNFILTERED (control, no IV condition)",1pct
call,2006-08-17,2006-09-22,90.03878784179688,91.43633270263672,95.07641165369765,95.97679953211562,0.9003878784179733,0.01,34.23807378545393,6.727436536271814,6.089216465491856,0.4032029920933766,0.23501707868658073,0.6382200707799573,83.94957137630547,0.0,6.089216465491856,208.48304264111115,1.0,0.07253421745534391,True,0.0,False,True,"UNFILTERED (control, no IV condition)",1pct
put,2006-09-25,2006-11-01,92.13880157470705,95.18499755859376,88.15964109401325,87.23825307826618,0.9213880157470697,0.01,33.90516171828166,7.761776796782627,7.100492641231834,0.42766428773517995,0.23361986781561261,0.6612841555507926,85.03830893347514,0.0,7.100492641231834,240.7433512804342,1.0,0.08349757574302775,True,0.0,False,True,"UNFILTERED (control, no IV condition)",1pct
call,2006-09-25,2006-11-01,92.13880157470705,95.18499755859376,97.32495056414972,98.24633857989679,0.9213880157470697,0.01,33.56225474221609,6.887802276959487,6.231652642546378,0.4141723456685481,0.24197728874456037,0.6561496344131085,85.9071489321606,0.0,6.231652642546378,209.1483134541456,1.0,0.0725393953821865,True,0.0,False,True,"UNFILTERED (control, no IV condition)",1pct
put,2006-11-02,2006-12-08,95.12938690185548,98.35645294189452,91.318790915848,90.36749704682944,0.9512938690185564,0.01,32.89934040230459,7.84152004140326,7.217732304343906,0.4099128690472187,0.2138748680121358,0.6237877370593545,87.91165459751173,0.0,7.217732304343906,237.45863201332048,1.0,0.08210210963937652,True,0.0,False,True,"UNFILTERED (control, no IV condition)",1pct
call,2006-11-02,2006-12-08,95.12938690185548,98.35645294189452,100.11127269302622,101.06256656204478,0.9512938690185564,0.01,32.598392566833624,7.02623772733606,6.406133324131917,0.39788017319377367,0.22222423001036912,0.6201044032041427,88.72325357772372,0.0,6.406133324131917,208.82964893552708,1.0,0.0722035437814506,True,0.0,False,True,"UNFILTERED (control, no IV condition)",1pct
put,2006-12-11,2007-01-17,98.6415786743164,100.02342224121094,94.91066015879757,93.9242443720544,0.9864157867431658,0.01,31.795438335254687,8.004531214177302,7.3970050042771875,0.4038197451272735,0.20370646477284038,0.6075262099001139,91.24457367003939,0.0,7.3970050042771875,235.19101647906564,1.0,0.08106788937418238,True,0.0,False,True,"UNFILTERED (control, no IV condition)",1pct
call,2006-12-11,2007-01-17,98.6415786743164,100.02342224121094,103.57911720059748,104.56553298734065,0.9864157867431658,0.01,31.52450936950263,7.217473774345251,6.612827915740925,0.39254135148147906,0.21210450712284695,0.604645858604326,92.02875075857565,0.0,6.612827915740925,208.46615558868336,1.0,0.07185610867508936,True,0.0,False,True,"UNFILTERED (control, no IV condition)",1pct
put,2007-01-18,2007-02-23,99.6877670288086,101.61801147460938,95.90835859316473,94.91148092287665,0.9968776702880859,0.01,31.557807578578608,8.088356186092849,7.474949273717728,0.4078079085137215,0.20559900386139945,0.6134069123751209,92.21281775509087,0.0,7.474949273717728,235.89301083962,1.0,0.08106193320727424,True,0.0,False,True,"UNFILTERED (control, no IV condition)",1pct
call,2007-01-18,2007-02-23,99.6877670288086,101.61801147460938,104.6614250397784,105.65830271006648,0.9968776702880859,0.01,31.28915313797477,7.293702691697668,6.6831930104128245,0.396426124288643,0.21408355699620019,0.6105096812848432,93.00457401839577,0.0,6.6831930104128245,209.11144955344946,1.0,0.0718587562058069,True,0.0,False,True,"UNFILTERED (control, no IV condition)",1pct
put,2007-02-26,2007-04-04,101.52706909179688,101.00293731689452,97.5165441397289,96.50127344881092,1.0152706909179727,0.01,31.104642201527824,8.342037898922339,7.684663534141281,0.43296265612705886,0.22441170865399873,0.6573743647810576,93.842405557656,0.0,7.684663534141281,239.02870966859285,1.0,0.08188902968200115,True,0.0,False,True,"UNFILTERED (control, no IV condition)",1pct
call,2007-02-26,2007-04-04,101.52706909179688,101.00293731689452,106.80581823974782,107.8210889306658,1.0152706909179727,0.01,30.824160781301273,7.484405225146684,6.830753791876551,0.42038078194940043,0.23327065132073277,0.6536514332701332,94.69631529992071,0.0,6.830753791876551,210.55225313828615,1.0,0.07213325851425467,True,0.0,False,True,"UNFILTERED (control, no IV condition)",1pct
put,2007-04-05,2007-05-11,101.27680206298828,105.92497253417967,96.53553988726885,95.52277186663898,1.0127680206298777,0.01,31.362557809735424,8.715109197641802,7.919427156888126,0.506779885347361,0.2889021554063148,0.7956820407536758,93.35737490609965,0.0,7.919427156888126,248.37349202789252,1.0,0.08482915425646462,True,0.0,False,True,"UNFILTERED (control, no IV condition)",1pct
call,2007-04-05,2007-05-11,101.27680206298828,105.92497253417967,107.3835065462824,108.39627456691228,1.0127680206298777,0.01,31.012330974294425,7.652976401638956,6.86512852949557,0.4895861410921798,0.29826173105120535,0.7878478721433851,94.4116735334922,0.0,6.86512852949557,212.90363813778782,1.0,0.07271482723013262,True,0.0,False,True,"UNFILTERED (control, no IV condition)",1pct
put,2007-05-14,2007-06-20,105.69326782226562,106.57894897460938,100.39674821652434,99.33981553830169,1.0569326782226511,0.01,30.177603136747667,9.265670928332526,8.36441116153191,0.5664507700044646,0.3348089967961515,0.9012597668006161,97.32885666073321,0.0,8.36441116153191,252.41788050529257,1.0,0.0859396837536928,True,0.0,False,True,"UNFILTERED (control, no IV condition)",1pct
call,2007-05-14,2007-06-20,105.69326782226562,106.57894897460938,112.5110433904209,113.56797606864355,1.0569326782226511,0.01,29.80957532092049,8.053294324038696,7.162793018764613,0.5459168316875262,0.34458447358655664,0.8905013052740829,98.5304748035005,0.0,7.162793018764613,213.51981800102718,1.0,0.072696219449357,True,0.0,False,True,"UNFILTERED (control, no IV condition)",1pct
put,2007-06-21,2007-07-27,107.17133331298828,102.32682800292967,101.76548359628794,100.69377026315806,1.0717133331298783,0.01,29.857897398160908,9.406547800371268,8.488216925407865,0.5767472849863425,0.34158358997705973,0.9183308749634023,98.68311638757996,0.0,8.488216925407865,253.4403100521609,1.0,0.08601488518127275,True,0.0,False,True,"UNFILTERED (control, no IV condition)",1pct
call,2007-06-21,2007-07-27,107.17133331298828,102.32682800292967,114.09767802637377,115.16939135950365,1.0717133331298783,0.01,29.491821012373947,8.17053238303549,7.263282101267918,0.5557567956717302,0.3514934860958413,0.9072502817675715,99.90805121171991,0.0,7.263282101267918,214.20741569297277,1.0,0.07269966747600702,True,0.0,False,True,"UNFILTERED (control, no IV condition)",1pct
put,2007-07-30,2007-09-05,103.92752075195312,104.21662139892578,96.09213270375895,95.05285749623941,1.0392752075195375,0.01,31.029436621549976,10.097356466536933,8.66883608433677,0.8404771469317951,0.5880432352683679,1.4285203822001629,95.25868466761698,0.0,8.66883608433677,268.98909986153325,1.0,0.09100310501435807,True,0.0,False,True,"UNFILTERED (control, no IV condition)",1pct
call,2007-07-30,2007-09-05,103.92752075195312,104.21662139892578,113.93391144557022,114.97318665308975,1.0392752075195375,0.01,30.411123719142417,8.119735268829142,6.732055505614332,0.7953365724677697,0.5923431907470411,1.3876797632148108,97.19546524633942,0.0,6.732055505614332,204.7293728653713,1.0,0.06926306169276632,True,0.0,False,True,"UNFILTERED (control, no IV condition)",1pct
put,2007-09-06,2007-10-12,104.45638275146484,110.7617416381836,95.53492970957541,94.49036588206076,1.0445638275146507,0.01,31.001042374212776,10.46610481211463,8.804834903281705,0.9614612645678977,0.6998086442650264,1.6612699088329241,95.65154784818337,0.0,8.804834903281705,272.95905993458376,1.0,0.09205114921147539,True,0.0,False,True,"UNFILTERED (control, no IV condition)",1pct
call,2007-09-06,2007-10-12,104.45638275146484,110.7617416381836,115.88523255028394,116.9297963777986,1.0445638275146507,0.01,30.288346897554813,8.156453484300563,6.554120273087189,0.903122274160445,0.6992109370529298,1.6023332112133748,97.90226247837788,0.0,6.554120273087189,198.51346843956145,1.0,0.06694554453769333,True,0.0,False,True,"UNFILTERED (control, no IV condition)",1pct
put,2007-10-15,2007-11-21,109.82650756835938,100.38198852539062,102.18616173793598,101.08789666225238,1.0982650756835994,0.01,29.52890069475614,10.460378864485431,9.0869924296768,0.8174479532103873,0.5559384815982449,1.3733864348086322,100.73951513868313,109.82650756835994,-100.73951513868315,-2974.7271385680574,-11.086122929923711,-1.0000000000000002,False,100.73951513868315,True,False,"UNFILTERED (control, no IV condition)",1pct
call,2007-10-15,2007-11-21,109.82650756835938,100.38198852539062,119.56823867616504,120.66650375184864,1.0982650756835994,0.01,28.993456814493474,8.566140684250456,7.226560359546019,0.7768669209053503,0.5627134037990866,1.3395803247044369,102.59994720881393,0.0,7.226560359546019,209.52296570182793,1.0,0.07043434773741497,True,0.0,False,True,"UNFILTERED (control, no IV condition)",1pct
put,2007-11-23,2007-12-28,102.11788177490234,104.91771697998048,92.94006816924453,91.91888935149551,1.0211788177490178,0.01,31.23078691386209,10.361918418787663,8.638871362425837,0.99104750841576,0.7319995479460661,1.723047056361826,93.47901041247594,0.0,8.638871362425837,269.7987506961868,1.0,0.0924150921614043,True,0.0,False,True,"UNFILTERED (control, no IV condition)",1pct
call,2007-11-23,2007-12-28,102.11788177490234,104.91771697998048,113.88853010923947,114.90970892698849,1.0211788177490178,0.01,30.470580927546244,7.963299462784157,6.3066774512095805,0.927852249072092,0.7287697625024847,1.6566220115745767,95.8112043236922,0.0,6.3066774512095805,192.1681256610126,1.0,0.06582400770063242,True,0.0,False,True,"UNFILTERED (control, no IV condition)",1pct
put,2007-12-31,2008-02-06,104.14137268066406,94.76789855957033,95.68585493922672,94.64444121242008,1.0414137268066384,0.01,30.6994490081778,10.305826948001773,8.743491374789903,0.9099906234559585,0.652344949755912,1.5623355732118704,95.39788130587394,91.79563796563883,-83.05214659084893,-2549.655139285475,-9.498739465828614,-0.8705869087863607,False,83.05214659084893,False,False,"UNFILTERED (control, no IV condition)",1pct
call,2007-12-31,2008-02-06,104.14137268066406,94.76789855957033,114.97138982061082,116.01280354741746,1.0414137268066384,0.01,30.032735677834545,8.137094920670762,6.625700979821925,0.8574106569328055,0.653983283916032,1.5113939408488375,97.5156717008419,0.0,6.625700979821925,198.98792620736123,1.0,0.06794498632125734,True,0.0,False,True,"UNFILTERED (control, no IV condition)",1pct
put,2008-02-07,2008-03-14,95.39466857910156,92.31765747070312,86.04831389547147,85.09436720968046,0.9539466857910099,0.01,33.01463017307479,9.897961299932945,8.11066650881725,1.0173719118070135,0.7699228793086821,1.7872947911156956,87.28400207028375,0.0,8.11066650881725,267.77065524574516,1.0,0.09292271569177468,True,0.0,False,True,"UNFILTERED (control, no IV condition)",1pct
call,2008-02-07,2008-03-14,95.39466857910156,92.31765747070312,107.50733946528109,108.4612861510721,0.9539466857910099,0.01,32.12691242149854,7.406759267628171,5.698870533846456,0.9465288577362119,0.7613598760455031,1.707888733781715,89.69579804525453,0.0,5.698870533846456,183.08711454234373,1.0,0.06353553519832875,True,0.0,False,True,"UNFILTERED (control, no IV condition)",1pct
put,2008-03-17,2008-04-23,91.38459777832033,98.57984924316406,80.91170310033255,79.99785712254935,0.9138459777831969,0.01,34.590378374239286,9.887842292209026,7.816092904003035,1.1594727227556112,0.9122766654503789,2.07174938820599,83.56850487431664,0.0,7.816092904003035,270.36161095767176,1.0,0.0935291700594392,True,0.0,False,True,"UNFILTERED (control, no IV condition)",1pct
call,2008-03-17,2008-04-23,91.38459777832033,98.57984924316406,105.26229421912548,106.17614019690868,0.9138459777831969,0.01,33.480176326821216,6.999328746636646,5.044962778956225,1.0646745931731705,0.889691374507251,1.9543659676804215,86.33963499936345,0.0,5.044962778956225,168.90624340170436,1.0,0.05843159724955311,True,0.0,False,True,"UNFILTERED (control, no IV condition)",1pct
put,2008-04-24,2008-05-30,99.00933074951172,100.46236419677734,91.91829220329208,90.92819889579697,0.9900933074951155,0.01,31.934878337674903,9.49540532333737,8.21670175619371,0.7580443501135459,0.5206592170301116,1.2787035671436575,90.79262899331783,0.0,8.21670175619371,262.39937092100587,1.0,0.09049965671550765,True,0.0,False,True,"UNFILTERED (control, no IV condition)",1pct
call,2008-04-24,2008-05-30,99.00933074951172,100.46236419677734,108.0261968902525,109.01629019774762,0.9900933074951155,0.01,31.336703191852607,7.72914385306267,6.483593657515743,0.7193893959367481,0.5261607996101786,1.2455501955469268,92.52573709199581,0.0,6.483593657515743,203.1744500621489,1.0,0.07007340726255748,True,0.0,False,True,"UNFILTERED (control, no IV condition)",1pct
put,2008-06-02,2008-07-09,99.42449188232422,89.77130889892578,92.2997237002543,91.30547878143106,0.9942449188232416,0.01,31.90393957376905,9.539312519082621,8.25195720041717,0.7629190658212603,0.5244362528441904,1.2873553186654507,91.172534681907,99.42449188232416,-91.172534681907,-2908.763037278924,-11.04859519597337,-1.0,False,91.172534681907,True,False,"UNFILTERED (control, no IV condition)",1pct
call,2008-06-02,2008-07-09,99.42449188232422,89.77130889892578,108.51248729579348,109.50673221461672,0.9942449188232416,0.01,31.30489091104368,7.761123112558099,6.507284614472741,0.7239332879496574,0.5299052101357005,1.2538384980853579,92.91720726785142,0.0,6.507284614472741,203.7098349831821,1.0,0.07003314892702557,True,0.0,False,True,"UNFILTERED (control, no IV condition)",1pct
put,2008-07-10,2008-08-15,90.13819885253906,93.64159393310548,81.94251405892707,81.04113207040169,0.9013819885253866,0.01,34.598846016029384,9.175192707485369,7.630765745941215,0.8869033896156453,0.6575235719285089,1.5444269615441542,82.50743310659745,0.0,7.630765745941215,264.0156890282117,1.0,0.09248579744424318,True,0.0,False,True,"UNFILTERED (control, no IV condition)",1pct
call,2008-07-10,2008-08-15,90.13819885253906,93.64159393310548,100.68588344374209,101.58726543226747,0.9013819885253866,0.01,33.74429525332323,7.024931742071239,5.541322497508705,0.8296162690571596,0.6539929755053742,1.4836092445625337,84.59687635502996,0.0,5.541322497508705,186.98802244981624,1.0,0.06550268445200376,True,0.0,False,True,"UNFILTERED (control, no IV condition)",1pct
put,2008-08-18,2008-09-24,92.36111450195312,86.05097961425781,85.36142188536395,84.43781074034442,0.9236111450195352,0.01,33.82835486599009,8.985153493858888,7.707809343989089,0.7509864936081356,0.526357656261664,1.2773441498697995,84.65330515796443,0.0,7.707809343989089,260.7425097278572,1.0,0.09105148735310681,True,0.0,False,True,"UNFILTERED (control, no IV condition)",1pct
call,2008-08-18,2008-09-24,92.36111450195312,86.05097961425781,101.30168306203461,102.22529420705415,0.9236111450195352,0.01,33.15016540841176,7.2164433403146155,5.975963412000926,0.7104455059107784,0.5300344224029113,1.2404799283136896,86.3851510899526,0.0,5.975963412000926,198.1041755824474,1.0,0.06917813231325107,True,0.0,False,True,"UNFILTERED (control, no IV condition)",1pct
put,2008-09-25,2008-10-31,87.39675903320312,70.06069946289062,77.33260308138583,76.4586354910538,0.873967590332029,0.01,35.94671350007486,9.467475814993342,7.476824734819987,1.1136689877740968,0.8769820923992588,1.9906510801733557,79.91993429838291,87.3967590332029,-79.91993429838291,-2872.8589811687766,-10.689020691656895,-1.0,False,79.91993429838291,True,False,"UNFILTERED (control, no IV condition)",1pct
call,2008-09-25,2008-10-31,87.39675903320312,70.06069946289062,100.7156742876674,101.58964187799943,0.873967590332029,0.01,34.78786661434999,6.691761914289707,4.814546878125736,1.0222545420106088,0.8549604941533617,1.8772150361639706,82.58221215507716,0.0,4.814546878125736,167.48781460477323,1.0,0.05830004734051844,True,0.0,False,True,"UNFILTERED (control, no IV condition)",1pct
put,2008-11-03,2008-12-10,70.26326751708984,65.19847869873047,57.53458040455412,56.831947729383224,0.7026326751708964,0.01,43.83778880106163,8.801826703527471,5.9636840999343965,1.5290941355906362,1.3090484680024383,2.8381426035930746,64.29958341715525,0.0,5.9636840999343965,261.4347240491734,1.0,0.09274840960078871,True,0.0,False,True,"UNFILTERED (control, no IV condition)",1pct
call,2008-11-03,2008-12-10,70.26326751708984,65.19847869873047,89.1611656511744,89.8637983263453,0.7026326751709036,0.01,41.51730027213167,4.900413632569833,2.369846235804091,1.3265388687899948,1.2040285279757479,2.5305673967657425,67.89342128128627,0.0,2.369846235804091,98.3896177706594,1.0,0.03490538834367596,True,0.0,False,True,"UNFILTERED (control, no IV condition)",1pct
put,2008-12-11,2009-01-16,63.62836456298828,62.04418563842773,51.84922879468115,51.21294514905127,0.6362836456298808,0.01,48.52702407296469,8.036859386854633,5.393842692765238,1.4219690893803816,1.2210476047090135,2.643016694089395,58.23452187022284,0.0,5.393842692765238,261.74713419760343,1.0,0.09262276944224868,True,0.0,False,True,"UNFILTERED (control, no IV condition)",1pct
call,2008-12-11,2009-01-16,63.62836456298828,62.04418563842773,81.23475908384846,81.87104272947835,0.6362836456298879,0.01,45.89902971513182,4.407821049087701,2.0595675271280367,1.2292245240934307,1.1190289978662338,2.3482535219596645,61.568797035860754,0.0,2.0595675271280367,94.53215112797031,1.0,0.03345148234630021,True,0.0,False,True,"UNFILTERED (control, no IV condition)",1pct
put,2009-01-20,2009-02-26,58.76907730102539,55.15848159790039,47.622018462882274,47.03432768987202,0.5876907730102516,0.01,52.6622362175743,7.49534362986406,4.97201447453321,1.3553563730387297,1.1679727822921204,2.52332915533085,53.797062826491945,0.0,4.97201447453321,261.83740073506647,1.0,0.09242167161744712,True,0.0,False,True,"UNFILTERED (control, no IV condition)",1pct
call,2009-01-20,2009-02-26,58.76907730102539,55.15848159790039,75.61022667942763,76.19791745243788,0.5876907730102516,0.01,49.733718258087684,4.03649673027715,1.804230721920047,1.1665892133070177,1.0656767950500856,2.2322660083571035,56.96484657910512,0.0,1.804230721920047,89.73110239655777,1.0,0.031672703961636656,True,0.0,False,True,"UNFILTERED (control, no IV condition)",1pct
put,2009-02-27,2009-04-03,53.9257926940918,61.90056610107422,45.526078462431435,44.986820535490516,0.5392579269409197,0.01,57.59185421098535,6.39902651213049,4.61144018100168,0.9737809969660394,0.8138053341627705,1.7875863311288098,49.314352513090284,0.0,4.61144018100168,265.58139060692866,1.0,0.09351111686557363,True,0.0,False,True,"UNFILTERED (control, no IV condition)",1pct
call,2009-02-27,2009-04-03,53.9257926940918,61.90056610107422,65.76994412685913,66.30920205380005,0.5392579269409197,0.01,55.00522759162549,3.9228908306565557,2.2924275614397582,0.8642677699916057,0.7661954992251918,1.6304632692167975,51.63336513265221,0.0,2.2924275614397582,126.09549975430893,1.0,0.0443981823681304,True,0.0,False,True,"UNFILTERED (control, no IV condition)",1pct
put,2009-04-06,2009-05-13,61.41569137573242,65.14765167236328,52.652409517770856,52.03825260401353,0.6141569137573271,0.01,50.71519953329647,7.085365461979709,5.260168683162425,1.0011654576833895,0.8240313211338945,1.825196778817284,56.15552269257028,0.0,5.260168683162425,266.7705043453797,1.0,0.09367144015308715,True,0.0,False,True,"UNFILTERED (control, no IV condition)",1pct
call,2009-04-06,2009-05-13,61.41569137573242,65.14765167236328,73.53225457048339,74.14641148424072,0.6141569137573271,0.01,48.64243022006186,4.550284086465073,2.8672486814433737,0.8983962535916656,0.7846391514300333,1.683035405021699,58.548442694289335,0.0,2.8672486814433737,139.4699439106737,1.0,0.04897224502476883,True,0.0,False,True,"UNFILTERED (control, no IV condition)",1pct
put,2009-05-14,2009-06-19,65.70597076416016,67.99797821044922,58.45306638555905,57.79600667791745,0.6570597076416007,0.01,47.528529557729954,7.03594419891358,5.614413676405061,0.7987145637406823,0.6228159587678361,1.4215305225085184,60.09155708775501,0.0,5.614413676405061,266.8448263683412,1.0,0.09343099011739742,True,0.0,False,True,"UNFILTERED (control, no IV condition)",1pct
call,2009-05-14,2009-06-19,65.70597076416016,67.99797821044922,75.24414774014535,75.90120744778696,0.6570597076416078,0.01,46.06699828428807,5.053467813253842,3.707936301613884,0.7359341034856526,0.6095974081543054,1.345531511639958,61.998034462546904,0.0,3.707936301613884,170.81349524469624,1.0,0.05980732024422247,True,0.0,False,True,"UNFILTERED (control, no IV condition)",1pct
put,2009-06-22,2009-07-29,65.95892333984375,72.142578125,58.63523057053388,57.97564133713544,0.6595892333984352,0.01,47.49168172290169,7.075383027556725,5.636432964309962,0.8079173194678435,0.6310327437789198,1.4389500632467633,60.32249037553357,0.0,5.636432964309962,267.68368039348,1.0,0.09343833335163604,True,0.0,False,True,"UNFILTERED (control, no IV condition)",1pct
call,2009-06-22,2009-07-29,65.95892333984375,72.142578125,75.61847997350152,76.27806920689996,0.6595892333984352,0.01,46.02022360821286,5.068883085362774,3.707671845785593,0.743966658355627,0.6172445812215543,1.3612112395771814,62.251251494057925,0.0,3.707671845785593,170.6278874089283,1.0,0.059559796097264035,True,0.0,False,True,"UNFILTERED (control, no IV condition)",1pct
put,2009-07-30,2009-09-04,72.89613342285156,75.40064239501953,66.31568512024654,65.58672378601803,0.7289613342285151,0.01,43.06420161859492,7.406583040371562,6.168256508888503,0.7117455537461737,0.5265809777368846,1.2383265314830583,66.727876913963,0.0,6.168256508888503,265.63104193398493,1.0,0.09243897444604263,True,0.0,False,True,"UNFILTERED (control, no IV condition)",1pct
call,2009-07-30,2009-09-04,72.89613342285156,75.40064239501953,81.36007577895933,82.08903711318784,0.7289613342285151,0.01,42.00927556173047,5.682739963788208,4.492603331476655,0.6661025657031305,0.5240340666084226,1.1901366323115532,68.40353009137485,0.0,4.492603331476655,188.73101134155112,1.0,0.06567794564805855,True,0.0,False,True,"UNFILTERED (control, no IV condition)",1pct
put,2009-09-08,2009-10-15,76.05076599121094,81.43843841552734,69.044602281929,68.2840946220169,0.7605076599121077,0.01,41.41310749819053,7.768664756838639,6.443094405707267,0.7598934850261696,0.5656768661052025,1.3255703511313721,69.6076715855035,0.0,6.443094405707267,266.8285612445451,1.0,0.09256299282749039,True,0.0,False,True,"UNFILTERED (control, no IV condition)",1pct
call,2009-09-08,2009-10-15,76.05076599121094,81.43843841552734,85.09995645190223,85.86046411181434,0.7605076599121077,0.01,40.373501292388866,5.922843881510165,4.650716607516775,0.7100991855155725,0.5620280884778173,1.2721272739933898,71.400049383694,0.0,4.650716607516775,187.76571296411288,1.0,0.06513604188877331,True,0.0,False,True,"UNFILTERED (control, no IV condition)",1pct
put,2009-10-16,2009-11-20,80.82970428466797,81.2305679321289,74.72517329203939,73.91687624919271,0.8082970428466751,0.01,39.03217202275913,7.852379511082752,6.743079797892252,0.6528046004837862,0.4564951127067146,1.109299713190501,74.08662448677526,0.0,6.743079797892252,263.1970506345222,1.0,0.09101615635216201,True,0.0,False,True,"UNFILTERED (control, no IV condition)",1pct
call,2009-10-16,2009-11-20,80.82970428466797,81.2305679321289,88.57998052242593,89.3882775652726,0.8082970428466751,0.01,38.255390724380696,6.3164061323375265,5.238740062456324,0.6177881115948219,0.459877958286381,1.0776660698812028,75.59096422221118,0.0,5.238740062456324,200.41004799273318,1.0,0.06930378672054305,True,0.0,False,True,"UNFILTERED (control, no IV condition)",1pct
put,2009-11-23,2009-12-30,82.26239013671875,83.97398376464844,75.97514325138302,75.15251935001582,0.8226239013671943,0.01,38.47934404159645,8.019475087630212,6.870408132299693,0.6747769162606387,0.4742900390698801,1.1490669553305188,75.39198200441975,0.0,6.870408132299693,264.368798228942,1.0,0.09112916187688136,True,0.0,False,True,"UNFILTERED (control, no IV condition)",1pct
call,2009-11-23,2009-12-30,82.26239013671875,83.97398376464844,90.29516279555679,91.11778669692399,0.8226239013671943,0.01,37.70027903695184,6.427851162703657,5.312455344924535,0.6380460484233574,0.47734976935576434,1.1153958177791217,76.94993479179489,0.0,5.312455344924535,200.2810488750012,1.0,0.06903781477266434,True,0.0,False,True,"UNFILTERED (control, no IV condition)",1pct
put,2009-12-31,2010-02-05,83.16796875,79.60062408447266,76.7352799317794,75.9036002442794,0.8316796874999994,0.01,38.1860329962677,8.129630518312236,6.953531634930895,0.6896698231695753,0.48642906021176546,1.1760988833813406,76.21443711506905,0.0,6.953531634930895,265.52778845206245,1.0,0.09123641003124393,True,0.0,False,True,"UNFILTERED (control, no IV condition)",1pct
call,2009-12-31,2010-02-05,83.16796875,79.60062408447266,91.36619384197257,92.19787352947257,0.8316796874999994,0.01,37.40335880841284,6.4997137871207755,5.3587263935782286,0.6517401191102834,0.489247274432264,1.1409873935425474,77.80924235642172,0.0,5.3587263935782286,200.4343660551186,1.0,0.06887004976904218,True,0.0,False,True,"UNFILTERED (control, no IV condition)",1pct
put,2010-02-08,2010-03-17,79.02598571777344,87.39203643798828,71.50247404560614,70.7122141884284,0.7902598571777304,0.01,40.37238755759201,8.140653208906734,6.70808652508334,0.8180415070230318,0.6145251768003623,1.4325666838233941,72.3178991926897,0.0,6.70808652508334,270.8214689605253,1.0,0.09275831571392538,True,0.0,False,True,"UNFILTERED (control, no IV condition)",1pct
call,2010-02-08,2010-03-17,79.02598571777344,87.39203643798828,88.77177691411973,89.56203677129746,0.7902598571777304,0.01,39.320334791469264,6.144809383068139,4.7731526978576,0.762638459893622,0.609018225316918,1.37165668521054,74.25283301991544,0.0,4.7731526978576,187.68196209056555,1.0,0.06428243211376712,True,0.0,False,True,"UNFILTERED (control, no IV condition)",1pct
put,2010-03-18,2010-04-23,87.34725952148438,91.2814712524414,82.17084584896473,81.29737325374988,0.8734725952148494,0.01,36.49157426883255,7.990516012648374,7.087189056926705,0.5515449280189405,0.3517820277027295,0.90332695572167,80.26007046455824,0.0,7.087189056926705,258.62268582809816,1.0,0.08830280132953922,True,0.0,False,True,"UNFILTERED (control, no IV condition)",1pct
call,2010-03-18,2010-04-23,87.34725952148438,91.2814712524414,93.93319864886713,94.80667124408198,0.8734725952148494,0.01,35.946335444919235,6.757144831245476,5.869793573196494,0.5281399394150593,0.35921131863392297,0.8873512580489823,81.47746594828845,0.0,5.869793573196494,210.99756877455226,1.0,0.07204192600837504,True,0.0,False,True,"UNFILTERED (control, no IV condition)",1pct
put,2010-04-26,2010-06-02,90.93677520751952,82.67864990234375,85.19906508823885,84.28969733616366,0.9093677520751982,0.01,35.189312383650304,8.453819914008243,7.439584491273618,0.6127904602924172,0.4014449624422073,1.0142354227346244,83.4971907162462,90.93677520751982,-83.4971907162462,-2938.2087272712133,-11.223367489701284,-1.0,False,83.4971907162462,True,False,"UNFILTERED (control, no IV condition)",1pct
call,2010-04-26,2010-06-02,90.93677520751952,82.67864990234375,98.25396619711778,99.16333394919297,0.9093677520751982,0.01,34.62110536793412,7.062880167015706,6.069215490822658,0.5851183401842208,0.4085463360088276,0.9936646761930484,84.86755971669716,0.0,6.069215490822658,210.12294900846925,1.0,0.07151396259162826,True,0.0,False,True,"UNFILTERED (control, no IV condition)",1pct
put,2010-06-03,2010-07-09,82.96338653564453,81.28755950927734,74.33248556642556,73.50285170106912,0.8296338653564419,0.01,37.99779356199668,8.74423897734502,7.07353237869055,0.9446562865440489,0.7260503121104211,1.67070659865447,75.88985415695365,0.0,7.07353237869055,268.77862307958287,1.0,0.09320787946253307,True,0.0,False,True,"UNFILTERED (control, no IV condition)",1pct
call,2010-06-03,2010-07-09,82.96338653564453,81.28755950927734,94.22517812149265,95.05481198684909,0.8296338653564419,0.01,36.904502642878946,6.414456590978279,4.825305672972391,0.8747561663901726,0.7143947516157156,1.5891509180058883,78.1380808626718,0.0,4.825305672972391,178.07550596090837,1.0,0.061753572901961824,True,0.0,False,True,"UNFILTERED (control, no IV condition)",1pct
put,2010-07-12,2010-08-18,81.3402328491211,82.6654052734375,74.18381816653397,73.37041583804276,0.8134023284912075,0.01,38.842468872853324,8.212774521344457,6.870607765418307,0.7737430594798811,0.5684236964462686,1.3421667559261496,74.46962508370245,0.0,6.870607765418307,266.8713682658449,1.0,0.09226053921576581,True,0.0,False,True,"UNFILTERED (control, no IV condition)",1pct
call,2010-07-12,2010-08-18,81.3402328491211,82.6654052734375,90.55059701864835,91.36399934713955,0.8134023284912075,0.01,37.91729743447994,6.345574019232814,5.05356976916162,0.7253218002760076,0.5666824497951861,1.2920042500711937,76.28666307995913,0.0,5.05356976916162,191.6177080431973,1.0,0.06624447269196675,True,0.0,False,True,"UNFILTERED (control, no IV condition)",1pct
put,2010-08-19,2010-09-24,81.227294921875,86.91556549072266,73.60568736342216,72.79341441420341,0.8122729492187517,0.01,39.03479550603432,8.334733771208835,6.8896728542926,0.8267146305982298,0.6183462863180056,1.4450609169162354,74.33762206758257,0.0,6.8896728542926,268.93697097078746,1.0,0.09268083458506368,True,0.0,False,True,"UNFILTERED (control, no IV condition)",1pct
call,2010-08-19,2010-09-24,81.227294921875,86.91556549072266,91.06304405633689,91.87531700555564,0.8122729492187517,0.01,38.03546520940282,6.321712284757375,4.9365525887013035,0.7716012515875059,0.6135584444685649,1.3851596960560708,76.29074233317387,0.0,4.9365525887013035,187.76407424193587,1.0,0.06470709862990438,True,0.0,False,True,"UNFILTERED (control, no IV condition)",1pct
put,2010-09-27,2010-11-03,86.49919891357422,90.79881286621094,79.46385162749738,78.59885963836163,0.8649919891357456,0.01,36.73699530385058,8.563669155330711,7.263325847708993,0.7572175182524954,0.5431257893692226,1.3003433076217181,79.23587306586558,0.0,7.263325847708993,266.83276755762176,1.0,0.09166713972686695,True,0.0,False,True,"UNFILTERED (control, no IV condition)",1pct
call,2010-09-27,2010-11-03,86.49919891357422,90.79881286621094,95.51100572253259,96.37599771166833,0.8649919891357456,0.01,35.93755425188006,6.758517298898781,5.500701455586807,0.7133893878922215,0.5444264554197525,1.257815843311974,80.99849745798775,0.0,5.500701455586807,197.68175698354648,1.0,0.06791115425863185,True,0.0,False,True,"UNFILTERED (control, no IV condition)",1pct
put,2010-11-04,2010-12-10,92.54741668701172,94.22792053222656,86.4280458244382,85.50257165756808,0.9254741668701172,0.01,34.38172495896255,8.701523515912335,7.6133945955226014,0.6528335041437738,0.43529541624595935,1.088128920389733,84.93402209148911,0.0,7.6133945955226014,261.76163898731,1.0,0.08963892687575323,True,0.0,False,True,"UNFILTERED (control, no IV condition)",1pct
call,2010-11-04,2010-12-10,92.54741668701172,94.22792053222656,100.32246580139345,101.24793996826357,0.9254741668701172,0.01,33.79582520309788,7.204894471663792,6.140939861573802,0.6220384859407929,0.441916124149197,1.06395461008999,86.40647682543792,0.0,6.140939861573802,207.53813014448428,1.0,0.07107036517621235,True,0.0,False,True,"UNFILTERED (control, no IV condition)",1pct
put,2010-12-13,2011-01-19,94.28843688964844,97.59225463867188,88.31167446795799,87.3687900990615,0.9428843688964861,0.01,33.840313856445476,8.77551530632994,7.718194219376306,0.6383544848059419,0.4189666021476912,1.0573210869536331,86.57024267027231,0.0,7.718194219376306,261.1861147886974,1.0,0.08915527993577736,True,0.0,False,True,"UNFILTERED (control, no IV condition)",1pct
call,2010-12-13,2011-01-19,94.28843688964844,97.59225463867188,101.91002491017112,102.8529092790676,0.9428843688964861,0.01,33.29085882010029,7.325051542234373,6.2893798986088605,0.6093989660906879,0.42627267753482523,1.0356716436255131,87.99905699103975,0.0,6.2893798986088605,209.37885827056425,1.0,0.07147099200448544,True,0.0,False,True,"UNFILTERED (control, no IV condition)",1pct
put,2011-01-20,2011-02-25,97.46290588378906,100.69690704345705,91.20417353840321,90.22954447956532,0.9746290588378912,0.01,32.84763055077035,9.09721691722476,7.9899231214776965,0.6673621093388427,0.4399316864082209,1.1072937957470637,89.47298276231143,0.0,7.9899231214776965,262.45004282335714,1.0,0.08929984085478906,True,0.0,False,True,"UNFILTERED (control, no IV condition)",1pct
call,2011-01-20,2011-02-25,97.46290588378906,100.69690704345705,105.41572586683807,106.39035492567596,0.9746290588378912,0.01,32.307061524691186,7.576941204353815,6.492841032620558,0.6367618509210526,0.4473383208122045,1.0841001717332572,90.97006485116856,0.0,6.492841032620558,209.76461471091181,1.0,0.071373380278921,True,0.0,False,True,"UNFILTERED (control, no IV condition)",1pct
put,2011-02-28,2011-04-06,101.32090759277344,102.15082550048828,94.60287514184645,93.58966606591872,1.0132090759277332,0.01,31.709431499534865,9.536100125290048,8.338484516352517,0.7180090560348906,0.4796065529026394,1.19761560893753,92.9824230764208,0.0,8.338484516352517,264.4086035812123,1.0,0.08967807291383714,True,0.0,False,True,"UNFILTERED (control, no IV condition)",1pct
call,2011-02-28,2011-04-06,101.32090759277344,102.15082550048828,109.88499693950187,110.89820601542961,1.0132090759277332,0.01,31.16622723335001,7.888636308957064,6.717869723386197,0.6839912466473974,0.48677533892347025,1.1707665855708678,94.60303786938712,0.0,6.717869723386197,209.37065432309637,1.0,0.0710111416576407,True,0.0,False,True,"UNFILTERED (control, no IV condition)",1pct
put,2011-04-07,2011-05-13,101.89102172851562,102.44126892089844,95.67165816981365,94.6527479525285,1.0189102172851534,0.01,31.60439438260724,9.390548614900762,8.299753231105598,0.6627795495838418,0.4280158342113233,1.090795383795165,93.59126849740974,0.0,8.299753231105598,262.30867439418006,1.0,0.08868084987367496,True,0.0,False,True,"UNFILTERED (control, no IV condition)",1pct
call,2011-04-07,2011-05-13,101.89102172851562,102.44126892089844,109.79880923679532,110.81771945408047,1.0189102172851534,0.01,31.115021330566314,7.897998443817134,6.827761802195148,0.633843301358708,0.4363933402632775,1.0702366416219855,95.06325992632019,0.0,6.827761802195148,212.44595411532794,1.0,0.07182335013008263,True,0.0,False,True,"UNFILTERED (control, no IV condition)",1pct
put,2011-05-16,2011-06-22,101.79164123535156,98.82472229003906,95.0831251011758,94.06520868882228,1.0179164123535145,0.01,31.763873299312667,9.566023181434335,8.371345008599304,0.7169143761854457,0.4777637966495857,1.1946781728350313,93.42029622675214,0.0,8.371345008599304,265.9063421979818,1.0,0.08960948901596459,True,0.0,False,True,"UNFILTERED (control, no IV condition)",1pct
call,2011-05-16,2011-06-22,101.79164123535156,98.82472229003906,110.3437298669093,111.36164627926281,1.0179164123535145,0.01,31.223635502458492,7.92318258796465,6.754967728925024,0.6831472118693727,0.48506764717025364,1.1682148590396264,95.03667350642642,0.0,6.754967728925024,210.9146501988248,1.0,0.07107748492973347,True,0.0,False,True,"UNFILTERED (control, no IV condition)",1pct
put,2011-06-23,2011-07-29,98.5405502319336,99.3316421508789,91.75332659528121,90.76792109296187,0.9854055023193382,0.01,32.93183657442178,9.35944335375698,8.143925493095738,0.7247519722525853,0.4907658884086563,1.2155178606612416,90.39662473883809,0.0,8.143925493095738,268.1944234128961,1.0,0.09009103510915463,True,0.0,False,True,"UNFILTERED (control, no IV condition)",1pct
call,2011-06-23,2011-07-29,98.5405502319336,99.3316421508789,107.1660305212056,108.15143602352494,0.9854055023193382,0.01,32.342769778909705,7.683771723979493,6.497509604041654,0.6891782065186647,0.4970839134191746,1.1862621199378394,92.04304062789217,0.0,6.497509604041654,210.14745725977397,1.0,0.07059207909383958,True,0.0,False,True,"UNFILTERED (control, no IV condition)",1pct
put,2011-08-01,2011-09-07,98.90921783447266,92.38845825195312,90.47394020311889,89.48484802477417,0.9890921783447197,0.01,32.973277682549764,9.908864113283578,8.336065260904041,0.9102602276058136,0.662538624773723,1.5727988523795366,90.57315257356792,0.0,8.336065260904041,274.8673946276456,1.0,0.09203682354032099,True,0.0,False,True,"UNFILTERED (control, no IV condition)",1pct
call,2011-08-01,2011-09-07,98.90921783447266,92.38845825195312,109.74296481458873,110.73205699293345,0.9890921783447197,0.01,32.21545807984247,7.722479961141282,6.205469745883397,0.8550361071432089,0.6619741081146768,1.5170102152578857,92.70374808858858,0.0,6.205469745883397,199.91205046423727,1.0,0.06693871471036307,True,0.0,False,True,"UNFILTERED (control, no IV condition)",1pct
put,2011-09-08,2011-10-14,91.42841339111328,94.62667083740234,80.45300604737514,79.538721913464,0.9142841339111385,0.01,35.83730359243122,10.019705861472428,7.828672367997713,1.2207630700057648,0.9702704234689496,2.1910334934747144,83.59974102311614,0.0,7.828672367997713,280.5585083776115,1.0,0.0936446964092031,True,0.0,False,True,"UNFILTERED (control, no IV condition)",1pct
call,2011-09-08,2011-10-14,91.42841339111328,94.62667083740234,106.05240348824255,106.96668762215369,0.9142841339111385,0.01,34.62731502678276,6.965644187970721,4.907431415561625,1.1161769385541864,0.9420358338549095,2.058212772409096,86.52098197555222,0.0,4.907431415561625,169.93117359898284,1.0,0.05671955291663579,True,0.0,False,True,"UNFILTERED (control, no IV condition)",1pct
put,2011-10-17,2011-11-23,92.82014465332033,89.98682403564453,81.8293057129856,80.90110426645239,0.9282014465332082,0.01,35.4048356374624,10.134628852850991,7.944758598599649,1.221617987786311,0.9682522664650306,2.1898702542513417,84.87538605472118,0.0,7.944758598599649,281.28287236273667,1.0,0.09360497746045567,True,0.0,False,True,"UNFILTERED (control, no IV condition)",1pct
call,2011-10-17,2011-11-23,92.82014465332033,89.98682403564453,107.4598057537899,108.3880072003231,0.9282014465332082,0.01,34.2264471978848,7.082172132932119,5.022568832501179,1.118328801877122,0.941274498553818,2.0596033004309398,87.79757582081965,0.0,5.022568832501179,171.9046869433435,1.0,0.05720623588459222,True,0.0,False,True,"UNFILTERED (control, no IV condition)",1pct
put,2011-11-25,2011-12-30,89.81694793701172,97.50318908691406,79.12209513569972,78.22392565632961,0.8981694793701109,0.01,36.70028436657225,9.81926532365156,7.690531312703008,1.1871078220199227,0.9416261889286293,2.128734010948552,82.12641662430809,0.0,7.690531312703008,282.2446861062286,1.0,0.09364260159899312,True,0.0,False,True,"UNFILTERED (control, no IV condition)",1pct
call,2011-11-25,2011-12-30,89.81694793701172,97.50318908691406,104.01954981342844,104.91771929279855,0.8981694793701109,0.01,35.47335911222025,6.851414413147161,4.850005996590906,1.0863468884424687,0.9150615281137864,2.001408416556255,84.96694194042018,0.0,4.850005996590906,172.0460044134909,1.0,0.057081093962305804,True,0.0,False,True,"UNFILTERED (control, no IV condition)",1pct
put,2012-01-03,2012-02-09,99.05699920654295,105.16358947753906,90.84976184181475,89.85919184974932,0.9905699920654314,0.01,33.32143137908634,9.852252017236562,8.33014466248781,0.884206827589834,0.6379005271589189,1.522107354748753,90.72685454405533,0.0,8.33014466248781,277.5723437489499,1.0,0.09181564493060697,True,0.0,False,True,"UNFILTERED (control, no IV condition)",1pct
call,2012-01-03,2012-02-09,99.05699920654295,105.16358947753906,109.58006483992197,110.5706348319874,0.9905699920654314,0.01,32.58066056326325,7.7380431066838895,6.26733178835463,0.8320811979981801,0.6386301203310796,1.4707113183292597,92.7896674181885,0.0,6.26733178835463,204.19380963373183,1.0,0.06754342334377325,True,0.0,False,True,"UNFILTERED (control, no IV condition)",1pct
put,2012-02-10,2012-03-16,104.3866958618164,109.47924041748048,96.73594065316709,95.69207369454892,1.0438669586181675,0.01,31.68929286089973,10.065693685789245,8.68295156212047,0.8171922329067549,0.565549890762021,1.382742123668776,95.70374429969628,0.0,8.68295156212047,275.15659494904236,1.0,0.09072739656799432,True,0.0,False,True,"UNFILTERED (control, no IV condition)",1pct
call,2012-02-10,2012-03-16,104.3866958618164,109.47924041748048,114.09075327088301,115.13462022950118,1.0438669586181675,0.01,31.080442180795995,8.15358767578962,6.808161960788881,0.7746327034477418,0.5707930115529974,1.3454257150007392,97.57853390102787,0.0,6.808161960788881,211.6006841797935,1.0,0.0697711032192211,True,0.0,False,True,"UNFILTERED (control, no IV condition)",1pct
put,2012-03-19,2012-04-25,109.90843200683594,108.61306762695312,103.95813180994904,102.85904748988068,1.099084320068357,0.01,30.09304148175593,9.830005490964844,8.804689188920186,0.6355332196593899,0.38978308238526715,1.025316302044657,101.10374281791552,0.0,8.804689188920186,264.9598769961431,1.0,0.08708568984213709,True,0.0,False,True,"UNFILTERED (control, no IV condition)",1pct
call,2012-03-19,2012-04-25,109.90843200683594,108.61306762695312,117.53347851024866,118.63256283031701,1.099084320068357,0.01,29.689334785777,8.440396152519636,7.429910728620104,0.610747663856262,0.39973776004327,1.010485423899532,102.4785212782156,0.0,7.429910728620104,220.5891070504386,1.0,0.07250212665002144,True,0.0,False,True,"UNFILTERED (control, no IV condition)",1pct
put,2012-04-26,2012-06-01,109.3700180053711,100.00613403320312,103.03961589422404,101.94591571417033,1.093700180053716,0.01,30.36298961362253,9.945637368551541,8.845328404587157,0.6744749490890878,0.4258340148752954,1.100308963964383,100.52468960078444,109.3700180053716,-100.52468960078446,-3052.2301062612473,-11.364721014615206,-1.0000000000000002,False,100.52468960078446,True,False,"UNFILTERED (control, no IV condition)",1pct
call,2012-04-26,2012-06-01,109.3700180053711,100.00613403320312,117.42948351769091,118.52318369774463,1.093700180053716,0.01,29.92212124838822,8.446048674704443,7.364211634753487,0.6464941284092862,0.4353429115416696,1.0818370399509558,102.00580637061812,0.0,7.364211634753487,220.35283343388505,1.0,0.0721940436213706,True,0.0,False,True,"UNFILTERED (control, no IV condition)",1pct
put,2012-06-04,2012-07-11,99.95929718017578,105.23053741455078,90.57748471304505,89.57789174124329,0.9995929718017607,0.01,32.745442691062586,10.259544557851807,8.478092022357092,1.018970574720507,0.7624819607742084,1.7814525354947153,91.48120515781896,0.0,8.478092022357092,277.6188764476491,1.0,0.0926757797706217,True,0.0,False,True,"UNFILTERED (control, no IV condition)",1pct
call,2012-06-04,2012-07-11,99.95929718017578,105.23053741455078,112.0964624425561,113.09605541435786,0.9995929718017607,0.01,31.90582864277418,7.778155960069455,6.070729221508681,0.9509403187812571,0.7564864197795174,1.7074267385607744,93.88856795866738,0.0,6.070729221508681,193.69164627813785,1.0,0.0646588754467019,True,0.0,False,True,"UNFILTERED (control, no IV condition)",1pct
put,2012-07-12,2012-08-17,104.72064971923828,111.5210952758789,97.86780188286717,96.82059538567479,1.0472064971923771,0.01,31.264400874592408,9.82070597517719,8.604342123485917,0.7309407505353527,0.48542310115592124,1.2163638516912738,96.11630759575179,0.0,8.604342123485917,269.00960141080543,1.0,0.089520106823852,True,0.0,False,True,"UNFILTERED (control, no IV condition)",1pct
call,2012-07-12,2012-08-17,104.72064971923828,111.5210952758789,113.42769887881681,114.47490537600919,1.0472064971923771,0.01,30.738166335666065,8.148734978342809,6.958839907816531,0.6968067224924268,0.4930883480338516,1.1898950705262785,97.76180981142119,0.0,6.958839907816531,213.90197858973562,1.0,0.07118157817699844,True,0.0,False,True,"UNFILTERED (control, no IV condition)",1pct
put,2012-08-20,2012-09-26,111.52897644042967,112.99176025390624,105.91498507532552,104.79969531092122,1.1152897644042952,0.01,29.35527846118842,9.788697376546995,8.832726876827934,0.600343967066369,0.35562653265269195,0.955970499719061,102.6962495636016,0.0,8.832726876827934,259.2871570409071,1.0,0.08600827113318944,True,0.0,False,True,"UNFILTERED (control, no IV condition)",1pct
call,2012-08-20,2012-09-26,111.52897644042967,112.99176025390624,118.75326582409988,119.86855558850418,1.1152897644042952,0.01,28.995287924402625,8.50212913380659,7.557703221167825,0.5784895704919663,0.3659363421467998,0.9444259126387661,103.97127321926169,0.0,7.557703221167825,219.13778094494626,1.0,0.07269030172622419,True,0.0,False,True,"UNFILTERED (control, no IV condition)",1pct
put,2012-09-27,2012-11-02,114.0562515258789,111.6274642944336,108.0386027843589,106.89804026910011,1.140562515258793,0.01,28.814030319013437,10.12873364908602,9.098858612214553,0.6415466890493104,0.3883283478221561,1.0298750368714664,104.95739291366475,0.0,9.098858612214553,262.1747879207666,1.0,0.08669097392404783,True,0.0,False,True,"UNFILTERED (control, no IV condition)",1pct
call,2012-09-27,2012-11-02,114.0562515258789,111.6274642944336,121.74683019944,122.88739271469879,1.140562515258793,0.01,28.440517430703306,8.736395010805342,7.720439985612421,0.6171824502315293,0.3987725749613924,1.0159550251929217,106.33581154026687,0.0,7.720439985612421,219.57330798350884,1.0,0.07260432655548851,True,0.0,False,True,"UNFILTERED (control, no IV condition)",1pct
put,2012-11-05,2012-12-12,111.856201171875,113.16520690917967,104.41116777122069,103.29260575950194,1.1185620117187511,0.01,29.556553874393952,10.537668097777164,9.209577467702278,0.7957661662596593,0.5323244638152258,1.3280906300748851,102.64662370417284,0.0,9.209577467702278,272.203372584547,1.0,0.08972119233306927,True,0.0,False,True,"UNFILTERED (control, no IV condition)",1pct
call,2012-11-05,2012-12-12,111.856201171875,113.16520690917967,121.34701656020688,122.46557857192563,1.1185620117187511,0.01,29.0479219408743,8.710315253232714,7.412225120426369,0.7579240070685833,0.5401661257377621,1.2980901328063454,104.44397605144874,0.0,7.412225120426369,215.30973670633276,1.0,0.07096843112115085,True,0.0,False,True,"UNFILTERED (control, no IV condition)",1pct
put,2012-12-13,2013-01-18,112.47128295898438,117.7956085205078,105.83047309976267,104.70576027017283,1.1247128295898392,0.01,29.44970022460556,10.279292984261179,9.121140087924845,0.7075676104714324,0.45058528586490176,1.1581528963363341,103.35014287105908,0.0,9.121140087924845,268.6148412960191,1.0,0.08825474096639124,True,0.0,False,True,"UNFILTERED (control, no IV condition)",1pct
call,2012-12-13,2013-01-18,112.47128295898438,117.7956085205078,120.92116827075552,122.04588110034535,1.1247128295898392,0.01,29.01163689921581,8.698431957211383,7.560597074689151,0.6776478407262587,0.46018704179597303,1.1378348825222317,104.91068588429478,0.0,7.560597074689151,219.3452970721549,1.0,0.0720669873708354,True,0.0,False,True,"UNFILTERED (control, no IV condition)",1pct
put,2013-01-22,2013-02-28,118.43092346191406,120.40040588378906,113.17741949134022,111.99311025672108,1.1843092346191355,0.01,27.946692040404074,10.050010047104685,9.173272356882785,0.5639939706997582,0.31274371952214053,0.8767376902218987,109.25765110503076,0.0,9.173272356882785,256.36261756055484,1.0,0.08395999972637526,True,0.0,False,True,"UNFILTERED (control, no IV condition)",1pct
call,2013-01-22,2013-02-28,118.43092346191406,120.40040588378906,125.26012347707957,126.44443271169871,1.1843092346191355,0.01,27.654245642652963,8.887188908882049,8.017861831305762,0.545753400149171,0.3235736774271164,0.8693270775762874,110.41306163060779,0.0,8.017861831305762,221.7279206117809,1.0,0.0726169686167195,True,0.0,False,True,"UNFILTERED (control, no IV condition)",1pct
put,2013-03-01,2013-04-05,120.79745483398438,123.7676239013672,114.27475444376194,113.06677989542209,1.2079745483398483,0.01,27.562270225940566,10.786792910693155,9.66902767086528,0.6937175312976052,0.4240477085302702,1.1177652398278752,111.12842716311955,0.0,9.66902767086528,266.50035348648555,1.0,0.08700768937071901,True,0.0,False,True,"UNFILTERED (control, no IV condition)",1pct
call,2013-03-01,2013-04-05,120.79745483398438,123.7676239013672,129.09095483669748,130.29892938503733,1.2079745483398483,0.01,27.195580441398246,9.272503940026589,8.17063497795035,0.6668407802884524,0.435028181787786,1.1018689620762383,112.62681985603449,0.0,8.17063497795035,222.2051608001509,1.0,0.0725460861666385,True,0.0,False,True,"UNFILTERED (control, no IV condition)",1pct
put,2013-04-08,2013-05-15,124.60525512695312,132.51019287109375,118.7208883837668,117.47483583249728,1.2460525512695284,0.01,26.7558003655541,10.753700972634839,9.761901253851383,0.6303211215496651,0.3614785972337914,0.9917997187834565,114.84335387310145,0.0,9.761901253851383,261.1874811362999,1.0,0.08500188234347456,True,0.0,False,True,"UNFILTERED (control, no IV condition)",1pct
call,2013-04-08,2013-05-15,124.60525512695312,132.51019287109375,132.21285759891072,133.45891015018026,1.2460525512695426,0.01,26.452806046277427,9.428184934828643,8.446468638902408,0.608710459648476,0.3730058362777594,0.9817162959262354,116.15878648805185,29.73352721830338,-21.28705857940097,-563.1024318966397,-2.520231766605737,-0.18325827277466064,False,21.28705857940097,False,False,"UNFILTERED (control, no IV condition)",1pct
put,2013-05-16,2013-06-21,131.88795471191406,127.55802917480467,125.79200533005513,124.473125782936,1.3188795471191384,0.01,25.21978099647617,11.310367154886158,10.289454274789852,0.6518360294842318,0.36907685061207396,1.0209128800963057,121.59850043712399,0.0,10.289454274789852,259.4977833834556,1.0,0.08461826616118767,True,0.0,False,True,"UNFILTERED (control, no IV condition)",1pct
call,2013-05-16,2013-06-21,131.88795471191406,127.55802917480467,139.74750203412094,141.06638158124008,1.3188795471191384,0.01,24.94265538741598,9.949659201724081,8.93843298330999,0.6299838492285964,0.38124236918549437,1.0112262184140908,122.94952172860386,0.0,8.93843298330999,222.94825360621363,1.0,0.07270002239651242,True,0.0,False,True,"UNFILTERED (control, no IV condition)",1pct
put,2013-06-24,2013-07-31,125.94615936279295,135.2882843017578,116.79396224406177,115.53450065043384,1.2594615936279325,0.01,26.639979669428453,12.125724387692927,10.467975466342356,0.9804460155214467,0.6773029058291247,1.6577489213505714,115.4781838964509,0.0,10.467975466342356,278.8666536034362,1.0,0.09064894435583584,True,0.0,False,True,"UNFILTERED (control, no IV condition)",1pct
call,2013-06-24,2013-07-31,125.94615936279295,135.2882843017578,137.6233285302917,138.88279012391962,1.2594615936279183,0.01,26.131507456351894,9.834427609849072,8.220977361621268,0.9296554692370174,0.6837947789907872,1.6134502482278046,117.72518200117057,0.0,8.220977361621268,214.82653122370627,1.0,0.06983193588555696,True,0.0,False,True,"UNFILTERED (control, no IV condition)",1pct
put,2013-08-01,2013-09-06,136.8519744873047,133.14723205566406,130.59271919057775,129.2241994457047,1.3685197448730548,0.01,24.45576206536435,11.70282710071735,10.656343097376967,0.6695273404291602,0.37695666291122365,1.046484003340384,126.19563138992851,0.0,10.656343097376967,260.6089912763389,1.0,0.08444304275835204,True,0.0,False,True,"UNFILTERED (control, no IV condition)",1pct
call,2013-08-01,2013-09-06,136.8519744873047,133.14723205566406,144.9290730502327,146.29759279510574,1.3685197448730548,0.01,24.190581023592628,10.309823886329816,9.27296627949963,0.6473016019942157,0.38955600483596975,1.0368576068301856,127.57900820780586,0.0,9.27296627949963,224.3184421132781,1.0,0.07268410696840853,True,0.0,False,True,"UNFILTERED (control, no IV condition)",1pct
put,2013-09-09,2013-10-16,134.4222412109375,138.65518188476562,126.85071253465728,125.5064901225479,1.3442224121093744,0.01,25.049675878294465,12.144676770900631,10.831465079941117,0.8084143051160175,0.5047973858434973,1.3132116909595148,123.59077613099632,0.0,10.831465079941117,271.3246895395898,1.0,0.08763975289272907,True,0.0,False,True,"UNFILTERED (control, no IV condition)",1pct
call,2013-09-09,2013-10-16,134.4222412109375,138.65518188476562,144.10765408260534,145.45187649471472,1.3442224121093886,0.01,24.69696522923753,10.358778937894897,9.06639870591664,0.7756748527128154,0.5167053792654419,1.2923802319782574,125.35584250502222,0.0,9.06639870591664,223.9125335944274,1.0,0.07232529832467446,True,0.0,False,True,"UNFILTERED (control, no IV condition)",1pct
put,2013-10-17,2013-11-22,139.58192443847656,145.69796752929688,132.91798524235205,131.52216599796728,1.395819244384768,0.01,24.145454269230733,12.074508696026598,10.952593490298357,0.7118889615644552,0.41002624416378586,1.121915205728241,128.62933094817842,0.0,10.952593490298357,264.45534524947317,1.0,0.08514849147983897,True,0.0,False,True,"UNFILTERED (control, no IV condition)",1pct
call,2013-10-17,2013-11-22,139.58192443847656,145.69796752929688,148.15218764968122,149.548006894066,1.395819244384768,0.01,23.86908300132571,10.573480946867342,9.463242128038301,0.6872879212503624,0.42295089757867776,1.1102388188290402,130.1186823104385,0.0,9.463242128038301,225.87891181578834,1.0,0.07272777405984485,True,0.0,False,True,"UNFILTERED (control, no IV condition)",1pct
put,2013-11-25,2013-12-31,145.55294799804688,149.63246154785156,138.97696607182525,137.52143659184478,1.4555294799804699,0.01,23.208523437649696,12.405552981360124,11.308289064768045,0.7037013705630424,0.39356254602903595,1.0972639165920783,134.24465893327894,0.0,11.308289064768045,262.44869179938695,1.0,0.08423641696157452,True,0.0,False,True,"UNFILTERED (control, no IV condition)",1pct
call,2013-11-25,2013-12-31,145.55294799804688,149.63246154785156,154.0476215129653,155.50315099294576,1.4555294799804699,0.01,22.960752909347192,10.947184260187548,9.859648848264198,0.6806075092140207,0.4069279027093281,1.0875354119233487,135.69329914978277,0.0,9.859648848264198,226.3849609779239,1.0,0.07266128032881558,True,0.0,False,True,"UNFILTERED (control, no IV condition)",1pct
put,2014-01-02,2014-02-07,148.19847106933594,145.57345581054688,140.71223151886085,139.2302468081675,1.4819847106933537,0.01,22.903730010132886,13.012527310694644,11.74047995150754,0.7986802709772367,0.4733670882098667,1.2720473591871033,136.45799111782785,0.0,11.74047995150754,268.90078299870675,1.0,0.08603732075587972,True,0.0,False,True,"UNFILTERED (control, no IV condition)",1pct
call,2014-01-02,2014-02-07,148.19847106933594,145.57345581054688,157.78948970913524,159.2714744198286,1.4819847106933537,0.01,22.622405175870096,11.300173565574134,10.043532989563667,0.769572457574913,0.48706811843555464,1.2566405760104677,138.1549380797717,0.0,10.043532989563667,227.20887268712715,1.0,0.07269760407524815,True,0.0,False,True,"UNFILTERED (control, no IV condition)",1pct
put,2014-02-10,2014-03-19,145.84088134765625,151.2285614013672,137.8261285750756,136.36771976159903,1.4584088134765523,0.01,23.374965821611337,13.093832198475397,11.709383431076628,0.8558972861803293,0.5285514812184394,1.3844487673987689,134.13149791657858,0.0,11.709383431076628,273.70643749355827,1.0,0.08729779069759687,True,0.0,False,True,"UNFILTERED (control, no IV condition)",1pct
call,2014-02-10,2014-03-19,145.84088134765625,151.2285614013672,156.10412580731116,157.56253462078772,1.4584088134765523,0.01,23.055583596472882,11.215002273830343,9.851299202304201,0.8220390641859532,0.5416640073401896,1.363703071526143,135.98958214535102,0.0,9.851299202304201,227.12745229259113,1.0,0.0724415727064647,True,0.0,False,True,"UNFILTERED (control, no IV condition)",1pct
put,2014-03-20,2014-04-25,152.11167907714844,151.5948944091797,144.2652197546524,142.74410296388092,1.5211167907714866,0.01,22.463445397718296,13.429351734025019,12.091490655083865,0.8367974361458919,0.501063642795263,1.337861078941155,140.02018842206482,0.0,12.091490655083865,271.6165401074974,1.0,0.08635533769342114,True,0.0,False,True,"UNFILTERED (control, no IV condition)",1pct
call,2014-03-20,2014-04-25,152.11167907714844,151.5948944091797,162.15176049026906,163.67287728104054,1.5211167907714866,0.01,22.18026498756289,11.624587954232446,10.303821553311126,0.8056905498885658,0.5150758510327536,1.3207664009213194,141.80785752383753,0.0,10.303821553311126,228.54149243700263,1.0,0.07266044162312431,True,0.0,False,True,"UNFILTERED (control, no IV condition)",1pct
put,2014-04-28,2014-06-04,152.07505798339844,157.20986938476562,144.44855629101693,142.92780571118294,1.5207505798339866,0.01,22.531926707040018,13.334365709474838,12.036478110764067,0.8156233707238225,0.4822642279869477,1.29788759871077,140.03857987263459,0.0,12.036478110764067,271.2050426026275,1.0,0.08595115804309977,True,0.0,False,True,"UNFILTERED (control, no IV condition)",1pct
call,2014-04-28,2014-06-04,152.07505798339844,157.20986938476562,161.89153950052318,163.41229008035717,1.5207505798339866,0.01,22.256886188677907,11.588309218014103,10.30594477054973,0.7860360889573648,0.49632835850700885,1.2823644474643736,141.76911321284894,0.0,10.30594477054973,229.37823982492557,1.0,0.07269527569856925,True,0.0,False,True,"UNFILTERED (control, no IV condition)",1pct
put,2014-06-05,2014-07-11,158.23519897460938,160.7594757080078,151.74240121718924,150.16004922744315,1.582351989746087,0.01,21.655314604422205,13.132394146124504,12.06550616163373,0.6975989190719456,0.3692890654188291,1.0668879844907746,146.16969281297497,0.0,12.06550616163373,261.282331791773,1.0,0.08254451336277774,True,0.0,False,True,"UNFILTERED (control, no IV condition)",1pct
call,2014-06-05,2014-07-11,158.23519897460938,160.7594757080078,166.70119338212655,168.28354537187263,1.582351989746087,0.01,21.45094683554233,11.732917666354226,10.67291616422865,0.6766622218922158,0.3833392802333607,1.0600015021255764,147.56228281038005,0.0,10.67291616422865,228.9441572190691,1.0,0.07232821260933948,True,0.0,False,True,"UNFILTERED (control, no IV condition)",1pct
put,2014-07-14,2014-08-20,161.5690460205078,162.6483612060547,154.77514506807552,153.15945460787043,1.6156904602050872,0.01,21.28365637214835,13.510631297226539,12.386257229014808,0.7310699253211983,0.3933041428905326,1.124374068211731,149.18278879149392,0.0,12.386257229014808,263.6248425993896,1.0,0.08302738760519165,True,0.0,False,True,"UNFILTERED (control, no IV condition)",1pct
call,2014-07-14,2014-08-20,161.5690460205078,162.6483612060547,170.4481807430161,172.0638712032212,1.6156904602050872,0.01,21.075621183866442,12.030074530381363,10.913689977786328,0.7085682079272848,0.40781634466774963,1.1163845525950344,150.6553560427224,0.0,10.913689977786328,230.01279568998442,1.0,0.07244143364336451,True,0.0,False,True,"UNFILTERED (control, no IV condition)",1pct
put,2014-08-21,2014-09-26,163.12257385253906,162.57070922851562,156.380321484371,154.7490957458456,1.6312257385253872,0.01,21.13966196988539,13.56574189956774,12.45659014002822,0.7241476535143565,0.38500410602516355,1.10915175953952,150.6659837125105,0.0,12.45659014002822,263.3281048576039,1.0,0.08267685799468147,True,0.0,False,True,"UNFILTERED (control, no IV condition)",1pct
call,2014-08-21,2014-09-26,163.12257385253906,162.57070922851562,171.90698662141745,173.53821235994283,1.6312257385253872,0.01,20.938275001114203,12.109269109627974,11.007465713341846,0.7022675620134144,0.3995358342727129,1.1018033962861273,152.11510813919688,0.0,11.007465713341846,230.47734417128729,1.0,0.07236273798174721,True,0.0,False,True,"UNFILTERED (control, no IV condition)",1pct
put,2014-09-29,2014-11-05,162.27496337890625,166.21803283691406,152.92462952505923,151.30187989127018,1.6227496337890557,0.01,21.419734254429418,14.745770569438932,13.117927298374859,0.9982437676500255,0.6295995034140467,1.6278432710640722,149.1570360805307,0.0,13.117927298374859,280.98251670011473,1.0,0.08794709014794594,True,0.0,False,True,"UNFILTERED (control, no IV condition)",1pct
call,2014-09-29,2014-11-05,162.27496337890625,166.21803283691406,174.22561415024765,175.8483637840367,1.6227496337890557,0.01,21.10969382331139,12.527903865400347,10.927241248744584,0.9569301066453872,0.6437325100103752,1.6006626166557625,151.347722130161,0.0,10.927241248744584,230.670717094457,1.0,0.07219957522285678,True,0.0,False,True,"UNFILTERED (control, no IV condition)",1pct
put,2014-11-06,2014-12-12,166.8834991455078,165.02694702148438,158.79868612543916,157.1298511339841,1.6688349914550713,0.01,20.845691963531376,14.49250344439843,13.128126318044936,0.8633448562317292,0.5010322701217651,1.3643771263534943,153.7553728274622,0.0,13.128126318044936,273.66487728429405,1.0,0.08538320369966367,True,0.0,False,True,"UNFILTERED (control, no IV condition)",1pct
call,2014-11-06,2014-12-12,166.8834991455078,165.02694702148438,177.27008012036092,178.938915111816,1.6688349914550713,0.01,20.60266960527123,12.66406998323415,11.314478183332474,0.8330967747412654,0.51649502516041,1.3495917999016753,155.56902096217468,0.0,11.314478183332474,233.10845576724842,1.0,0.072729635459257,True,0.0,False,True,"UNFILTERED (control, no IV condition)",1pct
put,2014-12-15,2015-01-21,163.89328002929688,167.74673461914062,151.80110544407734,150.16217264378437,1.638932800292963,0.01,21.399364122118488,15.838589724804208,13.642432012886834,1.296061227518741,0.9000964843986325,2.1961577119173734,150.25084801640946,0.0,13.642432012886834,291.9393701550112,1.0,0.09079770392641573,True,0.0,False,True,"UNFILTERED (control, no IV condition)",1pct
call,2014-12-15,2015-01-21,163.89328002929688,167.74673461914062,179.3268276046285,180.96576040492147,1.638932800292963,0.01,20.98357998283517,12.801050861669339,10.665250827874834,1.2279131526681197,0.9078868811263852,2.1358000337945047,153.22802920142146,0.0,10.665250827874834,223.79514378371059,1.0,0.06960378517859248,True,0.0,False,True,"UNFILTERED (control, no IV condition)",1pct
put,2015-01-22,2015-02-27,170.2412567138672,174.00784301757812,160.2884686084036,158.58605604126492,1.7024125671386798,0.01,20.61686476551189,15.520289081577054,13.787434402592014,1.0604309530122369,0.6724237259728039,1.7328546789850408,156.45382231127596,0.0,13.787434402592014,284.2536705416058,1.0,0.08812462488235626,True,0.0,False,True,"UNFILTERED (control, no IV condition)",1pct
call,2015-01-22,2015-02-27,170.2412567138672,174.00784301757812,182.90877365632096,184.61118622345964,1.7024125671386798,0.01,20.313848583015528,13.1567646181173,11.45365507072455,1.0160143314228431,0.6870952159699073,1.7031095473927504,158.78760164314343,0.0,11.45365507072455,232.6678148287865,1.0,0.07213192309853826,True,0.0,False,True,"UNFILTERED (control, no IV condition)",1pct
put,2015-03-02,2015-04-08,175.1065216064453,172.56105041503906,166.93609322603606,165.1850280099716,1.751065216064461,0.01,20.046948876174813,15.06363169928182,13.689153490532519,0.8755345006156767,0.49894370813362565,1.3744782087493024,161.41736811591358,0.0,13.689153490532519,274.4257601828154,1.0,0.08480595149279326,True,0.0,False,True,"UNFILTERED (control, no IV condition)",1pct
call,2015-03-02,2015-04-08,175.1065216064453,172.56105041503906,185.68002570849885,187.4310909245633,1.751065216064461,0.01,19.823331066881963,13.229252099880284,11.86827898068783,0.845852210844733,0.5151209083477215,1.3609731191924546,163.2382426257583,0.0,11.86827898068783,235.26882342829126,1.0,0.07270526066552414,True,0.0,False,True,"UNFILTERED (control, no IV condition)",1pct
put,2015-04-09,2015-05-15,173.32435607910156,176.261474609375,165.30030833812418,163.56706477733317,1.73324356079101,0.01,20.313862459695933,14.87027711549107,13.526108726626699,0.8579626583758271,0.4862057304885453,1.3441683888643725,159.7982473524743,0.0,13.526108726626699,274.76751228758764,1.0,0.08464491288688256,True,0.0,False,True,"UNFILTERED (control, no IV condition)",1pct
call,2015-04-09,2015-05-15,173.32435607910156,176.261474609375,183.6684647392247,185.4017083000157,1.73324356079101,0.01,20.090191595334293,13.078375684122534,11.74702105893598,0.8291570086448097,0.5021976165417441,1.3313546251865538,161.57733502016504,0.0,11.74702105893598,235.99990374845058,1.0,0.07270215873699079,True,0.0,False,True,"UNFILTERED (control, no IV condition)",1pct
put,2015-05-18,2015-06-24,176.80909729003906,175.50143432617188,168.76573734953766,166.99764637663728,1.7680909729003815,0.01,19.971397296562937,15.106839077152756,13.759165530893522,0.8626722615940274,0.48500128466520687,1.3476735462592342,163.04993175914464,0.0,13.759165530893522,274.78976128664885,1.0,0.08438620846047573,True,0.0,False,True,"UNFILTERED (control, no IV condition)",1pct
call,2015-05-18,2015-06-24,176.80909729003906,175.50143432617188,187.2408282873641,189.0089192602645,1.7680909729003815,0.01,19.75562816158177,13.313725643847363,11.97834932770011,0.8341097286217181,0.501266587525534,1.335376316147252,164.83074796233805,0.0,11.97834932770011,236.63981530757638,1.0,0.07267059984728715,True,0.0,False,True,"UNFILTERED (control, no IV condition)",1pct
put,2015-06-25,2015-07-31,174.96783447265625,175.50143432617188,166.2714110441409,164.52173269941434,1.7496783447265614,0.01,20.271107056956144,15.29777115114328,13.824017872353627,0.92809877878412,0.5456545000055324,1.4737532787896523,161.1438166003025,0.0,13.824017872353627,280.2281462477555,1.0,0.08578683417088483,True,0.0,False,True,"UNFILTERED (control, no IV condition)",1pct
call,2015-06-25,2015-07-31,174.96783447265625,175.50143432617188,186.12071605792983,187.8703944026564,1.7496783447265614,0.01,20.02709293226395,13.317253530758855,11.86060922935808,0.8947878198348747,0.5618564815659005,1.4566443014007753,163.10722524329805,0.0,11.86060922935808,237.53352326962178,1.0,0.07271663908000559,True,0.0,False,True,"UNFILTERED (control, no IV condition)",1pct
put,2015-08-03,2015-09-09,174.90945434570312,162.4034423828125,167.06471794552215,165.3156234020651,1.7490945434570335,0.01,20.311436560447905,14.887225055531061,13.575775090210888,0.8418152958542258,0.4696346694659487,1.3114499653201745,161.33367925549246,174.90945434570335,-161.33367925549246,-3276.9187912615853,-11.883938720510011,-1.0,False,161.33367925549246,True,False,"UNFILTERED (control, no IV condition)",1pct
call,2015-08-03,2015-09-09,174.90945434570312,162.4034423828125,185.09663433839344,186.84572888185048,1.7490945434570335,0.01,20.0959009927321,13.145398815822773,11.845414945493415,0.8143094203624635,0.48567444996689413,1.2999838703293576,163.06403940020994,0.0,11.845414945493415,238.04428596246478,1.0,0.0726427174812043,True,0.0,False,True,"UNFILTERED (control, no IV condition)",1pct
put,2015-09-10,2015-10-16,163.28721618652344,170.35455322265625,149.12639938360817,147.49352722174294,1.6328721618652366,0.01,21.511485142828505,16.42362236936421,13.77911482571174,1.5275490514432888,1.1169584922091802,2.6445075436524688,149.5081013608119,0.0,13.77911482571174,296.4092238546261,1.0,0.09216299785961587,True,0.0,False,True,"UNFILTERED (control, no IV condition)",1pct
call,2015-09-10,2015-10-16,163.28721618652344,170.35455322265625,181.44661660149495,183.0794887633602,1.6328721618652366,0.01,21.00818735311321,12.745554911857404,10.197316182418724,1.4334388011175592,1.1147999283211196,2.548238729438679,153.08990000410495,0.0,10.197316182418724,214.22712885918574,1.0,0.0666099865643997,True,0.0,False,True,"UNFILTERED (control, no IV condition)",1pct
put,2015-10-19,2015-11-25,170.4384002685547,175.4249267578125,161.24908618569614,159.5447021830106,1.7043840026855435,0.01,20.57712847680104,15.227561426701897,13.645190183516453,0.9815301394264953,0.6008411037589478,1.582371243185443,156.7932100850379,0.0,13.645190183516453,280.77883149660244,1.0,0.08702666509675953,True,0.0,False,True,"UNFILTERED (control, no IV condition)",1pct
call,2015-10-19,2015-11-25,170.4384002685547,175.4249267578125,182.21651595485912,183.92089995754466,1.7043840026855435,0.01,20.302473525675396,13.083774538594106,11.524067779476422,0.9434005612912688,0.6163061978264162,1.559706759117685,158.9143324890779,0.0,11.524067779476422,233.9670810009089,1.0,0.07251748535814706,True,0.0,False,True,"UNFILTERED (control, no IV condition)",1pct
put,2015-11-27,2015-12-31,175.62600708007812,171.8742218017578,166.41312338989692,164.65686331909615,1.7562600708007778,0.01,20.02446302853752,15.558223380129022,13.991263524299208,0.9779577201665224,0.5890021356632913,1.5669598558298137,161.63474355577858,0.0,13.991263524299208,280.1675391648551,1.0,0.08656099064166213,True,0.0,False,True,"UNFILTERED (control, no IV condition)",1pct
call,2015-11-27,2015-12-31,175.62600708007812,171.8742218017578,187.30780454597064,189.06406461677142,1.7562600708007778,0.01,19.768095993484117,13.441384046879179,11.895066703893681,0.9411759720787394,0.6051413709067588,1.5463173429854982,163.7309403761841,0.0,11.895066703893681,235.142820451467,1.0,0.07265008480720794,True,0.0,False,True,"UNFILTERED (control, no IV condition)",1pct
put,2016-01-04,2016-02-10,169.4715576171875,156.1934051513672,156.79773268129333,155.10301710512144,1.6947155761718875,0.01,20.901388367593526,16.432488929051203,14.125171217020894,1.3590649676282984,0.9482527444020117,2.30731771203031,155.34638640016786,60.432752992613814,-46.30758177559292,-967.8927510557638,-3.278373130075201,-0.2980924297544065,False,46.30758177559292,False,False,"UNFILTERED (control, no IV condition)",1pct
call,2016-01-04,2016-02-10,169.4715576171875,156.1934051513672,185.65320785568662,187.3479234318585,1.6947155761718875,0.01,20.488814630983036,13.239350562898444,10.997033242209275,1.2866505423808183,0.9556667783083506,2.242317320689169,158.4745243749795,0.0,10.997033242209275,225.3161755903842,1.0,0.06939306671265533,True,0.0,False,True,"UNFILTERED (control, no IV condition)",1pct
put,2016-02-11,2016-03-18,154.16160583496094,173.1929473876953,138.80747138748333,137.26585532913373,1.5416160583496037,0.01,22.915632589196438,16.06384469657698,13.117992504092735,1.673724154949341,1.2721280375349031,2.945852192484244,141.04361333086763,0.0,13.117992504092735,300.60709653162206,1.0,0.093006639537232,True,0.0,False,True,"UNFILTERED (control, no IV condition)",1pct
call,2016-02-11,2016-03-18,154.16160583496094,173.1929473876953,174.09512417007065,175.63674022842025,1.5416160583496037,0.01,22.287908359169155,11.957118160417224,9.145592216384212,1.5552269490217263,1.2562989950112846,2.811525944033011,145.01601361857615,0.0,9.145592216384212,203.83612120910203,1.0,0.06306608482866673,True,0.0,False,True,"UNFILTERED (control, no IV condition)",1pct
put,2016-03-21,2016-04-27,173.43861389160156,177.40455627441406,164.85760206388443,163.1232159249684,1.7343861389160224,0.01,20.296428552802016,15.15374112872756,13.69659435043194,0.9179951532569064,0.539151625038714,1.4571467782956204,159.74201954117032,0.0,13.69659435043194,277.9919486502536,1.0,0.08574196313388861,True,0.0,False,True,"UNFILTERED (control, no IV condition)",1pct
call,2016-03-21,2016-04-27,173.43861389160156,177.40455627441406,184.49389025108277,186.2282763899988,1.7343861389160224,0.01,20.052807093026896,13.19621515068743,11.755889300634777,0.8851156144099204,0.5552102356427308,1.440325850052651,161.68272459096747,0.0,11.755889300634777,235.73858035260807,1.0,0.07270961897985934,True,0.0,False,True,"UNFILTERED (control, no IV condition)",1pct
put,2016-04-28,2016-06-03,175.79446411132812,178.19261169433594,166.2743690462623,164.51642440514902,1.7579446411132835,0.01,20.112460009949533,15.716796176752545,14.080427366507314,1.014644357332023,0.6217244529132082,1.6363688102452312,161.71403674482104,0.0,14.080427366507314,283.1920323318774,1.0,0.08706991458463018,True,0.0,False,True,"UNFILTERED (control, no IV condition)",1pct
call,2016-04-28,2016-06-03,175.79446411132812,178.19261169433594,187.9457212419646,189.7036658830779,1.7579446411132835,0.01,19.843233675602352,13.499153699240907,11.886345593493457,0.9751434741142373,0.6376646316332113,1.6128081057474486,163.90811851783488,0.0,11.886345593493457,235.863533160657,1.0,0.07251834564985322,True,0.0,False,True,"UNFILTERED (control, no IV condition)",1pct
put,2016-06-06,2016-07-13,179.0993194580078,183.07171630859372,170.33219806909693,168.54120487451686,1.790993194580068,0.01,19.777112350642067,15.604498048307214,14.118297429194474,0.9381565351602117,0.5480440839525286,1.4862006191127404,164.9810220288123,0.0,14.118297429194474,279.21915445696015,1.0,0.08557528166317731,True,0.0,False,True,"UNFILTERED (control, no IV condition)",1pct
call,2016-06-06,2016-07-13,179.0993194580078,183.07171630859372,190.40291234732592,192.193905541906,1.790993194580068,0.01,19.542855759170603,13.610224734940246,12.14070048255521,0.9048899353792716,0.5646343170057633,1.469524252385035,166.9586189754516,0.0,12.14070048255521,237.2639583458694,1.0,0.07271682382770722,True,0.0,False,True,"UNFILTERED (control, no IV condition)",1pct
put,2016-07-14,2016-08-19,184.0938873291016,186.15524291992188,175.75609588409293,173.91515701080192,1.8409388732910088,0.01,19.27839772311021,15.700932207237805,14.309140813581593,0.8921573494185819,0.4996340442376318,1.3917913936562138,169.7847465155193,0.0,14.309140813581593,275.8573076802148,1.0,0.08427812926218113,True,0.0,False,True,"UNFILTERED (control, no IV condition)",1pct
call,2016-07-14,2016-08-19,184.0938873291016,186.15524291992188,194.86212877042703,196.70306764371804,1.8409388732910088,0.01,19.071938961532855,13.850535351611093,12.471176222198366,0.8628112566015034,0.5165478728112238,1.3793591294127272,171.6227111069025,0.0,12.471176222198366,237.84951168828712,1.0,0.07266623479936851,True,0.0,False,True,"UNFILTERED (control, no IV condition)",1pct
put,2016-08-22,2016-09-28,186.1467437744141,185.46902465820312,178.00202510037815,176.140557662634,1.8614674377441531,0.01,19.115867225216608,15.737269919278951,14.380955262364377,0.874873202448273,0.4814414544662998,1.3563146569145728,171.76578851205093,0.0,14.380955262364377,274.90443136713753,1.0,0.08372421182903615,True,0.0,False,True,"UNFILTERED (control, no IV condition)",1pct
call,2016-08-22,2016-09-28,186.1467437744141,185.46902465820312,196.74827674188833,198.6097441796325,1.8614674377441531,0.01,18.9192910038541,13.94159851690766,12.59626525161436,0.8469366141079959,0.49839665118530385,1.3453332652932999,173.55047852280094,0.0,12.59626525161436,238.31240785702755,1.0,0.07257983590036297,True,0.0,False,True,"UNFILTERED (control, no IV condition)",1pct
put,2016-09-29,2016-11-04,183.79098510742188,178.5430450439453,174.6492366697128,172.81132681863858,1.8379098510742153,0.01,19.45858187133841,16.072337861304042,14.52292818560762,0.975609061114513,0.5738006145819097,1.5494096756964226,169.2680569218139,0.0,14.52292818560762,282.59558711121406,1.0,0.08579839840848331,True,0.0,False,True,"UNFILTERED (control, no IV condition)",1pct
call,2016-09-29,2016-11-04,183.79098510742188,178.5430450439453,195.51441536875006,197.35232521982428,1.8379098510742153,0.01,19.224131463412938,13.98998453750444,12.458597473471213,0.9405683387354202,0.5908187252978064,1.5313870640332268,171.3323876339503,0.0,12.458597473471213,239.5057156797549,1.0,0.07271595082237962,True,0.0,False,True,"UNFILTERED (control, no IV condition)",1pct
put,2016-11-07,2016-12-14,182.48117065429688,193.3794708251953,170.143262515307,168.31845080876403,1.8248117065429597,0.01,19.73457098373138,17.258081878576803,15.05121372261709,1.319160101462069,0.8877080544976435,2.2068681559597128,167.42995693167887,0.0,15.05121372261709,297.0292456002988,1.0,0.0898955837918471,True,0.0,False,True,"UNFILTERED (control, no IV condition)",1pct
call,2016-11-07,2016-12-14,182.48117065429688,193.3794708251953,198.20960182958882,200.03441353613178,1.8248117065429597,0.01,19.388584033670455,14.21890303015303,12.063446279310014,1.2554646632984223,0.8999920875445933,2.1554567508430154,170.41772437498594,0.0,12.063446279310014,233.89314192207138,1.0,0.07078750947739271,True,0.0,False,True,"UNFILTERED (control, no IV condition)",1pct
put,2016-12-15,2017-01-20,194.1756591796875,195.2598571777344,185.4029366560947,183.46118006429782,1.9417565917968886,0.01,18.509022989537723,16.549691784164366,15.085881210563254,0.9387764341026117,0.5250341394985009,1.4638105736011124,179.0897779691256,0.0,15.085881210563254,279.22492214375046,1.0,0.08423641696157556,True,0.0,False,True,"UNFILTERED (control, no IV condition)",1pct
call,2016-12-15,2017-01-20,194.1756591796875,195.2598571777344,205.50802208928414,207.44977868108103,1.9417565917968886,0.01,18.311423585301544,14.604147488046593,13.15331527615416,0.9079679495468007,0.5428642623456326,1.4508322118924333,181.0223439035347,0.0,13.15331527615416,240.85592757267636,1.0,0.0726612803288165,True,0.0,False,True,"UNFILTERED (control, no IV condition)",1pct
put,2017-01-23,2017-03-01,194.75177001953125,206.4894256591797,186.59950061646975,184.65198291627445,1.9475177001953057,0.01,18.490158972605492,16.264966710179785,14.916732389915119,0.877429244009581,0.4708050762550847,1.3482343202646656,179.83503762961547,0.0,14.916732389915119,275.812753241344,1.0,0.08294675268251848,True,0.0,False,True,"UNFILTERED (control, no IV condition)",1pct
call,2017-01-23,2017-03-01,194.75177001953125,206.4894256591797,205.41134475668775,207.35886245688306,1.9475177001953057,0.01,18.310473900730422,14.490769185206709,13.151968034971548,0.8505351899326663,0.4882659603024947,1.3388011502351609,181.59980198455904,107.80809024919336,-94.65612221422181,-1733.1984553478576,-7.197107076486792,-0.5212347215129132,False,94.65612221422181,False,False,"UNFILTERED (control, no IV condition)",1pct
put,2017-03-02,2017-04-07,205.1891021728516,203.42645263671875,196.66969956510374,194.61780854337522,2.0518910217285224,0.01,17.39276543486322,17.085764971029782,15.683256600579668,0.914826247362932,0.4876821230871825,1.4025083704501147,189.50584557227256,0.0,15.683256600579668,272.7752033086525,1.0,0.08275869566566212,True,0.0,False,True,"UNFILTERED (control, no IV condition)",1pct
call,2017-03-02,2017-04-07,205.1891021728516,203.42645263671875,216.28364220775296,218.33553322948148,2.0518910217285224,0.01,17.226103532857316,15.242861314294665,13.84979469179282,0.8870690776796086,0.505997544822237,1.3930666225018458,191.33930748105942,0.0,13.84979469179282,238.57799726964078,1.0,0.0723834264591127,True,0.0,False,True,"UNFILTERED (control, no IV condition)",1pct
put,2017-04-10,2017-05-17,203.54759216308597,203.96275329589844,193.2788598038867,191.24338388225584,2.035475921630848,0.01,17.64076834644755,17.875401543320457,16.12617606295664,1.0980552594734128,0.6511702208904013,1.749225480363814,187.42141610012814,0.0,16.12617606295664,284.4781362406457,1.0,0.08604233389390988,True,0.0,False,True,"UNFILTERED (control, no IV condition)",1pct
call,2017-04-10,2017-05-17,203.54759216308597,203.96275329589844,216.75984377169414,218.79531969332498,2.035475921630848,0.01,17.423837268313022,15.520712624115163,13.792733134512858,1.057998652602593,0.6699808369997118,1.7279794896023049,189.75485902857196,0.0,13.792733134512858,240.32233762102103,1.0,0.07268711433859011,True,0.0,False,True,"UNFILTERED (control, no IV condition)",1pct
put,2017-05-18,2017-06-23,204.78439331054688,211.31069946289065,194.11539353103782,192.06754959793236,2.0478439331054688,0.01,17.597369295395726,18.126408269137784,16.304300724744163,1.1376338755610338,0.6844736688325859,1.8221075443936197,188.4800925858027,0.0,16.304300724744163,286.9128009565112,1.0,0.086504099722478,True,0.0,False,True,"UNFILTERED (control, no IV condition)",1pct
call,2017-05-18,2017-06-23,204.78439331054688,211.31069946289065,218.42856009560023,220.4764040287057,2.0478439331054688,0.01,17.372786073127727,15.665999417508125,13.867761971080167,1.0949437159328335,0.7032937304951248,1.7982374464279582,190.9166313394667,0.0,13.867761971080167,240.92166203663186,1.0,0.07263778893323367,True,0.0,False,True,"UNFILTERED (control, no IV condition)",1pct
put,2017-06-26,2017-08-02,211.44970703125,215.0565948486328,204.10830579598488,201.99380872567238,2.1144970703124955,0.01,16.98480182648413,16.73075666757704,15.550424995801244,0.7993002942326133,0.38103137754318395,1.1803316717757972,195.8992820354483,0.0,15.550424995801244,264.12088687128943,1.0,0.07937969365802662,True,0.0,False,True,"UNFILTERED (control, no IV condition)",1pct
call,2017-06-26,2017-08-02,211.44970703125,215.0565948486328,221.28255331374274,223.39705038405523,2.1144970703124955,0.01,16.85554771744732,15.224866329814013,14.048202250809508,0.7786428686249292,0.39802121037957605,1.1766640790045053,197.40150478044004,0.0,14.048202250809508,236.7901433828705,1.0,0.07116562898765454,True,0.0,False,True,"UNFILTERED (control, no IV condition)",1pct
put,2017-08-03,2017-09-08,214.63946533203125,214.30914306640625,206.83409378940954,204.68769913608924,2.1463946533203,0.01,16.796274652549794,17.20363900228623,15.944887339935493,0.8444213187039473,0.41433034364679044,1.2587516623507378,198.6945779920945,0.0,15.944887339935493,267.8147070655206,1.0,0.08024822569929359,True,0.0,False,True,"UNFILTERED (control, no IV condition)",1pct
call,2017-08-03,2017-09-08,214.63946533203125,214.30914306640625,224.9670968328386,227.1134914861589,2.1463946533203,0.01,16.660935810331285,15.584713578633647,14.330866708281015,0.8217323549092381,0.43211451544339363,1.2538468703526318,200.308598623749,0.0,14.330866708281015,238.76565033308358,1.0,0.07154394173162529,True,0.0,False,True,"UNFILTERED (control, no IV condition)",1pct
put,2017-09-11,2017-10-18,216.59494018554688,223.35595703125,208.38612112433444,206.22017172247897,2.165949401855471,0.01,16.70842993936161,17.586441328779934,16.24934678004449,0.8883777909774737,0.44871675775796926,1.3370945487354429,200.3455934055026,0.0,16.24934678004449,271.50107223476454,1.0,0.0811065843966708,True,0.0,False,True,"UNFILTERED (control, no IV condition)",1pct
call,2017-09-11,2017-10-18,216.59494018554688,223.35595703125,227.4557300037963,229.62167940565178,2.165949401855471,0.01,16.56568074521138,15.853635694547386,14.522935867625328,0.863520359642872,0.4671794672791857,1.3306998269220576,202.0720043179218,0.0,14.522935867625328,240.58231906626065,1.0,0.07187010351407341,True,0.0,False,True,"UNFILTERED (control, no IV condition)",1pct
put,2017-10-19,2017-11-24,223.4170837402344,227.4086761474609,215.6222171882759,213.38804635087357,2.2341708374023312,0.01,16.222407686894698,17.687014380196686,16.437821246773925,0.8456842464638403,0.40350888695891984,1.2491931334227602,206.9792624934592,0.0,16.437821246773925,266.6610377494663,1.0,0.0794177206390103,True,0.0,False,True,"UNFILTERED (control, no IV condition)",1pct
call,2017-10-19,2017-11-24,223.4170837402344,227.4086761474609,233.79057359552158,236.0247444329239,2.2341708374023312,0.01,16.09870476811464,16.092668156658974,14.847386533784086,0.8237991633956832,0.4214824594792055,1.2452816228748886,208.56969720644904,0.0,14.847386533784086,239.02369238547095,1.0,0.07118669074485764,True,0.0,False,True,"UNFILTERED (control, no IV condition)",1pct
put,2017-11-27,2018-01-03,227.2951812744141,237.4466857910156,219.4298337679451,217.15688195520096,2.2729518127441395,0.01,15.992089685986706,17.96654181907975,16.70258583296378,0.856559765796483,0.4073962203194864,1.2639559861159695,210.59259544145016,0.0,16.70258583296378,267.10925062864777,1.0,0.07931231294220648,True,0.0,False,True,"UNFILTERED (control, no IV condition)",1pct
call,2017-11-27,2018-01-03,227.2951812744141,237.4466857910156,237.83504508932148,240.10799690206562,2.2729518127441395,0.01,15.870928292395869,16.354988499252876,15.094885774497591,0.8344887186183036,0.42561400613698175,1.2601027247552854,212.20029549991634,0.0,15.094885774497591,239.56984970895775,1.0,0.07113508366675927,True,0.0,False,True,"UNFILTERED (control, no IV condition)",1pct
put,2018-01-04,2018-02-09,238.44754028320312,229.5719451904297,230.8801023762296,228.49562697339755,2.384475402832038,0.01,15.26348940876802,18.334335009685176,17.138430351192124,0.8271315168675908,0.3687731416254614,1.1959046584930522,221.3091099320117,130.81571857998995,-113.67728822879782,-1735.112084897725,-6.632887954111305,-0.5136584222119035,False,113.67728822879782,False,False,"UNFILTERED (control, no IV condition)",1pct
call,2018-01-04,2018-02-09,238.44754028320312,229.5719451904297,248.66715403227803,251.05162943511007,2.384475402832038,0.01,15.16107411619328,16.837464522488155,15.64345466085277,0.8074732373487936,0.3865366242865903,1.1940098616353838,222.80408562235104,0.0,15.64345466085277,237.17157554649805,1.0,0.07021170467837895,True,0.0,False,True,"UNFILTERED (control, no IV condition)",1pct
put,2018-02-12,2018-03-21,232.94308471679688,238.3624420166016,211.4913235095372,209.16189266236924,2.32943084716797,0.01,15.70290286418997,23.793098511466226,19.734706986898953,2.3266094936769677,1.7317820308903054,4.0583915245672735,213.20837772989805,0.0,19.734706986898953,309.89218686852536,1.0,0.09256065449688738,True,0.0,False,True,"UNFILTERED (control, no IV condition)",1pct
call,2018-02-12,2018-03-21,232.94308471679688,238.3624420166016,260.6493935900111,262.978824437179,2.3294308471679415,0.01,15.308876968478993,18.14193546670282,14.247065915569745,2.1742089689003263,1.720660582232747,3.8948695511330733,218.6960188012244,0.0,14.247065915569745,218.10657926326775,1.0,0.06514552022329718,True,0.0,False,True,"UNFILTERED (control, no IV condition)",1pct
put,2018-03-22,2018-04-27,232.4040679931641,234.9513092041016,213.0792696004921,210.75522892056046,2.3240406799316418,0.01,15.778642617783849,23.13036159467714,19.549863610501895,2.0793785120210906,1.5011194721541554,3.580497984175246,212.85420438266226,0.0,19.549863610501895,308.4703111365268,1.0,0.09184626475761688,True,0.0,False,True,"UNFILTERED (control, no IV condition)",1pct
call,2018-03-22,2018-04-27,232.4040679931641,234.9513092041016,257.11936911223495,259.44340979216656,2.3240406799316133,0.01,15.42692332929948,18.156132992486462,14.696988690573253,1.9565238133626872,1.5026204885505212,3.4591443019132084,217.7070793025881,0.0,14.696988690573253,226.72931770105515,1.0,0.06750808810468725,True,0.0,False,True,"UNFILTERED (control, no IV condition)",1pct
put,2018-04-30,2018-06-06,233.1444549560547,244.5059356689453,219.75364986236946,217.4222053128089,2.3314445495605582,0.01,15.721693768288848,21.168410071110166,18.83838444733034,1.4296179377787932,0.9004076860010313,2.3300256237798243,214.3060705087255,0.0,18.83838444733034,296.17131137022295,1.0,0.08790411024107381,True,0.0,False,True,"UNFILTERED (control, no IV condition)",1pct
call,2018-04-30,2018-06-06,233.1444549560547,244.5059356689453,250.26116513429724,252.5926096838578,2.3314445495605582,0.01,15.495014424234325,17.994661106875753,15.703262519735157,1.3706325574062483,0.920766029734349,2.2913985871405975,217.44119243632065,0.0,15.703262519735157,243.3222792508345,1.0,0.07221843452837934,True,0.0,False,True,"UNFILTERED (control, no IV condition)",1pct
put,2018-06-07,2018-07-13,244.4795684814453,247.54283142089844,234.0360729913268,231.59127730651232,2.4447956848144656,0.01,14.976671954057835,20.519327379509633,18.79229327073992,1.1200086466287285,0.6070254621409865,1.727034108769715,225.68727521070664,0.0,18.79229327073992,281.4460115803203,1.0,0.08326695979290377,True,0.0,False,True,"UNFILTERED (control, no IV condition)",1pct
call,2018-06-07,2018-07-13,244.4795684814453,247.54283142089844,258.0403958990852,260.4851915838996,2.444795684814437,0.01,14.827815724517777,18.240840083375254,16.52662194954001,1.0851195679598136,0.62909856587543,1.7142181338352436,227.95294653190373,0.0,16.52662194954001,245.05370481655,1.0,0.07250014619673709,True,0.0,False,True,"UNFILTERED (control, no IV condition)",1pct
put,2018-07-16,2018-08-22,247.32147216796875,253.36866760253903,235.97713195445186,233.50391723277218,2.473214721679682,0.01,14.867931279629296,21.178577179827585,19.275336118811204,1.2163527452560385,0.6868883157603423,1.9032410610163808,228.04613604915698,0.0,19.275336118811204,286.58437280624145,1.0,0.0845238443972419,True,0.0,False,True,"UNFILTERED (control, no IV condition)",1pct
call,2018-07-16,2018-08-22,247.32147216796875,253.36866760253903,262.0237158807862,264.4969306024659,2.4732147216797102,0.01,14.70561703523676,18.643706807699267,16.758261441106693,1.1757690183925307,0.7096763482000445,1.8854453665925752,230.56321072686436,0.0,16.758261441106693,246.4405749292899,1.0,0.07268402182757287,True,0.0,False,True,"UNFILTERED (control, no IV condition)",1pct
put,2018-08-23,2018-09-28,253.0322113037109,258.5623779296875,241.95875310013167,239.42843098709457,2.5303221130371014,0.01,14.566866469805744,21.379325901329516,19.54103560242521,1.1863867232187741,0.6519035756855307,1.8382902989043048,233.49117570128493,0.0,19.54103560242521,284.6516563022481,1.0,0.08369068143039751,True,0.0,False,True,"UNFILTERED (control, no IV condition)",1pct
call,2018-08-23,2018-09-28,253.0322113037109,258.5623779296875,267.37763500768153,269.90795712071866,2.53032211303713,0.01,14.417531768929981,18.946096474710572,17.1225679035655,1.1485904915064182,0.6749380796386539,1.8235285711450722,235.90964340014747,0.0,17.1225679035655,246.86516671531643,1.0,0.0725810427110111,True,0.0,False,True,"UNFILTERED (control, no IV condition)",1pct
put,2018-10-01,2018-11-07,259.4606628417969,249.92637634277344,248.3733823268372,245.77877569841922,2.594606628417978,0.01,14.24537833464218,21.793373180248388,19.953853360867207,1.1921770744436955,0.6473427449374847,1.8395198193811801,239.5068094809306,0.0,19.953853360867207,284.25019035952477,1.0,0.08331225907151471,True,0.0,False,True,"UNFILTERED (control, no IV condition)",1pct
call,2018-10-01,2018-11-07,259.4606628417969,249.92637634277344,273.9265573386726,276.52116396709056,2.594606628417978,0.01,14.103238322500875,19.365698295507272,17.53997507071376,1.1549328410906001,0.6707903837029128,1.825723224793513,241.92068777108403,0.0,17.53997507071376,247.37044859300028,1.0,0.07250299770688008,True,0.0,False,True,"UNFILTERED (control, no IV condition)",1pct
put,2018-11-08,2018-12-14,249.47276306152344,231.65838623046875,234.59781373598116,232.10308610536592,2.4947276306152446,0.01,14.931428748244494,22.856918981019447,20.258426961212724,1.5849574971661062,1.013534522640619,2.5984920198067254,229.21433610031175,249.47276306152446,-229.21433610031173,-3422.4975275579704,-11.314517980056944,-0.9999999999999999,False,229.21433610031173,True,False,"UNFILTERED (control, no IV condition)",1pct
call,2018-11-08,2018-12-14,249.47276306152344,231.65838623046875,268.3952935302266,270.8900211608418,2.494727630615216,0.01,14.706675618504384,19.307405943003886,16.755484436590162,1.5173033274944125,1.034618178919311,2.5519215064137235,232.71727862493145,0.0,16.755484436590162,246.41747443983022,1.0,0.07199931408442964,True,0.0,False,True,"UNFILTERED (control, no IV condition)",1pct
put,2018-12-17,2019-01-23,227.11363220214844,235.64122009277344,207.06046599352922,204.78932967150774,2.2711363220214764,0.01,16.15473111770306,22.95187295243508,19.18841809476485,2.1686258407405568,1.5948290169296775,3.7634548576702342,207.9252141073828,0.0,19.18841809476485,309.9837348949942,1.0,0.09228519098628897,True,0.0,False,True,"UNFILTERED (control, no IV condition)",1pct
call,2018-12-17,2019-01-23,227.11363220214844,235.64122009277344,252.92880465706094,255.1999409790824,2.2711363220214764,0.01,15.768374400312064,17.715795404416568,14.093834395397643,2.0324279470646744,1.5895330619542514,3.621961009018926,213.01979780674998,0.0,14.093834395397643,222.23685748262585,1.0,0.06616208700086866,True,0.0,False,True,"UNFILTERED (control, no IV condition)",1pct
put,2019-01-24,2019-03-01,235.7664337158203,250.8580322265625,219.86458389651153,217.50691955935332,2.357664337158212,0.01,15.576521159452684,22.27695858940919,19.43954635443559,1.697168099854418,1.1402441351191839,2.837412234973602,216.32688736138564,0.0,19.43954635443559,302.8005051200272,1.0,0.08986190570920935,True,0.0,False,True,"UNFILTERED (control, no IV condition)",1pct
call,2019-01-24,2019-03-01,235.7664337158203,250.8580322265625,255.97187560608515,258.32953994324333,2.357664337158184,0.01,15.304740627481142,18.369880866412203,15.598028359592897,1.6155497642398098,1.1563027425794958,2.7718525068193056,220.1684053562255,0.0,15.598028359592897,238.72377834366443,1.0,0.0708458978678425,True,0.0,False,True,"UNFILTERED (control, no IV condition)",1pct
put,2019-03-04,2019-04-10,249.94558715820312,259.0343322753906,236.7950878532295,234.29563198164746,2.499455871582029,0.01,14.696962605486636,22.190866132587317,19.93542010841735,1.4051088387423305,0.8503371854276354,2.2554460241699656,230.01016704978557,0.0,19.93542010841735,292.9901238580761,1.0,0.08667190830787207,True,0.0,False,True,"UNFILTERED (control, no IV condition)",1pct
call,2019-03-04,2019-04-10,249.94558715820312,259.0343322753906,266.82267615326,269.322132024842,2.499455871582029,0.01,14.506600392417354,19.142119912664413,16.917122006615433,1.3517754519328018,0.8732224541161793,2.224997906048981,233.02846515158748,0.0,16.917122006615433,245.40992873973968,1.0,0.07259680483931723,True,0.0,False,True,"UNFILTERED (control, no IV condition)",1pct
put,2019-04-11,2019-05-17,258.9624328613281,256.8330078125,247.04113569487222,244.45151136625896,2.5896243286132687,0.01,14.202642108556812,22.183840333266502,20.188632948334096,1.274901696632036,0.7203056883003711,1.995207384932407,238.77379991299276,0.0,20.188632948334096,286.7319284262073,1.0,0.08455129061769202,True,0.0,False,True,"UNFILTERED (control, no IV condition)",1pct
call,2019-04-11,2019-05-17,258.9624328613281,256.8330078125,274.33770268939327,276.92732701800657,2.589624328613297,0.01,14.04737022892823,19.52585784913623,17.54935911171526,1.2323225918246916,0.7441761455962814,1.976498737420973,241.41307374961448,0.0,17.54935911171526,246.5223447226793,1.0,0.07269431948791996,True,0.0,False,True,"UNFILTERED (control, no IV condition)",1pct
put,2019-05-20,2019-06-26,255.134765625,262.2624816894531,240.12326460823584,237.57191695198586,2.5513476562499875,0.01,14.51001546443291,23.30655559628667,20.68402235280182,1.6025985666960119,1.0199346767888418,2.6225332434848534,234.45074327219695,0.0,20.68402235280182,300.12548420583033,1.0,0.08822331746156037,True,0.0,False,True,"UNFILTERED (control, no IV condition)",1pct
call,2019-05-20,2019-06-26,255.134765625,262.2624816894531,274.30792559878194,276.85927325503195,2.551347656250016,0.01,14.294604183568495,19.72766056417683,17.15098749158545,1.5349322933479015,1.0417407792434774,2.5766730725913787,237.98377813341617,0.0,17.15098749158545,245.16657754954832,1.0,0.07206788473612025,True,0.0,False,True,"UNFILTERED (control, no IV condition)",1pct
put,2019-06-27,2019-08-02,263.1925048828125,264.2038269042969,248.36177717934538,245.72985213051726,2.6319250488281227,0.01,14.103158887251974,23.771069579525772,21.204892104278066,1.5802271073679264,0.9859503678797787,2.566177475247705,241.9876127785342,0.0,21.204892104278066,299.05596253366843,1.0,0.08762800649504597,True,0.0,False,True,"UNFILTERED (control, no IV condition)",1pct
call,2019-06-27,2019-08-02,263.1925048828125,264.2038269042969,282.09111864979997,284.7230436986281,2.6319250488281227,0.01,13.904961329899473,20.2812972598597,17.755666132024654,1.5163317796657694,1.0092993481692736,2.5256311278350427,245.43683875078762,0.0,17.755666132024654,246.89185095240856,1.0,0.07234311777480745,True,0.0,False,True,"UNFILTERED (control, no IV condition)",1pct
put,2019-08-05,2019-09-11,256.25830078125,271.0927734375,233.56913405909148,231.006551051279,2.562583007812492,0.01,14.593600432605616,25.915262743725975,21.65487143266932,2.4541364398249055,1.8062548712317494,4.2603913110566545,234.60342934857988,0.0,21.65487143266932,316.022541107822,1.0,0.09230415553940581,True,0.0,False,True,"UNFILTERED (control, no IV condition)",1pct
call,2019-08-05,2019-09-11,256.25830078125,271.0927734375,285.4727379678372,288.0353209756497,2.5625830078125205,0.01,14.243474028015621,19.9874367139504,15.887959858941114,2.299581386429028,1.7998954685802593,4.0994768550092875,240.37034092231093,0.0,15.887959858941114,226.29974360898248,1.0,0.06609783801935944,True,0.0,False,True,"UNFILTERED (control, no IV condition)",1pct
put,2019-09-12,2019-10-18,272.0318298339844,270.2765197753906,258.3001860229225,255.57986772458267,2.7203182983398335,0.01,13.71169168540652,23.88111228130363,21.548138067345924,1.4650010104951483,0.8679732034625576,2.332974213957706,250.4836917666374,0.0,21.548138067345924,295.4614255740188,1.0,0.08602611178144563,True,0.0,False,True,"UNFILTERED (control, no IV condition)",1pct
call,2019-09-12,2019-10-18,272.0318298339844,270.2765197753906,289.6249581153336,292.34527641367345,2.720318298339862,0.01,13.543424893261161,20.74083910239999,18.436067994196886,1.4116460428815536,0.8931250653215483,2.304771108203102,253.5957618397893,0.0,18.436067994196886,249.68750220646146,1.0,0.07269864393807964,True,0.0,False,True,"UNFILTERED (control, no IV condition)",1pct
put,2019-10-21,2019-11-27,272.1088256835937,286.1591491699219,258.432143112956,255.71105485612006,2.721088256835941,0.01,13.750812687288445,23.87321692465818,21.54486189204307,1.4625927278657858,0.8657623047493235,2.328355032615109,250.563963791551,0.0,21.54486189204307,296.25936025098315,1.0,0.08598547678614574,True,0.0,False,True,"UNFILTERED (control, no IV condition)",1pct
call,2019-10-21,2019-11-27,272.1088256835937,286.1591491699219,289.71020822164957,292.4312964784855,2.7210882568359125,0.01,13.582494227684599,20.740141104875676,18.439795936505725,1.4094243479959245,0.8909208203740249,2.300345168369949,253.66902974708552,0.0,18.439795936505725,250.4584218672709,1.0,0.07269234228116325,True,0.0,False,True,"UNFILTERED (control, no IV condition)",1pct
put,2019-11-29,2020-01-03,285.0978698730469,293.8830261230469,272.5518938654228,269.70091516669237,2.8509786987304437,0.01,13.138872332140789,24.1097783423438,22.031725340278452,1.3403987303119758,0.7376542717533741,2.07805300206535,263.0661445327659,0.0,22.031725340278452,289.47202650270964,1.0,0.08374975571033358,True,0.0,False,True,"UNFILTERED (control, no IV condition)",1pct
call,2019-11-29,2020-01-03,285.0978698730469,293.8830261230469,301.26592498384423,304.1169036825747,2.8509786987304437,0.01,13.00367390610354,21.35786084317992,19.296642244429375,1.2975825599150226,0.7636360388355246,2.061218598750547,265.801227628615,0.0,19.296642244429375,250.9272432293015,1.0,0.07259801776157028,True,0.0,False,True,"UNFILTERED (control, no IV condition)",1pct
put,2020-01-06,2020-02-12,295.004150390625,307.5649108886719,280.3423035875375,277.39226208363124,2.9500415039062773,0.01,12.761613709814252,25.805889366141344,23.31433496762081,1.5683508163370385,0.9232035821834961,2.4915543985205346,271.6898154230069,0.0,23.31433496762081,297.52853675799156,1.0,0.08581232583680622,True,0.0,False,True,"UNFILTERED (control, no IV condition)",1pct
call,2020-01-06,2020-02-12,295.004150390625,307.5649108886719,313.8876976798274,316.8377391837337,2.9500415039062773,0.01,12.60756802649153,22.457137490961543,19.994690514327445,1.5119377069540696,0.9505092696800277,2.462446976634097,275.0094598763003,0.0,19.994690514327445,252.08442082802816,1.0,0.0727054644713716,True,0.0,False,True,"UNFILTERED (control, no IV condition)",1pct
put,2020-02-13,2020-03-20,307.23663330078125,209.7819976806641,291.8072627940322,288.7348964610244,3.0723663330078352,0.01,12.293890670374202,26.935417023159758,24.31621162722695,1.6462954107559047,0.9729099851769063,2.619205395932811,282.9204216735566,307.2366333007835,-282.9204216735566,-3478.192732470872,-11.635053437220853,-1.0,False,282.9204216735566,True,False,"UNFILTERED (control, no IV condition)",1pct
call,2020-02-13,2020-03-20,307.23663330078125,209.7819976806641,327.0112161472206,330.0835824802284,3.0723663330078352,0.01,12.143982641641678,23.411740408330317,20.823778876555316,1.5866275209916347,1.0013340107833668,2.5879615317750018,286.4128544242282,0.0,20.823778876555316,252.8836092102724,1.0,0.07270546190539202,True,0.0,False,True,"UNFILTERED (control, no IV condition)",1pct
put,2020-03-23,2020-04-29,204.41827392578125,268.8382568359375,162.8210256138301,160.77684287457228,2.0441827392578205,0.01,18.2327861472881,26.84194747167865,17.19035810264804,5.161319027911304,4.490270341119307,9.65158936903061,187.227915823134,0.0,17.19035810264804,313.4281230808829,1.0,0.09181514426986956,True,0.0,False,True,"UNFILTERED (control, no IV condition)",1pct
call,2020-03-23,2020-04-29,204.41827392578125,268.8382568359375,269.1479213228606,271.1921040621184,2.044182739257792,0.01,17.139696462775294,13.677150322265419,5.2498372256517545,4.384620927335159,4.042692169278506,8.427313096613664,199.16843670012744,0.0,5.2498372256517545,89.98061652664944,1.0,0.026358781103232885,True,0.0,False,True,"UNFILTERED (control, no IV condition)",1pct
put,2020-04-30,2020-06-05,266.3351135253906,292.7963256835937,234.51019963472822,231.8468484994743,2.6633511352539188,0.01,14.050549077286036,29.150037765487724,22.803369251470084,3.5377097290774318,2.8089587849402076,6.346668514017639,243.53174427392182,0.0,22.803369251470084,320.39985879525574,1.0,0.09363612665550947,True,0.0,False,True,"UNFILTERED (control, no IV condition)",1pct
call,2020-04-30,2020-06-05,266.3351135253906,292.7963256835937,308.7064366039466,311.3697877392005,2.6633511352538903,0.01,13.578574739016123,20.3030545303875,14.338509274584975,3.236060809531116,2.7284844462714064,5.9645452558025225,251.99660425080407,0.0,14.338509274584975,194.69651983102793,1.0,0.05689961306111221,True,0.0,False,True,"UNFILTERED (control, no IV condition)",1pct
put,2020-06-08,2020-07-15,296.3354187011719,296.39617919921875,268.8403953575741,265.8770411705624,2.963354187011703,0.01,12.654202610644829,30.325929509567118,25.116697303169268,2.9836902220685246,2.2255419843293267,5.209232206397852,271.21872139800104,0.0,25.116697303169268,317.8317765845405,1.0,0.0926067978408897,True,0.0,False,True,"UNFILTERED (control, no IV condition)",1pct
call,2020-06-08,2020-07-15,296.3354187011719,296.39617919921875,331.8696240221099,334.8329782091216,2.963354187011703,0.01,12.333954231413582,23.071327062232072,18.074563506072614,2.786773366357642,2.2099901898018137,4.996763556159456,278.2608551950977,0.0,18.074563506072614,222.93083903667784,1.0,0.06495546595441876,True,0.0,False,True,"UNFILTERED (control, no IV condition)",1pct
put,2020-07-16,2020-08-21,295.4201354980469,312.6318664550781,266.1365894706615,263.182388115681,2.954201354980455,0.01,12.737790231549265,30.745109089411216,25.132130899306425,3.190802958670047,2.4221752314347422,5.612978190104789,270.28800459873906,0.0,25.132130899306425,320.12781146720283,1.0,0.09298278307473092,True,0.0,False,True,"UNFILTERED (control, no IV condition)",1pct
call,2020-07-16,2020-08-21,295.4201354980469,312.6318664550781,333.41791608445413,336.3721174394346,2.954201354980455,0.01,12.39073749659742,22.920572797527683,17.561621779374835,2.9659826690455304,2.392968349107316,5.358951018152847,277.8585137186707,0.0,17.561621779374835,217.60144548276168,1.0,0.0632034683564018,True,0.0,False,True,"UNFILTERED (control, no IV condition)",1pct
put,2020-08-24,2020-09-30,315.7999267578125,309.6394958496094,290.3046506937757,287.1466514261976,3.157999267578134,0.01,11.937936782979582,31.20738824498197,26.50148661648667,2.743043167309933,1.9628584611853683,4.705901628495301,289.29844014132675,0.0,26.50148661648667,316.37307188259734,1.0,0.09160604738670657,True,0.0,False,True,"UNFILTERED (control, no IV condition)",1pct
call,2020-08-24,2020-09-30,315.7999267578125,309.6394958496094,348.44585626221345,351.6038555297916,3.157999267578134,0.01,11.68037399010258,24.676165067135614,20.122194799212767,2.585437197300622,1.9685330706222248,4.553970267922846,295.67773195860065,0.0,20.122194799212767,235.03476075650224,1.0,0.06805448170182184,True,0.0,False,True,"UNFILTERED (control, no IV condition)",1pct
put,2020-10-01,2020-11-06,311.6273193359375,323.758056640625,282.1110086582179,278.99473546485854,3.1162731933593477,0.01,12.148976081557352,32.053166168725156,26.44652523312714,3.2039850449080864,2.402655890689931,5.606640935598017,285.1807941028076,0.0,26.44652523312714,321.2982024975646,1.0,0.09273599688341275,True,0.0,False,True,"UNFILTERED (control, no IV condition)",1pct
call,2020-10-01,2020-11-06,311.6273193359375,323.758056640625,349.75163364357815,352.8679068369375,3.1162731933593477,0.01,11.834607416557143,24.241799816910614,18.871123500715427,2.988360655808986,2.382315660386203,5.370676316195189,292.75619583521933,0.0,18.871123500715427,223.33233814033258,1.0,0.06446020193313765,True,0.0,False,True,"UNFILTERED (control, no IV condition)",1pct
put,2020-11-09,2020-12-16,327.8262939453125,342.2593688964844,297.47759323695703,294.19933029750393,3.2782629394531,0.01,11.58344828755969,33.52942722228143,27.782026382951642,3.2928182599434086,2.4545825793863774,5.747400839329786,300.04426756235836,0.0,27.782026382951642,321.81166593053933,1.0,0.09259309170830164,True,0.0,False,True,"UNFILTERED (control, no IV condition)",1pct
call,2020-11-09,2020-12-16,327.8262939453125,342.2593688964844,367.0410118765941,370.3192748160472,3.2782629394531,0.01,11.29104545846432,25.525651313910203,20.01181652844144,3.0759880341582724,2.4378467513104907,5.513834785468763,307.81447741686856,0.0,20.01181652844144,225.95433012907992,1.0,0.06501259036409693,True,0.0,False,True,"UNFILTERED (control, no IV condition)",1pct
put,2020-12-17,2021-01-22,344.1732482910156,355.52008056640625,317.2506089067332,313.80887642382305,3.4417324829101403,0.01,11.055330317743808,33.73720910138971,28.804781044707028,2.887929142108714,2.0444989145739667,4.932428056682681,315.36846724630703,0.0,28.804781044707028,318.44636917952175,1.0,0.09133690915969131,True,0.0,False,True,"UNFILTERED (control, no IV condition)",1pct
call,2020-12-17,2021-01-22,344.1732482910156,355.52008056640625,378.5008710186324,381.9426035015425,3.4417324829101403,0.01,10.825738187593622,26.898628251993983,22.116450242447584,2.727321857923126,2.0548561516232744,4.782178009546401,322.05679804856646,0.0,22.116450242447584,239.42689996367903,1.0,0.06867251483731265,True,0.0,False,True,"UNFILTERED (control, no IV condition)",1pct
put,2021-01-25,2021-03-03,356.9221496582031,354.1644592285156,327.0729495501927,323.50372805361064,3.5692214965820312,0.01,10.699964743357185,35.582294542224346,30.03695643709512,3.217447734342427,2.3278903707868004,5.545338105129227,326.885193221108,0.0,30.03695643709512,321.3943748746735,1.0,0.09188839708863124,True,0.0,False,True,"UNFILTERED (control, no IV condition)",1pct
call,2021-01-25,2021-03-03,356.9221496582031,354.1644592285156,395.21379165798976,398.7830131545718,3.5692214965820312,0.01,10.45952524017274,27.87772569581719,22.522646594946206,3.0260111216332097,2.3290679792377755,5.355079100870985,334.3995030632569,0.0,22.522646594946206,235.57619053533045,1.0,0.0673525121557543,True,0.0,False,True,"UNFILTERED (control, no IV condition)",1pct
put,2021-03-04,2021-04-09,349.7817077636719,383.3370361328125,314.4374932606699,310.93967618303316,3.497817077636739,0.01,10.965088317632677,36.58534140690364,29.784334987647497,3.8578199772143718,2.9431864420417675,6.801006419256139,319.99737277602645,0.0,29.784334987647497,326.58786362151176,1.0,0.09307681100398985,True,0.0,False,True,"UNFILTERED (control, no IV condition)",1pct
call,2021-03-04,2021-04-09,349.7817077636719,383.3370361328125,395.741244845552,399.23906192318873,3.497817077636739,0.01,10.659783055225004,27.10310028719931,20.619337786577386,3.5806700039009653,2.9030924967209604,6.483762500621926,329.1623699770965,0.0,20.619337786577386,219.79766754731827,1.0,0.06264184386572531,True,0.0,False,True,"UNFILTERED (control, no IV condition)",1pct
put,2021-04-12,2021-05-19,383.4768981933594,382.750244140625,360.0679371835396,356.23316820160596,3.834768981933621,0.01,9.992535050026081,35.356124892614815,31.241239584014004,2.499394215458095,1.615491093142718,4.1148853086008135,352.2356586093481,0.0,31.241239584014004,312.1791815495222,1.0,0.08869414217560108,True,0.0,False,True,"UNFILTERED (control, no IV condition)",1pct
call,2021-04-12,2021-05-19,383.4768981933594,382.750244140625,413.34722190505585,417.18199088698947,3.834768981933621,0.01,9.83745562256796,29.725526732935492,25.688533034349014,2.3900659334549323,1.646927765131545,4.036993698586477,357.7883651590131,0.0,25.688533034349014,252.7098037342795,1.0,0.0717981229572185,True,0.0,False,True,"UNFILTERED (control, no IV condition)",1pct
put,2021-05-20,2021-06-25,386.8677673339844,398.7228393554688,358.3235396598609,354.45486198652105,3.868677673339846,0.01,9.955923548426124,37.3766658896141,32.20203220117457,3.05452516783995,2.120108520599584,5.174633688439534,354.66573513281,0.0,32.20203220117457,320.60097069885023,1.0,0.09079544204944417,True,0.0,False,True,"UNFILTERED (control, no IV condition)",1pct
call,2021-05-20,2021-06-25,386.8677673339844,398.7228393554688,423.18957652750277,427.0582542008426,3.868677673339846,0.01,9.762804924214642,30.219197594058755,25.186368223917277,2.8941546549964725,2.138674715145006,5.032829370141478,361.68139911006733,0.0,25.186368223917277,245.8895997195428,1.0,0.06963689115859821,True,0.0,False,True,"UNFILTERED (control, no IV condition)",1pct
put,2021-06-28,2021-08-04,399.5265808105469,410.2841796875,376.83052374774746,372.835257939642,3.9952658081054437,0.01,9.644456005496865,36.17413545074477,32.23217316142401,2.4231578377946983,1.518804451526068,3.941962289320766,367.2944076491204,0.0,32.23217316142401,310.86177601691065,1.0,0.0877556872366423,True,0.0,False,True,"UNFILTERED (control, no IV condition)",1pct
call,2021-06-28,2021-08-04,399.5265808105469,410.2841796875,428.54945139657923,432.5447172046847,3.9952658081054437,0.01,9.50724562350176,30.809521146400698,26.931310222359638,2.324224476350545,1.553986447690514,3.878210924041059,372.59527058818475,0.0,26.931310222359638,256.0425812466969,1.0,0.07228033297321634,True,0.0,False,True,"UNFILTERED (control, no IV condition)",1pct
put,2021-08-05,2021-09-10,412.8824462890625,416.3219299316406,387.4263680958867,383.29754363299605,4.128824462890634,0.01,9.371391110722364,38.14821626819871,33.67590151939157,2.7130100777560617,1.7593046710510762,4.472314748807138,379.20654476967184,0.0,33.67590151939157,315.59004414438795,1.0,0.0888062244280255,True,0.0,False,True,"UNFILTERED (control, no IV condition)",1pct
call,2021-08-05,2021-09-10,412.8824462890625,416.3219299316406,445.2437198406901,449.37254430358075,4.128824462890634,0.01,9.224518416168863,32.02439311155558,27.63817851750333,2.593412210920576,1.7928023831316753,4.386214594052252,385.2442677715601,0.0,27.63817851750333,254.9488867240721,1.0,0.0717419591403033,True,0.0,False,True,"UNFILTERED (control, no IV condition)",1pct
put,2021-09-13,2021-10-20,417.3874206542969,424.19091796875,388.1698714544019,383.99599724785895,4.173874206542962,0.01,9.312496997551044,39.81504703129524,34.55737814935392,3.1265225288618526,2.1311463530794605,5.2576688819413135,382.8300425049423,0.0,34.55737814935392,321.81548025909444,1.0,0.09026819818851545,True,0.0,False,True,"UNFILTERED (control, no IV condition)",1pct
call,2021-09-13,2021-10-20,417.3874206542969,424.19091796875,454.64337053695505,458.817244743498,4.173874206542962,0.01,9.14239300965647,32.561123358266286,27.434416267584318,2.9703675873193225,2.1563395033626476,5.12670709068197,389.9530043867119,0.0,27.434416267584318,250.8162155087686,1.0,0.07035313475974127,True,0.0,False,True,"UNFILTERED (control, no IV condition)",1pct
put,2021-10-21,2021-11-26,425.2973327636719,430.3417663574219,402.5930217624503,398.3400484348136,4.25297332763671,0.01,9.140021749523932,37.88340126026597,33.99013970351669,2.4201732941279697,1.4730882626213138,3.8932615567492834,391.3071930601543,0.0,33.99013970351669,310.67061615949945,1.0,0.08686305875877805,True,0.0,False,True,"UNFILTERED (control, no IV condition)",1pct
call,2021-10-21,2021-11-26,425.2973327636719,430.3417663574219,454.2963470389905,458.5493203666272,4.25297332763671,0.01,9.019810021382064,32.6140896946697,28.774983974006364,2.3272289815150393,1.511876739148299,3.8391057206633383,396.5223487896646,0.0,28.774983974006364,259.5448888138509,1.0,0.07256837871014948,True,0.0,False,True,"UNFILTERED (control, no IV condition)",1pct
put,2021-11-29,2022-01-05,435.62060546875,440.7076721191406,399.54320567785356,395.18699962316606,4.3562060546875045,0.01,8.992640341451152,43.3224107869151,36.63205158698295,3.886709734802518,2.8036494651296318,6.69035919993215,398.98855388176753,0.0,36.63205158698295,329.4188648912226,1.0,0.09181228692048682,True,0.0,False,True,"UNFILTERED (control, no IV condition)",1pct
call,2021-11-29,2022-01-05,435.62060546875,440.7076721191406,481.8768558390722,486.2330618937597,4.3562060546875045,0.01,8.792822553247273,34.02961134756879,27.56499605702969,3.6576777871141664,2.8069375034249333,6.4646152905391,408.0556094117208,0.0,27.56499605702969,242.3741190104228,1.0,0.06755205766382959,True,0.0,False,True,"UNFILTERED (control, no IV condition)",1pct
put,2022-01-06,2022-02-11,440.2936706542969,414.4371948242188,409.46482523439926,405.0618885278563,4.40293670654296,0.01,8.912912719813797,41.990114849204474,36.45302526226221,3.293421229086202,2.2436683578560657,5.537089586942267,403.8406453920338,0.0,36.45302526226221,324.9026325357105,1.0,0.0902658652074878,True,0.0,False,True,"UNFILTERED (control, no IV condition)",1pct
call,2022-01-06,2022-02-11,440.2936706542969,414.4371948242188,479.480117128239,483.88305383478195,4.40293670654296,0.01,8.7503553991783,34.3503333841376,28.950786749206614,3.129152484767217,2.270394150163768,5.399546634930985,411.34288390508937,0.0,28.950786749206614,253.3296731413797,1.0,0.07038115373326,True,0.0,False,True,"UNFILTERED (control, no IV condition)",1pct
put,2022-02-14,2022-03-23,413.0823669433594,418.8771667480469,371.1781332082872,367.0473095388536,4.130823669433596,0.01,9.55521694793643,43.25814657934046,35.17770074048012,4.580949751671937,3.499496087188403,8.080445838860339,377.90466620287947,0.0,35.17770074048012,336.13056230487155,1.0,0.09308617724660442,True,0.0,False,True,"UNFILTERED (control, no IV condition)",1pct
call,2022-02-14,2022-03-23,413.0823669433594,418.8771667480469,467.72057099075596,471.85139466018956,4.130823669433596,0.01,9.28769245787468,31.992988815860457,24.29246163761092,4.250175949323043,3.450351228926496,7.700527178249539,388.7899053057487,0.0,24.29246163761092,225.62091273484896,1.0,0.06248223347904843,True,0.0,False,True,"UNFILTERED (control, no IV condition)",1pct
put,2022-03-24,2022-04-29,425.1914978027344,388.8630065917969,392.31969433895256,388.0677793609252,4.251914978027344,0.01,9.296181792685514,41.55758302164081,35.54807413853194,3.524224229324946,2.4852846537839257,6.009508883108872,389.64342366420243,345.66877471556836,-310.1207005770364,-2882.938410239122,-8.723980358780802,-0.7959089817573842,False,310.1207005770364,False,False,"UNFILTERED (control, no IV condition)",1pct
call,2022-03-24,2022-04-29,425.1914978027344,388.8630065917969,467.0846576172723,471.33657259529963,4.251914978027344,0.01,9.105744936104498,33.22934702982536,27.399101230685517,3.3304897374427433,2.4997560616971004,5.830245799139844,397.79239657204886,0.0,27.399101230685517,249.48922728512918,1.0,0.06887789074601616,True,0.0,False,True,"UNFILTERED (control, no IV condition)",1pct
put,2022-05-02,2022-06-08,391.2036437988281,388.1268005371094,346.2408001515098,342.32876371352154,3.912036437988263,0.01,9.97794552706941,42.36210800460398,33.46195164748398,4.979604528617565,3.9205518285024388,8.900156357120004,357.7416921513423,0.0,33.46195164748398,333.88153076802564,1.0,0.0935366281918517,True,0.0,False,True,"UNFILTERED (control, no IV condition)",1pct
call,2022-05-02,2022-06-08,391.2036437988281,388.1268005371094,450.81061651446396,454.7226529524522,3.912036437988263,0.01,9.656662912271981,29.953376152832334,21.55968402971553,4.571263263468817,3.822428859647986,8.393692123116804,369.6439597691108,0.0,21.55968402971553,208.1946011700565,1.0,0.05832554126728398,True,0.0,False,True,"UNFILTERED (control, no IV condition)",1pct
put,2022-06-09,2022-07-15,378.8960571289063,365.0721740722656,343.796831132648,340.0078705613589,3.788960571289067,0.01,10.32452715790436,38.75143464011259,32.11323744835673,3.8034915288793547,2.8347056628765133,6.638197191755868,346.78281968055,0.0,32.11323744835673,331.5539921637903,1.0,0.09260331142684304,True,0.0,False,True,"UNFILTERED (control, no IV condition)",1pct
call,2022-06-09,2022-07-15,378.8960571289063,365.0721740722656,424.1398757563855,427.92883632767456,3.788960571289067,0.01,10.06403907018796,29.506134197069045,23.137438276523724,3.553174637736034,2.8155212828092857,6.36869592054532,355.758618852383,0.0,23.137438276523724,232.85608279899714,1.0,0.06503690156871302,True,0.0,False,True,"UNFILTERED (control, no IV condition)",1pct
put,2022-07-18,2022-08-24,362.0577392578125,392.1257629394531,329.1055183871414,325.48494099456326,3.6205773925781273,0.01,10.837599183065473,36.870743318606,30.6506830900624,3.5709144057543885,2.6491458227892117,6.2200602285436,331.40705616775034,0.0,30.6506830900624,332.179818017259,1.0,0.09248651324595743,True,0.0,False,True,"UNFILTERED (control, no IV condition)",1pct
call,2022-07-18,2022-08-24,362.0577392578125,392.1257629394531,404.5765022510675,408.1970796436456,3.6205773925781273,0.01,10.569274883787303,28.211394154318015,22.23718574991298,3.3397466291315014,2.6344617752735333,5.974208404405035,339.8205535078998,0.0,22.23718574991298,235.0309288326682,1.0,0.06543802462906657,True,0.0,False,True,"UNFILTERED (control, no IV condition)",1pct
put,2022-08-25,2022-09-30,397.66162109375,339.9685974121094,366.7644045165965,362.78778830565903,3.976616210937493,0.01,9.887482180130002,38.91500604070508,33.26136322391695,3.313258983902889,2.34038383288524,5.653642816788129,364.40025786983233,397.6616210937493,-364.4002578698324,-3603.001056122745,-10.955662142188038,-1.0000000000000002,False,364.4002578698324,True,False,"UNFILTERED (control, no IV condition)",1pct
call,2022-08-25,2022-09-30,397.66162109375,339.9685974121094,437.04607009117086,441.02268630210835,3.976616210937493,0.01,9.683751909176946,31.078463220535824,25.594978958038528,3.1302229215053545,2.353261340991941,5.483484262497296,372.06664213571077,0.0,25.594978958038528,247.85542635024936,1.0,0.06879138320791144,True,0.0,False,True,"UNFILTERED (control, no IV condition)",1pct
put,2022-10-03,2022-11-09,348.9442138671875,356.10186767578125,311.4532443214682,307.96380218279637,3.4894421386718477,0.01,11.078816612258198,37.10100346526772,29.785745297988832,4.121391626955306,3.1938665403235866,7.315258167278893,319.1584685691959,0.0,29.785745297988832,329.9908098158502,1.0,0.09332588112582406,True,0.0,False,True,"UNFILTERED (control, no IV condition)",1pct
call,2022-10-03,2022-11-09,348.9442138671875,356.10186767578125,398.17133314205034,401.6607752807222,3.4894421386718477,0.01,10.74795521219621,26.90022957286793,19.960879482338846,3.8059279149254,3.133422175603684,6.939350090529084,328.98333438484593,0.0,19.960879482338846,214.53863867222418,1.0,0.060674439693618444,True,0.0,False,True,"UNFILTERED (control, no IV condition)",1pct
put,2022-11-10,2022-12-16,375.671142578125,366.47662353515625,344.18526502491915,340.4285535991379,3.7567114257812477,0.01,10.308928463117878,37.463274760949616,31.62095878003599,3.3894489249686854,2.4528670559449406,5.842315980913626,344.05018379808877,0.0,31.62095878003599,325.9782019985902,1.0,0.09190798397768986,True,0.0,False,True,"UNFILTERED (control, no IV condition)",1pct
call,2022-11-10,2022-12-16,375.671142578125,366.47662353515625,415.95857831037245,419.7152897361537,3.7567114257812477,0.01,10.077026202840754,29.344941875540442,23.703343635893106,3.1876108932679337,2.453987346379405,5.6415982396473385,351.9677989422317,0.0,23.703343635893106,238.85921491383345,1.0,0.06734520517822576,True,0.0,False,True,"UNFILTERED (control, no IV condition)",1pct
put,2022-12-19,2023-01-25,363.3690185546875,382.8082275390625,333.9690282275568,330.33533804200994,3.633690185546868,0.01,10.689111815139798,35.927742865979795,30.498940818600296,3.163497809514504,2.2653042378649957,5.4288020473795,332.8700777360865,0.0,30.498940818600296,326.00658865334987,1.0,0.09162415866884001,True,0.0,False,True,"UNFILTERED (control, no IV condition)",1pct
call,2022-12-19,2023-01-25,363.3690185546875,382.8082275390625,401.0187746566029,404.65246484214975,3.633690185546868,0.01,10.4579075338791,28.392683590350387,23.13982171883354,2.9813394806378124,2.2715223908790327,5.252861871516846,340.22919683585326,0.0,23.13982171883354,241.9941158860085,1.0,0.06801245141226832,True,0.0,False,True,"UNFILTERED (control, no IV condition)",1pct
put,2023-01-26,2023-03-03,387.0154418945313,386.4799499511719,361.13399768872847,357.26384326978314,3.870154418945333,0.01,10.050925212823278,36.49066568092039,31.87943010010822,2.7617511114175874,1.84948446939458,4.611235580812167,355.1360117944251,0.0,31.87943010010822,320.417767763615,1.0,0.08976681902527538,True,0.0,False,True,"UNFILTERED (control, no IV condition)",1pct
call,2023-01-26,2023-03-03,387.0154418945313,386.4799499511719,419.9001302755249,423.7702846944702,3.870154418945333,0.01,9.877324262541505,30.14412855154447,25.637663859771422,2.6300339527808303,1.8764307389922186,4.506464691773049,361.3777780347619,0.0,25.637663859771422,253.23151927700374,1.0,0.07094421798482935,True,0.0,False,True,"UNFILTERED (control, no IV condition)",1pct
put,2023-03-06,2023-04-12,386.7477111816406,391.659912109375,360.7392823839611,356.8718052721447,3.867477111816413,0.01,10.090853860140125,36.52775814928155,31.879973495746604,2.7804893036335043,1.8672953499014433,4.647784653534948,354.8677376858947,0.0,31.879973495746604,321.69615361071953,1.0,0.08983621251015113,True,0.0,False,True,"UNFILTERED (control, no IV condition)",1pct
call,2023-03-06,2023-04-12,386.7477111816406,391.659912109375,419.9029891612033,423.77046627301974,3.867477111816413,0.01,9.915065108039174,30.129002996678622,25.588360068204697,2.6469340016954446,1.8937089267784812,4.540642928473925,361.1593511134366,0.0,25.588360068204697,253.7102560841993,1.0,0.07085060926518179,True,0.0,False,True,"UNFILTERED (control, no IV condition)",1pct
put,2023-04-13,2023-05-19,396.8621826171875,401.8053894042969,371.6486995584772,367.6800777323053,3.9686218261718977,0.01,9.859270581527912,36.94429625069553,32.491757933695865,2.688072861633528,1.7644654553661376,4.452538316999666,364.3704246834939,0.0,32.491757933695865,320.3450331378138,1.0,0.08917232500941713,True,0.0,False,True,"UNFILTERED (control, no IV condition)",1pct
call,2023-04-13,2023-05-19,396.8621826171875,401.8053894042969,428.9030076509045,432.8716294770764,3.9686218261718977,0.01,9.699085480074734,30.8353008177626,26.47400362434693,2.5660898569298762,1.7952073364857934,4.36129719341567,370.3881789928428,0.0,26.47400362434693,256.7736241523492,1.0,0.07147637296723365,True,0.0,False,True,"UNFILTERED (control, no IV condition)",1pct
put,2023-05-22,2023-06-28,401.9685974121094,420.4175720214844,376.9886634794167,372.9689775052956,4.019685974121103,0.01,9.762994183694023,37.22700287703482,32.82272738528068,2.667475281840015,1.7368002099141244,4.40427549175414,369.14587002682964,0.0,32.82272738528068,320.44809655546976,1.0,0.08891533144579164,True,0.0,False,True,"UNFILTERED (control, no IV condition)",1pct
call,2023-05-22,2023-06-28,401.9685974121094,420.4175720214844,433.83250404228755,437.85219001640866,4.019685974121103,0.01,9.608192996697133,31.19299774776323,26.875280360143172,2.548771165657071,1.768946221962986,4.317717387620057,375.0933170519671,0.0,26.875280360143172,258.22288054059965,1.0,0.07164958461901828,True,0.0,False,True,"UNFILTERED (control, no IV condition)",1pct
put,2023-06-29,2023-08-04,422.0744934082031,430.45611572265625,401.8299202720208,397.6091753379388,4.220744934082006,0.01,9.296157593909221,36.55667990825222,33.145802707280495,2.1623970993390196,1.2484801016327096,3.410877200971729,388.92869070092013,0.0,33.145802707280495,308.12860554350243,1.0,0.08522334170705108,True,0.0,False,True,"UNFILTERED (control, no IV condition)",1pct
call,2023-06-29,2023-08-04,422.0744934082031,430.45611572265625,448.1014445235019,452.32218945758393,4.220744934082006,0.01,9.189130293126057,31.99080354007613,28.61588674842328,2.0873434400773827,1.2875733515754662,3.374916791652849,393.45860665977733,0.0,28.61588674842328,262.95511178460083,1.0,0.07272909084733115,True,0.0,False,True,"UNFILTERED (control, no IV condition)",1pct
put,2023-08-07,2023-09-13,434.2134094238281,430.1671142578125,409.5308283758069,405.1886942815686,4.342134094238304,0.01,9.08604557481546,39.32125877761372,35.03380526817361,2.635242489440226,1.652211019999883,4.287453509440109,399.17960415565676,0.0,35.03380526817361,318.31875132583536,1.0,0.08776451728358463,True,0.0,False,True,"UNFILTERED (control, no IV condition)",1pct
call,2023-08-07,2023-09-13,434.2134094238281,430.1671142578125,465.77578998024836,470.11792407448667,4.342134094238304,0.01,8.956677305899365,33.486155750044944,29.268143224927357,2.5275832094343587,1.6904293156832284,4.218012525117587,404.945266198903,0.0,29.268143224927357,262.1453142085191,1.0,0.07227678816858,True,0.0,False,True,"UNFILTERED (control, no IV condition)",1pct
put,2023-09-14,2023-10-20,433.8761291503906,407.20513916015625,414.22545671194877,409.8866954204449,4.338761291503886,0.01,9.092976653635672,37.00426879438368,33.724067201460244,2.1026541563915147,1.1775474365319172,3.280201592923432,400.1520619489283,433.8761291503886,-400.15206194892835,-3638.5733572057807,-11.86547457513078,-1.0000000000000002,False,400.15206194892835,True,False,"UNFILTERED (control, no IV condition)",1pct
call,2023-09-14,2023-10-20,433.8761291503906,407.20513916015625,459.25493440081647,463.59369569232035,4.338761291503886,0.01,8.995596947815459,32.64321674230679,29.39231575661588,2.0334907021242965,1.2174102835666167,3.2509009856909135,404.4838133937727,0.0,29.39231575661588,264.401425909442,1.0,0.0726662347993686,True,0.0,False,True,"UNFILTERED (control, no IV condition)",1pct
put,2023-10-23,2023-11-29,406.4993896484375,439.5155334472656,376.5804730776109,372.5154791811265,4.0649938964843955,0.01,9.5824312760445,39.26031825047964,33.82884125563652,3.206492475552558,2.2249845192905626,5.431476994843121,372.670548392803,0.0,33.82884125563652,324.1625464803559,1.0,0.09077412047055612,True,0.0,False,True,"UNFILTERED (control, no IV condition)",1pct
call,2023-10-23,2023-11-29,406.4993896484375,439.5155334472656,444.68340893999505,448.74840283647944,4.0649938964843955,0.01,9.39677679267933,31.748764555107556,26.465895465418022,3.038294101783623,2.244574987905912,5.282869089689535,380.0334941830215,0.0,26.465895465418022,248.69411230691716,1.0,0.06964095499611997,True,0.0,False,True,"UNFILTERED (control, no IV condition)",1pct
put,2023-11-30,2024-01-05,441.24609375,454.2177734375,421.0974591238369,416.68499818633694,4.412460937499986,0.01,8.804543720655575,37.71633120513833,34.34856840170675,2.1553355417800235,1.2124272616515552,3.367762803431579,406.89752534829194,0.0,34.34856840170675,302.42347223475565,1.0,0.08441577120014533,True,0.0,False,True,"UNFILTERED (control, no IV condition)",1pct
call,2023-11-30,2024-01-05,441.24609375,454.2177734375,467.24994073822063,471.6624016757206,4.412460937499986,0.01,8.709270032903971,33.234310087371455,29.897377012477587,2.083895413539083,1.2530376613547833,3.3369330748938664,411.34871673752104,0.0,29.897377012477587,260.3843296772031,1.0,0.07268134260779743,True,0.0,False,True,"UNFILTERED (control, no IV condition)",1pct
put,2024-01-08,2024-02-14,460.7021179199219,483.97021484375,439.13651535929904,434.52949418009985,4.607021179199194,0.01,8.462666725644814,39.66629920854636,36.036545671473505,2.3107055086432626,1.3190480284295925,3.629753537072855,424.66557224844587,0.0,36.036545671473505,304.96527596115845,1.0,0.08485864648898528,True,0.0,False,True,"UNFILTERED (control, no IV condition)",1pct
call,2024-01-08,2024-02-14,460.7021179199219,483.97021484375,488.60314360243996,493.21016478163915,4.607021179199194,0.01,8.367885131143776,34.82019104218885,31.226431833079815,2.232131992581887,1.3616272165271504,3.5937592091090376,429.4756860868396,0.0,31.226431833079815,261.29919463470327,1.0,0.07270826462284494,True,0.0,False,True,"UNFILTERED (control, no IV condition)",1pct
put,2024-02-15,2024-03-22,487.3094482421875,507.5192260742188,463.0887146690545,458.21562018663263,4.873094482421891,0.01,8.032680408476002,42.60639357780995,38.501788298235894,2.5848825595096603,1.5197227200643981,4.104605279574058,448.80765994395324,0.0,38.501788298235894,309.27256055453006,1.0,0.0857868341708873,True,0.0,False,True,"UNFILTERED (control, no IV condition)",1pct
call,2024-02-15,2024-03-22,487.3094482421875,507.5192260742188,518.3717551399703,523.2448496223922,4.873094482421834,0.01,7.9359867511785644,37.09038001032994,33.03342558244806,2.492106964070062,1.5648474638118137,4.056954427881876,454.27602265973536,0.0,33.03342558244806,262.15282776835085,1.0,0.07271663908000481,True,0.0,False,True,"UNFILTERED (control, no IV condition)",1pct
put,2024-03-25,2024-05-01,506.1170654296875,487.2071533203125,482.21615992663135,477.1549892723345,5.061170654296859,0.01,7.753089998389859,43.678989086239284,39.650533282724055,2.560215265335608,1.4682405381796215,4.02845580351523,466.4665321469618,0.0,39.650533282724055,307.4141530251121,1.0,0.0850018823434733,True,0.0,False,True,"UNFILTERED (control, no IV condition)",1pct
call,2024-03-25,2024-05-01,506.1170654296875,487.2071533203125,537.0173467552216,542.0785174095186,5.061170654296916,0.01,7.665290635475567,38.295056550229134,34.307557224679584,2.472437869652644,1.5150614558969044,3.9874993255495483,471.80950820501204,0.0,34.307557224679584,262.97739712037855,1.0,0.07271484916699085,True,0.0,False,True,"UNFILTERED (control, no IV condition)",1pct
put,2024-05-02,2024-06-07,491.7641906738281,519.98291015625,466.1077448555771,461.19010294883884,4.917641906738254,0.01,8.015782668817467,43.544260453499106,39.16149598146307,2.735685491686768,1.6470789803492702,4.382764472036039,452.6026946923623,0.0,39.16149598146307,313.91004077317655,1.0,0.08652510566266393,True,0.0,False,True,"UNFILTERED (control, no IV condition)",1pct
call,2024-05-02,2024-06-07,491.7641906738281,519.98291015625,524.5726990938734,529.4903410006117,4.917641906738254,0.01,7.913304038747932,37.6253610729826,33.30021428538008,2.6328904072135506,1.6922563803889679,4.3251467876025185,458.46397638844536,0.0,33.30021428538008,263.5147201956698,1.0,0.07263430934683866,True,0.0,False,True,"UNFILTERED (control, no IV condition)",1pct
put,2024-06-10,2024-07-17,521.589599609375,544.0602416992188,497.84189058810705,492.6259945920133,5.215895996093764,0.01,7.566654922064723,44.575377291803875,40.595901775805885,2.54692997414655,1.4325455418514377,3.9794755159979878,480.9936978335704,0.0,40.595901775805885,307.1751799875576,1.0,0.08440007001890605,True,0.0,False,True,"UNFILTERED (control, no IV condition)",1pct
call,2024-06-10,2024-07-17,521.589599609375,544.0602416992188,552.3866211379569,557.6025171340507,5.215895996093764,0.01,7.48481985264061,39.28004464343431,35.33697057509239,2.462537592213898,1.4805364761280249,3.943074068341923,486.2526290342839,0.0,35.33697057509239,264.4908588926286,1.0,0.07267204013944963,True,0.0,False,True,"UNFILTERED (control, no IV condition)",1pct
put,2024-07-18,2024-08-23,539.8792114257812,549.1302490234375,509.2406366347649,503.8418445205071,5.3987921142577875,0.01,7.355769535372379,48.84913710908236,43.54138648231738,3.2644895272460284,2.043261099518956,5.307750626764984,496.3378249434614,0.0,43.54138648231738,320.28040421450487,1.0,0.08772530380346742,True,0.0,False,True,"UNFILTERED (control, no IV condition)",1pct
call,2024-07-18,2024-08-23,539.8792114257812,549.1302490234375,578.9116033859189,584.3103955001767,5.398792114257844,0.01,7.251496703976804,41.62681731185529,36.40430120899002,3.1315932678308345,2.0909228350344367,5.222516102865271,503.4749102167944,0.0,36.40430120899002,263.9856702275699,1.0,0.07230608808950274,True,0.0,False,True,"UNFILTERED (control, no IV condition)",1pct
put,2024-08-26,2024-10-02,547.8212280273438,557.4091186523438,515.9119052386492,510.43369295837573,5.478212280273453,0.01,7.274776195678575,49.916428885589426,44.35117273730733,3.406583435210919,2.1586727130711747,5.565256148282094,503.47005529003803,0.0,44.35117273730733,322.64485567979193,1.0,0.08809098430244792,True,0.0,False,True,"UNFILTERED (control, no IV condition)",1pct
call,2024-08-26,2024-10-02,547.8212280273438,557.4091186523438,588.5896385100842,594.0678507903576,5.478212280273397,0.01,7.168085917479161,42.32755942983317,36.857490200240306,3.2641291076693557,2.205940121923511,5.470069229592866,510.96373782709935,0.0,36.857490200240306,264.1976564579687,1.0,0.07213327966673086,True,0.0,False,True,"UNFILTERED (control, no IV condition)",1pct
put,2024-10-03,2024-11-08,556.3899536132812,586.148681640625,515.6925213194064,510.1286217832736,5.563899536132794,0.01,7.202993091560807,53.63940825381803,46.27300958779155,4.353691936185977,3.0127067298405086,7.366398666026486,510.11694402548784,0.0,46.27300958779155,333.30416838658954,1.0,0.0907105912276451,True,0.0,False,True,"UNFILTERED (control, no IV condition)",1pct
call,2024-10-03,2024-11-08,556.3899536132812,586.148681640625,608.1646855078836,613.7285850440164,5.563899536132794,0.01,7.064688783435353,43.45427326964071,36.286529904222434,4.127050098579654,3.0406932668386233,7.167743365418278,520.103423709057,0.0,36.286529904222434,256.35304080415176,1.0,0.06976791201536278,True,0.0,False,True,"UNFILTERED (control, no IV condition)",1pct
put,2024-11-11,2024-12-18,586.7072143554688,574.4783935546875,555.0962600527538,549.2291879091991,5.867072143554651,0.01,6.829505090829259,52.40919136935531,46.96649832066229,3.376461416463461,2.066231632229565,5.442693048693026,539.7407160348029,0.0,46.96649832066229,320.7579393793869,1.0,0.08701677847411804,True,0.0,False,True,"UNFILTERED (control, no IV condition)",1pct
call,2024-11-11,2024-12-18,586.7072143554688,574.4783935546875,627.2249699151903,633.0920420587449,5.867072143554651,0.01,6.738424757607307,45.03592477324858,39.67105969245674,3.2453816000615365,2.119483480730311,5.364865080791848,547.0361546630083,0.0,39.67105969245674,267.3204507921678,1.0,0.07251999589843448,True,0.0,False,True,"UNFILTERED (control, no IV condition)",1pct
put,2024-12-19,2025-01-24,574.302001953125,597.73681640625,525.0528732941933,519.309853274662,5.743020019531286,0.01,7.031897006043458,57.601193121662675,48.42348972338159,5.308866613161323,3.868836785119756,9.177703398281079,525.878512229747,0.0,48.42348972338159,340.5089924080232,1.0,0.09208113394491811,True,0.0,False,True,"UNFILTERED (control, no IV condition)",1pct
call,2024-12-19,2025-01-24,574.302001953125,597.73681640625,637.4095058668498,643.1525258863811,5.743020019531286,0.01,6.869483631187479,44.840153654917,35.990283892929774,4.985436801680088,3.8644329603071403,8.849869761987229,538.3117180601989,0.0,35.990283892929774,247.23466608427145,1.0,0.06685770100383549,True,0.0,False,True,"UNFILTERED (control, no IV condition)",1pct
put,2025-01-27,2025-03-05,589.2816162109375,573.2461547851562,551.1752035114849,545.2823873493755,5.892816162109398,0.01,6.857994618567039,55.11819836641578,48.35403968333984,4.071056821118169,2.6931018619577696,6.764158683075938,540.9275765275999,0.0,48.35403968333984,331.6117439343217,1.0,0.08939096799934115,True,0.0,False,True,"UNFILTERED (control, no IV condition)",1pct
call,2025-01-27,2025-03-05,589.2816162109375,573.2461547851562,637.8651757644825,643.7579919265919,5.892816162109398,0.01,6.743958723813454,45.82722692396359,39.207311075942265,3.8827982605602163,2.737117587461113,6.619915848021329,550.0743051349975,0.0,39.207311075942265,264.4124875678687,1.0,0.07127639068020115,True,0.0,False,True,"UNFILTERED (control, no IV condition)",1pct
put,2025-03-06,2025-04-11,563.0703125,526.5321044921875,513.267468524241,507.636765399241,5.630703125000025,0.01,7.219540699904014,56.91608062426923,47.58060918129774,5.3791867292891204,3.9562847136823676,9.335471442971489,515.4897033187048,0.0,47.58060918129774,343.51014451060564,1.0,0.0923017644677972,True,0.0,False,True,"UNFILTERED (control, no IV condition)",1pct
call,2025-03-06,2025-04-11,563.0703125,526.5321044921875,627.0266737655384,632.6573768905383,5.630703124999968,0.01,7.046767133429017,43.92601133275633,34.941764610849766,5.041198502612754,3.94304821929381,8.984246721906564,528.1285478891471,0.0,34.941764610849766,246.22647844374927,1.0,0.06616147669067865,True,0.0,False,True,"UNFILTERED (control, no IV condition)",1pct
put,2025-04-14,2025-05-21,531.6401977539062,574.7733154296875,473.1085687220545,467.79216674451544,5.316401977539044,0.01,7.678377182505284,56.89801343553569,45.41849527538684,6.450984248018621,5.028533912130229,11.47951816014885,486.2217024785176,0.0,45.41849527538684,348.7403377862544,1.0,0.09341108190742171,True,0.0,False,True,"UNFILTERED (control, no IV condition)",1pct
call,2025-04-14,2025-05-21,531.6401977539062,574.7733154296875,608.7483148902063,614.0647168677453,5.316401977539044,0.01,7.44271782104173,40.89048038891079,30.02321915570554,5.944761621464023,4.922499611741227,10.86726123320525,501.61697859819884,0.0,30.02321915570554,223.45434825521104,1.0,0.059852876670178454,True,0.0,False,True,"UNFILTERED (control, no IV condition)",1pct
put,2025-05-22,2025-06-27,575.0001831054688,608.1713256835938,533.3696068858355,527.6196050547809,5.750001831054647,0.01,7.102873741918373,55.29325616923586,47.771675921085375,4.45195582619069,3.0696244219597935,7.521580248150483,527.2285071843793,0.0,47.771675921085375,339.3161825073115,1.0,0.09060905332339882,True,0.0,False,True,"UNFILTERED (control, no IV condition)",1pct
call,2025-05-22,2025-06-27,575.0001831054688,608.1713256835938,627.9491836389842,633.6991854700389,5.750001831054647,0.01,6.968120857583459,44.8984399262514,37.57587658023911,4.222512172084292,3.100051173927998,7.32256334601229,537.4243065252255,0.0,37.57587658023911,261.83324934074597,1.0,0.06991845386225638,True,0.0,False,True,"UNFILTERED (control, no IV condition)",1pct
put,2025-06-30,2025-08-06,611.0791015625,625.845458984375,574.1803373109012,568.0695462952763,6.1107910156249545,0.01,6.692352455785574,56.18719638098142,49.712895414777634,3.939490437864168,2.534810528339615,6.474300966203783,561.3662061477179,0.0,49.712895414777634,332.6962177132985,1.0,0.08855697915256443,True,0.0,False,True,"UNFILTERED (control, no IV condition)",1pct
call,2025-06-30,2025-08-06,611.0791015625,625.845458984375,658.1743468428472,664.2851378584721,6.1107910156249545,0.01,6.589842191275163,47.334949304887175,40.980395210812404,3.7689639133484887,2.5855901807262827,6.354554094074771,570.0987063516831,0.0,40.980395210812404,270.0543373753422,1.0,0.07188298228751351,True,0.0,False,True,"UNFILTERED (control, no IV condition)",1pct
put,2025-08-07,2025-09-12,625.3212280273438,650.2054443359375,588.3767328030951,582.1235205228217,6.2532122802734875,0.01,6.5591415924845595,57.1600006182436,50.71623341526503,3.936383609217331,2.5073835937612365,6.4437672029785675,574.6049946120837,0.0,50.71623341526503,332.6549560082201,1.0,0.08826277858845205,True,0.0,False,True,"UNFILTERED (control, no IV condition)",1pct
call,2025-08-07,2025-09-12,625.3212280273438,650.2054443359375,672.3293132094842,678.5825254897577,6.2532122802734875,0.01,6.461501838473851,48.363946174477945,42.033377365734005,3.7698337315529518,2.56073507719099,6.330568808743942,583.2878506616147,0.0,42.033377365734005,271.5987451259554,1.0,0.0720628371018806,True,0.0,False,True,"UNFILTERED (control, no IV condition)",1pct
put,2025-09-15,2025-10-22,653.6671142578125,662.3128051757812,616.7032398676605,610.1665687250824,6.536671142578143,0.01,6.291535520910365,59.11606512765175,52.700850797051004,3.946557979396026,2.4686563512047233,6.415214330600749,600.9662634607632,0.0,52.700850797051004,331.5692747718437,1.0,0.08769352624482525,True,0.0,False,True,"UNFILTERED (control, no IV condition)",1pct
call,2025-09-15,2025-10-22,653.6671142578125,662.3128051757812,700.9434969467607,707.4801680893388,6.536671142578143,0.01,6.202522678883457,50.38887525963531,44.07634140911216,3.7861278660070274,2.5264059845161224,6.31253385052315,609.5907728487022,0.0,44.07634140911216,273.3845071922282,1.0,0.07230480409527412,True,0.0,False,True,"UNFILTERED (control, no IV condition)",1pct
put,2025-10-23,2025-11-28,666.2402954101562,677.7747192382812,625.1153698060198,618.4529668519182,6.662402954101594,0.01,6.198973230846446,61.57527550621111,54.34869210450712,4.382982644679645,2.843600757024345,7.22658340170399,611.8916033056523,0.0,54.34869210450712,336.90608748735525,1.0,0.08882078428743995,True,0.0,False,True,"UNFILTERED (control, no IV condition)",1pct
call,2025-10-23,2025-11-28,666.2402954101562,677.7747192382812,718.519760673582,725.1821636276836,6.662402954101594,0.01,6.101682972317422,51.67930302979045,44.59218844028368,4.189548582625768,2.8975660068810027,7.087114589506771,621.6481069698758,0.0,44.59218844028368,272.0873969044487,1.0,0.07173220338052852,True,0.0,False,True,"UNFILTERED (control, no IV condition)",1pct
put,2025-12-01,2026-01-07,674.6802978515625,685.9347534179688,632.6788325725329,625.9320295940173,6.746802978515575,0.01,6.141737836303141,62.51088791808925,55.10329209486511,4.485184010588195,2.92241181263595,7.407595823224145,619.5770057566924,0.0,55.10329209486511,338.4299739638968,1.0,0.08893695470116292,True,0.0,False,True,"UNFILTERED (control, no IV condition)",1pct
call,2025-12-01,2026-01-07,674.6802978515625,685.9347534179688,728.2549188567039,735.0017218352194,6.746802978515575,0.01,6.044148495262032,52.3610243680416,45.09954851321465,4.285250732014001,2.9762251228129477,7.261475854826949,629.5807493383428,0.0,45.09954851321465,272.5883682831433,1.0,0.07163425590857403,True,0.0,False,True,"UNFILTERED (control, no IV condition)",1pct
put,2026-01-08,2026-02-13,685.8651123046875,678.1461181640625,648.1446040968325,641.2859529737856,6.858651123046911,0.01,6.051813066169166,61.56276185558269,55.062431543646184,4.019699679163047,2.4806306327734617,6.500330311936509,630.8026807610449,0.0,55.062431543646184,333.2275426708832,1.0,0.08728946978667715,True,0.0,False,True,"UNFILTERED (control, no IV condition)",1pct
call,2026-01-08,2026-02-13,685.8651123046875,678.1461181640625,733.9780845205223,740.8367356435692,6.858651123046911,0.01,5.969254280529483,52.74126009752109,46.33800787957858,3.860891860190274,2.542360357752238,6.403252217942512,639.5271044251126,0.0,46.33800787957858,276.60335188638334,1.0,0.0724566755012409,True,0.0,False,True,"UNFILTERED (control, no IV condition)",1pct
put,2026-02-17,2026-03-26,679.2402954101562,643.432373046875,629.4423278746069,622.6499249205053,6.79240295410159,0.01,6.149794307354416,65.53865986866256,56.504585548202144,5.336270408588506,3.697803911871911,9.034074320460416,622.7357098619568,0.0,56.504585548202144,347.49157854375414,1.0,0.09073606130717578,True,0.0,False,True,"UNFILTERED (control, no IV condition)",1pct
call,2026-02-17,2026-03-26,679.2402954101562,643.432373046875,742.7891426554932,749.5815456095947,6.79240295410159,0.01,6.031189415134801,53.046999935109085,44.258327527497585,5.057423702994623,3.731248704616874,8.788672407611497,634.9819678826614,0.0,44.258327527497585,266.9303565154126,1.0,0.06970013286373528,True,0.0,False,True,"UNFILTERED (control, no IV condition)",1pct
put,2026-03-27,2026-05-01,632.4606323242188,718.7982177734375,564.1579703176648,557.8333639944226,6.324606323242165,0.01,6.641831088129434,67.31632004032946,54.00795696739884,7.495635536969436,5.812727535961182,13.308363072930618,578.4526753568176,0.0,54.00795696739884,358.7117275924263,1.0,0.09336624976984352,True,0.0,False,True,"UNFILTERED (control, no IV condition)",1pct
call,2026-03-27,2026-05-01,632.4606323242188,718.7982177734375,721.8205830558459,728.145189379088,6.324606323242165,0.01,6.442737809354389,48.75394329818832,36.13263080003981,6.920080540301621,5.701231957846886,12.621312498148507,596.3280015241767,0.0,36.13263080003981,232.79306660685944,1.0,0.060591873444961655,True,0.0,False,True,"UNFILTERED (control, no IV condition)",1pct
put,2026-05-04,2026-06-10,716.1649780273438,723.56591796875,668.83628524198,661.6746354617065,7.161649780273478,0.01,5.863556878928009,67.34874986086794,58.916291324899575,5.05808864124504,3.374369894723328,8.432458535968369,657.2486867024483,0.0,58.916291324899575,345.45902527904144,1.0,0.08964078972982771,True,0.0,False,True,"UNFILTERED (control, no IV condition)",1pct
call,2026-05-04,2026-06-10,716.1649780273438,723.56591796875,776.4996198330056,783.661269613279,7.161649780273478,0.01,5.763502689721674,55.751124042470224,47.50647892519078,4.819211609170604,3.425433508108844,8.244645117279447,668.6584991021571,0.0,47.50647892519078,273.8037190645431,1.0,0.07104744647526387,True,0.0,False,True,"UNFILTERED (control, no IV condition)",1pct
put,2026-06-11,2026-06-16,735.8642578125,748.4019775390625,715.3429418835096,707.9842993053846,7.358642578125,0.01,5.629161832845073,51.7551457047734,49.04792035904802,2.0005519941723615,0.7066733515530166,2.7072253457253783,686.816337453452,0.0,49.04792035904802,276.0986812655779,1.0,0.07141344444557884,True,0.0,False,True,"UNFILTERED (control, no IV condition)",1pct
call,2026-06-11,2026-06-16,735.8642578125,748.4019775390625,758.3005709950595,765.6592135731845,7.358642578125,0.01,5.603387717885301,48.59993720049545,45.88874520840279,1.9630952110525235,0.7480967810401362,2.71119199209266,689.9755126040973,0.0,45.88874520840279,257.13243128993213,1.0,0.06650778813179911,True,0.0,False,True,"UNFILTERED (control, no IV condition)",1pct
put,1994-02-07,1994-03-16,26.54735374450684,26.58250999450684,25.217008089712838,24.6860610148227,0.5309470748901362,0.02,40.417341992695334,3.800539649896395,3.610998234667745,0.14227745323803012,0.04726396199061997,0.1895414152286501,49.48370925434587,0.0,3.610998234667745,145.94695058558537,1.0,0.07297347529279269,True,0.0,False,True,FILTERED (IV rank top-tercile),2pct
call,1994-02-07,1994-03-16,26.54735374450684,26.58250999450684,28.259798666380522,28.79074574127066,0.5309470748901362,0.02,40.06301630577198,3.363506061360111,3.1733539709597394,0.1371198709671874,0.0530322194331842,0.1901520904003716,49.92135351805388,0.0,3.1733539709597394,127.1341318825463,1.0,0.06356706594127315,True,0.0,False,True,FILTERED (IV rank top-tercile),2pct
put,1994-03-17,1994-04-22,26.58250999450684,25.38315963745117,25.38449935287977,24.852849152989634,0.5316501998901373,0.02,40.34503027632761,3.6230919113042437,3.45724661733122,0.1282112958778149,0.0376339980952085,0.16584529397302342,49.70777337168251,0.13397154286032276,3.323275074470897,134.07763349609326,0.9612490638681308,0.06685624499052896,True,0.0,False,False,FILTERED (IV rank top-tercile),2pct
call,1994-03-17,1994-04-22,26.58250999450684,25.38315963745117,28.13039936753547,28.66204956742561,0.5316501998901373,0.02,40.04964244498423,3.257221110527664,3.09062483294601,0.12401340267242308,0.042582874909230864,0.16659627758165396,50.074395156067716,0.0,3.09062483294601,123.77841949107682,1.0,0.06172066229284262,True,0.0,False,True,FILTERED (IV rank top-tercile),2pct
put,1994-04-25,1994-06-01,25.64839553833008,26.037397384643555,24.33433850586393,23.821370595097328,0.5129679107666014,0.02,42.083103470314455,3.7076989284653417,3.5194510777838244,0.14047016194657577,0.04777768873494154,0.1882478506815173,47.777339998876315,0.0,3.5194510777838244,148.1094238650864,1.0,0.07366360450093284,True,0.0,False,True,FILTERED (IV rank top-tercile),2pct
call,1994-04-25,1994-06-01,25.64839553833008,26.037397384643555,27.33746742956734,27.85043534033394,0.5129679107666014,0.02,41.700703315477284,3.2701159843487426,3.081327478882859,0.13527070253730109,0.05351780292858245,0.18878850546588355,48.21546359777728,0.0,3.081327478882859,128.4935230147217,1.0,0.06390745310649482,True,0.0,False,True,FILTERED (IV rank top-tercile),2pct
put,1994-06-21,1994-07-28,25.68445587158203,25.889162063598636,24.32641221511135,23.81272309767971,0.5136891174316389,0.02,42.17803848474236,3.7640366369287026,3.567950056051973,0.14509374839997355,0.050992832476755984,0.19608658087672953,47.80096168711192,0.0,3.567950056051973,150.4891347757988,1.0,0.07464180489519236,True,0.0,False,True,FILTERED (IV rank top-tercile),2pct
call,1994-06-21,1994-07-28,25.68445587158203,25.889162063598636,27.426866563845177,27.940555681276816,0.5136891174316389,0.02,41.77487134483322,3.3031674684276036,3.106625427444044,0.1395606138471249,0.0569814271364346,0.19654204098355949,48.26228631571985,0.0,3.106625427444044,129.77887754806244,1.0,0.06436962822526215,True,0.0,False,True,FILTERED (IV rank top-tercile),2pct
put,1994-09-13,1994-10-20,26.77024269104004,26.78978538513184,25.447769339288243,24.912364485467442,0.5354048538208005,0.02,40.4999405433323,3.808266638396729,3.620506864333045,0.14148322001180103,0.0462765540518828,0.18775977406368383,49.919978517747005,0.0,3.620506864333045,146.63031274221478,1.0,0.07252621038380298,True,0.0,False,True,FILTERED (IV rank top-tercile),2pct
call,1994-09-13,1994-10-20,26.77024269104004,26.78978538513184,28.474220877195357,29.009625731016158,0.5354048538208005,0.02,40.153071404672566,3.3776688709357128,3.1892646369116004,0.13642297789875288,0.051981256125359365,0.18840423402411224,50.35122074516845,0.0,3.1892646369116004,128.0587706943086,1.0,0.06334036374316968,True,0.0,False,True,FILTERED (IV rank top-tercile),2pct
put,1994-10-21,1994-11-25,26.682344436645508,26.055574417114254,25.188621013249172,24.65497412451626,0.5336468887329104,0.02,40.88658284815616,4.000073923700009,3.7824102296911724,0.15883277105066887,0.05883092295816822,0.2176636940088371,49.58227864359987,0.0,3.7824102296911724,154.6498292219815,1.0,0.07628552646560163,True,0.0,False,True,FILTERED (IV rank top-tercile),2pct
call,1994-10-21,1994-11-25,26.682344436645508,26.055574417114254,28.578915523757352,29.112562412490263,0.5336468887329104,0.02,40.46151859938113,3.4794684784505536,3.261528790888271,0.152463199761773,0.06547648780050909,0.2179396875622821,50.10316008240277,0.0,3.261528790888271,131.96640783494283,1.0,0.0650962690881006,True,0.0,False,True,FILTERED (IV rank top-tercile),2pct
put,1994-11-28,1995-01-04,26.17196273803711,26.57017135620117,24.582008248751407,24.058568993990665,0.523439254760742,0.02,41.90253005756634,4.064882169841022,3.826991880176621,0.16975617195521403,0.06813411770918744,0.23789028966440146,48.516933595897584,0.0,3.826991880176621,160.36064228916317,1.0,0.07887950858667246,True,0.0,False,True,FILTERED (IV rank top-tercile),2pct
call,1994-11-28,1995-01-04,26.17196273803711,26.57017135620117,28.200993309256592,28.724432564017334,0.523439254760742,0.02,41.404910555181466,3.4815879049153287,3.2438974590196343,0.16236507175928921,0.07532537413640489,0.2376904458956941,49.10002801705457,0.0,3.2438974590196343,134.31328414088838,1.0,0.06606712032614091,True,0.0,False,True,FILTERED (IV rank top-tercile),2pct
put,1995-06-06,1995-07-13,31.232873916625977,32.76713180541992,29.780258378137052,29.155600899804533,0.6246574783325194,0.02,34.94516810184784,4.324004823768957,4.120750296272356,0.15567732404541262,0.047577203451188224,0.20325452749660083,58.344997536979584,0.0,4.120750296272356,144.0003118089768,1.0,0.07062731117026079,True,0.0,False,True,FILTERED (IV rank top-tercile),2pct
call,1995-06-06,1995-07-13,31.232873916625977,32.76713180541992,33.11323718803861,33.73789466637113,0.6246574783325229,0.02,34.674250913336365,3.868994697034389,3.6648886040927087,0.1504154801837701,0.053690612757910025,0.20410609294168014,58.800859229159585,0.0,3.6648886040927087,127.07726702773765,1.0,0.06232712671442181,True,0.0,False,True,FILTERED (IV rank top-tercile),2pct
put,1995-07-20,1995-08-25,32.40201950073242,32.88579559326172,30.939324806084976,30.291284416070326,0.6480403900146499,0.02,33.74154925579469,4.419662558371051,4.217096685610828,0.15652871835974969,0.046037154400473124,0.2025658727602228,60.58694231585415,0.0,4.217096685610828,142.2913755339863,1.0,0.06960405203527353,True,0.0,False,True,FILTERED (IV rank top-tercile),2pct
call,1995-07-20,1995-08-25,32.40201950073242,32.88579559326172,34.291623192032404,34.939663582047054,0.6480403900146499,0.02,33.49381771605838,3.9724554114771493,3.7689752849672464,0.15139575589841608,0.0520843706114868,0.20348012650990288,61.03506371649774,0.0,3.7689752849672464,126.23737117102215,1.0,0.06175098468765086,True,0.0,False,True,FILTERED (IV rank top-tercile),2pct
put,1995-09-26,1995-11-02,34.180789947509766,34.74054718017578,32.60394207476849,31.920326275818294,0.6836157989501963,0.02,32.09263074383731,4.714547787312551,4.494336050073112,0.16903771596112616,0.05117402127831176,0.22021173723943793,63.86724384494652,0.0,4.494336050073112,144.23506729371272,1.0,0.07036997026181717,True,0.0,False,True,FILTERED (IV rank top-tercile),2pct
call,1995-09-26,1995-11-02,34.180789947509766,34.74054718017578,36.223372421469215,36.90698822041941,0.6836157989501928,0.02,31.847185770932008,4.223267114007201,4.002113784412867,0.16336750372225733,0.05778582587207676,0.2211533295943341,64.3594661106064,0.0,4.002113784412867,127.4560611686043,1.0,0.062183762953144206,True,0.0,False,True,FILTERED (IV rank top-tercile),2pct
put,1995-11-03,1995-12-08,34.78642654418945,36.50234603881836,33.30173450471317,32.606005973829376,0.695728530883791,0.02,31.539391750465203,4.615252131903924,4.413013857128872,0.1588097890363252,0.04342848573872654,0.20223827477505174,65.15983923125023,0.0,4.413013857128872,139.18377284021898,1.0,0.06772597828959068,True,0.0,False,True,FILTERED (IV rank top-tercile),2pct
call,1995-11-03,1995-12-08,34.78642654418945,36.50234603881836,36.705128911623795,37.400857442507586,0.695728530883791,0.02,31.329996841578886,4.18075615051936,3.977516251818969,0.15387940123168797,0.04936049746870376,0.20323989870039172,65.59533683656014,0.0,3.977516251818969,124.61557160681699,1.0,0.06063718007469801,True,0.0,False,True,FILTERED (IV rank top-tercile),2pct
put,1995-12-19,1996-01-25,36.20174026489258,36.46025848388672,34.49623104904077,33.77219624374292,0.7240348052978547,0.02,30.47828697067385,5.041362577277719,4.801988202373332,0.1827042196681658,0.05667015523622178,0.23937437490438757,67.60149232741213,0.0,4.801988202373332,146.35637446172467,1.0,0.07103376030688816,True,0.0,False,True,FILTERED (IV rank top-tercile),2pct
call,1995-12-19,1996-01-25,36.20174026489258,36.46025848388672,38.40713221662666,39.13116702192451,0.7240348052978547,0.02,30.23688522577215,4.502622036672133,4.262279231560203,0.17645417801436664,0.06388862709756221,0.24034280511192885,68.14120129822527,0.0,4.262279231560203,128.8780479248782,1.0,0.06255069107023821,True,0.0,False,True,FILTERED (IV rank top-tercile),2pct
put,1996-01-26,1996-03-01,36.77417755126953,38.34375381469727,35.23992519792302,34.50444164689763,0.7354835510253892,0.02,29.970502074812543,4.8257261887145075,4.617832480944569,0.16426843124390106,0.0436252765260374,0.20789370776993846,68.93052262159435,0.0,4.617832480944569,138.39875795128597,1.0,0.06699256447386791,True,0.0,False,True,FILTERED (IV rank top-tercile),2pct
call,1996-01-26,1996-03-01,36.77417755126953,38.34375381469727,38.76132938423219,39.49681293525758,0.7354835510253892,0.02,29.77924485526723,4.384074447601249,4.175126154357539,0.1592750772168708,0.049673216026839204,0.20894829324371,69.37322894818139,0.0,4.175126154357539,124.3321040522434,1.0,0.06018353502726773,True,0.0,False,True,FILTERED (IV rank top-tercile),2pct
put,1996-03-04,1996-04-10,38.56532287597656,37.39191818237305,36.245138776488645,35.473832318969116,0.771306457519529,0.02,28.962557787310818,5.966069479957969,5.619800484139891,0.24771036640851424,0.09855862940956403,0.34626899581807824,71.51084526781301,0.0,5.619800484139891,162.76379627505892,1.0,0.07858668797849269,True,0.0,False,True,FILTERED (IV rank top-tercile),2pct
call,1996-03-04,1996-04-10,38.56532287597656,37.39191818237305,41.526923556863736,42.298230014383265,0.771306457519529,0.02,28.62369386972668,5.119282461749375,4.773213552086605,0.23702548560325248,0.109043424059517,0.3460689096627695,72.3574321998663,0.0,4.773213552086605,136.62700348975767,1.0,0.06596714956525813,True,0.0,False,True,FILTERED (IV rank top-tercile),2pct
put,1996-04-11,1996-05-17,37.34555816650391,39.87730407714844,34.72534426295634,33.978433099626265,0.7469111633300756,0.02,30.120702056408284,6.137502368398429,5.731076802924386,0.27993156234200206,0.12649400313204037,0.4064255654740424,68.96003953008318,0.0,5.731076802924386,172.62405684327837,1.0,0.08310721458366127,True,0.0,False,True,FILTERED (IV rank top-tercile),2pct
call,1996-04-11,1996-05-17,37.34555816650391,39.87730407714844,40.67620187621523,41.423113039545306,0.7469111633300756,0.02,29.677909417720418,5.106419474310986,4.702197125526581,0.2659414178210903,0.13828093096331442,0.4042223487844048,69.98891920748098,0.0,4.702197125526581,139.5513803556432,1.0,0.06718487981771795,True,0.0,False,True,FILTERED (IV rank top-tercile),2pct
put,1996-05-20,1996-06-26,40.14625549316406,39.62244415283203,37.859714672693215,37.056789562829934,0.8029251098632812,0.02,27.943241656234044,6.071813086622191,5.7353662263192255,0.24412109373426055,0.09232576656870439,0.33644686030296495,74.5571447600089,0.0,5.7353662263192255,160.26472444904124,1.0,0.07692577612488685,True,0.0,False,True,FILTERED (IV rank top-tercile),2pct
call,1996-05-20,1996-06-26,40.14625549316406,39.62244415283203,43.069910533796424,43.872835643659705,0.8029251098632812,0.02,27.642870325570275,5.261928112691372,4.925217767845309,0.2341292738316736,0.10258107101438901,0.3367103448460626,75.36729321848281,0.0,4.925217767845309,136.14715608174257,1.0,0.06534953767767085,True,0.0,False,True,FILTERED (IV rank top-tercile),2pct
put,1996-06-27,1996-08-02,39.90213394165039,39.71566009521485,37.89236674643651,37.0943240676035,0.7980426788330064,0.02,28.093140946644162,5.719783853921312,5.433924075662294,0.21442718730352583,0.07143259095549227,0.2858597782590181,74.37034380763833,0.0,5.433924075662294,152.65599495094392,1.0,0.07306573826950889,True,0.0,False,True,FILTERED (IV rank top-tercile),2pct
call,1996-06-27,1996-08-02,39.90213394165039,39.71566009521485,42.47741882280748,43.275461501640486,0.7980426788330064,0.02,27.845741502855443,5.059939661738411,4.773170197353875,0.2066339779639978,0.0801354864205378,0.2867694643845356,75.03109768594676,0.0,4.773170197353875,132.9124634646495,1.0,0.06361589187102995,True,0.0,False,True,FILTERED (IV rank top-tercile),2pct
put,1996-08-05,1996-09-11,39.48262405395508,40.01400375366211,37.00733212922175,36.21767964814265,0.7896524810791021,0.02,28.648533749130365,6.210741146566479,5.83731987422618,0.2643449005022308,0.10907637183806759,0.3734212723402984,73.12792823368403,0.0,5.83731987422618,167.23065542123814,1.0,0.07982340010471412,True,0.0,False,True,FILTERED (IV rank top-tercile),2pct
call,1996-08-05,1996-09-11,39.48262405395508,40.01400375366211,42.639607047769644,43.429259528848746,0.7896524810791021,0.02,28.291611654780283,5.287524808393584,4.914750540985717,0.2524811938088539,0.12029307359901348,0.3727742674078674,74.0504975669245,0.0,4.914750540985717,139.04621368568922,1.0,0.06637025681757129,True,0.0,False,True,FILTERED (IV rank top-tercile),2pct
put,1996-09-24,1996-10-31,41.14764022827149,42.48768615722656,38.70539812860437,37.88244532403894,0.822952804565432,0.02,27.527648381622438,6.330371544015012,5.967167416871308,0.2607317078720403,0.1024724192716639,0.3632041271437042,76.32811303967189,0.0,5.967167416871308,164.26208648590762,1.0,0.07817784534736034,True,0.0,False,True,FILTERED (IV rank top-tercile),2pct
call,1996-09-24,1996-10-31,41.14764022827149,42.48768615722656,44.26615832424072,45.08911112880615,0.822952804565432,0.02,27.212208964362677,5.445507687125373,5.082384578061628,0.24963040062093989,0.11349270844280487,0.3631231090637448,77.21289587848158,0.0,5.082384578061628,138.30291117546727,1.0,0.06582300171800752,True,0.0,False,True,FILTERED (IV rank top-tercile),2pct
put,1996-11-01,1996-12-06,42.337738037109375,44.56803512573242,39.66750686005628,38.82075209931409,0.8467547607421864,0.02,26.873969764157582,6.667166621606269,6.265595590076492,0.28412509853496665,0.11744593299480924,0.4015710315297759,78.40988048414215,0.0,6.265595590076492,168.38142644215472,1.0,0.0799082405353706,True,0.0,False,True,FILTERED (IV rank top-tercile),2pct
call,1996-11-01,1996-12-06,42.337738037109375,44.56803512573242,45.71947815590602,46.566232916648204,0.8467547607421864,0.02,26.53793491083031,5.673586213976289,5.272735641612864,0.2713451138564166,0.12950545850700865,0.40085057236342525,79.40274043260577,0.0,5.272735641612864,139.92751525913727,1.0,0.06640495797608113,True,0.0,False,True,FILTERED (IV rank top-tercile),2pct
put,1996-12-09,1997-01-15,45.22399139404297,46.27492904663086,42.324292141917354,41.41981231403649,0.9044798278808628,0.02,25.246136815435015,7.178153869039283,6.738108615020363,0.3097495503724512,0.13029570364646859,0.4400452540189198,83.70987417306591,0.0,6.738108615020363,170.11121197206543,1.0,0.08049359387507458,True,0.0,False,True,FILTERED (IV rank top-tercile),2pct
call,1996-12-09,1997-01-15,45.22399139404297,46.27492904663086,48.921223784438105,49.82570361231897,0.9044798278808628,0.02,24.920741277993923,6.084074737142275,5.645090586711384,0.29554300942972456,0.1434411410011667,0.43898415043089123,84.80289220137489,0.0,5.645090586711384,140.67984200227332,1.0,0.06656719411534247,True,0.0,False,True,FILTERED (IV rank top-tercile),2pct
put,1997-01-16,1997-02-21,46.46327209472656,48.44083786010742,43.20996838272375,42.28070294082922,0.929265441894529,0.02,24.703296795382837,7.629924643169916,7.1255770225233555,0.34754786836290463,0.15679975228365672,0.5043476206465614,85.80096716692954,0.0,7.1255770225233555,176.02524402575477,1.0,0.08304774710359888,True,0.0,False,True,FILTERED (IV rank top-tercile),2pct
call,1997-01-16,1997-02-21,46.46327209472656,48.44083786010742,50.598536002196596,51.527801444091125,0.929265441894529,0.02,24.341228022351718,6.350964048580376,5.849312288530191,0.33021293063234813,0.17143882941783734,0.5016517600501855,87.0772319009227,0.0,5.849312288530191,142.37944418905735,1.0,0.06717384281560068,True,0.0,False,True,FILTERED (IV rank top-tercile),2pct
put,1997-02-24,1997-04-02,49.01528549194336,45.07200622558594,45.50108048969005,44.52077477985118,0.9803057098388663,0.02,23.50325738300119,8.127227854781172,7.577796018428227,0.3763062663612371,0.17312556999170697,0.549431836352944,90.4527749654584,42.90742641041092,-35.32963039198269,-830.3613963490704,-4.66225671766112,-0.3905864734992837,False,35.32963039198269,False,False,FILTERED (IV rank top-tercile),2pct
call,1997-02-24,1997-04-02,49.01528549194336,45.07200622558594,53.4978672652452,54.478172975084064,0.9803057098388663,0.02,23.14579844676604,6.726825906470424,6.180862022263243,0.35706726593447147,0.18889661827270893,0.5459638842071803,91.84970896162339,0.0,6.180862022263243,143.06098659457578,1.0,0.06729321292510278,True,0.0,False,True,FILTERED (IV rank top-tercile),2pct
put,1997-04-03,1997-05-09,45.31780242919922,49.987571716308594,41.8908648634442,40.98450881486021,0.9063560485839872,0.02,25.29159410959723,7.664644318122038,7.12213260861011,0.36706390873249006,0.175447800779438,0.5425117095119281,83.5134722497886,0.0,7.12213260861011,180.13008713169384,1.0,0.08528124165772713,True,0.0,False,True,FILTERED (IV rank top-tercile),2pct
call,1997-04-03,1997-05-09,45.31780242919922,49.987571716308594,49.68174061192091,50.588096660504895,0.9063560485839872,0.02,24.876931345952386,6.2680230761625655,5.730082812632813,0.34732042021690945,0.19061984331284337,0.5379402635297528,84.9055220457659,30.583110438768557,-24.853027626135745,-618.267061994437,-4.337289431724019,-0.2927139133864512,False,24.853027626135745,False,False,FILTERED (IV rank top-tercile),2pct
put,1997-05-12,1997-06-18,50.81944274902344,54.03346252441406,47.10095519927173,46.08456634429126,1.0163888549804696,0.02,22.441059795036665,8.492319666209314,7.907746124997837,0.3984407664333556,0.1861327747781208,0.5845735412114763,93.73113937304912,0.0,7.907746124997837,177.45820363504595,1.0,0.08436626480688639,True,0.0,False,True,FILTERED (IV rank top-tercile),2pct
call,1997-05-12,1997-06-18,50.81944274902344,54.03346252441406,55.56451787602001,56.58090673100048,1.0163888549804696,0.02,22.089494450493532,6.9963791554139565,6.415968194907188,0.37766021969606045,0.20275074081070876,0.5804109605067692,95.22291730313978,0.0,6.415968194907188,141.72549383594531,1.0,0.06737840402937996,True,0.0,False,True,FILTERED (IV rank top-tercile),2pct
put,1997-06-19,1997-07-25,54.59120178222656,57.10980224609375,50.67362795010408,49.58180391445955,1.0918240356445281,0.02,20.94237319165468,9.050206199877575,8.43881744033259,0.4188219572709623,0.19256680227402317,0.6113887595449854,100.74358612412023,0.0,8.43881744033259,176.72886413168922,1.0,0.08376530720214408,True,0.0,False,True,FILTERED (IV rank top-tercile),2pct
call,1997-06-19,1997-07-25,54.59120178222656,57.10980224609375,59.57293216742372,60.66475620306825,1.0918240356445281,0.02,20.624153436366964,7.491945625604002,6.884397307543262,0.39742347935042,0.21012483871031967,0.6075483180607397,102.29800625690955,0.0,6.884397307543262,141.98486638768384,1.0,0.06729747293660737,True,0.0,False,True,FILTERED (IV rank top-tercile),2pct
put,1997-07-28,1997-09-03,57.07183074951172,56.36962890625,52.57162243631785,51.43018582132762,1.1414366149902335,0.02,20.143574906820845,9.810625792368732,9.088622278018258,0.48363457957984746,0.2383689347706261,0.7220035143504735,105.0550392210051,0.0,9.088622278018258,183.0773436570615,1.0,0.08651295878247642,True,0.0,False,True,FILTERED (IV rank top-tercile),2pct
call,1997-07-28,1997-09-03,57.07183074951172,56.36962890625,62.82815704503923,63.96959366002946,1.1414366149902335,0.02,19.792196179898795,7.938059513532636,7.223538403409449,0.45648629898075166,0.2580348111424352,0.7145211101231869,106.92012309561389,0.0,7.223538403409449,142.96968919331275,1.0,0.0675601392354343,True,0.0,False,True,FILTERED (IV rank top-tercile),2pct
put,1997-09-04,1997-10-10,56.7302360534668,59.05279922485352,51.634441140114355,50.49983641904502,1.134604721069337,0.02,20.39556297454883,10.229869327541552,9.383668971212336,0.5509735447588787,0.29522681157033714,0.8462003563292159,104.07680313572136,0.0,9.383668971212336,191.38521143468103,1.0,0.09016100311013167,True,0.0,False,True,FILTERED (IV rank top-tercile),2pct
call,1997-09-04,1997-10-10,56.7302360534668,59.05279922485352,63.28198659458788,64.41659131565721,1.134604721069337,0.02,19.969178856503987,7.993210468214063,7.16140954668435,0.5158155916175328,0.3159853299121801,0.8318009215297129,106.29906256024935,0.0,7.16140954668435,143.00746810241492,1.0,0.06737039230826074,True,0.0,False,True,FILTERED (IV rank top-tercile),2pct
put,1997-10-20,1997-11-26,58.29078674316406,58.233642578125,53.92737233100275,52.76155659613947,1.1658157348632798,0.02,19.818235269351728,9.825640339320474,9.13543526088736,0.4679230434580628,0.22228203497505067,0.6902050784331135,107.44613822544062,0.0,9.13543526088736,181.0482052881973,1.0,0.08502339322535385,True,0.0,False,True,FILTERED (IV rank top-tercile),2pct
call,1997-10-20,1997-11-26,58.29078674316406,58.233642578125,63.862044089646574,65.02785982450986,1.165815734863287,0.02,19.497358930365284,8.051788648141844,7.367148407517576,0.44296747841390816,0.24167276221035983,0.684640240624268,109.21442507881112,0.0,7.367148407517576,143.6399367946392,1.0,0.0674558182419704,True,0.0,False,True,FILTERED (IV rank top-tercile),2pct
put,1997-11-28,1998-01-02,58.29078674316406,59.70850372314453,52.69450924359067,51.52869350872739,1.1658157348632798,0.02,20.006351018497966,10.76671899618935,9.821144910328591,0.6073710303827473,0.3382030554780119,0.9455740858607592,106.76042857599938,0.0,9.821144910328591,196.48527247956852,1.0,0.09199237059391559,True,0.0,False,True,FILTERED (IV rank top-tercile),2pct
call,1997-11-28,1998-01-02,58.29078674316406,59.70850372314453,65.51124553733244,66.67706127219573,1.165815734863287,0.02,19.548742162708546,8.247804142094006,7.322031813556931,0.5659837160447129,0.35978861249236216,0.925772328537075,109.25954167277176,0.0,7.322031813556931,143.1365120303737,1.0,0.0670150332085974,True,0.0,False,True,FILTERED (IV rank top-tercile),2pct
put,1998-01-05,1998-02-11,59.84235763549805,62.51987457275391,54.5919982321577,53.395151079447736,1.1968471527099638,0.02,19.505488363821392,10.702222991642651,9.834656420834687,0.5675610727995162,0.3000054980084488,0.867566570807965,109.85005885016167,0.0,9.834656420834687,191.82977637877232,1.0,0.08952800320525466,True,0.0,False,True,FILTERED (IV rank top-tercile),2pct
call,1998-01-05,1998-02-11,59.84235763549805,62.51987457275391,66.59828438507205,67.79513153778201,1.1968471527099638,0.02,19.110136971646508,8.415957141471742,7.562073353463686,0.5321413582724255,0.3217424297356303,0.8538837880080558,112.12264191753269,0.0,7.562073353463686,144.51225757432928,1.0,0.06744465902815298,True,0.0,False,True,FILTERED (IV rank top-tercile),2pct
put,1998-03-30,1998-05-06,67.24518585205078,67.64801788330078,61.27484944184122,59.929945724800206,1.3449037170410136,0.02,17.41798961642131,12.07869130457584,11.08888090750727,0.6458888398414853,0.34392155722708373,0.989810397068569,123.40149079659409,0.0,11.08888090750727,193.14601250469414,1.0,0.08986018593393952,True,0.0,False,True,FILTERED (IV rank top-tercile),2pct
call,1998-03-30,1998-05-06,67.24518585205078,67.64801788330078,74.93410556889394,76.27900928593496,1.3449037170410207,0.02,17.059087225548275,9.466209518552215,8.492664035021072,0.6051003607474764,0.36844512278366714,0.9735454835311436,125.99770766908101,0.0,8.492664035021072,144.87709655070122,1.0,0.06740332179158458,True,0.0,False,True,FILTERED (IV rank top-tercile),2pct
put,1998-06-12,1998-07-17,67.78224182128906,73.00061798095703,62.34612077921193,60.99047594278615,1.3556448364257818,0.02,17.287789738233567,11.715573523193967,10.842562554046594,0.5829501536136122,0.2900608155337603,0.8730109691473725,124.7219210885316,0.0,10.842562554046594,187.44394165800225,1.0,0.08693389629839167,True,0.0,False,True,FILTERED (IV rank top-tercile),2pct
call,1998-06-12,1998-07-17,67.78224182128906,73.00061798095703,74.70187490106031,76.05751973748609,1.3556448364257818,0.02,16.98006260920232,9.445639612578383,8.582245876354497,0.5497673632691741,0.31362637295471174,0.8633937362238858,126.98223776622368,0.0,8.582245876354497,145.7270723080678,1.0,0.06758619179600968,True,0.0,False,True,FILTERED (IV rank top-tercile),2pct
put,1998-07-29,1998-09-04,69.28707885742188,60.18608474731445,63.10402911939142,61.71828754224298,1.385741577148437,0.02,17.01247908174164,12.468737097140004,11.442200202100244,0.6691276612341313,0.35740923380562784,1.026536895039759,127.13195751274344,138.5741577148437,-127.13195751274345,-2162.8297678064146,-11.110796461104401,-1.0000000000000002,False,127.13195751274345,True,False,FILTERED (IV rank top-tercile),2pct
call,1998-07-29,1998-09-04,69.28707885742188,60.18608474731445,77.25295487837224,78.63869645552067,1.385741577148437,0.02,16.659451265238932,9.757540351627458,8.7481668480674,0.6266560061753718,0.3827174973846853,1.009373503560057,129.8259908667763,0.0,8.7481668480674,145.73965926555775,1.0,0.06738378647958496,True,0.0,False,True,FILTERED (IV rank top-tercile),2pct
put,1998-09-08,1998-10-15,63.41853332519531,65.47688293457031,54.97922615027786,53.710855483773955,1.2683706665039054,0.02,18.425198936287206,13.21833761693334,11.642220018070176,0.9532880196432503,0.6228295792199134,1.5761175988631637,115.19484663232036,0.0,11.642220018070176,214.51021989296822,1.0,0.10106545872863469,True,0.0,False,True,FILTERED (IV rank top-tercile),2pct
call,1998-09-08,1998-10-15,63.41853332519531,65.47688293457031,74.9065273865712,76.17489805307511,1.2683706665039125,0.02,17.773960826762103,8.923056018080722,7.421479639544209,0.8623263894942668,0.6392499890422454,1.5015763785365122,119.41558701084705,0.0,7.421479639544209,131.9090883898713,1.0,0.06214833277057947,True,0.0,False,True,FILTERED (IV rank top-tercile),2pct
put,1998-10-16,1998-11-20,65.4962387084961,72.061279296875,57.62396328032294,56.31403850615302,1.3099247741699216,0.02,17.852449297011447,13.135151350746987,11.713810586792873,0.8748597738613972,0.5464809900927181,1.4213407639541153,119.27866683019927,0.0,11.713810586792873,209.12020957551564,1.0,0.09820541173107027,True,0.0,False,True,FILTERED (IV rank top-tercile),2pct
call,1998-10-16,1998-11-20,65.4962387084961,72.061279296875,75.96731058867515,77.27723536284508,1.3099247741699287,0.02,17.300876048381205,9.278850452480825,7.911059698813391,0.7998810074897278,0.5679097461777055,1.3677907536674332,123.08141771817948,0.0,7.911059698813391,136.86826326051442,1.0,0.0642750127962241,True,0.0,False,True,FILTERED (IV rank top-tercile),2pct
put,1998-12-04,1999-01-08,73.14258575439453,79.19751739501953,66.64333747827601,65.18048576318812,1.4628517150878935,0.02,15.915824544476015,13.13219623520503,12.057999345130177,0.7012508979774901,0.3729459920973621,1.0741968900748522,134.22717216365916,0.0,12.057999345130177,191.9130019344986,1.0,0.0898327749200305,True,0.0,False,True,FILTERED (IV rank top-tercile),2pct
call,1998-12-04,1999-01-08,73.14258575439453,79.19751739501953,81.47036149118394,82.93321320627183,1.4628517150878935,0.02,15.588594697549166,10.29701229339608,9.240353633458456,0.657041983636264,0.3996166763013592,1.0566586599376233,137.0448178753309,0.0,9.240353633458456,144.04412765400966,1.0,0.06742577922110392,True,0.0,False,True,FILTERED (IV rank top-tercile),2pct
put,1999-01-13,1999-02-19,76.48528289794922,77.0277328491211,68.2650385353062,66.73533287734722,1.529705657958985,0.02,15.342573796270727,14.729399216369199,13.290268845288367,0.9036826757450322,0.5354476953358001,1.4391303710808323,139.6802969506101,0.0,13.290268845288367,203.9069305311145,1.0,0.09514777055483856,True,0.0,False,True,FILTERED (IV rank top-tercile),2pct
call,1999-01-13,1999-02-19,76.48528289794922,77.0277328491211,87.2792310785513,88.80893673651029,1.529705657958985,0.02,14.932785093262915,10.854743471865191,9.457132068347745,0.8344899951570395,0.5631214083604064,1.3976114035174458,143.51343372755073,0.0,9.457132068347745,141.22132077524188,1.0,0.0658971904072854,True,0.0,False,True,FILTERED (IV rank top-tercile),2pct
put,1999-02-22,1999-03-31,79.08130645751953,79.77801513671875,71.72743472382615,70.14580859467576,1.5816261291503935,0.02,14.832371991093774,14.447369643674346,13.212241513429923,0.7981561856681418,0.43697194457628097,1.2351281302444228,144.95037140160943,0.0,13.212241513429923,195.9688809633644,1.0,0.09115010458871596,True,0.0,False,True,FILTERED (IV rank top-tercile),2pct
call,1999-02-22,1999-03-31,79.08130645751953,79.77801513671875,88.58719022746526,90.16881635661565,1.5816261291503935,0.02,14.50661508924317,11.168775624761107,9.957272410065771,0.7453613026571826,0.4661419120381538,1.2115032146953364,148.20534050497358,0.0,9.957272410065771,144.4463181915648,1.0,0.06718565185396688,True,0.0,False,True,FILTERED (IV rank top-tercile),2pct
put,1999-05-26,1999-07-02,81.05976104736328,86.89488220214844,73.04731947176779,71.42612425082052,1.6211952209472713,0.02,14.538675428150162,15.141973264888264,13.77271130596824,0.8739056452711169,0.4953563136489064,1.3692619589200232,148.3468107887589,0.0,13.77271130596824,200.23697944308637,1.0,0.09284130365013468,True,0.0,False,True,FILTERED (IV rank top-tercile),2pct
call,1999-05-26,1999-07-02,81.05976104736328,86.89488220214844,91.47762108501469,93.09881630596196,1.6211952209472713,0.02,14.191664178680496,11.483164092505493,10.145369824482199,0.8124366851679665,0.5253575828553292,1.3377942680232957,151.97415227024493,0.0,10.145369824482199,143.97968151757004,1.0,0.06675720622834205,True,0.0,False,True,FILTERED (IV rank top-tercile),2pct
put,1999-09-24,1999-10-29,79.85356903076172,85.63552856445312,72.09094452920569,70.49387314859045,1.5970713806152332,0.02,14.798580138739442,14.816831957520193,13.50051243977057,0.8433701583438147,0.4729493594058082,1.3163195177496227,146.20662562175275,0.0,13.50051243977057,199.78841525399355,1.0,0.09233858166385281,True,0.0,False,True,FILTERED (IV rank top-tercile),2pct
call,1999-09-24,1999-10-29,79.85356903076172,85.63552856445312,89.8818744149416,91.47894579555684,1.5970713806152332,0.02,14.45428027686896,11.305589000539129,10.017881686672773,0.785173519439919,0.502533794426438,1.287707313866357,149.68925637485054,0.0,10.017881686672773,144.801269679681,1.0,0.0669245203649491,True,0.0,False,True,FILTERED (IV rank top-tercile),2pct
put,2000-01-05,2000-02-11,87.72551727294922,86.90309143066406,79.40404766522396,77.64953731976497,1.754510345458982,0.02,13.505675594119475,16.143205611302225,14.737692614159862,0.904546568712461,0.5009664284299026,1.4055129971423637,160.71334193173834,0.0,14.737692614159862,199.0424954526937,1.0,0.0917017369996548,True,0.0,False,True,FILTERED (IV rank top-tercile),2pct
call,2000-01-05,2000-02-11,87.72551727294922,86.90309143066406,98.50132558073236,100.25583592619134,1.754510345458982,0.02,13.200878109528366,12.403872219567091,11.026952922861044,0.8435080510976134,0.5334112456084339,1.3769192967060473,164.42408162303715,0.0,11.026952922861044,145.5654614541962,1.0,0.06706409921231439,True,0.0,False,True,FILTERED (IV rank top-tercile),2pct
put,2000-02-22,2000-03-30,84.57294464111328,93.40603637695312,76.71132737595485,75.01986848313258,1.6914588928222685,0.02,14.046367121318303,15.448536450060502,14.128267992072645,0.8532409346196868,0.46702752336816866,1.3202684579878554,155.01762129015418,0.0,14.128267992072645,198.45083900502297,1.0,0.09113975478715458,True,0.0,False,True,FILTERED (IV rank top-tercile),2pct
call,2000-02-22,2000-03-30,84.57294464111328,93.40603637695312,94.73483087602042,96.4262897688427,1.6914588928222685,0.02,13.738030438360825,11.944093465784356,10.649048801008806,0.796823500710081,0.49822116406546824,1.2950446647755491,158.49684048121804,0.0,10.649048801008806,146.29695656784884,1.0,0.06718776707899565,True,0.0,False,True,FILTERED (IV rank top-tercile),2pct
put,2000-03-31,2000-05-05,94.46614837646484,90.1668701171875,86.45842798516466,84.56910501763537,1.8893229675292957,0.02,12.584704022108562,16.66817677071384,15.36211417342162,0.8613835082800336,0.44467908901218434,1.306062597292218,173.57018257950796,0.0,15.36211417342162,193.32766002635003,1.0,0.08850664293323905,True,0.0,False,True,FILTERED (IV rank top-tercile),2pct
call,2000-03-31,2000-05-05,94.46614837646484,90.1668701171875,104.69209129366558,106.58141426119488,1.8893229675292957,0.02,12.342441639597396,13.243278936757807,11.955209187158179,0.8095758615092874,0.4784938880903422,1.2880697495996296,176.9770875657714,0.0,11.955209187158179,147.55647168167846,1.0,0.06755229929250119,True,0.0,False,True,FILTERED (IV rank top-tercile),2pct
put,2000-05-08,2000-06-14,89.48954772949219,92.8759994506836,80.45114464536655,78.6613536907767,1.7897909545898472,0.02,13.386364620838062,16.848254036188592,15.294098111031568,0.9876811380308714,0.5664747871261533,1.5541559251570247,163.68499734795313,0.0,15.294098111031568,204.73237386113922,1.0,0.0934361631110282,True,0.0,False,True,FILTERED (IV rank top-tercile),2pct
call,2000-05-08,2000-06-14,89.48954772949219,92.8759994506836,101.26878203395373,103.05857298854357,1.7897909545898472,0.02,13.057412924305982,12.686622126160696,11.170428446405422,0.9166796164546465,0.5995140633006268,1.5161936797552733,167.8086670125793,0.0,11.170428446405422,145.85689676612935,1.0,0.06656645717570751,True,0.0,False,True,FILTERED (IV rank top-tercile),2pct
put,2000-10-10,2000-11-16,86.9172592163086,86.71997833251953,79.13971251078691,77.40136732646073,1.7383451843261781,0.02,13.78418054003902,15.657088874226677,14.364839659320609,0.8418382183808693,0.45041099652519956,1.292249214906069,159.4696787732972,0.0,14.364839659320609,198.0075432927879,1.0,0.09007881479300982,True,0.0,False,True,FILTERED (IV rank top-tercile),2pct
call,2000-10-10,2000-11-16,86.9172592163086,86.71997833251953,96.93945284955909,98.67779803388527,1.7383451843261781,0.02,13.497061065078062,12.242925544181027,10.972482595748506,0.7882580435185249,0.4821849049139959,1.2704429484325208,162.86203583686932,0.0,10.972482595748506,148.09626763032384,1.0,0.06737286894005849,True,0.0,False,True,FILTERED (IV rank top-tercile),2pct
put,2000-11-17,2000-12-22,86.25640106201172,82.90974426269531,78.73853411238457,77.01340609114433,1.7251280212402378,0.02,13.923447645565194,15.376834431319342,14.141041391762407,0.8101069501699587,0.4256860893869757,1.2357930395569343,158.37176073226138,0.0,14.141041391762407,196.89204947197425,1.0,0.0892901697018374,True,0.0,False,True,FILTERED (IV rank top-tercile),2pct
call,2000-11-17,2000-12-22,86.25640106201172,82.90974426269531,95.8753016433681,97.60042966460834,1.7251280212402378,0.02,13.644778753953656,12.123533993409819,10.906596640282709,0.7600128514811788,0.45692450164593057,1.2169373531271095,161.60620548374106,0.0,10.906596640282709,148.81809811527182,1.0,0.06748872425805458,True,0.0,False,True,FILTERED (IV rank top-tercile),2pct
put,2000-12-26,2001-02-01,83.8001708984375,87.33741760253906,75.18514710430475,73.509143686336,1.6760034179687437,0.02,14.437652803768929,15.879106929966902,14.390179999249938,0.9429523019830688,0.5459746287338946,1.4889269307169632,153.21016179762444,0.0,14.390179999249938,207.76042261291042,1.0,0.09392444881206999,True,0.0,False,True,FILTERED (IV rank top-tercile),2pct
call,2000-12-26,2001-02-01,83.8001708984375,87.33741760253906,95.05036232055961,96.72636573852836,1.6760034179687437,0.02,14.074303734553235,11.885571411561902,10.43483195976699,0.8739393685419816,0.5768000832529291,1.4507394517949108,157.16550983710738,0.0,10.43483195976699,146.862994420784,1.0,0.06639390519320726,True,0.0,False,True,FILTERED (IV rank top-tercile),2pct
put,2001-02-22,2001-03-30,79.66301727294922,74.0871353149414,72.10132668882522,70.50806634336624,1.5932603454589866,0.02,15.20513623436481,14.658208601153877,13.38274563483162,0.8209590906755548,0.4545038756467029,1.2754629663222579,145.94328891106704,0.0,13.38274563483162,203.48647056746574,1.0,0.09169825988358134,True,0.0,False,True,FILTERED (IV rank top-tercile),2pct
call,2001-02-22,2001-03-30,79.66301727294922,74.0871353149414,89.43195492366975,91.02521526912874,1.5932603454589866,0.02,14.862193995991326,11.264694431898725,10.015132603522172,0.7655895945870128,0.4839722337895397,1.2495618283765526,149.3109019423765,0.0,10.015132603522172,148.8468436491242,1.0,0.06707569556700763,True,0.0,False,True,FILTERED (IV rank top-tercile),2pct
put,2001-04-02,2001-05-09,72.50624084472656,79.77590942382812,64.4458685131831,62.99574369628857,1.4501248168945295,0.02,16.826246807392952,14.136381111706875,12.711185853814086,0.8893023928427335,0.5358928650500555,1.425195257892789,132.30129583563888,0.0,12.711185853814086,213.88155039091774,1.0,0.09607756124781651,True,0.0,False,True,FILTERED (IV rank top-tercile),2pct
call,2001-04-02,2001-05-09,72.50624084472656,79.77590942382812,83.13925853359859,84.58938335049312,1.4501248168945295,0.02,16.356180157344262,10.28933972919397,8.908927237664324,0.8188229923797474,0.5615894991498976,1.3804124915296452,136.10355445178863,0.0,8.908927237664324,145.71601890790905,1.0,0.06545697703155941,True,0.0,False,True,FILTERED (IV rank top-tercile),2pct
put,2001-09-05,2001-10-12,72.39415740966797,69.98150634765625,65.54198271193438,64.09409956374103,1.4478831481933554,0.02,16.83831158037154,13.311325842169897,12.15469550457361,0.7447067418252684,0.4119235957710188,1.1566303375962872,132.63361931476192,0.0,12.15469550457361,204.66455007055168,1.0,0.09164113568919861,True,0.0,False,True,FILTERED (IV rank top-tercile),2pct
call,2001-09-05,2001-10-12,72.39415740966797,69.98150634765625,81.26552871091572,82.71341185910907,1.4478831481933554,0.02,16.459435583602346,10.23488911416992,9.10163244735378,0.6945644473351942,0.43869221948094617,1.1332566668161403,135.68668237198176,0.0,9.10163244735378,149.8077329728445,1.0,0.06707830339901652,True,0.0,False,True,FILTERED (IV rank top-tercile),2pct
put,2001-10-15,2001-11-21,69.85372161865234,72.8830337524414,61.14264102127217,59.74556658889912,1.3970744323730457,0.02,17.628119262906324,14.208509848952477,12.614154367313175,0.9747841139315594,0.6195713677077441,1.5943554816393035,127.09328886999141,0.0,12.614154367313175,222.3638175877073,1.0,0.0992511444110686,True,0.0,False,True,FILTERED (IV rank top-tercile),2pct
call,2001-10-15,2001-11-21,69.85372161865234,72.8830337524414,81.56165690702618,82.95873133939922,1.3970744323730457,0.02,17.055394643288565,9.87513017333681,8.346328436197648,0.8878399957362948,0.6409617414028679,1.5288017371391627,131.36111480110694,0.0,8.346328436197648,142.3499253018524,1.0,0.06353728383650499,True,0.0,False,True,FILTERED (IV rank top-tercile),2pct
put,2002-02-07,2002-03-15,69.27311706542969,75.02179718017578,63.08876492238216,61.703302581073565,1.385462341308596,0.02,17.683479907607232,12.463527637410543,11.438337929611034,0.6683889493673878,0.35680075843212145,1.0251897077995094,127.10789620124856,0.0,11.438337929611034,202.26961895469842,1.0,0.08998920028934188,True,0.0,False,True,FILTERED (IV rank top-tercile),2pct
call,2002-02-07,2002-03-15,69.27311706542969,75.02179718017578,77.22062464484229,78.60608698615088,1.385462341308596,0.02,17.31692511526043,9.755893251341785,8.747790491912136,0.6260000453565978,0.3821027140730515,1.0081027594296494,129.79844363894745,0.0,8.747790491912136,151.48483287242968,1.0,0.06739518785175376,True,0.0,False,True,FILTERED (IV rank top-tercile),2pct
put,2002-04-30,2002-06-06,69.36864471435547,66.538818359375,63.88155575133689,62.49418285704978,1.387372894287111,0.02,17.659675523314075,11.938518645769758,11.057422681849948,0.5897794650320282,0.29131649888778227,0.8810959639198104,127.67986674686117,0.0,11.057422681849948,195.2704966856034,1.0,0.08660271163794725,True,0.0,False,True,FILTERED (IV rank top-tercile),2pct
call,2002-04-30,2002-06-06,69.36864471435547,66.538818359375,76.38824106666407,77.77561396095118,1.387372894287111,0.02,17.350241094878108,9.652140677292032,8.78030466524447,0.5565697644899309,0.3152662475576301,0.871836012047561,129.95698476346664,0.0,8.78030466524447,152.34040282847457,1.0,0.06756316085068773,True,0.0,False,True,FILTERED (IV rank top-tercile),2pct
put,2002-06-07,2002-07-12,66.46163940429688,59.27879333496094,60.96446617280494,59.635233384719,1.329232788085939,0.02,18.50950111180336,11.620411576177325,10.72996727965503,0.590477292963365,0.2999670035589305,0.8904442965222956,122.19331152893886,132.9232788085939,-122.19331152893886,-2261.737235599828,-11.388041393250866,-1.0,False,122.19331152893886,True,False,FILTERED (IV rank top-tercile),2pct
call,2002-06-07,2002-07-12,66.46163940429688,59.27879333496094,73.4708611350493,74.80009392313524,1.3292327880859318,0.02,18.16529714860028,9.293889628100604,8.414595185209366,0.555820841796878,0.3234736010943595,0.8792944428912375,124.5086836233838,0.0,8.414595185209366,152.85362192450935,1.0,0.06758239618581136,True,0.0,False,True,FILTERED (IV rank top-tercile),2pct
put,2002-07-15,2002-08-21,59.59501266479492,61.795780181884766,52.217657415288336,51.02575716199244,1.1919002532958984,0.02,20.466481941166638,12.08872374433847,10.741510841036686,0.8247154984551253,0.5224974048466585,1.347212903301784,108.44851448855314,0.0,10.741510841036686,219.840937648923,1.0,0.09904709983068015,True,0.0,False,True,FILTERED (IV rank top-tercile),2pct
call,2002-07-15,2002-08-21,59.59501266479492,61.795780181884766,69.49713094594703,70.68903119924293,1.1919002532958984,0.02,19.807879918189933,8.42837036068671,7.135652398539305,0.7517136105822886,0.5410043515651164,1.292717962147405,112.05437293105054,0.0,7.135652398539305,141.34214584821052,1.0,0.06368026710506001,True,0.0,False,True,FILTERED (IV rank top-tercile),2pct
put,2002-08-22,2002-09-27,62.39600372314453,53.64516830444336,56.26371477765829,55.015794703195404,1.2479200744628898,0.02,19.497420738955604,11.627582591287666,10.582889491154585,0.6676913324576372,0.37700176767544447,1.0446931001330817,114.2091179551344,124.79200744628898,-114.20911795513439,-2226.783224996264,-10.791865307730268,-0.9999999999999999,False,114.20911795513439,True,False,FILTERED (IV rank top-tercile),2pct
call,2002-08-22,2002-09-27,62.39600372314453,53.64516830444336,70.34589850154275,71.59381857600565,1.2479200744628969,0.02,19.03632564363943,8.837694153093079,7.81653294129796,0.6210517828112244,0.4001094289838941,1.0211612117951185,116.97547450499172,0.0,7.81653294129796,148.7980664747827,1.0,0.06682198105522029,True,0.0,False,True,FILTERED (IV rank top-tercile),2pct
put,2002-09-30,2002-11-06,53.02280426025391,60.31596374511719,45.66451862488319,44.60406253967812,1.0604560852050753,0.02,22.713485066413607,11.230112533649894,9.837408174488388,0.8367285862513785,0.5559757729101278,1.3927043591615063,96.20820034601914,0.0,9.837408174488388,223.44182366345714,1.0,0.1022512440634738,True,0.0,False,True,FILTERED (IV rank top-tercile),2pct
call,2002-09-30,2002-11-06,53.02280426025391,60.31596374511719,63.13116985261686,64.19162593782194,1.0604560852050824,0.02,21.866080193350285,7.429798753479311,6.108925653572414,0.7533090343719406,0.5675640655349562,1.3208730999068967,99.93668286693583,0.0,6.108925653572414,133.5782582362292,1.0,0.06112796100813508,True,0.0,False,True,FILTERED (IV rank top-tercile),2pct
put,2002-11-07,2002-12-13,58.837890625,57.91732406616211,52.33339213538074,51.15663432288074,1.1767578125,0.02,20.417374161232654,11.445114612177143,10.29841204712945,0.7164152151760639,0.4302873498716303,1.1467025650476943,107.37736920287055,0.0,10.29841204712945,210.26653203278792,1.0,0.09590858971104443,True,0.0,False,True,FILTERED (IV rank top-tercile),2pct
call,2002-11-07,2002-12-13,58.837890625,57.91732406616211,67.39366972235484,68.57042753485484,1.1767578125,0.02,19.85187876914627,8.350949758016135,7.239688577945547,0.6600174620104982,0.45124371806009034,1.1112611800705885,110.43609267205446,0.0,7.239688577945547,143.72141997574795,1.0,0.06555545748475697,True,0.0,False,True,FILTERED (IV rank top-tercile),2pct
put,2002-12-20,2003-01-24,58.62542724609375,56.27359390258789,53.13873522041957,51.966226675497694,1.1725085449218753,0.02,20.47077028265566,10.728035665753755,9.807722058254187,0.5942572495717058,0.3260563579278619,0.9203136074995677,107.44313243393333,0.0,9.807722058254187,200.77162525065623,1.0,0.09128291251453363,True,0.0,False,True,FILTERED (IV rank top-tercile),2pct
call,2002-12-20,2003-01-24,58.62542724609375,56.27359390258789,65.68706848579757,66.85957703071944,1.1725085449218682,0.02,20.01861614623629,8.283433781925753,7.380938088523839,0.5547907689750303,0.3477049244268837,0.902495693401914,109.86991640366297,0.0,7.380938088523839,147.75616639329374,1.0,0.06717888144563806,True,0.0,False,True,FILTERED (IV rank top-tercile),2pct
put,2003-01-27,2003-03-05,55.5048942565918,54.36484146118164,48.69552630160765,47.585428416475814,1.110097885131836,0.02,21.839529119709386,11.22138933088408,9.981317329449665,0.76030336735326,0.4797686340811541,1.240072001434414,101.02847118373393,0.0,9.981317329449665,217.9872704695759,1.0,0.09879707385947957,True,0.0,False,True,FILTERED (IV rank top-tercile),2pct
call,2003-01-27,2003-03-05,55.5048942565918,54.36484146118164,64.62991191376788,65.74000979889972,1.110097885131836,0.02,21.14496210546031,7.853660035815846,6.662747013066148,0.6936272618225492,0.49728576092714916,1.1909130227496982,104.34704150011744,0.0,6.662747013066148,140.88353310955256,1.0,0.06385180564087817,True,0.0,False,True,FILTERED (IV rank top-tercile),2pct
put,2003-03-07,2003-04-11,54.28012847900391,57.00418472290039,48.412807954625556,47.32720538504548,1.0856025695800753,0.02,22.333102456283257,10.469355414903925,9.443188080473139,0.6439506099016945,0.3822167245290914,1.0261673344307858,99.1170688775344,0.0,9.443188080473139,210.89568691515942,1.0,0.09527307644802141,True,0.0,False,True,FILTERED (IV rank top-tercile),2pct
call,2003-03-07,2003-04-11,54.28012847900391,57.00418472290039,61.95726210294981,63.04286467252989,1.0856025695800753,0.02,21.73353336221475,7.705107395612165,6.708817639956166,0.5944587202731527,0.40183103538284637,0.9962897556559991,101.85143931805136,0.0,6.708817639956166,145.80631199900216,1.0,0.06586865816403978,True,0.0,False,True,FILTERED (IV rank top-tercile),2pct
put,2004-03-12,2004-04-16,74.53794860839844,75.62980651855469,69.72828070024929,68.23752172808132,1.490758972167967,0.02,16.097151734667612,11.845982566370594,11.118218057689285,0.511957036420288,0.21580747226102176,0.7277645086813098,137.9576791591074,0.0,11.118218057689285,178.97164309374585,1.0,0.08059151274113982,True,0.0,False,True,FILTERED (IV rank top-tercile),2pct
call,2004-03-12,2004-04-16,74.53794860839844,75.62980651855469,80.62849897168783,82.1192579438558,1.490758972167967,0.02,15.888785941217327,10.034991284717076,9.309038842430455,0.48841361220227364,0.23753883008434673,0.7259524422866204,139.76685837436625,0.0,9.309038842430455,147.90932548585502,1.0,0.06660405013537721,True,0.0,False,True,FILTERED (IV rank top-tercile),2pct
put,2004-05-11,2004-06-17,72.91901397705078,75.62980651855469,68.0258664244089,66.56748614486789,1.458380279541018,0.02,16.522051057588346,11.784107497684104,11.032530380276869,0.5230899024246699,0.2284872149825659,0.7515771174072359,134.8054975738249,0.0,11.032530380276869,182.280030237329,1.0,0.0818403594722464,True,0.0,False,True,FILTERED (IV rank top-tercile),2pct
call,2004-05-11,2004-06-17,72.91901397705078,75.62980651855469,79.15672987943755,80.61511015897857,1.458380279541018,0.02,16.294102631924005,9.895303142219003,9.14665168925609,0.49801701575919455,0.25063443720371725,0.7486514529629118,136.6913762648457,0.0,9.14665168925609,149.0364813631998,1.0,0.06691462138426378,True,0.0,False,True,FILTERED (IV rank top-tercile),2pct
put,2004-08-06,2004-09-10,71.25135040283203,75.39240264892578,66.39168681396056,64.96665980590392,1.4250270080566452,0.02,16.96526721557815,11.574835031959863,10.828403218467912,0.5179013446454744,0.22853046884647593,0.7464318134919503,131.6742975871966,0.0,10.828403218467912,183.70675411933462,1.0,0.08223627098748856,True,0.0,False,True,FILTERED (IV rank top-tercile),2pct
call,2004-08-06,2004-09-10,71.25135040283203,75.39240264892578,77.40663293092341,78.83165993898005,1.4250270080566452,0.02,16.72665075867684,9.693183142091888,8.949984471730623,0.4927641244567821,0.2504345459044835,0.7431986703612656,133.5527163339339,0.0,8.949984471730623,149.70326455421898,1.0,0.06701461952561243,True,0.0,False,True,FILTERED (IV rank top-tercile),2pct
put,2005-04-18,2005-05-25,77.56440734863281,80.89053344726562,72.92931822892716,71.3780300819545,1.5512881469726523,0.02,15.57531325377057,11.966203563876388,11.275666586654268,0.4948460331595156,0.19569094406260423,0.6905369772221198,143.85314811061096,0.0,11.275666586654268,175.62203923221418,1.0,0.07838317572295483,True,0.0,False,True,FILTERED (IV rank top-tercile),2pct
call,2005-04-18,2005-05-25,77.56440734863281,80.89053344726562,83.48189388490846,85.03318203188111,1.5512881469726523,0.02,15.394959173079817,10.280668059101306,9.590407016279594,0.4736388721496232,0.2166221706720886,0.6902610428217117,145.5384076809856,0.0,9.590407016279594,147.64392446884256,1.0,0.06589605568106381,True,0.0,False,True,FILTERED (IV rank top-tercile),2pct
put,2005-08-25,2005-09-30,82.69975280761719,84.04220581054688,78.67492992875769,77.02093487260535,1.6539950561523398,0.02,14.56341080449382,11.674758515012096,11.107135935977276,0.4297457709550617,0.13787680807975794,0.5676225790348197,154.2923696792567,0.0,11.107135935977276,161.75778349699303,1.0,0.07198759056631779,True,0.0,False,True,FILTERED (IV rank top-tercile),2pct
call,2005-08-25,2005-09-30,82.69975280761719,84.04220581054688,87.86879106682936,89.5227861229817,1.6539950561523398,0.02,14.442174743386706,10.381623591725475,9.811915549078035,0.4146243162202884,0.15508372642715207,0.5697080426474405,155.58759006615594,0.0,9.811915549078035,141.7053989271381,1.0,0.06306361288137442,True,0.0,False,True,FILTERED (IV rank top-tercile),2pct
put,2005-10-06,2005-11-11,81.41929626464844,84.53400421142578,77.0877049031432,75.45931897785023,1.6283859252929744,0.02,14.870913912489774,11.953236375806808,11.328575018268879,0.4617461334665507,0.1629152240713791,0.6246613575379298,151.51001751102856,0.0,11.328575018268879,168.46626384785876,1.0,0.07477112869744247,True,0.0,False,True,FILTERED (IV rank top-tercile),2pct
call,2005-10-06,2005-11-11,81.41929626464844,84.53400421142578,86.95275035376206,88.58113627905503,1.6283859252929744,0.02,14.727856835936246,10.482970711931028,9.85690263476124,0.4440711724840313,0.18199690468575502,0.6260680771697863,152.9816898945362,0.0,9.85690263476124,145.17105085052634,1.0,0.06443191104475623,True,0.0,False,True,FILTERED (IV rank top-tercile),2pct
put,2006-01-23,2006-03-01,86.80864715576172,88.83435821533203,82.46822139997512,80.73204845685989,1.7361729431152355,0.02,13.962206709381062,12.41529338505325,11.79723100718591,0.46422235624683506,0.15384002162050353,0.6180623778673386,161.82006330433765,0.0,11.79723100718591,164.71537792064942,1.0,0.07290338890177459,True,0.0,False,True,FILTERED (IV rank top-tercile),2pct
call,2006-01-23,2006-03-01,86.80864715576172,88.83435821533203,92.39656206785384,94.13273501096907,1.7361729431152355,0.02,13.84025043659765,10.991394130794196,10.371319541741048,0.4474297211615019,0.17264486789164563,0.6200745890531476,163.24597476978252,0.0,10.371319541741048,143.54165981567527,1.0,0.063531854652877,True,0.0,False,True,FILTERED (IV rank top-tercile),2pct
put,2006-04-12,2006-05-19,88.84979248046875,87.62267303466797,84.79780544038208,83.0208095907727,1.7769958496093778,0.02,13.641728591482382,12.1903696271215,11.626033567343203,0.43454765022816755,0.12978840955012935,0.5643360597782969,166.07355139359458,0.0,11.626033567343203,158.5991945211597,1.0,0.0700053287822423,True,0.0,False,True,FILTERED (IV rank top-tercile),2pct
call,2006-04-12,2006-05-19,88.84979248046875,87.62267303466797,94.10381071880877,95.88080656841815,1.7769958496093778,0.02,13.539389678284259,10.937563349093082,10.370749011361156,0.4201267107296264,0.1466876270022996,0.5668143377319259,167.32883594957664,0.0,10.370749011361156,140.41361212049992,1.0,0.06197825349413359,True,0.0,False,True,FILTERED (IV rank top-tercile),2pct
put,2006-05-22,2006-06-28,86.95393371582031,86.38272094726562,81.38809206706235,79.64901339274594,1.7390786743164028,0.02,14.112283414413044,13.792315302718539,12.948049394827782,0.5945368952293612,0.24972901266139685,0.844265907890758,160.9598180368125,0.0,12.948049394827782,182.72654272362897,1.0,0.08044274374034446,True,0.0,False,True,FILTERED (IV rank top-tercile),2pct
call,2006-05-22,2006-06-28,86.95393371582031,86.38272094726562,94.05072585776364,95.78980453208004,1.7390786743164028,0.02,13.930858863425799,11.694109990464163,10.851835299156734,0.567313720534518,0.27496097077291115,0.8422746913074292,163.05603213248355,0.0,10.851835299156734,151.17538596169456,1.0,0.06655279879703918,True,0.0,False,True,FILTERED (IV rank top-tercile),2pct
put,2006-06-29,2006-08-04,88.12765502929688,88.77165222167969,84.06743616005927,82.30488305947334,1.762553100585933,0.02,13.833559432415488,12.134703938568236,11.569668581303567,0.43420147786443763,0.13083387940023145,0.5650353572646691,164.68564147728972,0.0,11.569668581303567,160.04969793281307,1.0,0.07025304985619547,True,0.0,False,True,FILTERED (IV rank top-tercile),2pct
call,2006-06-29,2006-08-04,88.12765502929688,88.77165222167969,93.36389924069421,95.12645234128014,1.762553100585933,0.02,13.728439724609567,10.876132943362027,10.30865809073121,0.41968908810743333,0.14778576452338238,0.5674748526308158,165.9466519678621,0.0,10.30865809073121,141.52179124021217,1.0,0.06212031377847639,True,0.0,False,True,FILTERED (IV rank top-tercile),2pct
put,2006-08-07,2006-09-13,88.56388092041016,91.55525207519533,83.70667005476163,81.93539243635342,1.771277618408206,0.02,13.87300733158037,13.183482195712726,12.475643938075656,0.5187126562649441,0.18912560137212542,0.7078382576370695,164.65211790274495,0.0,12.475643938075656,173.07469981910978,1.0,0.0757697143345866,True,0.0,False,True,FILTERED (IV rank top-tercile),2pct
call,2006-08-07,2006-09-13,88.56388092041016,91.55525207519533,94.78433437855587,96.55561199696407,1.771277618408206,0.02,13.732465688677955,11.499528078010712,10.790551130853663,0.49823257455365866,0.21074437260339002,0.7089769471570486,166.33721070996694,0.0,10.790551130853663,148.18087316637303,1.0,0.06487154067810211,True,0.0,False,True,FILTERED (IV rank top-tercile),2pct
put,2007-02-28,2007-04-05,98.56175231933594,101.27680206298828,93.1519751339211,91.18074008753437,1.9712350463867239,0.02,12.500426932200908,14.664544628934717,13.878151283255447,0.5765034807013208,0.20988986497795098,0.7863933456792718,183.24535335541694,0.0,13.878151283255447,173.48281607036498,1.0,0.07573535169722868,True,0.0,False,True,FILTERED (IV rank top-tercile),2pct
call,2007-02-28,2007-04-05,98.56175231933594,101.27680206298828,105.46257612399585,107.43381117038257,1.9712350463867239,0.02,12.374051526915892,12.794360441404784,12.00667808415696,0.5537706841414719,0.23391167310635175,0.7876823572478237,185.11682655451543,0.0,12.00667808415696,148.57125328045,1.0,0.0648600038561113,True,0.0,False,True,FILTERED (IV rank top-tercile),2pct
put,2007-04-12,2007-05-18,101.57168579101562,107.16072082519533,97.01300265963981,94.9815689438195,2.031433715820313,0.02,12.092683890707555,13.817137032740456,13.18667938428819,0.4879430371353882,0.14251461131687543,0.6304576484522637,189.9566921977431,0.0,13.18667938428819,159.46234536230722,1.0,0.06941939887309147,True,0.0,False,True,FILTERED (IV rank top-tercile),2pct
call,2007-04-12,2007-05-18,101.57168579101562,107.16072082519533,107.46386298166243,109.49529669748274,2.031433715820313,0.02,12.00476580415659,12.428848375963053,11.795512811109912,0.4720283871261083,0.1613071777270325,0.6333355648531408,191.3478587709214,0.0,11.795512811109912,141.60236883730323,1.0,0.06164434181221391,True,0.0,False,True,FILTERED (IV rank top-tercile),2pct
put,2007-05-25,2007-06-29,106.50772094726562,106.07828521728516,101.53933898627041,99.4091845673251,2.1301544189453097,0.02,11.574960698841661,14.73348912361141,14.04219387424073,0.5298162387304822,0.16147901064019754,0.6912952493706798,198.97324802029024,0.0,14.04219387424073,162.53784221985157,1.0,0.07057327562350886,True,0.0,False,True,FILTERED (IV rank top-tercile),2pct
call,2007-05-25,2007-06-29,106.50772094726562,106.07828521728516,112.87999015547086,115.01014457441617,2.1301544189453097,0.02,11.485527232159269,13.187073856879472,12.492864271183,0.5119432160592297,0.18226636963724202,0.6942095856964716,200.52257762334796,0.0,12.492864271183,143.4871327943419,1.0,0.06230153441698222,True,0.0,False,True,FILTERED (IV rank top-tercile),2pct
put,2007-07-02,2007-08-08,107.03727722167967,105.65518188476562,101.09942684451617,98.95868130008257,2.1407455444335994,0.02,11.608140749534327,16.01062082101743,15.142781019725792,0.6340526609085378,0.23378714038310017,0.867839801291638,198.93177342363416,0.0,15.142781019725792,175.77953341635393,1.0,0.07612047466886328,True,0.0,False,True,FILTERED (IV rank top-tercile),2pct
call,2007-07-02,2007-08-08,107.03727722167967,105.65518188476562,114.63775914983124,116.77850469426484,2.1407455444335994,0.02,11.488405754230751,13.93849243761851,13.069465063955443,0.6087448423017644,0.26028253136130136,0.8690273736630658,201.00508937940452,0.0,13.069465063955443,150.1473176454635,1.0,0.0650205679085386,True,0.0,False,True,FILTERED (IV rank top-tercile),2pct
put,2007-08-09,2007-09-14,102.52424621582033,104.99937438964844,92.89034697519885,90.83986205088245,2.0504849243164074,0.02,12.32609207688396,18.79528018511012,17.17495165060551,1.0451052695661822,0.5752232649384265,1.6203285345046088,187.87354078103522,0.0,17.17495165060551,211.70003546139367,1.0,0.09141761835756718,True,0.0,False,True,FILTERED (IV rank top-tercile),2pct
call,2007-08-09,2007-09-14,102.52424621582033,104.99937438964844,114.95853153532704,117.00901645964345,2.0504849243164074,0.02,12.05190267725792,14.489127949354241,12.900694321132084,0.9753309134780064,0.6131027147441515,1.5884336282221578,192.14779811050866,0.0,12.900694321132084,155.4779124273378,1.0,0.06713943354017825,True,0.0,False,True,FILTERED (IV rank top-tercile),2pct
put,2007-09-17,2007-10-24,104.43524932861328,107.3254165649414,94.5035055065045,92.41480051993223,2.0887049865722673,0.02,12.14286022782863,19.23594315310062,17.55724314341937,1.0797992942543855,0.5989007154268644,1.6787000096812499,191.31325551380735,0.0,17.55724314341937,213.19514947654397,1.0,0.09177222506755282,True,0.0,False,True,FILTERED (IV rank top-tercile),2pct
call,2007-09-17,2007-10-24,104.43524932861328,107.3254165649414,117.2993045943157,119.38800958088797,2.0887049865722673,0.02,11.867865902779233,14.768542103576277,13.124259150846473,1.006748252659606,0.637534700070197,1.644282952729803,195.74623950638025,0.0,13.124259150846473,155.7569476755692,1.0,0.06704731178459597,True,0.0,False,True,FILTERED (IV rank top-tercile),2pct
put,2007-10-25,2007-11-30,107.58051300048828,105.32744598388672,99.45285178317977,97.30124152317,2.151610260009761,0.02,11.754693090870635,18.18875688132362,16.902411729877432,0.8705320367396407,0.415813114706548,1.2863451514461888,198.25861427109868,0.0,16.902411729877432,198.68266238024103,1.0,0.08525436229855358,True,0.0,False,True,FILTERED (IV rank top-tercile),2pct
call,2007-10-25,2007-11-30,107.58051300048828,105.32744598388672,117.93013568889792,120.08174594890768,2.151610260009761,0.02,11.562230830625657,14.877801373172606,13.60224400492742,0.8237512012872539,0.45180616695793263,1.2755573682451864,201.5587819960487,0.0,13.60224400492742,157.2722849994648,1.0,0.06748524609160454,True,0.0,False,True,FILTERED (IV rank top-tercile),2pct
put,2007-12-03,2008-01-09,104.6331024169922,99.98174285888672,95.72805565403497,93.63539360569513,2.0926620483398466,0.02,12.16093233978241,18.504136644413016,17.045066107750372,0.9608369763864866,0.49823356027615673,1.4590705366626433,192.2211387262343,0.0,17.045066107750372,207.2838956634706,1.0,0.08867425414655535,True,0.0,False,True,FILTERED (IV rank top-tercile),2pct
call,2007-12-03,2008-01-09,104.6331024169922,99.98174285888672,116.06872679512273,118.16138884346257,2.0926620483398466,0.02,11.924676419432387,14.675161392642178,13.236712703167406,0.9026638621454142,0.5357848273293581,1.4384486894747721,196.02949213081726,0.0,13.236712703167406,157.8435158422615,1.0,0.06752408813228006,True,0.0,False,True,FILTERED (IV rank top-tercile),2pct
put,2008-01-10,2008-02-15,100.6369857788086,96.2565460205078,92.23034724459059,90.21760752901442,2.012739715576174,0.02,12.67686689577284,17.667875145367695,16.299968924703926,0.9048015496489814,0.46310467101478847,1.36790622066377,184.97400263291348,0.0,16.299968924703926,206.6325364637052,1.0,0.08812032335728663,True,0.0,False,True,FILTERED (IV rank top-tercile),2pct
call,2008-01-10,2008-02-15,100.6369857788086,96.2565460205078,111.39148299388013,113.4042227094563,2.012739715576174,0.02,12.4373776675356,14.088176809386432,12.738182644776058,0.8510992924225191,0.498894872187855,1.3499941646103741,188.53578891284135,0.0,12.738182644776058,158.4295883511273,1.0,0.06756373799493752,True,0.0,False,True,FILTERED (IV rank top-tercile),2pct
put,2008-02-19,2008-03-27,96.52718353271484,95.04377746582033,87.64467903416806,85.71413536351376,1.930543670654302,0.02,13.291118692552999,17.56711313082384,16.07964375865489,0.9633236002197731,0.5241457719491777,1.4874693721689507,176.9747233067753,0.0,16.07964375865489,213.71645373025115,1.0,0.09085842010772222,True,0.0,False,True,FILTERED (IV rank top-tercile),2pct
call,2008-02-19,2008-03-27,96.52718353271484,95.04377746582033,107.99877646648707,109.92932013714137,1.930543670654302,0.02,13.003385685209512,13.623578871984865,12.16362753076127,0.9002704065116107,0.5596809347119841,1.459951341223595,180.8907395346689,0.0,12.16362753076127,158.16834011372143,1.0,0.06724295318849105,True,0.0,False,True,FILTERED (IV rank top-tercile),2pct
put,2008-03-28,2008-05-02,94.1347198486328,101.29269409179688,85.64250530724864,83.75981091027599,1.8826943969726528,0.02,13.66447619055201,16.995557579826848,15.585926913916342,0.9172598027030909,0.4923708632074142,1.4096306659105051,172.68351278334896,0.0,15.585926913916342,212.97352722289364,1.0,0.090257180101905,True,0.0,False,True,FILTERED (IV rank top-tercile),2pct
call,2008-03-28,2008-05-02,94.1347198486328,101.29269409179688,105.02944159619678,106.91213599316943,1.8826943969726528,0.02,13.377568974888119,13.267805319189208,11.882403057172795,0.8585486974980738,0.5268535645183398,1.3854022620164135,176.3870366400925,0.0,11.882403057172795,158.95766648475052,1.0,0.06736551213464824,True,0.0,False,True,FILTERED (IV rank top-tercile),2pct
put,2008-06-12,2008-07-18,96.2391586303711,90.62741088867188,88.2400552751206,86.31527210251318,1.9247831726074196,0.02,13.37979232538804,16.864413077736007,15.564631664021903,0.8606958703287537,0.4390855433853508,1.2997814137141046,176.91368559672006,0.0,15.564631664021903,208.25153928577194,1.0,0.087978675089625,True,0.0,False,True,FILTERED (IV rank top-tercile),2pct
call,2008-06-12,2008-07-18,96.2391586303711,90.62741088867188,106.46930186948944,108.39408504209686,1.9247831726074196,0.02,13.128799420672582,13.465534432319792,12.182442751765421,0.809865020681183,0.47322665987318824,1.2830916805543713,180.29587450897654,0.0,12.182442751765421,159.94084734175476,1.0,0.06756917086951363,True,0.0,False,True,FILTERED (IV rank top-tercile),2pct
put,2008-09-10,2008-10-17,89.00159454345703,67.44145965576172,81.14313289627812,79.36310100540898,1.7800318908691395,0.02,14.535877678857771,15.954254512852284,14.653422874362768,0.8498440006554142,0.4509876378341021,1.3008316384895164,163.34976621255117,178.00318908691395,-163.34976621255117,-2374.432220535658,-11.147550139861417,-1.0,False,163.34976621255117,True,False,FILTERED (IV rank top-tercile),2pct
call,2008-09-10,2008-10-17,89.00159454345703,67.44145965576172,99.11807892012584,100.89811081099498,1.7800318908691395,0.02,14.238644916431516,12.52334208414263,11.243484461121717,0.7964705875622424,0.4833870354586711,1.2798576230209135,166.75970462579224,0.0,11.243484461121717,160.09198286532748,1.0,0.06742326922653184,True,0.0,False,True,FILTERED (IV rank top-tercile),2pct
put,2008-10-20,2008-11-26,71.49330139160156,64.3736572265625,58.6890975167727,57.259231488940664,1.429866027832034,0.02,18.08728000232212,16.80611295708605,14.158751636812267,1.5337570721004723,1.113604248173311,2.6473613202737836,128.82785114639114,0.0,14.158751636812267,256.0933053383601,1.0,0.10990443068652316,True,0.0,False,True,FILTERED (IV rank top-tercile),2pct
call,2008-10-20,2008-11-26,71.49330139160156,64.3736572265625,90.42487510516396,91.854741132996,1.429866027832034,0.02,17.154129442384797,9.577518183233469,7.150772488902551,1.3330918244558787,1.0936538698750387,2.4267456943309176,135.83583029430088,0.0,7.150772488902551,122.66527688767846,1.0,0.05264275613738836,True,0.0,False,True,FILTERED (IV rank top-tercile),2pct
put,2008-11-28,2009-01-02,65.18399810791016,67.80656433105469,53.346226488234066,52.04254652607586,1.3036799621582063,0.02,19.910497620773153,15.413163943412389,12.956536595255159,1.420978223371272,1.035649124785959,2.456627348157231,117.41145962056547,0.0,12.956536595255159,257.97109105328815,1.0,0.11035155032674279,True,0.0,False,True,FILTERED (IV rank top-tercile),2pct
call,2008-11-28,2009-01-02,65.18399810791016,67.80656433105469,82.72797844125238,84.03165840341057,1.3036799621581991,0.02,18.86633780005596,8.705675456795703,6.458384705533144,1.23246631884123,1.0148244324213296,2.2472907512625593,123.90961151028677,0.0,6.458384705533144,121.84606749730322,1.0,0.052121741217766464,True,0.0,False,True,FILTERED (IV rank top-tercile),2pct
put,2009-01-05,2009-02-11,67.72633361816406,60.979251861572266,58.4586701028648,57.10414343050152,1.3545266723632778,0.02,19.07820705209118,14.267155841844659,12.52094078037071,1.0514469787600345,0.6947680827139147,1.7462150614739491,122.93172645595706,0.0,12.52094078037071,238.87710069488452,1.0,0.1018528018872053,True,0.0,False,True,FILTERED (IV rank top-tercile),2pct
call,2009-01-05,2009-02-11,67.72633361816406,60.979251861572266,80.41776530338679,81.77229197575006,1.3545266723632778,0.02,18.379175937691663,9.504072714948375,7.845371971905574,0.9481512804582592,0.7105494625845421,1.6587007430428014,127.6072952644222,0.0,7.845371971905574,144.19147176828753,1.0,0.061480591338048035,True,0.0,False,True,FILTERED (IV rank top-tercile),2pct
put,2009-02-12,2009-03-20,61.02300262451172,56.3540267944336,52.35559501031865,51.13513495782842,1.2204600524902318,0.02,21.263403523666852,13.038590145147566,11.387412920278301,0.9885709892489769,0.6626062356202889,1.6511772248692658,110.65859232874489,0.0,11.387412920278301,242.13515601449507,1.0,0.10290581762009532,True,0.0,False,True,FILTERED (IV rank top-tercile),2pct
call,2009-02-12,2009-03-20,61.02300262451172,56.3540267944336,72.97392667960104,74.19438673209127,1.220460052490239,0.02,20.446794284863277,8.529976084127888,6.967902086957379,0.8876616996368547,0.6744122975336553,1.56207399717051,115.0781031620665,0.0,6.967902086957379,142.47126056908704,1.0,0.060549330372124406,True,0.0,False,True,FILTERED (IV rank top-tercile),2pct
put,2009-03-23,2009-04-29,60.40188980102539,64.19993591308594,51.34992508904631,50.1418872930258,1.2080377960205055,0.02,21.582705756874997,13.18290543413223,11.425907477433068,1.0432852962762362,0.7137126604229271,1.7569979566991634,109.3778721246175,0.0,11.425907477433068,246.60199909071574,1.0,0.10446269666331767,True,0.0,False,True,FILTERED (IV rank top-tercile),2pct
call,2009-03-23,2009-04-29,60.40188980102539,64.19993591308594,73.07197602412246,74.28001382014297,1.2080377960205055,0.02,20.694238892631954,8.38145578181706,6.729981448535471,0.9305053639135086,0.7209689693680799,1.6514743332815884,114.07379815351509,0.0,6.729981448535471,139.2718438389743,1.0,0.05899673332064023,True,0.0,False,True,FILTERED (IV rank top-tercile),2pct
put,2010-05-07,2010-06-11,83.37554168701172,82.19158935546875,71.75093954296315,70.08342870922291,1.6675108337402378,0.02,15.657081039204813,17.68380585676601,15.484835131011732,1.3205329360867157,0.8784377896675633,2.198970725754279,151.26624824301206,0.0,15.484835131011732,242.44731852497637,1.0,0.10236807821223314,True,0.0,False,True,FILTERED (IV rank top-tercile),2pct
call,2010-05-07,2010-06-11,83.37554168701172,82.19158935546875,99.30729948476441,100.97481031850465,1.6675108337402378,0.02,15.070449496063901,11.681505927032187,9.596652920181775,1.1884453275131102,0.8964076793373021,2.0848530068504125,157.154430453842,0.0,9.596652920181775,144.6258731648536,1.0,0.06106511214776359,True,0.0,False,True,FILTERED (IV rank top-tercile),2pct
put,2010-06-14,2010-07-21,82.06419372558594,80.61742401123047,73.66950297455845,72.02821910004674,1.6412838745117142,0.02,15.835043995755704,15.522038650781766,14.073270982408323,0.9184093173214947,0.5303583510519488,1.4487676683734434,150.05511646876312,0.0,14.073270982408323,222.85086517062788,1.0,0.09378734503423579,True,0.0,False,True,FILTERED (IV rank top-tercile),2pct
call,2010-06-14,2010-07-21,82.06419372558594,80.61742401123047,93.02032455484981,94.66160842936152,1.6412838745117142,0.02,15.439184689483035,11.637983029326016,10.225871297601646,0.8515306537287604,0.5605810779956089,1.4121117317243692,153.9025161535698,0.0,10.225871297601646,157.87911557455536,1.0,0.066443821408338,True,0.0,False,True,FILTERED (IV rank top-tercile),2pct
put,2010-07-22,2010-08-27,82.41693878173828,80.45933532714844,75.19546543851384,73.54712666287907,1.6483387756347696,0.02,15.755295826543318,14.726769732898148,13.535926897894157,0.7795060391632247,0.41133679584076654,1.1908428350039912,151.2979506655828,0.0,13.535926897894157,213.26253256278724,1.0,0.08946536842268879,True,0.0,False,True,FILTERED (IV rank top-tercile),2pct
call,2010-07-22,2010-08-27,82.41693878173828,80.45933532714844,91.68428751078609,93.33262628642086,1.6483387756347696,0.02,15.43707917683403,11.589340685293337,10.417103290321226,0.7309854560522244,0.4412519389198871,1.1722373949721114,154.41677427315574,0.0,10.417103290321226,160.80964828594705,1.0,0.06746095648840507,True,0.0,False,True,FILTERED (IV rank top-tercile),2pct
put,2010-08-31,2010-10-07,79.292236328125,87.72550201416016,71.86935320153955,70.28350847497705,1.5858447265624989,0.02,16.455768089862307,14.521248386824848,13.272178435470314,0.8060505805125795,0.4430193708419544,1.2490699513545338,145.3122942207796,0.0,13.272178435470314,218.40389038137104,1.0,0.09133555083305814,True,0.0,False,True,FILTERED (IV rank top-tercile),2pct
call,2010-08-31,2010-10-07,79.292236328125,87.72550201416016,88.8929451511346,90.4787898776971,1.5858447265624989,0.02,16.091035415292133,11.203083147017878,9.978410175616464,0.752375025038432,0.4722979463629817,1.2246729714014137,148.60606248063343,0.0,9.978410175616464,160.56295152415592,1.0,0.06714672341794176,True,0.0,False,True,FILTERED (IV rank top-tercile),2pct
put,2011-03-16,2011-04-21,96.01708984375,102.2425765991211,86.04745584662015,84.12711404974516,1.9203417968749932,0.02,13.668011866376302,18.25474022340039,16.529155650885297,1.0909765390500537,0.6346080334650395,1.7255845725150931,175.505024036614,0.0,16.529155650885297,225.92069557748115,1.0,0.09418052697703384,True,0.0,False,True,FILTERED (IV rank top-tercile),2pct
call,2011-03-16,2011-04-21,96.01708984375,102.2425765991211,109.02261524900806,110.94295704588305,1.9203417968749932,0.02,13.319870936893448,13.62224709691171,11.94198791581506,1.0104076792597227,0.6698515018369267,1.6802591810966494,180.09219177168424,0.0,11.94198791581506,159.06573776859778,1.0,0.06631041467336225,True,0.0,False,True,FILTERED (IV rank top-tercile),2pct
put,2011-06-17,2011-07-22,97.58047485351562,103.3639144897461,90.0684841207306,88.1168746236603,1.951609497070308,0.02,13.388381752798928,16.607975056533153,15.415217605768813,0.803978413588835,0.38877903717550455,1.1927574507643395,179.74573210126198,0.0,15.415217605768813,206.38481810849996,1.0,0.08576124409498892,True,0.0,False,True,FILTERED (IV rank top-tercile),2pct
call,2011-06-17,2011-07-22,97.58047485351562,103.3639144897461,107.12460469991144,109.07621419698175,1.951609497070308,0.02,13.163624055573289,13.52807221752732,12.34621193813037,0.7600310424175694,0.4218292369793819,1.1818602793969513,182.81473776890041,0.0,12.34621193813037,162.52089246397907,1.0,0.06753400786394723,True,0.0,False,True,FILTERED (IV rank top-tercile),2pct
put,2011-07-28,2011-09-02,100.0151824951172,90.5144500732422,91.55974305068204,89.5594394007797,2.0003036499023494,0.02,13.1350646538518,17.636871424641054,16.256424196452162,0.9106845069024594,0.46976272128643193,1.3804472281888913,183.77394079378277,104.52929774398427,-88.27287354753211,-1159.4699012281185,-5.430030151821271,-0.4803340080005427,False,88.27287354753211,False,False,FILTERED (IV rank top-tercile),2pct
call,2011-07-28,2011-09-02,100.0151824951172,90.5144500732422,110.83999717852761,112.84030082842996,2.0003036499023494,0.02,12.882705486396356,14.01799846484506,12.65647861454803,0.8559849059590785,0.5055349443379514,1.36151985029703,187.3738863756869,0.0,12.65647861454803,163.04968648609605,1.0,0.06754665156046151,True,0.0,False,True,FILTERED (IV rank top-tercile),2pct
put,2011-09-06,2011-10-13,89.85393524169922,93.03630828857422,78.15665972050364,76.35958101566966,1.7970787048339787,0.02,14.65948541247373,18.57332916998846,16.403762435538443,1.3169499818498687,0.8526167526001494,2.169566734450018,163.30410804785942,0.0,16.403762435538443,240.47071613346034,1.0,0.10044917198733913,True,0.0,False,True,FILTERED (IV rank top-tercile),2pct
call,2011-09-06,2011-10-13,89.85393524169922,93.03630828857422,105.70544147051136,107.50252017534534,1.7970787048339787,0.02,14.155865236134606,12.665550446021179,10.593927266860081,1.1941309701558156,0.8774922090052817,2.0716231791610973,169.1139432165378,0.0,10.593927266860081,149.96620671108312,1.0,0.06264372449346384,True,0.0,False,True,FILTERED (IV rank top-tercile),2pct
put,2011-10-14,2011-11-18,94.62667083740234,94.1711883544922,85.28582957570474,83.39329615895669,1.8925334167480514,0.02,13.867968887310417,17.65650423983125,16.0655484443775,1.016184200724768,0.5747715947289816,1.5909557954537497,173.18779323042764,0.0,16.0655484443775,222.79652598420546,1.0,0.0927637459009722,True,0.0,False,True,FILTERED (IV rank top-tercile),2pct
call,2011-10-14,2011-11-18,94.62667083740234,94.1711883544922,106.71351310869821,108.60604652544626,1.8925334167480514,0.02,13.538517616319453,13.40591956431556,11.851132936204872,0.9449673086092902,0.6098193195013979,1.5547866281106881,177.40220873860025,0.0,11.851132936204872,160.44677203015334,1.0,0.06680375075638069,True,0.0,False,True,FILTERED (IV rank top-tercile),2pct
put,2011-11-21,2011-12-28,92.38011169433594,96.98262786865234,81.5878780210642,79.74027578717748,1.8476022338867182,0.02,14.311598068924777,18.341887643187427,16.40531413688992,1.1975603486885977,0.7390131576089087,1.9365735062975065,168.3549092517819,0.0,16.40531413688992,234.78626212161814,1.0,0.09744482183382654,True,0.0,False,True,FILTERED (IV rank top-tercile),2pct
call,2011-11-21,2011-12-28,92.38011169433594,96.98262786865234,106.72389351298425,108.57149574687097,1.8476022338867182,0.02,13.884702505135271,13.09708805463572,11.22911652839315,1.0976993638042332,0.7702721624383346,1.8679715262425678,173.53110686027867,0.0,11.22911652839315,155.91294239223626,1.0,0.0647095309398012,True,0.0,False,True,FILTERED (IV rank top-tercile),2pct
put,2012-12-27,2013-02-01,112.41919708251952,120.10657501220705,104.60384100862639,102.355457066976,2.2483839416503884,0.02,11.641615032993055,18.40962904984993,17.200384199800123,0.8347427881480296,0.37450206190177693,1.2092448500498065,207.63800996523872,0.0,17.200384199800123,200.24025127364933,1.0,0.08283832137805447,True,0.0,False,True,FILTERED (IV rank top-tercile),2pct
call,2012-12-27,2013-02-01,112.41919708251952,120.10657501220705,122.35231993168816,124.60070387333855,2.2483839416503884,0.02,11.472775995269025,15.347781062149934,14.1446806968362,0.7933974459337412,0.40970291937999226,1.2031003653137335,210.69371346820262,0.0,14.1446806968362,162.2787531594075,1.0,0.06713385256732343,True,0.0,False,True,FILTERED (IV rank top-tercile),2pct
put,2013-02-26,2013-04-04,119.13768768310548,124.3260269165039,111.882540007096,109.49978625343388,2.382753753662115,0.02,10.978520040408,18.521964209934527,17.435758605750255,0.7746273547163174,0.3115782494679531,1.0862056041842705,220.83961676046124,0.0,17.435758605750255,191.41882527294544,1.0,0.07895213214693426,True,0.0,False,True,FILTERED (IV rank top-tercile),2pct
call,2013-02-26,2013-04-04,119.13768768310548,124.3260269165039,128.3958922628738,130.7786460165359,2.382753753662115,0.02,10.847660798963853,15.856912044572091,14.771690723682033,0.7408220610021832,0.3443992598878759,1.0852213208900592,223.50368464252946,0.0,14.771690723682033,160.23829039770357,1.0,0.06609148635427552,True,0.0,False,True,FILTERED (IV rank top-tercile),2pct
put,2013-04-19,2013-05-24,124.02288055419922,131.86404418945312,117.50107924684394,115.02062163575997,2.4804576110839776,0.02,10.531536164873883,18.100453429491203,17.1653593732653,0.6938026959815935,0.2412913602443098,0.9350940562259034,230.88040173513247,0.0,17.1653593732653,180.7776030226004,1.0,0.07434740776723663,True,0.0,False,True,FILTERED (IV rank top-tercile),2pct
call,2013-04-19,2013-05-24,124.02288055419922,131.86404418945312,132.32535089993422,134.8058085110182,2.4804576110839776,0.02,10.432445581606501,15.909824896263824,14.972386163486162,0.6675921775921301,0.26984655518553086,0.937438732777661,233.0733749449116,0.0,14.972386163486162,156.19860387736753,1.0,0.06423893834731223,True,0.0,False,True,FILTERED (IV rank top-tercile),2pct
put,2013-06-06,2013-07-12,129.8060760498047,134.32603454589844,122.10873469570092,119.51261317470482,2.5961215209960926,0.02,10.1254472489713,19.94810855264495,18.806510154274527,0.8201505560932743,0.3214478422771505,1.1415983983704248,240.80564194533474,0.0,18.806510154274527,190.42432650434984,1.0,0.07809829538189886,True,0.0,False,True,FILTERED (IV rank top-tercile),2pct
call,2013-06-06,2013-07-12,129.8060760498047,134.32603454589844,139.5992347850508,142.1953563060469,2.5961215209960926,0.02,10.009925620778157,17.168874135417322,16.027442567810517,0.7853267104961204,0.35610485711068396,1.1414315676068043,243.58470953179875,0.0,16.027442567810517,160.43350799507695,1.0,0.06579822928383859,True,0.0,False,True,FILTERED (IV rank top-tercile),2pct
put,2013-08-22,2013-09-27,133.1632537841797,136.10888671875,126.17665971924939,123.51339464356579,2.663265075683597,0.02,9.864069135038708,19.43260372457658,18.428611883897783,0.744903466896607,0.2590883737821889,1.003991840678796,247.89789568446193,0.0,18.428611883897783,181.78110168556367,1.0,0.07433952528324296,True,0.0,False,True,FILTERED (IV rank top-tercile),2pct
call,2013-08-22,2013-09-27,133.1632537841797,136.10888671875,142.09475925694295,144.75802433262655,2.663265075683597,0.02,9.771269724649128,17.080790873377882,16.074283408213276,0.7167636184995274,0.28974384666507896,1.0065074651646064,250.25222416014645,0.0,16.074283408213276,157.0661588121042,1.0,0.06423232985104937,True,0.0,False,True,FILTERED (IV rank top-tercile),2pct
put,2013-10-01,2013-11-07,136.4553680419922,140.95982360839844,128.81478510876158,126.08567774792174,2.7291073608398477,0.02,9.671329536179659,20.491123029388802,19.37176633849668,0.8158173833134219,0.3035393075787013,1.1193566908921233,253.5389697454881,0.0,19.37176633849668,187.35073595747383,1.0,0.07640547864473372,True,0.0,False,True,FILTERED (IV rank top-tercile),2pct
call,2013-10-01,2013-11-07,136.4553680419922,140.95982360839844,146.23148219321146,148.9605895540513,2.7291073608398335,0.02,9.570103081335331,17.810655242663476,16.689992604806474,0.7829645094617976,0.33769812839520574,1.1206626378570035,256.22074347917686,0.0,16.689992604806474,159.7249496547223,1.0,0.0651391155071052,True,0.0,False,True,FILTERED (IV rank top-tercile),2pct
put,2013-12-05,2014-01-10,144.1911163330078,149.18692016601562,136.45650515808612,133.57268283142596,2.8838223266601517,0.02,9.166620434271683,21.24404306321548,20.126286211555023,0.8244289641204217,0.2933278875400347,1.1177568516604564,268.2559464544601,0.0,20.126286211555023,184.4900264528407,1.0,0.07502643083057142,True,0.0,False,True,FILTERED (IV rank top-tercile),2pct
call,2013-12-05,2014-01-10,144.1911163330078,149.18692016601562,154.06782648907873,156.95164881573888,2.8838223266601517,0.02,9.07726938159067,18.60583942824201,17.485739787730925,0.7926228131085677,0.3274768274025175,1.1200996405110852,270.8964928782843,0.0,17.485739787730925,158.72277038963165,1.0,0.06454767871648819,True,0.0,False,True,FILTERED (IV rank top-tercile),2pct
put,2014-01-27,2014-03-05,144.22047424316406,152.11167907714844,135.14717132802093,132.26276184315765,2.8844094848632835,0.02,9.232239346340293,22.718196464398055,21.348144257993933,0.9690035590070367,0.40104864739708423,1.370052206404121,267.09280422833444,0.0,21.348144257993933,197.09117739000018,1.0,0.07992781505166893,True,0.0,False,True,FILTERED (IV rank top-tercile),2pct
call,2014-01-27,2014-03-05,144.22047424316406,152.11167907714844,155.79195230084696,158.67636178571024,2.8844094848632835,0.02,9.116607577656046,19.327972215422484,17.960435278235657,0.9253681212861964,0.4421688159006315,1.367536937186828,270.4805132080927,0.0,17.960435278235657,163.73824035556416,1.0,0.06640195652253104,True,0.0,False,True,FILTERED (IV rank top-tercile),2pct
put,2014-03-12,2014-04-17,151.73094177246094,151.67626953125,143.93205542686735,140.89743659141814,3.0346188354492085,0.02,8.750182100994971,21.944830681200855,20.829904446463683,0.831773500883598,0.28315273385357415,1.1149262347371722,282.6319790984572,0.0,20.829904446463683,182.26545705288208,1.0,0.07369974379016542,True,0.0,False,True,FILTERED (IV rank top-tercile),2pct
call,2014-03-12,2014-04-17,151.73094177246094,151.67626953125,161.71219044425675,164.74680927970596,3.0346188354492085,0.02,8.670544546682368,19.352088776284848,18.23397526753515,0.800957864078411,0.3171556446712881,1.118113508749699,285.22790827738567,0.0,18.23397526753515,158.0984948202681,1.0,0.06392773897076899,True,0.0,False,True,FILTERED (IV rank top-tercile),2pct
put,2014-07-18,2014-08-22,161.65899658203125,162.86911010742188,154.87862491277457,151.64544498113395,3.2331799316406205,0.02,8.185275217039889,21.26838523548411,20.34851468507303,0.7257900906490922,0.19408045976198607,0.9198705504110782,302.969478478989,0.0,20.34851468507303,166.5581929553005,1.0,0.06716357960290117,True,0.0,False,True,FILTERED (IV rank top-tercile),2pct
call,2014-07-18,2014-08-22,161.65899658203125,162.86911010742188,170.4362576332836,173.6694375649242,3.2331799316406205,0.02,8.132555381594614,19.30900802567015,18.384494730594586,0.7036192478586611,0.22089404721690326,0.9245132950755643,304.9334984334675,0.0,18.384494730594586,149.5129215591948,1.0,0.06029017744866048,True,0.0,False,True,FILTERED (IV rank top-tercile),2pct
put,2014-09-16,2014-10-23,163.92391967773438,160.13092041015625,156.4667293575837,153.188250964029,3.2784783935546784,0.02,8.113709077863106,22.464930446384113,21.42694576106149,0.7998039732411144,0.23818071208150937,1.0379846853226238,306.4208935944063,0.0,21.42694576106149,173.85200433240502,1.0,0.06992651679106204,True,0.0,False,True,FILTERED (IV rank top-tercile),2pct
call,2014-09-16,2014-10-23,163.92391967773438,160.13092041015625,173.59542561444604,176.87390400800072,3.2784783935546784,0.02,8.053094431683489,20.163121479997148,19.120553577928455,0.7733229695343125,0.2692449325343793,1.0425679020686918,308.7272857775394,0.0,19.120553577928455,153.97962354912144,1.0,0.06193347481345142,True,0.0,False,True,FILTERED (IV rank top-tercile),2pct
put,2014-10-24,2014-11-28,161.36312866210938,170.2104949951172,152.2135615223455,148.9862989491033,3.2272625732422,0.02,8.316359660942622,24.32145945869255,22.983735332458615,0.9728803063506264,0.3648438198833093,1.3377241262339357,299.74252199176135,0.0,22.983735332458615,191.14100937664048,1.0,0.07667826099458235,True,0.0,False,True,FILTERED (IV rank top-tercile),2pct
call,2014-10-24,2014-11-28,161.36312866210938,170.2104949951172,172.97530211453568,176.20256468777788,3.2272625732422,0.02,8.228143780556492,21.109165677300634,19.77012468443545,0.9333850673988509,0.40565592546633056,1.3390409928651814,302.9561326397845,0.0,19.77012468443545,162.67142846306393,1.0,0.06525738400530143,True,0.0,False,True,FILTERED (IV rank top-tercile),2pct
put,2014-12-09,2015-01-15,169.61082458496094,164.3931121826172,160.23316917853177,156.84095268683254,3.39221649169923,0.02,7.929551528971804,25.334535590086293,23.965123225834763,1.001387877001847,0.3680244872496852,1.3694123642515321,315.25652594408825,0.0,23.965123225834763,190.03267951741574,1.0,0.07601784976240286,True,0.0,False,True,FILTERED (IV rank top-tercile),2pct
call,2014-12-09,2015-01-15,169.61082458496094,164.3931121826172,181.61604560810082,185.00826209980005,3.39221649169923,0.02,7.848190011611134,22.068269484291214,20.69688567415511,0.9615452736216945,0.40983853651441193,1.3713838101361064,318.5247634957679,0.0,20.69688567415511,162.4330914193617,1.0,0.0649773205919988,True,0.0,False,True,FILTERED (IV rank top-tercile),2pct
put,2015-01-16,2015-02-20,166.5490264892578,174.48699951171875,154.24921224635946,150.9182317165743,3.3309805297851653,0.02,8.16240212225172,27.90201712483551,25.97128500136421,1.314141275796099,0.6165908476752024,1.9307321234713015,307.1267679771523,0.0,25.97128500136421,211.9880718127395,1.0,0.08456210174196296,True,0.0,False,True,FILTERED (IV rank top-tercile),2pct
call,2015-01-16,2015-02-20,166.5490264892578,174.48699951171875,182.15330625310588,185.48428678289105,3.3309805297851653,0.02,8.03336169867343,22.954402730936962,21.03788728835606,1.2451877554271629,0.6713276871537388,1.9165154425809017,312.0601656901605,0.0,21.03788728835606,169.00495796328818,1.0,0.06741612548281552,True,0.0,False,True,FILTERED (IV rank top-tercile),2pct
put,2015-03-09,2015-04-15,172.1079864501953,174.5937957763672,162.77749521832246,159.33533548931854,3.4421597290039188,0.02,7.855941922840882,25.493985885301385,24.13824472604246,0.996545403195731,0.3591957560631964,1.3557411592589275,320.07772817434943,0.0,24.13824472604246,189.62864868710977,1.0,0.07541369674085578,True,0.0,False,True,FILTERED (IV rank top-tercile),2pct
call,2015-03-09,2015-04-15,172.1079864501953,174.5937957763672,184.06379335791584,187.50595308691976,3.4421597290039188,0.02,7.777800717325372,22.280761484939404,20.922520841204907,0.9576298404289918,0.4006108033055067,1.3582406437344985,323.29345205918696,0.0,20.922520841204907,162.73119760697855,1.0,0.06471680978362196,True,0.0,False,True,FILTERED (IV rank top-tercile),2pct
put,2015-05-07,2015-06-12,173.29949951171875,174.24526977539062,163.97169517595455,160.5057051857202,3.4659899902343625,0.02,7.821745204095217,25.570083277503652,24.220914022890152,0.9942106682755469,0.35495858633795285,1.3491692546135,322.3780850005461,0.0,24.220914022890152,189.44981809734364,1.0,0.07513201160323638,True,0.0,False,True,FILTERED (IV rank top-tercile),2pct
call,2015-05-07,2015-06-12,173.29949951171875,174.24526977539062,185.20870378822727,188.67469377846163,3.4659899902343625,0.02,7.745087246753616,22.382045394752126,21.03013712128744,0.9557297041667467,0.39617856929794193,1.3519082734646886,325.5688619021488,0.0,21.03013712128744,162.88024681556314,1.0,0.06459505063972654,True,0.0,False,True,FILTERED (IV rank top-tercile),2pct
put,2015-06-16,2015-07-23,174.44444274902344,175.23460388183594,165.14941900467988,161.6605301496994,3.4888888549804733,0.02,7.790298663525544,25.649649091218674,24.304944525963304,0.9929728962679185,0.3517316689874511,1.3447045652553697,324.583940972084,0.0,24.304944525963304,189.3427768576744,1.0,0.07488030508586888,True,0.0,False,True,FILTERED (IV rank top-tercile),2pct
call,2015-06-16,2015-07-23,174.44444274902344,175.23460388183594,186.3652920690597,189.85418092404018,3.4888888549804733,0.02,7.714911195256513,22.48085627728571,21.133221491002807,0.954828096607524,0.392806689675379,1.347634786282903,327.7556640070445,0.0,21.133221491002807,163.0409270727731,1.0,0.06447858515283686,True,0.0,False,True,FILTERED (IV rank top-tercile),2pct
put,2015-07-28,2015-09-03,174.5259552001953,163.037109375,166.12020023950123,162.62968113549732,3.4905191040039085,0.02,7.785476491274957,24.547765163518775,23.361694974661884,0.8998821589724315,0.2861880298844613,1.1860701888568927,325.690215425729,308.309086450123,-284.94739147546113,-2218.4512175823247,-12.197205373347925,-0.8749031379496296,False,284.94739147546113,False,False,FILTERED (IV rank top-tercile),2pct
call,2015-07-28,2015-09-03,174.5259552001953,163.037109375,185.3766471092444,188.8671662132483,3.4905191040039085,0.02,7.721516312844853,21.854431638386806,20.66388233688817,0.8684550462291551,0.3220942552694811,1.1905493014986361,328.38802806350265,0.0,20.66388233688817,159.55650455098865,1.0,0.0629251999798612,True,0.0,False,True,FILTERED (IV rank top-tercile),2pct
put,2015-09-04,2015-10-09,160.56922912597656,168.72877502441406,144.95481026284622,141.74342568032668,3.2113845825195426,0.02,8.484925060794314,29.797363461479343,27.149341848238755,1.696477849888789,0.9515437633517976,2.6480216132405863,293.9891164037155,0.0,27.149341848238755,230.36013103219284,1.0,0.09234811880231779,True,0.0,False,True,FILTERED (IV rank top-tercile),2pct
call,2015-09-04,2015-10-09,160.56922912597656,168.72877502441406,180.74175743761322,183.95314202013276,3.2113845825195426,0.02,8.287424538328706,22.7335883114149,20.143184046089363,1.5793719865554556,1.0110322787700798,2.5904042653255352,300.9952742058649,0.0,20.143184046089363,166.9351177436323,1.0,0.06692192792473042,True,0.0,False,True,FILTERED (IV rank top-tercile),2pct
put,2015-10-12,2015-11-18,168.88796997070312,174.93043518066406,159.038177177209,155.66041777779495,3.3777593994140602,0.02,7.9837730963505225,25.795681221294675,24.337482190888835,1.0515455304691057,0.40665349993673494,1.4581990304058405,313.4384577505172,0.0,24.337482190888835,194.30493554852825,1.0,0.07764676474467713,True,0.0,False,True,FILTERED (IV rank top-tercile),2pct
call,2015-10-12,2015-11-18,168.88796997070312,174.93043518066406,181.47187880273233,184.8496382021464,3.3777593994140602,0.02,7.894731598327993,22.260853454832485,20.8023360661126,1.0075193625453505,0.4509980261745372,1.4585173887198877,316.9736038752934,0.0,20.8023360661126,164.22885986017715,1.0,0.06562797599479873,True,0.0,False,True,FILTERED (IV rank top-tercile),2pct
put,2015-11-19,2015-12-24,174.77960205078125,173.4002227783203,164.317482457655,160.82189041663938,3.4955920410156125,0.02,7.741673303892277,26.94418632908775,25.39256676792343,1.1126121096957597,0.4390074514685621,1.5516195611643218,324.1666373336378,0.0,25.39256676792343,196.58095626453502,1.0,0.07833183259321337,True,0.0,False,True,FILTERED (IV rank top-tercile),2pct
call,2015-11-19,2015-12-24,174.77960205078125,173.4002227783203,188.03896689336494,191.53455893438056,3.4955920410156125,0.02,7.652319579952489,23.158473522670064,21.607375111960316,1.0650301243882498,0.4860682863214977,1.5510984107097476,327.9518289896009,0.0,21.607375111960316,165.34653964063202,1.0,0.06588581981241357,True,0.0,False,True,FILTERED (IV rank top-tercile),2pct
put,2015-12-29,2016-02-04,174.8502655029297,161.52996826171875,164.71079572257975,161.21379041252115,3.497005310058597,0.02,7.7546873359651345,26.643345512660765,25.14447308412323,1.0824780331770256,0.41639439536050593,1.4988724285375317,324.5560579217365,318.08274608609963,-292.9382730019764,-2271.644715867924,-11.650205276599893,-0.9025814365560713,False,292.9382730019764,False,False,FILTERED (IV rank top-tercile),2pct
call,2015-12-29,2016-02-04,174.8502655029297,161.52996826171875,187.80668317549456,191.30368848555315,3.497005310058597,0.02,7.668962803576893,23.01595737320934,21.516548811738488,1.037403747900545,0.46200481357030754,1.4994085614708523,328.1839821941212,0.0,21.516548811738488,165.00961249856906,1.0,0.06556245880096435,True,0.0,False,True,FILTERED (IV rank top-tercile),2pct
put,2016-02-05,2016-03-11,158.45274353027344,170.9384765625,145.41755927907397,142.2485044084685,3.169054870605464,0.02,8.49346138714117,27.648683490748027,25.54040781786172,1.3997463800775045,0.7085292928088016,2.108275672886306,291.3650792426847,0.0,25.54040781786172,216.926467612847,1.0,0.08765775186321667,True,0.0,False,True,FILTERED (IV rank top-tercile),2pct
call,2016-02-05,2016-03-11,158.45274353027344,170.9384765625,175.06813112705063,178.2371859976561,3.169054870605464,0.02,8.336720456871204,22.144819848534603,20.06237436274681,1.318032991000584,0.7644124947872089,2.082445485787793,296.8431126977996,0.0,20.06237436274681,167.2544067633197,1.0,0.06758578354880432,True,0.0,False,True,FILTERED (IV rank top-tercile),2pct
put,2016-06-14,2016-07-21,176.2943572998047,184.2216644287109,163.23663802736422,159.71075088136814,3.52588714599608,0.02,7.63690010756864,29.597310780068753,27.537760333963018,1.3997416078037284,0.6598088383020062,2.0595504461057343,325.05095426564503,0.0,27.537760333963018,210.3031248566416,1.0,0.08471828792558482,True,0.0,False,True,FILTERED (IV rank top-tercile),2pct
call,2016-06-14,2016-07-21,176.2943572998047,184.2216644287109,192.96187034660812,196.4877574926042,3.52588714599608,0.02,7.515127931980872,24.314619604658994,22.270762588074383,1.3258612533505465,0.7179957632340639,2.04385701658461,330.31795201153363,0.0,22.270762588074383,167.36762999215242,1.0,0.06742219867994569,True,0.0,False,True,FILTERED (IV rank top-tercile),2pct
put,2016-09-15,2016-10-21,183.3783416748047,183.19171142578125,172.72424173293422,169.05667489943812,3.667566833496096,0.02,7.3150632839441085,27.94375513309344,26.372056991181847,1.1351460101194644,0.4365521317921256,1.57169814191159,340.3846263584278,0.0,26.372056991181847,192.91326581827587,1.0,0.07747722708079023,True,0.0,False,True,FILTERED (IV rank top-tercile),2pct
call,2016-09-15,2016-10-21,183.3783416748047,183.19171142578125,196.9409210862674,200.6084879197635,3.667566833496096,0.02,7.234208096365339,24.139920745663268,22.567651250217832,1.0878837570435118,0.484385738401924,1.5722694954454357,344.18903209939174,0.0,22.567651250217832,163.2590853902752,1.0,0.06556760717378395,True,0.0,False,True,FILTERED (IV rank top-tercile),2pct
put,2016-11-01,2016-12-08,180.64903259277344,192.7545318603516,168.53334408295285,164.92036343109737,3.61298065185548,0.02,7.476870625291335,29.18766485070048,27.32698893458737,1.2951837686903112,0.565492147422797,1.8606759161131081,333.9710762509606,0.0,27.32698893458737,204.32036084267764,1.0,0.08182441797460527,True,0.0,False,True,FILTERED (IV rank top-tercile),2pct
call,2016-11-01,2016-12-08,180.64903259277344,192.7545318603516,196.09393380895807,199.70691446081355,3.61298065185548,0.02,7.373798030114861,24.512133908705813,22.658666666675977,1.233135294873744,0.6203319471560942,1.8534672420298381,338.63939851887204,0.0,22.658666666675977,167.08043163176458,1.0,0.06691089922135339,True,0.0,False,True,FILTERED (IV rank top-tercile),2pct
put,2017-04-11,2017-05-18,203.30535888671875,204.78439331054688,192.2760129497498,188.20990577201542,4.066107177734381,0.02,6.624055473988608,30.12397499894668,28.521108560189933,1.1779829068652103,0.42488353189153727,1.6028664387567475,378.08960921324814,0.0,28.521108560189933,188.92540528234946,1.0,0.07543478547199008,True,0.0,False,True,FILTERED (IV rank top-tercile),2pct
call,2017-04-11,2017-05-18,203.30535888671875,204.78439331054688,217.43755356355717,221.50366074129155,4.066107177734381,0.02,6.558095997789056,26.324189741964865,24.718390120477082,1.131952182518453,0.4738474389693298,1.6057996214877828,381.89232765296094,0.0,24.718390120477082,162.10557532088927,1.0,0.06472607154061381,True,0.0,False,True,FILTERED (IV rank top-tercile),2pct
put,2017-05-19,2017-06-23,206.11639404296875,211.31069946289065,197.48658874071074,193.36426085985136,4.1223278808593875,0.02,6.501292915395183,27.094213537685174,25.9239110882575,0.9238288939349026,0.24647355549277106,1.1703024494276737,386.30887699768124,0.0,25.9239110882575,168.53893949742312,1.0,0.06710669268004707,True,0.0,False,True,FILTERED (IV rank top-tercile),2pct
call,2017-05-19,2017-06-23,206.11639404296875,211.31069946289065,217.28971613709058,221.41204401794997,4.1223278808593875,0.02,6.4595478740824035,24.603596523830884,23.42737722178277,0.895654607571944,0.2805646944761722,1.1762193020481162,388.805410864156,0.0,23.42737722178277,151.33026472829343,1.0,0.06025476129489365,True,0.0,False,True,FILTERED (IV rank top-tercile),2pct
put,2017-08-11,2017-09-15,212.17112731933597,217.6524200439453,200.59953155830397,196.35610901191725,4.243422546386711,0.02,6.381537003039536,31.45621724873706,29.781422653441382,1.230600013257055,0.44419458203862616,1.674794595295681,394.5608319852297,0.0,29.781422653441382,190.05125066609608,1.0,0.07547992664045336,True,0.0,False,True,FILTERED (IV rank top-tercile),2pct
call,2017-08-11,2017-09-15,212.17112731933597,217.6524200439453,226.87804903593744,231.12147158232415,4.243422546386711,0.02,6.317882404794708,27.483935844067453,25.8061015515316,1.1824663443187722,0.49536794821708197,1.677834292535854,398.5361530871395,0.0,25.8061015515316,163.0399149287669,1.0,0.06475222223036092,True,0.0,False,True,FILTERED (IV rank top-tercile),2pct
put,2017-11-16,2017-12-22,225.888916015625,234.8481292724609,216.55237820249533,212.03459988218285,4.5177783203124875,0.02,5.962172639603858,29.54703153601894,28.280136610025362,1.002785357197028,0.2641095687965528,1.2668949259935807,423.4976954212234,0.0,28.280136610025362,168.6110567405526,1.0,0.0667775454643197,True,0.0,False,True,FILTERED (IV rank top-tercile),2pct
call,2017-11-16,2017-12-22,225.888916015625,234.8481292724609,238.0533971866341,242.5711755069466,4.5177783203124875,0.02,5.924556285427024,26.864610714496884,25.591253504429325,0.9724862389649924,0.3008709711025709,1.2733572100675632,426.1865785268194,0.0,25.591253504429325,151.6168218016231,1.0,0.060047065754368655,True,0.0,False,True,FILTERED (IV rank top-tercile),2pct
put,2018-01-17,2018-02-23,245.47073364257807,241.16905212402344,235.0650144840816,230.15559981123002,4.909414672851568,0.02,5.505101519484811,32.543725424115166,31.118715390938284,1.1193015843898813,0.305708448787001,1.4250100331768822,459.8227518942186,0.0,31.118715390938284,171.31168738306974,1.0,0.06767545812543241,True,0.0,False,True,FILTERED (IV rank top-tercile),2pct
call,2018-01-17,2018-02-23,245.47073364257807,241.16905212402344,259.05866048482284,263.9680751576744,4.90941467285154,0.02,5.468633306797394,29.484408443082266,28.052334272686224,1.0845921907365497,0.3474819796594919,1.4320741703960416,462.8891330124677,0.0,28.052334272686224,153.40792953702595,1.0,0.06060270650581604,True,0.0,False,True,FILTERED (IV rank top-tercile),2pct
put,2018-02-26,2018-04-04,243.96954345703125,232.30714416503903,230.0741922414957,225.19480137235507,4.879390869140622,0.02,5.601298718253549,36.898521381449356,34.85392753583797,1.4835284400738113,0.561065405537578,2.0445938456113892,453.0851593782242,0.0,34.85392753583797,195.22725963259128,1.0,0.07692577612488688,True,0.0,False,True,FILTERED (IV rank top-tercile),2pct
call,2018-02-26,2018-04-04,243.96954345703125,232.30714416503903,261.73664967221436,266.616040541355,4.87939086914065,0.02,5.541088468843464,31.97683528855162,29.9306402424572,1.4228079641541047,0.6233870819403131,2.046195046094418,458.00844667160777,0.0,29.9306402424572,165.84832551258174,1.0,0.0653495376776697,True,0.0,False,True,FILTERED (IV rank top-tercile),2pct
put,2018-04-05,2018-05-11,234.14047241210935,240.4954833984375,218.30638930832598,213.6235798600838,4.682809448242182,0.02,5.880769688689141,37.93148633887249,35.49969867492868,1.690037411207812,0.7417502527359954,2.4317876639438074,432.78124614928953,0.0,35.49969867492868,208.76555192511864,1.0,0.08202688769624487,True,0.0,False,True,FILTERED (IV rank top-tercile),2pct
call,2018-04-05,2018-05-11,234.14047241210935,240.4954833984375,254.2601018511166,258.9429112993588,4.68280944824221,0.02,5.798896481909669,31.811190113791632,29.389365688854536,1.6085520888909466,0.8132723360461502,2.421824424937097,438.8915791353665,0.0,29.389365688854536,170.4258892986553,1.0,0.06696270123649382,True,0.0,False,True,FILTERED (IV rank top-tercile),2pct
put,2018-05-14,2018-06-20,240.61016845703125,244.33775329589844,229.48301009082022,224.67080672167958,4.812203369140633,0.02,5.678271632158485,33.2245386556,31.669693976260998,1.1927290728645012,0.36211560647450014,1.5548446793390014,449.55064293780225,0.0,31.669693976260998,179.82912490454328,1.0,0.07044744451770847,True,0.0,False,True,FILTERED (IV rank top-tercile),2pct
call,2018-05-14,2018-06-20,240.61016845703125,244.33775329589844,255.02081601544066,259.8330193845813,4.812203369140633,0.02,5.6346660181296,29.752159858629668,28.190706622030948,1.1526286165322308,0.40882462006648634,1.5614532365987173,453.0296302920323,0.0,28.190706622030948,158.84521663021889,1.0,0.06222707023348259,True,0.0,False,True,FILTERED (IV rank top-tercile),2pct
put,2018-06-22,2018-07-27,243.248779296875,249.16314697265625,231.5192372439802,226.6542616580427,4.864975585937486,0.02,5.637778179541783,34.1619759446008,32.516563184836016,1.249731079189903,0.3956816805748775,1.6454127597647805,453.9809954089126,0.0,32.516563184836016,183.32117039716016,1.0,0.07162538413209896,True,0.0,False,True,FILTERED (IV rank top-tercile),2pct
call,2018-06-22,2018-07-27,243.248779296875,249.16314697265625,258.2568881801186,263.1218637660561,4.864975585937486,0.02,5.5917399026799055,30.4305281103483,28.778817309594373,1.2062370017563162,0.445473798997606,1.6517108007539223,457.71874128415425,0.0,28.778817309594373,160.923661101994,1.0,0.06287445698389774,True,0.0,False,True,FILTERED (IV rank top-tercile),2pct
put,2018-07-31,2018-09-06,249.0833740234375,255.1305389404297,237.6582174784632,232.67654999799444,4.981667480468758,0.02,5.513124491022546,34.26565739387453,32.67226290474571,1.2250179619878399,0.36837652714097613,1.593394489128816,465.4944851421301,0.0,32.67226290474571,180.12625279728098,1.0,0.07018829212288055,True,0.0,False,True,FILTERED (IV rank top-tercile),2pct
call,2018-07-31,2018-09-06,249.0833740234375,255.1305389404297,263.89035555076856,268.8720230312373,4.9816674804687295,0.02,5.47136308414461,30.71957268058405,29.119271758936815,1.1841451193309205,0.41615580231631755,1.600300921647238,469.04747628793615,0.0,29.119271758936815,159.32210853902157,1.0,0.06208171503104143,True,0.0,False,True,FILTERED (IV rank top-tercile),2pct
put,2018-09-07,2018-10-12,254.6346893310547,245.4260711669922,241.32767552278796,236.23498173616687,5.0926937866210835,0.02,5.427232670274272,37.06195273971957,35.15703264218034,1.4157344580161157,0.4891856395231181,1.9049200975392337,474.11234601992805,0.0,35.15703264218034,190.80539614554013,1.0,0.07415337933575475,True,0.0,False,True,FILTERED (IV rank top-tercile),2pct
call,2018-09-07,2018-10-12,254.6346893310547,245.4260711669922,271.58019781176324,276.67289159838435,5.092693786621112,0.02,5.376678055966753,32.609062049021276,30.69915613516937,1.36256623253872,0.5473396813131859,1.909905913851906,478.5702225269418,0.0,30.69915613516937,165.05947912866228,1.0,0.06414765208974346,True,0.0,False,True,FILTERED (IV rank top-tercile),2pct
put,2018-10-15,2018-11-21,244.0474853515625,235.7051239013672,225.27320636059576,220.39225665356452,4.880949707031249,0.02,5.739946961065105,41.564330443449116,38.57247011081471,2.015484296860315,0.9763760357740847,2.9918603326343995,449.52250059231017,0.0,38.57247011081471,221.4039325933455,1.0,0.08580765158582711,True,0.0,False,True,FILTERED (IV rank top-tercile),2pct
call,2018-10-15,2018-11-21,244.0474853515625,235.7051239013672,268.0394195258065,272.9203692328378,4.880949707031277,0.02,5.643289835549792,33.83734106642802,30.873139750714827,1.9050674211869456,1.059133894526243,2.9642013157131886,457.2218309524129,0.0,30.873139750714827,174.22607574671724,1.0,0.06752332819805375,True,0.0,False,True,FILTERED (IV rank top-tercile),2pct
put,2018-11-23,2018-12-28,234.1308441162109,221.63217163085935,216.37521211860005,211.69259523627582,4.682616882324226,0.02,5.998766790619259,39.62261247712515,36.815025658490306,1.8990760652814909,0.9085107533533532,2.807586818634844,431.4466625739323,0.0,36.815025658490306,220.84475331594757,1.0,0.0853292628081964,True,0.0,False,True,FILTERED (IV rank top-tercile),2pct
call,2018-11-23,2018-12-28,234.1308441162109,221.63217163085935,256.6766629440855,261.3592798264097,4.682616882324226,0.02,5.900215745026104,32.3923682818803,29.608590919187332,1.7967932848699908,0.9869840778229777,2.7837773626929687,438.6530973132352,0.0,29.608590919187332,174.69707432942602,1.0,0.06749887576433618,True,0.0,False,True,FILTERED (IV rank top-tercile),2pct
put,2018-12-31,2019-02-06,223.57334899902344,243.9876708984375,203.13189136109457,198.6604243811141,4.471466979980477,0.02,6.33230157880542,40.59284908682219,37.17589739466429,2.215886459664229,1.20106523249367,3.416951692157899,409.97080060338334,0.0,37.17589739466429,235.40899376574097,1.0,0.09067937848244281,True,0.0,False,True,FILTERED (IV rank top-tercile),2pct
call,2018-12-31,2019-02-06,223.57334899902344,243.9876708984375,249.95906816673897,254.43053514671945,4.471466979980477,0.02,6.196424120712637,31.54094415293134,28.18590749193246,2.071780132411083,1.283256528587795,3.355036660998878,418.9607905061152,0.0,28.18590749193246,174.65183704718532,1.0,0.06727576453606357,True,0.0,False,True,FILTERED (IV rank top-tercile),2pct
put,2019-05-08,2019-06-14,258.3515014648437,259.9059753417969,240.23863884626002,235.07160881696313,5.167030029296882,0.02,5.45910988543395,42.46942392511883,39.65454279703975,1.9383083631035247,0.8765727649755528,2.8148811280790778,477.0484601326484,0.0,39.65454279703975,216.47850658568333,1.0,0.08312476846904271,True,0.0,False,True,FILTERED (IV rank top-tercile),2pct
call,2019-05-08,2019-06-14,258.3515014648437,259.9059753417969,281.4480317851767,286.61506181447356,5.167030029296882,0.02,5.378758048991581,35.32755953630762,32.52804268409102,1.8413529203121448,0.9581639319044544,2.799516852216599,484.17496024559716,0.0,32.52804268409102,174.96047140499627,1.0,0.06718241411656482,True,0.0,False,True,FILTERED (IV rank top-tercile),2pct
put,2019-08-02,2019-09-06,264.2038269042969,269.1064758300781,247.80395581871701,242.51987928063107,5.284076538085941,0.02,5.335966301406728,41.33853994364731,38.88268371791542,1.744659862161535,0.7111963635703544,2.4558562257318894,489.52497009067866,0.0,38.88268371791542,207.47669002705274,1.0,0.07942941850486783,True,0.0,False,True,FILTERED (IV rank top-tercile),2pct
call,2019-08-02,2019-09-06,264.2038269042969,269.1064758300781,284.9767607623355,290.26083730042143,5.2840765380859125,0.02,5.270845479968019,35.28723717753657,32.83464677806699,1.667385664454002,0.7852047350155766,2.4525903994695786,495.57300703052425,0.0,32.83464677806699,173.06634955652086,1.0,0.06625592256287796,True,0.0,False,True,FILTERED (IV rank top-tercile),2pct
put,2019-10-02,2019-11-08,261.28765869140625,280.2270202636719,241.87847850331443,236.6527253294863,5.225753173828139,0.02,5.438173376656622,43.914889981707006,40.85113842637613,2.0808119024367744,0.9829396528940992,3.0637515553308736,481.72417895643775,0.0,40.85113842637613,222.15557339643297,1.0,0.08480192651917996,True,0.0,False,True,FILTERED (IV rank top-tercile),2pct
call,2019-10-02,2019-11-08,261.28765869140625,280.2270202636719,286.0643445086812,291.2900976825093,5.225753173828139,0.02,5.351096042600277,36.052172871683474,33.012135552934026,1.9706708202707701,1.06936649847868,3.04003731874945,489.56318182987985,0.0,33.012135552934026,176.65110791508917,1.0,0.06743181836007744,True,0.0,False,True,FILTERED (IV rank top-tercile),2pct
put,2020-01-28,2020-03-05,297.9665832519531,275.6981811523437,280.4679021603453,274.50857049530623,5.9593316650390875,0.02,4.752644239791973,45.641271939894956,43.04605652028493,1.8681236090537068,0.727091810556324,2.5952154196100308,552.8871099836239,476.9721008001625,-433.92604427987754,-2062.2961148424765,-10.080506307828575,-0.7848366084945083,False,433.92604427987754,False,False,FILTERED (IV rank top-tercile),2pct
call,2020-01-28,2020-03-05,297.9665832519531,275.6981811523437,320.3177198888034,326.2770515538425,5.9593316650390875,0.02,4.699067610290448,39.33762501271545,36.74228941063679,1.7893881136982759,0.8059474883803819,2.5953356020786575,559.190877093272,0.0,36.74228941063679,172.65450209744105,1.0,0.06570616745685615,True,0.0,False,True,FILTERED (IV rank top-tercile),2pct
put,2020-03-06,2020-04-09,271.1405334472656,255.07579040527344,232.98604085957078,227.56323019062546,5.422810668945317,0.02,5.26602814436812,57.70335702694389,50.47152177582348,4.337209588397006,2.8946256627234046,7.231835251120411,491.80954511870823,0.0,50.47152177582348,265.78445416057485,1.0,0.10262412000084536,True,0.0,False,True,FILTERED (IV rank top-tercile),2pct
call,2020-03-06,2020-04-09,271.1405334472656,255.07579040527344,323.45642486138246,328.8792355303278,5.422810668945317,0.02,5.06653591797237,37.95683698809036,31.106775782336783,3.8994910652279335,2.9505701405256435,6.850061205753577,511.1742911121949,0.0,31.106775782336783,157.60359679352237,1.0,0.06085356075841718,True,0.0,False,True,FILTERED (IV rank top-tercile),2pct
put,2020-04-13,2020-05-20,252.74696350097656,272.2490234375,216.49254073004562,211.4376014600261,5.054939270019531,0.02,5.670669742862618,54.2209798473106,47.285146539382204,4.145678902055594,2.7901544058728023,6.935833307928396,458.208780462571,0.0,47.285146539382204,268.1384497676997,1.0,0.10319563604094818,True,0.0,False,True,FILTERED (IV rank top-tercile),2pct
call,2020-04-13,2020-05-20,252.74696350097656,272.2490234375,302.9375739412494,307.99251321126894,5.054939270019531,0.02,5.449937056632839,35.28034646341567,28.726830376357814,3.7177623743216204,2.835753712736233,6.5535160870578535,476.76709662559534,0.0,28.726830376357814,156.55941738771833,1.0,0.060253382793563376,True,0.0,False,True,FILTERED (IV rank top-tercile),2pct
put,2020-05-21,2020-06-26,270.3694152832031,276.3202209472656,242.1788604431339,236.77147213746986,5.407388305664057,0.02,5.275484267330101,51.48091107038688,46.59564057154629,3.0861466378001357,1.7991238610404525,4.885270498840589,494.14318999485937,0.0,46.59564057154629,245.8145687613606,1.0,0.09429582662473003,True,0.0,False,True,FILTERED (IV rank top-tercile),2pct
call,2020-05-21,2020-06-26,270.3694152832031,276.3202209472656,307.163253968817,312.5706422744811,5.407388305664085,0.02,5.140354639945142,38.361106304525805,33.60560587239981,2.8572640448695674,1.8982363872564245,4.7555004321259915,507.1332246940087,0.0,33.60560587239981,172.74473207435807,1.0,0.06626583358382127,True,0.0,False,True,FILTERED (IV rank top-tercile),2pct
put,2020-06-29,2020-08-05,280.3815612792969,305.8447570800781,248.6784238471265,243.07079262154056,5.607631225585948,0.02,5.1139270886941075,55.00600579031811,49.37221586682067,3.5044700341277046,2.1293198893697407,5.633789923497446,511.3909066917741,0.0,49.37221586682067,252.48591215018723,1.0,0.09654496241674146,True,0.0,False,True,FILTERED (IV rank top-tercile),2pct
call,2020-06-29,2020-08-05,280.3815612792969,305.8447570800781,322.3066821713479,327.91431339693384,5.607631225585919,0.02,4.967814119852637,39.780448107942235,34.33122564202989,3.2218668343054535,2.2273556316068865,5.4492224659123405,526.431896916562,0.0,34.33122564202989,170.551147496323,1.0,0.06521494203355861,True,0.0,False,True,FILTERED (IV rank top-tercile),2pct
put,2020-09-04,2020-10-09,315.47760009765625,320.6976928710937,281.71774203894324,275.4081900369901,6.309552001953136,0.02,4.553277598178753,60.625037568597406,54.73806972971934,3.7012968890465014,2.185670949831564,5.886967838878066,576.2171304655942,0.0,54.73806972971934,249.2376266678776,1.0,0.09499556128345223,True,0.0,False,True,FILTERED (IV rank top-tercile),2pct
call,2020-09-04,2020-10-09,315.47760009765625,320.6976928710937,359.5908590256923,365.9004110276454,6.309552001953136,0.02,4.432669746011247,44.77983119909226,39.05986348615366,3.4197317464579546,2.300235966480646,5.719967712938601,591.89533670916,0.0,39.05986348615366,173.13947515840272,1.0,0.06599116611277937,True,0.0,False,True,FILTERED (IV rank top-tercile),2pct
put,2020-10-20,2020-11-25,317.4893493652344,335.3157043457031,284.5769760748425,278.2271890875378,6.349786987304697,0.02,4.535430547288142,60.32550692730361,54.631570397487415,3.6010371014993936,2.0928994283167968,5.69393652981619,580.3471283329823,0.0,54.631570397487415,247.77769322708698,1.0,0.09413602261531617,True,0.0,False,True,FILTERED (IV rank top-tercile),2pct
call,2020-10-20,2020-11-25,317.4893493652344,335.3157043457031,360.41555899218986,366.76534597949455,6.349786987304697,0.02,4.420157804694192,45.041795553200004,39.496770217181634,3.3355351124241928,2.2094902235941793,5.545025336018372,595.481928513288,0.0,39.496770217181634,174.5819571356885,1.0,0.06632740361372742,True,0.0,False,True,FILTERED (IV rank top-tercile),2pct
put,2021-01-28,2021-03-05,350.64520263671875,356.2164611816406,313.2888811404809,306.2759770877465,7.0129040527343705,0.02,4.122591098257953,67.29231187891322,60.77786741941162,4.098376128237224,2.416068331264376,6.5144444595016004,640.5125378540254,0.0,60.77786741941162,250.5622951943684,1.0,0.09488942655680391,True,0.0,False,True,FILTERED (IV rank top-tercile),2pct
call,2021-01-28,2021-03-05,350.64520263671875,356.2164611816406,399.53533617780414,406.5482402305385,7.0129040527343705,0.02,4.013901355421979,49.76511253555955,43.4338579737056,3.787691187621478,2.5435633742324715,6.3312545618539495,657.8565472997315,0.0,43.4338579737056,174.33922139186262,1.0,0.06602329664724967,True,0.0,False,True,FILTERED (IV rank top-tercile),2pct
put,2021-05-13,2021-06-18,382.2098693847656,387.7970275878906,350.7078915649219,343.0636941772266,7.644197387695328,0.02,3.76952583724438,66.767280369519,61.66044447381391,3.388008952471533,1.7188269432335535,5.106835895705086,702.7592942957189,0.0,61.66044447381391,232.43063858001398,1.0,0.08774048948809404,True,0.0,False,True,FILTERED (IV rank top-tercile),2pct
call,2021-05-13,2021-06-18,382.2098693847656,387.7970275878906,422.47887373813893,430.12307112583426,7.644197387695328,0.02,3.6996466730762436,53.43009931724474,48.38668175096973,3.18958502460307,1.8538325416719403,5.043417566275011,716.0330570185631,0.0,48.38668175096973,179.01362616117416,1.0,0.06757604453688694,True,0.0,False,True,FILTERED (IV rank top-tercile),2pct
put,2021-09-21,2021-10-28,406.5823059082031,429.7322998046875,370.91019475811294,362.7785486399489,8.131646118164042,0.02,3.560411708067711,72.71328661196961,66.81884610485403,3.8561363362074053,2.0383041709081673,5.894440507115572,746.3457657115501,0.0,66.81884610485403,237.90260199129685,1.0,0.08952800320525751,True,0.0,False,True,FILTERED (IV rank top-tercile),2pct
call,2021-09-21,2021-10-28,406.5823059082031,429.7322998046875,452.48357692963936,460.6152230478034,8.131646118164042,0.02,3.48824669998151,57.17988722714402,51.378410593810244,3.6154869070061935,2.1859897263275863,5.801476633333779,761.786201222594,0.0,51.378410593810244,179.22057120415363,1.0,0.06744465902815358,True,0.0,False,True,FILTERED (IV rank top-tercile),2pct
put,2021-11-29,2022-01-05,435.62060546875,440.7076721191406,399.54320567785356,390.83079356847855,8.712412109375009,0.02,3.3285451364639584,76.26541759955145,70.39863356993521,3.886709734802518,1.9800742948137273,5.8667840296162455,800.8425773675658,0.0,70.39863356993521,234.3250293829162,1.0,0.08790570776261822,True,0.0,False,True,FILTERED (IV rank top-tercile),2pct
call,2021-11-29,2022-01-05,435.62060546875,440.7076721191406,481.8768558390722,490.58926794844723,8.712412109375009,0.02,3.2663060525578733,60.93075755443209,55.13867091906458,3.6576777871141664,2.134408848253344,5.792086635367511,816.1025400184362,0.0,55.13867091906458,180.09977455293745,1.0,0.06756341049718945,True,0.0,False,True,FILTERED (IV rank top-tercile),2pct
put,2022-01-14,2022-02-18,437.263916015625,408.5753173828125,407.6718565306301,398.92657821031764,8.74527832031248,0.02,3.308309349474766,70.81708892996907,66.28141986507369,3.1530481440723124,1.3826209208230744,4.535669064895387,808.2464121661742,0.0,66.28141986507369,219.27944103608576,1.0,0.08200645108641241,True,0.0,False,True,FILTERED (IV rank top-tercile),2pct
call,2022-01-14,2022-02-18,437.263916015625,408.5753173828125,474.74255218149034,483.4878305018028,8.74527832031248,0.02,3.2623138537369116,59.40317691220969,54.88592081971324,3.0011677576508466,1.5160883348456,4.517256092496447,819.6419112115346,0.0,54.88592081971324,179.0550998652577,1.0,0.06696329222426523,True,0.0,False,True,FILTERED (IV rank top-tercile),2pct
put,2022-02-22,2022-03-31,404.190673828125,426.2769775390625,362.5282103767927,354.4443969002302,8.083813476562511,0.02,3.6294585858552226,76.66282928555788,69.45685260381053,4.5612737069431475,2.6447029748041917,7.205976681747339,738.9244950524405,0.0,69.45685260381053,252.09077002938082,1.0,0.09399722579081814,True,0.0,False,True,FILTERED (IV rank top-tercile),2pct
call,2022-02-22,2022-03-31,404.190673828125,426.2769775390625,458.61373475237224,466.69754822893475,8.083813476562511,0.02,3.537792017083079,57.3306509854671,50.31082233519306,4.226547462455366,2.7932811878186747,7.01982865027404,758.0705253210581,0.0,50.31082233519306,177.98922563033108,1.0,0.06636694166929312,True,0.0,False,True,FILTERED (IV rank top-tercile),2pct
put,2022-04-01,2022-05-06,427.4849548339844,388.239990234375,397.8919566386442,389.34225754196456,8.54969909667966,0.02,3.4070571760536446,69.85004332235363,65.28622848701717,3.1550329591976567,1.4087818761387982,4.563814835336455,789.6836811809488,854.969909667966,-789.6836811809488,-2690.49745278001,-12.095716041216647,-1.0,False,789.6836811809488,True,False,FILTERED (IV rank top-tercile),2pct
call,2022-04-01,2022-05-06,427.4849548339844,388.239990234375,464.9746249576254,473.52432405430505,8.54969909667966,0.02,3.3580690222829115,58.30779456398325,53.76617176774485,2.999658830168994,1.541963966069404,4.541622796238398,801.2037379002212,0.0,53.76617176774485,180.55051586000602,1.0,0.06710674105022796,True,0.0,False,True,FILTERED (IV rank top-tercile),2pct
put,2022-05-09,2022-06-15,375.80963134765625,357.9049987792969,329.63137100327737,322.11517837632425,7.516192626953114,0.02,3.8600251573474034,76.02230589422803,67.60856162101743,5.157150960283152,3.256593312927447,8.4137442732106,684.0107010742939,0.0,67.60856162101743,260.9707487091994,1.0,0.09884137998840184,True,0.0,False,True,FILTERED (IV rank top-tercile),2pct
call,2022-05-09,2022-06-15,375.80963134765625,357.9049987792969,437.7092121996268,445.2254048265799,7.516192626953114,0.02,3.737007550979816,53.17079323979961,45.091786359508475,4.704138355643073,3.374868524648056,8.079006880291129,706.5274763358029,0.0,45.091786359508475,168.50834611265185,1.0,0.06382170243875548,True,0.0,False,True,FILTERED (IV rank top-tercile),2pct
put,2022-06-16,2022-07-22,346.0596618652344,374.5134887695313,306.06196284697256,299.14076960966787,6.921193237304692,0.02,4.198972660575691,68.42275100505617,61.27737498225378,4.427972398964397,2.7174036238379884,7.1453760228023855,630.8419487482154,0.0,61.27737498225378,257.3020222623285,1.0,0.09713585962989138,True,0.0,False,True,FILTERED (IV rank top-tercile),2pct
call,2022-06-16,2022-07-22,346.0596618652344,374.5134887695313,399.0233049962646,405.9444982335693,6.921193237304692,0.02,4.075616528455462,49.08294755322942,42.18376736891483,4.06312693657267,2.836053247741921,6.899180184314591,649.9355563615544,0.0,42.18376736891483,171.92485952126944,1.0,0.06490453854389266,True,0.0,False,True,FILTERED (IV rank top-tercile),2pct
put,2022-08-30,2022-10-06,377.4709167480469,355.2166748046875,341.9254634698238,334.37604513486286,7.549418334960933,0.02,3.8421885890761973,69.27717427853075,63.285874408287555,3.861614613603237,2.129685256639957,5.9912998702431945,691.6559590878057,0.0,63.285874408287555,243.1562645012318,1.0,0.09149906622904323,True,0.0,False,True,FILTERED (IV rank top-tercile),2pct
call,2022-08-30,2022-10-06,377.4709167480469,355.2166748046875,423.4694229273072,431.01884126226815,7.549418334960933,0.02,3.756339309511741,53.35053694447325,47.47841909034156,3.6029406388717655,2.269177215259921,5.8721178541316865,707.4634144057518,0.0,47.47841909034156,178.34505198252268,1.0,0.06711077650597949,True,0.0,False,True,FILTERED (IV rank top-tercile),2pct
put,2022-10-07,2022-11-11,345.3083190917969,379.30712890625,307.66654438473296,300.760378002897,6.906166381835931,0.02,4.228847032764415,66.80758105818221,60.207772776918866,4.134998903858955,2.4648093774043867,6.599808281263342,630.4088654066742,0.0,60.207772776918866,254.60946125702748,1.0,0.09550591065701317,True,0.0,False,True,FILTERED (IV rank top-tercile),2pct
call,2022-10-07,2022-11-11,345.3083190917969,379.30712890625,394.61843888153896,401.5246052633749,6.906166381835931,0.02,4.114030818287829,49.01749440430514,42.61403984309582,3.8144459606584746,2.589008600550846,6.403454561209321,648.0025983404973,0.0,42.61403984309582,175.31547320624165,1.0,0.06576214347323339,True,0.0,False,True,FILTERED (IV rank top-tercile),2pct
put,2023-03-14,2023-04-20,374.5659790039063,395.3360595703125,342.5297718696403,335.03845228956214,7.491319580078141,0.02,3.8872084401284517,66.36203632602253,61.10578195220652,3.4576526409832997,1.7986017328327164,5.256254373816017,688.0261760556076,0.0,61.10578195220652,237.530911345266,1.0,0.08881316449690983,True,0.0,False,True,FILTERED (IV rank top-tercile),2pct
call,2023-03-14,2023-04-20,374.5659790039063,395.3360595703125,415.71873293032513,423.2100525104033,7.491319580078141,0.02,3.8111667157112703,52.55863928336311,47.37804428705857,3.2472804891943152,1.9333145071102176,5.180594996304533,701.7539137207555,0.0,47.37804428705857,180.56562544233213,1.0,0.06751375854230209,True,0.0,False,True,FILTERED (IV rank top-tercile),2pct
put,2023-10-20,2023-11-24,407.20513916015625,440.1825866699219,376.0553475005215,367.91124471731837,8.144102783203152,0.02,3.576158113184743,69.13941927539895,64.20209277138416,3.332905992949886,1.604420511064908,4.937326504014794,750.208185548931,0.0,64.20209277138416,229.596834947825,1.0,0.08557903527059915,True,0.0,False,True,FILTERED (IV rank top-tercile),2pct
call,2023-10-20,2023-11-24,407.20513916015625,440.1825866699219,446.7716085431334,454.9157113263366,8.144102783203152,0.02,3.516668012402069,56.40470940519364,51.511113580599385,3.15185677986205,1.7417390447322045,4.893595824594255,762.8991647397158,0.0,51.511113580599385,181.14748541210366,1.0,0.06752021231819519,True,0.0,False,True,FILTERED (IV rank top-tercile),2pct
put,2024-04-05,2024-05-10,504.8121948242188,507.1590270996094,476.3338055876879,466.2375616912035,10.096243896484395,0.02,2.869388408138994,75.92488196120826,71.76670258788168,3.02815071117839,1.1300286621481859,4.1581793733265755,937.857687060558,0.0,71.76670258788168,205.92654449602645,1.0,0.07652195378684108,True,0.0,False,True,FILTERED (IV rank top-tercile),2pct
call,2024-04-05,2024-05-10,504.8121948242188,507.1590270996094,540.9615490459238,551.0577929424081,10.096243896484339,0.02,2.839194036099523,65.95548450750286,61.79273689087567,2.9058173646573815,1.2569302519698011,4.162747616627183,947.8316527575582,0.0,61.79273689087567,175.44157005484118,1.0,0.06519378911972395,True,0.0,False,True,FILTERED (IV rank top-tercile),2pct
put,2024-07-19,2024-08-23,536.2941284179688,549.1302490234375,505.0952815689958,494.3693990006364,10.725882568359395,0.02,2.710971403095744,81.70514805704236,77.11285825929164,3.3174592495883948,1.2748305481623312,4.592289797750726,995.4753985766479,0.0,77.11285825929164,209.0507535519151,1.0,0.07746334903860935,True,0.0,False,True,FILTERED (IV rank top-tercile),2pct
call,2024-07-19,2024-08-23,536.2941284179688,549.1302490234375,575.8605401268236,586.5864226951829,10.725882568359339,0.02,2.6810369087311225,70.59215966097874,65.99810910690846,3.179427272797386,1.4146232812728976,4.594050554070284,1006.5901477290254,0.0,65.99810910690846,176.9433664220852,1.0,0.06556601935336565,True,0.0,False,True,FILTERED (IV rank top-tercile),2pct
put,2024-08-26,2024-10-02,547.8212280273438,557.4091186523438,515.9119052386492,504.95548067810233,10.95642456054685,0.02,2.6618778988977234,83.6295846877789,78.90715743455155,3.406583435210919,1.3158438180164378,4.722427253227357,1016.7352986201334,0.0,78.90715743455155,210.04121843987596,1.0,0.07760835838161685,True,0.0,False,True,FILTERED (IV rank top-tercile),2pct
call,2024-08-26,2024-10-02,547.8212280273438,557.4091186523438,588.5896385100842,599.5460630706311,10.956424560546907,0.02,2.6322486281689605,72.18612722474838,67.46252219002838,3.2641291076693557,1.4594759270506352,4.723605034719991,1028.1799338646624,0.0,67.46252219002838,177.57813148752027,1.0,0.06561353705518665,True,0.0,False,True,FILTERED (IV rank top-tercile),2pct
put,2024-10-03,2024-11-08,556.3899536132812,586.148681640625,515.6925213194064,504.56472224714076,11.127799072265645,0.02,2.644761097040341,92.917554201534,86.53310918420041,4.353691936185977,2.030753081147607,6.384445017333585,1026.2467980423642,0.0,86.53310918420041,228.8594007763175,1.0,0.08431997970592281,True,0.0,False,True,FILTERED (IV rank top-tercile),2pct
call,2024-10-03,2024-11-08,556.3899536132812,586.148681640625,608.1646855078836,619.2924845801492,11.127799072265589,0.02,2.6034391648626993,76.58396365720535,70.24446255147619,4.127050098579654,2.2124510071494963,6.33950110572915,1042.5354446750828,0.0,70.24446255147619,182.87718492124432,1.0,0.06737848857826471,True,0.0,False,True,FILTERED (IV rank top-tercile),2pct
put,2024-11-18,2024-12-24,576.3107299804688,591.1790771484375,544.3413309531372,532.8151163535279,11.526214599609375,0.02,2.541583693426107,86.1333736924852,81.47344064517675,3.4066336948102904,1.2532993524981495,4.65993304730844,1071.1480193157606,0.0,81.47344064517675,207.07156819110102,1.0,0.07606179461286894,True,0.0,False,True,FILTERED (IV rank top-tercile),2pct
call,2024-11-18,2024-12-24,576.3107299804688,591.1790771484375,617.0735866727406,628.59980127235,11.526214599609375,0.02,2.5154546163418763,75.01351469439967,70.34697905708242,3.270936752338627,1.3955988849786216,4.666535637317248,1082.274480903855,0.0,70.34697905708242,176.95463321484326,1.0,0.06499920334288264,True,0.0,False,True,FILTERED (IV rank top-tercile),2pct
put,2024-12-30,2025-02-05,578.3192749023438,594.0499267578125,541.9779486699011,530.4115631718543,11.566385498046884,0.02,2.548945255123147,91.05667192032776,85.57087674286326,3.881105987736344,1.604689189728148,5.485795177464492,1071.0676730618252,0.0,85.57087674286326,218.11548025044894,1.0,0.07989306268412029,True,0.0,False,True,FILTERED (IV rank top-tercile),2pct
call,2024-12-30,2025-02-05,578.3192749023438,594.0499267578125,624.6673298508064,636.2337153488533,11.566385498046884,0.02,2.5170764711302245,77.48596832780841,72.01005540663951,3.7065310646820615,1.7693818564868402,5.475912921168902,1084.6284943980488,0.0,72.01005540663951,181.2548161488361,1.0,0.06639144719003895,True,0.0,False,True,FILTERED (IV rank top-tercile),2pct
put,2025-02-10,2025-03-19,594.6693115234375,557.584228515625,560.7777765183582,548.8843902878895,11.893386230468764,0.02,2.4793303849267794,89.96352309527751,84.97581374117902,3.618398715740212,1.3693106383582787,4.987709354098491,1104.3628093056973,319.3548002733223,-234.3789865321433,-581.1029428974873,-2.758184667063258,-0.2122300611331662,False,234.3789865321433,False,False,FILTERED (IV rank top-tercile),2pct
call,2025-02-10,2025-03-19,594.6693115234375,557.584228515625,638.003217726978,649.8966039574468,11.893386230468764,0.02,2.4526522340344785,77.95490635993012,72.96336564207031,3.470206688429034,1.5213340294307764,4.99154071785981,1116.3752574048062,0.0,72.96336564207031,178.95376174469828,1.0,0.06535738333334741,True,0.0,False,True,FILTERED (IV rank top-tercile),2pct
put,2025-03-20,2025-04-25,555.9718017578125,543.0003662109375,516.667155687692,505.54771965253576,11.119436035156241,0.02,2.6597823711169237,91.63895847113892,85.52982052433626,4.200055954290582,1.909081992512085,6.109137946802667,1026.4137829912877,0.0,85.52982052433626,227.49070883542402,1.0,0.08332879189821076,True,0.0,False,True,FILTERED (IV rank top-tercile),2pct
call,2025-03-20,2025-04-25,555.9718017578125,543.0003662109375,605.9392258035083,617.0586618386645,11.119436035156241,0.02,2.6202438333313416,76.11588431096621,70.04160541007843,3.988588004330973,2.085690896556802,6.074278900887775,1041.9019981055455,0.0,70.04160541007843,183.52608465238515,1.0,0.06722475389953438,True,0.0,False,True,FILTERED (IV rank top-tercile),2pct
put,2025-04-28,2025-06-04,543.2074584960938,587.6619873046875,494.05147709885694,483.1873279289351,10.864149169921859,0.02,2.748281462007625,98.25527532902001,90.06222925069383,5.324713980775853,2.86833209755033,8.193046078326184,996.3526877414921,0.0,90.06222925069383,247.51635507676275,1.0,0.09039191679689718,True,0.0,False,True,FILTERED (IV rank top-tercile),2pct
call,2025-04-28,2025-06-04,543.2074584960938,587.6619873046875,606.6051326789105,617.4692818488325,10.864149169921916,0.02,2.690141680671337,76.57840992000331,68.52889224643555,4.981988960783923,3.06752871278384,8.049517673567763,1017.886024745756,0.0,68.52889224643555,184.35242936237108,1.0,0.06732472062729465,True,0.0,False,True,FILTERED (IV rank top-tercile),2pct
put,2025-06-16,2025-07-23,594.3182983398438,627.2598266601562,553.2740218106625,541.3876558438656,11.886365966796916,0.02,2.502043621213264,97.12893907253033,90.77604231485516,4.390560117244213,1.9623366404309506,6.352896757675164,1097.8605543648364,0.0,90.77604231485516,227.12561763286868,1.0,0.08268449208230579,True,0.0,False,True,FILTERED (IV rank top-tercile),2pct
call,2025-06-16,2025-07-23,594.3182983398438,627.2598266601562,646.6478732954233,658.5342392622202,11.886365966796916,0.02,2.466023503812999,81.06181781188724,74.74007753341809,4.174142861883179,2.147597416585978,6.321740278469157,1113.8965191462735,0.0,74.74007753341809,184.3107878742149,1.0,0.06709786434264227,True,0.0,False,True,FILTERED (IV rank top-tercile),2pct
put,2025-08-04,2025-09-10,624.2530517578125,645.0625610351562,584.7513066205493,572.266245585393,12.485061035156264,0.02,2.3834975722403304,98.56358612796967,92.58979077077863,4.218942505195145,1.7548528519958917,5.973795357191037,1155.9163127448476,0.0,92.58979077077863,220.68754151639104,1.0,0.08010077351613304,True,0.0,False,True,FILTERED (IV rank top-tercile),2pct
call,2025-08-04,2025-09-10,624.2530517578125,645.0625610351562,674.6269257822914,687.1119868174477,12.485061035156264,0.02,2.353381958584442,83.75962630127489,77.79783191931328,4.027892519746756,1.9339018622148596,5.9617943819616155,1170.7082715963131,0.0,77.79783191931328,183.08801405589674,1.0,0.06645364503424278,True,0.0,False,True,FILTERED (IV rank top-tercile),2pct
put,2025-10-13,2025-11-19,657.5919189453125,657.185302734375,612.3682873857092,599.2164490068029,13.151838378906291,0.02,2.2744599806279853,107.29430800758735,100.30238920105674,4.83713825336014,2.1547805531704545,6.991918806530595,1214.8814486895724,0.0,100.30238920105674,228.13377019917615,1.0,0.08256146252726763,True,0.0,False,True,FILTERED (IV rank top-tercile),2pct
call,2025-10-13,2025-11-19,657.5919189453125,657.185302734375,715.248143909392,728.3999822882982,13.151838378906291,0.02,2.2419184730912733,89.62703986348899,82.6683519721153,4.59968194398046,2.3590059473932223,6.958687891373683,1232.5154859185138,0.0,82.6683519721153,185.3357054262967,1.0,0.06707287082117913,True,0.0,False,True,FILTERED (IV rank top-tercile),2pct
put,2025-11-20,2025-12-26,647.1683349609375,686.660888671875,586.4882791614107,573.544912462192,12.9433666992187,0.02,2.336843085713756,118.54781874761429,108.34834117715806,6.581586519573301,3.6178910508829265,10.199477570456228,1185.988328744712,0.0,108.34834117715806,253.19307192839688,1.0,0.09135700457679666,True,0.0,False,True,FILTERED (IV rank top-tercile),2pct
call,2025-11-20,2025-12-26,647.1683349609375,686.660888671875,725.4712551946159,738.4146218938346,12.9433666992187,0.02,2.285015980664427,91.44866636095443,81.44859858399778,6.143142217990283,3.856925558966373,10.000067776956655,1212.8880713378721,0.0,81.44859858399778,186.11134936715695,1.0,0.06715260913907428,True,0.0,False,True,FILTERED (IV rank top-tercile),2pct
put,2026-01-21,2026-02-27,681.77685546875,682.3637084960938,640.1834983573327,626.5479612479577,13.635537109375036,0.02,2.2000693708468457,106.07151095898608,99.84141575654041,4.4409414882101705,1.789153714235503,6.230095202445673,1263.712295180963,0.0,99.84141575654041,219.65804074795022,1.0,0.0790064448508378,True,0.0,False,True,FILTERED (IV rank top-tercile),2pct
call,2026-01-21,2026-02-27,681.77685546875,682.3637084960938,734.8515357082711,748.4870728176461,13.635537109375036,0.02,2.1737729938859416,90.77828565282502,84.5541456608702,4.246798566637722,1.9773414253170918,6.2241399919548135,1278.9995652766333,0.0,84.5541456608702,183.80151835869782,1.0,0.06610959687275741,True,0.0,False,True,FILTERED (IV rank top-tercile),2pct
put,2026-03-02,2026-04-08,682.751708984375,674.27294921875,629.8876335149399,616.2325993352524,13.655034179687505,0.02,2.2175700920342756,116.56465987154832,108.12539172810725,5.6766923201148956,2.7625758233261744,8.439268143441069,1257.3780262406433,0.0,108.12539172810725,239.77563488574089,1.0,0.0859927479815952,True,0.0,False,True,FILTERED (IV rank top-tercile),2pct
call,2026-03-02,2026-04-08,682.751708984375,674.27294921875,750.3232215747717,763.9782557544592,13.655034179687505,0.02,2.1798802637024846,94.74431463292632,86.38549952105335,5.363711488848066,2.9951036230249084,8.358815111872975,1279.117918447697,0.0,86.38549952105335,188.3100454760246,1.0,0.06753521178554707,True,0.0,False,True,FILTERED (IV rank top-tercile),2pct
put,2026-04-09,2026-05-15,678.162841796875,737.2706298828125,630.9687524946249,617.4054956586874,13.563256835937523,0.02,2.2329879818097718,111.09936715900943,103.79515420291261,5.040848567536038,2.2633643885607957,7.304212956096833,1252.5305293908395,0.0,103.79515420291261,231.77333190519587,1.0,0.08286836270042275,True,0.0,False,True,FILTERED (IV rank top-tercile),2pct
call,2026-04-09,2026-05-15,678.162841796875,737.2706298828125,738.1461309325706,751.7093877685081,13.563256835937523,0.02,2.200553823494732,92.6008190791542,85.33399544781052,4.790922054161273,2.4759015771824044,7.266823631343677,1270.9916881459417,0.0,85.33399544781052,187.7820499567615,1.0,0.06713969591122301,True,0.0,False,True,FILTERED (IV rank top-tercile),2pct
put,2026-05-18,2026-06-16,736.751953125,748.4019775390625,694.169538265646,679.434499203146,14.73503906250005,0.02,2.05028472052229,111.42695462149774,105.26626660052298,4.473180943256105,1.6875070777186418,6.160688020974748,1368.2376396494822,0.0,105.26626660052298,215.8258179974781,1.0,0.07693566055344765,True,0.0,False,True,FILTERED (IV rank top-tercile),2pct
call,2026-05-18,2026-06-16,736.751953125,748.4019775390625,789.5475240619196,804.2825631244197,14.73503906250005,0.02,2.0282884158312235,96.5939337723917,90.42805533993062,4.290363388385443,1.8755150440756263,6.165878432461069,1383.0758509100742,0.0,90.42805533993062,183.4141771121261,1.0,0.06538184820480257,True,0.0,False,True,FILTERED (IV rank top-tercile),2pct
put,1994-01-27,1994-03-04,26.86382484436035,26.266069412231445,25.901140534372825,25.36386403748562,0.5372764968872055,0.02,39.538393327535424,3.270637909610963,3.1439048351542596,0.10424951109848854,0.02248356335821447,0.126733074456703,50.583744853566294,0.0,3.1439048351542596,124.30494595666953,1.0,0.06215247297833477,True,0.0,False,True,"UNFILTERED (control, no IV condition)",2pct
call,1994-01-27,1994-03-04,26.86382484436035,26.266069412231445,28.140145890650526,28.67742238753773,0.5372764968872055,0.02,39.34528712963671,3.023035470483837,2.8956404213766462,0.10148546793464358,0.02590958117254724,0.12739504910719082,50.832009267343906,0.0,2.8956404213766462,113.92980380324637,1.0,0.056964901901623184,True,0.0,False,True,"UNFILTERED (control, no IV condition)",2pct
put,1994-03-07,1994-04-13,26.40671157836914,25.224008560180664,25.053803362258538,24.525669130691156,0.5281342315673818,0.02,40.7556026470165,3.8173201156811665,3.623506561505199,0.14462327853399862,0.04919027564196897,0.19381355417596757,49.18991659523299,0.0,3.623506561505199,147.67819360956295,1.0,0.07366360450093454,True,0.0,False,True,"UNFILTERED (control, no IV condition)",2pct
call,1994-03-07,1994-04-13,26.40671157836914,25.224008560180664,28.14572227790301,28.67385650947039,0.5281342315673818,0.02,40.38526520805604,3.3667996696893354,3.172429475822873,0.1392700928043479,0.05510010106211417,0.1943701938664621,49.64099368091531,0.0,3.172429475822873,128.11940573496094,1.0,0.06390745310649426,True,0.0,False,True,"UNFILTERED (control, no IV condition)",2pct
put,1994-04-14,1994-05-20,25.23284721374512,25.78099822998047,23.769599000403066,23.264942056128163,0.5046569442749025,0.02,42.918589870911106,3.8420558990872378,3.6263026154914586,0.1559023405364804,0.05985094305929889,0.21575328359577928,46.83939181199879,0.0,3.6263026154914586,155.63579470209015,1.0,0.07741993384641928,True,0.0,False,True,"UNFILTERED (control, no IV condition)",2pct
call,1994-04-14,1994-05-20,25.23284721374512,25.78099822998047,27.09565495907356,27.600311903348462,0.5046569442749025,0.02,42.445586199907595,3.3201769429442862,3.1043354038642645,0.1494229813268147,0.0664185577532072,0.2158415390800219,47.36135902362598,0.0,3.1043354038642645,131.7653359781456,1.0,0.06554574167341107,True,0.0,False,True,"UNFILTERED (control, no IV condition)",2pct
put,1994-05-23,1994-06-29,25.736793518066406,25.48867416381836,24.49239314210829,23.977657271746963,0.5147358703613278,0.02,41.98045447089148,3.6263090627348227,3.4505559611935688,0.1332054140548121,0.04254768748644146,0.17575310154125356,48.02303107493921,0.0,3.4505559611935688,144.8559074281498,1.0,0.07185210687365878,True,0.0,False,True,"UNFILTERED (control, no IV condition)",2pct
call,1994-05-23,1994-06-29,25.736793518066406,25.48867416381836,27.342675231490237,27.857411101851564,0.5147358703613278,0.02,41.633354647854354,3.226592993307009,3.05018501513825,0.12853640150071732,0.047871576668041815,0.17640797816875914,48.42340202099453,0.0,3.05018501513825,126.98943447682177,1.0,0.06298989512995817,True,0.0,False,True,"UNFILTERED (control, no IV condition)",2pct
put,1994-06-30,1994-08-05,25.3284854888916,26.076045989990234,23.98005389423674,23.473484184458908,0.5065697097778319,0.02,42.889576994067944,3.7196023308195825,3.525110089684877,0.14374114970259755,0.05075109143210764,0.1944922411347052,47.13186088809831,0.0,3.525110089684877,151.1904806041053,1.0,0.07479250815184839,True,0.0,False,True,"UNFILTERED (control, no IV condition)",2pct
call,1994-06-30,1994-08-05,25.3284854888916,26.076045989990234,27.050999850041336,27.557569559819168,0.5065697097778319,0.02,42.476527027684384,3.261718480838449,3.066790756215463,0.13823534332197407,0.05669238130101249,0.19492772462298658,47.59018022156772,0.0,3.066790756215463,130.26662044463873,1.0,0.06444167141072525,True,0.0,False,True,"UNFILTERED (control, no IV condition)",2pct
put,1994-08-08,1994-09-14,26.13835334777832,26.79692649841309,24.98085189735841,24.458084830402843,0.5227670669555664,0.02,41.454554931639514,3.537608830677552,3.377503175037851,0.12427293820332017,0.03583271743638136,0.16010565563970153,48.89920352051879,0.0,3.377503175037851,140.01289090139346,1.0,0.06907071960017924,True,0.0,False,True,"UNFILTERED (control, no IV condition)",2pct
call,1994-08-08,1994-09-14,26.13835334777832,26.79692649841309,27.64326958250981,28.166036649465376,0.5227670669555664,0.02,41.15863150557513,3.186777133561658,3.0259263779412056,0.12026009197974724,0.04059066364070531,0.16085075562045253,49.25078031761544,0.0,3.0259263779412056,124.54298875268174,1.0,0.06143915605858793,True,0.0,False,True,"UNFILTERED (control, no IV condition)",2pct
put,1994-09-15,1994-10-21,27.13511657714844,26.682344436645508,26.001359238981177,25.458656907438208,0.5427023315429693,0.02,39.96318856022429,3.568002713191809,3.4137847759335744,0.1217090025440147,0.03250893471421958,0.1542179372582343,50.85644837836336,0.0,3.4137847759335744,136.42572470465646,1.0,0.06712589818572454,True,0.0,False,True,"UNFILTERED (control, no IV condition)",2pct
call,1994-09-15,1994-10-21,27.13511657714844,26.682344436645508,28.610601048954077,29.153303380497047,0.5427023315429693,0.02,39.70625330311292,3.2396945805025723,3.0846977039271706,0.1179946205439833,0.037002256031418504,0.1549968765754018,51.185535450369755,0.0,3.0846977039271706,122.48178839566307,1.0,0.060265027547052596,True,0.0,False,True,"UNFILTERED (control, no IV condition)",2pct
put,1994-10-24,1994-11-30,26.45849227905273,26.12720489501953,24.83753488925952,24.308365043678464,0.5291698455810554,0.02,41.55191188764622,4.123459702520327,3.880396498829236,0.17307484812704999,0.06998835556404105,0.24306320369109102,49.036588059276305,0.0,3.880396498829236,161.2378934084833,1.0,0.07913267730084612,True,0.0,False,True,"UNFILTERED (control, no IV condition)",2pct
call,1994-10-24,1994-11-30,26.45849227905273,26.12720489501953,28.52671124882781,29.055881094408864,0.5291698455810554,0.02,41.05206571716189,3.5261340779947803,3.283331519835982,0.1654779550543342,0.07732460310446443,0.24280255815879864,49.63365303826956,0.0,3.283331519835982,134.78754132353575,1.0,0.06615131707723387,True,0.0,False,True,"UNFILTERED (control, no IV condition)",2pct
put,1994-12-01,1995-01-06,25.867544174194336,26.59725952148437,24.32799467800834,23.810643794524456,0.5173508834838856,0.02,42.588199896895034,3.981229056980218,3.7526777287399464,0.16404102733238862,0.06451030090788325,0.22855132824027186,47.98241061964861,0.0,3.7526777287399464,159.81978926020287,1.0,0.07820944550883484,True,0.0,False,True,"UNFILTERED (control, no IV condition)",2pct
call,1994-12-01,1995-01-06,25.867544174194336,26.59725952148437,27.826102191490346,28.34345307497423,0.5173508834838856,0.02,42.09954994420315,3.42424170879414,3.1957453456050002,0.15705120295449668,0.0714451602346431,0.2284963631891398,48.53934300278356,0.0,3.1957453456050002,134.53944078625244,1.0,0.06583824889063157,True,0.0,False,True,"UNFILTERED (control, no IV condition)",2pct
put,1995-01-09,1995-02-15,26.62433624267578,28.13152503967285,25.35301738267314,24.820530657819624,0.5324867248535163,0.02,41.23702759956329,3.730318767552321,3.551305849083036,0.13613544382904616,0.04287747464023807,0.17901291846928424,49.6973666362686,0.0,3.551305849083036,146.4452973131277,1.0,0.07145863230691446,True,0.0,False,True,"UNFILTERED (control, no IV condition)",2pct
call,1995-01-09,1995-02-15,26.62433624267578,28.13152503967285,28.266522488449855,28.79900921330337,0.5324867248535163,0.02,40.90303648081726,3.325213533785809,3.145505191976243,0.13141934007710604,0.04828900173246033,0.17970834180956635,50.10316729337539,0.0,3.145505191976243,128.66071361800437,1.0,0.06278056581848349,True,0.0,False,True,"UNFILTERED (control, no IV condition)",2pct
put,1995-02-16,1995-03-24,28.09543800354004,29.163976669311523,26.94998492797171,26.38807616790091,0.5619087600707999,0.02,38.99539623077455,3.650537168373358,3.4955837817282216,0.12310840792723529,0.03184497871790079,0.15495338664513608,52.69529222535178,0.0,3.4955837817282216,136.31167462636134,1.0,0.06633578891221124,True,0.0,False,True,"UNFILTERED (control, no IV condition)",2pct
call,1995-02-16,1995-03-24,28.09543800354004,29.163976669311523,29.59004122284622,30.15194998291702,0.5619087600707999,0.02,38.755201075472584,3.3247436503290206,3.1689913877137363,0.11943542693675507,0.03631683567852911,0.1557522626152842,53.021884619366254,0.0,3.1689913877137363,122.81489843728676,1.0,0.05976761125077515,True,0.0,False,True,"UNFILTERED (control, no IV condition)",2pct
put,1995-03-27,1995-05-03,29.28194236755371,30.36176300048828,28.049539798818444,27.46390095146737,0.5856388473510741,0.02,37.54869570883347,3.8687911430310473,3.700292474546306,0.13260922353025908,0.035889444954482694,0.16849866848474176,54.8635922605611,0.0,3.700292474546306,138.94115616042566,1.0,0.06744531887326444,True,0.0,False,True,"UNFILTERED (control, no IV condition)",2pct
call,1995-03-27,1995-05-03,29.28194236755371,30.36176300048828,30.892448580375955,31.47808742772703,0.5856388473510741,0.02,37.303022532857526,3.508308259375603,3.3389675190623747,0.12852422339880917,0.040816516914419024,0.1693407403132282,55.224917216045036,0.0,3.3389675190623747,124.55358060006316,1.0,0.060461249873857155,True,0.0,False,True,"UNFILTERED (control, no IV condition)",2pct
put,1995-05-04,1995-06-09,30.34361267089844,30.81545066833496,28.989660321095112,28.382788067677144,0.6068722534179685,0.02,36.38847950890998,4.116521762203584,3.929530217030245,0.14495229461421455,0.0420392505591248,0.18699154517333935,56.757695124766606,0.0,3.929530217030245,142.98962978204767,1.0,0.06923343536752548,True,0.0,False,True,"UNFILTERED (control, no IV condition)",2pct
call,1995-05-04,1995-06-09,30.34361267089844,30.81545066833496,32.09452246366021,32.70139471707818,0.6068722534179685,0.02,36.126526710609944,3.7058356421834304,3.5179811859791426,0.1402501736294373,0.04760428257485107,0.18785445620428837,57.1692441558177,0.0,3.5179811859791426,127.09244128269874,1.0,0.06153625499037043,True,0.0,False,True,"UNFILTERED (control, no IV condition)",2pct
put,1995-06-12,1995-07-19,30.987876892089844,32.28338623046875,29.674273679713984,29.05451614187219,0.6197575378417959,0.02,35.673068733024614,4.108273691481434,3.928382448143338,0.14129904281256628,0.03859220052553,0.17989124333809628,58.04737133603625,0.0,3.928382448143338,140.1374570822248,1.0,0.06767545812543226,True,0.0,False,True,"UNFILTERED (control, no IV condition)",2pct
call,1995-06-12,1995-07-19,30.987876892089844,32.28338623046875,32.70319748431693,33.32295502215873,0.6197575378417994,0.02,35.436754642691106,3.722069859459154,3.541286849468275,0.13691737823867886,0.04386563175220008,0.18078300999087893,58.43446693471167,0.0,3.541286849468275,125.49171320399586,1.0,0.060602706505818296,True,0.0,False,True,"UNFILTERED (control, no IV condition)",2pct
put,1995-07-20,1995-08-25,32.40201950073242,32.88579559326172,30.939324806084976,30.291284416070326,0.6480403900146499,0.02,34.26547654484123,4.419662558371051,4.217096685610828,0.15652871835974969,0.046037154400473124,0.2025658727602228,60.58694231585415,0.0,4.217096685610828,144.50082756812552,1.0,0.06960405203527353,True,0.0,False,True,"UNFILTERED (control, no IV condition)",2pct
call,1995-07-20,1995-08-25,32.40201950073242,32.88579559326172,34.291623192032404,34.939663582047054,0.6480403900146499,0.02,34.01389831409968,3.9724554114771493,3.7689752849672464,0.15139575589841608,0.0520843706114868,0.20348012650990288,61.03506371649774,0.0,3.7689752849672464,128.1975420912308,1.0,0.06175098468765086,True,0.0,False,True,"UNFILTERED (control, no IV condition)",2pct
put,1995-08-28,1995-10-04,32.76713180541992,34.171627044677734,31.307417196711125,30.652074560602728,0.6553426361083972,0.02,33.96176720700291,4.447107235063186,4.244920051252121,0.1566824323438222,0.04550475146724228,0.20218718381106449,61.28934355958759,0.0,4.244920051252121,144.1649865929634,1.0,0.0692603282188047,True,0.0,False,True,"UNFILTERED (control, no IV condition)",2pct
call,1995-08-28,1995-10-04,32.76713180541992,34.171627044677734,34.66390536447831,35.31924800058671,0.6553426361084007,0.02,33.716870317683004,4.002873234351845,3.799755080578135,0.1515949923162528,0.051523161457456626,0.20311815377370945,61.734508530261934,0.0,3.799755080578135,128.1158492908101,1.0,0.061549936511044144,True,0.0,False,True,"UNFILTERED (control, no IV condition)",2pct
put,1995-10-05,1995-11-10,34.27255630493164,34.96075820922852,32.351332049291806,31.66588092319317,0.6854511260986342,0.02,32.771824973682854,5.144990960244122,4.864190456937488,0.2047126386563694,0.07608786465026565,0.2808005033066351,63.68092215292593,0.0,4.864190456937488,159.40839829341377,1.0,0.0763837942744677,True,0.0,False,True,"UNFILTERED (control, no IV condition)",2pct
call,1995-10-05,1995-11-10,34.27255630493164,34.96075820922852,36.72122428638667,37.406675412485306,0.6854511260986342,0.02,32.42929861281722,4.472711337106117,4.191576633800773,0.19647624336649877,0.0846584599388446,0.2811347033053434,64.35353597606264,0.0,4.191576633800773,135.9298903160325,1.0,0.06513358699294937,True,0.0,False,True,"UNFILTERED (control, no IV condition)",2pct
put,1995-11-13,1995-12-20,34.924049377441406,35.85087966918945,33.27348057528129,32.574999587732464,0.6984809875488267,0.02,32.09421845569027,4.87047461873249,4.6386342022557185,0.17680114097254201,0.05503927550422859,0.23184041647677062,65.20946455262695,0.0,4.6386342022557185,148.87333942323158,1.0,0.07113437035680815,True,0.0,False,True,"UNFILTERED (control, no IV condition)",2pct
call,1995-11-13,1995-12-20,34.924049377441406,35.85087966918945,37.05785081476398,37.75633180231281,0.6984809875488267,0.02,31.83866880473375,4.348007205441373,4.115237448211542,0.17073496868293264,0.06203478854689831,0.23276975722983095,65.73286130667113,0.0,4.115237448211542,131.02368216644496,1.0,0.06260548173937308,True,0.0,False,True,"UNFILTERED (control, no IV condition)",2pct
put,1995-12-21,1996-01-26,36.03554534912109,36.77417755126953,34.680218061405334,33.959507154422916,0.7207109069824185,0.02,30.971731459013597,4.49772544729754,4.317541177144902,0.14631370316753878,0.033870566985100097,0.18018427015263888,67.75354952109694,0.0,4.317541177144902,133.72172590176535,1.0,0.06372420644619535,True,0.0,False,True,"UNFILTERED (control, no IV condition)",2pct
call,1995-12-21,1996-01-26,36.03554534912109,36.77417755126953,37.820941477100156,38.541652384082575,0.7207109069824185,0.02,30.806505245665292,4.1352922092043665,3.9541548618518783,0.1422598262912987,0.03887752106118969,0.1811373473524884,68.11693583638997,0.0,3.9541548618518783,121.81369249381281,1.0,0.05804951167136115,True,0.0,False,True,"UNFILTERED (control, no IV condition)",2pct
put,1996-01-29,1996-03-06,36.92190170288086,38.58381271362305,35.31758663458494,34.579148600527326,0.7384380340576158,0.02,30.436907620434102,4.952747857468864,4.731807017598144,0.17237976815372147,0.048561071716999096,0.22094083987072055,69.11199638816343,0.0,4.731807017598144,144.02157307235652,1.0,0.0684657840155887,True,0.0,False,True,"UNFILTERED (control, no IV condition)",2pct
call,1996-01-29,1996-03-06,36.92190170288086,38.58381271362305,39.01157486408641,39.75001289814403,0.7384380340576158,0.02,30.226541626855706,4.472813000575271,4.250812070578959,0.16691062750534696,0.05509030249096457,0.22200092999631155,69.59299133518262,0.0,4.250812070578959,128.48734799929562,1.0,0.061081036883522614,True,0.0,False,True,"UNFILTERED (control, no IV condition)",2pct
put,1996-03-07,1996-04-12,38.77766418457031,37.81852722167969,36.49792158522338,35.72236830153197,0.7755532836914085,0.02,29.310223121063807,5.938068662911444,5.60071992959948,0.2429002249423759,0.09444850836958854,0.33734873331196447,71.95460843954137,0.0,5.60071992959948,164.15835077514953,1.0,0.07783684813329765,True,0.0,False,True,"UNFILTERED (control, no IV condition)",2pct
call,1996-03-07,1996-04-12,38.77766418457031,37.81852722167969,41.6787821878884,42.45433547157981,0.7755532836914085,0.02,28.980249286370203,5.118806078663907,4.781433047832083,0.23267159139921112,0.10470143943261262,0.33737303083182374,72.77389532130877,0.0,4.781433047832083,138.56712167226263,1.0,0.06570258506462058,True,0.0,False,True,"UNFILTERED (control, no IV condition)",2pct
put,1996-04-15,1996-05-22,38.13384246826172,40.47081756591797,35.81720024188379,35.054523392518554,0.7626768493652349,0.02,29.919553000321187,5.922734105512073,5.576116202927069,0.24734312761140326,0.09927477497360115,0.3466179025850044,70.69156873359643,0.0,5.576116202927069,166.83490426942618,1.0,0.0788795085866725,True,0.0,False,True,"UNFILTERED (control, no IV condition)",2pct
call,1996-04-15,1996-05-22,38.13384246826172,40.47081756591797,41.090240234093706,41.85291708345894,0.7626768493652349,0.02,29.564239059727544,5.07284554981009,4.72651882946733,0.2365739295440067,0.10975279079875333,0.34632672034276,71.54116610705617,0.0,4.72651882946733,139.73593259467575,1.0,0.06606712032614113,True,0.0,False,True,"UNFILTERED (control, no IV condition)",2pct
put,1996-05-23,1996-06-28,40.30388259887695,40.04197692871094,37.98134400213616,37.17526635015862,0.8060776519775388,0.02,28.347228869779606,6.1207721265923665,5.778879316801764,0.2474560564777059,0.09443675331289661,0.34189280979060255,74.82888588095211,0.0,5.778879316801764,163.8152146042152,1.0,0.07722792139382624,True,0.0,False,True,"UNFILTERED (control, no IV condition)",2pct
call,1996-05-23,1996-06-28,40.30388259887695,40.04197692871094,43.26119765853319,44.06727531051073,0.8060776519775388,0.02,28.03786534634582,5.295318373788871,4.953234157842714,0.23723358764543984,0.10485062830071709,0.3420842159461569,75.65453103991116,0.0,4.953234157842714,138.87811234651465,1.0,0.06547174491412366,True,0.0,False,True,"UNFILTERED (control, no IV condition)",2pct
put,1996-07-01,1996-08-07,40.38691711425781,39.706356048583984,38.39025541745981,37.58251707517466,0.8077383422851554,0.02,28.24648591881053,5.7472744684951005,5.463743380706361,0.21360647475055922,0.06992461303818066,0.28353108778873987,75.31009084780918,0.0,5.463743380706361,154.33155046711647,1.0,0.07254995073300068,True,0.0,False,True,"UNFILTERED (control, no IV condition)",2pct
call,1996-07-01,1996-08-07,40.38691711425781,39.706356048583984,42.95943588384227,43.76717422612742,0.8077383422851554,0.02,28.004263881492946,5.096852208529046,4.812351017281871,0.20596124823020062,0.07853994301697462,0.2845011912471752,75.96148321123367,0.0,4.812351017281871,134.76634777833252,1.0,0.06335251516745251,True,0.0,False,True,"UNFILTERED (control, no IV condition)",2pct
put,1996-08-08,1996-09-13,39.64108276367188,40.90899658203125,37.37551743831343,36.582695783039995,0.7928216552734355,0.02,28.975231741092884,5.9994150600768625,5.666623891594759,0.241388272492013,0.0914028959900906,0.3327911684821036,73.6155416357488,0.0,5.666623891594759,164.19174044857175,1.0,0.07697591793365224,True,0.0,False,True,"UNFILTERED (control, no IV condition)",2pct
call,1996-08-08,1996-09-13,39.64108276367188,40.90899658203125,42.5266295123808,43.319451167654236,0.7928216552734355,0.02,28.663063052785198,5.19792084606352,4.8648789060999595,0.23149498055757417,0.10154695940598549,0.3330419399635597,74.41728662124359,0.0,4.8648789060999595,139.44233082970783,1.0,0.06537296812312426,True,0.0,False,True,"UNFILTERED (control, no IV condition)",2pct
put,1996-09-16,1996-10-23,41.05818176269531,42.49709701538086,38.7759303582559,37.954766723001995,0.8211636352539031,0.02,28.03412787688604,6.146665669585882,5.81293545152706,0.2436984298992348,0.09003178815958773,0.3337302180588225,76.30342807386326,0.0,5.81293545152706,162.9605757881939,1.0,0.07618183872289487,True,0.0,False,True,"UNFILTERED (control, no IV condition)",2pct
call,1996-09-16,1996-10-23,41.05818176269531,42.49709701538086,43.97922243144933,44.80038606670323,0.8211636352539031,0.02,27.74405096612421,5.349320320802553,5.015147748381995,0.23395279022031118,0.10021978220024694,0.3341725724205581,77.10121577700832,0.0,5.015147748381995,139.14051473375315,1.0,0.06504628620755833,True,0.0,False,True,"UNFILTERED (control, no IV condition)",2pct
put,1996-10-24,1996-11-29,42.131595611572266,45.58945846557617,39.59349309303738,38.750861180805934,0.8426319122314467,0.02,27.458003249039376,6.516707269316546,6.13871645992798,0.2704542455607403,0.10753656382782653,0.3779908093885669,78.12447476321668,0.0,6.13871645992798,168.55689650163396,1.0,0.07857609895661365,True,0.0,False,True,"UNFILTERED (control, no IV condition)",2pct
call,1996-10-24,1996-11-29,42.131595611572266,45.58945846557617,45.359582871589716,46.20221478382116,0.8426319122314467,0.02,27.13701836696008,5.592416142219836,5.214636482523052,0.25879503162613976,0.11898462807064386,0.3777796596967836,79.04855474062163,22.98755939864563,-17.772922916122578,-482.3041356093841,-3.408276487860438,-0.22483552007294821,False,17.772922916122578,False,False,"UNFILTERED (control, no IV condition)",2pct
put,1996-12-02,1997-01-08,45.60820007324219,45.013065338134766,42.65391657618642,41.74175257472157,0.9121640014648449,0.02,25.342807334265064,7.268534207519428,6.818996619533424,0.3156254715869958,0.1339121163990091,0.44953758798600485,84.39740352695107,0.0,6.818996619533424,172.81251754184032,1.0,0.08079628441834562,True,0.0,False,True,"UNFILTERED (control, no IV condition)",2pct
call,1996-12-02,1997-01-08,45.60820007324219,45.013065338134766,49.374699074282326,50.28686307574717,0.9121640014648449,0.02,25.011124689282187,6.148078651517341,5.699768500875398,0.30100605846493933,0.1473040921770044,0.44831015064194374,85.51663164560908,0.0,5.699768500875398,142.5576206754376,1.0,0.06665099397852695,True,0.0,False,True,"UNFILTERED (control, no IV condition)",2pct
put,1997-01-09,1997-02-14,45.38974380493164,48.93051528930664,42.00223424799144,41.094439371892804,0.9077948760986345,0.02,25.636891083927203,7.638531093817935,7.104188103482,0.362653133840693,0.17168985649524265,0.5343429903359356,83.67529950638145,0.0,7.104188103482,182.12929664869938,1.0,0.08490185449458956,True,0.0,False,True,"UNFILTERED (control, no IV condition)",2pct
call,1997-01-09,1997-02-14,45.38974380493164,48.93051528930664,49.70167476642259,50.609469642521226,0.9077948760986345,0.02,25.22447968985842,6.2662651658198065,5.736126310222344,0.343397742371479,0.18674111322598275,0.5301388555974618,85.0433612996411,0.0,5.736126310222344,144.69080161066603,1.0,0.06744943076757894,True,0.0,False,True,"UNFILTERED (control, no IV condition)",2pct
put,1997-02-18,1997-03-27,49.3448600769043,46.58450698852539,45.83191409848384,44.84501689694576,0.9868972015380848,0.02,23.624869402969022,8.159696753022816,7.6115048577331255,0.3760921570576309,0.17209973823205937,0.5481918952896903,91.07821529607536,0.0,7.6115048577331255,179.8208082240094,1.0,0.08357108044980667,True,0.0,False,True,"UNFILTERED (control, no IV condition)",2pct
call,1997-02-18,1997-03-27,49.3448600769043,46.58450698852539,53.82531546533397,54.81221266687206,0.9868972015380848,0.02,23.26924646181711,6.764441801612486,6.219560221639922,0.3569963125064385,0.18788526746612577,0.5448815799725643,92.47015993216856,0.0,6.219560221639922,144.7244796814532,1.0,0.06726018670457884,True,0.0,False,True,"UNFILTERED (control, no IV condition)",2pct
put,1997-03-31,1997-05-07,45.601375579833984,49.30697250366211,41.95705046500171,41.04502295340503,0.9120275115966763,0.02,25.720044130246755,7.878311763858914,7.291470267060565,0.3918996454474105,0.19494185135093822,0.5868414967983487,83.91128089260707,0.0,7.291470267060565,187.53693704317982,1.0,0.08689499420694666,True,0.0,False,True,"UNFILTERED (control, no IV condition)",2pct
call,1997-03-31,1997-05-07,45.601375579833984,49.30697250366211,50.26562826228582,51.1776557738825,0.9120275115966763,0.02,25.26275015488364,6.352940282801489,5.772549208112689,0.3696072908794201,0.2107837838093804,0.5803910746888006,85.43020195155493,0.0,5.772549208112689,145.83046840132226,1.0,0.06757035657467061,True,0.0,False,True,"UNFILTERED (control, no IV condition)",2pct
put,1997-05-08,1997-06-13,49.64727783203125,54.27926635742188,45.880689436167806,44.88774387952718,0.9929455566406276,0.02,23.66388573558501,8.407273315972708,7.81045960807085,0.40349777040058765,0.19331593750126913,0.5968137079018567,91.4840960559919,0.0,7.81045960807085,184.82582370779068,1.0,0.08537505364091415,True,0.0,False,True,"UNFILTERED (control, no IV condition)",2pct
call,1997-05-08,1997-06-13,49.64727783203125,54.27926635742188,54.444262770841654,55.43720832748228,0.9929455566406276,0.02,23.274083095561515,6.86995224530631,6.278251356670861,0.38172484738405454,0.20997604125139457,0.5917008886354491,93.01630430739189,0.0,6.278251356670861,146.12054376997943,1.0,0.06749624599062828,True,0.0,False,True,"UNFILTERED (control, no IV condition)",2pct
put,1997-06-16,1997-07-23,54.29816055297852,56.88205337524414,50.41888415510302,49.33292094404345,1.0859632110595712,0.02,21.669104583047776,8.991002090096645,8.385068041968733,0.415354550190164,0.19057949793774703,0.605934048127911,100.2112530639884,0.0,8.385068041968733,181.6969163373921,1.0,0.08367391670688494,True,0.0,False,True,"UNFILTERED (control, no IV condition)",2pct
call,1997-06-16,1997-07-23,54.29816055297852,56.88205337524414,59.24611861673981,60.33208182779938,1.0859632110595712,0.02,21.341231538740463,7.447678755538112,6.8454863849169145,0.3941921697548256,0.208000200866372,0.6021923706211976,101.7508347210402,0.0,6.8454863849169145,146.09110993580728,1.0,0.06727695555210413,True,0.0,False,True,"UNFILTERED (control, no IV condition)",2pct
put,1997-07-24,1997-08-29,57.147743225097656,54.8891830444336,52.87262031748901,51.72966545298706,1.1429548645019523,0.02,20.675466254550436,9.625910797313919,8.951120487568803,0.457719039838983,0.2170712699061328,0.6747903097451158,105.34436596262641,0.0,8.951120487568803,185.0685895811438,1.0,0.08497009219025951,True,0.0,False,True,"UNFILTERED (control, no IV condition)",2pct
call,1997-07-24,1997-08-29,57.147743225097656,54.8891830444336,62.589899675039526,63.73285453954148,1.1429548645019523,0.02,20.34172830894682,7.892195094943677,7.222781000219585,0.43335948604884267,0.2360546086752499,0.6694140947240925,107.07270544997564,0.0,7.222781000219585,146.92384874148996,1.0,0.0674567899434844,True,0.0,False,True,"UNFILTERED (control, no IV condition)",2pct
put,1997-09-02,1997-10-09,56.67328643798828,59.224212646484375,51.66729686996883,50.53383114120906,1.1334657287597665,0.02,21.003605708292298,10.160619562265705,9.3318735583625,0.5413807464799247,0.28736525742328045,0.8287460039032052,104.01469931761416,0.0,9.3318735583625,196.00299273948454,1.0,0.0897168728995423,True,0.0,False,True,"UNFILTERED (control, no IV condition)",2pct
call,1997-09-02,1997-10-09,56.67328643798828,59.224212646484375,63.11786307335415,64.25132880211392,1.1334657287597665,0.02,20.57388381932353,7.974708333374991,7.159342913987868,0.5073665638607505,0.30799885552637296,0.8153654193871235,106.18722996198878,0.0,7.159342913987868,147.29548933508357,1.0,0.06742188224093101,True,0.0,False,True,"UNFILTERED (control, no IV condition)",2pct
put,1997-10-10,1997-11-14,59.05279922485352,56.72877883911133,54.9398961780732,53.75884019357613,1.1810559844970712,0.02,20.093247334434942,9.671973284798518,9.036632866455937,0.43856987523127333,0.1967705431113076,0.6353404183425809,109.06896558325118,0.0,9.036632866455937,181.57529925618294,1.0,0.0828524669518239,True,0.0,False,True,"UNFILTERED (control, no IV condition)",2pct
call,1997-10-10,1997-11-14,59.05279922485352,56.72877883911133,64.26367637992384,65.4447323644209,1.181055984497064,0.02,19.80172969730504,8.063048493377423,7.430938433844153,0.41684313593385314,0.21526692359941646,0.6321100595332696,110.67466001586226,0.0,7.430938433844153,147.14543426429717,1.0,0.06714218442396051,True,0.0,False,True,"UNFILTERED (control, no IV condition)",2pct
put,1997-11-17,1997-12-24,57.77645492553711,57.16491317749024,51.28213097122566,50.12660187271492,1.1555290985107405,0.02,20.856106438179054,11.310210819833744,10.158160204909224,0.7174029427101825,0.4346476722143361,1.1520506149245184,105.39474964616483,0.0,10.158160204909224,211.85967044966154,1.0,0.09638203268201288,True,0.0,False,True,"UNFILTERED (control, no IV condition)",2pct
call,1997-11-17,1997-12-24,57.77645492553711,57.16491317749024,66.35726017230064,67.51278927081138,1.1555290985107405,0.02,20.26486044301628,8.19802126218141,7.083171170827154,0.6599003114543978,0.4549497798998575,1.1148500913542554,108.46973868024689,0.0,7.083171170827154,143.5394752708085,1.0,0.06530089642519854,True,0.0,False,True,"UNFILTERED (control, no IV condition)",2pct
put,1997-12-26,1998-01-30,57.39436340332031,60.16749572753906,51.53244039096591,50.384553122899504,1.1478872680664054,0.02,21.011450338301795,10.843228378506442,9.83490096149467,0.6397040632372175,0.36862335377455535,1.0083274170117729,104.95382584514587,0.0,9.83490096149467,206.64553313456184,1.0,0.09370693142721233,True,0.0,False,True,"UNFILTERED (control, no IV condition)",2pct
call,1997-12-26,1998-01-30,57.39436340332031,60.16749572753906,65.00902226086971,66.15690952893613,1.1478872680664125,0.02,20.48872151887444,8.1402995879436,7.157213657879197,0.5932967098814967,0.38978922018290674,0.9830859300644035,107.63151314876205,0.0,7.157213657879197,146.64215748737155,1.0,0.06649738026062042,True,0.0,False,True,"UNFILTERED (control, no IV condition)",2pct
put,1998-02-02,1998-03-11,61.16201400756836,65.52252197265625,56.44380600233435,55.22056572218298,1.2232402801513658,0.02,19.63887149128895,10.427559451694446,9.675098347574606,0.5065750452061007,0.24588605891373988,0.7524611041198406,112.64892966756197,0.0,9.675098347574606,190.00801311359973,1.0,0.08588717510345432,True,0.0,False,True,"UNFILTERED (control, no IV condition)",2pct
call,1998-02-02,1998-03-11,61.16201400756836,65.52252197265625,67.1920774848839,68.41531776503527,1.2232402801513729,0.02,19.306846950369962,8.483259195626536,7.737847316682829,0.47874667941718574,0.26666519952652096,0.7454118789437068,114.58618069845446,0.0,7.737847316682829,149.39343386852627,1.0,0.06752862578643568,True,0.0,False,True,"UNFILTERED (control, no IV condition)",2pct
put,1998-03-12,1998-04-17,65.79029846191406,68.91387176513672,61.50393884318388,60.1881328739456,1.3158059692382835,0.02,18.22960720182689,10.502578107183158,9.850827448063015,0.45715755589986196,0.19459310322028078,0.6517506591201427,121.72976947576535,0.0,9.850827448063015,179.57671499116356,1.0,0.08092373369707377,True,0.0,False,True,"UNFILTERED (control, no IV condition)",2pct
call,1998-03-12,1998-04-17,65.79029846191406,68.91387176513672,71.23649580910173,72.55230177834001,1.3158059692382835,0.02,17.989559573500426,8.876389581422961,8.226499607239763,0.4358998568593869,0.2139901173238104,0.6498899741831974,123.3540973165886,0.0,8.226499607239763,147.99110476581757,1.0,0.0666901204434777,True,0.0,False,True,"UNFILTERED (control, no IV condition)",2pct
put,1998-04-20,1998-05-27,68.89469146728516,67.2835464477539,63.819002873771716,62.441109044426014,1.3778938293457017,0.02,17.51837625324505,11.542933768880603,10.743519406264708,0.5439938534189559,0.2554205091969394,0.7994143626158954,127.04586352830547,0.0,10.743519406264708,188.20901524298503,1.0,0.08456410234774059,True,0.0,False,True,"UNFILTERED (control, no IV condition)",2pct
call,1998-04-20,1998-05-27,68.89469146728516,67.2835464477539,75.37269094415856,76.75058477350427,1.3778938293457088,0.02,17.24119311949304,9.494528005204828,8.701029055455969,0.5154310749394903,0.2780678748093679,0.7934989497488582,129.0883538791149,0.0,8.701029055455969,150.0161222834365,1.0,0.0674036719346818,True,0.0,False,True,"UNFILTERED (control, no IV condition)",2pct
put,1998-05-28,1998-07-02,67.59042358398438,70.71092987060547,62.64836316586682,61.29655469418713,1.3518084716796892,0.02,17.90587772154835,11.28024841359423,10.506604655339533,0.527824984297276,0.2458187739574194,0.7736437582546953,124.67424251262939,0.0,10.506604655339533,188.12997822716034,1.0,0.08427245631169746,True,0.0,False,True,"UNFILTERED (control, no IV condition)",2pct
call,1998-05-28,1998-07-02,67.59042358398438,70.71092987060547,73.85841174905948,75.21022022073917,1.3518084716796892,0.02,17.626883882867983,9.301553858658629,8.533292427591075,0.5004001387670098,0.2678612923005433,0.7682614310675531,126.64755474037786,0.0,8.533292427591075,150.4153547597045,1.0,0.06737826438958071,True,0.0,False,True,"UNFILTERED (control, no IV condition)",2pct
put,1998-07-06,1998-08-12,71.42283630371094,66.9204330444336,66.61453160045775,65.18607487438354,1.4284567260742165,0.02,16.959848532441722,11.556987616074688,10.817804325795603,0.5140539903404767,0.22512929993860897,0.7391832902790857,132.02786828162604,0.0,10.817804325795603,183.46832281908627,1.0,0.0819357645214748,True,0.0,False,True,"UNFILTERED (control, no IV condition)",2pct
call,1998-07-06,1998-08-12,71.42283630371094,66.9204330444336,77.55242536439827,78.98088209047249,1.4284567260742165,0.02,16.724731145858325,9.697971520287707,8.961747742533891,0.48933653288050494,0.24688724487331032,0.7362237777538152,133.88392486488777,0.0,8.961747742533891,149.8828215908821,1.0,0.06693669722916964,True,0.0,False,True,"UNFILTERED (control, no IV condition)",2pct
put,1998-08-13,1998-09-18,66.11227416992188,63.08260345458984,59.13283890068169,57.81059341728325,1.32224548339844,0.02,18.59247704758192,12.645506971421128,11.431624123335146,0.7650102611857557,0.4488725869002258,1.2138828480859813,120.79292421650887,0.0,11.431624123335146,212.54220912969248,1.0,0.09463819339984797,True,0.0,False,True,"UNFILTERED (control, no IV condition)",2pct
call,1998-08-13,1998-09-18,66.11227416992188,63.08260345458984,75.235904208057,76.55814969145543,1.322245483398433,0.02,18.108240655069753,9.382029190445973,8.201474327019387,0.7075527965938688,0.4730020668327173,1.180554863426586,124.02307401282391,0.0,8.201474327019387,148.5142708400433,1.0,0.06612861672958824,True,0.0,False,True,"UNFILTERED (control, no IV condition)",2pct
put,1998-09-21,1998-10-28,63.0439682006836,65.9982681274414,54.517440248286924,53.25656088427325,1.2608793640136753,0.02,19.683055725486625,13.221505443770809,11.620912986514298,0.9655650466753929,0.6350274105811182,1.6005924572565111,114.46702341485322,0.0,11.620912986514298,228.73507789459214,1.0,0.10152192867283356,True,0.0,False,True,"UNFILTERED (control, no IV condition)",2pct
call,1998-09-21,1998-10-28,63.0439682006836,65.9982681274414,74.69069149714225,75.95157086115593,1.2608793640136753,0.02,18.97265726408512,8.857183635073707,7.334892521207459,0.8718603523715451,0.6504307614947025,1.5222911138662476,118.75304388016006,0.0,7.334892521207459,139.16240187377034,1.0,0.061765932741980785,True,0.0,False,True,"UNFILTERED (control, no IV condition)",2pct
put,1998-10-29,1998-12-04,67.60092163085938,73.14258575439453,60.55917258180213,59.207154149184944,1.3520184326171858,0.02,18.294919058856745,12.86734364707165,11.6473884467783,0.7708193957350729,0.44913580455827606,1.219955200293349,123.55445481494027,0.0,11.6473884467783,213.0880288808722,1.0,0.09426927150642805,True,0.0,False,True,"UNFILTERED (control, no IV condition)",2pct
call,1998-10-29,1998-12-04,67.60092163085938,73.14258575439453,76.790603840756,78.14262227337319,1.3520184326171858,0.02,17.82690677918049,9.591328522109954,8.40369604526597,0.7137078449483691,0.4739246318956142,1.1876324768439832,126.79814721645262,0.0,8.40369604526597,149.8119059995242,1.0,0.06627617382232186,True,0.0,False,True,"UNFILTERED (control, no IV condition)",2pct
put,1998-12-07,1999-01-13,73.49018096923828,76.48528289794922,66.9038735735516,65.43406995416684,1.4698036193847628,0.02,16.818879062224077,13.245918118104516,12.151117937821518,0.7129740666178053,0.3818261136651929,1.094800180282998,134.82924400065477,0.0,12.151117937821518,204.36818306704174,1.0,0.09012227301194768,True,0.0,False,True,"UNFILTERED (control, no IV condition)",2pct
call,1998-12-07,1999-01-13,73.49018096923828,76.48528289794922,81.97833983571645,83.44814345510122,1.4698036193847628,0.02,16.467793227654084,10.352848781623614,9.276620001150834,0.6675250000066857,0.4087037804660937,1.0762287804727793,137.70374193732545,0.0,9.276620001150834,152.76546003047213,1.0,0.06736650631740275,True,0.0,False,True,"UNFILTERED (control, no IV condition)",2pct
put,1999-01-14,1999-02-19,75.1485366821289,77.0277328491211,66.45546610053661,64.95249536689403,1.5029707336425844,0.02,16.606040346416798,14.862971322952934,13.309605292080848,0.9624701569729555,0.5908958738991305,1.5533660308720858,136.9874680721776,0.0,13.309605292080848,221.0198424751771,1.0,0.0971592911336103,True,0.0,False,True,"UNFILTERED (control, no IV condition)",2pct
call,1999-01-14,1999-02-19,75.1485366821289,77.0277328491211,86.66115690792387,88.16412764156645,1.5029707336425844,0.02,16.117646640547246,10.658374389093517,9.158638424427357,0.8830976621967523,0.6166383024694078,1.49973596466616,141.13843493983106,0.0,9.158638424427357,147.6156978334585,1.0,0.06489117176573334,True,0.0,False,True,"UNFILTERED (control, no IV condition)",2pct
put,1999-02-22,1999-03-31,79.08130645751953,79.77801513671875,71.72743472382615,70.14580859467576,1.5816261291503935,0.02,15.744644946393684,14.447369643674346,13.212241513429923,0.7981561856681418,0.43697194457628097,1.2351281302444228,144.95037140160943,0.0,13.212241513429923,208.0220515749573,1.0,0.09115010458871596,True,0.0,False,True,"UNFILTERED (control, no IV condition)",2pct
call,1999-02-22,1999-03-31,79.08130645751953,79.77801513671875,88.58719022746526,90.16881635661565,1.5816261291503935,0.02,15.398852192439382,11.168775624761107,9.957272410065771,0.7453613026571826,0.4661419120381538,1.2115032146953364,148.20534050497358,0.0,9.957272410065771,153.33056608245747,1.0,0.06718565185396688,True,0.0,False,True,"UNFILTERED (control, no IV condition)",2pct
put,1999-04-01,1999-05-07,80.38005828857422,83.8951187133789,74.05573355378456,72.44813238801308,1.6076011657714844,0.02,15.47192664147286,13.799809025626786,12.787647603404348,0.6785783239315557,0.3335830982908822,1.0121614222224378,147.9724689737441,0.0,12.787647603404348,197.8495456368783,1.0,0.08641910006700881,True,0.0,False,True,"UNFILTERED (control, no IV condition)",2pct
call,1999-04-01,1999-05-07,80.38005828857422,83.8951187133789,88.44587182473134,90.05347299050283,1.6076011657714844,0.02,15.203405447048567,11.176016496424968,10.174171020863085,0.6406229439862549,0.3612225315756279,1.0018454755618826,150.58594555628534,0.0,10.174171020863085,154.6820471177935,1.0,0.06756388176385444,True,0.0,False,True,"UNFILTERED (control, no IV condition)",2pct
put,1999-05-10,1999-06-16,83.47759246826172,82.84644317626953,75.49861788232319,73.82906603295795,1.6695518493652344,0.02,15.019264856268352,15.404144761901506,14.053572324236383,0.8678380283563325,0.48273440930879097,1.3505724376651234,152.90161261228704,0.0,14.053572324236383,211.07432491442904,1.0,0.09191251867220039,True,0.0,False,True,"UNFILTERED (control, no IV condition)",2pct
call,1999-05-10,1999-06-16,83.47759246826172,82.84644317626953,93.817249754527,95.48680160389223,1.6695518493652344,0.02,14.676772424433576,11.807964328052467,10.485509563526104,0.8088269363638378,0.5136278281625245,1.3224547645263622,156.46967537299733,0.0,10.485509563526104,153.89343761809448,1.0,0.06701304606487114,True,0.0,False,True,"UNFILTERED (control, no IV condition)",2pct
put,1999-06-17,1999-07-23,83.62322235107422,84.6158447265625,77.07600078020111,75.40353633317963,1.6724644470214827,0.02,14.963157936219645,14.330095522750685,13.283679499446354,0.70233420568655,0.34408181761778067,1.0464160233043307,153.96276520270192,0.0,13.283679499446354,198.7657943243389,1.0,0.08627851988730868,True,0.0,False,True,"UNFILTERED (control, no IV condition)",2pct
call,1999-06-17,1999-07-23,83.62322235107422,84.6158447265625,91.97155098488273,93.64401543190421,1.6724644470214827,0.02,14.705284224611182,11.619756117113678,10.583769106291548,0.6632404568749861,0.3727465539471425,1.0359870108221285,156.6626755958567,0.0,10.583769106291548,155.6373328756763,1.0,0.06755769404573772,True,0.0,False,True,"UNFILTERED (control, no IV condition)",2pct
put,1999-07-26,1999-09-01,83.99256134033203,83.33030700683594,76.44160405218935,74.7617528253827,1.6798512268066474,0.02,14.997263738180864,15.156105403649356,13.899865869048975,0.8175710848458084,0.43866844975457286,1.2562395346003812,154.08525681161578,0.0,13.899865869048975,208.45995436346604,1.0,0.09020892820422731,True,0.0,False,True,"UNFILTERED (control, no IV condition)",2pct
call,1999-07-26,1999-09-01,83.99256134033203,83.33030700683594,93.72623564209682,95.40608686890347,1.6798512268066474,0.02,14.682857298591305,11.83511965082813,10.60041290821204,0.7652923669433986,0.4694143756726915,1.23470674261609,157.3847097724527,0.0,10.60041290821204,155.6443500374226,1.0,0.06735351180898162,True,0.0,False,True,"UNFILTERED (control, no IV condition)",2pct
put,1999-09-02,1999-10-08,82.3465576171875,83.68214416503906,75.15967325971616,73.5127421073724,1.646931152343754,0.02,15.333219881208953,14.692825615161098,13.508997441995918,0.775574406772106,0.4082537663930741,1.18382817316518,151.18411779237948,0.0,13.508997441995918,207.1364281528127,1.0,0.08935460707948019,True,0.0,False,True,"UNFILTERED (control, no IV condition)",2pct
call,1999-09-02,1999-10-08,82.3465576171875,83.68214416503906,91.56691117041775,93.21384232276151,1.646931152343754,0.02,15.025224929074255,11.575534459891479,10.409945990667044,0.7274884153608607,0.4381000538635743,1.165588469224435,154.28316924370836,0.0,10.409945990667044,156.41178000928707,1.0,0.06747298517198148,True,0.0,False,True,"UNFILTERED (control, no IV condition)",2pct
put,1999-10-11,1999-11-17,83.5454330444336,88.52648162841797,77.31848741634364,75.64757875545497,1.6709086608886707,0.02,15.098584253492193,14.059570919780562,13.075744817974385,0.667657687400347,0.3161684144058291,0.9838261018061761,154.0151212708927,0.0,13.075744817974385,197.4252348113502,1.0,0.08489909763454875,True,0.0,False,True,"UNFILTERED (control, no IV condition)",2pct
call,1999-10-11,1999-11-17,83.5454330444336,88.52648162841797,91.49512115606946,93.16602981695813,1.6709086608886707,0.02,14.855641649244253,11.533122029063403,10.557049527756709,0.6322002760166395,0.3438722252900539,0.9760725013066934,156.53381656111037,0.0,10.557049527756709,156.83174465767695,1.0,0.0674426124634562,True,0.0,False,True,"UNFILTERED (control, no IV condition)",2pct
put,1999-11-18,1999-12-23,89.15155029296875,91.7886962890625,82.93919821026527,81.1561672044059,1.783031005859371,0.02,14.16567055326442,14.6045716250649,13.644786979155002,0.6624494682682613,0.2973351776416361,0.9597846459098974,164.6583136067821,0.0,13.644786979155002,193.2875571161818,1.0,0.08286728243640283,True,0.0,False,True,"UNFILTERED (control, no IV condition)",2pct
call,1999-11-18,1999-12-23,89.15155029296875,91.7886962890625,97.02240499123121,98.80543599709058,1.783031005859371,0.02,13.95999834892089,12.173768238773075,11.218881368241194,0.6296155382506052,0.3252713322812767,0.9548868705318819,167.08421921769593,0.0,11.218881368241194,156.6155653773864,1.0,0.06714506864124603,True,0.0,False,True,"UNFILTERED (control, no IV condition)",2pct
put,1999-12-27,2000-02-02,91.66143798828124,88.3913345336914,84.03461623433563,82.20138747457,1.8332287597656318,0.02,13.885103894039693,16.07527764602068,14.833428240857643,0.8218656731567797,0.41998373200625716,1.2418494051630369,168.48944773570554,0.0,14.833428240857643,205.9636922290908,1.0,0.08803772841682957,True,0.0,False,True,"UNFILTERED (control, no IV condition)",2pct
call,1999-12-27,2000-02-02,91.66143798828124,88.3913345336914,101.44260459324613,103.27583335301176,1.8332287597656318,0.02,13.623759730635692,12.827045302704576,11.601300353144545,0.7732105410638235,0.45253440849620796,1.2257449495600314,171.72157562341863,0.0,11.601300353144545,158.05332857418028,1.0,0.0675587811899998,True,0.0,False,True,"UNFILTERED (control, no IV condition)",2pct
put,2000-02-03,2000-03-10,89.7228775024414,87.80387878417969,82.67919527703324,80.88473772698441,1.7944575500488327,0.02,14.207247303863067,15.390893085496593,14.264296761554093,0.755684325539957,0.37091199840254274,1.1265963239424996,165.18145824332916,0.0,14.264296761554093,202.65639170709207,1.0,0.08635531441150814,True,0.0,False,True,"UNFILTERED (control, no IV condition)",2pct
call,2000-02-03,2000-03-10,89.7228775024414,87.80387878417969,98.70526735295866,100.49972490300749,1.7944575500488327,0.02,13.961459584470168,12.47155153884405,11.35632187096446,0.7135092281753463,0.4017204397042423,1.1152296678795888,168.0894331339188,0.0,11.35632187096446,158.55082882970495,1.0,0.06756118846517109,True,0.0,False,True,"UNFILTERED (control, no IV condition)",2pct
put,2000-03-13,2000-04-19,86.8443832397461,89.91167449951172,79.68579344370002,77.9489057789051,1.7368876647949207,0.02,14.742548862772333,15.177619872241177,14.015022570070492,0.7710188994883571,0.39157840268232713,1.1625973021706844,159.67374390942157,0.0,14.015022570070492,206.61715505212132,1.0,0.08777286876933768,True,0.0,False,True,"UNFILTERED (control, no IV condition)",2pct
call,2000-03-13,2000-04-19,86.8443832397461,89.91167449951172,96.02036978523192,97.75725745002684,1.7368876647949207,0.02,14.468701977983088,12.140970711964538,10.992902312236152,0.7257963337637507,0.42227206596463507,1.1480683997283858,162.69586416725593,0.0,10.992902312236152,159.05302742882608,1.0,0.06756718966706578,True,0.0,False,True,"UNFILTERED (control, no IV condition)",2pct
put,2000-04-20,2000-05-26,90.34354400634766,86.69210815429688,82.0487015528158,80.24183067268885,1.8068708801269509,0.02,14.254773631001864,16.422492936008037,15.036518143203322,0.8982685581024608,0.4877062347022537,1.3859747928047144,165.65056986949176,0.0,15.036518143203322,214.34216232981584,1.0,0.09077251080421808,True,0.0,False,True,"UNFILTERED (control, no IV condition)",2pct
call,2000-04-20,2000-05-26,90.34354400634766,86.69210815429688,101.02757769588752,102.83444857601447,1.8068708801269509,0.02,13.9476177364318,12.749169256903592,11.388543991932881,0.8396772481966519,0.5209480167740588,1.3606252649707107,169.29854402076222,0.0,11.388543991932881,158.84305817401687,1.0,0.06726900138335641,True,0.0,False,True,"UNFILTERED (control, no IV condition)",2pct
put,2000-05-30,2000-07-06,89.5190200805664,91.77620697021484,81.89714719307328,80.10676679146195,1.7903804016113298,0.02,14.403933064635643,15.833656327121659,14.58468779434601,0.8224049704768477,0.4265635622988012,1.248968532775649,164.453352366787,0.0,14.58468779434601,210.07686675836837,1.0,0.08868586492428071,True,0.0,False,True,"UNFILTERED (control, no IV condition)",2pct
call,2000-05-30,2000-07-06,89.5190200805664,91.77620697021484,99.30707676498305,101.09745716659438,1.7903804016113298,0.02,14.123939806186563,12.555850401339885,11.324561326525542,0.7725926674239214,0.4586964073904215,1.231289074814343,167.71347883460743,0.0,11.324561326525542,159.947422507315,1.0,0.06752326291969286,True,0.0,False,True,"UNFILTERED (control, no IV condition)",2pct
put,2000-07-07,2000-08-11,93.25208282470705,92.81912994384766,86.93133092351196,85.06628926701782,1.8650416564941423,0.02,13.786002861630882,15.111919259050666,14.142706756582449,0.6735052419722443,0.2957072604959726,0.9692125024682169,172.3614588928318,0.0,14.142706756582449,194.97139581745205,1.0,0.08205260530647909,True,0.0,False,True,"UNFILTERED (control, no IV condition)",2pct
call,2000-07-07,2000-08-11,93.25208282470705,92.81912994384766,101.25749117777302,103.12253283426716,1.8650416564941423,0.02,13.593889296451238,12.672060102542648,11.706834752231876,0.6410134264371703,0.32421192387360187,0.9652253503107722,174.79733089718238,0.0,11.706834752231876,159.14141563368827,1.0,0.06697376151079766,True,0.0,False,True,"UNFILTERED (control, no IV condition)",2pct
put,2000-08-14,2000-09-20,93.99977111816406,91.4643325805664,87.92804985484565,86.04805443248237,1.8799954223632795,0.02,13.70012264845317,14.96388763631007,14.040674646952066,0.6486550901328769,0.2745578992251238,0.9232129893580008,173.9588675893759,0.0,14.040674646952066,192.35896473027023,1.0,0.08071261236359971,True,0.0,False,True,"UNFILTERED (control, no IV condition)",2pct
call,2000-08-14,2000-09-20,93.99977111816406,91.4643325805664,101.74094778077387,103.62094320313714,1.8799954223632795,0.02,13.521574902743424,12.664382006192554,11.743607635327447,0.6186919605099622,0.30208241035514505,0.9207743708651073,176.25593460100052,0.0,11.743607635327447,158.79207026950965,1.0,0.0666281544613635,True,0.0,False,True,"UNFILTERED (control, no IV condition)",2pct
put,2000-09-21,2000-10-27,90.07356262207033,87.92333984375,83.58411543558704,81.78264418314563,1.8014712524414023,0.02,14.381457305006851,14.955230065893854,13.94137906928609,0.6938658741275583,0.31998512248020694,1.0138509966077653,166.20574617485414,0.0,13.94137906928609,200.49734785785404,1.0,0.0838802471643747,True,0.0,False,True,"UNFILTERED (control, no IV condition)",2pct
call,2000-09-21,2000-10-27,90.07356262207033,87.92333984375,98.32645870783871,100.12792996028011,1.8014712524414023,0.02,14.16166565090126,12.369161077356505,11.36183533663903,0.658277383825695,0.34904835689177904,1.007325740717474,168.78528990750118,0.0,11.36183533663903,160.9025132180771,1.0,0.06731531724634071,True,0.0,False,True,"UNFILTERED (control, no IV condition)",2pct
put,2000-10-30,2000-12-06,88.71239471435547,85.54621887207031,80.58904002026816,78.81479212598104,1.7742478942871145,0.02,14.738722699857917,16.115910452489057,14.757447861514342,0.8806801761434724,0.4777824148312432,1.3584625909747157,162.6673415671971,0.0,14.757447861514342,217.5059317884711,1.0,0.0907216391399506,True,0.0,False,True,"UNFILTERED (control, no IV condition)",2pct
call,2000-10-30,2000-12-06,88.71239471435547,85.54621887207031,99.19928166682799,100.9735295611151,1.7742478942871145,0.02,14.421800394493443,12.516522433915078,11.182796466625383,0.8233195140687877,0.5104064532209074,1.333725967289695,166.24199296208607,0.0,11.182796466625383,161.27605849391784,1.0,0.06726818096541819,True,0.0,False,True,"UNFILTERED (control, no IV condition)",2pct
put,2000-12-07,2001-01-12,84.37246704101562,83.58251190185547,76.7734170561465,75.08596771532619,1.687449340820308,0.02,15.538890468367526,15.229380610122245,13.966542125175119,0.8217865001000912,0.4410519848470351,1.2628384849471264,154.77839195685567,0.0,13.966542125175119,217.0245683049372,1.0,0.09023573606494296,True,0.0,False,True,"UNFILTERED (control, no IV condition)",2pct
call,2000-12-07,2001-01-12,84.37246704101562,83.58251190185547,94.14477115598078,95.83222049680109,1.687449340820308,0.02,15.212834863380179,11.890343779384338,10.64918788570051,0.769207244084219,0.47194864959961,1.2411558936838292,158.09574619633028,0.0,10.64918788570051,162.00433673427057,1.0,0.06735910447885092,True,0.0,False,True,"UNFILTERED (control, no IV condition)",2pct
put,2001-01-16,2001-02-22,84.1167984008789,79.66301727294922,76.46686327476796,74.78452730675038,1.6823359680175827,0.02,15.639477597855647,15.242805120469072,13.96597229240604,0.8289514780373819,0.4478813500256501,1.276832828063032,154.26762450935223,0.0,13.96597229240604,218.42051079935695,1.0,0.0905308053898203,True,0.0,False,True,"UNFILTERED (control, no IV condition)",2pct
call,2001-01-16,2001-02-22,84.1167984008789,79.66301727294922,93.98702212487945,95.66935809289703,1.6823359680175827,0.02,15.30634437594396,11.862527159489034,10.60843181590715,0.7753292612845575,0.4787660822973272,1.2540953435818847,157.62516498585111,0.0,10.60843181590715,162.37631066299537,1.0,0.06730163814172307,True,0.0,False,True,"UNFILTERED (control, no IV condition)",2pct
put,2001-02-23,2001-03-30,79.12481689453125,74.0871353149414,71.58669363531463,70.004197297424,1.5824963378906318,0.02,16.697729989227913,14.573789460967213,13.302925728803105,0.8176042343441436,0.45325949781996333,1.270863732164107,144.94670806026008,0.0,13.302925728803105,222.12866188630719,1.0,0.09177804661332876,True,0.0,False,True,"UNFILTERED (control, no IV condition)",2pct
call,2001-02-23,2001-03-30,79.12481689453125,74.0871353149414,88.84325427729131,90.42575061518194,1.5824963378906318,0.02,16.31980635036819,11.191208039366796,9.946342557726675,0.7623228413121463,0.48254264032797367,1.2448654816401201,148.3032912313365,0.0,9.946342557726675,162.32238443652517,1.0,0.0670675780364948,True,0.0,False,True,"UNFILTERED (control, no IV condition)",2pct
put,2001-04-02,2001-05-09,72.50624084472656,79.77590942382812,64.4458685131831,62.99574369628857,1.4501248168945295,0.02,18.351823386223295,14.136381111706875,12.711185853814086,0.8893023928427335,0.5358928650500555,1.425195257892789,132.30129583563888,0.0,12.711185853814086,233.27343781865608,1.0,0.09607756124781651,True,0.0,False,True,"UNFILTERED (control, no IV condition)",2pct
call,2001-04-02,2001-05-09,72.50624084472656,79.77590942382812,83.13925853359859,84.58938335049312,1.4501248168945295,0.02,17.83913744739248,10.28933972919397,8.908927237664324,0.8188229923797474,0.5615894991498976,1.3804124915296452,136.10355445178863,0.0,8.908927237664324,158.9275775015125,1.0,0.06545697703155941,True,0.0,False,True,"UNFILTERED (control, no IV condition)",2pct
put,2001-05-10,2001-06-15,80.01081085205078,77.58329010009766,73.17444307414179,71.57422685710078,1.6002162170410088,0.02,16.572832363728256,14.164717585815723,13.045294315330846,0.7367706050651346,0.3826526654197415,1.119423270484876,146.97632738877004,0.0,13.045294315330846,216.1974758234753,1.0,0.088757792136311,True,0.0,False,True,"UNFILTERED (control, no IV condition)",2pct
call,2001-05-10,2001-06-15,80.01081085205078,77.58329010009766,88.7687886399817,90.3690048570227,1.6002162170410088,0.02,16.249657258020534,11.225664517700906,10.122211730499464,0.6920472000719824,0.41140558712945974,1.1034527872014421,149.89940997360142,0.0,10.122211730499464,164.4824713137312,1.0,0.06752669495018074,True,0.0,False,True,"UNFILTERED (control, no IV condition)",2pct
put,2001-06-18,2001-07-25,77.2076644897461,75.8323745727539,70.75627212417699,69.21211883438207,1.5441532897949202,0.02,17.218711428947497,13.56164392061725,12.509957937297395,0.6953635406676428,0.3563224426522127,1.0516859833198555,141.90537104219462,0.0,12.509957937297395,215.4053557105951,1.0,0.08815704328469458,True,0.0,False,True,"UNFILTERED (control, no IV condition)",2pct
call,2001-06-18,2001-07-25,77.2076644897461,75.8323745727539,85.4833482138637,87.02750150365863,1.5441532897949202,0.02,16.89269181674698,10.809084332139118,9.771262734767152,0.6540243528377232,0.38379724453424247,1.0378215973719658,144.64406624472485,0.0,9.771262734767152,165.06293003888578,1.0,0.06755384433285391,True,0.0,False,True,"UNFILTERED (control, no IV condition)",2pct
put,2001-07-26,2001-08-31,76.62824249267578,72.68062591552734,70.34454068283308,68.81197583297957,1.5325648498535145,0.02,17.39397039016462,13.36068314055261,12.343459095978075,0.6756205615441768,0.3416034830303588,1.0172240445745357,140.9130258893734,0.0,12.343459095978075,214.70176202765074,1.0,0.0875962957865127,True,0.0,False,True,"UNFILTERED (control, no IV condition)",2pct
call,2001-07-26,2001-08-31,76.62824249267578,72.68062591552734,84.65845841703295,86.19102326688646,1.5325648498535145,0.02,17.073830389297573,10.706141549997383,9.701292973800847,0.6362510574732361,0.3685975187233015,1.0048485761965376,143.55519201155062,0.0,9.701292973800847,165.63823079155992,1.0,0.06757883736465811,True,0.0,False,True,"UNFILTERED (control, no IV condition)",2pct
put,2001-09-04,2001-10-11,72.21585845947266,70.30109405517578,65.50541561141308,64.06109844222364,1.4443171691894463,0.02,18.574164950150557,13.189531857556247,12.062708332923863,0.7282809105356447,0.3985426140967391,1.1268235246323837,132.36900858602075,0.0,12.062708332923863,224.0547343212835,1.0,0.09112940001424007,True,0.0,False,True,"UNFILTERED (control, no IV condition)",2pct
call,2001-09-04,2001-10-11,72.21585845947266,70.30109405517578,80.889462805048,82.33377997423744,1.4443171691894463,0.02,18.166645324706913,10.198687916333782,9.093367112508352,0.6801440008668891,0.42517680295854066,1.1053208038254296,135.3383498064363,0.0,9.093367112508352,165.19597514029346,1.0,0.06718987726327293,True,0.0,False,True,"UNFILTERED (control, no IV condition)",2pct
put,2001-10-12,2001-11-16,69.98150634765625,73.08753967285156,61.46956724038396,60.06993711343083,1.3996301269531273,0.02,19.358389646842316,14.096657332227025,12.55423237064388,0.9474206974444122,0.5950042641387321,1.5424249615831442,127.40878032466884,0.0,12.55423237064388,243.02972194792517,1.0,0.0985350643703881,True,0.0,False,True,"UNFILTERED (control, no IV condition)",2pct
call,2001-10-12,2001-11-16,69.98150634765625,73.08753967285156,81.32703198736117,82.7266621143143,1.3996301269531273,0.02,18.750892645235478,9.909116793735429,8.426404779177854,0.8652199672004812,0.6174920473570933,1.4827120145575745,131.53660791613487,0.0,8.426404779177854,158.00261139966312,1.0,0.06406128995321488,True,0.0,False,True,"UNFILTERED (control, no IV condition)",2pct
put,2001-11-19,2001-12-26,73.98870849609375,73.9802474975586,67.47133243468154,65.99155826475966,1.4797741699218818,0.02,18.22073557109356,13.251502057749232,12.173379281085012,0.7047051640539759,0.373417612610244,1.0781227766642199,135.80403771110318,0.0,12.173379281085012,221.80792488727903,1.0,0.08963930297110548,True,0.0,False,True,"UNFILTERED (control, no IV condition)",2pct
call,2001-11-19,2001-12-26,73.98870849609375,73.9802474975586,82.37733556989366,83.85710973981554,1.4797741699218818,0.02,17.849380490409345,10.408868102377067,9.34798601835825,0.6605518932891241,0.4003301907296919,1.060882084018816,138.62943097382993,0.0,9.34798601835825,166.85575926070308,1.0,0.06743146785420288,True,0.0,False,True,"UNFILTERED (control, no IV condition)",2pct
put,2001-12-27,2002-02-01,74.42914581298828,72.2423324584961,68.69592817647626,67.2073452602165,1.4885829162597588,0.02,18.105991415734568,12.676515984133285,11.764294544618952,0.6145671695588328,0.2976542699554996,0.9122214395143324,137.09399708135692,0.0,11.764294544618952,213.00421603704376,1.0,0.085811886698712,True,0.0,False,True,"UNFILTERED (control, no IV condition)",2pct
call,2001-12-27,2002-02-01,74.42914581298828,72.2423324584961,81.73476505587598,83.22334797213574,1.4885829162597588,0.02,17.80114962677066,10.32038126294248,9.416582166332773,0.5809043140916348,0.32289478251807113,0.9037990966097059,139.4417094596431,0.0,9.416582166332773,167.62598811566988,1.0,0.06753059900673478,True,0.0,False,True,"UNFILTERED (control, no IV condition)",2pct
put,2002-02-04,2002-03-13,70.44669342041016,74.41630554199219,64.14051346430267,62.731579595894466,1.4089338684082051,0.02,19.26381279040712,12.691927868826358,11.644033897216563,0.6825960841652268,0.36529788744456837,1.047893971609795,129.24935294360395,0.0,11.644033897216563,224.30848912113447,1.0,0.09008968812630934,True,0.0,False,True,"UNFILTERED (control, no IV condition)",2pct
call,2002-02-04,2002-03-13,70.44669342041016,74.41630554199219,78.57311480310537,79.98204867151357,1.408933868408198,0.02,18.86233845509738,9.923221538991633,8.893033633607267,0.6391342219295798,0.39105368345478675,1.0301879053843666,132.00035320721253,0.0,8.893033633607267,167.74341028966472,1.0,0.06737128664835534,True,0.0,False,True,"UNFILTERED (control, no IV condition)",2pct
put,2002-03-14,2002-04-19,74.31372833251953,72.59718322753906,69.21907345571253,67.73279888906214,1.486274566650394,0.02,18.190155710164458,12.10353628044718,11.318221044841641,0.5439518213083611,0.2413634142971785,0.7853152356055395,137.30923562019777,0.0,11.318221044841641,205.88020316772972,1.0,0.08242869457192409,True,0.0,False,True,"UNFILTERED (control, no IV condition)",2pct
call,2002-03-14,2002-04-19,74.31372833251953,72.59718322753906,80.7879296274657,82.2742041941161,1.486274566650394,0.02,17.93172832735962,10.121077218188024,9.339356222195466,0.5173739632236302,0.26434703276892735,0.7817209959925575,139.28810044284396,0.0,9.339356222195466,167.47079852884477,1.0,0.06705063959162696,True,0.0,False,True,"UNFILTERED (control, no IV condition)",2pct
put,2002-04-22,2002-05-29,71.38807678222656,69.00849151611328,66.28782884508306,64.86006730943852,1.4277615356445352,0.02,19.014089457686605,11.82084882840062,11.024201834981469,0.5460841070645844,0.2505628863545675,0.796646993419152,131.75195172947204,0.0,11.024201834981469,209.61515988993048,1.0,0.0836739167068857,True,0.0,False,True,"UNFILTERED (control, no IV condition)",2pct
call,2002-04-22,2002-05-29,71.38807678222656,69.00849151611328,77.89336548029189,79.32112701593643,1.4277615356445352,0.02,18.726389180486397,9.791776690684895,9.000049038149916,0.5182610349010519,0.2734666176339273,0.7917276525349792,133.77610452630358,0.0,9.000049038149916,168.5384209318576,1.0,0.06727695555210528,True,0.0,False,True,"UNFILTERED (control, no IV condition)",2pct
put,2002-05-30,2002-07-05,68.8155288696289,64.09339904785156,63.75273414507884,62.37642356768626,1.3763105773925801,0.02,19.79930721828126,11.517735707492704,10.722250258086598,0.5417144210467129,0.25377102835939386,0.7954854494061068,126.90880748117141,0.0,10.722250258086598,212.2931269311521,1.0,0.0844878339880184,True,0.0,False,True,"UNFILTERED (control, no IV condition)",2pct
call,2002-05-30,2002-07-05,68.8155288696289,64.09339904785156,75.25730937917949,76.63361995657206,1.376310577392573,0.02,19.48734573257428,9.480339881403088,8.690641609353927,0.5133533845421201,0.27634488750704067,0.7896982720491608,128.94041612990335,0.0,8.690641609353927,169.35753767937572,1.0,0.06740044642479191,True,0.0,False,True,"UNFILTERED (control, no IV condition)",2pct
put,2002-07-08,2002-08-14,63.2931022644043,59.5176010131836,56.88973477934419,55.6238727340561,1.2658620452880882,0.02,21.771310774662147,11.923548230375225,10.821953703321013,0.6998416164067989,0.4017529106474127,1.1015945270542116,115.7642508254878,0.0,10.821953703321013,235.6081172640077,1.0,0.09348269112573347,True,0.0,False,True,"UNFILTERED (control, no IV condition)",2pct
call,2002-07-08,2002-08-14,63.2931022644043,59.5176010131836,71.63981737838206,72.90567942367015,1.2658620452880882,0.02,21.23509188793554,8.97328745844419,7.898727468747935,0.6494460880786812,0.42511390161757423,1.0745599896962554,118.68747706006089,0.0,7.898727468747935,167.73020359662289,1.0,0.06655063924520735,True,0.0,False,True,"UNFILTERED (control, no IV condition)",2pct
put,2002-08-15,2002-09-20,60.34366226196289,54.68242645263672,54.072008286953164,52.865135041713906,1.206873245239258,0.02,22.92370223061764,11.476560116203327,10.390731840139106,0.6863711394846539,0.3994571365795674,1.0858282760642213,110.29659268378671,0.0,10.390731840139106,238.19404266154655,1.0,0.09420718797659208,True,0.0,False,True,"UNFILTERED (control, no IV condition)",2pct
call,2002-08-15,2002-09-20,60.34366226196289,54.68242645263672,68.5260880711344,69.73296131637365,1.206873245239251,0.02,22.339048817211076,8.561302822050187,7.504070016381295,0.6356326881100743,0.421600117558818,1.0572328056688924,113.18325450754381,0.0,7.504070016381295,167.63378642371165,1.0,0.06630017884740308,True,0.0,False,True,"UNFILTERED (control, no IV condition)",2pct
put,2002-09-23,2002-10-30,54.235130310058594,57.97567367553711,46.71032076108241,45.62561815488124,1.0847026062011693,0.02,25.77544249678272,11.485871852109852,10.06175397146638,0.8556323384731113,0.5684855421703605,1.4241178806434718,98.40850664865056,0.0,10.06175397146638,259.34616090830684,1.0,0.10224475824422394,True,0.0,False,True,"UNFILTERED (control, no IV condition)",2pct
call,2002-09-23,2002-10-30,54.235130310058594,57.97567367553711,64.57172193295672,65.6564245391579,1.0847026062011764,0.02,24.814082816824623,7.599862604784935,6.249162099533962,0.7703485351853001,0.5803519700656734,1.3507005052509735,102.22109852058368,0.0,6.249162099533962,155.06722587359735,1.0,0.06113377952278221,True,0.0,False,True,"UNFILTERED (control, no IV condition)",2pct
put,2002-10-31,2002-12-06,57.38575744628906,59.66122055053711,51.0949308889584,49.94721574003262,1.1477151489257835,0.02,24.294271825647655,11.128369230122637,10.022087113244257,0.6922456738157223,0.41403644306265697,1.1062821168783792,104.7494277793341,0.0,10.022087113244257,243.4793085894764,1.0,0.09567677194721158,True,0.0,False,True,"UNFILTERED (control, no IV condition)",2pct
call,2002-10-31,2002-12-06,57.38575744628906,59.66122055053711,65.65067409933418,66.79838924825997,1.1477151489257835,0.02,23.628883716866472,8.145154042995317,7.0723487980037945,0.6382170480332044,0.43458819695831874,1.0728052449915233,107.69916609457455,0.0,7.0723487980037945,167.111707353152,1.0,0.06566762821351196,True,0.0,False,True,"UNFILTERED (control, no IV condition)",2pct
put,2002-12-09,2003-01-15,58.02107238769531,60.19545364379883,51.65456932547824,50.49414787772434,1.1604214477539045,0.02,24.106712669417657,11.258465299948783,10.13708308649964,0.7014219229739327,0.41996029047521033,1.121382213449143,105.90506168889083,0.0,10.13708308649964,244.37174927226033,1.0,0.09571858912918224,True,0.0,False,True,"UNFILTERED (control, no IV condition)",2pct
call,2002-12-09,2003-01-15,58.02107238769531,60.19545364379883,66.4042472143454,67.56466866209931,1.1604214477539045,0.02,23.444814063841385,8.23442604506992,7.147150538326535,0.646568078935067,0.44070742780831784,1.0872755067433848,108.89499423706393,0.0,7.147150538326535,167.56361545734947,1.0,0.06563341674611066,True,0.0,False,True,"UNFILTERED (control, no IV condition)",2pct
put,2003-01-16,2003-02-21,59.94789505004883,55.49185180664063,54.61667956427067,53.417721663269695,1.1989579010009734,0.02,23.28247437072384,10.770458680021955,9.887654414731752,0.5760328661453762,0.30677139914482565,0.8828042652902018,110.00813568536559,0.0,9.887654414731752,230.20906049756644,1.0,0.08988111972928481,True,0.0,False,True,"UNFILTERED (control, no IV condition)",2pct
call,2003-01-16,2003-02-21,59.94789505004883,55.49185180664063,66.79700499065582,67.9959628916568,1.1989579010009805,0.02,22.802436640677406,8.440042041068851,7.5717591192780205,0.5396419864087759,0.32864093538205463,0.8682829217908306,112.32403098082004,0.0,7.5717591192780205,172.6545575758084,1.0,0.06740996608794196,True,0.0,False,True,"UNFILTERED (control, no IV condition)",2pct
put,2003-02-24,2003-04-02,54.59283447265625,57.63865280151367,48.383575889477164,47.29171920002404,1.0918566894531239,0.02,25.80731885891012,10.73324584155837,9.627908370736819,0.6868343084302564,0.4185031623912955,1.105337470821552,99.55776057457557,0.0,9.627908370736819,248.4705012679749,1.0,0.09670675912326149,True,0.0,False,True,"UNFILTERED (control, no IV condition)",2pct
call,2003-02-24,2003-04-02,54.59283447265625,57.63865280151367,62.81132865497845,63.90318534443158,1.0918566894531239,0.02,25.064216302523345,7.744830814604864,6.6762251623669195,0.6311132113015344,0.43749244093641004,1.0686056522379443,102.50944378294547,0.0,6.6762251623669195,167.3343515539135,1.0,0.06512790349836671,True,0.0,False,True,"UNFILTERED (control, no IV condition)",2pct
put,2003-04-03,2003-05-09,57.36392974853516,61.308101654052734,51.63707169426995,50.48979309929925,1.1472785949707003,0.02,24.559014307304416,10.751115469277517,9.771083266971377,0.6244050445190386,0.3556271577871001,0.9800322023061386,104.95677623009865,0.0,9.771083266971377,239.96817375141282,1.0,0.09309625941206554,True,0.0,False,True,"UNFILTERED (control, no IV condition)",2pct
call,2003-04-03,2003-05-09,57.36392974853516,61.308101654052734,64.80075721789332,65.94803581286402,1.1472785949707003,0.02,23.965733532667425,8.129778348378514,7.172838676614216,0.5800920652368813,0.3768476065274168,0.9569396717642981,107.55502082045581,0.0,7.172838676614216,171.90234039654715,1.0,0.06668994735808761,True,0.0,False,True,"UNFILTERED (control, no IV condition)",2pct
put,2003-05-12,2003-06-18,62.06031036376953,66.43618774414062,57.682416430736005,56.441210223460615,1.2412062072753898,0.02,22.569069406164367,10.226164575603747,9.54467907793724,0.46856980602830167,0.21291569163820606,0.6814854976665077,114.57594164960175,0.0,9.54467907793724,215.41452456953047,1.0,0.08330439131041098,True,0.0,False,True,"UNFILTERED (control, no IV condition)",2pct
call,2003-05-12,2003-06-18,62.06031036376953,66.43618774414062,67.64319254818473,68.88439875546013,1.2412062072753969,0.02,22.233863806196645,8.494899808728373,7.817291629795998,0.44499033707529334,0.2326178418570829,0.6776081789323762,116.30332909774368,0.0,7.817291629795998,173.80859743020523,1.0,0.06721468500034239,True,0.0,False,True,"UNFILTERED (control, no IV condition)",2pct
put,2003-06-19,2003-07-25,65.4223403930664,65.7965087890625,60.79728220468628,59.48883539682495,1.3084468078613298,0.02,21.47418692262606,10.783343895157715,10.064469123091444,0.49422918472260824,0.2246455873436637,0.7188747720662719,120.78021166304154,0.0,10.064469123091444,216.12629122626404,1.0,0.08332879189821081,True,0.0,False,True,"UNFILTERED (control, no IV condition)",2pct
call,2003-06-19,2003-07-25,65.4223403930664,65.7965087890625,71.30210950032449,72.61055630818582,1.3084468078613298,0.02,21.154966087013797,8.956711971663545,8.241939134911975,0.4693453180215801,0.24542751872998897,0.7147728367515691,122.60274165122101,0.0,8.241939134911975,174.35794289029468,1.0,0.06722475389953805,True,0.0,False,True,"UNFILTERED (control, no IV condition)",2pct
put,2003-07-28,2003-09-03,65.55361938476562,67.85124206542969,61.20473566404455,59.89366327634924,1.3110723876953116,0.02,21.459488393631243,10.546322878203895,9.880372649978693,0.46480415009015064,0.20114607813505186,0.6659502282252026,121.22686611955247,0.0,9.880372649978693,212.02774220696932,1.0,0.0815031598708061,True,0.0,False,True,"UNFILTERED (control, no IV condition)",2pct
call,2003-07-28,2003-09-03,65.55361938476562,67.85124206542969,71.0975332800639,72.40860566775922,1.3110723876953188,0.02,21.1684160872417,8.8770804376602,8.21346552890001,0.44277095985084947,0.2208439489093425,0.6636149087601919,122.89377324063186,0.0,8.21346552890001,173.8660558339721,1.0,0.06683386238632004,True,0.0,False,True,"UNFILTERED (control, no IV condition)",2pct
put,2003-09-04,2003-10-10,67.88404846191406,68.9090347290039,63.34920547651762,61.99152450727934,1.357680969238281,0.02,20.787387641347188,10.944598777729198,10.250429794754048,0.48389197620919144,0.210277006765959,0.6941689829751505,125.51766712907404,0.0,10.250429794754048,213.0796576339673,1.0,0.08166523509565539,True,0.0,False,True,"UNFILTERED (control, no IV condition)",2pct
call,2003-09-04,2003-10-10,67.88404846191406,68.9090347290039,73.6459531392945,75.0036341085328,1.357680969238288,0.02,20.503213204459858,9.202371442810309,8.510755529061752,0.4608375999094083,0.23077831383914865,0.6916159137485569,127.25734139476705,0.0,8.510755529061752,174.49783514338867,1.0,0.06687830686844541,True,0.0,False,True,"UNFILTERED (control, no IV condition)",2pct
put,2003-10-13,2003-11-19,69.1264877319336,69.00789642333984,64.74469280724729,63.362163052608615,1.382529754638675,0.02,20.445778047925018,10.921977690110385,10.259022571926801,0.4680022802181716,0.19495283796541196,0.6629551181835835,127.99395289194071,0.0,10.259022571926801,209.75369849426824,1.0,0.08015240048557616,True,0.0,False,True,"UNFILTERED (control, no IV condition)",2pct
call,2003-10-13,2003-11-19,69.1264877319336,69.00789642333984,74.71416770816569,76.09669746280436,1.382529754638668,0.02,20.186767986507963,9.278361195744411,8.616772479107352,0.44677387326533535,0.21481484337172452,0.6615887166370599,129.63620298475945,0.0,8.616772479107352,173.94478682826715,1.0,0.06646887428599227,True,0.0,False,True,"UNFILTERED (control, no IV condition)",2pct
put,2003-11-20,2003-12-26,68.3884506225586,72.63116455078125,63.63166275598921,62.26389374353804,1.3677690124511699,0.02,20.778856760509864,11.201440425894926,10.46533597172323,0.5080702324095354,0.2280342217621606,0.736104454171696,126.31156527339375,0.0,10.46533597172323,217.4577171070483,1.0,0.08285334719011392,True,0.0,False,True,"UNFILTERED (control, no IV condition)",2pct
call,2003-11-20,2003-12-26,68.3884506225586,72.63116455078125,74.43424848471012,75.8020174971613,1.367769012451177,0.02,20.477271780934405,9.3373959112935,8.60504563419037,0.4828925874427348,0.2494576896603956,0.7323502771031304,128.1718556109273,0.0,8.60504563419037,176.20785813865928,1.0,0.06713677970233542,True,0.0,False,True,"UNFILTERED (control, no IV condition)",2pct
put,2003-12-29,2004-02-04,73.59783172607422,74.71672058105469,69.05653245988606,67.58457582536457,1.47195663452149,0.02,19.30331386965862,11.50323073347792,10.820984405234189,0.4849135482903416,0.19733277995339082,0.6822463282437324,136.37467904691482,0.0,10.820984405234189,208.88085835291673,1.0,0.07934746010666406,True,0.0,False,True,"UNFILTERED (control, no IV condition)",2pct
call,2003-12-29,2004-02-04,73.59783172607422,74.71672058105469,79.39136649406801,80.8633231285895,1.47195663452149,0.02,19.068558839325956,9.823438922754812,9.142061410265066,0.4634817427793092,0.21789576971043695,0.6813775124897461,138.05360204188395,0.0,9.142061410265066,174.32593591437063,1.0,0.06622110017449212,True,0.0,False,True,"UNFILTERED (control, no IV condition)",2pct
put,2004-02-05,2004-03-12,74.93519592285156,74.53794860839844,70.1987239501294,68.70002003167238,1.498703918457025,0.02,19.02586317834643,11.818560519445809,11.104158500416846,0.5049330160075555,0.20946900302140775,0.7144020190289633,138.76623334528566,0.0,11.104158500416846,211.2662003396034,1.0,0.08002060899633182,True,0.0,False,True,"UNFILTERED (control, no IV condition)",2pct
call,2004-02-05,2004-03-12,74.93519592285156,74.53794860839844,80.95451274428407,82.4532166627411,1.498703918457025,0.02,18.78652422472182,10.049319198073636,9.3362867701271,0.4821327039491896,0.23089972399734787,0.7130324279465374,140.5341050755754,0.0,9.3362867701271,175.39637757594258,1.0,0.06643431332989454,True,0.0,False,True,"UNFILTERED (control, no IV condition)",2pct
put,2004-03-15,2004-04-21,73.6242904663086,74.85909271240234,68.00513327429908,66.53264746497291,1.472485809326173,0.02,19.521330228682242,12.501739204270157,11.608202436804568,0.6030401237861721,0.2904966436794165,0.8935367674655886,135.64037849581274,0.0,11.608202436804568,226.60755313025587,1.0,0.08558072872940942,True,0.0,False,True,"UNFILTERED (control, no IV condition)",2pct
call,2004-03-15,2004-04-21,73.6242904663086,74.85909271240234,80.80315691280099,82.27564272212716,1.472485809326173,0.02,19.196314849875023,10.19724479049815,9.31165701425131,0.570259448004648,0.3153283282421926,0.8855877762468406,137.93692391836598,0.0,9.31165701425131,178.74949981961532,1.0,0.06750663092764159,True,0.0,False,True,"UNFILTERED (control, no IV condition)",2pct
put,2004-04-22,2004-05-28,75.90887451171875,74.98529815673828,71.96808319196482,70.44990570173044,1.518177490234379,0.02,18.78936616903377,11.026640534136778,10.461849195562579,0.4202286759638102,0.14456266261038964,0.5647913385741998,141.3558998278753,0.0,10.461849195562579,196.57151534063667,1.0,0.07401070070864851,True,0.0,False,True,"UNFILTERED (control, no IV condition)",2pct
call,2004-04-22,2004-05-28,75.90887451171875,74.98529815673828,80.94957776328823,82.46775525352261,1.518177490234379,0.02,18.615581447146894,9.70853998277934,9.142229080101687,0.4045122011235691,0.16179870155408338,0.5663109026776525,142.6755199433362,0.0,9.142229080101687,170.18791004910778,1.0,0.06407706860807331,True,0.0,False,True,"UNFILTERED (control, no IV condition)",2pct
put,2004-06-01,2004-07-08,74.88565826416016,74.3121337890625,70.48233002619796,68.98461686091476,1.4977131652832014,0.02,19.1677697445337,11.476599404193744,10.823333219696933,0.470090584800828,0.18317559969598246,0.6532661844968104,138.9479833086232,0.0,10.823333219696933,207.4591590235134,1.0,0.07789485649213614,True,0.0,False,True,"UNFILTERED (control, no IV condition)",2pct
call,2004-06-01,2004-07-08,74.88565826416016,74.3121337890625,80.50983334447415,82.00754650975735,1.4977131652832014,0.02,18.951272069777094,9.889279489868708,9.236003609965335,0.4502539335750455,0.20302194632832588,0.6532758799033713,140.5353129183548,0.0,9.236003609965335,175.03401724989646,1.0,0.06572016255680216,True,0.0,False,True,"UNFILTERED (control, no IV condition)",2pct
put,2004-07-09,2004-08-13,74.50553894042969,71.47808837890625,70.36949621527774,68.87938543646914,1.4901107788085994,0.02,19.28741201327053,11.129763046775887,10.52838190201472,0.43981261046528164,0.16156853429588475,0.6013811447611663,138.48269597884521,0.0,10.52838190201472,203.06523957721873,1.0,0.07602669653126228,True,0.0,False,True,"UNFILTERED (control, no IV condition)",2pct
call,2004-07-09,2004-08-13,74.50553894042969,71.47808837890625,79.75863035666143,81.24874113547003,1.4901107788085994,0.02,19.089541692157912,9.695208775182085,9.092956370917134,0.4223163118222517,0.17993609244269793,0.6022524042649496,139.9181215099428,0.0,9.092956370917134,173.58036974759554,1.0,0.06498769618109099,True,0.0,False,True,"UNFILTERED (control, no IV condition)",2pct
put,2004-08-16,2004-09-22,72.2182846069336,74.69512176513672,67.63522767460553,66.19086198246686,1.4443656921386747,0.02,20.03153650133343,11.415743313005366,10.72212718588488,0.48950485497281093,0.2041112721476765,0.6936161271204875,133.71444202798259,0.0,10.72212718588488,214.78068209599246,1.0,0.08018675487305288,True,0.0,False,True,"UNFILTERED (control, no IV condition)",2pct
call,2004-08-16,2004-09-22,72.2182846069336,74.69512176513672,78.06253097045877,79.50689666259744,1.4443656921386747,0.02,19.777332081984113,9.695614772788463,9.003452394288274,0.46727637390995,0.22488600459023844,0.6921623785001885,135.4331168195792,0.0,9.003452394288274,178.06426788617415,1.0,0.06647895733125939,True,0.0,False,True,"UNFILTERED (control, no IV condition)",2pct
put,2004-09-23,2004-10-29,74.2933578491211,75.79996490478516,70.38453251719478,68.89866536021236,1.4858671569824224,0.02,19.425014435732333,10.854838899905417,10.292732230356533,0.4167388210232603,0.1453678485256231,0.5621066695488834,138.2939834678857,0.0,10.292732230356533,199.9364721578031,1.0,0.07442646434974293,True,0.0,False,True,"UNFILTERED (control, no IV condition)",2pct
call,2004-09-23,2004-10-29,74.2933578491211,75.79996490478516,79.28957673986196,80.77544389684438,1.4858671569824224,0.02,19.241444158969763,9.536844983779291,8.973358039414435,0.4009540344796697,0.1625329098851852,0.5634869443648549,139.6133576588278,0.0,8.973358039414435,172.66036763383525,1.0,0.06427291908087025,True,0.0,False,True,"UNFILTERED (control, no IV condition)",2pct
put,2004-11-01,2004-12-08,76.00757598876953,79.77884674072266,71.54668097741524,70.02652945763984,1.5201515197753963,0.02,19.100038632462343,11.639509895645483,10.978025620316192,0.4762360113602149,0.18524826396907612,0.661484275329291,141.03712635722343,0.0,10.978025620316192,209.68071345620064,1.0,0.07783784244519198,True,0.0,False,True,"UNFILTERED (control, no IV condition)",2pct
call,2004-11-01,2004-12-08,76.00757598876953,79.77884674072266,81.70560467254857,83.22575619232397,1.5201515197753963,0.02,18.884932424939826,10.033087066052548,9.371561763950405,0.45617623937672935,0.20534906272541426,0.6615253021021437,142.64359021358922,0.0,9.371561763950405,176.98131062835327,1.0,0.06569914392870914,True,0.0,False,True,"UNFILTERED (control, no IV condition)",2pct
put,2004-12-09,2005-01-14,80.0608901977539,79.7845687866211,76.41697975959788,74.8157619556428,1.6012178039550804,0.02,18.05059282388131,10.962082635688786,10.456457551267249,0.38983857515687836,0.11578650926465789,0.5056250844215362,149.6653228442408,0.0,10.456457551267249,188.74525763812414,1.0,0.06986559980998043,True,0.0,False,True,"UNFILTERED (control, no IV condition)",2pct
call,2004-12-09,2005-01-14,80.0608901977539,79.7845687866211,84.76501991780536,86.36623772176044,1.6012178039550804,0.02,17.916213081685285,9.841768268073325,9.333899597318107,0.37695643872852624,0.1309122320266927,0.5078686707552189,150.78788079818995,0.0,9.333899597318107,167.2281340686077,1.0,0.061900860652125765,True,0.0,False,True,"UNFILTERED (control, no IV condition)",2pct
put,2005-01-18,2005-02-24,80.61458587646484,81.13409423828125,77.02640163723228,75.41410991970298,1.6122917175293026,0.02,17.963233854198926,10.936566111948753,10.439659556209977,0.38516035426874873,0.11174620147002823,0.49690655573877696,150.78951219672027,0.0,10.439659556209977,187.5300459664224,1.0,0.06923332666923399,True,0.0,False,True,"UNFILTERED (control, no IV condition)",2pct
call,2005-01-18,2005-02-24,80.61458587646484,81.13409423828125,85.27749238045178,86.88978409798108,1.6122917175293026,0.02,17.83388777149449,9.845207588806693,9.34600948027234,0.37266414912726087,0.12653395940709217,0.49919810853435304,151.88316227265793,0.0,9.34600948027234,166.67568418250045,1.0,0.06153420392640068,True,0.0,False,True,"UNFILTERED (control, no IV condition)",2pct
put,2005-02-25,2005-04-01,81.93704223632812,79.54925537109375,78.67311132870874,77.03437048398219,1.6387408447265557,0.02,17.65756865965861,10.51077532495035,10.073103301460055,0.3502207033070276,0.08745132018326829,0.4376720234902959,153.80098117119553,0.0,10.073103301460055,177.86651316136476,1.0,0.06549440208217987,True,0.0,False,True,"UNFILTERED (control, no IV condition)",2pct
call,2005-02-25,2005-04-01,81.93704223632812,79.54925537109375,86.18507302928475,87.82381387401131,1.6387408447265557,0.02,17.553715108700246,9.603129268689292,9.163166120834804,0.340020689785861,0.09994245806862756,0.43996314785448853,154.71091835182077,0.0,9.163166120834804,160.8476075788281,1.0,0.059227662911270955,True,0.0,False,True,"UNFILTERED (control, no IV condition)",2pct
put,2005-04-04,2005-05-11,79.68474578857422,79.4205551147461,75.64687197196976,74.05317705619828,1.5936949157714793,0.02,18.33565400744629,11.463766253486751,10.88688679727988,0.4317368062720206,0.14514264993485126,0.5768794562068719,148.48260477986804,0.0,10.88688679727988,199.61818953315895,1.0,0.07332095778775007,True,0.0,False,True,"UNFILTERED (control, no IV condition)",2pct
call,2005-04-04,2005-05-11,79.68474578857422,79.4205551147461,84.87857747980861,86.47227239558009,1.5936949157714793,0.02,18.1719797878635,10.128149212967053,9.54951053213591,0.4159212055776601,0.16271747525348212,0.5786386808311422,149.819981045012,0.0,9.54951053213591,173.53351237396336,1.0,0.06373989948154411,True,0.0,False,True,"UNFILTERED (control, no IV condition)",2pct
put,2005-05-12,2005-06-17,78.54669189453125,82.54331970214844,74.03469301517514,72.46375917728452,1.570933837890621,0.02,18.718524370945104,11.912806562649969,11.249157646766225,0.4807345399749974,0.18291437590874648,0.6636489158837439,145.8442261422959,0.0,11.249157646766225,210.56763156359705,1.0,0.07713131979452346,True,0.0,False,True,"UNFILTERED (control, no IV condition)",2pct
call,2005-05-12,2005-06-17,78.54669189453125,82.54331970214844,84.29245427059973,85.86338810849035,1.570933837890621,0.02,18.515248641947363,10.31202908644615,9.647958982762267,0.4609354154225198,0.20313468826136383,0.6640701036838836,147.44542480629983,0.0,9.647958982762267,178.6343594531529,1.0,0.06543410211226876,True,0.0,False,True,"UNFILTERED (control, no IV condition)",2pct
put,2005-06-20,2005-07-27,82.5705337524414,84.19607543945312,79.20825080437116,77.55684012932234,1.6514106750488224,0.02,17.678943205407094,10.736759347378166,10.280411558593368,0.36238338623462707,0.09396440255017152,0.4563477887847986,154.8606559462889,0.0,10.280411558593368,181.74681207258277,1.0,0.06638491549563742,True,0.0,False,True,"UNFILTERED (control, no IV condition)",2pct
call,2005-06-20,2005-07-27,82.5705337524414,84.19607543945312,86.98034850242935,88.63175917747817,1.6514106750488224,0.02,17.569730308924253,9.776499744351685,9.317802543557027,0.3515548472017266,0.10714235359293237,0.4586972007946589,155.8232649613252,0.0,9.317802543557027,163.7112777621054,1.0,0.059797248798949716,True,0.0,False,True,"UNFILTERED (control, no IV condition)",2pct
put,2005-07-28,2005-09-02,84.72660064697266,83.16224670410156,81.61990543076723,79.92537341782779,1.6945320129394474,0.02,17.216072981576346,10.438520045087074,10.02765134649585,0.3359158498592002,0.07495284873202356,0.41086869859122377,159.42554994744887,0.0,10.02765134649585,172.63677741507485,1.0,0.06289864673385943,True,0.0,False,True,"UNFILTERED (control, no IV condition)",2pct
call,2005-07-28,2005-09-02,84.72660064697266,83.16224670410156,88.8326536710331,90.52718568397255,1.6945320129394474,0.02,17.128375340672868,9.624422271962407,9.211389187823313,0.32682182046907815,0.0862112636700163,0.41303308413909445,160.24181210612142,0.0,9.211389187823313,157.7761314180535,1.0,0.057484304918637576,True,0.0,False,True,"UNFILTERED (control, no IV condition)",2pct
put,2005-09-06,2005-10-13,84.1348648071289,80.2103042602539,80.24399863620951,78.56130134006693,1.6826972961425781,0.02,17.502325159340998,11.617722085454218,11.074034976421537,0.4170650805845194,0.12662202844816173,0.5436871090326811,157.19569463783628,3.3694375955604983,7.704597380861038,134.84836858163692,0.6957353301904327,0.04901277607259975,True,0.0,False,False,"UNFILTERED (control, no IV condition)",2pct
call,2005-09-06,2005-10-13,84.1348648071289,80.2103042602539,89.17387829473418,90.85657559087676,1.6826972961425781,0.02,17.36791812759848,10.403525185482465,9.857527242808866,0.40304303615533166,0.1429549065182681,0.5459979426735997,158.41220237144896,0.0,9.857527242808866,171.20472609367596,1.0,0.06222707023348293,True,0.0,False,True,"UNFILTERED (control, no IV condition)",2pct
put,2005-10-14,2005-11-18,81.0572509765625,85.46979522705078,76.8242003129854,75.20305529345414,1.6211450195312551,0.02,18.26994399499183,11.794271739824058,11.18841132858629,0.450358602366685,0.15550180887108356,0.6058604112377686,150.92609062453923,0.0,11.18841132858629,204.41164836620365,1.0,0.07413172422533519,True,0.0,False,True,"UNFILTERED (control, no IV condition)",2pct
call,2005-10-14,2005-11-18,81.0572509765625,85.46979522705078,86.44791999275878,88.06906501229004,1.6211450195312551,0.02,18.09995026122124,10.37837530587753,9.770921816273523,0.43345643612547335,0.17399705347853345,0.6074534896040068,152.34358013685198,0.0,9.770921816273523,176.85319888083228,1.0,0.0641374044609966,True,0.0,False,True,"UNFILTERED (control, no IV condition)",2pct
put,2005-11-21,2005-12-28,85.90008544921875,86.34858703613281,82.61499190077053,80.89699019178616,1.7180017089843744,0.02,17.130353696098155,10.828576304679727,10.388645538739938,0.3553225867783921,0.08460817916139673,0.43993076593978886,161.4115253596975,0.0,10.388645538739938,177.96117250200732,1.0,0.06436123762283617,True,0.0,False,True,"UNFILTERED (control, no IV condition)",2pct
call,2005-11-21,2005-12-28,85.90008544921875,86.34858703613281,90.24142080266365,91.95942251164803,1.7180017089843744,0.02,17.03565368185292,9.933625850416794,9.491370092996942,0.3452982018401357,0.09695755557971586,0.44225575741985157,162.3088008054405,0.0,9.491370092996942,161.69169387059205,1.0,0.05847723626751603,True,0.0,False,True,"UNFILTERED (control, no IV condition)",2pct
put,2005-12-29,2006-02-03,85.96405029296875,86.70564270019531,82.45928963453072,80.74000862867135,1.7192810058593722,0.02,17.19149498562137,11.169605567240293,10.695492270948213,0.3766767177365432,0.09743657855553617,0.4741132962920794,161.232608314989,0.0,10.695492270948213,183.87150174475835,1.0,0.06633578891221042,True,0.0,False,True,"UNFILTERED (control, no IV condition)",2pct
call,2005-12-29,2006-02-03,85.96405029296875,86.70564270019531,90.53711109722747,92.25639210308684,1.7192810058593722,0.02,17.085602644291967,10.172770053703983,9.696212424133773,0.36543844045640594,0.11111918911380497,0.4765576295702109,162.23188816180345,0.0,9.696212424133773,165.6656326333966,1.0,0.059767611250774365,True,0.0,False,True,"UNFILTERED (control, no IV condition)",2pct
put,2006-02-06,2006-03-15,86.93225860595703,89.78881072998047,82.87602022961866,81.13737505749953,1.738645172119135,0.02,17.11312361226299,12.053023997668255,11.485025132390755,0.43466223260960335,0.1333366326678971,0.5679988652775004,162.37949207952275,0.0,11.485025132390755,196.54465478055008,1.0,0.07072952985199725,True,0.0,False,True,"UNFILTERED (control, no IV condition)",2pct
call,2006-02-06,2006-03-15,86.93225860595703,89.78881072998047,92.18151251459633,93.92015768671547,1.738645172119135,0.02,16.979734655703407,10.77976708486359,10.209408554490494,0.41992635374734355,0.15043217662575187,0.5703585303730954,163.655108657423,0.0,10.209408554490494,173.35304824691707,1.0,0.062383683822921226,True,0.0,False,True,"UNFILTERED (control, no IV condition)",2pct
put,2006-03-16,2006-04-21,89.97416687011719,90.41472625732422,86.18119493760172,84.38171160019937,1.79948333740235,0.02,16.527216829786628,11.881680460014232,11.364699677156501,0.407011397179044,0.10996938567868625,0.5169807828577302,168.5836340630785,0.0,11.364699677156501,187.82685576977158,1.0,0.06741282889241906,True,0.0,False,True,"UNFILTERED (control, no IV condition)",2pct
call,2006-03-16,2006-04-21,89.97416687011719,90.41472625732422,94.90585942882647,96.70534276622882,1.79948333740235,0.02,16.419298960223763,10.77623126725733,10.256662928734608,0.3944870601020778,0.12508127842064398,0.5195683385227218,169.6916708115004,0.0,10.256662928734608,168.40721496113775,1.0,0.06044293676693229,True,0.0,False,True,"UNFILTERED (control, no IV condition)",2pct
put,2006-04-24,2006-05-31,90.24928283691406,87.9052734375,86.47831707598571,84.67333141924743,1.8049856567382818,0.02,16.515879145286963,11.882565483893304,11.367819986237064,0.4059048173767871,0.10884068027945254,0.5147454976562396,169.13074568759112,0.0,11.367819986237064,187.74954103806905,1.0,0.06721320798310124,True,0.0,False,True,"UNFILTERED (control, no IV condition)",2pct
call,2006-04-24,2006-05-31,90.24928283691406,87.9052734375,95.18100685062282,96.9859925073611,1.8049856567382818,0.02,16.40916489885119,10.785244020524676,10.267906603293675,0.3934842588720594,0.1238531583589414,0.5173374172310008,170.23065907053453,0.0,10.267906603293675,168.48777261944892,1.0,0.060317610584114584,True,0.0,False,True,"UNFILTERED (control, no IV condition)",2pct
put,2006-06-01,2006-07-07,88.7463607788086,87.67066192626953,84.16850907080591,82.39358185522974,1.7749272155761702,0.02,16.942518617373786,12.855468514172808,12.200431488658959,0.4882118691840853,0.16682515632976402,0.6550370255138493,165.29229006895804,0.0,12.200431488658959,206.70603763659778,1.0,0.07381125570690006,True,0.0,False,True,"UNFILTERED (control, no IV condition)",2pct
call,2006-06-01,2006-07-07,88.7463607788086,87.67066192626953,94.60403517135475,96.37896238693092,1.7749272155761702,0.02,16.78742648550729,11.330234531227035,10.673363973574322,0.4700632104666952,0.18680734718601738,0.6568705576527125,166.8193575840427,0.0,10.673363973574322,179.17831305944088,1.0,0.0639815674161024,True,0.0,False,True,"UNFILTERED (control, no IV condition)",2pct
put,2006-07-10,2006-08-16,87.83683776855469,89.8102798461914,83.41542851233234,81.65869175696125,1.7567367553710938,0.02,17.15396685772718,12.599588443003551,11.96895276911503,0.47281269248180546,0.15782298140671613,0.6306356738885216,163.70472276799435,0.0,11.96895276911503,205.31501912310117,1.0,0.073113057257839,True,0.0,False,True,"UNFILTERED (control, no IV condition)",2pct
call,2006-07-10,2006-08-16,87.83683776855469,89.8102798461914,93.52646888361711,95.2832056389882,1.7567367553710938,0.02,17.002487304463838,11.14308951638816,10.510465088581117,0.4556008328583744,0.17702359494866926,0.6326244278070436,165.16321044852828,0.0,10.510465088581117,178.70404923261083,1.0,0.0636368417642052,True,0.0,False,True,"UNFILTERED (control, no IV condition)",2pct
put,2006-08-17,2006-09-22,90.03878784179688,91.43633270263672,86.15556614689199,84.35479039005605,1.8007757568359324,0.02,16.702538824025115,12.020547737430443,11.48848872800223,0.4162863514319881,0.11577265799622566,0.5320590094282138,168.589086955591,0.0,11.48848872800223,191.88692900883214,1.0,0.06814491338356009,True,0.0,False,True,"UNFILTERED (control, no IV condition)",2pct
call,2006-08-17,2006-09-22,90.03878784179688,91.43633270263672,95.07641165369765,96.87718741053358,1.8007757568359324,0.02,16.589095211836195,10.870251262539998,10.335601559916746,0.4032029920933766,0.13144671052987625,0.5346497026232528,169.7419741236765,0.0,10.335601559916746,171.4582783490616,1.0,0.06089007514656378,True,0.0,False,True,"UNFILTERED (control, no IV condition)",2pct
put,2006-09-25,2006-11-01,92.13880157470705,95.18499755859376,88.15964109401325,86.31686506251911,1.8427760314941395,0.02,16.365901024368377,12.32393229830726,11.776702030294583,0.42766428773517995,0.11956598027749663,0.5472302680126766,172.50090111911936,0.0,11.776702030294583,192.73633982127924,1.0,0.06827037977130485,True,0.0,False,True,"UNFILTERED (control, no IV condition)",2pct
call,2006-09-25,2006-11-01,92.13880157470705,95.18499755859376,97.32495056414972,99.16772659564386,1.8427760314941395,0.02,16.25396515435348,11.138622512317697,10.588743383788543,0.4141723456685481,0.13570678286060553,0.5498791285291537,173.6888597656254,0.0,10.588743383788543,172.10906598848993,1.0,0.0609638603078915,True,0.0,False,True,"UNFILTERED (control, no IV condition)",2pct
put,2006-11-02,2006-12-08,95.12938690185548,98.35645294189452,91.318790915848,89.41620317781089,1.9025877380371128,0.02,15.855118263507537,12.25390008511491,11.740421849148348,0.4099128690472187,0.10356536691934412,0.5134782359665628,178.51835195456295,0.0,11.740421849148348,186.14577688171488,1.0,0.06576590989444356,True,0.0,False,True,"UNFILTERED (control, no IV condition)",2pct
call,2006-11-02,2006-12-08,95.12938690185548,98.35645294189452,100.11127269302622,102.01386043106334,1.9025877380371128,0.02,15.760446694547808,11.184232880029299,10.668078355642486,0.39788017319377367,0.11827435119303939,0.5161545243868131,179.59069544806877,0.0,10.668078355642486,168.1336802573626,1.0,0.05940217742921606,True,0.0,False,True,"UNFILTERED (control, no IV condition)",2pct
put,2006-12-11,2007-01-17,98.6415786743164,100.02342224121094,94.91066015879757,92.93782858531124,1.9728315734863315,0.02,15.303523823917683,12.3658468159078,11.867353496050947,0.4038197451272735,0.09467357472957849,0.49849331985685197,185.4158038525822,0.0,11.867353496050947,181.6123269536685,1.0,0.06400400208326512,True,0.0,False,True,"UNFILTERED (control, no IV condition)",2pct
call,2006-12-11,2007-01-17,98.6415786743164,100.02342224121094,103.57911720059748,105.55194877408381,1.9728315734863315,0.02,15.220583098290543,11.358106905778609,10.856976875460116,0.39254135148147906,0.10858867883701342,0.5011300303184925,186.42618047317302,0.0,10.856976875460116,165.24951872915952,1.0,0.0582374044670322,True,0.0,False,True,"UNFILTERED (control, no IV condition)",2pct
put,2007-01-18,2007-02-23,99.6877670288086,101.61801147460938,95.90835859316473,93.91460325258856,1.9937553405761719,0.02,15.179648158734825,12.492902502891967,11.989609248436823,0.4078079085137215,0.09548534594142274,0.5032932544551443,187.38592480918038,0.0,11.989609248436823,181.99804995198403,1.0,0.06398351029110715,True,0.0,False,True,"UNFILTERED (control, no IV condition)",2pct
call,2007-01-18,2007-02-23,99.6877670288086,101.61801147460938,104.6614250397784,106.65518038035457,1.9937553405761719,0.02,15.09749161411296,11.475860487769252,10.969904751386197,0.396426124288643,0.10952961209441045,0.5059557363830535,188.405629306231,0.0,10.969904751386197,165.618044991671,1.0,0.05822493092048709,True,0.0,False,True,"UNFILTERED (control, no IV condition)",2pct
put,2007-02-26,2007-04-04,101.52706909179688,101.00293731689452,97.5165441397289,95.48600275789296,2.0305413818359312,0.02,14.961064808919021,13.006544911747042,12.465783222286602,0.43296265612705886,0.10779903333338198,0.5407616894604408,190.58835496130652,0.0,12.465783222286602,186.50139068256524,1.0,0.06540684620955682,True,0.0,False,True,"UNFILTERED (control, no IV condition)",2pct
call,2007-02-26,2007-04-04,101.52706909179688,101.00293731689452,106.80581823974782,108.83635962158375,2.0305413818359312,0.02,14.873450309282289,11.886685665924768,11.343091243674086,0.42038078194940043,0.12321364030128124,0.5435944222506817,191.71104693991902,0.0,11.343091243674086,168.71090396644155,1.0,0.05916764539515001,True,0.0,False,True,"UNFILTERED (control, no IV condition)",2pct
put,2007-04-05,2007-05-11,101.27680206298828,105.92497253417967,96.53553988726885,94.51000384600908,2.0255360412597696,0.02,15.110959354793117,14.048028238411625,13.385669173677195,0.506779885347361,0.1555791793870706,0.6623590647344315,189.16793495229976,0.0,13.385669173677195,202.27030282014326,1.0,0.07076077231087025,True,0.0,False,True,"UNFILTERED (control, no IV condition)",2pct
call,2007-04-05,2007-05-11,101.27680206298828,105.92497253417967,107.3835065462824,109.40904258754217,2.0255360412597696,0.02,14.993013666580604,12.562646048460469,11.89753991748762,0.4895861410921798,0.17551998988066808,0.6651061309728479,190.65606420848934,0.0,11.89753991748762,178.37997858158016,1.0,0.06240315495276996,True,0.0,False,True,"UNFILTERED (control, no IV condition)",2pct
put,2007-05-14,2007-06-20,105.69326782226562,106.57894897460938,100.39674821652434,98.28288286007903,2.1138653564453165,0.02,14.54810191282814,15.131129789866549,14.376506494604282,0.5664507700044646,0.18817252525780148,0.7546232952622661,197.01002914992736,0.0,14.376506494604282,209.15088163393872,1.0,0.07297347529279112,True,0.0,False,True,"UNFILTERED (control, no IV condition)",2pct
call,2007-05-14,2007-06-20,105.69326782226562,106.57894897460938,112.5110433904209,114.62490874686621,2.1138653564453165,0.02,14.420563436779293,13.391163216736945,12.634108633780317,0.5459168316875262,0.21113775126910123,0.7570545829566275,198.75242701075132,0.0,12.634108633780317,182.19096502059003,1.0,0.06356706594127219,True,0.0,False,True,"UNFILTERED (control, no IV condition)",2pct
put,2007-06-21,2007-07-27,107.17133331298828,102.32682800292967,101.76548359628794,99.62205693002817,2.1434266662597707,0.02,14.388491937635647,15.372445043125627,14.603261599231082,0.5767472849863425,0.19243615890820187,0.7691834438945444,199.739405026746,0.0,14.603261599231082,210.11891178372068,1.0,0.07311157053499603,True,0.0,False,True,"UNFILTERED (control, no IV condition)",2pct
call,2007-06-21,2007-07-27,107.17133331298828,102.32682800292967,114.09767802637377,116.24110469263354,2.1434266662597707,0.02,14.261478653972791,13.595988565421191,12.824374688213263,0.5557567956717302,0.21585708153619848,0.7716138772079286,201.51829193776382,0.0,12.824374688213263,182.89454586650243,1.0,0.06363876234209992,True,0.0,False,True,"UNFILTERED (control, no IV condition)",2pct
put,2007-07-30,2007-09-05,103.92752075195312,104.21662139892578,96.09213270375895,94.01358228871989,2.078550415039061,0.02,15.046172087745582,17.56580404877326,16.323994856129005,0.8404771469317951,0.4013320457124603,1.2418091926442554,191.53104664777706,0.0,16.323994856129005,245.6136357647907,1.0,0.08522897536371012,True,0.0,False,True,"UNFILTERED (control, no IV condition)",2pct
call,2007-07-30,2007-09-05,103.92752075195312,104.21662139892578,113.93391144557022,116.01246186060928,2.078550415039061,0.02,14.800038055653468,14.370131763450189,13.138711912600906,0.7953365724677697,0.4360832783815133,1.2314198508492828,194.71632959130517,0.0,13.138711912600906,194.45343630876098,1.0,0.06747616874341288,True,0.0,False,True,"UNFILTERED (control, no IV condition)",2pct
put,2007-09-06,2007-10-12,104.45638275146484,110.7617416381836,95.53492970957541,93.4458020545461,2.0891276550293014,0.02,15.064381553461995,18.489669377127527,17.028988582419924,0.9614612645678977,0.4992195301397051,1.4606807947076028,191.88377692051023,0.0,17.028988582419924,256.5311814751216,1.0,0.08874636957700886,True,0.0,False,True,"UNFILTERED (control, no IV condition)",2pct
call,2007-09-06,2007-10-12,104.45638275146484,110.7617416381836,115.88523255028394,117.97436020531325,2.0891276550293014,0.02,14.770788367175554,14.654862738230268,13.214989758365133,0.903122274160445,0.5367507057046889,1.4398729798651337,195.697775744565,0.0,13.214989758365133,195.19581699520378,1.0,0.06752754193595961,True,0.0,False,True,"UNFILTERED (control, no IV condition)",2pct
put,2007-10-15,2007-11-21,109.82650756835938,100.38198852539062,102.18616173793598,99.98963158656879,2.1965301513671847,0.02,14.295365612310025,17.999804062683555,16.814903257829876,0.8174479532103873,0.36745285164329344,1.1849008048536809,202.83811187888858,180.41732125453507,-163.60241799670519,-2338.75638032087,-9.72960804401438,-0.8065664607171535,False,163.60241799670519,False,False,"UNFILTERED (control, no IV condition)",2pct
call,2007-10-15,2007-11-21,109.82650756835938,100.38198852539062,119.56823867616504,121.76476882753222,2.1965301513671847,0.02,14.087340018166985,14.998397798598262,13.81962390175252,0.7768669209053503,0.4019069759403915,1.1787738968457417,205.83339123496594,0.0,13.81962390175252,194.68174082717525,1.0,0.06713985432022028,True,0.0,False,True,"UNFILTERED (control, no IV condition)",2pct
put,2007-11-23,2007-12-28,102.11788177490234,104.91771697998048,92.94006816924453,90.89771053374648,2.0423576354980497,0.02,15.24858319276528,18.41141515359448,16.88960551560282,0.99104750841576,0.5307621295758985,1.5218096379916584,187.34615803420215,0.0,16.88960551560282,257.5425547976569,1.0,0.09015186483044628,True,0.0,False,True,"UNFILTERED (control, no IV condition)",2pct
call,2007-11-23,2007-12-28,102.11788177490234,104.91771697998048,113.88853010923947,115.93088774473752,2.0423576354980497,0.02,14.930079288667253,14.388924747592746,12.892943368138384,0.927852249072092,0.5681291303822694,1.4959813794543613,191.34282018166658,0.0,12.892943368138384,192.4926667506027,1.0,0.06738138047666194,True,0.0,False,True,"UNFILTERED (control, no IV condition)",2pct
put,2007-12-31,2008-02-06,104.14137268066406,94.76789855957033,95.68585493922672,93.60302748561344,2.0828274536132767,0.02,14.96078442915206,18.098530570114235,16.731012587455176,0.9099906234559585,0.45752735920309984,1.3675179826590584,191.5517327738725,91.79563796563883,-75.06462537818365,-1123.0256785380625,-4.486556027963705,-0.3918765144599225,False,75.06462537818365,False,False,"UNFILTERED (control, no IV condition)",2pct
call,2007-12-31,2008-02-06,104.14137268066406,94.76789855957033,114.97138982061082,117.0542172742241,2.0828274536132767,0.02,14.688752489838823,14.53497053820696,13.183523487796528,0.8574106569328055,0.49403639347762596,1.3514470504104314,195.09922187353115,0.0,13.183523487796528,193.64951345621984,1.0,0.06757342936171454,True,0.0,False,True,"UNFILTERED (control, no IV condition)",2pct
put,2008-02-07,2008-03-14,95.39466857910156,92.31765747070312,86.04831389547147,84.14042052388943,1.907893371582034,0.02,16.304675638652604,17.756836020256728,16.166013097149122,1.0173719118070135,0.5734510113005908,1.5908229231076043,174.62332406105426,0.0,16.166013097149122,263.5815999192262,1.0,0.09257648246059577,True,0.0,False,True,"UNFILTERED (control, no IV condition)",2pct
call,2008-02-07,2008-03-14,95.39466857910156,92.31765747070312,107.50733946528109,109.41523283686313,1.907893371582034,0.02,15.920707854880003,13.509845429485523,11.95453384975024,0.9465288577362119,0.608782721999071,1.555311579735283,178.83480330845316,0.0,11.95453384975024,190.32464096314752,1.0,0.0668467973156832,True,0.0,False,True,"UNFILTERED (control, no IV condition)",2pct
put,2008-03-17,2008-04-23,91.38459777832033,98.57984924316406,80.91170310033255,79.08401114476614,1.827691955566408,0.02,17.14222114174463,18.016680032827015,16.14815158813647,1.1594727227556112,0.7090557219349314,1.8685284446905426,166.62104396850432,0.0,16.14815158813647,276.81518555425015,1.0,0.09691543879168642,True,0.0,False,True,"UNFILTERED (control, no IV condition)",2pct
call,2008-03-17,2008-04-23,91.38459777832033,98.57984924316406,105.26229421912548,107.08998617469189,1.827691955566408,0.02,16.643663264213185,12.962339504138765,11.157048805395897,1.0646745931731705,0.7406161055696969,1.8052906987428674,171.6121467512449,0.0,11.157048805395897,185.69416333940129,1.0,0.06501316495718834,True,0.0,False,True,"UNFILTERED (control, no IV condition)",2pct
put,2008-04-24,2008-05-30,99.00933074951172,100.46236419677734,91.91829220329208,89.93810558830185,1.980186614990231,0.02,15.682206467222082,16.40138667283173,15.295332639425432,0.7580443501135459,0.34800968329275206,1.106054033406298,182.72332885959764,0.0,15.295332639425432,239.8645644363105,1.0,0.08370760720530752,True,0.0,False,True,"UNFILTERED (control, no IV condition)",2pct
call,2008-04-24,2008-05-30,99.00933074951172,100.46236419677734,108.0261968902525,110.00638350524274,1.980186614990231,0.02,15.444604716136912,13.583485506998993,12.484293852800473,0.7193893959367481,0.3798022582617716,1.0991916541985196,185.53436764622262,0.0,12.484293852800473,192.81498371660123,1.0,0.06728830895958615,True,0.0,False,True,"UNFILTERED (control, no IV condition)",2pct
put,2008-06-02,2008-07-09,99.42449188232422,89.77130889892578,92.2997237002543,90.31123386260782,1.9884898376464832,0.02,15.664665923145975,16.48240075023173,15.368622637345005,0.7629190658212603,0.3508590470654632,1.1137781128867235,183.48036112730333,198.84898376464832,-183.48036112730333,-2874.158560517386,-11.938634024460654,-1.0,False,183.48036112730333,True,False,"UNFILTERED (control, no IV condition)",2pct
call,2008-06-02,2008-07-09,99.42449188232422,89.77130889892578,108.51248729579348,110.50097713343996,1.9884898376464832,0.02,15.426598017106496,13.64386832053972,12.537098452653902,0.7239332879496574,0.3828365799361605,1.1067698678858178,186.31188531199442,0.0,12.537098452653902,193.4047781299796,1.0,0.0672909215193626,True,0.0,False,True,"UNFILTERED (control, no IV condition)",2pct
put,2008-07-10,2008-08-15,90.13819885253906,93.64159393310548,81.94251405892707,80.13975008187629,1.8027639770507875,0.02,17.061602200383746,16.3267590330884,14.961121229684323,0.8869033896156453,0.4787344137884314,1.3656378034040766,165.31527647539443,0.0,14.961121229684323,255.26069889259003,1.0,0.09050053660292635,True,0.0,False,True,"UNFILTERED (control, no IV condition)",2pct
call,2008-07-10,2008-08-15,90.13819885253906,93.64159393310548,100.68588344374209,102.48864742079287,1.8027639770507875,0.02,16.698874861710696,12.71163998011362,11.370198441502144,0.8296162690571596,0.5118252695543168,1.3414415386114764,168.9061992635766,0.0,11.370198441502144,189.86952092746228,1.0,0.06731664374117524,True,0.0,False,True,"UNFILTERED (control, no IV condition)",2pct
put,2008-08-18,2008-09-24,92.36111450195312,86.05097961425781,85.36142188536395,83.5141995953249,1.8472222900390562,0.02,16.62506973652096,15.64162918917038,14.530696931683368,0.7509864936081356,0.3599457638788772,1.1109322574870129,170.19153207222226,0.0,14.530696931683368,241.57384980948711,1.0,0.08537849536202036,True,0.0,False,True,"UNFILTERED (control, no IV condition)",2pct
call,2008-08-18,2008-09-24,92.36111450195312,86.05097961425781,101.30168306203461,103.14890535207367,1.8472222900390562,0.02,16.351063090134215,12.780063184156276,11.678673751938629,0.7104455059107784,0.39094392630686925,1.1013894322176476,173.043555251967,0.0,11.678673751938629,190.95873132704298,1.0,0.067489793161805,True,0.0,False,True,"UNFILTERED (control, no IV condition)",2pct
put,2008-09-25,2008-10-31,87.39675903320312,70.06069946289062,77.33260308138583,75.58466790072177,1.747935180664058,0.02,17.812381103844253,17.25662991116259,15.460707683393466,1.1136689877740968,0.6822532399950287,1.7959222277691256,159.33281038301232,174.7935180664058,-159.33281038301232,-2838.0967408887677,-10.305660882144071,-1.0,False,159.33281038301232,True,False,"UNFILTERED (control, no IV condition)",2pct
call,2008-09-25,2008-10-31,87.39675903320312,70.06069946289062,100.7156742876674,102.46360946833146,1.747935180664058,0.02,17.291635321189084,12.396910988190069,10.662324678873608,1.0222545420106088,0.7123317673058516,1.7345863093164604,164.1311933875322,0.0,10.662324678873608,184.36903002319693,1.0,0.0649622077242725,True,0.0,False,True,"UNFILTERED (control, no IV condition)",2pct
put,2008-11-03,2008-12-10,70.26326751708984,65.19847869873047,57.53458040455412,56.12931505421232,1.4052653503418,0.02,22.003957818027143,16.6005615831871,13.957387351585515,1.5290941355906362,1.1140800960109498,2.643174231601586,126.56914768259449,0.0,13.957387351585515,307.11776253415326,1.0,0.11027479924718576,True,0.0,False,True,"UNFILTERED (control, no IV condition)",2pct
call,2008-11-03,2008-12-10,70.26326751708984,65.19847869873047,89.1611656511744,90.5664310015162,1.405265350341793,0.02,20.852258589308068,9.385244017789152,6.966797380653894,1.3265388687899948,1.0919077683452627,2.4184466371352578,133.5597376535254,0.0,6.966797380653894,145.2734605207091,1.0,0.05216240689785453,True,0.0,False,True,"UNFILTERED (control, no IV condition)",2pct
put,2008-12-11,2009-01-16,63.62836456298828,62.04418563842773,51.84922879468115,50.576661503421384,1.2725672912597688,0.02,24.392939392362656,15.177029962729183,12.71251753303665,1.4219690893803816,1.042543340312152,2.4645124296925336,114.54421159294021,0.0,12.71251753303665,310.0956697077106,1.0,0.11098350022446851,True,0.0,False,True,"UNFILTERED (control, no IV condition)",2pct
call,2008-12-11,2009-01-16,63.62836456298828,62.04418563842773,81.23475908384846,82.50732637510822,1.2725672912597616,0.02,23.081634479748256,8.452219537671368,6.2050759779262945,1.2292245240934307,1.0179190356516432,2.2471435597450737,121.05165314804987,0.0,6.2050759779262945,143.22329564156118,1.0,0.05125973761248264,True,0.0,False,True,"UNFILTERED (control, no IV condition)",2pct
put,2009-01-20,2009-02-26,58.76907730102539,55.15848159790039,47.622018462882274,46.44663691686176,1.1753815460205104,0.02,26.51493116854398,14.175319096581696,11.81898932791879,1.3553563730387297,1.0009733956241773,2.356329768662907,105.71916527413225,0.0,11.81898932791879,313.3796885115226,1.0,0.11179609011546653,True,0.0,False,True,"UNFILTERED (control, no IV condition)",2pct
call,2009-01-20,2009-02-26,58.76907730102539,55.15848159790039,75.61022667942763,76.78560822544813,1.1753815460205033,0.02,25.04448001858191,7.751235898649611,5.61183836950182,1.1665892133070177,0.972808315840773,2.1393975291477907,111.92631623254852,0.0,5.61183836950182,140.54557391249963,1.0,0.050138685506651924,True,0.0,False,True,"UNFILTERED (control, no IV condition)",2pct
put,2009-02-27,2009-04-03,53.9257926940918,61.90056610107422,45.526078462431435,44.447562608549596,1.0785158538818393,0.02,28.82807400160016,11.949159996644054,10.300327002628078,0.9737809969660394,0.6750519970499358,1.6488329940159752,97.55125838555585,0.0,10.300327002628078,296.9385890724426,1.0,0.10558886859170664,True,0.0,False,True,"UNFILTERED (control, no IV condition)",2pct
call,2009-02-27,2009-04-03,53.9257926940918,61.90056610107422,65.76994412685913,66.84845998074097,1.0785158538818393,0.02,27.583364841561025,7.440807095654378,5.8982917330625275,0.8642677699916057,0.6782475926002451,1.5425153625918508,101.9532936551214,0.0,5.8982917330625275,162.69473281502698,1.0,0.05785288068294044,True,0.0,False,True,"UNFILTERED (control, no IV condition)",2pct
put,2009-04-06,2009-05-13,61.41569137573242,65.14765167236328,52.652409517770856,51.42409569025621,1.228313827514647,0.02,25.336669995253356,13.148321323826817,11.47469844155571,1.0011654576833895,0.6724574245877191,1.6736228822711086,111.356684309909,0.0,11.47469844155571,290.730647708745,1.0,0.1030445411756449,True,0.0,False,True,"UNFILTERED (control, no IV condition)",2pct
call,2009-04-06,2009-05-13,61.41569137573242,65.14765167236328,73.53225457048339,74.76056839799804,1.2283138275146541,0.02,24.357064517552157,8.578427438931868,6.996095617721837,0.8983962535916656,0.6839355676183656,1.5823318212100312,115.83528713374358,0.0,6.996095617721837,170.4043523318147,1.0,0.06039692904325549,True,0.0,False,True,"UNFILTERED (control, no IV condition)",2pct
put,2009-05-14,2009-06-19,65.70597076416016,67.99797821044922,58.45306638555905,57.138946970275846,1.3141194152832014,0.02,23.605125175097683,12.774099852362841,11.496023221190551,0.7987145637406823,0.47936206743160736,1.2780766311722895,119.9159183071296,0.0,11.496023221190551,271.3650671520326,1.0,0.09586736593007482,True,0.0,False,True,"UNFILTERED (control, no IV condition)",2pct
call,2009-05-14,2009-06-19,65.70597076416016,67.99797821044922,75.24414774014535,76.55826715542855,1.3141194152832014,0.02,22.952637765305834,9.325829141574449,8.087106663142505,0.7359341034856526,0.5027883749462919,1.2387224784319444,123.32483486517765,0.0,8.087106663142505,185.62042980850111,1.0,0.06557565369524775,True,0.0,False,True,"UNFILTERED (control, no IV condition)",2pct
put,2009-06-22,2009-07-29,65.95892333984375,72.142578125,58.63523057053388,57.316052103737,1.3191784667968776,0.02,23.594335919712613,12.85420376125872,11.559724216354505,0.8079173194678435,0.48656222543637107,1.2944795449042146,120.35812246333326,0.0,11.559724216354505,272.74401629990484,1.0,0.09604440464644287,True,0.0,False,True,"UNFILTERED (control, no IV condition)",2pct
call,2009-06-22,2009-07-29,65.95892333984375,72.142578125,75.61847997350152,76.93765844029839,1.3191784667968705,0.02,22.936244491961975,9.360309869199135,8.106384299217861,0.743966658355627,0.5099589116256464,1.2539255699812735,123.81146238046918,0.0,8.106384299217861,185.9300122326627,1.0,0.06547361725126198,True,0.0,False,True,"UNFILTERED (control, no IV condition)",2pct
put,2009-07-30,2009-09-04,72.89613342285156,75.40064239501953,66.31568512024654,64.85776245178951,1.4579226684570301,0.02,21.30566959724395,13.16891408781311,12.07464583251609,0.7117455537461737,0.382522701550847,1.0942682552970207,133.7176210131869,0.0,12.07464583251609,257.25841461132643,1.0,0.09029958610559873,True,0.0,False,True,"UNFILTERED (control, no IV condition)",2pct
call,2009-07-30,2009-09-04,72.89613342285156,75.40064239501953,81.36007577895933,82.81799844741636,1.4579226684570301,0.02,20.857193823556795,10.27475757925398,9.199421387329068,0.6661025657031305,0.4092336262217805,1.0753361919249111,136.59284545837394,0.0,9.199421387329068,191.87411494009612,1.0,0.0673492184488722,True,0.0,False,True,"UNFILTERED (control, no IV condition)",2pct
put,2009-09-08,2009-10-15,76.05076599121094,81.43843841552734,69.044602281929,67.52358696210479,1.5210153198242153,0.02,20.49737811708902,13.846299543027918,12.672670061551278,0.7598934850261696,0.41373599645047054,1.1736294814766401,139.42886192087025,0.0,12.672670061551278,259.75651000473033,1.0,0.09088986230658162,True,0.0,False,True,"UNFILTERED (control, no IV condition)",2pct
call,2009-09-08,2009-10-15,76.05076599121094,81.43843841552734,85.09995645190223,86.62097177172645,1.5210153198242153,0.02,20.052950542714512,10.734388356140112,9.58254969401247,0.7100991855155725,0.4417394766120686,1.151838662127641,142.51898228840906,0.0,9.58254969401247,192.15839508713617,1.0,0.06723700618785439,True,0.0,False,True,"UNFILTERED (control, no IV condition)",2pct
put,2009-10-16,2009-11-20,80.82970428466797,81.2305679321289,74.72517329203939,73.10857920634602,1.6165940856933645,0.02,19.245760361837366,13.657554828429763,12.693384498172938,0.6528046004837862,0.3113657297730388,0.964170330256825,148.9660240711635,0.0,12.693384498172938,244.2938362324976,1.0,0.08520993009861833,True,0.0,False,True,"UNFILTERED (control, no IV condition)",2pct
call,2009-10-16,2009-11-20,80.82970428466797,81.2305679321289,88.57998052242593,90.19657460811929,1.6165940856933645,0.02,18.931463761306084,11.176443715970574,10.220278585680195,0.6177881115948219,0.33837701869555703,0.956165130290379,151.43912998365624,0.0,10.220278585680195,193.4848336752572,1.0,0.06748770008638584,True,0.0,False,True,"UNFILTERED (control, no IV condition)",2pct
put,2009-11-23,2009-12-30,82.26239013671875,83.97398376464844,75.97514325138302,74.32989544864864,1.6452478027343744,0.02,18.975511431504447,13.975925800770828,12.975770113268823,0.6747769162606387,0.3253787712413664,1.000155687502005,151.54901016016862,0.0,12.975770113268823,246.2218741169063,1.0,0.08562094928601008,True,0.0,False,True,"UNFILTERED (control, no IV condition)",2pct
call,2009-11-23,2009-12-30,82.26239013671875,83.97398376464844,90.29516279555679,91.94041059829117,1.6452478027343744,0.02,18.65894691384639,11.395812192006805,10.40461539996026,0.6380460484233574,0.3531507436231873,0.9911967920465448,154.12016487347717,0.0,10.40461539996026,194.1391664068471,1.0,0.06750976037757153,True,0.0,False,True,"UNFILTERED (control, no IV condition)",2pct
put,2009-12-31,2010-02-05,83.16796875,79.60062408447266,76.7352799317794,75.0719205567794,1.6633593749999989,0.02,18.831728244487323,14.1868163095495,13.16214707094909,0.6896698231695753,0.3349994154308339,1.024669238600409,153.1737904290508,0.0,13.16214707094909,247.86597675408805,1.0,0.08592949899640774,True,0.0,False,True,"UNFILTERED (control, no IV condition)",2pct
call,2009-12-31,2010-02-05,83.16796875,79.60062408447266,91.36619384197257,93.02955321697257,1.6633593749999989,0.02,18.512797111275546,11.538351161464,10.523329702280032,0.6517401191102834,0.3632813400736845,1.015021459183968,155.81260779771986,0.0,10.523329702280032,194.81626771336994,1.0,0.06753837093813167,True,0.0,False,True,"UNFILTERED (control, no IV condition)",2pct
put,2010-02-08,2010-03-17,79.02598571777344,87.39203643798828,71.50247404560614,69.92195433125066,1.580519714355475,0.02,19.987096748114713,14.561577676691417,13.28953410456264,0.8180415070230318,0.45400206510574637,1.2720435721287782,144.76243733098485,0.0,13.28953410456264,265.6192038852635,1.0,0.09180236496141224,True,0.0,False,True,"UNFILTERED (control, no IV condition)",2pct
call,2010-02-08,2010-03-17,79.02598571777344,87.39203643798828,88.77177691411973,90.3522966284752,1.580519714355475,0.02,19.5337849805361,11.175974841107639,9.930097292348087,0.762638459893622,0.4832390888659305,1.2458775487595526,148.12187414319942,0.0,9.930097292348087,193.97238534453126,1.0,0.06704004624427039,True,0.0,False,True,"UNFILTERED (control, no IV condition)",2pct
put,2010-03-18,2010-04-23,87.34725952148438,91.2814712524414,82.17084584896473,80.42390065853505,1.7469451904296847,0.02,17.91243798359807,13.419812321336178,12.652217773331703,0.5515449280189405,0.21604961998553385,0.7675945480044744,162.04230126963677,0.0,12.652217773331703,226.6320662197814,1.0,0.07807972161712601,True,0.0,False,True,"UNFILTERED (control, no IV condition)",2pct
call,2010-03-18,2010-04-23,87.34725952148438,91.2814712524414,93.93319864886713,95.68014383929682,1.7469451904296847,0.02,17.708267618125753,11.551418983367423,10.78392457912149,0.5281399394150593,0.23935446483087375,0.7674944042459331,163.91059446384696,0.0,10.78392457912149,190.96462242076745,1.0,0.06579150429168903,True,0.0,False,True,"UNFILTERED (control, no IV condition)",2pct
put,2010-04-26,2010-06-02,90.93677520751952,82.67864990234375,85.19906508823885,83.38032958408846,1.8187355041503963,0.02,17.28585963014065,14.341414883243875,13.474369334740139,0.6127904602924172,0.25425508821131787,0.8670455485037352,168.39918108029948,181.87355041503963,-168.39918108029948,-2910.9246059846937,-12.497741222375893,-1.0,False,168.39918108029948,True,False,"UNFILTERED (control, no IV condition)",2pct
call,2010-04-26,2010-06-02,90.93677520751952,82.67864990234375,98.25396619711778,100.07270170126817,1.8187355041503963,0.02,17.06840513852966,12.194312926477124,11.32893406927061,0.5851183401842208,0.2802605170222919,0.8653788572065126,170.54461634576904,0.0,11.32893406927061,193.3668364820022,1.0,0.06642797827345,True,0.0,False,True,"UNFILTERED (control, no IV condition)",2pct
put,2010-06-03,2010-07-09,82.96338653564453,81.28755950927734,74.33248556642556,72.67321783571268,1.6592677307128838,0.02,18.83818511022267,15.784081496269575,14.289370960588219,0.9446562865440489,0.5500542491373078,1.4947105356813566,151.63740211070015,0.0,14.289370960588219,269.1858152642012,1.0,0.09423381541551681,True,0.0,False,True,"UNFILTERED (control, no IV condition)",2pct
call,2010-06-03,2010-07-09,82.96338653564453,81.28755950927734,94.22517812149265,95.88444585220553,1.6592677307128838,0.02,18.35710655704893,11.770704977306323,10.315460268958637,0.8747561663901726,0.5804885419575134,1.455244708347686,155.61131280232973,0.0,10.315460268958637,189.3620033422783,1.0,0.06628991223833566,True,0.0,False,True,"UNFILTERED (control, no IV condition)",2pct
put,2010-07-12,2010-08-18,81.3402328491211,82.6654052734375,74.18381816653397,72.55701350955155,1.626804656982415,0.02,19.19426658962965,14.56180171168766,13.378360635520092,0.7737430594798811,0.40969801668768735,1.1834410761675684,149.3021050627214,0.0,13.378360635520092,256.7878205703798,1.0,0.08960597461033706,True,0.0,False,True,"UNFILTERED (control, no IV condition)",2pct
call,2010-07-12,2010-08-18,81.3402328491211,82.6654052734375,90.55059701864835,92.17740167563076,1.626804656982415,0.02,18.803716012002653,11.441970916394428,10.277376588752274,0.7253218002760076,0.43927252736614686,1.1645943276421544,152.40308910948923,0.0,10.277376588752274,193.25287072330232,1.0,0.0674354873566166,True,0.0,False,True,"UNFILTERED (control, no IV condition)",2pct
put,2010-08-19,2010-09-24,81.227294921875,86.91556549072266,73.60568736342216,71.98114146498466,1.6245458984375034,0.02,19.31266746824877,14.883110650287623,13.601759155348356,0.8267146305982298,0.45463686434103756,1.2813514949392673,148.85283068840198,0.0,13.601759155348356,262.68625155045106,1.0,0.09137722871942772,True,0.0,False,True,"UNFILTERED (control, no IV condition)",2pct
call,2010-08-19,2010-09-24,81.227294921875,86.91556549072266,91.06304405633689,92.6875899547744,1.6245458984375034,0.02,18.88391885415017,11.478383396201686,10.22214047793172,0.7716012515875059,0.4846416666824588,1.2562429182699648,152.2324493658186,0.0,10.22214047793172,193.03407130098645,1.0,0.06714823626970388,True,0.0,False,True,"UNFILTERED (control, no IV condition)",2pct
put,2010-09-27,2010-11-03,86.49919891357422,90.79881286621094,79.46385162749738,77.73386764922589,1.7299839782714912,0.02,18.12670918242433,15.042281711270622,13.9039037175474,0.7572175182524954,0.3811604754707265,1.138377993723222,159.09449410960173,0.0,13.9039037175474,252.03201918841026,1.0,0.08739399685302036,True,0.0,False,True,"UNFILTERED (control, no IV condition)",2pct
call,2010-09-27,2010-11-03,86.49919891357422,90.79881286621094,95.51100572253259,97.24098970080408,1.7299839782714912,0.02,17.796298698592455,12.075019279192922,10.950115985388303,0.7133893878922215,0.41151390591239734,1.1249032938046188,162.0482818417608,0.0,10.950115985388303,194.8715348602023,1.0,0.06757316931061957,True,0.0,False,True,"UNFILTERED (control, no IV condition)",2pct
put,2010-11-04,2010-12-10,92.54741668701172,94.22792053222656,86.4280458244382,84.57709749069797,1.8509483337402344,0.02,16.900317153309945,14.860732844982572,13.926584157819594,0.6528335041437738,0.2813151830192054,0.9341486871629792,171.16824921620383,0.0,13.926584157819594,235.36368912941302,1.0,0.08136195948483896,True,0.0,False,True,"UNFILTERED (control, no IV condition)",2pct
call,2010-11-04,2010-12-10,92.54741668701172,94.22792053222656,100.32246580139345,102.17341413513368,1.8509483337402344,0.02,16.67279114062805,12.521761686167743,11.590728756440352,0.6220384859407929,0.3089944437865977,0.9310329297273906,173.50410461758307,0.0,11.590728756440352,193.2497997238015,1.0,0.0668037726368909,True,0.0,False,True,"UNFILTERED (control, no IV condition)",2pct
put,2010-12-13,2011-01-19,94.28843688964844,97.59225463867188,88.31167446795799,86.42590573016501,1.8857687377929722,0.02,16.618802045770014,14.897562973800493,13.993293078533625,0.6383544848059419,0.26591541046092765,0.9042698952668695,174.58358070076358,0.0,13.993293078533625,232.551767640594,1.0,0.08015240048557684,True,0.0,False,True,"UNFILTERED (control, no IV condition)",2pct
call,2010-12-13,2011-01-19,94.28843688964844,97.59225463867188,101.91002491017112,103.79579364796409,1.8857687377929722,0.02,16.408272667603693,12.655672271920082,11.753266146536712,0.6093989660906879,0.2930071592926825,0.9024061253833704,176.8236076327605,0.0,11.753266146536712,192.8507956672901,1.0,0.06646887428598736,True,0.0,False,True,"UNFILTERED (control, no IV condition)",2pct
put,2011-01-20,2011-02-25,97.46290588378906,100.69690704345705,91.20417353840321,89.25491542072743,1.9492581176757824,0.02,16.129747411547278,15.469363737108477,14.521373611858504,0.6673621093388427,0.2806280159111302,0.9479901252499728,180.40443815571973,0.0,14.521373611858504,234.22608842798564,1.0,0.08049343885500249,True,0.0,False,True,"UNFILTERED (control, no IV condition)",2pct
call,2011-01-20,2011-02-25,97.46290588378906,100.69690704345705,105.41572586683807,107.36498398451386,1.9492581176757824,0.02,15.921923560901465,13.112326863074486,12.166611332809243,0.6367618509210526,0.30895367934418994,0.9457155302652426,182.75920043476899,0.0,12.166611332809243,193.71585563618626,1.0,0.06657181309540577,True,0.0,False,True,"UNFILTERED (control, no IV condition)",2pct
put,2011-02-28,2011-04-06,101.32090759277344,102.15082550048828,94.60287514184645,92.57645698999099,2.0264181518554665,0.02,15.575519012275988,16.29707673576375,15.268485542088062,0.7180090560348906,0.3105821376407969,1.0285911936756875,187.3733296434586,0.0,15.268485542088062,237.81458684945366,1.0,0.08148697347238021,True,0.0,False,True,"UNFILTERED (control, no IV condition)",2pct
call,2011-02-28,2011-04-06,101.32090759277344,102.15082550048828,109.88499693950187,111.91141509135734,2.0264181518554665,0.02,15.364428306793263,13.719180672339881,12.694177695853584,0.6839912466473974,0.3410117298388998,1.0250029764862973,189.94763748969305,0.0,12.694177695853584,195.0387831216365,1.0,0.06682987934789343,True,0.0,False,True,"UNFILTERED (control, no IV condition)",2pct
put,2011-04-07,2011-05-13,101.89102172851562,102.44126892089844,95.67165816981365,93.63383773524335,2.037820434570307,0.02,15.49819864962311,15.844764678614354,14.91532469641203,0.6627795495838418,0.2666604326184832,0.9294399822023249,188.86671876061865,0.0,14.91532469641203,231.16066506862313,1.0,0.07897275281896877,True,0.0,False,True,"UNFILTERED (control, no IV condition)",2pct
call,2011-04-07,2011-05-13,101.89102172851562,102.44126892089844,109.79880923679532,111.83662967136563,2.037820434570307,0.02,15.313332694921924,13.56387346996204,12.635283703993677,0.633843301358708,0.2947464646096548,0.9285897659683628,191.146759753037,0.0,12.635283703993677,193.48830305398056,1.0,0.06610252624903794,True,0.0,False,True,"UNFILTERED (control, no IV condition)",2pct
put,2011-05-16,2011-06-22,101.79164123535156,98.82472229003906,95.0831251011758,93.04729227646877,2.035832824707029,0.02,15.59201710210953,16.333774235235943,15.308289838745953,0.7169143761854457,0.30857002030454384,1.0254843964899896,188.27499263195696,0.0,15.308289838745953,238.68711696977644,1.0,0.08130814201475417,True,0.0,False,True,"UNFILTERED (control, no IV condition)",2pct
call,2011-05-16,2011-06-22,101.79164123535156,98.82472229003906,110.3437298669093,112.37956269161633,2.035832824707029,0.02,15.382602715071513,13.767279955435807,12.745167530582957,0.6831472118693727,0.3389652129834775,1.0221124248528501,190.83811494011994,0.0,12.745167530582957,196.0538486599867,1.0,0.06678523068927851,True,0.0,False,True,"UNFILTERED (control, no IV condition)",2pct
put,2011-06-23,2011-07-29,98.5405502319336,99.3316421508789,91.75332659528121,89.78251559064253,1.9708110046386764,0.02,16.172933599533902,16.078688966138,15.031152245786284,0.7247519722525853,0.3227847480991308,1.047536720351716,182.04994821808137,0.0,15.031152245786284,243.09782719558646,1.0,0.08256608910308592,True,0.0,False,True,"UNFILTERED (control, no IV condition)",2pct
call,2011-06-23,2011-07-29,98.5405502319336,99.3316421508789,107.1660305212056,109.13684152584428,1.9708110046386764,0.02,15.941569326414557,13.431579426535656,12.38901249916172,0.6891782065186647,0.3533887208552716,1.0425669273739362,184.69208796470593,0.0,12.38901249916172,197.500301641203,1.0,0.06707928117380545,True,0.0,False,True,"UNFILTERED (control, no IV condition)",2pct
put,2011-08-01,2011-09-07,98.90921783447266,92.38845825195312,90.47394020311889,88.49575584642943,1.9781843566894537,0.02,16.2529255790566,17.505195737650148,16.122305175879777,0.9102602276058136,0.472630334164556,1.3828905617703695,181.6961304930656,0.0,16.122305175879777,262.03462618641305,1.0,0.08873224285035108,True,0.0,False,True,"UNFILTERED (control, no IV condition)",2pct
call,2011-08-01,2011-09-07,98.90921783447266,92.38845825195312,109.74296481458873,111.72114917127819,1.9781843566894537,0.02,15.936261242320972,13.87507497279481,12.511879632828263,0.8550361071432089,0.5081592328233381,1.363195339966547,185.3065560361171,0.0,12.511879632828263,199.3925824612262,1.0,0.067519897301365,True,0.0,False,True,"UNFILTERED (control, no IV condition)",2pct
put,2011-09-08,2011-10-14,91.42841339111328,94.62667083740234,80.45300604737514,78.62443777955288,1.8285682678222628,0.02,17.790817069191586,18.33156562998033,16.348328630718314,1.2207630700057648,0.7624739292562521,1.983236999262017,166.50849815150798,0.0,16.348328630718314,290.8501240561369,1.0,0.09818314868135308,True,0.0,False,True,"UNFILTERED (control, no IV condition)",2pct
call,2011-09-08,2011-10-14,91.42841339111328,94.62667083740234,106.05240348824255,107.88097175606481,1.8285682678222628,0.02,17.24145742846674,12.951482653636504,11.04291584286905,1.1161769385541864,0.7923898722132672,1.9085668107674536,171.81391093935724,0.0,11.04291584286905,190.39596339096764,1.0,0.0642725363883179,True,0.0,False,True,"UNFILTERED (control, no IV condition)",2pct
put,2011-10-17,2011-11-23,92.82014465332033,89.98682403564453,81.8293057129856,79.9729028199192,1.8564028930664023,0.02,17.575139707003174,18.521010492429824,16.54079977916795,1.221617987786311,0.7585927254755598,1.9802107132618707,169.09948952747226,0.0,16.54079977916795,290.706866984444,1.0,0.09781697050292218,True,0.0,False,True,"UNFILTERED (control, no IV condition)",2pct
call,2011-10-17,2011-11-23,92.82014465332033,89.98682403564453,107.4598057537899,109.3162086468563,1.8564028930664023,0.02,17.041526738336795,13.153685856518127,11.245870399176837,1.118328801877122,0.7894866554641666,1.9078154573412887,174.39441890746338,0.0,11.245870399176837,191.64680110344236,1.0,0.06448526546680422,True,0.0,False,True,"UNFILTERED (control, no IV condition)",2pct
put,2011-11-25,2011-12-30,89.81694793701172,97.50318908691406,79.12209513569972,77.32575617695949,1.796338958740236,0.02,18.22389440705973,17.950294554140722,16.024836273954396,1.1871078220199227,0.7383504581664035,1.9254582801863263,163.60905960006923,0.0,16.024836273954396,292.0349241469654,1.0,0.09794589806411683,True,0.0,False,True,"UNFILTERED (control, no IV condition)",2pct
call,2011-11-25,2011-12-30,89.81694793701172,97.50318908691406,104.01954981342844,105.81588877216868,1.796338958740236,0.02,17.667729945919046,12.7290361307546,10.874568257138527,1.0863468884424687,0.7681209851736037,1.8544678736160725,168.7593276168851,0.0,10.874568257138527,192.12893524558706,1.0,0.06443832415489241,True,0.0,False,True,"UNFILTERED (control, no IV condition)",2pct
put,2012-01-03,2012-02-09,99.05699920654295,105.16358947753906,90.84976184181475,88.86862185768389,1.9811399841308628,0.02,16.426218732893414,17.344948630234924,16.01015869081113,0.884206827589834,0.4505831118339576,1.3347899394237916,182.10383972227515,0.0,16.01015869081113,262.9863686035981,1.0,0.08791774360841635,True,0.0,False,True,"UNFILTERED (control, no IV condition)",2pct
call,2012-01-03,2012-02-09,99.05699920654295,105.16358947753906,109.58006483992197,111.56120482405284,1.9811399841308628,0.02,16.11888753201661,13.855837413712369,12.538070953058819,0.8320811979981801,0.48568526265536927,1.3177664606535493,185.57592746002746,0.0,12.538070953058819,202.09975556079942,1.0,0.06756302460489917,True,0.0,False,True,"UNFILTERED (control, no IV condition)",2pct
put,2012-02-10,2012-03-16,104.3866958618164,109.47924041748048,96.73594065316709,94.64820673593076,2.087733917236335,0.02,15.584617227506719,17.437171080602898,16.23871589180446,0.8171922329067549,0.38126295589168135,1.1984551887984363,192.53467583182905,0.0,16.23871589180446,253.07417144000294,1.0,0.08434177283466744,True,0.0,False,True,"UNFILTERED (control, no IV condition)",2pct
call,2012-02-10,2012-03-16,104.3866958618164,109.47924041748048,114.09075327088301,116.17848718811935,2.087733917236335,0.02,15.340945427596926,14.37054430620286,13.18054250696245,0.7746327034477418,0.415369095792667,1.1900017992404088,195.59284921667103,0.0,13.18054250696245,202.20198330543252,1.0,0.06738765021190268,True,0.0,False,True,"UNFILTERED (control, no IV condition)",2pct
put,2012-03-19,2012-04-25,109.90843200683594,108.61306762695312,103.95813180994904,101.75996316981232,2.198168640136714,0.02,14.723752405993656,16.270984707268532,15.406692885631468,0.6355332196593899,0.22875860197767578,0.8642918216370656,204.41017112803993,0.0,15.406692885631468,226.84433144322168,1.0,0.07537145926061042,True,0.0,False,True,"UNFILTERED (control, no IV condition)",2pct
call,2012-03-19,2012-04-25,109.90843200683594,108.61306762695312,117.53347851024866,119.73164715038537,2.198168640136714,0.02,14.577616783466482,14.223459666944294,13.35755083090538,0.610747663856262,0.25516117218265383,0.8659088360389158,206.45931318276604,0.0,13.35755083090538,194.72125717861292,1.0,0.06469822370803269,True,0.0,False,True,"UNFILTERED (control, no IV condition)",2pct
put,2012-04-26,2012-06-01,109.3700180053711,100.00613403320312,103.03961589422404,100.85221553411662,2.187400360107418,0.02,14.865157332837471,16.640079975091737,15.707132076290858,0.6744749490890878,0.258472949711791,0.9329478988008788,203.03290393445096,218.7400360107418,-203.03290393445093,-3018.116060728489,-12.926160100284577,-0.9999999999999999,False,203.03290393445093,True,False,"UNFILTERED (control, no IV condition)",2pct
call,2012-04-26,2012-06-01,109.3700180053711,100.00613403320312,117.42948351769091,119.61688387779833,2.187400360107418,0.02,14.701809127148424,14.384655016475278,13.451283135068593,0.6464941284092862,0.2868777529973998,0.933371881406686,205.2887528756732,0.0,13.451283135068593,197.75819716700911,1.0,0.06552372181448707,True,0.0,False,True,"UNFILTERED (control, no IV condition)",2pct
put,2012-06-04,2012-07-11,99.95929718017578,105.23053741455078,90.57748471304505,88.57829876944153,1.9991859436035213,0.02,16.16873387360808,18.323384343181992,16.74352780232053,1.018970574720507,0.560885966140956,1.5798565408614629,183.1750665580316,0.0,16.74352780232053,270.72164514107857,1.0,0.09140724290123853,True,0.0,False,True,"UNFILTERED (control, no IV condition)",2pct
call,2012-06-04,2012-07-11,99.95929718017578,105.23053741455078,112.0964624425561,114.09564838615962,1.9991859436035213,0.02,15.809093894135048,14.125240553592189,12.576490929869482,0.9509403187812571,0.597809304941449,1.548749623722706,187.34210343048267,0.0,12.576490929869482,198.82292596904443,1.0,0.06713115044390575,True,0.0,False,True,"UNFILTERED (control, no IV condition)",2pct
put,2012-07-12,2012-08-17,104.72064971923828,111.5210952758789,97.86780188286717,95.7733888884824,2.0944129943847685,0.02,15.335660887594624,16.74654815455625,15.703330357349454,0.7309407505353527,0.3122770466714442,1.0432177972067969,193.7379690811274,0.0,15.703330357349454,240.82094916618135,1.0,0.08105448008889633,True,0.0,False,True,"UNFILTERED (control, no IV condition)",2pct
call,2012-07-12,2012-08-17,104.72064971923828,111.5210952758789,113.42769887881681,115.52211187320158,2.0944129943847685,0.02,15.132381807373136,14.140865820347148,13.100774020870976,0.6968067224924268,0.3432850769837459,1.0400917994761727,196.34052541760587,0.0,13.100774020870976,198.24591445593455,1.0,0.06672475788177873,True,0.0,False,True,"UNFILTERED (control, no IV condition)",2pct
put,2012-08-20,2012-09-26,111.52897644042967,112.99176025390624,105.91498507532552,103.68440554651693,2.2305795288085903,0.02,14.335957587203703,15.998062297296123,15.19732592059579,0.600343967066369,0.2003924096339635,0.8007363767003326,207.86062696026323,0.0,15.19732592059579,217.8682198365727,1.0,0.0731130572578378,True,0.0,False,True,"UNFILTERED (control, no IV condition)",2pct
call,2012-08-20,2012-09-26,111.52897644042967,112.99176025390624,118.75326582409988,120.98384535290847,2.2305795288085903,0.02,14.209362702829623,14.14870343376391,13.345441878624076,0.5784895704919663,0.2247719846478688,0.803261555139835,209.71251100223495,0.0,13.345441878624076,189.63022408290144,1.0,0.06363684176420858,True,0.0,False,True,"UNFILTERED (control, no IV condition)",2pct
put,2012-09-27,2012-11-02,114.0562515258789,111.6274642944336,108.0386027843589,105.75747775384133,2.281125030517572,0.02,14.074978335766533,16.68464719745355,15.818669999291272,0.6415466890493104,0.2244305091129689,0.8659771981622794,212.2938330524659,0.0,15.818669999291272,222.64743754066464,1.0,0.07451309240519424,True,0.0,False,True,"UNFILTERED (control, no IV condition)",2pct
call,2012-09-27,2012-11-02,114.0562515258789,111.6274642944336,121.74683019944,124.02795522995757,2.281125030517572,0.02,13.941370200815227,14.652196600488043,13.784136615037188,0.6171824502315293,0.25087753521932654,0.8680599854508558,214.32836643672002,0.0,13.784136615037188,192.16975144884552,1.0,0.06431316976004164,True,0.0,False,True,"UNFILTERED (control, no IV condition)",2pct
put,2012-11-05,2012-12-12,111.856201171875,113.16520690917967,104.41116777122069,102.17404374778319,2.2371240234375023,0.02,14.486581043850892,18.01877896794828,16.87771610962767,0.7957661662596593,0.34529669206094793,1.1410628583206073,206.83468623412256,0.0,16.87771610962767,244.50040225722904,1.0,0.08160002762072152,True,0.0,False,True,"UNFILTERED (control, no IV condition)",2pct
call,2012-11-05,2012-12-12,111.856201171875,113.16520690917967,121.34701656020688,123.58414058364438,2.2371240234375023,0.02,14.289124615214025,15.156475847852935,14.019539729912095,0.7579240070685833,0.3790121108722566,1.13693611794084,209.69286261383812,0.0,14.019539729912095,200.3269502486579,1.0,0.06685749603089693,True,0.0,False,True,"UNFILTERED (control, no IV condition)",2pct
put,2012-12-13,2013-01-18,112.47128295898438,117.7956085205078,105.83047309976267,103.58104744058298,2.2494256591796926,0.02,14.40161006891995,17.253582797809663,16.26978714681204,0.7075676104714324,0.2762280405261913,0.9837956509976237,208.67277877115723,0.0,16.26978714681204,234.31113039271264,1.0,0.0779679421658272,True,0.0,False,True,"UNFILTERED (control, no IV condition)",2pct
call,2012-12-13,2013-01-18,112.47128295898438,117.7956085205078,120.92116827075552,123.17059392993521,2.2494256591796926,0.02,14.238389608189756,14.861445612608115,13.877686071470801,0.6776478407262587,0.30611170041105473,0.9837595411373135,211.06487984649846,0.0,13.877686071470801,197.5959011457496,1.0,0.0657508064892826,True,0.0,False,True,"UNFILTERED (control, no IV condition)",2pct
put,2013-01-22,2013-02-28,118.43092346191406,120.40040588378906,113.17741949134022,110.80880102210193,2.3686184692382852,0.02,13.603691342890338,16.041422454127474,15.314470074081143,0.5639939706997582,0.16295840934657108,0.7269523800463293,221.5473768497474,0.0,15.314470074081143,208.3333239677308,1.0,0.069125034526892,True,0.0,False,True,"UNFILTERED (control, no IV condition)",2pct
call,2013-01-22,2013-02-28,118.43092346191406,120.40040588378906,125.26012347707957,127.62874194631786,2.3686184692382852,0.02,13.50629989481071,14.447257978128558,13.716932627283432,0.545753400149171,0.18457195069595533,0.7303253508451263,223.1449142965451,0.0,13.716932627283432,185.26500570100382,1.0,0.0614709623588128,True,0.0,False,True,"UNFILTERED (control, no IV condition)",2pct
put,2013-03-01,2013-04-05,120.79745483398438,123.7676239013672,114.27475444376194,111.85880534708225,2.4159490966796824,0.02,13.447633618857687,17.83274659573042,16.891130198028474,0.6937175312976052,0.2478988664043405,0.9416163977019456,224.70377946993975,0.0,16.891130198028474,227.14573031151,1.0,0.07517065461859809,True,0.0,False,True,"UNFILTERED (control, no IV condition)",2pct
call,2013-03-01,2013-04-05,120.79745483398438,123.7676239013672,129.09095483669748,131.50690393337717,2.4159490966796966,0.02,13.315614682361057,15.606794756824094,14.663283065167793,0.6668407802884524,0.27667091136784755,0.9435116916563,226.93162660280186,0.0,14.663283065167793,195.2506272741645,1.0,0.06461542308879194,True,0.0,False,True,"UNFILTERED (control, no IV condition)",2pct
put,2013-04-08,2013-05-15,124.60525512695312,132.51019287109375,118.7208883837668,116.22878328122775,2.492105102539057,0.02,13.023752520236574,17.3710585937763,16.54469281552138,0.6303211215496651,0.19604465670525623,0.8263657782549214,232.6658174383843,0.0,16.54469281552138,215.4739847526865,1.0,0.07110925445635273,True,0.0,False,True,"UNFILTERED (control, no IV condition)",2pct
call,2013-04-08,2013-05-15,124.60525512695312,132.51019287109375,132.21285759891072,134.70496270144977,2.492105102539057,0.02,12.920188016180983,15.509396670465847,14.67971066793054,0.608710459648476,0.22097554288682958,0.8296860025353057,234.53079958597516,29.73352721830338,-15.05381655037284,-194.4981401919141,-1.0254845542194218,-0.06418694933436389,False,15.05381655037284,False,False,"UNFILTERED (control, no IV condition)",2pct
put,2013-05-16,2013-06-21,131.88795471191406,127.55802917480467,125.79200533005513,123.15424623581686,2.6377590942382767,0.02,12.297638280047202,18.18721334972988,17.33822162450467,0.6518360294842318,0.19715569574098174,0.8489917252252135,246.437687799323,0.0,17.33822162450467,213.21917795745082,1.0,0.07035539806972779,True,0.0,False,True,"UNFILTERED (control, no IV condition)",2pct
call,2013-05-16,2013-06-21,131.88795471191406,127.55802917480467,139.74750203412094,142.38526112835922,2.6377590942382767,0.02,12.203682975685826,16.29354414320865,15.440915048331671,0.6299838492285964,0.2226452456483799,0.8526290948769764,248.334994375496,0.0,15.440915048331671,188.4360321043363,1.0,0.062177765510503004,True,0.0,False,True,"UNFILTERED (control, no IV condition)",2pct
put,2013-06-24,2013-07-31,125.94615936279295,135.2882843017578,116.79396224406177,114.27503905680591,2.518923187255865,0.02,13.078549674441485,20.99115273170522,19.55503951895496,0.9804460155214467,0.4556671972288151,1.4361132127502618,232.33727920663156,0.0,19.55503951895496,255.75155573431874,1.0,0.0841666029047516,True,0.0,False,True,"UNFILTERED (control, no IV condition)",2pct
call,2013-06-24,2013-07-31,125.94615936279295,135.2882843017578,137.6233285302917,140.14225171754757,2.518923187255865,0.02,12.875701781919357,17.321009969486045,15.894724280249168,0.9296554692370174,0.4966302199998607,1.426285689236878,235.9975944453373,0.0,15.894724280249168,204.65572973832107,1.0,0.0673512131240421,True,0.0,False,True,"UNFILTERED (control, no IV condition)",2pct
put,2013-08-01,2013-09-06,136.8519744873047,133.14723205566406,130.59271919057775,127.85567970083166,2.7370394897460955,0.02,11.91527064552175,18.780493925154484,17.91095159242503,0.6695273404291602,0.20001499230029585,0.869542332729456,255.7929973821845,0.0,17.91095159242503,213.413835742583,1.0,0.07002127413857223,True,0.0,False,True,"UNFILTERED (control, no IV condition)",2pct
call,2013-08-01,2013-09-06,136.8519744873047,133.14723205566406,144.9290730502327,147.66611253997877,2.7370394897460812,0.02,11.82583141637405,16.84973880436056,15.976379070481139,0.6473016019942157,0.22605813188520257,0.8733597338794183,257.727569904127,0.0,15.976379070481139,188.9339655315967,1.0,0.061989406396933976,True,0.0,False,True,"UNFILTERED (control, no IV condition)",2pct
put,2013-09-09,2013-10-16,134.4222412109375,138.65518188476562,126.85071253465728,124.16226771043853,2.688444824218749,0.02,12.23730095871666,20.23614661051436,19.12522166554519,0.8084143051160175,0.3025106398531541,1.1109249449691716,249.7192607563297,0.0,19.12522166554519,234.04109342344478,1.0,0.07658689044497509,True,0.0,False,True,"UNFILTERED (control, no IV condition)",2pct
call,2013-09-09,2013-10-16,134.4222412109375,138.65518188476562,144.10765408260534,146.79609890682408,2.688444824218749,0.02,12.10802092335329,17.57098850881329,16.45891351610799,0.7756748527128154,0.3364001399924821,1.1120749927052975,252.3855689057669,0.0,16.45891351610799,199.28486922869783,1.0,0.06521337011250929,True,0.0,False,True,"UNFILTERED (control, no IV condition)",2pct
put,2013-10-17,2013-11-22,139.58192443847656,145.69796752929688,132.91798524235205,130.1263467535825,2.791638488769536,0.02,11.761226220345113,19.534903945575977,18.599498621086468,0.7118889615644552,0.2235163629250525,0.9354053244895078,260.5643502558671,0.0,18.599498621086468,218.75291086759495,1.0,0.07138159384744024,True,0.0,False,True,"UNFILTERED (control, no IV condition)",2pct
call,2013-10-17,2013-11-22,139.58192443847656,145.69796752929688,148.15218764968122,150.94382613845076,2.791638488769536,0.02,11.666378658094342,17.420183849250925,16.481112602981472,0.6872879212503624,0.2517833250190893,0.9390712462694517,262.68273627397207,0.0,16.481112602981472,192.27490033307274,1.0,0.06274151410465,True,0.0,False,True,"UNFILTERED (control, no IV condition)",2pct
put,2013-11-25,2013-12-31,145.55294799804688,149.63246154785156,138.97696607182525,136.0659071118643,2.9110589599609398,0.02,11.290514279106848,19.861157696024723,18.950283897299258,0.7037013705630424,0.2071724281624221,0.9108737987254645,272.15561209879473,0.0,18.950283897299258,213.95845093558583,1.0,0.06963032564774063,True,0.0,False,True,"UNFILTERED (control, no IV condition)",2pct
call,2013-11-25,2013-12-31,145.55294799804688,149.63246154785156,154.0476215129653,156.95868047292623,2.9110589599609398,0.02,11.207503245047004,17.849476829328825,16.934498731634008,0.6806075092140207,0.23437058848079784,0.9149780976948185,274.17139726446,0.0,16.934498731634008,189.7934494880325,1.0,0.061766102885266856,True,0.0,False,True,"UNFILTERED (control, no IV condition)",2pct
put,2014-01-02,2014-02-07,148.19847106933594,145.57345581054688,140.71223151886085,137.74826209747414,2.9639694213867074,0.02,11.154766615047196,21.271014849322167,20.20542967860075,0.7986802709772367,0.2669048997441789,1.0655851707214157,276.19151246007,0.0,20.20542967860075,225.38685242153946,1.0,0.07315731572859946,True,0.0,False,True,"UNFILTERED (control, no IV condition)",2pct
call,2014-01-02,2014-02-07,148.19847106933594,145.57345581054688,157.78948970913524,160.75345913052195,2.9639694213867074,0.02,11.05606424256219,18.80867402935955,17.73974596494372,0.769572457574913,0.29935560684092033,1.0689280644158332,278.657196173727,0.0,17.73974596494372,196.13177103515113,1.0,0.06366153901112243,True,0.0,False,True,"UNFILTERED (control, no IV condition)",2pct
put,2014-02-10,2014-03-19,145.84088134765625,151.2285614013672,137.8261285750756,134.90931094812245,2.916817626953133,0.02,11.394434239948227,21.728311307156556,20.559724517474816,0.8558972861803293,0.3126895035014121,1.1685867896817415,271.1220381778385,0.0,20.559724517474816,234.26642900581808,1.0,0.07583199305985215,True,0.0,False,True,"UNFILTERED (control, no IV condition)",2pct
call,2014-02-10,2014-03-19,145.84088134765625,151.2285614013672,156.10412580731116,159.0209434342643,2.916817626953133,0.02,11.278631948301573,18.946422092663084,17.776004516607756,0.8220390641859532,0.34837851186937385,1.170417576055327,273.9057581787055,0.0,17.776004516607756,200.4890124541653,1.0,0.06489825053261597,True,0.0,False,True,"UNFILTERED (control, no IV condition)",2pct
put,2014-03-20,2014-04-25,152.11167907714844,151.5948944091797,144.2652197546524,141.22298617310943,3.0422335815429733,0.02,10.934870228015138,22.034333395237216,20.911596857826364,0.8367974361458919,0.28593910126495925,1.122736537410851,283.311761296471,0.0,20.911596857826364,228.6655979009004,1.0,0.07381125570690115,True,0.0,False,True,"UNFILTERED (control, no IV condition)",2pct
call,2014-03-20,2014-04-25,152.11167907714844,151.5948944091797,162.15176049026906,165.19399407181203,3.0422335815429733,0.02,10.834772221712463,19.42007518684159,18.2941959667355,0.8056905498885658,0.32018867021752495,1.1258792201060908,285.9291621875618,0.0,18.2941959667355,198.21344627895,1.0,0.06398156741611058,True,0.0,False,True,"UNFILTERED (control, no IV condition)",2pct
put,2014-04-28,2014-06-04,152.07505798339844,157.20986938476562,144.44855629101693,141.40705513134895,3.0415011596679733,0.02,10.959326924928865,21.77835336188405,20.691565454483513,0.8156233707238225,0.2711645366767171,1.0867879074005395,283.4585505123138,0.0,20.691565454483513,226.76563040424912,1.0,0.07299679412417176,True,0.0,False,True,"UNFILTERED (control, no IV condition)",2pct
call,2014-04-28,2014-06-04,152.07505798339844,157.20986938476562,161.89153950052318,164.93304066019115,3.0415011596679733,0.02,10.863133378859578,19.271804020304018,18.18152694289689,0.7860360889573648,0.304240988449761,1.0902770774071258,285.96858902390045,0.0,18.18152694289689,197.50835221201797,1.0,0.06357875529251686,True,0.0,False,True,"UNFILTERED (control, no IV condition)",2pct
put,2014-06-05,2014-07-11,158.23519897460938,160.7594757080078,151.74240121718924,148.57769723769707,3.164703979492174,0.02,10.497921304308555,20.624534213547552,19.744949730742352,0.6975989190719456,0.18198556373325292,0.8795844828051985,296.72544821847504,0.0,19.744949730742352,207.2809284308616,1.0,0.06654282552875077,True,0.0,False,True,"UNFILTERED (control, no IV condition)",2pct
call,2014-06-05,2014-07-11,158.23519897460938,160.7594757080078,166.70119338212655,169.86589736161872,3.164703979492174,0.02,10.43252653139172,18.769067243543258,17.884969480847406,0.6766622218922158,0.20743554080363408,0.8840977626958499,298.58542846836997,0.0,17.884969480847406,186.58541862207176,1.0,0.059899003017630556,True,0.0,False,True,"UNFILTERED (control, no IV condition)",2pct
put,2014-07-14,2014-08-20,161.5690460205078,162.6483612060547,154.77514506807552,151.54376414766537,3.231380920410146,0.02,10.315747438303067,21.33761460534007,20.40891511983118,0.7310699253211983,0.197629560187694,0.9286994855088924,302.7291769211834,0.0,20.40891511983118,210.5332138659432,1.0,0.06741641267417282,True,0.0,False,True,"UNFILTERED (control, no IV condition)",2pct
call,2014-07-14,2014-08-20,161.5690460205078,162.6483612060547,170.4481807430161,173.67956166342626,3.231380920410146,0.02,10.24835884740244,19.351649607391064,18.41830443172127,0.7085682079272848,0.2247769677425071,0.9333451756697919,304.71978760929335,0.0,18.41830443172127,188.75739317698225,1.0,0.06044341450951953,True,0.0,False,True,"UNFILTERED (control, no IV condition)",2pct
put,2014-08-21,2014-09-26,163.12257385253906,162.57070922851562,156.380321484371,153.11787000732022,3.2624514770507744,0.02,10.237500694112226,21.336982437527574,20.42211169143705,0.7241476535143565,0.19072309257616715,0.9148707460905237,305.8230360136404,0.0,20.42211169143705,209.0713826163242,1.0,0.06677754546431937,True,0.0,False,True,"UNFILTERED (control, no IV condition)",2pct
call,2014-08-21,2014-09-26,163.12257385253906,162.57070922851562,171.90698662141745,175.16943809846822,3.2624514770507744,0.02,10.172910573149066,19.399909134949045,18.480371739295943,0.7022675620134144,0.21726983363968694,0.9195373956531014,307.7647759657815,0.0,18.480371739295943,187.9991690624089,1.0,0.06004706575436906,True,0.0,False,True,"UNFILTERED (control, no IV condition)",2pct
put,2014-09-29,2014-11-05,162.27496337890625,166.21803283691406,152.92462952505923,149.67913025748112,3.2454992675781114,0.02,10.418642502700749,24.661739783838676,23.281795743134598,0.9982437676500255,0.3817002730540531,1.3799440407040786,301.26813101467656,0.0,23.281795743134598,242.5647066686195,1.0,0.07727931814334654,True,0.0,False,True,"UNFILTERED (control, no IV condition)",2pct
call,2014-09-29,2014-11-05,162.27496337890625,166.21803283691406,174.22561415024765,177.47111341782576,3.2454992675781114,0.02,10.304605754095974,21.328437021366398,19.947787733609786,0.9569301066453872,0.4237191811112234,1.3806492877566106,304.60213902420134,0.0,19.947787733609786,205.55408826124048,1.0,0.06548800936694961,True,0.0,False,True,"UNFILTERED (control, no IV condition)",2pct
put,2014-11-06,2014-12-12,166.8834991455078,165.02694702148438,158.79868612543916,155.46101614252902,3.3376699829101426,0.02,10.108590391638144,23.510642438349194,22.37171878684447,0.8633448562317292,0.275578795272996,1.1389236515047252,311.3952795041698,0.0,22.37171878684447,226.14654157312654,1.0,0.07184347438556754,True,0.0,False,True,"UNFILTERED (control, no IV condition)",2pct
call,2014-11-06,2014-12-12,166.8834991455078,165.02694702148438,177.27008012036092,180.60775010327106,3.3376699829101426,0.02,10.0250718477333,20.920671709774297,19.777494953036125,0.8330967747412654,0.31007998199690523,1.1431767567381708,313.98950333797814,0.0,19.777494953036125,198.27080787236986,1.0,0.0629877583256267,True,0.0,False,True,"UNFILTERED (control, no IV condition)",2pct
put,2014-12-15,2015-01-21,163.89328002929688,167.74673461914062,151.80110544407734,148.5232398434914,3.277865600585926,0.02,10.443670034302173,27.474714062421057,25.5694594589441,1.296061227518741,0.6091933759582141,1.9052546034769553,302.2171005996485,0.0,25.5694594589441,267.03899754467875,1.0,0.08460626287595929,True,0.0,False,True,"UNFILTERED (control, no IV condition)",2pct
call,2014-12-15,2015-01-21,163.89328002929688,167.74673461914062,179.3268276046285,182.60469320521443,3.277865600585926,0.02,10.278076105040224,22.591368774637743,20.70032668866745,1.2279131526681197,0.6631289333021761,1.8910420859702959,307.0862333699252,0.0,20.70032668866745,212.75953310531932,1.0,0.06740883973047147,True,0.0,False,True,"UNFILTERED (control, no IV condition)",2pct
put,2015-01-22,2015-02-27,170.2412567138672,174.00784301757812,160.2884686084036,156.88364347412627,3.4048251342773312,0.02,10.020292786038778,26.009120962461996,24.538487080499074,1.0604309530122369,0.4102029289506842,1.4706338819629212,315.94402634723406,0.0,24.538487080499074,245.88282507303063,1.0,0.07766719745962336,True,0.0,False,True,"UNFILTERED (control, no IV condition)",2pct
call,2015-01-22,2015-02-27,170.2412567138672,174.00784301757812,182.90877365632096,186.3135987905983,3.4048251342773312,0.02,9.908456719516735,22.443392529966744,20.972448680370228,1.0160143314228431,0.4549295181736718,1.470943849596515,319.5100647473629,0.0,20.972448680370228,207.80460005173427,1.0,0.06563939917496238,True,0.0,False,True,"UNFILTERED (control, no IV condition)",2pct
put,2015-03-02,2015-04-08,175.1065216064453,172.56105041503906,166.93609322603606,163.43396279390717,3.5021304321288937,0.02,9.706909673963724,24.27824999506143,23.134137243706615,0.8755345006156767,0.26857825073913627,1.144112751354813,327.07890596918276,0.0,23.134137243706615,224.5609806097402,1.0,0.0707295298519994,True,0.0,False,True,"UNFILTERED (control, no IV condition)",2pct
call,2015-03-02,2015-04-08,175.1065216064453,172.56105041503906,185.68002570849885,189.18215614062774,3.5021304321288937,0.02,9.63124876119496,21.71354510083745,20.564679306668925,0.845852210844733,0.303013583323794,1.1488657941685272,329.6483639062204,0.0,20.564679306668925,198.06354209672674,1.0,0.062383683822921206,True,0.0,False,True,"UNFILTERED (control, no IV condition)",2pct
put,2015-04-09,2015-05-15,173.32435607910156,176.261474609375,165.30030833812418,161.83382121654216,3.46648712158202,0.02,9.829859489023843,23.918913754244908,22.80096128134938,0.8579626583758271,0.25998981451969966,1.1179524728955268,323.8477508768526,0.0,22.80096128134938,224.13024561033745,1.0,0.07040642159660929,True,0.0,False,True,"UNFILTERED (control, no IV condition)",2pct
call,2015-04-09,2015-05-15,173.32435607910156,176.261474609375,183.6684647392247,187.13495186080672,3.46648712158202,0.02,9.754555572431016,21.423621699488393,20.300898224685984,0.8291570086448097,0.2935664661575993,1.122723474802409,326.347813933516,0.0,20.300898224685984,198.02623990296559,1.0,0.06220632514738311,True,0.0,False,True,"UNFILTERED (control, no IV condition)",2pct
put,2015-05-18,2015-06-24,176.80909729003906,175.50143432617188,168.76573734953766,165.22955540373687,3.5361819458007915,0.02,9.657347938890464,24.230777794463965,23.11120271613751,0.8626722615940274,0.25690281673242665,1.119575078326454,330.50699186394166,0.0,23.11120271613751,223.19292591597025,1.0,0.06992651679106261,True,0.0,False,True,"UNFILTERED (control, no IV condition)",2pct
call,2015-05-18,2015-06-24,176.80909729003906,175.50143432617188,187.2408282873641,190.7770102331649,3.5361819458007915,0.02,9.585201313625474,21.74803600619155,20.623517449102906,0.8341097286217181,0.2904088284669287,1.124518557088647,332.99467713097624,0.0,20.623517449102906,197.68056654471906,1.0,0.061933474813446014,True,0.0,False,True,"UNFILTERED (control, no IV condition)",2pct
put,2015-06-25,2015-07-31,174.96783447265625,175.50143432617188,166.2714110441409,162.77205435468778,3.4993566894531227,0.02,9.809614124240483,24.933625492947087,23.70076857270253,0.92809877878412,0.3047581414604386,1.2328569202445585,326.2349003726098,0.0,23.70076857270253,232.49539414613767,1.0,0.07264939632648945,True,0.0,False,True,"UNFILTERED (control, no IV condition)",2pct
call,2015-06-25,2015-07-31,174.96783447265625,175.50143432617188,186.12071605792983,189.62007274738295,3.4993566894531227,0.02,9.725079798474974,22.102027854879314,20.86500291158155,0.8947878198348747,0.3422371234628907,1.2370249432977654,329.07066603373073,0.0,20.86500291158155,202.91381831054323,1.0,0.06340584277251508,True,0.0,False,True,"UNFILTERED (control, no IV condition)",2pct
put,2015-08-03,2015-09-09,174.90945434570312,162.4034423828125,167.06471794552215,163.56652885860808,3.498189086914067,0.02,9.810474286418591,23.813269268831316,22.724970408843646,0.8418152958542258,0.24648356413344286,1.0882988599876686,327.09393828256304,349.8189086914067,-327.09393828256304,-3208.946670764474,-14.39359138418377,-1.0,False,327.09393828256304,True,False,"UNFILTERED (control, no IV condition)",2pct
call,2015-08-03,2015-09-09,174.90945434570312,162.4034423828125,185.09663433839344,188.5948234253075,3.498189086914067,0.02,9.738917610975667,21.414894894618985,20.321648426259532,0.8143094203624635,0.27893704799698826,1.0932464683594518,329.4972602651472,0.0,20.321648426259532,197.91085974255492,1.0,0.0616747113766793,True,0.0,False,True,"UNFILTERED (control, no IV condition)",2pct
put,2015-09-10,2015-10-16,163.28721618652344,170.35455322265625,149.12639938360817,145.8606550598777,3.2657443237304733,0.02,10.50148751224263,29.066678322836736,26.73824717802108,1.5275490514432888,0.8008820933723682,2.328431144815657,299.83618519502625,0.0,26.73824717802108,280.7913688392451,1.0,0.08917618519135502,True,0.0,False,True,"UNFILTERED (control, no IV condition)",2pct
call,2015-09-10,2015-10-16,163.28721618652344,170.35455322265625,181.44661660149495,184.71236092522543,3.2657443237304733,0.02,10.292405887730451,22.940686091077644,20.647325641119473,1.4334388011175592,0.8599216488406114,2.2933604499581706,305.92710673192784,0.0,20.647325641119473,212.51065599454597,1.0,0.06749099764870437,True,0.0,False,True,"UNFILTERED (control, no IV condition)",2pct
put,2015-10-19,2015-11-25,170.4384002685547,175.4249267578125,161.24908618569614,157.84031818032506,3.408768005371087,0.02,9.963300611334903,25.18751956597507,23.854147276271455,0.9815301394264953,0.35184215027711796,1.3333722897036133,317.0226532608373,0.0,23.854147276271455,237.6660401405482,1.0,0.07524429888814582,True,0.0,False,True,"UNFILTERED (control, no IV condition)",2pct
call,2015-10-19,2015-11-25,170.4384002685547,175.4249267578125,182.21651595485912,185.6252839602302,3.408768005371087,0.02,9.865058646637912,22.033027609104394,20.697052176749466,0.9434005612912688,0.3925748710636584,1.3359754323549273,320.1797483603592,0.0,20.697052176749466,204.17763353615834,1.0,0.0646419777726077,True,0.0,False,True,"UNFILTERED (control, no IV condition)",2pct
put,2015-11-27,2015-12-31,175.62600708007812,171.8742218017578,166.41312338989692,162.90060324829537,3.5125201416015557,0.02,9.686716483933358,25.58154524432732,24.26516843510246,0.9779577201665224,0.3384190890583366,1.3163768092248591,326.9868457250531,0.0,24.26516843510246,235.0498070657264,1.0,0.07420839324987961,True,0.0,False,True,"UNFILTERED (control, no IV condition)",2pct
call,2015-11-27,2015-12-31,175.62600708007812,171.8742218017578,187.30780454597064,190.8203246875722,3.5125201416015557,0.02,9.596253676357264,22.502489797982683,21.18270009877477,0.9411759720787394,0.3786137271291734,1.3197896992079128,330.0693140613808,0.0,21.18270009877477,203.27456369804077,1.0,0.06417652049543619,True,0.0,False,True,"UNFILTERED (control, no IV condition)",2pct
put,2016-01-04,2016-02-10,169.4715576171875,156.1934051513672,156.79773268129333,153.40830152894958,3.3894311523437466,0.02,10.167366086324622,28.556173928971695,26.551948341939397,1.3590649676282984,0.6451606194040005,2.004225587032299,312.39116689243525,60.432752992613814,-33.88080465067442,-344.4785441826566,-1.2760195302564268,-0.1084563465340891,False,33.88080465067442,False,False,"UNFILTERED (control, no IV condition)",2pct
call,2016-01-04,2016-02-10,169.4715576171875,156.1934051513672,185.65320785568662,189.04263900803036,3.3894311523437466,0.02,10.002973792226454,23.406152289397575,21.418005011870882,1.2866505423808183,0.7014967351458734,1.9881472775266917,317.52511022250377,0.0,21.418005011870882,214.24374281551928,1.0,0.06745294882934565,True,0.0,False,True,"UNFILTERED (control, no IV condition)",2pct
put,2016-02-11,2016-03-18,154.16160583496094,173.1929473876953,138.80747138748333,135.72423927078412,3.0832321166992074,0.02,11.250636236150584,28.86796617859968,26.242217023166,1.673724154949341,0.9520250004843411,2.625749155433682,282.08099464675473,0.0,26.242217023166,295.24163775775907,1.0,0.09303078733123685,True,0.0,False,True,"UNFILTERED (control, no IV condition)",2pct
call,2016-02-11,2016-03-18,154.16160583496094,173.1929473876953,174.09512417007065,177.17835628676985,3.0832321166992074,0.02,10.979720757650608,21.846397042590304,19.282103070611615,1.5552269490217263,1.009067022956961,2.564293971978687,289.0411085993091,0.0,19.282103070611615,211.71210733555287,1.0,0.06671059062862211,True,0.0,False,True,"UNFILTERED (control, no IV condition)",2pct
put,2016-03-21,2016-04-27,173.43861389160156,177.40455627441406,164.85760206388443,161.38882978605238,3.468772277832045,0.02,9.84436110177956,24.6895438806912,23.47079217119467,0.9179951532569064,0.30075655623962444,1.2187517094965308,323.40643561200983,0.0,23.47079217119467,231.05495347806104,1.0,0.07257367073348082,True,0.0,False,True,"UNFILTERED (control, no IV condition)",2pct
call,2016-03-21,2016-04-27,173.43861389160156,177.40455627441406,184.49389025108277,187.96266252891482,3.468772277832045,0.02,9.759838241780681,21.892912680298604,20.67000426848623,0.8851156144099204,0.33779279740245305,1.2229084118123734,326.20722351471824,0.0,20.67000426848623,201.73589811734183,1.0,0.06336464301978774,True,0.0,False,True,"UNFILTERED (control, no IV condition)",2pct
put,2016-04-28,2016-06-03,175.79446411132812,178.19261169433594,166.2743690462623,162.75847976403574,3.515889282226567,0.02,9.763785499693368,26.006193475182116,24.627059597397622,1.014644357332023,0.3644895204524712,1.3791338777844941,326.96186862525906,0.0,24.627059597397622,240.4533273971553,1.0,0.07532089200781833,True,0.0,False,True,"UNFILTERED (control, no IV condition)",2pct
call,2016-04-28,2016-06-03,175.79446411132812,178.19261169433594,187.9457212419646,191.46161052419117,3.515889282226567,0.02,9.667158885085968,22.740730706937384,21.358962026382347,0.9751434741142373,0.4066252064407999,1.3817686805550373,330.22996619627435,0.0,21.358962026382347,206.48047952955588,1.0,0.06467905463699654,True,0.0,False,True,"UNFILTERED (control, no IV condition)",2pct
put,2016-06-06,2016-07-13,179.0993194580078,183.07171630859372,170.33219806909693,166.75021167993677,3.581986389160164,0.02,9.582912951206486,25.374706416490067,24.132761006581898,0.9381565351602117,0.30378887474795807,1.2419454099081697,334.06587790943456,0.0,24.132761006581898,231.26214799834455,1.0,0.07223952699869665,True,0.0,False,True,"UNFILTERED (control, no IV condition)",2pct
call,2016-06-06,2016-07-13,179.0993194580078,183.07171630859372,190.40291234732592,193.9848987364861,3.581986389160164,0.02,9.502057888156973,22.53648991488788,21.290122292001534,0.9048899353792716,0.34147768750707463,1.2463676228863463,336.9085166240149,0.0,21.290122292001534,202.2999744645398,1.0,0.06319259158343274,True,0.0,False,True,"UNFILTERED (control, no IV condition)",2pct
put,2016-07-14,2016-08-19,184.0938873291016,186.15524291992188,175.75609588409293,172.0742181375109,3.6818777465820176,0.02,9.32611356251492,25.149027109573918,23.993438088476104,0.8921573494185819,0.2634316716792304,1.1555890210978124,344.1943365697257,0.0,23.993438088476104,223.76552836829904,1.0,0.06970898570731014,True,0.0,False,True,"UNFILTERED (control, no IV condition)",2pct
call,2016-07-14,2016-08-19,184.0938873291016,186.15524291992188,194.86212877042703,198.54400651700905,3.6818777465820176,0.02,9.257258495158933,22.594106138332748,21.43333627858806,0.8628112566015034,0.29795860314318356,1.160769859744687,346.7544383796137,0.0,21.43333627858806,198.41393434455748,1.0,0.06181128172070764,True,0.0,False,True,"UNFILTERED (control, no IV condition)",2pct
put,2016-08-22,2016-09-28,186.1467437744141,185.46902465820312,178.00202510037815,174.27909022488987,3.722934875488278,0.02,9.238692778408272,25.051740211472406,23.928287311862668,0.874873202448273,0.24857969716146344,1.1234528996097364,348.3652002369651,0.0,23.928287311862668,221.0660951877839,1.0,0.06868736399498618,True,0.0,False,True,"UNFILTERED (control, no IV condition)",2pct
call,2016-08-22,2016-09-28,186.1467437744141,185.46902465820312,196.74827674188833,200.4712116173766,3.722934875488278,0.02,9.174077931729936,22.603468764534895,21.474682255432278,0.8469366141079959,0.28184989499462215,1.1287865091026181,350.8188052933955,0.0,21.474682255432278,197.01040857047371,1.0,0.061213030577060006,True,0.0,False,True,"UNFILTERED (control, no IV condition)",2pct
put,2016-09-29,2016-11-04,183.79098510742188,178.5430450439453,174.6492366697128,170.97341696756436,3.6758197021484307,0.02,9.416405638934467,26.199609943227475,24.903382069579138,0.975609061114513,0.32061881253382385,1.2962278736483368,342.678588145264,0.0,24.903382069579138,234.50034734852449,1.0,0.07267271119671595,True,0.0,False,True,"UNFILTERED (control, no IV condition)",2pct
call,2016-09-29,2016-11-04,183.79098510742188,178.5430450439453,195.51441536875006,199.1902350708985,3.6758197021484307,0.02,9.33516109047716,23.221622874615555,21.921026769010105,0.9405683387354202,0.36002776687003024,1.3005961056054505,345.66094344583297,0.0,21.921026769010105,204.63631615737137,1.0,0.06341771375870023,True,0.0,False,True,"UNFILTERED (control, no IV condition)",2pct
put,2016-11-07,2016-12-14,182.48117065429688,193.3794708251953,170.143262515307,166.49363910222104,3.6496234130859477,0.02,9.593052340190669,29.57720455382784,27.6783144647494,1.319160101462069,0.5797299876163703,1.8988900890784395,337.28402684384537,0.0,27.6783144647494,265.51951934859744,1.0,0.08206233400303838,True,0.0,False,True,"UNFILTERED (control, no IV condition)",2pct
call,2016-11-07,2016-12-14,182.48117065429688,193.3794708251953,198.20960182958882,201.85922524267477,3.6496234130859477,0.02,9.459210538487277,24.796965589410824,22.90596040254925,1.2554646632984223,0.6355405235631495,1.8910051868615718,342.0563809060455,0.0,22.90596040254925,216.67230203396613,1.0,0.0669654527182785,True,0.0,False,True,"UNFILTERED (control, no IV condition)",2pct
put,2016-12-15,2017-01-20,194.1756591796875,195.2598571777344,185.4029366560947,181.51942347250096,3.883513183593749,0.02,8.938281445853633,26.495879614538076,25.28072373669631,0.9387764341026117,0.2763794437391581,1.2151558778417697,363.0705946226786,0.0,25.28072373669631,225.96622391346415,1.0,0.06963032564774166,True,0.0,False,True,"UNFILTERED (control, no IV condition)",2pct
call,2016-12-15,2017-01-20,194.1756591796875,195.2598571777344,205.50802208928414,209.3915352728779,3.883513183593749,0.02,8.872564688654055,23.81218640376792,22.591555164768522,0.9079679495468007,0.3126632894525999,1.2206312389994007,365.75976319460636,0.0,22.591555164768522,200.44503461670533,1.0,0.06176610288526583,True,0.0,False,True,"UNFILTERED (control, no IV condition)",2pct
put,2017-01-23,2017-03-01,194.75177001953125,206.4894256591797,186.59950061646975,182.70446521607914,3.8950354003906114,0.02,8.915554760322244,25.6641395838888,24.55088458546686,0.877429244009581,0.2358257544123596,1.1132549984219406,364.9526554535943,0.0,24.55088458546686,218.8847559360811,1.0,0.06727142334381135,True,0.0,False,True,"UNFILTERED (control, no IV condition)",2pct
call,2017-01-23,2017-03-01,194.75177001953125,206.4894256591797,205.41134475668775,209.30638015707837,3.8950354003906114,0.02,8.857767121101647,23.288801659554892,22.169951321178434,0.8505351899326663,0.2683151484437915,1.1188503383764579,367.3335887178827,107.80809024919336,-85.63813892801492,-758.5626913089056,-3.862802298812755,-0.2331345173930887,False,85.63813892801492,False,False,"UNFILTERED (control, no IV condition)",2pct
put,2017-03-02,2017-04-07,205.1891021728516,203.42645263671875,196.66969956510374,192.5659175216467,4.103782043457045,0.02,8.431225827148596,26.898348614228418,25.741154834858264,0.914826247362932,0.2423675320072191,1.1571937793701512,384.6370495108462,0.0,25.741154834858264,217.02948946428796,1.0,0.06692323287003688,True,0.0,False,True,"UNFILTERED (control, no IV condition)",2pct
call,2017-03-02,2017-04-07,205.1891021728516,203.42645263671875,216.28364220775296,220.38742425121,4.103782043457045,0.02,8.377610190742663,24.44259994664506,23.279526789951973,0.8870690776796086,0.27600407901347823,1.1630731566930868,387.0986775557525,0.0,23.279526789951973,195.0268008711685,1.0,0.06013848183864979,True,0.0,False,True,"UNFILTERED (control, no IV condition)",2pct
put,2017-04-10,2017-05-17,203.54759216308597,203.96275329589844,193.2788598038867,189.20790796062496,4.070951843261724,0.02,8.570807065502212,29.226125497761757,27.760668116258973,1.0980552594734128,0.36740212202936995,1.4654573815027827,379.33451620991343,0.0,27.760668116258973,237.93133043389437,1.0,0.0731825524173945,True,0.0,False,True,"UNFILTERED (control, no IV condition)",2pct
call,2017-04-10,2017-05-17,203.54759216308597,203.96275329589844,216.75984377169414,220.83079561495586,4.070951843261724,0.02,8.494847770277918,25.838760119584236,24.36873181736866,1.057998652602593,0.4120296496129855,1.4700283022155785,382.7264525088038,0.0,24.36873181736866,207.0086671432747,1.0,0.06367140723519263,True,0.0,False,True,"UNFILTERED (control, no IV condition)",2pct
put,2017-05-18,2017-06-23,204.78439331054688,211.31069946289065,194.11539353103782,190.0197056648269,4.0956878662109375,0.02,8.549829060076522,29.79315165072176,28.26271269086774,1.1376338755610338,0.3928050842929881,1.5304389598540218,381.306073930226,0.0,28.26271269086774,241.64136228097453,1.0,0.07412080379301654,True,0.0,False,True,"UNFILTERED (control, no IV condition)",2pct
call,2017-05-18,2017-06-23,204.78439331054688,211.31069946289065,218.42856009560023,222.52424796181117,4.0956878662109375,0.02,8.470298783919777,26.21697415685862,24.682511078914423,1.0949437159328335,0.4395193620113619,1.5344630779441952,384.8862755421793,0.0,24.682511078914423,209.06824357581525,1.0,0.06412936144357138,True,0.0,False,True,"UNFILTERED (control, no IV condition)",2pct
put,2017-06-26,2017-08-02,211.44970703125,215.0565948486328,204.10830579598488,199.87931165535988,4.228994140624991,0.02,8.203565869278172,25.36451791296459,24.40003027232348,0.7993002942326133,0.1651873464084963,0.9644876406411096,398.4993837901756,0.0,24.40003027232348,200.1672555513871,1.0,0.06122978168812171,True,0.0,False,True,"UNFILTERED (control, no IV condition)",2pct
call,2017-06-26,2017-08-02,211.44970703125,215.0565948486328,221.28255331374274,225.51154745436773,4.228994140624991,0.02,8.165540425891809,23.51373319791694,22.54429079061501,0.7786428686249292,0.19079953867700422,0.9694424073019334,400.35512327188405,0.0,22.54429079061501,184.08631782382727,1.0,0.05631073384642318,True,0.0,False,True,"UNFILTERED (control, no IV condition)",2pct
put,2017-08-03,2017-09-08,214.63946533203125,214.30914306640625,206.83409378940954,202.5413044827689,4.292789306640628,0.02,8.111335325125857,26.331486955645556,25.300931492128797,0.8444213187039473,0.18613414481280788,1.0305554635167553,403.9779991719341,0.0,25.300931492128797,205.22433937069357,1.0,0.06262947869435992,True,0.0,False,True,"UNFILTERED (control, no IV condition)",2pct
call,2017-08-03,2017-09-08,214.63946533203125,214.30914306640625,224.9670968328386,229.25988613947922,4.292789306640628,0.02,8.070637652031072,24.299768704821023,23.263798212623072,0.8217323549092381,0.21423813728871088,1.035970492197949,406.0151324514398,0.0,23.263798212623072,187.75368578404894,1.0,0.05729785998901277,True,0.0,False,True,"UNFILTERED (control, no IV condition)",2pct
put,2017-09-11,2017-10-18,216.59494018554688,223.35595703125,208.38612112433444,204.0542223206235,4.331898803710942,0.02,8.068301187396033,27.18029173455534,26.083043445964282,0.8883777909774737,0.20887049761358634,1.09724828859106,407.1068369251299,0.0,26.083043445964282,210.44585040597593,1.0,0.0640692837363504,True,0.0,False,True,"UNFILTERED (control, no IV condition)",2pct
call,2017-09-11,2017-10-18,216.59494018554688,223.35595703125,227.4557300037963,231.78762880750725,4.331898803710942,0.02,8.024414420337036,24.959564616054397,23.856513012170012,0.863520359642872,0.2395312442415129,1.103051603884385,409.33336735892414,0.0,23.856513012170012,191.4345470338152,1.0,0.05828137873561482,True,0.0,False,True,"UNFILTERED (control, no IV condition)",2pct
put,2017-10-19,2017-11-24,223.4170837402344,227.4086761474609,215.6222171882759,211.1538755134712,4.468341674804691,0.02,7.820527627504565,26.82223891929576,25.801426399350476,0.8456842464638403,0.17512827348144383,1.0208125199452842,421.0327410811186,0.0,25.801426399350476,201.780767985146,1.0,0.061281282622102355,True,0.0,False,True,"UNFILTERED (control, no IV condition)",2pct
call,2017-10-19,2017-11-24,223.4170837402344,227.4086761474609,233.79057359552158,238.25891527032627,4.468341674804691,0.02,7.784178848999417,24.861446148952915,23.83538397588537,0.8237991633956832,0.2022630096718589,1.026062173067542,422.99878350458374,0.0,23.83538397588537,185.53889180286654,1.0,0.056348587526439266,True,0.0,False,True,"UNFILTERED (control, no IV condition)",2pct
put,2017-11-27,2018-01-03,227.2951812744141,237.4466857910156,219.4298337679451,214.88393014245682,4.545903625488279,0.02,7.7040217940283995,27.21763616271584,26.184957535190772,0.856559765796483,0.17611886172858582,1.0326786275250688,428.4054050136371,0.0,26.184957535190772,201.72948352681786,1.0,0.061121912162516355,True,0.0,False,True,"UNFILTERED (control, no IV condition)",2pct
call,2017-11-27,2018-01-03,227.2951812744141,237.4466857910156,237.83504508932148,242.38094871480976,4.545903625488279,0.02,7.668531625643294,25.24025693685772,24.202285923042556,0.8344887186183036,0.20348229519686067,1.0379710138151643,430.3880766257853,0.0,24.202285923042556,185.59599501371335,1.0,0.05623363479952073,True,0.0,False,True,"UNFILTERED (control, no IV condition)",2pct
put,2018-01-04,2018-02-09,238.44754028320312,229.5719451904297,230.8801023762296,226.1111515705655,4.768950805664076,0.02,7.340654033754,27.202212670815484,26.228004953850693,0.8271315168675908,0.14707620009720423,0.974207716964795,450.6670756125569,130.81571857998995,-104.58771362613925,-767.7422219108273,-3.987635117888907,-0.23207311846329412,False,104.58771362613925,False,False,"UNFILTERED (control, no IV condition)",2pct
call,2018-01-04,2018-02-09,238.44754028320312,229.5719451904297,248.66715403227803,253.4361048379421,4.768950805664076,0.02,7.312140212941416,25.44933380656138,24.470620677027828,0.8074732373487936,0.1712398921847602,0.9787131295335538,452.4244598893798,0.0,24.470620677027828,178.93260948813088,1.0,0.05408774910846117,True,0.0,False,True,"UNFILTERED (control, no IV condition)",2pct
put,2018-02-12,2018-03-21,232.94308471679688,238.3624420166016,211.4913235095372,206.83246181520127,4.65886169433594,0.02,7.718604444552081,42.405305068133,38.8122187074824,2.3266094936769677,1.2664768669736315,3.593086360650599,427.07395072611155,0.0,38.8122187074824,299.57616381850113,1.0,0.0908793866764616,True,0.0,False,True,"UNFILTERED (control, no IV condition)",2pct
call,2018-02-12,2018-03-21,232.94308471679688,238.3624420166016,260.6493935900111,265.308255284347,4.65886169433594,0.02,7.551334951258285,32.87856464130243,29.35211081953435,2.1742089689003263,1.3522448528677566,3.526453821768083,436.53405861405963,0.0,29.35211081953435,221.6476203247562,1.0,0.06723899370583726,True,0.0,False,True,"UNFILTERED (control, no IV condition)",2pct
put,2018-03-22,2018-04-27,232.4040679931641,234.9513092041016,213.0792696004921,208.4311882406288,4.6480813598632835,0.02,7.740419306930155,40.73152039763972,37.591051383538534,2.0793785120210906,1.061090502080092,3.140469014101183,427.21708460278984,0.0,37.591051383538534,290.97049989694517,1.0,0.08799051521661233,True,0.0,False,True,"UNFILTERED (control, no IV condition)",2pct
call,2018-03-22,2018-04-27,232.4040679931641,234.9513092041016,257.11936911223495,261.76745047209823,4.6480813598632835,0.02,7.595130370589135,32.518798517105196,29.418720853307462,1.9565238133626872,1.1435538504350473,3.1000776637977348,435.3894151330209,0.0,29.418720853307462,223.43902021683942,1.0,0.06756875530453446,True,0.0,False,True,"UNFILTERED (control, no IV condition)",2pct
put,2018-04-30,2018-06-06,233.1444549560547,244.5059356689453,219.75364986236946,215.09076076324837,4.662889099121088,0.02,7.662950720471009,35.384899730931885,33.4102863486476,1.4296179377787932,0.5449954445054889,1.9746133822842822,432.87862356346125,0.0,33.4102863486476,256.0213778465118,1.0,0.07718164984358383,True,0.0,False,True,"UNFILTERED (control, no IV condition)",2pct
call,2018-04-30,2018-06-06,233.1444549560547,244.5059356689453,250.26116513429724,254.92405423341833,4.662889099121088,0.02,7.579493957338569,30.619692304038537,28.64391949682701,1.3706325574062483,0.6051402498052805,1.9757728072115288,437.64499041528177,0.0,28.64391949682701,217.10641474069274,1.0,0.06545012538506785,True,0.0,False,True,"UNFILTERED (control, no IV condition)",2pct
put,2018-06-07,2018-07-13,244.4795684814453,247.54283142089844,234.0360729913268,229.1464816216979,4.889591369628903,0.02,7.264938467578245,32.49036496730131,31.06260679822639,1.1200086466287285,0.30774952244619624,1.4277581690749246,457.89653016466383,0.0,31.06260679822639,225.66792703169241,1.0,0.06783761123294817,True,0.0,False,True,"UNFILTERED (control, no IV condition)",2pct
call,2018-06-07,2018-07-13,244.4795684814453,247.54283142089844,258.0403958990852,262.9299872687141,4.889591369628931,0.02,7.216402746295408,29.41770567210753,27.982909177990596,1.0851195679598136,0.349676926157122,1.4347964941169356,460.97622778490256,0.0,27.982909177990596,201.9359426413863,1.0,0.06070358402743445,True,0.0,False,True,"UNFILTERED (control, no IV condition)",2pct
put,2018-07-16,2018-08-22,247.32147216796875,253.36866760253903,235.97713195445186,231.0307025110925,4.946429443359364,0.02,7.215770828191674,34.023277806808494,32.44115426146663,1.2163527452560385,0.3657708000858212,1.5821235453418598,462.2017900744697,0.0,32.44115426146663,234.08793455275693,1.0,0.07018829212288366,True,0.0,False,True,"UNFILTERED (control, no IV condition)",2pct
call,2018-07-16,2018-08-22,247.32147216796875,253.36866760253903,262.0237158807862,266.97014532414556,4.946429443359364,0.02,7.161112033168062,30.502276474775414,28.913295349859748,1.1757690183925307,0.4132121065231392,1.5889811249156698,465.7296489860766,0.0,28.913295349859748,207.05134724842281,1.0,0.06208171503103969,True,0.0,False,True,"UNFILTERED (control, no IV condition)",2pct
put,2018-08-23,2018-09-28,253.0322113037109,258.5623779296875,241.95875310013167,236.89810887405744,5.060644226074231,0.02,7.061165120479042,34.015531339647254,32.49314617670089,1.1863867232187741,0.3359984397275889,1.522385162946363,473.5712764307222,0.0,32.49314617670089,229.43947043754724,1.0,0.06861300039478692,True,0.0,False,True,"UNFILTERED (control, no IV condition)",2pct
call,2018-08-23,2018-09-28,253.0322113037109,258.5623779296875,267.37763500768153,272.43827923375574,5.060644226074203,0.02,7.0119882290699,30.70151123702054,29.17186803493322,1.1485904915064182,0.3810527105809036,1.5296432020873219,476.8925545724871,0.0,29.17186803493322,204.5527952809322,1.0,0.061170734907120744,True,0.0,False,True,"UNFILTERED (control, no IV condition)",2pct
put,2018-10-01,2018-11-07,259.4606628417969,249.92637634277344,248.3733823268372,243.18416907000127,5.189213256835927,0.02,6.89969105398502,34.53011603595737,33.009014787968916,1.1921770744436955,0.3289241735447618,1.5211012479884571,485.9123108956238,0.0,33.009014787968916,227.75200403340835,1.0,0.06793204050979355,True,0.0,False,True,"UNFILTERED (control, no IV condition)",2pct
call,2018-10-01,2018-11-07,259.4606628417969,249.92637634277344,273.9265573386726,279.11577059550854,5.189213256835956,0.02,6.8533492681865615,31.251884163076404,29.72331558497212,1.1549328410906001,0.37363573701368613,1.5285685781042861,489.19801009862346,0.0,29.72331558497212,203.7042631123469,1.0,0.06075927328277527,True,0.0,False,True,"UNFILTERED (control, no IV condition)",2pct
put,2018-11-08,2018-12-14,249.47276306152344,231.65838623046875,234.59781373598116,229.6083584747507,4.989455261230461,0.02,7.264006285858245,38.424777463396076,36.215481905648765,1.5849574971661062,0.6243380605812032,2.2092955577473097,462.7300442173973,293.94275055124126,-257.7272686455925,-1872.1324994786605,-7.116494247323356,-0.5569711149434432,False,257.7272686455925,False,False,"UNFILTERED (control, no IV condition)",2pct
call,2018-11-08,2018-12-14,249.47276306152344,231.65838623046875,268.3952935302266,273.38474879145707,4.989455261230489,0.02,7.180424876867864,33.03788236761154,30.829222771813004,1.5173033274944125,0.6913562683041219,2.2086595957985344,468.1163033512359,0.0,30.829222771813004,221.36691812522733,1.0,0.06585804115581358,True,0.0,False,True,"UNFILTERED (control, no IV condition)",2pct
put,2018-12-17,2019-01-23,227.11363220214844,235.64122009277344,207.06046599352922,202.51819334948624,4.542272644042981,0.02,7.984599461657262,40.71195252262765,37.39249965421223,2.1686258407405568,1.1508270276748611,3.319452868415418,416.8347647500859,0.0,37.39249965421223,298.5641326090423,1.0,0.08970580867128723,True,0.0,False,True,"UNFILTERED (control, no IV condition)",2pct
call,2018-12-17,2019-01-23,227.11363220214844,235.64122009277344,252.92880465706094,257.4710773011039,4.542272644042953,0.02,7.821328649444362,31.956974733199672,28.691043207400323,2.0324279470646744,1.2335035787346738,3.265931525799348,425.536221196895,0.0,28.691043207400323,224.4020782204862,1.0,0.06742326922653435,True,0.0,False,True,"UNFILTERED (control, no IV condition)",2pct
put,2019-01-24,2019-03-01,235.7664337158203,250.8580322265625,219.86458389651153,215.14925522219514,4.715328674316396,0.02,7.660805931053956,38.15521323629234,35.71475736749082,1.697168099854418,0.743287768947104,2.4404558688015223,435.8181100641488,0.0,35.71475736749082,273.6038250670266,1.0,0.0819487684030246,True,0.0,False,True,"UNFILTERED (control, no IV condition)",2pct
call,2019-01-24,2019-03-01,235.7664337158203,250.8580322265625,255.97187560608515,260.68720428040155,4.715328674316396,0.02,7.554570023300349,32.016759196381805,29.586078647811735,1.6155497642398098,0.8151307843302591,2.430680548570069,441.94678878382786,0.0,29.586078647811735,223.51010285976506,1.0,0.06694488883883112,True,0.0,False,True,"UNFILTERED (control, no IV condition)",2pct
put,2019-03-04,2019-04-10,249.94558715820312,259.0343322753906,236.7950878532295,231.79617611006543,4.998911743164058,0.02,7.197762426814432,36.551325355609166,34.65489081201474,1.4051088387423305,0.49132570485209415,1.8964345435944248,465.23628350439105,0.0,34.65489081201474,249.4376709920764,1.0,0.07448879642614473,True,0.0,False,True,"UNFILTERED (control, no IV condition)",2pct
call,2019-03-04,2019-04-10,249.94558715820312,259.0343322753906,266.82267615326,271.82158789642403,4.998911743164058,0.02,7.12950288223029,32.1016191694909,30.200608744862578,1.3517754519328018,0.5492349726955198,1.9010104246283217,469.69056557154323,0.0,30.200608744862578,215.31532709160706,1.0,0.06429894692075186,True,0.0,False,True,"UNFILTERED (control, no IV condition)",2pct
put,2019-04-11,2019-05-17,258.9624328613281,256.8330078125,247.04113569487222,241.86188703764566,5.179248657226566,0.02,6.938797522189809,35.64447553200285,33.985784027038854,1.274901696632036,0.38378980833196075,1.6586915049639965,483.93908169561774,0.0,33.985784027038854,235.82047399649517,1.0,0.07022740115958402,True,0.0,False,True,"UNFILTERED (control, no IV condition)",2pct
call,2019-04-11,2019-05-17,258.9624328613281,256.8330078125,274.33770268939327,279.5169513466198,5.1792486572265375,0.02,6.886141818854548,31.951152586306186,30.28528621731446,1.2323225918246916,0.43354377716703363,1.6658663689917252,487.63957950533927,0.0,30.28528621731446,208.54877591702837,1.0,0.06210588206977744,True,0.0,False,True,"UNFILTERED (control, no IV condition)",2pct
put,2019-05-20,2019-06-26,255.134765625,262.2624816894531,240.12326460823584,235.02056929573584,5.102695312500003,0.02,7.112253576148978,39.11076048085658,36.88333235948597,1.6025985666960119,0.6248295546745941,2.2274281213706058,473.3861988905144,0.0,36.88333235948597,262.32361247404543,1.0,0.0779138311296997,True,0.0,False,True,"UNFILTERED (control, no IV condition)",2pct
call,2019-05-20,2019-06-26,255.134765625,262.2624816894531,274.30792559878194,279.4106209112819,5.102695312499975,0.02,7.031843744694095,33.697540250230595,31.47011416979056,1.5349322933479015,0.6924937870921355,2.227426080440037,478.799417080207,0.0,31.47011416979056,221.29292546965075,1.0,0.06572713551261233,True,0.0,False,True,"UNFILTERED (control, no IV condition)",2pct
put,2019-06-27,2019-08-02,263.1925048828125,264.2038269042969,248.36177717934538,243.09792708168914,5.2638500976562455,0.02,6.905523668701111,39.59696428802815,37.426434180493,1.5802271073679264,0.5903030001672221,2.1705301075351486,488.95857558513154,0.0,37.426434180493,258.4491270684787,1.0,0.07654315937849168,True,0.0,False,True,"UNFILTERED (control, no IV condition)",2pct
call,2019-06-27,2019-08-02,263.1925048828125,264.2038269042969,282.09111864979997,287.3549687474562,5.2638500976562455,0.02,6.8327562157811,34.39198941547481,32.219125591530144,1.5163317796657694,0.6565320442788958,2.172863823944665,494.1658841740944,0.0,32.219125591530144,220.14543065255953,1.0,0.06519900831555454,True,0.0,False,True,"UNFILTERED (control, no IV condition)",2pct
put,2019-08-05,2019-09-11,256.25830078125,271.0927734375,233.56913405909148,228.44396804346647,5.1251660156250125,0.02,7.199962692526453,45.9830139152535,42.224316383485025,2.4541364398249055,1.304561091943568,3.7586975317684734,470.2922851790162,0.0,42.224316383485025,304.0135026785257,1.0,0.08978313639019699,True,0.0,False,True,"UNFILTERED (control, no IV condition)",2pct
call,2019-08-05,2019-09-11,256.25830078125,271.0927734375,285.4727379678372,290.5979039834622,5.125166015624984,0.02,7.052170908049403,36.06595235491028,32.36843839092499,2.299581386429028,1.39793257755626,3.6975139639852883,480.1481631715734,0.0,32.36843839092499,228.26775955947068,1.0,0.06741343792115818,True,0.0,False,True,"UNFILTERED (control, no IV condition)",2pct
put,2019-09-12,2019-10-18,272.0318298339844,270.2765197753906,258.3001860229225,252.8595494262428,5.4406365966796955,0.02,6.699860669448467,39.03230602450947,37.07811165413191,1.4650010104951483,0.48919335988241164,1.95419437037756,506.9855480138377,0.0,37.07811165413191,248.4181819689372,1.0,0.07313445481708267,True,0.0,False,True,"UNFILTERED (control, no IV condition)",2pct
call,2019-09-12,2019-10-18,272.0318298339844,270.2765197753906,289.6249581153336,295.06559471201325,5.440636596679667,0.02,6.640647739658673,34.51780037960592,32.55745330333297,1.4116460428815536,0.5487010333914022,1.9603470762729558,511.5062063646337,0.0,32.55745330333297,216.2025786878209,1.0,0.06365016279025161,True,0.0,False,True,"UNFILTERED (control, no IV condition)",2pct
put,2019-10-21,2019-11-27,272.1088256835937,286.1591491699219,258.432143112956,252.98996659928412,5.442176513671882,0.02,6.715863880319316,39.00656737680688,37.056546105495485,1.4625927278657858,0.48742854344560604,1.9500212713113918,507.1611052616927,0.0,37.056546105495485,248.86671951928454,1.0,0.07306661674375539,True,0.0,False,True,"UNFILTERED (control, no IV condition)",2pct
call,2019-10-21,2019-11-27,272.1088256835937,286.1591491699219,289.71020822164957,295.15238473532145,5.442176513671882,0.02,6.656701992236453,34.50533293695308,32.549117564385064,1.4094243479959245,0.5467910245720881,1.9562153725680127,511.6685338028031,0.0,32.549117564385064,216.6697757363806,1.0,0.06361367841495894,True,0.0,False,True,"UNFILTERED (control, no IV condition)",2pct
put,2019-11-29,2020-01-03,285.0978698730469,293.8830261230469,272.5518938654228,266.84993646796187,5.701957397460944,0.02,6.401314089535327,38.38037725872194,36.65908922956604,1.3403987303119758,0.38088929884392275,1.7212880291558985,533.5366505165284,0.0,36.65908922956604,234.66634439475385,1.0,0.06870959885150454,True,0.0,False,True,"UNFILTERED (control, no IV condition)",2pct
call,2019-11-29,2020-01-03,285.0978698730469,293.8830261230469,301.26592498384423,306.9678823813052,5.701957397460944,0.02,6.35651335790255,34.62818136327197,32.89872077752373,1.2975825599150226,0.4318780258332239,1.7294605857482463,537.2970189685707,0.0,32.89872077752373,209.12115808023574,1.0,0.06123004523769403,True,0.0,False,True,"UNFILTERED (control, no IV condition)",2pct
put,2020-01-06,2020-02-12,295.004150390625,307.5649108886719,280.3423035875375,274.442220579725,5.900083007812498,0.02,6.225683134839986,42.07925482353421,39.99453456144849,1.5683508163370385,0.5163694457486767,2.0847202620857153,550.0137662198013,0.0,39.99453456144849,248.99329930498482,1.0,0.07271551553396124,True,0.0,False,True,"UNFILTERED (control, no IV condition)",2pct
call,2020-01-06,2020-02-12,295.004150390625,307.5649108886719,313.8876976798274,319.7877806876399,5.900083007812498,0.02,6.1718330969442325,37.28728692219487,35.195593681341606,1.5119377069540696,0.5797555338991983,2.091693240853268,554.8127070999082,0.0,35.195593681341606,217.22132994910544,1.0,0.06343689182123174,True,0.0,False,True,"UNFILTERED (control, no IV condition)",2pct
put,2020-02-13,2020-03-20,307.23663330078125,209.7819976806641,291.8072627940322,285.6625301280166,6.144732666015614,0.02,5.995531684725321,43.98382080810279,41.79082550679355,1.6462954107559047,0.5466998905533316,2.192995301309236,572.6824410947678,614.4732666015614,-572.6824410947678,-3433.5357208695223,-13.703544597406243,-1.0,False,572.6824410947678,True,False,"UNFILTERED (control, no IV condition)",2pct
call,2020-02-13,2020-03-20,307.23663330078125,209.7819976806641,327.0112161472206,333.1559488132362,6.144732666015614,0.02,5.942984582234323,38.9273134953152,36.727241290714815,1.5866275209916347,0.6134446836087493,2.200072204600384,577.7460253108466,0.0,36.727241290714815,218.26942873871798,1.0,0.06356987271518542,True,0.0,False,True,"UNFILTERED (control, no IV condition)",2pct
put,2020-03-23,2020-04-29,204.41827392578125,268.8382568359375,162.8210256138301,158.7326601353145,4.0883654785156125,0.02,9.182508562701335,50.96672184013116,41.91825183031186,5.161319027911304,3.887150981907994,9.048470009819297,366.9182960212494,0.0,41.91825183031186,384.91470636530954,1.0,0.11424410361887281,True,0.0,False,True,"UNFILTERED (control, no IV condition)",2pct
call,2020-03-23,2020-04-29,204.41827392578125,268.8382568359375,269.1479213228606,273.23628680137625,4.088365478515641,0.02,8.62619669888485,26.365437884182086,18.25533197661635,4.384620927335159,3.7254849802305756,8.110105907565735,390.58121587494776,0.0,18.25533197661635,157.47408443373502,1.0,0.04673888869878769,True,0.0,False,True,"UNFILTERED (control, no IV condition)",2pct
put,2020-04-30,2020-06-05,266.3351135253906,292.7963256835937,234.51019963472822,229.18349736422041,5.326702270507809,0.02,6.967751763929533,53.30977485050674,47.56709976361457,3.5377097290774318,2.2049653578147366,5.742675086892168,485.1031272871664,0.0,47.56709976361457,331.4357432829375,1.0,0.09805564443507758,True,0.0,False,True,"UNFILTERED (control, no IV condition)",2pct
call,2020-04-30,2020-06-05,266.3351135253906,292.7963256835937,308.7064366039466,314.03313887445444,5.3267022705078375,0.02,6.753892105152784,37.73521809852838,32.20647693192937,3.236060809531116,2.292680357067889,5.528741166599005,500.46375011885436,0.0,32.20647693192937,217.51907028534305,1.0,0.06435326619416633,True,0.0,False,True,"UNFILTERED (control, no IV condition)",2pct
put,2020-06-08,2020-07-15,296.3354187011719,296.39617919921875,268.8403953575741,262.91368698355063,5.9267083740234625,0.02,6.242827256454354,54.09333284795039,49.478285725012114,2.9836902220685246,1.6313569008697515,4.615047122938276,543.1925516773341,0.0,49.478285725012114,308.88439072674197,1.0,0.09108793110698447,True,0.0,False,True,"UNFILTERED (control, no IV condition)",2pct
call,2020-06-08,2020-07-15,296.3354187011719,296.39617919921875,331.8696240221099,337.7963323961334,5.9267083740234625,0.02,6.10613887508909,41.84609572220843,37.31870138254838,2.786773366357642,1.7406209733024092,4.527394339660051,555.3521360197979,0.0,37.31870138254838,227.87317327981964,1.0,0.06719826748126166,True,0.0,False,True,"UNFILTERED (control, no IV condition)",2pct
put,2020-07-16,2020-08-21,295.4201354980469,312.6318664550781,266.1365894706615,260.22818676070057,5.90840270996091,0.02,6.2924221278976376,55.22395311115069,50.22294602158939,3.190802958670047,1.8102041308912575,5.001007089561305,540.6173249745017,0.0,50.22294602158939,316.0239768744577,1.0,0.09289925368921198,True,0.0,False,True,"UNFILTERED (control, no IV condition)",2pct
call,2020-07-16,2020-08-21,295.4201354980469,312.6318664550781,333.41791608445413,339.32631879441504,5.90840270996091,0.02,6.1418739116134695,41.85699752127654,36.97145712121741,2.9659826690455304,1.9195577310135992,4.88554040005913,553.8688138748736,0.0,36.97145712121741,227.07402796714126,1.0,0.06675128874392586,True,0.0,False,True,"UNFILTERED (control, no IV condition)",2pct
put,2020-08-24,2020-09-30,315.7999267578125,309.6394958496094,290.3046506937757,283.98865215861946,6.315998535156268,0.02,5.874258791363412,54.76615049306908,50.649217920775946,2.743043167309933,1.3738894049831973,4.1169325722931305,580.9506355948508,0.0,50.649217920775946,297.5266136467994,1.0,0.08718334195282335,True,0.0,False,True,"UNFILTERED (control, no IV condition)",2pct
call,2020-08-24,2020-09-30,315.7999267578125,309.6394958496094,348.44585626221345,354.7618547973697,6.315998535156268,0.02,5.7683028155598794,44.04761889271036,39.97793497042689,2.585437197300622,1.4842467249828517,4.069683922283474,591.6219185452,0.0,39.97793497042689,230.60483485018318,1.0,0.06757345141764312,True,0.0,False,True,"UNFILTERED (control, no IV condition)",2pct
put,2020-10-01,2020-11-06,311.6273193359375,323.758056640625,282.1110086582179,275.87846227149913,6.232546386718752,0.02,5.9958081397448515,57.29518132901319,52.319590772422366,3.2039850449080864,1.771605511682739,4.975590556590825,570.9350478994528,0.0,52.319590772422366,313.69822822140964,1.0,0.09163842886316616,True,0.0,False,True,"UNFILTERED (control, no IV condition)",2pct
call,2020-10-01,2020-11-06,311.6273193359375,323.758056640625,349.75163364357815,355.9841800302969,6.232546386718752,0.02,5.86097439896303,44.06024787487759,39.18503276013158,2.988360655808986,1.8868544589370262,4.8752151147460125,584.0696059117437,0.0,39.18503276013158,229.6624738296588,1.0,0.06708966253938689,True,0.0,False,True,"UNFILTERED (control, no IV condition)",2pct
put,2020-11-09,2020-12-16,327.8262939453125,342.2593688964844,297.47759323695703,290.9210673580508,6.556525878906257,0.02,5.714419187490558,59.79270491751656,54.701886020567656,3.2928182599434086,1.7980006370054924,5.090818896948901,600.950701870058,0.0,54.701886020567656,312.58950706785333,1.0,0.09102557971950868,True,0.0,False,True,"UNFILTERED (control, no IV condition)",2pct
call,2020-11-09,2020-12-16,327.8262939453125,342.2593688964844,367.0410118765941,373.59753775550035,6.556525878906257,0.02,5.5896849862339355,46.28644511004758,41.29163016948224,3.0759880341582724,1.9188269064070673,4.994814940565339,614.3609577211434,0.0,41.29163016948224,230.8072052154791,1.0,0.06721070024150913,True,0.0,False,True,"UNFILTERED (control, no IV condition)",2pct
put,2020-12-17,2021-01-22,344.1732482910156,355.52008056640625,317.2506089067332,310.36714394091285,6.8834649658203375,0.02,5.436345139016263,58.95936325235098,54.65748904944233,2.887929142108714,1.413945060799937,4.301874202908651,633.6890075325914,0.0,54.65748904944233,297.13697490477045,1.0,0.08625285968311709,True,0.0,False,True,"UNFILTERED (control, no IV condition)",2pct
call,2020-12-17,2021-01-22,344.1732482910156,355.52008056640625,378.5008710186324,385.3843359844527,6.8834649658203375,0.02,5.342775716273284,47.81870450775685,43.55952840460452,2.727321857923126,1.5318542452292028,4.259176103152329,644.7869681774292,0.0,43.55952840460452,232.72879057243736,1.0,0.06755646524266916,True,0.0,False,True,"UNFILTERED (control, no IV condition)",2pct
put,2021-01-25,2021-03-03,356.9221496582031,354.1644592285156,327.0729495501927,319.9345065570286,7.1384429931640625,0.02,5.2676230442162915,62.713492394231096,57.846434235402036,3.217447734342427,1.649610424486636,4.867058158829063,655.9978650810042,0.0,57.846434235402036,304.713210004146,1.0,0.0881808269730558,True,0.0,False,True,"UNFILTERED (control, no IV condition)",2pct
call,2021-01-25,2021-03-03,356.9221496582031,354.1644592285156,395.21379165798976,402.3522346511538,7.1384429931640625,0.02,5.167767577043846,49.973439492697835,45.170753236748865,3.0260111216332097,1.7766751343157638,4.802686255948974,668.6735460796574,0.0,45.170753236748865,233.43195400751915,1.0,0.06755277444663227,True,0.0,False,True,"UNFILTERED (control, no IV condition)",2pct
put,2021-03-04,2021-04-09,349.7817077636719,383.3370361328125,314.4374932606699,307.4418591053965,6.995634155273422,0.02,5.417907230493508,65.84487038502544,59.775352190222364,3.8578199772143718,2.211698217588709,6.069518194803081,639.7880633371198,0.0,59.775352190222364,323.85731283670174,1.0,0.09342992721438957,True,0.0,False,True,"UNFILTERED (control, no IV condition)",2pct
call,2021-03-04,2021-04-09,349.7817077636719,383.3370361328125,395.741244845552,402.7368790008254,6.995634155273422,0.02,5.284870462282984,49.591433779794514,43.66987961648747,3.5806700039009653,2.340884159406076,5.921554163307041,655.8935359108548,0.0,43.66987961648747,230.7896568766284,1.0,0.06658074401639297,True,0.0,False,True,"UNFILTERED (control, no IV condition)",2pct
put,2021-04-12,2021-05-19,383.4768981933594,382.750244140625,360.0679371835396,352.3983992196724,7.669537963867185,0.02,4.89234895547819,59.67627850466641,56.169397036366895,2.499394215458095,1.007487252841427,3.5068814682995217,710.7843993503517,0.0,56.169397036366895,274.8002909207093,1.0,0.07902452148317414,True,0.0,False,True,"UNFILTERED (control, no IV condition)",2pct
call,2021-04-12,2021-05-19,383.4768981933594,382.750244140625,413.34722190505585,421.01675986892303,7.669537963867185,0.02,4.8338193005509345,51.06643024878643,47.562959138096225,2.3900659334549323,1.1134051772352715,3.503471110690204,719.3908372486222,0.0,47.562959138096225,229.91074987304498,1.0,0.06611560319562204,True,0.0,False,True,"UNFILTERED (control, no IV condition)",2pct
put,2021-05-20,2021-06-25,386.8677673339844,398.7228393554688,358.3235396598609,350.5861843131812,7.737355346679692,0.02,4.888546078820501,64.8218376078379,60.33333321235397,3.05452516783995,1.4339792276439889,4.488504395483939,713.4022014556152,0.0,60.33333321235397,294.9422794974237,1.0,0.084571274225466,True,0.0,False,True,"UNFILTERED (control, no IV condition)",2pct
call,2021-05-20,2021-06-25,386.8677673339844,398.7228393554688,423.18957652750277,430.92693187418246,7.737355346679692,0.02,4.811198267746107,53.31955679387974,48.864236403733784,2.8941546549964725,1.5611657351494834,4.455320390145956,724.8712982642354,0.0,48.864236403733784,235.09552954038026,1.0,0.06741091352457086,True,0.0,False,True,"UNFILTERED (control, no IV condition)",2pct
put,2021-06-28,2021-08-04,399.5265808105469,410.2841796875,376.83052374774746,368.8399921315365,7.990531616210944,0.02,4.714225736888347,60.359768815784065,57.02244736058928,2.4231578377946983,0.9141636174000878,3.337321455194786,742.0307142605052,0.0,57.02244736058928,268.81668892765094,1.0,0.07684647854154777,True,0.0,False,True,"UNFILTERED (control, no IV condition)",2pct
call,2021-06-28,2021-08-04,399.5265808105469,410.2841796875,428.54945139657923,436.5399830127902,7.990531616210944,0.02,4.663756173861248,52.332580968848674,48.99244654036881,2.324224476350545,1.015909952129318,3.340134428479863,750.0607150807256,0.0,48.99244654036881,228.4888250252122,1.0,0.0653179743390453,True,0.0,False,True,"UNFILTERED (control, no IV condition)",2pct
put,2021-08-05,2021-09-10,412.8824462890625,416.3219299316406,387.4263680958867,379.1687191701054,8.257648925781268,0.02,4.5850161486158765,64.46818402748988,60.65386847266502,2.7130100777560617,1.1013054770688036,3.8143155548248653,765.1110241054619,0.0,60.65386847266502,278.0989664231925,1.0,0.0792745974920165,True,0.0,False,True,"UNFILTERED (control, no IV condition)",2pct
call,2021-08-05,2021-09-10,412.8824462890625,416.3219299316406,445.2437198406901,453.5013687664714,8.257648925781268,0.02,4.529479983406566,55.08256679396091,51.272806541968784,2.593412210920576,1.2163480410715466,3.8097602519921225,774.4920860361581,0.0,51.272806541968784,232.23915092492484,1.0,0.06620184694769761,True,0.0,False,True,"UNFILTERED (control, no IV condition)",2pct
put,2021-09-13,2021-10-20,417.3874206542969,424.19091796875,388.1698714544019,379.822123041316,8.347748413085924,0.02,4.564761845665438,68.57170568989588,64.03295327441958,3.1265225288618526,1.4122298866144467,4.538752415476299,770.7418880341728,0.0,64.03295327441958,292.2951819723483,1.0,0.08307963310225656,True,0.0,False,True,"UNFILTERED (control, no IV condition)",2pct
call,2021-09-13,2021-10-20,417.3874206542969,424.19091796875,454.64337053695505,462.99111895004097,8.347748413085924,0.02,4.497726179296438,57.05979006215145,52.545549639066614,2.9703675873193225,1.543872835765514,4.5142404230848365,782.2292916695258,0.0,52.545549639066614,236.33549421715043,1.0,0.06717410124967031,True,0.0,False,True,"UNFILTERED (control, no IV condition)",2pct
put,2021-10-21,2021-11-26,425.2973327636719,430.3417663574219,402.5930217624503,394.0870751071769,8.50594665527342,0.02,4.459299785809659,62.53095682220895,59.25388415450825,2.4201732941279697,0.8568993735727337,3.277072667700703,791.3407813728337,0.0,59.25388415450825,264.230832918589,1.0,0.07487783461849828,True,0.0,False,True,"UNFILTERED (control, no IV condition)",2pct
call,2021-10-21,2021-11-26,425.2973327636719,430.3417663574219,454.2963470389905,462.80229369426394,8.50594665527342,0.02,4.4161648327460545,54.808692425057615,51.524451772653975,2.3272289815150393,0.9570116708885967,3.284240652403636,799.070213754688,0.0,51.524451772653975,227.5404719449146,1.0,0.06448050607536701,True,0.0,False,True,"UNFILTERED (control, no IV condition)",2pct
put,2021-11-29,2022-01-05,435.62060546875,440.7076721191406,399.54320567785356,390.83079356847855,8.712412109375009,0.02,4.418672661745161,76.26541759955145,70.39863356993521,3.886709734802518,1.9800742948137273,5.8667840296162455,800.8425773675658,0.0,70.39863356993521,311.06851757968786,1.0,0.08790570776261822,True,0.0,False,True,"UNFILTERED (control, no IV condition)",2pct
call,2021-11-29,2022-01-05,435.62060546875,440.7076721191406,481.8768558390722,490.58926794844723,8.712412109375009,0.02,4.336049735730091,60.93075755443209,55.13867091906458,3.6576777871141664,2.134408848253344,5.792086635367511,816.1025400184362,0.0,55.13867091906458,239.08401946711842,1.0,0.06756341049718945,True,0.0,False,True,"UNFILTERED (control, no IV condition)",2pct
put,2022-01-06,2022-02-11,440.2936706542969,414.4371948242188,409.46482523439926,400.65895182131334,8.80587341308592,0.02,4.365785984668857,72.30243107088867,67.5231493894885,3.293421229086202,1.4858604523139696,4.779281681400171,813.0641919191035,0.0,67.5231493894885,294.79161924533037,1.0,0.08304774710359741,True,0.0,False,True,"UNFILTERED (control, no IV condition)",2pct
call,2022-01-06,2022-02-11,440.2936706542969,414.4371948242188,479.480117128239,488.2859905413249,8.80587341308592,0.02,4.301797975785737,60.18278840633613,55.42905314696011,3.129152484767217,1.624582774608807,4.753735259376024,825.1582881616318,0.0,55.42905314696011,238.44458862731304,1.0,0.0671738428156013,True,0.0,False,True,"UNFILTERED (control, no IV condition)",2pct
put,2022-02-14,2022-03-23,413.0823669433594,418.8771667480469,371.1781332082872,362.91648586942,8.261647338867192,0.02,4.712646617851976,77.89528098101854,70.68076350220016,4.580949751671937,2.6335677271464464,7.214517478818383,755.483970384519,0.0,70.68076350220016,333.093461065839,1.0,0.09355693340022257,True,0.0,False,True,"UNFILTERED (control, no IV condition)",2pct
call,2022-02-14,2022-03-23,413.0823669433594,418.8771667480469,467.72057099075596,475.98221832962315,8.261647338867192,0.02,4.596153966351128,58.56864371836643,51.532507912679534,4.250175949323043,2.785959856363851,7.036135805686894,774.6322259740397,0.0,51.532507912679534,236.85134063888293,1.0,0.06652512790554437,True,0.0,False,True,"UNFILTERED (control, no IV condition)",2pct
put,2022-03-24,2022-04-29,425.1914978027344,388.8630065917969,392.31969433895256,383.81586438289787,8.503829956054688,0.02,4.561001475401919,72.51685239289039,67.28132524406276,3.524224229324946,1.7113029195026885,5.235527148827634,783.101670361406,345.66877471556836,-278.3874494715056,-1269.725567772914,-4.137662991352447,-0.35549336696348527,False,278.3874494715056,False,False,"UNFILTERED (control, no IV condition)",2pct
call,2022-03-24,2022-04-29,425.1914978027344,388.8630065917969,467.0846576172723,475.588487573327,8.503829956054688,0.02,4.483807425527267,58.985641885016804,53.79930345725674,3.3304897374427433,1.8558486903173188,5.186338427760062,796.583692148212,0.0,53.79930345725674,241.22571632984256,1.0,0.06753754060941392,True,0.0,False,True,"UNFILTERED (control, no IV condition)",2pct
put,2022-05-02,2022-06-08,391.2036437988281,388.1268005371094,346.2408001515098,338.4167272755332,7.824072875976583,0.02,4.9789965308774145,77.20865404286883,69.17966133670544,4.979604528617565,3.049388177545831,8.028992706163397,713.2276262609529,0.0,69.17966133670544,344.44529380273076,1.0,0.09699520712535363,True,0.0,False,True,"UNFILTERED (control, no IV condition)",2pct
call,2022-05-02,2022-06-08,391.2036437988281,388.1268005371094,450.81061651446396,458.63468939044054,7.824072875976583,0.02,4.833635339372122,55.48624419240227,47.73087377027472,4.571263263468817,3.1841071586587333,7.75537042212755,734.6764138273835,0.0,47.73087377027472,230.71363823510976,1.0,0.06496856693903524,True,0.0,False,True,"UNFILTERED (control, no IV condition)",2pct
put,2022-06-09,2022-07-15,378.8960571289063,365.0721740722656,343.796831132648,336.21890999006985,7.577921142578134,0.02,5.129291192782585,69.09979483643127,63.22030664958337,3.8034915288793547,2.0759966579685485,5.879488186847903,694.5718076082301,0.0,63.22030664958337,324.2753621027223,1.0,0.09102054813782837,True,0.0,False,True,"UNFILTERED (control, no IV condition)",2pct
call,2022-06-09,2022-07-15,378.8960571289063,365.0721740722656,424.1398757563855,431.7177968989636,7.577921142578134,0.02,5.017405214538415,53.500491081179646,47.731654082737094,3.553174637736034,2.2156623607065162,5.76883699844255,710.0604601750764,0.0,47.731654082737094,239.4890500932689,1.0,0.0672219575090382,True,0.0,False,True,"UNFILTERED (control, no IV condition)",2pct
put,2022-07-18,2022-08-24,362.0577392578125,392.1257629394531,329.1055183871414,321.86436360198513,7.2411547851562545,0.02,5.382516837157787,65.62682453309918,60.1256663349179,3.5709144057543885,1.930243792426889,5.501158198181278,663.9898121807075,0.0,60.1256663349179,323.62741139302676,1.0,0.09055209166154263,True,0.0,False,True,"UNFILTERED (control, no IV condition)",2pct
call,2022-07-18,2022-08-24,362.0577392578125,392.1257629394531,404.5765022510675,411.81765703622375,7.2411547851562545,0.02,5.267744230731607,51.06173290521561,45.658782969583,3.3397466291315014,2.0632033065011046,5.402949935632606,678.4566955460424,0.0,45.658782969583,240.5187905702474,1.0,0.06729800629771283,True,0.0,False,True,"UNFILTERED (control, no IV condition)",2pct
put,2022-08-25,2022-09-30,397.66162109375,339.9685974121094,366.7644045165965,358.81117209472154,7.953232421874986,0.02,4.895822206034221,67.94925854482443,63.02147204063928,3.313258983902889,1.6145275202822607,4.92778650418515,732.3017701468593,795.3232421874986,-732.3017701468593,-3585.2192678031615,-11.619877264603337,-1.0,False,732.3017701468593,True,False,"UNFILTERED (control, no IV condition)",2pct
call,2022-08-25,2022-09-30,397.66162109375,339.9685974121094,437.04607009117086,444.99930251304585,7.953232421874986,0.02,4.812366942489099,55.202402855375965,50.32201708374967,3.1302229215053545,1.7501628501209399,4.880385771626294,745.001225103749,0.0,50.32201708374967,242.1680114932086,1.0,0.06754622058070014,True,0.0,False,True,"UNFILTERED (control, no IV condition)",2pct
put,2022-10-03,2022-11-09,348.9442138671875,356.10186767578125,311.4532443214682,304.47436004412447,6.978884277343752,0.02,5.521071378605716,67.1913730586926,60.62837413124933,4.121391626955306,2.441607300487969,6.562998927443275,637.2600536031259,0.0,60.62837413124933,334.73358114743985,1.0,0.09513914105936976,True,0.0,False,True,"UNFILTERED (control, no IV condition)",2pct
call,2022-10-03,2022-11-09,348.9442138671875,356.10186767578125,398.17133314205034,405.1502174193941,6.978884277343752,0.02,5.373669332922574,49.521867730418734,43.148058593828424,3.8059279149254,2.567881221664914,6.373809136590314,654.7403691405468,0.0,43.148058593828424,231.86339924080215,1.0,0.06590102066024624,True,0.0,False,True,"UNFILTERED (control, no IV condition)",2pct
put,2022-11-10,2022-12-16,375.671142578125,366.47662353515625,344.18526502491915,336.67184217335665,7.5134228515624955,0.02,5.112262654282642,66.0343240611116,60.90628431270203,3.3894489249686854,1.7385908234408887,5.128039748409574,690.4360008435475,0.0,60.90628431270203,311.3689227029473,1.0,0.08821423598753415,True,0.0,False,True,"UNFILTERED (control, no IV condition)",2pct
call,2022-11-10,2022-12-16,375.671142578125,366.47662353515625,415.95857831037245,423.47200116193494,7.5134228515624955,0.02,5.015230262434151,52.60806310992976,47.54804290114214,3.1876108932679337,1.8724093155196853,5.060020208787619,703.7942422551074,0.0,47.54804290114214,238.46438367732534,1.0,0.06755957927247036,True,0.0,False,True,"UNFILTERED (control, no IV condition)",2pct
put,2022-12-19,2023-01-25,363.3690185546875,382.8082275390625,333.9690282275568,326.70164785646307,7.267380371093736,0.02,5.297088766144097,63.067076740095374,58.31675803956876,3.163497809514504,1.5868208910121084,4.750318700526613,668.4212790698049,0.0,58.31675803956876,308.90904388934314,1.0,0.08724551396796361,True,0.0,False,True,"UNFILTERED (control, no IV condition)",2pct
call,2022-12-19,2023-01-25,363.3690185546875,382.8082275390625,401.0187746566029,408.2861550276966,7.267380371093736,0.02,5.2012466474946395,50.69521869099418,45.99992019699343,2.9813394806378124,1.7139590133629423,4.695298494000754,680.7381169123803,0.0,45.99992019699343,239.25693070963302,1.0,0.06757359262565608,True,0.0,False,True,"UNFILTERED (control, no IV condition)",2pct
put,2023-01-26,2023-03-03,387.0154418945313,386.4799499511719,361.13399768872847,353.39368885083786,7.740308837890609,0.02,4.963379532517053,62.42287214430711,58.45994172507961,2.7617511114175874,1.2011793078099076,3.962930419227495,715.5709420639813,0.0,58.45994172507961,290.1588782303998,1.0,0.08169691960444718,True,0.0,False,True,"UNFILTERED (control, no IV condition)",2pct
call,2023-01-26,2023-03-03,387.0154418945313,386.4799499511719,419.9001302755249,427.6404391134155,7.740308837890609,0.02,4.895418973635629,52.47425357723756,48.52604201110684,2.6300339527808303,1.3181776133498913,3.9482115661307216,725.5048417779541,0.0,48.52604201110684,237.55530677661207,1.0,0.0668858968496844,True,0.0,False,True,"UNFILTERED (control, no IV condition)",2pct
put,2023-03-06,2023-04-12,386.7477111816406,391.659912109375,360.7392823839611,353.00432816032827,7.734954223632826,0.02,4.982528883173619,62.55351602607888,58.55637531946386,2.7804893036335043,1.2166514029815167,3.997140706615021,714.9390470438187,0.0,58.55637531946386,291.75883132318353,1.0,0.08190401064480526,True,0.0,False,True,"UNFILTERED (control, no IV condition)",2pct
call,2023-03-06,2023-04-12,386.7477111816406,391.659912109375,419.9029891612033,427.63794338483615,7.734954223632826,0.02,4.913565749623155,52.50331085631856,48.52202562433564,2.6469340016954446,1.3343512302874783,3.981285231982923,724.973396738947,0.0,48.52202562433564,238.41616321007268,1.0,0.06692938781284379,True,0.0,False,True,"UNFILTERED (control, no IV condition)",2pct
put,2023-04-13,2023-05-19,396.8621826171875,401.8053894042969,371.6486995584772,363.71145590613344,7.937243652343739,0.02,4.862208186190336,62.72069317058886,58.91256477658653,2.688072861633528,1.1200555323688077,3.8081283940023356,734.8118004577874,0.0,58.91256477658653,286.44515472618747,1.0,0.08017367813075951,True,0.0,False,True,"UNFILTERED (control, no IV condition)",2pct
call,2023-04-13,2023-05-19,396.8621826171875,401.8053894042969,428.9030076509045,436.84025130324824,7.937243652343739,0.02,4.800567084061807,53.277543679613615,49.47730255774422,2.5660898569298762,1.2341512649395203,3.8002411218693966,744.2470626766296,0.0,49.47730255774422,237.51911006687396,1.0,0.06647967461208748,True,0.0,False,True,"UNFILTERED (control, no IV condition)",2pct
put,2023-05-22,2023-06-28,401.9685974121094,420.4175720214844,376.9886634794167,368.9492915311745,8.039371948242206,0.02,4.811786788475112,63.007430696748656,59.247665900487355,2.667475281840015,1.0922895144212796,3.759764796261295,744.6895289237332,0.0,59.247665900487355,285.08713602795245,1.0,0.0795602242267531,True,0.0,False,True,"UNFILTERED (control, no IV condition)",2pct
call,2023-05-22,2023-06-28,401.9685974121094,420.4175720214844,433.83250404228755,441.87187599052976,8.039371948242206,0.02,4.752633391409491,53.73314134469389,49.978927546997106,2.548771165657071,1.205442632039716,3.754213797696787,753.9582672772235,0.0,49.978927546997106,237.53151992669407,1.0,0.06628871877416567,True,0.0,False,True,"UNFILTERED (control, no IV condition)",2pct
put,2023-06-29,2023-08-04,422.0744934082031,430.45611572265625,401.8299202720208,393.3884304038567,8.44148986816407,0.02,4.561746785589729,59.19489676512377,56.34997498557384,2.1623970993390196,0.6825246802109219,2.8449217795499413,787.799011830833,0.0,56.34997498557384,257.0543172585031,1.0,0.07152836464546629,True,0.0,False,True,"UNFILTERED (control, no IV condition)",2pct
call,2023-06-29,2023-08-04,422.0744934082031,430.45611572265625,448.1014445235019,456.542934391666,8.44148986816407,0.02,4.524674419837382,52.75114842806303,49.89524025860985,2.0873434400773827,0.768564729375798,2.8559081694531807,794.2537465577971,0.0,49.89524025860985,225.75971726977232,1.0,0.06282027686347089,True,0.0,False,True,"UNFILTERED (control, no IV condition)",2pct
put,2023-08-07,2023-09-13,434.2134094238281,430.1671142578125,409.5308283758069,400.84656018733034,8.684268188476551,0.02,4.468281747064573,65.6180262175642,61.98799189412285,2.635242489440226,0.9947918340011241,3.6300343234413504,806.4388269535323,0.0,61.98799189412285,276.97981271769584,1.0,0.07686632863188599,True,0.0,False,True,"UNFILTERED (control, no IV condition)",2pct
call,2023-08-07,2023-09-13,434.2134094238281,430.1671142578125,465.77578998024836,474.4600581687249,8.684268188476551,0.02,4.420396584214085,56.88506119276617,53.252021303716624,2.5275832094343587,1.1054566796151966,3.633039889049555,815.1747975439384,0.0,53.252021303716624,235.39505307344467,1.0,0.06532589263574026,True,0.0,False,True,"UNFILTERED (control, no IV condition)",2pct
put,2023-09-14,2023-10-20,433.8761291503906,407.20513916015625,414.22545671194877,405.54793412894094,8.677522583007828,0.02,4.4546663707513545,59.27172646799406,56.54821131691088,2.1026541563915147,0.6208609946916577,2.7235151510831725,811.204046983872,702.0317551792516,-645.4835438623408,-2875.4138357169763,-11.414747324984042,-0.7957104581298693,False,645.4835438623408,False,False,"UNFILTERED (control, no IV condition)",2pct
call,2023-09-14,2023-10-20,433.8761291503906,407.20513916015625,459.25493440081647,467.9324569838243,8.677522583007828,0.02,4.4217773917623635,53.25023799072888,50.51451253624851,2.0334907021242965,0.7022347523560679,2.7357254544803644,817.2377457645343,0.0,50.51451253624851,223.36392948868016,1.0,0.061811281720708655,True,0.0,False,True,"UNFILTERED (control, no IV condition)",2pct
put,2023-10-23,2023-11-29,406.4993896484375,439.5155334472656,376.5804730776109,368.4504852846422,8.129987792968734,0.02,4.749824233245587,68.08148511689716,63.37053729371447,3.206492475552558,1.5044553476301292,4.710947823182687,749.6282420031589,0.0,63.37053729371447,300.99891371147817,1.0,0.08453595227999351,True,0.0,False,True,"UNFILTERED (control, no IV condition)",2pct
call,2023-10-23,2023-11-29,406.4993896484375,439.5155334472656,444.68340893999505,452.8133967329638,8.129987792968734,0.02,4.674776549068248,56.01247091345485,51.336194482724,3.038294101783623,1.6379823289472295,4.676276430730852,761.6625848141493,0.0,51.336194482724,239.98523808624492,1.0,0.06740017890632026,True,0.0,False,True,"UNFILTERED (control, no IV condition)",2pct
put,2023-11-30,2024-01-05,441.24609375,454.2177734375,421.0974591238369,412.27253724883695,8.824921874999973,0.02,4.330137646169911,60.50759488565429,57.70961367423561,2.1553355417800235,0.6426456696386584,2.7979812114186817,824.7825738257618,0.0,57.70961367423561,249.8905707167295,1.0,0.06996948711773701,True,0.0,False,True,"UNFILTERED (control, no IV condition)",2pct
call,2023-11-30,2024-01-05,441.24609375,454.2177734375,467.24994073822063,476.0748626132206,8.824921874999973,0.02,4.297723490704855,54.299273378755686,51.48896438614642,2.083895413539083,0.7264135790701842,2.8103089926092673,831.0032231138509,0.0,51.48896438614642,221.28533175440717,1.0,0.06196000563416854,True,0.0,False,True,"UNFILTERED (control, no IV condition)",2pct
put,2024-01-08,2024-02-14,460.7021179199219,483.97021484375,439.13651535929904,429.9224730009006,9.214042358398444,0.02,4.161562908523144,63.96949237758918,60.94731866974239,2.3107055086432626,0.7114681992035243,3.022173707846787,860.4569171701021,0.0,60.94731866974239,253.63610074994003,1.0,0.07083134257341768,True,0.0,False,True,"UNFILTERED (control, no IV condition)",2pct
call,2024-01-08,2024-02-14,460.7021179199219,483.97021484375,488.60314360243996,497.8171859608384,9.214042358398444,0.02,4.128950907171715,57.18572830869881,54.15110753125252,2.232131992581887,0.802488784864408,3.034620777446295,867.2531283085918,0.0,54.15110753125252,223.58726456551818,1.0,0.062439794984497435,True,0.0,False,True,"UNFILTERED (control, no IV condition)",2pct
put,2024-02-15,2024-03-22,487.3094482421875,507.5192260742188,463.0887146690545,453.3425257042108,9.746188964843725,0.02,3.9515237621385495,69.44357126134726,66.00989542386164,2.5848825595096603,0.8487932779759677,3.433675837485628,908.6090010605109,0.0,66.00989542386164,260.83967030366995,1.0,0.07264939632649045,True,0.0,False,True,"UNFILTERED (control, no IV condition)",2pct
call,2024-02-15,2024-03-22,487.3094482421875,507.5192260742188,518.3717551399703,528.1179441048141,9.746188964843782,0.02,3.917471515765924,61.557182961408685,58.11189860730378,2.492106964070062,0.9531773900348428,3.445284354104905,916.5069978770744,0.0,58.11189860730378,227.65170752119002,1.0,0.06340584277251529,True,0.0,False,True,"UNFILTERED (control, no IV condition)",2pct
put,2024-03-25,2024-05-01,506.1170654296875,487.2071533203125,482.21615992663135,472.0938186180376,10.122341308593775,0.02,3.809557940774891,70.55713011406723,67.2006278362477,2.560215265335608,0.7962870124839205,3.3565022778195286,945.0335030231297,0.0,67.2006278362477,256.0046853986356,1.0,0.07110925445635018,True,0.0,False,True,"UNFILTERED (control, no IV condition)",2pct
call,2024-03-25,2024-05-01,506.1170654296875,487.2071533203125,537.0173467552216,547.1396880638154,10.122341308593718,0.02,3.779264446008724,62.99549984021198,59.625511596912006,2.472437869652644,0.8975503736473323,3.369988243299976,952.6086192624598,0.0,59.625511596912006,225.34057605329042,1.0,0.06259182458697045,True,0.0,False,True,"UNFILTERED (control, no IV condition)",2pct
put,2024-05-02,2024-06-07,491.7641906738281,519.98291015625,466.1077448555771,456.27246104210053,9.835283813476565,0.02,3.9424440039307425,71.5884650105771,67.90680565246801,2.735685491686768,0.9459738664223283,3.681659358109096,915.6215756951884,0.0,67.90680565246801,267.71877877066277,1.0,0.07416470674679063,True,0.0,False,True,"UNFILTERED (control, no IV condition)",2pct
call,2024-05-02,2024-06-07,491.7641906738281,519.98291015625,524.5726990938734,534.40798290735,9.835283813476508,0.02,3.905688078132297,62.98125867065245,59.29000932299168,2.6328904072135506,1.0583589404472238,3.6912493476607744,924.2383720246592,0.0,59.29000932299168,231.56828256516135,1.0,0.06415012741043151,True,0.0,False,True,"UNFILTERED (control, no IV condition)",2pct
put,2024-06-10,2024-07-17,521.589599609375,544.0602416992188,497.84189058810705,487.4100985959195,10.431791992187527,0.02,3.7126754539744184,71.50851960805156,68.20237264995976,2.54692997414655,0.7592169839452545,3.3061469580918046,974.976826568793,0.0,68.20237264995976,253.2132748403218,1.0,0.06995281404788085,True,0.0,False,True,"UNFILTERED (control, no IV condition)",2pct
call,2024-06-10,2024-07-17,521.589599609375,544.0602416992188,552.3866211379569,562.8184131301444,10.431791992187527,0.02,3.6849006973200797,64.17425195318813,60.85353306759005,2.462537592213898,0.8581812933841859,3.320718885598084,982.3256661511626,0.0,60.85353306759005,224.2392264351531,1.0,0.06194843030623386,True,0.0,False,True,"UNFILTERED (control, no IV condition)",2pct
put,2024-07-18,2024-08-23,539.8792114257812,549.1302490234375,509.2406366347649,498.44305240624925,10.797584228515632,0.02,3.6192449861888347,81.46656698020287,76.97425210021589,3.2644895272460284,1.2278253527409522,4.4923148799869805,1002.7841707513472,0.0,76.97425210021589,278.58867597934176,1.0,0.07676053765641522,True,0.0,False,True,"UNFILTERED (control, no IV condition)",2pct
call,2024-07-18,2024-08-23,539.8792114257812,549.1302490234375,578.9116033859189,589.7091876144344,10.797584228515575,0.02,3.580679963795759,70.6703856450293,66.17395875049337,3.1315932678308345,1.3648336267050976,4.496426894535932,1013.5844641010641,0.0,66.17395875049337,236.94776822293866,1.0,0.06528706890666705,True,0.0,False,True,"UNFILTERED (control, no IV condition)",2pct
put,2024-08-26,2024-10-02,547.8212280273438,557.4091186523438,515.9119052386492,504.95548067810233,10.95642456054685,0.02,3.579724551753961,83.6295846877789,78.90715743455155,3.406583435210919,1.3158438180164378,4.722427253227357,1016.7352986201334,0.0,78.90715743455155,282.46588877757927,1.0,0.07760835838161685,True,0.0,False,True,"UNFILTERED (control, no IV condition)",2pct
call,2024-08-26,2024-10-02,547.8212280273438,557.4091186523438,588.5896385100842,599.5460630706311,10.956424560546907,0.02,3.539878761711435,72.18612722474838,67.46252219002838,3.2641291076693557,1.4594759270506352,4.723605034719991,1028.1799338646624,0.0,67.46252219002838,238.8091495119679,1.0,0.06561353705518665,True,0.0,False,True,"UNFILTERED (control, no IV condition)",2pct
put,2024-10-03,2024-11-08,556.3899536132812,586.148681640625,515.6925213194064,504.56472224714076,11.127799072265645,0.02,3.5567056762894773,92.917554201534,86.53310918420041,4.353691936185977,2.030753081147607,6.384445017333585,1026.2467980423642,0.0,86.53310918420041,307.7728006224227,1.0,0.08431997970592281,True,0.0,False,True,"UNFILTERED (control, no IV condition)",2pct
call,2024-10-03,2024-11-08,556.3899536132812,586.148681640625,608.1646855078836,619.2924845801492,11.127799072265589,0.02,3.501135458285312,76.58396365720535,70.24446255147619,4.127050098579654,2.2124510071494963,6.33950110572915,1042.5354446750828,0.0,70.24446255147619,245.93537858716803,1.0,0.06737848857826471,True,0.0,False,True,"UNFILTERED (control, no IV condition)",2pct
put,2024-11-11,2024-12-18,586.7072143554688,574.4783935546875,555.0962600527538,543.3621157656444,11.734144287109416,0.02,3.354768239458356,86.67851074108519,82.0925506766854,3.376461416463461,1.2094986479363246,4.585960064399785,1091.3218780342563,0.0,82.0925506766854,275.40148170626975,1.0,0.07522304127592001,True,0.0,False,True,"UNFILTERED (control, no IV condition)",2pct
call,2024-11-11,2024-12-18,586.7072143554688,574.4783935546875,627.2249699151903,638.9591142022997,11.734144287109416,0.02,3.32172513983079,75.83152296569864,71.23654783971804,3.2453816000615365,1.3495935259190572,4.594975125980594,1102.1778808712236,0.0,71.23654783971804,236.62823183395017,1.0,0.06463253262114882,True,0.0,False,True,"UNFILTERED (control, no IV condition)",2pct
put,2024-12-19,2025-01-24,574.302001953125,597.73681640625,525.0528732941933,513.5668332551309,11.486040039062459,0.02,3.4804091706066576,101.80843748555262,93.7359151963688,5.308866613161323,2.763655676022503,8.072522289183826,1054.8680887098772,0.0,93.7359151963688,326.2393388646499,1.0,0.08886031931348831,True,0.0,False,True,"UNFILTERED (control, no IV condition)",2pct
call,2024-12-19,2025-01-24,574.302001953125,597.73681640625,637.4095058668498,648.8955459059123,11.486040039062459,0.02,3.4121935764337854,80.60309158469892,72.64729527095622,4.985436801680088,2.9703595120626147,7.955796313742702,1075.9567086352897,0.0,72.64729527095622,247.88663426884534,1.0,0.06751879019658683,True,0.0,False,True,"UNFILTERED (control, no IV condition)",2pct
put,2025-01-27,2025-03-05,589.2816162109375,573.2461547851562,551.1752035114849,539.3895711872661,11.785632324218795,0.02,3.377189474717313,93.85021727472989,88.0543590643618,4.071056821118169,1.7248013892499192,5.795858210368088,1090.5088733575176,0.0,88.0543590643618,297.3762546351417,1.0,0.08074611882180774,True,0.0,False,True,"UNFILTERED (control, no IV condition)",2pct
call,2025-01-27,2025-03-05,589.2816162109375,573.2461547851562,637.8651757644825,649.6508080887013,11.785632324218795,0.02,3.333101366847319,79.41015602887838,73.62981340847992,3.8827982605602163,1.8975443598382435,5.78034262039846,1104.9334190133995,0.0,73.62981340847992,245.41563171251747,1.0,0.0666373304865956,True,0.0,False,True,"UNFILTERED (control, no IV condition)",2pct
put,2025-03-06,2025-04-11,563.0703125,526.5321044921875,513.267468524241,502.00606227424106,11.261406249999993,0.02,3.5742814052947884,100.9613882449166,92.72704949246129,5.3791867292891204,2.8551520231661964,8.234338752455317,1033.413575507538,0.0,92.72704949246129,331.4325687687539,1.0,0.08972888656598155,True,0.0,False,True,"UNFILTERED (control, no IV condition)",2pct
call,2025-03-06,2025-04-11,563.0703125,526.5321044921875,627.0266737655384,638.2880800155384,11.26140625000005,0.02,3.50114071395996,79.23989010879069,71.13849035628496,5.041198502612754,3.0602012498929687,8.101399752505722,1055.00213464372,0.0,71.13849035628496,249.06586491603727,1.0,0.06742971224442955,True,0.0,False,True,"UNFILTERED (control, no IV condition)",2pct
put,2025-04-14,2025-05-21,531.6401977539062,574.7733154296875,473.1085687220545,462.47576476697634,10.632803955078145,0.02,3.818683428661209,103.28648900047028,92.96668272944481,6.450984248018621,3.868822023006846,10.319806271025467,970.3137127783698,0.0,92.96668272944481,355.0103307565351,1.0,0.0958109542358693,True,0.0,False,True,"UNFILTERED (control, no IV condition)",2pct
call,2025-04-14,2025-05-21,531.6401977539062,574.7733154296875,608.7483148902063,619.3811188452844,10.632803955078089,0.02,3.713365225568443,75.4499870870859,65.44671352133503,5.944761621464023,4.058511944286858,10.003273565750881,997.8336819864738,0.0,65.44671352133503,243.02755011786553,1.0,0.06558879971965327,True,0.0,False,True,"UNFILTERED (control, no IV condition)",2pct
put,2025-05-22,2025-06-27,575.0001831054688,608.1713256835938,533.3696068858355,521.8696032237261,11.500003662109407,0.02,3.504015476369816,95.64966999105664,89.13700008845169,4.45195582619069,2.0607140764142717,6.512669902604962,1060.863366122489,0.0,89.13700008845169,312.3374278271124,1.0,0.08402307303178172,True,0.0,False,True,"UNFILTERED (control, no IV condition)",2pct
call,2025-05-22,2025-06-27,575.0001831054688,608.1713256835938,627.9491836389842,639.4491873010936,11.500003662109407,0.02,3.4500782285536924,79.02134505391558,72.5518543360949,4.222512172084292,2.246978545736389,6.469490717820681,1077.4485118748457,0.0,72.5518543360949,250.30957308615984,1.0,0.06733672517663877,True,0.0,False,True,"UNFILTERED (control, no IV condition)",2pct
put,2025-06-30,2025-08-06,611.0791015625,625.845458984375,574.1803373109012,561.9587552796512,12.221582031250023,0.02,3.290865968101267,94.67532942137638,89.16323178118247,3.939490437864168,1.5726072023297344,5.512097640193902,1132.9949713438198,0.0,89.16323178118247,293.4242450746187,1.0,0.07869693514652407,True,0.0,False,True,"UNFILTERED (control, no IV condition)",2pct
call,2025-06-30,2025-08-06,611.0791015625,625.845458984375,658.1743468428472,670.3959288740972,12.221582031250023,0.02,3.2521460201096097,81.18220214310163,75.67382936998222,3.7689639133484887,1.73940885977093,5.508372773119419,1146.48437375502,0.0,75.67382936998222,246.10234301204136,1.0,0.06600511189012695,True,0.0,False,True,"UNFILTERED (control, no IV condition)",2pct
put,2025-08-07,2025-09-12,625.3212280273438,650.2054443359375,588.3767328030951,575.8703082425483,12.506424560546861,0.02,3.2230973726560608,95.95132787381289,90.47734385222356,3.936383609217331,1.5376004123719977,5.473984021589329,1160.1651122024625,0.0,90.47734385222356,291.61728925500074,1.0,0.0779866097511422,True,0.0,False,True,"UNFILTERED (control, no IV condition)",2pct
call,2025-08-07,2025-09-12,625.3212280273438,650.2054443359375,672.3293132094842,684.8357377700311,12.506424560546861,0.02,3.1865336603336902,82.63878825446263,77.1650904977183,3.7698337315529518,1.7038640251913706,5.473697756744322,1173.477365556968,0.0,77.1650904977183,245.88915827367475,1.0,0.06575763006821474,True,0.0,False,True,"UNFILTERED (control, no IV condition)",2pct
put,2025-09-15,2025-10-22,653.6671142578125,662.3128051757812,616.7032398676605,603.6298975825042,13.073342285156286,0.02,3.0885235009462426,98.56641569462674,93.13746012820036,3.946557979396026,1.4823975870303485,5.4289555664263744,1214.1967683874282,0.0,93.13746012820036,287.6572344243905,1.0,0.07670705651102662,True,0.0,False,True,"UNFILTERED (control, no IV condition)",2pct
call,2025-09-15,2025-10-22,653.6671142578125,662.3128051757812,700.9434969467607,714.016839231917,13.073342285156286,0.02,3.055693570708285,85.52640117801111,80.09230547544736,3.7861278660070274,1.6479678365567296,5.4340957025637575,1227.2419230401813,0.0,80.09230547544736,244.73754290452845,1.0,0.06526203511451022,True,0.0,False,True,"UNFILTERED (control, no IV condition)",2pct
put,2025-10-23,2025-11-28,666.2402954101562,677.7747192382812,625.1153698060198,611.7905638978167,13.324805908203075,0.02,3.046187346764018,104.07736739298592,97.91333628845129,4.382982644679645,1.7810484598549836,6.1640311045346285,1234.5672545318562,0.0,97.91333628845129,298.26236608133047,1.0,0.07930984393845737,True,0.0,False,True,"UNFILTERED (control, no IV condition)",2pct
call,2025-10-23,2025-11-28,666.2402954101562,677.7747192382812,718.519760673582,731.8445665817851,13.324805908203075,0.02,3.0092242069352295,88.90526800039709,82.74880253515549,4.189548582625768,1.9669168826158323,6.156465465241601,1249.731788285152,0.0,82.74880253515549,249.00969968369319,1.0,0.06621324936345033,True,0.0,False,True,"UNFILTERED (control, no IV condition)",2pct
put,2025-12-01,2026-01-07,674.6802978515625,685.9347534179688,632.6788325725329,619.1852266155016,13.493605957031264,0.02,3.0176832306228207,105.82952422325143,99.50489430765631,4.485184010588195,1.839445905006909,6.324629915595104,1249.85570139547,0.0,99.50489430765631,300.27425091711063,1.0,0.07961310589419131,True,0.0,False,True,"UNFILTERED (control, no IV condition)",2pct
call,2025-12-01,2026-01-07,674.6802978515625,685.9347534179688,728.2549188567039,741.7485248137351,13.493605957031264,0.02,2.980485856865966,90.22128283198256,83.90631343875414,4.285250732014001,2.029718661214419,6.31496939322842,1265.4542822643723,0.0,83.90631343875414,250.08158050596944,1.0,0.06630529021452618,True,0.0,False,True,"UNFILTERED (control, no IV condition)",2pct
put,2026-01-08,2026-02-13,685.8651123046875,678.1461181640625,648.1446040968325,634.4273018507388,13.717302246093709,0.02,2.966611609126751,102.13339788953597,96.64733347844829,4.019699679163047,1.466364731924641,5.486064411087687,1275.0828911309225,0.0,96.64733347844829,286.7151014883092,1.0,0.07579690242155776,True,0.0,False,True,"UNFILTERED (control, no IV condition)",2pct
call,2026-01-08,2026-02-13,685.8651123046875,678.1461181640625,733.9780845205223,747.695386766616,13.717302246093709,0.02,2.9365250764999975,89.07814338404805,83.5833132482687,3.860891860190274,1.6339382755890752,5.494830135779349,1288.1469113611022,0.0,83.5833132482687,245.44449533049547,1.0,0.06488647568929197,True,0.0,False,True,"UNFILTERED (control, no IV condition)",2pct
put,2026-02-17,2026-03-26,679.2402954101562,643.432373046875,629.4423278746069,615.8575219664037,13.58480590820318,0.02,3.028061054509687,113.5912838114379,105.75852508954686,5.336270408588506,2.496488313302536,7.832758721891042,1252.722065730771,0.0,105.75852508954686,320.2432710060425,1.0,0.08442297615940293,True,0.0,False,True,"UNFILTERED (control, no IV condition)",2pct
call,2026-02-17,2026-03-26,679.2402954101562,643.432373046875,742.7891426554932,756.3739485636963,13.58480590820318,0.02,2.9804877780480847,93.53946970016409,85.76310903667897,5.057423702994623,2.7189369604905034,7.776360663485127,1272.717481783639,0.0,85.76310903667897,255.61589829122693,1.0,0.06738581834869353,True,0.0,False,True,"UNFILTERED (control, no IV condition)",2pct
put,2026-03-27,2026-05-01,632.4606323242188,718.7982177734375,564.1579703176648,551.5087576711804,12.64921264648433,0.02,3.294465179801653,121.94620057063048,110.00358451095738,7.495635536969436,4.44698052270367,11.942616059673107,1154.9176801374756,0.0,110.00358451095738,362.40297882471754,1.0,0.0952479872832695,True,0.0,False,True,"UNFILTERED (control, no IV condition)",2pct
call,2026-03-27,2026-05-01,632.4606323242188,718.7982177734375,721.8205830558459,734.4697957023302,12.64921264648433,0.02,3.206127163299895,89.77799485172966,78.18228364241968,6.920080540301621,4.675630669008357,11.595711209309979,1186.738981006013,0.0,78.18228364241968,250.66234327477878,1.0,0.06587993222919467,True,0.0,False,True,"UNFILTERED (control, no IV condition)",2pct
put,2026-05-04,2026-06-10,716.1649780273438,723.56591796875,668.83628524198,654.5129856814332,14.323299560546843,0.02,2.881856541907522,115.04285741248026,107.80275156530222,5.05808864124504,2.182017205933018,7.240105847178057,1324.527204489382,0.0,107.80275156530222,310.67206483409757,1.0,0.08138960921294268,True,0.0,False,True,"UNFILTERED (control, no IV condition)",2pct
call,2026-05-04,2026-06-10,716.1649780273438,723.56591796875,776.4996198330056,790.8229193935524,14.323299560546843,0.02,2.8429910985079965,96.91128801847526,89.69564700059594,4.819211609170604,2.3964294087087223,7.215641017879326,1342.6343090540884,0.0,89.69564700059594,255.00392599760974,1.0,0.06680571649013516,True,0.0,False,True,"UNFILTERED (control, no IV condition)",2pct
put,2026-06-11,2026-06-16,735.8642578125,748.4019775390625,715.3429418835096,700.6256567272596,14.71728515625,0.02,2.7301492023463876,71.66628241241443,69.4568354843801,2.0005519941723615,0.20889493386199304,2.2094469280343545,1402.27168014062,0.0,69.4568354843801,189.6275239951846,1.0,0.04953165386426042,True,0.0,False,True,"UNFILTERED (control, no IV condition)",2pct
call,2026-06-11,2026-06-16,735.8642578125,748.4019775390625,758.3005709950595,773.0178561513095,14.71728515625,0.02,2.724055208924521,68.53268198370355,66.31980861119109,1.9630952110525235,0.2497781614599362,2.2128733725124596,1405.408707013809,0.0,66.31980861119109,180.6588201021924,1.0,0.0471889837313634,True,0.0,False,True,"UNFILTERED (control, no IV condition)",2pct
