opt_type,entry_date,exp_date,exit_date,exit_reason,days_held,dte_at_entry,width,width_pct,contracts,net_credit,realized_pnl,realized_pnl_sized,ret_on_credit,ret_on_max_loss,win,loss_amount,cell
put,1994-01-27,1994-03-04,1994-01-31,early_25%,4,36,0.5372764968872055,0.02,39.538393327535424,3.1439048351542596,1.467121815462658,58.007639399170415,0.46665592388729915,0.02900381969958521,True,0.0,2pct_UNFILTERED_early25pct
put,1994-02-01,1994-03-10,1994-02-02,early_25%,1,37,0.5397378921508782,0.02,39.41185008422185,3.2373529521313933,0.9878508372674659,38.9330291039584,0.30514153132950467,0.01947024485810631,True,0.0,2pct_UNFILTERED_early25pct
call,1994-01-27,1994-03-04,1994-02-07,early_25%,11,36,0.5372764968872055,0.02,39.34528712963671,2.8956404213766462,0.7440695879685637,29.27563158305362,0.25696201174551153,0.014637815791526808,True,0.0,2pct_UNFILTERED_early25pct
call,1994-02-08,1994-03-17,1994-02-17,early_25%,9,37,0.5312988662719711,0.02,39.94472666078764,3.1584470402275753,1.1416877975524407,45.6044070051889,0.3614712493232683,0.02284680623549907,True,0.0,2pct_UNFILTERED_early25pct
call,1994-02-18,1994-03-25,1994-02-25,early_25%,7,35,0.5274309921264653,0.02,40.31378487538284,3.1706516267012708,0.888969065073554,35.83770765024546,0.2803742478635008,0.017932724897884483,True,0.0,2pct_UNFILTERED_early25pct
call,1994-02-28,1994-04-06,1994-03-07,early_25%,7,37,0.5267277526855452,0.02,40.37410977569369,3.193256686310328,0.7414405601332739,29.935002566972617,0.2321894645400326,0.014984797374308752,True,0.0,2pct_UNFILTERED_early25pct
put,1994-02-03,1994-03-11,1994-03-09,early_25%,34,36,0.5407924270629891,0.02,39.346157641806904,3.2365929650140526,2.301692074989224,90.56273922542364,0.7111465976319423,0.0452708914012446,True,0.0,2pct_UNFILTERED_early25pct
put,1994-03-10,1994-04-15,1994-03-11,early_25%,1,36,0.5242664718627914,0.02,41.26414000937003,3.7911045332905804,1.4783560088955543,61.00308933475964,0.3899539028570071,0.03039661795168049,True,0.0,2pct_UNFILTERED_early25pct
put,1994-03-14,1994-04-20,1994-03-15,early_25%,1,37,0.5277827072143566,0.02,41.03955606767773,3.840440607570876,0.8573503385331152,35.18527728787226,0.22324270211156824,0.01751917354198783,True,0.0,2pct_UNFILTERED_early25pct
call,1994-03-08,1994-04-14,1994-03-15,early_25%,7,37,0.5260245513916004,0.02,40.61632430696205,3.2415726170059993,1.161384781365566,47.171180925114044,0.3582781935140639,0.023528444428527303,True,0.0,2pct_UNFILTERED_early25pct
put,1994-03-16,1994-04-22,1994-03-17,early_25%,1,37,0.5316501998901373,0.02,40.60148417952288,3.6734717195768414,1.0698747395669925,43.438502312600406,0.2912434942306388,0.021617322087854045,True,0.0,2pct_UNFILTERED_early25pct
call,1994-03-16,1994-04-22,1994-03-17,early_25%,1,37,0.5316501998901373,0.02,40.22167430041651,3.2061272021755065,0.9539078500089961,38.367770855672404,0.29752651403279484,0.01909385490345185,True,0.0,2pct_UNFILTERED_early25pct
put,1994-03-18,1994-04-22,1994-03-23,early_25%,5,35,0.5315344238281234,0.02,40.5033676992671,3.501609614807978,1.0158124767527408,41.14382625941948,0.2900987227293886,0.020458710587765657,True,0.0,2pct_UNFILTERED_early25pct
call,1994-03-18,1994-04-22,1994-03-23,early_25%,5,35,0.5315344238281234,0.02,40.191244753459,3.116016274681653,1.2191849262594787,49.00055977102257,0.3912639789996079,0.024365460438049404,True,0.0,2pct_UNFILTERED_early25pct
call,1994-03-24,1994-04-29,1994-03-25,early_25%,1,36,0.5248149871826158,0.02,40.757720276226614,3.095288851178151,0.9101621561788411,37.09613456754449,0.2940475671058643,0.01842947978045743,True,0.0,2pct_UNFILTERED_early25pct
call,1994-03-28,1994-05-04,1994-03-29,early_25%,1,37,0.5205712890624987,0.02,41.14328855582399,3.157260787748718,1.0864739049024372,44.701109377773854,0.34411915199350585,0.022218340185898626,True,0.0,2pct_UNFILTERED_early25pct
call,1994-03-30,1994-05-06,1994-04-08,early_25%,9,37,0.5032426834106438,0.02,42.55005798081342,3.156558824603227,1.1795032218285926,50.18793047736285,0.3736674294282647,0.025006582552348774,True,0.0,2pct_UNFILTERED_early25pct
call,1994-04-11,1994-05-18,1994-04-14,early_25%,3,37,0.507839889526366,0.02,42.112406439006165,3.141033939271223,0.8909375383739411,37.51952372777106,0.28364467102213314,0.018700299721627348,True,0.0,2pct_UNFILTERED_early25pct
put,1994-03-24,1994-04-29,1994-04-25,early_25%,32,36,0.5248149871826158,0.02,41.08692971939897,3.490996361127695,2.8982715633883185,119.08108003266841,0.830213286860056,0.05915986617692397,True,0.0,2pct_UNFILTERED_early25pct
call,1994-04-15,1994-05-20,1994-04-26,early_25%,11,35,0.5046569442749025,0.02,42.379165833355195,3.0868931765824743,0.7109333549742649,30.128762546917947,0.2303070803899166,0.01500530482418323,True,0.0,2pct_UNFILTERED_early25pct
call,1994-04-28,1994-06-03,1994-05-06,early_25%,8,36,0.5087240219116218,0.02,42.228284892146604,3.058683995649488,1.0805252716634968,45.628729004970246,0.35326476131577483,0.02259864558629753,True,0.0,2pct_UNFILTERED_early25pct
call,1994-05-09,1994-06-15,1994-05-13,early_25%,4,37,0.5020049285888675,0.02,42.848766105978974,3.0913387374259207,0.6953301566286236,29.79403924781362,0.2249284907572463,0.014759979659916295,True,0.0,2pct_UNFILTERED_early25pct
put,1994-04-26,1994-06-02,1994-05-17,early_25%,21,37,0.5124375915527359,0.02,42.25642773157953,3.4683676834167567,2.32461078683212,98.22974771782171,0.6702319358892482,0.048657074598781345,True,0.0,2pct_UNFILTERED_early25pct
put,1994-05-18,1994-06-24,1994-05-24,early_25%,6,37,0.5150897216796864,0.02,41.96023949122191,3.344924724234001,0.8320308718500726,34.91221464691922,0.24874427392102538,0.017274936721670936,True,0.0,2pct_UNFILTERED_early25pct
put,1994-05-25,1994-07-01,1994-06-01,early_25%,7,37,0.5182727432250971,0.02,41.70591362974084,3.350929041301092,1.0714533137012108,44.685939359522315,0.31974813566484506,0.022102600917741817,True,0.0,2pct_UNFILTERED_early25pct
put,1994-06-02,1994-07-08,1994-06-03,early_25%,1,36,0.5202176284790028,0.02,41.582366089975096,3.3793030225676506,1.0929275516280468,45.4465135616176,0.32341803748561804,0.022468591340828088,True,0.0,2pct_UNFILTERED_early25pct
call,1994-05-16,1994-06-22,1994-06-08,early_25%,23,37,0.5039498138427732,0.02,42.657274794774494,3.0463834798164275,0.8107614516218971,34.58487403484553,0.26613899956900794,0.017123240972369155,True,0.0,2pct_UNFILTERED_early25pct
put,1994-06-06,1994-07-13,1994-06-13,early_25%,7,37,0.5230471801757801,0.02,41.41722285167877,3.4539456326535003,1.2394236908699021,51.333487212408954,0.35884284892976515,0.025371629359383308,True,0.0,2pct_UNFILTERED_early25pct
call,1994-06-09,1994-07-15,1994-06-13,early_25%,4,36,0.5209250259399418,0.02,41.28234680115128,3.0585129859329556,0.7522703940983706,31.05548729740768,0.24595952266944562,0.015341814935138314,True,0.0,2pct_UNFILTERED_early25pct
call,1994-06-14,1994-07-21,1994-06-17,early_25%,3,37,0.5265834426879898,0.02,40.815871758655014,2.9826433377774153,0.7482714646068533,30.54135214005429,0.2508752739992187,0.01506312846286526,True,0.0,2pct_UNFILTERED_early25pct
call,1994-06-20,1994-07-27,1994-06-23,early_25%,3,37,0.5181392288208002,0.02,41.59738423624262,3.0968042900107986,1.2568051175158943,52.27980538338471,0.40583937498727496,0.025798018311380438,True,0.0,2pct_UNFILTERED_early25pct
call,1994-06-24,1994-07-29,1994-07-06,early_25%,12,35,0.5019418716430657,0.02,42.92462457030969,3.0947360859711384,0.8378928384644326,35.96623552123691,0.2707477520499132,0.017789864197586,True,0.0,2pct_UNFILTERED_early25pct
call,1994-07-07,1994-08-12,1994-07-11,early_25%,4,36,0.5117313385009759,0.02,42.021434279111624,3.0512110697233656,0.8614360868239985,36.19877990812975,0.28232595750975026,0.017901115272462093,True,0.0,2pct_UNFILTERED_early25pct
put,1994-06-14,1994-07-21,1994-07-14,early_25%,30,37,0.5265834426879898,0.02,41.07501509776783,3.2960486276207264,2.1221487040522433,87.16729005865433,0.6438462971294601,0.042991288725274295,True,0.0,2pct_UNFILTERED_early25pct
call,1994-07-12,1994-08-18,1994-07-20,early_25%,8,37,0.5104853439331052,0.02,42.16863096456181,3.0197147407352607,0.8986203608742205,37.893590374946356,0.2975845197402382,0.01871002384348701,True,0.0,2pct_UNFILTERED_early25pct
put,1994-07-15,1994-08-19,1994-07-25,early_25%,10,35,0.5170710754394534,0.02,41.844408395616135,3.1491467456821507,0.9728418651602828,40.7079923101198,0.3089223665090117,0.02003465238587777,True,0.0,2pct_UNFILTERED_early25pct
put,1994-07-26,1994-09-01,1994-07-29,early_25%,3,37,0.5167155456542964,0.02,42.0004538027356,3.2423222603385016,1.979407208559283,83.136001019896,0.6104905834846382,0.04087215746245057,True,0.0,2pct_UNFILTERED_early25pct
call,1994-07-21,1994-08-26,1994-08-11,early_25%,21,36,0.5156471633911117,0.02,41.77485084247383,2.911546879829837,0.8521582108734607,35.59878215342818,0.2926822909075963,0.017514957819688322,True,0.0,2pct_UNFILTERED_early25pct
put,1994-08-01,1994-09-07,1994-08-12,early_25%,11,37,0.5254369735717788,0.02,41.25952068520883,3.228609080834509,1.7457391975314782,72.02836253152988,0.5407093747875638,0.035399697304585705,True,0.0,2pct_UNFILTERED_early25pct
put,1994-08-15,1994-09-21,1994-08-16,early_25%,1,37,0.5275727462768565,0.02,41.253955621522444,3.3637830033303984,1.4001162036873216,57.76033173189124,0.4162326173540627,0.02834616783796964,True,0.0,2pct_UNFILTERED_early25pct
put,1994-08-17,1994-09-23,1994-08-24,early_25%,7,37,0.5309544372558577,0.02,40.9417294337133,3.3150900113469994,2.014114167692658,82.46131730228147,0.6075594209504664,0.04046002122151569,True,0.0,2pct_UNFILTERED_early25pct
put,1994-08-25,1994-09-30,1994-08-26,early_25%,1,36,0.5355826187133772,0.02,40.63849016393092,3.3878456817514517,1.6863986214137947,68.53269378879115,0.49777905484229695,0.0336134070532952,True,0.0,2pct_UNFILTERED_early25pct
put,1994-08-29,1994-10-05,1994-08-30,early_25%,1,37,0.5428803634643558,0.02,40.044385368605646,3.4287505964356773,0.7828761215332571,31.349793106557097,0.22832693703271625,0.015392983011627503,True,0.0,2pct_UNFILTERED_early25pct
call,1994-08-12,1994-09-16,1994-09-06,early_25%,25,35,0.5277508544921865,0.02,40.83458372832263,2.9125988309043045,0.9897936881744294,40.417813233523994,0.3398317947779708,0.019850467862765616,True,0.0,2pct_UNFILTERED_early25pct
put,1994-08-31,1994-10-07,1994-09-15,early_25%,15,37,0.5428803634643558,0.02,40.09719064591408,3.4492483401894174,1.7696008841356667,70.95602401836595,0.5130395696699787,0.03480808558847331,True,0.0,2pct_UNFILTERED_early25pct
call,1994-09-07,1994-10-14,1994-09-20,early_25%,13,37,0.538430442810057,0.02,40.2355093397612,3.068103551620426,2.0231867108128707,81.40394779899201,0.6594258234029683,0.03984616587926375,True,0.0,2pct_UNFILTERED_early25pct
call,1994-09-21,1994-10-28,1994-09-27,early_25%,6,37,0.5291698455810554,0.02,41.06415033646244,3.190192084952037,0.9470108043625602,38.88819404059839,0.29685071592696843,0.01904427688300693,True,0.0,2pct_UNFILTERED_early25pct
call,1994-09-28,1994-11-04,1994-10-04,early_25%,6,37,0.5325724411010739,0.02,40.780824639392854,3.1409561460948185,1.3135286543912463,53.56678171354708,0.41819388533149987,0.026209615830575142,True,0.0,2pct_UNFILTERED_early25pct
put,1994-09-16,1994-10-21,1994-10-11,early_25%,25,35,0.5388400268554676,0.02,40.569272329607564,3.486881166152842,2.5063995599918556,101.68280631611816,0.7188084252258087,0.049732990385717525,True,0.0,2pct_UNFILTERED_early25pct
put,1994-10-12,1994-11-18,1994-10-14,early_25%,2,37,0.5350793457031244,0.02,41.12561331816725,3.697165626151043,1.728766130259552,71.0965673905987,0.4675922869215071,0.034706674217326865,True,0.0,2pct_UNFILTERED_early25pct
call,1994-10-05,1994-11-11,1994-10-25,early_25%,20,37,0.5202159881591797,0.02,41.76583861151387,3.1953139098870236,0.86928666199376,36.30648643197299,0.27205047344612704,0.01780366177084235,True,0.0,2pct_UNFILTERED_early25pct
put,1994-10-17,1994-11-23,1994-10-28,early_25%,11,37,0.5381236648559558,0.02,40.91697241829802,3.743740735501988,2.741623740022572,112.17894295185464,0.7323220099147584,0.054757319557895937,True,0.0,2pct_UNFILTERED_early25pct
call,1994-10-26,1994-12-02,1994-11-10,early_25%,15,37,0.531677131652831,0.02,41.07173954472812,3.2576348812301066,1.4552818702738763,59.770957940053464,0.4467295824522702,0.029158076290552733,True,0.0,2pct_UNFILTERED_early25pct
call,1994-11-11,1994-12-16,1994-11-18,early_25%,7,35,0.5318559646606431,0.02,41.12743321939161,3.2719222008885493,0.8597652837193657,35.35993929051949,0.2627706989750187,0.017225044967671608,True,0.0,2pct_UNFILTERED_early25pct
call,1994-11-21,1994-12-28,1994-11-22,early_25%,1,37,0.527199974060057,0.02,41.528822569647716,3.2454802967244665,1.4009401385204454,58.17939444331327,0.43165880253050937,0.028316398428427193,True,0.0,2pct_UNFILTERED_early25pct
call,1994-11-23,1994-12-30,1994-11-30,early_25%,7,37,0.5186042785644531,0.02,42.061056914589365,3.2497952206591214,1.0435393100624326,43.8923663131473,0.32110925126254036,0.02146730567942042,True,0.0,2pct_UNFILTERED_early25pct
put,1994-10-31,1994-12-07,1994-12-05,early_25%,35,37,0.5442123413085938,0.02,40.49453174815924,3.765485629900325,1.8191476307427423,73.66553148770065,0.48311102724641025,0.03591196822821206,True,0.0,2pct_UNFILTERED_early25pct
call,1994-12-01,1995-01-06,1994-12-09,early_25%,8,36,0.5173508834838856,0.02,42.344565115905034,3.1957453456050002,1.3676854247643833,57.914044527009665,0.42797071632923267,0.028176842539585904,True,0.0,2pct_UNFILTERED_early25pct
put,1994-12-06,1995-01-12,1994-12-13,early_25%,7,37,0.5230813980102553,0.02,42.4220266957658,3.7584891621373253,1.2153191267236836,51.556300437746884,0.3233531012851379,0.02503249994038504,True,0.0,2pct_UNFILTERED_early25pct
put,1994-12-14,1995-01-20,1994-12-16,early_25%,2,37,0.5243348693847665,0.02,42.11382810549022,3.4624488971546006,1.2405764299677573,52.24542252338486,0.3582945097001282,0.025332859575509747,True,0.0,2pct_UNFILTERED_early25pct
put,1994-12-19,1995-01-25,1994-12-21,early_25%,2,37,0.5292373275756823,0.02,41.73750461367294,3.49364323000458,1.6691000703663896,69.66407188759902,0.47775343974210027,0.03376688341694487,True,0.0,2pct_UNFILTERED_early25pct
put,1994-12-22,1995-01-27,1994-12-27,early_25%,5,36,0.5315841293334955,0.02,41.49896955755527,3.4144402616167087,1.5216138627698088,63.14540736943838,0.445640792101408,0.030588909189282955,True,0.0,2pct_UNFILTERED_early25pct
call,1994-12-12,1995-01-18,1994-12-30,early_25%,18,37,0.5196789169311522,0.02,42.21047607286018,3.175040202656196,2.1565242150103865,91.02791377823951,0.6792116248500625,0.044197544294620174,True,0.0,2pct_UNFILTERED_early25pct
put,1994-12-28,1995-02-03,1995-01-09,early_25%,12,37,0.5323064804077156,0.02,41.53589202778867,3.4887081438125898,1.0357390161602686,43.02034394420098,0.2968832511820191,0.020822248153285025,True,0.0,2pct_UNFILTERED_early25pct
call,1995-01-03,1995-02-09,1995-01-10,early_25%,7,37,0.5288763046264648,0.02,41.5537917784598,3.176372625690379,0.7915538331987793,32.89206316618377,0.24920055877472388,0.015923029664526533,True,0.0,2pct_UNFILTERED_early25pct
put,1995-01-10,1995-02-16,1995-01-13,early_25%,3,37,0.5330282592773443,0.02,41.50859743767451,3.457662665763808,2.5030730971654918,103.89905354731553,0.7239205611206018,0.05021697058168153,True,0.0,2pct_UNFILTERED_early25pct
put,1995-01-16,1995-02-22,1995-01-27,early_25%,11,37,0.543136291503906,0.02,40.61122107799549,3.3329020001161966,1.370771673562061,55.66871148248272,0.4112847222973466,0.026888036914841904,True,0.0,2pct_UNFILTERED_early25pct
put,1995-01-30,1995-03-08,1995-02-01,early_25%,2,37,0.5418728637695303,0.02,40.868949287341046,3.4814508552869237,0.969854149537563,39.63692005356794,0.27857757867377175,0.019127071658707882,True,0.0,2pct_UNFILTERED_early25pct
call,1995-01-11,1995-02-17,1995-02-01,early_25%,21,37,0.5333889770507803,0.02,41.16098411661997,3.0672858190062477,0.7014564083710462,28.872636083461924,0.2286896134766818,0.013953330359900222,True,0.0,2pct_UNFILTERED_early25pct
put,1995-02-02,1995-03-10,1995-02-03,early_25%,1,36,0.5471073532104498,0.02,40.366295624996745,3.333029589047224,1.9553578890693109,78.9305546028414,0.5866608251828532,0.038058489790670516,True,0.0,2pct_UNFILTERED_early25pct
put,1995-02-06,1995-03-15,1995-02-13,early_25%,7,37,0.5572157287597648,0.02,39.643289860014505,3.4314725183668946,0.9582584771496365,37.98851857045913,0.2792557632388356,0.018325810633296764,True,0.0,2pct_UNFILTERED_early25pct
put,1995-02-14,1995-03-23,1995-02-22,early_25%,8,37,0.5595620346069339,0.02,39.50909476185516,3.477477767626863,1.8517310410312662,73.160217173573,0.5324925606339517,0.0352853659568932,True,0.0,2pct_UNFILTERED_early25pct
call,1995-02-02,1995-03-10,1995-03-06,early_25%,32,36,0.5471073532104498,0.02,40.1367961041611,3.0392552973342375,1.9682623847715006,78.9997460170636,0.64761337637476,0.03809185229198612,True,0.0,2pct_UNFILTERED_early25pct
put,1995-02-23,1995-03-31,1995-03-10,early_25%,15,36,0.5646164321899398,0.02,39.12813230630103,3.4428078126411426,2.097914621562804,82.08748087983287,0.6093615257464499,0.03956923243378951,True,0.0,2pct_UNFILTERED_early25pct
put,1995-03-13,1995-04-19,1995-03-14,early_25%,1,37,0.5685874176025401,0.02,39.0802689172814,3.637875059404145,1.0610025102702307,41.46426342327124,0.2916544666720947,0.01993583675053695,True,0.0,2pct_UNFILTERED_early25pct
put,1995-03-15,1995-04-21,1995-03-16,early_25%,1,37,0.5716561126708974,0.02,38.906501232151776,3.694725443760664,1.190236488794481,46.307937417834474,0.32214477284217435,0.022259524420954826,True,0.0,2pct_UNFILTERED_early25pct
put,1995-03-17,1995-04-21,1995-03-24,early_25%,7,35,0.5756575012207037,0.02,38.54866587247909,3.585107258774807,2.6917450527796625,103.7631806535018,0.750812976708416,0.04986500549088365,True,0.0,2pct_UNFILTERED_early25pct
put,1995-03-27,1995-05-03,1995-04-06,early_25%,10,37,0.5856388473510741,0.02,37.93786340576047,3.700292474546306,1.3915033489075777,52.79066397951393,0.3760522603225277,0.025362964610464726,True,0.0,2pct_UNFILTERED_early25pct
call,1995-03-07,1995-04-13,1995-04-11,early_25%,35,37,0.5595620346069339,0.02,39.537240216390494,3.359028219010423,2.4511604064827845,96.91211780001522,0.729723076635808,0.046602510405164374,True,0.0,2pct_UNFILTERED_early25pct
put,1995-04-07,1995-05-12,1995-04-12,early_25%,5,35,0.5889054489135752,0.02,37.81145071524947,3.81762674857052,1.382713422051085,52.282400411198545,0.3621918833654524,0.025106957624183596,True,0.0,2pct_UNFILTERED_early25pct
call,1995-04-12,1995-05-19,1995-04-19,early_25%,7,37,0.5899946975708019,0.02,37.54176741561024,3.383036112794934,0.7930159975668052,29.771222137511135,0.2344095573108281,0.014258663233223869,True,0.0,2pct_UNFILTERED_early25pct
put,1995-04-13,1995-05-19,1995-04-24,early_25%,11,36,0.5932611465454087,0.02,37.52872582479098,3.670339007120639,2.1222336106830832,79.64472331148164,0.5782118781305611,0.038131417377550346,True,0.0,2pct_UNFILTERED_early25pct
put,1995-04-25,1995-06-01,1995-04-27,early_25%,2,37,0.5963461685180675,0.02,37.44244902273878,3.852884400926987,0.9637947770838582,36.08683680934424,0.25014889542286123,0.01727796421404724,True,0.0,2pct_UNFILTERED_early25pct
put,1995-04-28,1995-06-02,1995-05-03,early_25%,5,35,0.5992501831054682,0.02,37.18340462058624,3.7243242509074057,2.3568017364832228,87.63391257815593,0.6328132508626241,0.04193545606362471,True,0.0,2pct_UNFILTERED_early25pct
put,1995-05-04,1995-06-09,1995-05-08,early_25%,4,36,0.6068722534179685,0.02,36.80031594933488,3.929530217030245,1.5885841671421739,58.46039926294301,0.4042682151310065,0.02798887734341743,True,0.0,2pct_UNFILTERED_early25pct
put,1995-05-09,1995-06-15,1995-05-12,early_25%,3,37,0.6099570846557612,0.02,36.64041558582761,3.9892591452891986,1.6117143401191893,59.053883227605006,0.404013447464905,0.028272491259083345,True,0.0,2pct_UNFILTERED_early25pct
call,1995-04-20,1995-05-26,1995-05-18,early_25%,28,36,0.5881797790527337,0.02,37.630776795444504,3.3634316344281983,0.7995999491297248,30.089567211349454,0.23773337354176996,0.014419015263859596,True,0.0,2pct_UNFILTERED_early25pct
put,1995-05-15,1995-06-21,1995-05-23,early_25%,8,37,0.6155833816528329,0.02,36.29414074906496,3.9727728322304037,1.9870300764758586,72.11754926824013,0.5001620179123848,0.034505697130585364,True,0.0,2pct_UNFILTERED_early25pct
put,1995-05-24,1995-06-30,1995-05-31,early_25%,7,37,0.6170351791381847,0.02,36.19538499072487,3.8065488252933974,1.0245025320665957,37.08226357212288,0.2691420967095122,0.017695270550348162,True,0.0,2pct_UNFILTERED_early25pct
call,1995-05-19,1995-06-23,1995-06-09,early_25%,21,35,0.6050574493408227,0.02,36.71041447633936,3.5069723502145127,1.1594654872210644,42.56445860689603,0.33061723088582173,0.020341937811292895,True,0.0,2pct_UNFILTERED_early25pct
put,1995-06-01,1995-07-07,1995-06-12,early_25%,11,36,0.6213906860351557,0.02,36.00086020659169,3.9597677259791855,1.1862031557460249,42.70433398663055,0.29956382238372237,0.020388748882405872,True,0.0,2pct_UNFILTERED_early25pct
put,1995-06-13,1995-07-20,1995-06-16,early_25%,3,37,0.6264723968505876,0.02,35.73135067027093,3.869844011376692,1.7492863220713333,62.5043629966393,0.45203018957061963,0.029761208403702485,True,0.0,2pct_UNFILTERED_early25pct
put,1995-06-19,1995-07-26,1995-06-22,early_25%,3,37,0.6376358032226577,0.02,35.09124576861481,3.9249850045433896,1.6697301360503953,58.59291057140707,0.42541057714044495,0.0279038992674327,True,0.0,2pct_UNFILTERED_early25pct
put,1995-06-23,1995-07-28,1995-07-06,early_25%,13,35,0.6427473449707044,0.02,34.684212557058615,3.8862994859554107,2.7363598884646203,94.9084880041161,0.704104225202786,0.0453126478267067,True,0.0,2pct_UNFILTERED_early25pct
put,1995-07-07,1995-08-11,1995-07-12,early_25%,5,35,0.6515093231201163,0.02,34.32007951685363,4.052474079407516,1.466945202530455,50.34567599771217,0.36198755964527396,0.02400952896300165,True,0.0,2pct_UNFILTERED_early25pct
put,1995-07-13,1995-08-18,1995-07-17,early_25%,4,36,0.6553426361083972,0.02,34.09919668587227,4.231100298919724,1.4254567602419854,48.60693043469774,0.3368997800893375,0.0232525808332115,True,0.0,2pct_UNFILTERED_early25pct
call,1995-06-12,1995-07-19,1995-07-19,early_25%,37,37,0.6197575378417994,0.02,35.912232113521576,3.541286849468275,3.541286849468275,127.17551531866624,1.0,0.060602706505818296,True,0.0,2pct_UNFILTERED_early25pct
put,1995-07-18,1995-08-24,1995-07-25,early_25%,7,37,0.6527873992919915,0.02,34.268823411067885,4.258860228892398,1.762215918579527,60.389066125974594,0.41377641525414105,0.028879373857085274,True,0.0,2pct_UNFILTERED_early25pct
put,1995-07-26,1995-09-01,1995-07-27,early_25%,1,37,0.6564377593994131,0.02,34.407384670154,4.356548402153525,1.26255172797135,43.441102970277875,0.2898055091841162,0.020600568482118078,True,0.0,2pct_UNFILTERED_early25pct
call,1995-07-20,1995-08-25,1995-08-07,early_25%,18,36,0.6480403900146499,0.02,34.51411440164991,3.7689752849672464,1.2734626883959947,43.95243691353202,0.3378803499920169,0.020864444318615148,True,0.0,2pct_UNFILTERED_early25pct
put,1995-07-28,1995-09-01,1995-08-08,early_25%,11,35,0.6577159118652354,0.02,34.298967049958954,4.312607566531708,1.0659075621018563,36.559528350833645,0.2471608059991144,0.0173433971621218,True,0.0,2pct_UNFILTERED_early25pct
call,1995-08-08,1995-09-14,1995-08-11,early_25%,3,37,0.6555251312255876,0.02,34.2418629151718,3.8509079709954057,1.56053521684635,53.43563296955062,0.40523825253683576,0.025291647000318114,True,0.0,2pct_UNFILTERED_early25pct
call,1995-08-14,1995-09-20,1995-08-15,early_25%,1,37,0.6560732269287115,0.02,34.21816291390341,3.868541993941625,0.9055177041915252,30.98515232344941,0.23407208855677972,0.014666919138026088,True,0.0,2pct_UNFILTERED_early25pct
put,1995-08-09,1995-09-15,1995-08-16,early_25%,7,37,0.6553426361083972,0.02,34.49421351555682,4.2860910548631,1.3717826910396758,47.31856504166769,0.32005449102235445,0.022397120335075477,True,0.0,2pct_UNFILTERED_early25pct
call,1995-08-16,1995-09-22,1995-08-22,early_25%,6,37,0.6566204833984344,0.02,34.19434329226384,3.804408397966763,0.874451828726488,29.90130602402143,0.22985224961490255,0.01413652104328826,True,0.0,2pct_UNFILTERED_early25pct
put,1995-08-17,1995-09-22,1995-08-25,early_25%,8,36,0.6555251312255876,0.02,34.45865617612077,4.164421494216224,1.3919682960616755,47.965356922049956,0.3342525001359533,0.022674891157864425,True,0.0,2pct_UNFILTERED_early25pct
put,1995-08-28,1995-10-04,1995-08-30,early_25%,2,37,0.6553426361083972,0.02,34.53729882761117,4.244920051252121,1.2653383630312645,43.70136916205112,0.2980829668766149,0.02064532412230944,True,0.0,2pct_UNFILTERED_early25pct
call,1995-08-23,1995-09-29,1995-08-31,early_25%,8,37,0.65333442687988,0.02,34.417570009755316,3.8468722302634673,0.9991575455431745,34.3885747745075,0.25973244904854653,0.01625001261422039,True,0.0,2pct_UNFILTERED_early25pct
put,1995-08-31,1995-10-06,1995-09-01,early_25%,1,36,0.6589933776855474,0.02,34.2691343548654,4.083974467298519,0.9655884357683071,33.08987983684844,0.23643351433757315,0.015620525128397721,True,0.0,2pct_UNFILTERED_early25pct
put,1995-09-05,1995-10-12,1995-09-08,early_25%,3,37,0.6681210327148435,0.02,33.840685416972725,4.190644070218425,1.7705032503857705,59.915043526032555,0.4224895316135709,0.02827310754122413,True,0.0,2pct_UNFILTERED_early25pct
put,1995-09-11,1995-10-18,1995-09-13,early_25%,2,37,0.6741452026367192,0.02,33.51627541825873,4.2038143646145345,1.833571351942255,61.454482430725626,0.4361684872139645,0.02900729118371699,True,0.0,2pct_UNFILTERED_early25pct
put,1995-09-14,1995-10-20,1995-09-28,early_25%,14,36,0.6865582275390594,0.02,32.83544012242489,4.176886054297708,1.369506553335277,44.968350429308984,0.32787740329333515,0.021239595803440075,True,0.0,2pct_UNFILTERED_early25pct
call,1995-09-01,1995-10-06,1995-10-03,early_25%,32,35,0.6619145202636716,0.02,33.88823056906062,3.6775439718348686,1.326892518453826,44.96603960572478,0.36080942297796326,0.021225556995994363,True,0.0,2pct_UNFILTERED_early25pct
call,1995-10-04,1995-11-10,1995-10-09,early_25%,5,37,0.6834325408935555,0.02,33.051835938463135,4.14268704155205,1.2291622493729886,40.62606900802833,0.29670651850941776,0.019145660325052254,True,0.0,2pct_UNFILTERED_early25pct
put,1995-09-29,1995-11-03,1995-10-13,early_25%,14,35,0.6869190216064425,0.02,32.962947466745014,4.43558535065666,1.9540981730647369,64.41283542359533,0.4405502360078462,0.030410989457164223,True,0.0,2pct_UNFILTERED_early25pct
put,1995-10-16,1995-11-22,1995-10-17,early_25%,1,37,0.6852679443359371,0.02,33.31746967503445,4.749308965743738,1.436122912378901,47.84798158280619,0.30238565710032833,0.022517709844531986,True,0.0,2pct_UNFILTERED_early25pct
put,1995-10-18,1995-11-24,1995-10-19,early_25%,1,37,0.6918744659423837,0.02,32.97639511861127,4.718036018758634,1.1066752790192558,36.494161268938356,0.23456270249298222,0.017165897270358603,True,0.0,2pct_UNFILTERED_early25pct
call,1995-10-10,1995-11-16,1995-10-25,early_25%,15,37,0.6799455261230491,0.02,33.231030400533626,4.1278657237304435,1.9537923832258004,64.92653408330762,0.47331781457758154,0.03059172909085608,True,0.0,2pct_UNFILTERED_early25pct
put,1995-10-20,1995-11-24,1995-11-01,early_25%,12,35,0.690956573486325,0.02,32.95020822840556,4.572815984319875,1.779805228046127,58.64495287012472,0.38921426843963447,0.027584111152155977,True,0.0,2pct_UNFILTERED_early25pct
put,1995-11-02,1995-12-08,1995-11-08,early_25%,6,36,0.6948109436035139,0.02,32.81145560457012,4.585522808827023,2.144727373619781,70.37162700343171,0.46771708767672715,0.03304890183326234,True,0.0,2pct_UNFILTERED_early25pct
call,1995-10-26,1995-12-01,1995-11-14,early_25%,19,36,0.6782939147949207,0.02,33.392923452083124,4.140285027467729,1.6902445340934045,56.44220634228296,0.4082435201634385,0.026538989605178868,True,0.0,2pct_UNFILTERED_early25pct
put,1995-11-09,1995-12-15,1995-11-16,early_25%,7,36,0.6995822906494169,0.02,32.558242917860184,4.50018313400499,2.0586696031609586,67.02666502732932,0.45746351689666054,0.03145021477318486,True,0.0,2pct_UNFILTERED_early25pct
put,1995-11-17,1995-12-22,1995-11-21,early_25%,4,35,0.7069230651855491,0.02,32.236845429467394,4.523223400735385,1.648938683089054,53.156581449411355,0.3645494677138807,0.024920077555751863,True,0.0,2pct_UNFILTERED_early25pct
put,1995-11-22,1995-12-29,1995-11-28,early_25%,6,37,0.7067397308349612,0.02,32.23727331600901,4.46186687545844,2.9758021184698062,95.93174622746976,0.6669410364611235,0.04494347467394966,True,0.0,2pct_UNFILTERED_early25pct
put,1995-11-29,1996-01-05,1995-12-04,early_25%,5,37,0.7170167541503929,0.02,31.781720859347576,4.497331863387158,3.172104744907774,100.81494753927083,0.7053303694868336,0.04720088877097278,True,0.0,2pct_UNFILTERED_early25pct
put,1995-12-05,1996-01-11,1995-12-11,early_25%,6,37,0.7298633575439482,0.02,31.23819192321461,4.577909393052338,2.143695835726577,66.96518194142276,0.4682696077340359,0.03133672194713687,True,0.0,2pct_UNFILTERED_early25pct
put,1995-12-12,1996-01-18,1995-12-13,early_25%,1,37,0.730963897705081,0.02,31.087444672888562,4.380072988011472,1.5398817611321993,47.87098905198745,0.3515653198809586,0.02240925930308938,True,0.0,2pct_UNFILTERED_early25pct
call,1995-11-15,1995-12-22,1995-12-18,early_25%,33,37,0.7008669281005879,0.02,32.29268181081233,4.107582208799335,3.928440182128096,126.85986881427225,0.9563874762415033,0.05954066592181536,True,0.0,2pct_UNFILTERED_early25pct
call,1995-12-19,1996-01-25,1995-12-20,early_25%,1,37,0.7240348052978547,0.02,31.35214446173368,4.262279231560203,2.227461071194244,69.83568128696999,0.5225985793471546,0.032688902290489236,True,0.0,2pct_UNFILTERED_early25pct
put,1995-12-14,1996-01-19,1996-01-02,early_25%,19,36,0.7302301025390605,0.02,31.159759966615606,4.436502408163712,3.1797326914031703,99.0797074221234,0.7167206053020663,0.04636090670419749,True,0.0,2pct_UNFILTERED_early25pct
call,1995-12-21,1996-01-26,1996-01-09,early_25%,19,36,0.7207109069824185,0.02,31.41977091767911,3.9541548618518783,1.2597452585455855,39.58090743813474,0.31858773936729423,0.01849386269475431,True,0.0,2pct_UNFILTERED_early25pct
call,1996-01-10,1996-02-16,1996-01-15,early_25%,5,37,0.7087084197998053,0.02,32.179723319968645,4.374722346206605,1.1806074428214237,37.99162085948912,0.2698702567593,0.017754531382035466,True,0.0,2pct_UNFILTERED_early25pct
put,1996-01-03,1996-02-09,1996-01-24,early_25%,21,37,0.7364065551757832,0.02,31.096070788404617,4.702562861839763,2.2783120051650614,70.84655139068481,0.4844830514979501,0.03304866609150971,True,0.0,2pct_UNFILTERED_early25pct
put,1996-01-25,1996-03-01,1996-01-26,early_25%,1,36,0.7292051696777335,0.02,31.53707200331271,4.771856067102452,2.3301109706475263,73.4848774570199,0.4883028611678992,0.034191588504486475,True,0.0,2pct_UNFILTERED_early25pct
put,1996-01-29,1996-03-06,1996-01-30,early_25%,1,37,0.7384380340576158,0.02,31.115923641561903,4.731807017598144,1.312541304184009,40.8409349973857,0.2773869051088758,0.01899151193393689,True,0.0,2pct_UNFILTERED_early25pct
put,1996-01-31,1996-03-08,1996-02-05,early_25%,5,37,0.7524715423583999,0.02,30.537116382176926,4.882921113528194,1.1141950714858502,34.024304570411346,0.2281820749466869,0.01583467938247948,True,0.0,2pct_UNFILTERED_early25pct
put,1996-02-06,1996-03-14,1996-02-07,early_25%,1,37,0.7653977966308574,0.02,30.08224901096799,5.300284412128811,1.3397640256345191,40.303115035074505,0.25277210078928863,0.01880647835747436,True,0.0,2pct_UNFILTERED_early25pct
put,1996-02-08,1996-03-15,1996-02-22,early_25%,14,36,0.7781387329101577,0.02,29.426920269951253,5.251208334340651,2.71528520130221,79.90248112889867,0.5170781710459684,0.03741986602784533,True,0.0,2pct_UNFILTERED_early25pct
call,1996-01-16,1996-02-22,1996-02-22,expired,37,37,0.7190489196777321,0.02,31.623186079664958,4.307137184827638,-67.59775478294557,-2137.6563780686497,-15.694358429321932,-1.0,False,67.59775478294557,2pct_UNFILTERED_early25pct
call,1996-02-23,1996-03-29,1996-02-26,early_25%,3,35,0.779247055053709,0.02,28.844745945376495,4.690244533938405,1.3286350170258263,38.324139520240934,0.28327627854195686,0.018142210639661892,True,0.0,2pct_UNFILTERED_early25pct
call,1996-02-27,1996-04-04,1996-02-29,early_25%,2,37,0.7657669067382784,0.02,29.36962131963641,4.737205007855695,1.7054341417053056,50.08795492746396,0.36000851533281514,0.02373950935053966,True,0.0,2pct_UNFILTERED_early25pct
call,1996-03-01,1996-04-04,1996-03-08,early_25%,7,34,0.7668750762939425,0.02,29.270014821504102,4.717164551320981,1.5894770577624735,46.52401703914833,0.33695603375069055,0.022085167164455678,True,0.0,2pct_UNFILTERED_early25pct
call,1996-03-11,1996-04-17,1996-03-14,early_25%,3,37,0.7591191864013638,0.02,29.593868211964544,4.778888676390897,1.2278916014984533,36.33806223332331,0.2569408255029241,0.0172619049423914,True,0.0,2pct_UNFILTERED_early25pct
put,1996-02-23,1996-03-29,1996-03-18,early_25%,24,35,0.779247055053709,0.02,29.11289693777622,5.36478727797797,3.4041261988370506,99.10397518992697,0.6345314403817502,0.04691469177472033,True,0.0,2pct_UNFILTERED_early25pct
put,1996-03-19,1996-04-25,1996-03-26,early_25%,7,37,0.7741758728027364,0.02,29.544404832086617,5.833195439005731,1.6313698000443262,48.19784980334977,0.27967000542028697,0.022789462312702822,True,0.0,2pct_UNFILTERED_early25pct
put,1996-03-27,1996-05-03,1996-04-01,early_25%,5,37,0.7686118316650408,0.02,29.769959196387635,5.7414512829827045,2.141918292531989,63.76482017067358,0.37306217312694057,0.030117074907424907,True,0.0,2pct_UNFILTERED_early25pct
call,1996-03-15,1996-04-19,1996-04-04,early_25%,20,35,0.7611929321289068,0.02,29.592208666056965,4.684705474836285,1.4312300117124104,42.353257155716804,0.30551120436497176,0.02003553260446648,True,0.0,2pct_UNFILTERED_early25pct
call,1996-04-08,1996-05-15,1996-04-09,early_25%,1,37,0.7643460083007838,0.02,29.60781854032127,4.797466733721743,1.1696896398873693,34.631958606278964,0.24381401785770304,0.016327979261622334,True,0.0,2pct_UNFILTERED_early25pct
put,1996-04-02,1996-05-09,1996-04-19,early_25%,17,37,0.778256378173829,0.02,29.3650979392924,5.643077070821136,1.3142431053067138,38.592877503371426,0.23289476447208535,0.01820721087910856,True,0.0,2pct_UNFILTERED_early25pct
call,1996-04-10,1996-05-17,1996-04-19,early_25%,9,37,0.7478383636474604,0.02,30.23286612027467,4.720367868470904,1.2069233399434123,36.48875175394394,0.2556841698726286,0.017226143179131608,True,0.0,2pct_UNFILTERED_early25pct
put,1996-04-22,1996-05-29,1996-04-25,early_25%,3,37,0.7719498443603499,0.02,29.59574730231211,5.457732703257668,1.4902881228338503,44.1061906910277,0.2730599323679431,0.02077425726295179,True,0.0,2pct_UNFILTERED_early25pct
call,1996-04-22,1996-05-29,1996-05-03,early_25%,11,37,0.7719498443603499,0.02,29.29111647656069,4.711657412820005,2.5509404494919683,74.71989383083933,0.5414104265202059,0.03519347902828677,True,0.0,2pct_UNFILTERED_early25pct
put,1996-04-26,1996-05-31,1996-05-10,early_25%,14,35,0.7767726898193388,0.02,29.364926088540937,5.343333585975473,1.7938608060511982,52.676589982823906,0.335719411335183,0.024799712558587386,True,0.0,2pct_UNFILTERED_early25pct
put,1996-05-13,1996-06-19,1996-05-17,early_25%,4,37,0.7877157592773472,0.02,29.02217870640382,5.538184636177979,2.529079948433086,73.39941022620759,0.456662266532605,0.03453451907428832,True,0.0,2pct_UNFILTERED_early25pct
put,1996-05-20,1996-06-26,1996-05-22,early_25%,2,37,0.8029251098632812,0.02,28.470413391334706,5.7353662263192255,1.7028766758115843,48.48160291481766,0.2969080976899423,0.02283988585256254,True,0.0,2pct_UNFILTERED_early25pct
put,1996-05-23,1996-06-28,1996-06-05,early_25%,13,36,0.8060776519775388,0.02,28.325406698717376,5.778879316801764,3.0744880474591154,87.08612433462494,0.5320215008678613,0.04108691464884865,True,0.0,2pct_UNFILTERED_early25pct
call,1996-05-06,1996-06-12,1996-06-10,early_25%,35,37,0.7626768493652349,0.02,29.661645355996978,4.730174245165696,4.450545271075939,132.0104954714639,0.9408840013926459,0.06221275003931041,True,0.0,2pct_UNFILTERED_early25pct
call,1996-06-11,1996-07-18,1996-06-17,early_25%,6,37,0.799400482177731,0.02,28.446629751631427,4.947520753381664,1.2607851948356297,35.86508963382765,0.25483171424270923,0.016812144322436474,True,0.0,2pct_UNFILTERED_early25pct
put,1996-06-06,1996-07-12,1996-06-21,early_25%,15,36,0.8027391815185538,0.02,28.581544771703314,5.841803373540029,2.600461568958799,74.32520876028975,0.44514705522910564,0.034937359723069474,True,0.0,2pct_UNFILTERED_early25pct
call,1996-06-18,1996-07-25,1996-06-26,early_25%,8,37,0.7875302886962885,0.02,28.891848961168638,4.90482164959779,1.9050710179307186,55.041024110354115,0.3884078064463241,0.025797119383745515,True,0.0,2pct_UNFILTERED_early25pct
put,1996-06-24,1996-07-31,1996-06-27,early_25%,3,37,0.798788681030274,0.02,28.792219155103524,5.720740816005964,1.5825950367966115,45.56642313322716,0.2766416252190093,0.021340817179367807,True,0.0,2pct_UNFILTERED_early25pct
put,1996-06-28,1996-08-02,1996-07-01,early_25%,3,35,0.8008395385742162,0.02,28.595620148396424,5.337547035054507,1.850677132551231,52.9212602997585,0.3467280232655284,0.02475941267584028,True,0.0,2pct_UNFILTERED_early25pct
call,1996-06-27,1996-08-02,1996-07-05,early_25%,8,36,0.7980426788330064,0.02,28.468609419717577,4.773170197353875,2.7947901434134272,79.56378900291334,0.5855207394370283,0.0372484240482715,True,0.0,2pct_UNFILTERED_early25pct
call,1996-07-08,1996-08-14,1996-07-12,early_25%,4,37,0.7793965911865257,0.02,29.171575207973337,4.811999816925487,1.590224441365626,46.38935188885474,0.3304705947353219,0.021745868205685463,True,0.0,2pct_UNFILTERED_early25pct
call,1996-07-15,1996-08-21,1996-07-26,early_25%,11,37,0.7476990509033214,0.02,30.39969580793661,4.718075691565323,1.0692939277055342,32.506210131522,0.22663772215802944,0.01526432552701269,True,0.0,2pct_UNFILTERED_early25pct
put,1996-07-02,1996-08-08,1996-08-02,early_25%,31,37,0.8047552490234366,0.02,28.513864765828206,5.510268466720324,4.69174491988131,133.77978016125715,0.8514548697976246,0.06258559155213937,True,0.0,2pct_UNFILTERED_early25pct
put,1996-08-05,1996-09-11,1996-08-07,early_25%,2,37,0.7896524810791021,0.02,29.2364911811003,5.83731987422618,1.8426955670176404,53.873952694563854,0.3156749341686395,0.0251982465731726,True,0.0,2pct_UNFILTERED_early25pct
put,1996-08-08,1996-09-13,1996-08-12,early_25%,4,36,0.7928216552734355,0.02,29.07118940969339,5.666623891594759,1.506729060471014,43.80240590604221,0.2658953707349324,0.020467540236630194,True,0.0,2pct_UNFILTERED_early25pct
put,1996-08-13,1996-09-19,1996-08-16,early_25%,3,37,0.7896524810791021,0.02,29.243473045383784,5.720605791872016,3.155275020835067,92.27120002256304,0.5515630923770631,0.04307857777802492,True,0.0,2pct_UNFILTERED_early25pct
put,1996-08-19,1996-09-25,1996-08-22,early_25%,3,37,0.7980426788330064,0.02,28.914445218327362,5.626579181554946,2.573530809860613,74.41221561939234,0.45738817971266854,0.034694135863524794,True,0.0,2pct_UNFILTERED_early25pct
call,1996-07-29,1996-09-04,1996-08-26,early_25%,28,37,0.7519871520996091,0.02,30.175451523168366,4.744867247284221,1.444627354937844,43.59228271796986,0.30446106911941384,0.0205045912567209,True,0.0,2pct_UNFILTERED_early25pct
call,1996-08-27,1996-10-03,1996-08-30,early_25%,3,37,0.796924209594728,0.02,28.71651877034745,4.847195308405645,2.0570035193074507,59.06998017286317,0.42436984450375836,0.027483429990542377,True,0.0,2pct_UNFILTERED_early25pct
put,1996-08-23,1996-09-27,1996-09-09,early_25%,17,35,0.7978560638427723,0.02,28.869358947641064,5.399631850233749,1.358485924709921,39.21861778576881,0.2515886198150921,0.018262662191623185,True,0.0,2pct_UNFILTERED_early25pct
put,1996-09-10,1996-10-17,1996-09-12,early_25%,2,37,0.7958051300048794,0.02,29.154040359492804,5.744429043436564,2.3458021307345067,68.38960999481802,0.40836123363987925,0.0317704028303966,True,0.0,2pct_UNFILTERED_early25pct
put,1996-09-13,1996-10-18,1996-09-20,early_25%,7,35,0.8181799316406284,0.02,28.284401695493752,5.6966409028362825,1.8770962053560476,53.09254309337748,0.3295093086210623,0.024659259847544406,True,0.0,2pct_UNFILTERED_early25pct
put,1996-09-23,1996-10-30,1996-10-01,early_25%,8,37,0.8231401824951163,0.02,28.184910736123943,5.969852994751003,1.6813648122029266,47.38911714679928,0.28164258210064264,0.022023488063458538,True,0.0,2pct_UNFILTERED_early25pct
put,1996-10-02,1996-11-08,1996-10-04,early_25%,2,37,0.8332610321044953,0.02,27.896879057799087,6.085652037856546,3.729521962768464,104.04202313875732,0.6128385158350353,0.048284569887284655,True,0.0,2pct_UNFILTERED_early25pct
call,1996-09-03,1996-10-10,1996-10-09,early_25%,36,37,0.7846172332763643,0.02,29.179673088250496,4.918348993202713,4.7946228556490595,139.9055275092936,0.9748439694448999,0.06519449099310869,True,0.0,2pct_UNFILTERED_early25pct
put,1996-10-07,1996-11-13,1996-10-16,early_25%,9,37,0.844693756103517,0.02,27.406075350573442,5.931126896347064,1.658969594151121,45.46584570161587,0.279705631517152,0.021123078516713856,True,0.0,2pct_UNFILTERED_early25pct
call,1996-10-10,1996-11-15,1996-10-28,early_25%,18,36,0.8330739593505854,0.02,27.606507191452007,5.124015149261165,1.9076842191157302,52.66449811403791,0.37230261104727613,0.024400124424681775,True,0.0,2pct_UNFILTERED_early25pct
put,1996-10-17,1996-11-22,1996-11-04,early_25%,18,36,0.8497537231445307,0.02,27.35020415041991,5.981039968228828,2.5583396115828245,69.97111066289622,0.4277416009879012,0.0323863691938034,True,0.0,2pct_UNFILTERED_early25pct
put,1996-11-05,1996-12-12,1996-11-06,early_25%,1,37,0.8572506713867156,0.02,27.270361488840678,6.373784345021502,3.41963539025552,93.2546932523008,0.5365157032535252,0.04309489739627965,True,0.0,2pct_UNFILTERED_early25pct
put,1996-11-07,1996-12-13,1996-11-08,early_25%,1,36,0.8758049774169905,0.02,26.65055666203039,6.4236302218875645,2.1691985791339734,57.81034964440577,0.3376904498242679,0.02672846606116781,True,0.0,2pct_UNFILTERED_early25pct
put,1996-11-11,1996-12-18,1996-11-14,early_25%,3,37,0.8797404479980457,0.02,26.391086868348662,5.997365367405725,2.193904483833155,57.89952381370043,0.3658113770684227,0.026762543921315253,True,0.0,2pct_UNFILTERED_early25pct
put,1996-11-15,1996-12-20,1996-11-22,early_25%,7,35,0.8879869842529331,0.02,26.16913762883057,6.0413773748591195,3.5074038300998995,91.78573354977173,0.5805636053618799,0.04238179517631326,True,0.0,2pct_UNFILTERED_early25pct
call,1996-10-29,1996-12-05,1996-12-03,early_25%,35,37,0.844506072998044,0.02,27.287345095504676,5.2881803299699905,3.446647345966423,94.04985555189108,0.6517643368614062,0.043538929740996955,True,0.0,2pct_UNFILTERED_early25pct
call,1996-12-04,1997-01-10,1996-12-12,early_25%,8,37,0.8990453338623041,0.02,25.7246958494671,5.6177948993582545,3.0197309201191977,77.68165946729779,0.537529577746627,0.035826880649670975,True,0.0,2pct_UNFILTERED_early25pct
call,1996-12-13,1997-01-17,1996-12-16,early_25%,3,35,0.8793654632568391,0.02,26.27851656733865,5.555692378832962,1.239365833049411,32.56869557678242,0.22308035588351893,0.015044343117018475,True,0.0,2pct_UNFILTERED_early25pct
put,1996-11-25,1996-12-31,1996-12-20,early_25%,25,36,0.9131007385253938,0.02,25.512544883887955,6.506248149502058,2.592963752589046,66.15310412022258,0.398534407696622,0.030576023323157422,True,0.0,2pct_UNFILTERED_early25pct
put,1996-12-23,1997-01-29,1996-12-24,early_25%,1,37,0.8998842620849601,0.02,26.158442867315575,6.9176795575449095,1.631001339947228,42.66445536752472,0.23577289557570544,0.01963388323449666,True,0.0,2pct_UNFILTERED_early25pct
call,1996-12-17,1997-01-23,1997-01-06,early_25%,20,37,0.8750553131103516,0.02,26.37552956855796,5.530282360766581,1.5963887839545055,42.10559957410634,0.28866316036225353,0.019474033984611342,True,0.0,2pct_UNFILTERED_early25pct
put,1996-12-26,1997-01-31,1997-01-10,early_25%,15,36,0.9134449768066375,0.02,25.737570922782993,6.881549150753955,3.4502166386087847,88.80019543515954,0.5013720839632124,0.04084887750972846,True,0.0,2pct_UNFILTERED_early25pct
put,1997-01-13,1997-02-19,1997-01-14,early_25%,1,37,0.9162703704833959,0.02,25.762046517134124,7.082800697339777,2.285705819676915,58.88445965100086,0.3227121469809819,0.027035619674739476,True,0.0,2pct_UNFILTERED_early25pct
put,1997-01-15,1997-02-21,1997-01-17,early_25%,2,37,0.9254985809326186,0.02,25.496310644543087,7.102769459070887,2.3740262877068314,60.52891170968479,0.33423952465118834,0.02778358309983289,True,0.0,2pct_UNFILTERED_early25pct
put,1997-01-20,1997-02-26,1997-01-21,early_25%,1,37,0.9360459899902338,0.02,25.190942859511768,7.084932411173832,1.9193927164811901,48.35131224584073,0.2709119304305664,0.022184467326076603,True,0.0,2pct_UNFILTERED_early25pct
call,1997-01-07,1997-02-13,1997-01-27,early_25%,20,37,0.9081709289550801,0.02,25.56450202034185,5.716105981079165,2.089070305610743,53.406042048422,0.3654708839419278,0.024548132534718485,True,0.0,2pct_UNFILTERED_early25pct
put,1997-01-22,1997-02-28,1997-02-07,early_25%,16,37,0.9503596496582034,0.02,24.76064474996344,6.98650130522262,3.1341978967216835,77.60476069680821,0.4486076449135959,0.035595877208326965,True,0.0,2pct_UNFILTERED_early25pct
put,1997-02-10,1997-03-19,1997-02-11,early_25%,1,37,0.9458395385742193,0.02,25.04578388880437,7.4039197037281985,2.18495995210161,54.72403476602927,0.2951085424388634,0.025062618675391234,True,0.0,2pct_UNFILTERED_early25pct
put,1997-02-12,1997-03-21,1997-02-13,early_25%,1,37,0.970323410034176,0.02,24.388322901655133,7.4566959251562235,1.8611530053176644,45.39040046307307,0.24959486399851713,0.020777444624502487,True,0.0,2pct_UNFILTERED_early25pct
put,1997-02-14,1997-03-21,1997-02-18,early_25%,4,35,0.978610305786134,0.02,24.115523215534164,7.415706533612706,1.5670259182377428,37.78964991060603,0.2113117490740745,0.01732567089325785,True,0.0,2pct_UNFILTERED_early25pct
call,1997-01-28,1997-03-06,1997-02-27,early_25%,30,37,0.9251219940185536,0.02,25.117215644393227,5.84636057202472,4.6197527223456,116.03532535092711,0.7901929183860928,0.05330534827472838,True,0.0,2pct_UNFILTERED_early25pct
put,1997-02-19,1997-03-27,1997-03-05,early_25%,14,36,0.9803057098388663,0.02,24.132513354489245,7.6371447861983635,2.5956691469265287,62.64002035204016,0.3398742880477204,0.02871524242537131,True,0.0,2pct_UNFILTERED_early25pct
put,1997-03-06,1997-04-11,1997-03-07,early_25%,1,36,0.9658030700683611,0.02,24.594903107053927,7.509220986199426,2.289259550694643,56.30411683623256,0.3048597923675283,0.025701489147266596,True,0.0,2pct_UNFILTERED_early25pct
call,1997-02-28,1997-04-04,1997-03-13,early_25%,13,35,0.954126281738283,0.02,24.473217951364536,6.028151321002349,3.5633146826596573,87.20577685802715,0.5911123481995068,0.03986502811362599,True,0.0,2pct_UNFILTERED_early25pct
call,1997-03-14,1997-04-18,1997-03-20,early_25%,6,35,0.960529556274416,0.02,24.321960788103013,6.044881938420596,2.458535604428581,59.79640656706708,0.40671358505819655,0.02731461194162261,True,0.0,2pct_UNFILTERED_early25pct
call,1997-03-21,1997-04-25,1997-03-27,early_25%,6,35,0.9490833282470703,0.02,24.602082690474173,5.969957818695349,3.052981072589261,75.10969280029354,0.5113907275908438,0.03432692662062803,True,0.0,2pct_UNFILTERED_early25pct
call,1997-03-31,1997-05-07,1997-04-02,early_25%,2,37,0.9120275115966763,0.02,25.6032606091225,5.772549208112689,1.8692638346373727,47.85924910542832,0.3238194716487347,0.021880597165126445,True,0.0,2pct_UNFILTERED_early25pct
call,1997-04-03,1997-05-09,1997-04-11,early_25%,8,36,0.9063560485839872,0.02,25.62192467322929,5.730082812632813,4.322515100438606,110.75115630233411,0.7543547347882973,0.05090970523811958,True,0.0,2pct_UNFILTERED_early25pct
put,1997-03-10,1997-04-16,1997-04-16,early_25%,37,37,0.9846369171142584,0.02,24.09746141423241,7.505433997678635,7.505433997678635,180.861906156129,1.0,0.08251514690726407,True,0.0,2pct_UNFILTERED_early25pct
put,1997-04-17,1997-05-23,1997-04-22,early_25%,5,36,0.9218582153320298,0.02,25.823014358297343,6.959987751967785,3.3732025562991472,87.10625804475818,0.4846563925842323,0.03957957824100338,True,0.0,2pct_UNFILTERED_early25pct
put,1997-04-23,1997-05-30,1997-04-29,early_25%,6,37,0.9415212249755882,0.02,25.337716908062127,7.351199297945793,4.910752602662841,124.42725925180036,0.6680206050236039,0.05657488908694848,True,0.0,2pct_UNFILTERED_early25pct
put,1997-04-30,1997-06-06,1997-05-02,early_25%,2,37,0.9691239929199185,0.02,24.565050526142095,7.517638549625377,4.827883169023156,118.59719398136485,0.642207408237756,0.05400633246211149,True,0.0,2pct_UNFILTERED_early25pct
put,1997-05-05,1997-06-11,1997-05-12,early_25%,7,37,1.0088263702392553,0.02,23.54352634323388,7.83423247078349,2.481722226888059,58.42849262532806,0.3167792424009937,0.026671303380281945,True,0.0,2pct_UNFILTERED_early25pct
put,1997-05-13,1997-06-19,1997-05-15,early_25%,2,37,1.012229461669925,0.02,23.335855805976372,7.942544203471306,2.241300643398062,52.30266863217924,0.2821892564876751,0.02402756201966795,True,0.0,2pct_UNFILTERED_early25pct
put,1997-05-16,1997-06-20,1997-05-20,early_25%,4,35,1.0069356536865257,0.02,23.433682180790125,7.92223325344052,4.865027338467241,114.0055044504966,0.614097967432911,0.05244106371594836,True,0.0,2pct_UNFILTERED_early25pct
call,1997-04-14,1997-05-21,1997-05-21,expired,37,37,0.899738540649416,0.02,25.68043932724032,5.656962294177152,-84.31689177076446,-2165.2948233806055,-14.90497680310754,-1.0,False,84.31689177076446,2pct_UNFILTERED_early25pct
put,1997-05-21,1997-06-27,1997-05-23,early_25%,2,37,1.0197919464111322,0.02,23.06122642931818,7.810681104094705,2.2557325572959286,52.01995926778635,0.28880100560159516,0.02395421221562746,True,0.0,2pct_UNFILTERED_early25pct
put,1997-05-27,1997-07-03,1997-06-06,early_25%,10,37,1.0300015258789088,0.02,22.837059346559432,7.899494885025071,4.98615733046408,113.86917086709053,0.6311995137709688,0.05243031384749114,True,0.0,2pct_UNFILTERED_early25pct
put,1997-06-09,1997-07-16,1997-06-12,early_25%,3,37,1.0504200744628918,0.02,22.415283101094197,8.069540846318956,5.258206572415165,117.8641889247201,0.6516116186231062,0.05422370655070849,True,0.0,2pct_UNFILTERED_early25pct
call,1997-05-22,1997-06-27,1997-06-23,early_25%,32,36,1.0163888549804696,0.02,22.792368513715104,6.37335293225729,4.318266645808431,98.42352473175022,0.6775502144173591,0.04532874093603863,True,0.0,2pct_UNFILTERED_early25pct
put,1997-06-13,1997-07-18,1997-06-24,early_25%,11,35,1.0855853271484364,0.02,21.641281102847834,8.239161716608887,1.956438439652894,42.33983423294528,0.23745600668439534,0.019502100343983614,True,0.0,2pct_UNFILTERED_early25pct
call,1997-06-24,1997-07-31,1997-06-30,early_25%,6,37,1.0886736297607413,0.02,21.338630366016005,6.8799343502676535,2.698685771307967,57.58625814796751,0.392254581790156,0.0264609649215639,True,0.0,2pct_UNFILTERED_early25pct
put,1997-06-25,1997-08-01,1997-07-01,early_25%,6,37,1.0810815429687466,0.02,21.898600067441393,8.567612477309837,2.116142862563076,46.3405662328394,0.24699329809411832,0.021259105324129807,True,0.0,2pct_UNFILTERED_early25pct
put,1997-07-02,1997-08-08,1997-07-03,early_25%,1,37,1.1030976867675761,0.02,21.432496484515614,8.507708187134584,4.327919184711156,92.75811271158953,0.5087056454587695,0.04251308042190672,True,0.0,2pct_UNFILTERED_early25pct
put,1997-07-07,1997-08-13,1997-07-08,early_25%,1,37,1.1068934631347673,0.02,21.343113071578486,8.456226768634966,2.224346913710198,47.47448768973339,0.26304248627301885,0.021757596008156133,True,0.0,2pct_UNFILTERED_early25pct
put,1997-07-09,1997-08-15,1997-07-11,early_25%,2,37,1.1061345672607388,0.02,21.406970750192297,8.625918809178252,2.84464838188429,60.89530470557884,0.32977917423214015,0.02789211740950396,True,0.0,2pct_UNFILTERED_early25pct
put,1997-07-14,1997-08-20,1997-07-16,early_25%,2,37,1.1182818603515656,0.02,21.171509796500494,8.60791512744617,3.7894409873115666,80.22818698612734,0.440227503548334,0.03671217827649105,True,0.0,2pct_UNFILTERED_early25pct
put,1997-07-17,1997-08-22,1997-07-24,early_25%,7,36,1.1330853271484358,0.02,20.903858493900703,8.817967019350489,2.7969042519524745,58.46609070380373,0.3171824351139939,0.026767050530697924,True,0.0,2pct_UNFILTERED_early25pct
put,1997-07-25,1997-08-29,1997-07-30,early_25%,5,35,1.1421960449218744,0.02,20.757025867395097,8.888206135955722,3.2557996079256997,67.58071668076856,0.3663055917160739,0.030910057767528695,True,0.0,2pct_UNFILTERED_early25pct
call,1997-07-01,1997-08-07,1997-08-04,early_25%,34,37,1.085256958007811,0.02,21.450353832370087,6.861533282862371,3.2582162876976333,69.88989223350556,0.4748525079424273,0.03204881845284821,True,0.0,2pct_UNFILTERED_early25pct
put,1997-07-31,1997-09-05,1997-08-06,early_25%,6,36,1.1577597808837865,0.02,20.5078376079973,9.135589693246166,4.0732697372565045,83.53395430522622,0.44586828809396123,0.038196313784641334,True,0.0,2pct_UNFILTERED_early25pct
call,1997-08-05,1997-09-11,1997-08-08,early_25%,3,37,1.1569999694824276,0.02,20.219631350595677,7.310250729436975,1.9542796258299733,39.514813590262115,0.2673341446361702,0.018030115338446128,True,0.0,2pct_UNFILTERED_early25pct
call,1997-08-11,1997-09-17,1997-08-14,early_25%,3,37,1.1425753784179662,0.02,20.458186161449078,7.23167322948412,2.140645678827002,43.793727803144336,0.29600973535411074,0.020001199584616457,True,0.0,2pct_UNFILTERED_early25pct
call,1997-08-15,1997-09-19,1997-08-28,early_25%,13,35,1.090570983886721,0.02,21.43311086771736,6.898285401184161,2.8555121177869047,61.20250780463712,0.4139451982222607,0.027951696327331424,True,0.0,2pct_UNFILTERED_early25pct
put,1997-08-07,1997-09-12,1997-09-04,early_25%,28,36,1.1577597808837865,0.02,20.51615641984648,8.901042427943276,3.4286770250531102,70.34327415912351,0.3851994923975842,0.03208120785164029,True,0.0,2pct_UNFILTERED_early25pct
put,1997-09-05,1997-10-10,1997-09-16,early_25%,11,35,1.1313777160644563,0.02,21.118489956568226,9.220902407828131,6.143782360499781,129.74740607555566,0.6662886221725963,0.059122088722256445,True,0.0,2pct_UNFILTERED_early25pct
put,1997-09-17,1997-10-24,1997-09-19,early_25%,2,37,1.1516862487792991,0.02,20.792860513442342,9.43521401164496,2.019378341082679,41.98865216999874,0.2140257061037893,0.01909877232312568,True,0.0,2pct_UNFILTERED_early25pct
call,1997-08-29,1997-10-03,1997-09-24,early_25%,26,35,1.0977836608886733,0.02,21.25763887840066,6.940933777000871,3.4585582138211306,73.52078154933601,0.4982842834895263,0.0336313163025371,True,0.0,2pct_UNFILTERED_early25pct
put,1997-09-22,1997-10-29,1997-10-02,early_25%,10,37,1.1650539398193374,0.02,20.52088151206287,9.306881672857862,3.466653856659674,71.13879303584895,0.3724828550006878,0.03233863774773834,True,0.0,2pct_UNFILTERED_early25pct
put,1997-10-03,1997-11-07,1997-10-07,early_25%,4,35,1.1781977081298862,0.02,20.287573636901275,9.26570724325236,4.934645901490677,100.11199209852519,0.5325708844388835,0.04545795651694429,True,0.0,2pct_UNFILTERED_early25pct
call,1997-09-25,1997-10-31,1997-10-14,early_25%,19,36,1.1421948242187554,0.02,20.569536964942962,7.230297258961203,1.5181564296641392,31.22777479854234,0.2099715095091757,0.01418981205766186,True,0.0,2pct_UNFILTERED_early25pct
call,1997-10-15,1997-11-21,1997-10-16,early_25%,1,37,1.1799128723144463,0.02,19.964034477392094,7.444130793921667,2.010707845982062,40.14184076114868,0.27010646395733123,0.018188688979245138,True,0.0,2pct_UNFILTERED_early25pct
put,1997-10-08,1997-11-14,1997-10-21,early_25%,13,37,1.1886753845214812,0.02,20.11091880579394,9.32150625827421,4.771062539880618,95.95045135690413,0.5118338611472365,0.04355303833768091,True,0.0,2pct_UNFILTERED_early25pct
call,1997-10-17,1997-11-21,1997-10-27,early_25%,10,35,1.1494335174560604,0.02,20.48133495998067,7.269907373720234,5.576539564198608,114.21497473193634,0.7670716114426809,0.051791224816196905,True,0.0,2pct_UNFILTERED_early25pct
call,1997-10-28,1997-12-04,1997-11-12,early_25%,15,37,1.124288101196285,0.02,20.729465325385032,6.906717439863949,2.264138108220516,46.93437240624005,0.327816814273079,0.021456531525503933,True,0.0,2pct_UNFILTERED_early25pct
put,1997-10-22,1997-11-28,1997-11-20,early_25%,29,37,1.1806748962402338,0.02,20.254784357331342,9.129587228653145,5.5944514419553375,113.31440755436674,0.6127825170887454,0.05135449938857182,True,0.0,2pct_UNFILTERED_early25pct
call,1997-11-13,1997-12-19,1997-11-24,early_25%,11,36,1.1193354797363213,0.02,20.859814836403817,6.645041760473699,1.1777874244220108,24.5684275900881,0.17724304329098015,0.01118628677319782,True,0.0,2pct_UNFILTERED_early25pct
put,1997-11-21,1997-12-26,1997-12-01,early_25%,10,35,1.1795314788818345,0.02,20.490488134724384,9.860505634586561,5.462912775273603,111.93774940277801,0.5540195379141585,0.0505391732626632,True,0.0,2pct_UNFILTERED_early25pct
put,1997-12-02,1998-01-08,1997-12-05,early_25%,3,37,1.1886753845214812,0.02,20.343294448701556,9.907887584472075,5.293216012743534,107.68145192782373,0.5342426392724938,0.04857959777396661,True,0.0,2pct_UNFILTERED_early25pct
call,1997-11-25,1997-12-31,1997-12-09,early_25%,14,36,1.1612440490722662,0.02,20.314918117954313,7.236689455910045,2.797388541017601,56.82871915487625,0.3865563885338531,0.025690579781410757,True,0.0,2pct_UNFILTERED_early25pct
call,1997-12-10,1998-01-16,1997-12-18,early_25%,8,37,1.1852461242675787,0.02,19.992448997293497,7.486114588589277,1.6377887060705882,32.74340717445955,0.21877686838603708,0.014749737595131726,True,0.0,2pct_UNFILTERED_early25pct
call,1997-12-19,1998-01-23,1997-12-24,early_25%,5,35,1.160127182006832,0.02,20.3828656958364,7.2364229014693695,1.5175645599712535,30.932314610655126,0.20971197795296198,0.013951243290616295,True,0.0,2pct_UNFILTERED_early25pct
put,1997-12-08,1998-01-14,1997-12-30,early_25%,22,37,1.2027719116210918,0.02,20.084239477905907,9.750290850212009,4.748564754323934,95.37131170218532,0.4870177543699306,0.04296297770881029,True,0.0,2pct_UNFILTERED_early25pct
call,1997-12-26,1998-01-30,1998-01-08,early_25%,13,35,1.1478872680664125,0.02,20.567218529594818,7.157213657879197,2.398143609336633,49.32314367857779,0.335066650790364,0.02228105449025935,True,0.0,2pct_UNFILTERED_early25pct
put,1997-12-31,1998-02-06,1998-01-16,early_25%,16,37,1.1880500793457003,0.02,20.378252988137803,9.722904995021455,5.404308479814319,110.13036542759461,0.5558326943008861,0.0495434937004221,True,0.0,2pct_UNFILTERED_early25pct
call,1998-01-09,1998-02-13,1998-01-26,early_25%,17,35,1.1299097442626902,0.02,20.988942816499907,7.062750318376129,1.9851849213201387,41.66693279376626,0.2810781681117921,0.01874084964643733,True,0.0,2pct_UNFILTERED_early25pct
put,1998-01-20,1998-02-26,1998-01-29,early_25%,9,37,1.197994918823241,0.02,20.190003159245183,9.514042334266792,2.8851222046283604,58.250626426255025,0.3032488298099112,0.0261604972954402,True,0.0,2pct_UNFILTERED_early25pct
put,1998-01-30,1998-03-06,1998-02-02,early_25%,3,35,1.2033499145507847,0.02,20.093663166875043,9.454047167470465,3.7585857331295633,75.52375570532753,0.39756367474684545,0.0338974902971639,True,0.0,2pct_UNFILTERED_early25pct
put,1998-02-03,1998-03-12,1998-02-06,early_25%,3,37,1.2324206542968739,0.02,19.614877821686225,9.650137460526086,2.3479065910994095,46.05390092114671,0.24330291674118923,0.02066966053905551,True,0.0,2pct_UNFILTERED_early25pct
put,1998-02-09,1998-03-18,1998-02-10,early_25%,1,37,1.239687728881833,0.02,19.51457822040567,9.83145385002957,2.5152091453472805,49.0832456075592,0.2558328792175244,0.022036693752255546,True,0.0,2pct_UNFILTERED_early25pct
put,1998-02-11,1998-03-20,1998-02-18,early_25%,7,37,1.2503974914550753,0.02,19.324061513040515,9.747927078140938,5.001941793035608,96.65783089326827,0.5131287660380761,0.04338505284540394,True,0.0,2pct_UNFILTERED_early25pct
put,1998-02-19,1998-03-27,1998-02-20,early_25%,1,36,1.2593870544433585,0.02,19.184636193126803,9.699687291664455,2.366421537773536,45.39893628176496,0.24396884833670351,0.020358237495308292,True,0.0,2pct_UNFILTERED_early25pct
put,1998-02-23,1998-04-01,1998-02-26,early_25%,3,37,1.2737300872802706,0.02,18.964806607952596,9.707377687692167,3.1355858172986446,59.46577862770778,0.32301059237390184,0.02664827264831299,True,0.0,2pct_UNFILTERED_early25pct
call,1998-01-27,1998-03-05,1998-03-04,early_25%,36,37,1.1853730773925832,0.02,20.03635464961974,7.502884910344419,6.603708212925289,132.31423975677768,0.8801558722859507,0.0594744228382268,True,0.0,2pct_UNFILTERED_early25pct
put,1998-02-27,1998-04-03,1998-03-06,early_25%,7,35,1.2867355346679688,0.02,18.745005207858156,9.641384398084178,2.9807549582861785,55.87426721642344,0.3091625471211872,0.025041591542917303,True,0.0,2pct_UNFILTERED_early25pct
put,1998-03-09,1998-04-15,1998-03-10,early_25%,1,37,1.2920904541015616,0.02,18.78843934965991,10.049647798307387,2.7230636300839155,51.162115859096396,0.27096110080022384,0.02285227757657902,True,0.0,2pct_UNFILTERED_early25pct
put,1998-03-11,1998-04-17,1998-03-16,early_25%,5,37,1.3104504394531276,0.02,18.49706110026091,9.969872672800065,4.116031225691346,76.13448107219463,0.4128469199933471,0.03399566717462737,True,0.0,2pct_UNFILTERED_early25pct
put,1998-03-17,1998-04-23,1998-03-19,early_25%,2,37,1.328810729980468,0.02,18.23986627139406,10.068575582977804,2.7328637395169277,49.847069146730654,0.2714250607739568,0.02225232608274936,True,0.0,2pct_UNFILTERED_early25pct
put,1998-03-20,1998-04-24,1998-04-02,early_25%,13,35,1.3487391662597688,0.02,17.959096844585194,10.131879732136289,5.420688668864255,97.35067276847874,0.5350131280843098,0.043455188033184294,True,0.0,2pct_UNFILTERED_early25pct
call,1998-03-05,1998-04-09,1998-04-08,early_25%,34,35,1.2710528564453085,0.02,18.80152795364217,8.027363621532642,7.547844143041157,141.91100264512266,0.9402643880233332,0.06338575627464677,True,0.0,2pct_UNFILTERED_early25pct
put,1998-04-03,1998-05-08,1998-04-15,early_25%,12,35,1.3821131896972645,0.02,17.56717249964308,10.912362931041395,4.023480401209001,70.68117425697167,0.3687084480817419,0.03160654671815455,True,0.0,2pct_UNFILTERED_early25pct
put,1998-04-16,1998-05-22,1998-04-17,early_25%,1,36,1.3602481079101594,0.02,17.972140896264374,10.820080146437201,4.082792106080053,73.37651498062667,0.37733473789696653,0.0326089284730779,True,0.0,2pct_UNFILTERED_early25pct
call,1998-04-09,1998-05-15,1998-04-20,early_25%,11,36,1.364851379394537,0.02,17.565516148042267,8.632977046451778,2.1823430454548065,38.33398200550414,0.2527914801246653,0.01706926993030009,True,0.0,2pct_UNFILTERED_early25pct
put,1998-04-20,1998-05-27,1998-04-22,early_25%,2,37,1.3778938293457017,0.02,17.725076755370903,10.743519406264708,2.916528858196614,51.69569787078924,0.2714686638436137,0.022956503873475732,True,0.0,2pct_UNFILTERED_early25pct
call,1998-04-21,1998-05-28,1998-04-24,early_25%,3,37,1.3844152832031256,0.02,17.362608826471025,8.730701314580918,1.7150661169738113,29.77802210055088,0.19644081903357796,0.013222227909301868,True,0.0,2pct_UNFILTERED_early25pct
put,1998-04-23,1998-05-29,1998-05-01,early_25%,8,36,1.3748248291015628,0.02,17.77371577261258,10.70904605755072,4.971081133236514,88.35458314474265,0.4641945796592695,0.03921232441632227,True,0.0,2pct_UNFILTERED_early25pct
call,1998-04-27,1998-06-03,1998-05-06,early_25%,9,37,1.3345466613769474,0.02,18.005611198505495,8.396159752279047,2.118533218481235,38.145485443091616,0.25232169003289656,0.016940336804856466,True,0.0,2pct_UNFILTERED_early25pct
call,1998-05-07,1998-06-12,1998-05-18,early_25%,11,36,1.3422186279296824,0.02,17.915998868196812,8.494937821611567,2.24094058725954,40.148689025038216,0.26379717360125576,0.017823871758337165,True,0.0,2pct_UNFILTERED_early25pct
put,1998-05-04,1998-06-10,1998-05-19,early_25%,15,37,1.3786613464355497,0.02,17.741518781064734,10.737935428420089,2.5528453175392194,45.29135314627523,0.23774079612945007,0.02008087374241118,True,0.0,2pct_UNFILTERED_early25pct
call,1998-05-19,1998-06-25,1998-05-22,early_25%,3,37,1.3667692565917946,0.02,17.624284846950196,8.630780369599293,1.7391588500238324,30.651430966914358,0.20150655856679822,0.013582281966322947,True,0.0,2pct_UNFILTERED_early25pct
call,1998-05-26,1998-07-02,1998-06-03,early_25%,8,37,1.3437532043457026,0.02,17.939598187200502,8.50488954876183,3.834517735057796,68.78970740863102,0.45086038014638746,0.03046400737705052,True,0.0,2pct_UNFILTERED_early25pct
put,1998-05-20,1998-06-26,1998-06-05,early_25%,16,37,1.379811401367185,0.02,17.73665000018524,10.674541585029786,4.774761346529935,84.68827083781466,0.44730364376735077,0.037506000481124305,True,0.0,2pct_UNFILTERED_early25pct
call,1998-06-04,1998-07-10,1998-06-15,early_25%,11,36,1.3487391662597616,0.02,17.836163899199594,8.527314691549535,3.2036521956746293,57.14086563808333,0.3756929715340997,0.025356061394807526,True,0.0,2pct_UNFILTERED_early25pct
put,1998-06-08,1998-07-15,1998-06-23,early_25%,15,37,1.373291015625,0.02,17.855264171448894,10.738635687482034,6.2747388521707235,112.03711981236228,0.584314342601747,0.04956723090320038,True,0.0,2pct_UNFILTERED_early25pct
put,1998-06-24,1998-07-31,1998-06-29,early_25%,5,37,1.3965159606933568,0.02,17.584000933607385,10.82613966602729,3.0359077730564286,53.38340511577016,0.28042385067164677,0.023566054860710454,True,0.0,2pct_UNFILTERED_early25pct
put,1998-06-30,1998-08-06,1998-07-01,early_25%,1,37,1.3953617858886744,0.02,17.591658578481972,10.763562010061687,4.791895535595329,84.29739020594504,0.4451960727420816,0.03721206932735427,True,0.0,2pct_UNFILTERED_early25pct
put,1998-07-02,1998-08-07,1998-07-08,early_25%,6,36,1.4142185974121162,0.02,17.3159932767441,10.469902868963853,5.384097162642347,93.23099026965187,0.514245187374425,0.041115056935688926,True,0.0,2pct_UNFILTERED_early25pct
put,1998-07-09,1998-08-14,1998-07-14,early_25%,5,36,1.4265324401855537,0.02,17.18564938203827,10.661711272229919,5.866231162577902,100.81499195405057,0.5502147837990522,0.04444399606944646,True,0.0,2pct_UNFILTERED_early25pct
put,1998-07-15,1998-08-21,1998-07-16,early_25%,1,37,1.4480834960937443,0.02,16.945653456412533,10.817034690321771,2.9852187335092664,50.58648214963874,0.27597385225917825,0.022279195747222185,True,0.0,2pct_UNFILTERED_early25pct
call,1998-06-16,1998-07-23,1998-07-20,early_25%,34,37,1.3403007507324247,0.02,17.954558108433137,8.461118106994666,4.81436761698904,86.43984313458849,0.5689989852533889,0.03834042850481838,True,0.0,2pct_UNFILTERED_early25pct
call,1998-07-21,1998-08-27,1998-07-28,early_25%,7,37,1.434614105224611,0.02,16.92023342965127,9.0523427012706,2.9151061701692598,49.32427687148059,0.3220278182530685,0.02168831476494827,True,0.0,2pct_UNFILTERED_early25pct
call,1998-07-29,1998-09-04,1998-08-04,early_25%,6,37,1.385741577148437,0.02,17.41770619810539,8.7481668480674,3.928351373629976,68.42287006881065,0.44904851974763227,0.030258589573648142,True,0.0,2pct_UNFILTERED_early25pct
call,1998-08-05,1998-09-11,1998-08-13,early_25%,8,37,1.3357148742675804,0.02,17.931997407596306,8.270281739272347,2.65481317877126,47.60610303937874,0.3210063771061856,0.02118745118377106,True,0.0,2pct_UNFILTERED_early25pct
put,1998-07-17,1998-08-21,1998-08-21,expired,35,35,1.4600123596191423,0.02,16.757763408794126,10.427112209449415,-135.57412375246483,-2271.9190901983816,-13.002077759324656,-1.0,False,135.57412375246483,2pct_UNFILTERED_early25pct
call,1998-08-14,1998-09-18,1998-08-27,early_25%,13,35,1.3068540954589878,0.02,18.2870519612343,7.91827331052857,3.672206388464658,67.15382903822974,0.46376353081698896,0.029911965865394727,True,0.0,2pct_UNFILTERED_early25pct
call,1998-08-28,1998-10-02,1998-08-31,early_25%,3,35,1.2729891204834018,0.02,18.565118071134776,7.411483211769493,3.6730887055337322,68.19132550398534,0.4955942826262952,0.030637813665524923,True,0.0,2pct_UNFILTERED_early25pct
call,1998-09-01,1998-10-08,1998-09-21,early_25%,20,37,1.2321974182128912,0.02,19.10604075138464,7.294480688667971,1.999335548006047,38.19938645589548,0.274088812259388,0.017246763375574903,True,0.0,2pct_UNFILTERED_early25pct
put,1998-08-24,1998-09-30,1998-09-23,early_25%,30,37,1.3453353881835923,0.02,18.1922227609586,11.846779656865515,11.001577920334238,200.14315624876411,0.9286555704577945,0.08967208845946252,True,0.0,2pct_UNFILTERED_early25pct
call,1998-09-22,1998-10-29,1998-10-01,early_25%,9,37,1.2713063812255854,0.02,18.672892249917616,7.517560579280241,1.9246164849277365,35.938156245470815,0.2560160925383599,0.016090351694457265,True,0.0,2pct_UNFILTERED_early25pct
call,1998-10-02,1998-11-06,1998-10-06,early_25%,4,35,1.2446596527099558,0.02,19.039505508843437,7.193078897491062,0.9842527119285629,18.739684930857965,0.13683329850196266,0.008392841195993069,True,0.0,2pct_UNFILTERED_early25pct
put,1998-09-24,1998-10-30,1998-10-15,early_25%,21,36,1.2898431396484398,0.02,19.059954478203476,11.558907915685252,10.054283966562856,191.6341947136191,0.8698299216415899,0.08562273110091484,True,0.0,2pct_UNFILTERED_early25pct
put,1998-10-16,1998-11-20,1998-10-20,early_25%,4,35,1.3099247741699216,0.02,18.798408174048777,11.713810586792873,2.7661398731887274,51.99902640271322,0.23614346951345658,0.023190566651172438,True,0.0,2pct_UNFILTERED_early25pct
put,1998-10-21,1998-11-27,1998-10-22,early_25%,1,37,1.317647705078123,0.02,18.688825881346617,11.725232852967807,2.569565094112477,48.02215463465411,0.2191483210895967,0.021405989595701974,True,0.0,2pct_UNFILTERED_early25pct
put,1998-10-23,1998-11-27,1998-10-29,early_25%,6,35,1.320351715087888,0.02,18.631689155433474,11.592229935180473,7.007826686518798,130.5676484783696,0.6045279230746812,0.05818378889588965,True,0.0,2pct_UNFILTERED_early25pct
put,1998-10-30,1998-12-04,1998-11-02,early_25%,3,35,1.3593556213378903,0.02,18.068454624136404,11.51912568254278,4.008541253519691,72.4281457481994,0.3479900613980304,0.03221874350251524,True,0.0,2pct_UNFILTERED_early25pct
put,1998-11-03,1998-12-10,1998-11-05,early_25%,2,37,1.3724861145019531,0.02,17.906326540107226,11.68063575055068,5.78042771849357,103.50622626883288,0.4948726971664238,0.04603425106031975,True,0.0,2pct_UNFILTERED_early25pct
call,1998-10-07,1998-11-13,1998-11-10,early_25%,34,37,1.200249481201169,0.02,19.713529923349654,6.667975055111736,2.810130253882903,55.39758684843077,0.4214368276210976,0.0247900960823241,True,0.0,2pct_UNFILTERED_early25pct
put,1998-11-06,1998-12-11,1998-11-18,early_25%,12,35,1.410330657958987,0.02,17.38554534783671,11.674206707596216,3.960928033150946,68.86289393986344,0.3392888384076354,0.030619688988190223,True,0.0,2pct_UNFILTERED_early25pct
put,1998-11-19,1998-12-24,1998-11-20,early_25%,1,35,1.4304122924804688,0.02,17.183202902732337,11.815007405747192,4.427668692291987,76.08152952572875,0.3747495486239162,0.03374073131216802,True,0.0,2pct_UNFILTERED_early25pct
call,1998-11-11,1998-12-18,1998-11-30,early_25%,19,37,1.3871606445312494,0.02,17.316492773132172,8.646978497518298,2.167739456237463,37.53764462796949,0.25069328631493754,0.016666062041654734,True,0.0,2pct_UNFILTERED_early25pct
call,1998-12-01,1999-01-07,1998-12-14,early_25%,13,37,1.453583374023438,0.02,16.540744251858282,9.172798196269074,4.553422841420829,75.31700269051179,0.4964049948545559,0.03343543571487888,True,0.0,2pct_UNFILTERED_early25pct
put,1998-11-23,1998-12-30,1998-12-17,early_25%,24,37,1.4752096557617165,0.02,16.622635767369726,11.74627059095891,3.229208239305258,53.6779523789606,0.27491348971568697,0.02378357940451976,True,0.0,2pct_UNFILTERED_early25pct
put,1998-12-18,1999-01-22,1998-12-21,early_25%,3,35,1.4692610168457065,0.02,16.75674444843712,12.07478612647169,4.652198404446844,77.9556997867427,0.3852820543336811,0.03449872465235613,True,0.0,2pct_UNFILTERED_early25pct
put,1998-12-22,1999-01-28,1998-12-23,early_25%,1,37,1.4963836669921875,0.02,16.439892423680412,12.063639260969541,7.324482136502406,120.41369838326843,0.6071536107847564,0.05324002651424493,True,0.0,2pct_UNFILTERED_early25pct
put,1998-12-24,1999-01-29,1998-12-29,early_25%,5,36,1.5211825561523398,0.02,16.152918226923124,12.003266922023297,3.6065523681013474,58.25634548305701,0.30046423124059124,0.025739946894604463,True,0.0,2pct_UNFILTERED_early25pct
put,1998-12-30,1999-02-05,1999-01-06,early_25%,7,37,1.5289309692382744,0.02,16.112515275574214,12.412624351849324,8.589540285477852,138.399099059922,0.6920003411041855,0.061144016162650805,True,0.0,2pct_UNFILTERED_early25pct
call,1998-12-15,1999-01-21,1999-01-13,early_25%,29,37,1.4419989013671852,0.02,16.643626798177056,8.947456552195954,2.9070399795418496,48.38368850687481,0.3249012680400646,0.021493439360003593,True,0.0,2pct_UNFILTERED_early25pct
put,1999-01-07,1999-02-12,1999-01-28,early_25%,21,36,1.572327270507813,0.02,15.67769509750456,12.873412930121415,6.40043696219162,100.34409918403854,0.49718260393992153,0.04433684796286813,True,0.0,2pct_UNFILTERED_early25pct
call,1999-01-14,1999-02-19,1999-02-01,early_25%,18,36,1.5029707336425844,0.02,16.0392013319895,9.158638424427357,2.000772640999976,32.09079520853496,0.21845743311185192,0.014175958815562386,True,0.0,2pct_UNFILTERED_early25pct
call,1999-02-02,1999-03-11,1999-02-09,early_25%,7,37,1.5638021850585915,0.02,15.488043878763293,9.761719161031863,4.645135610742045,71.94406416197872,0.4758522073944843,0.03168178389152178,True,0.0,2pct_UNFILTERED_early25pct
put,1999-01-29,1999-03-05,1999-02-22,early_25%,24,35,1.582789001464846,0.02,15.653231420796159,13.177677886047833,11.694478635541309,183.05638042768462,0.8874460839510354,0.08059531445263311,True,0.0,2pct_UNFILTERED_early25pct
call,1999-02-10,1999-03-19,1999-02-24,early_25%,14,37,1.5165322875976557,0.02,15.92396934725164,9.358052999745404,2.388962909374417,38.04177214059931,0.25528418245113715,0.016788783573403687,True,0.0,2pct_UNFILTERED_early25pct
put,1999-02-23,1999-04-01,1999-03-05,early_25%,10,37,1.5808517456054716,0.02,15.722845204911618,13.289661770546585,6.01774885340291,94.61613370408833,0.4528142971057275,0.041560326956613325,True,0.0,2pct_UNFILTERED_early25pct
put,1999-03-08,1999-04-14,1999-03-11,early_25%,3,37,1.5916998291015574,0.02,15.60678421056099,13.10601747282558,4.516224215130933,70.48373677205865,0.3445916522311229,0.0309194961372499,True,0.0,2pct_UNFILTERED_early25pct
put,1999-03-12,1999-04-16,1999-03-15,early_25%,3,35,1.6040980529785145,0.02,15.479062194346142,13.153401081578561,3.1422839550123864,48.6396087719327,0.2388951675329949,0.021338861095625893,True,0.0,2pct_UNFILTERED_early25pct
put,1999-03-16,1999-04-22,1999-03-18,early_25%,2,37,1.620759735107427,0.02,15.342363494905204,13.435864377457602,3.7203257608372517,57.078590142224876,0.2768951558545896,0.025029083889471906,True,0.0,2pct_UNFILTERED_early25pct
call,1999-02-25,1999-04-01,1999-03-19,early_25%,22,35,1.5382301330566435,0.02,15.780515734614678,9.640951992129313,3.116203208910937,49.17529377047579,0.32322567433744565,0.021612974461049716,True,0.0,2pct_UNFILTERED_early25pct
call,1999-03-22,1999-04-28,1999-03-23,early_25%,1,37,1.6149810791015682,0.02,15.094281487312408,10.190592536143903,2.533699857462799,38.24437885290681,0.24863125951472348,0.01674536688544396,True,0.0,2pct_UNFILTERED_early25pct
put,1999-03-19,1999-04-23,1999-03-29,early_25%,10,35,1.61187332153321,0.02,15.413108415779135,13.138549086327753,7.317555035802944,112.78626910526135,0.5569530537749974,0.049426647650941465,True,0.0,2pct_UNFILTERED_early25pct
call,1999-03-24,1999-04-30,1999-03-31,early_25%,7,37,1.577305603027341,0.02,15.425431726034533,9.90684906670222,2.0480727072035663,31.592405714923327,0.206733007984074,0.01385483215161189,True,0.0,2pct_UNFILTERED_early25pct
put,1999-03-30,1999-05-06,1999-04-05,early_25%,6,37,1.6215835571289006,0.02,15.330201009778895,13.064635822168905,6.033580099475699,92.49599573356421,0.46182535675717323,0.04046837186635383,True,0.0,2pct_UNFILTERED_early25pct
put,1999-04-06,1999-05-13,1999-04-08,early_25%,2,37,1.64178054809571,0.02,15.151117043362115,13.213782552958925,5.274762179406312,79.91853915608486,0.39918639180460475,0.034940467042693164,True,0.0,2pct_UNFILTERED_early25pct
put,1999-04-09,1999-05-14,1999-04-12,early_25%,3,35,1.6763488769531278,0.02,14.806463028081126,13.226230930761073,3.1046941727731205,45.969539482664125,0.23473763531168498,0.02010699553916383,True,0.0,2pct_UNFILTERED_early25pct
call,1999-04-01,1999-05-07,1999-04-19,early_25%,18,36,1.6076011657714844,0.02,15.176598248497124,10.174171020863085,3.2665537575691923,49.5751740357463,0.3210633820554834,0.02169228838389991,True,0.0,2pct_UNFILTERED_early25pct
put,1999-04-13,1999-05-20,1999-04-22,early_25%,9,37,1.6833390808105406,0.02,14.770956134229174,13.562182447725807,4.58237148504244,67.68600819630448,0.3378786196620472,0.02960729077802361,True,0.0,2pct_UNFILTERED_early25pct
put,1999-04-23,1999-05-28,1999-04-27,early_25%,4,35,1.6880006408691344,0.02,14.754211826621884,13.497263939616989,2.785897613939939,41.10372352335034,0.20640461847699443,0.017938489269334897,True,0.0,2pct_UNFILTERED_early25pct
put,1999-04-28,1999-06-04,1999-05-11,early_25%,13,37,1.682563018798831,0.02,14.839224074012758,13.832169801712801,4.202407132459548,62.36046108879665,0.30381402142266756,0.027213409432227005,True,0.0,2pct_UNFILTERED_early25pct
call,1999-04-20,1999-05-27,1999-05-14,early_25%,24,37,1.6297396850585955,0.02,14.964573912758757,10.283244010050616,5.670049074533056,84.8498684648193,0.5513871954211409,0.03713420768193871,True,0.0,2pct_UNFILTERED_early25pct
call,1999-05-17,1999-06-23,1999-05-20,early_25%,3,37,1.667803497314452,0.02,14.682703898405759,10.449101370440792,2.4954255652413533,36.639594674950615,0.23881724148074607,0.015962423324854723,True,0.0,2pct_UNFILTERED_early25pct
call,1999-05-21,1999-06-25,1999-05-25,early_25%,4,35,1.6573171997070375,0.02,14.806057920915135,10.483821563429775,2.8495139005963184,42.1900678586819,0.27180106827992423,0.01835460531079761,True,0.0,2pct_UNFILTERED_early25pct
call,1999-05-26,1999-07-02,1999-06-01,early_25%,6,37,1.6211952209472713,0.02,15.081087952307236,10.145369824482199,2.6903930268422824,40.57405386408254,0.2651843228375951,0.01770296452819257,True,0.0,2pct_UNFILTERED_early25pct
put,1999-05-12,1999-06-18,1999-06-04,early_25%,23,37,1.6996527099609438,0.02,14.748960729775431,14.236343509110316,8.11027313350126,119.61809995376281,0.5696879348486654,0.05207942586119154,True,0.0,2pct_UNFILTERED_early25pct
call,1999-06-02,1999-07-09,1999-06-11,early_25%,9,37,1.614204254150394,0.02,15.184676600927046,10.15175774815,2.6254637994888155,39.866818722678836,0.2586215968330475,0.017356296184682353,True,0.0,2pct_UNFILTERED_early25pct
put,1999-06-07,1999-07-14,1999-06-16,early_25%,9,37,1.660034790039063,0.02,15.09787988449951,13.54876902726517,4.077234754070263,61.55760057785973,0.3009302724007877,0.02674390810684019,True,0.0,2pct_UNFILTERED_early25pct
call,1999-06-14,1999-07-21,1999-06-25,early_25%,11,37,1.6149810791015682,0.02,15.191882926060224,10.146611329881075,4.453401914691248,67.65556051068187,0.4389053418825932,0.02942423441666595,True,0.0,2pct_UNFILTERED_early25pct
put,1999-06-17,1999-07-23,1999-06-29,early_25%,12,36,1.6724644470214827,0.02,14.966776131156296,13.283679499446354,4.855388679275723,72.66951539247039,0.3655153438080232,0.031536122859857,True,0.0,2pct_UNFILTERED_early25pct
put,1999-06-30,1999-08-06,1999-07-01,early_25%,1,37,1.707900695800788,0.02,14.662571327752067,13.45628452859061,3.7909536165402287,55.58512780272076,0.2817236517617904,0.024094974994084212,True,0.0,2pct_UNFILTERED_early25pct
put,1999-07-02,1999-08-06,1999-07-09,early_25%,7,35,1.7378976440429739,0.02,14.348436316527794,13.048157561309415,6.1169610533605425,87.76882612482451,0.4687988342123216,0.03805462178398886,True,0.0,2pct_UNFILTERED_early25pct
put,1999-07-12,1999-08-18,1999-07-15,early_25%,3,37,1.7437405395507852,0.02,14.339494997148767,13.455259001260531,4.726040968211482,67.76904081998866,0.3512411740100084,0.029369104892736773,True,0.0,2pct_UNFILTERED_early25pct
call,1999-06-28,1999-08-04,1999-07-21,early_25%,23,37,1.6619305419921915,0.02,14.807923183487457,10.51921638559277,3.609589845867154,53.450529161497144,0.3431424655177629,0.023186875178015303,True,0.0,2pct_UNFILTERED_early25pct
call,1999-07-22,1999-08-27,1999-07-29,early_25%,7,36,1.6956277465820335,0.02,14.518154410692992,10.733376052998796,2.996529818202742,43.50408259691321,0.27917868556981584,0.01886634240586082,True,0.0,2pct_UNFILTERED_early25pct
call,1999-07-30,1999-09-03,1999-08-06,early_25%,7,35,1.6549183654785224,0.02,14.834819506050614,10.465351704946643,3.697694405652732,54.854629096391385,0.35332729466750246,0.02385201734658275,True,0.0,2pct_UNFILTERED_early25pct
call,1999-08-09,1999-09-15,1999-08-12,early_25%,3,37,1.6218040466308565,0.02,15.064866533742947,10.145437479800224,1.8946124669675726,28.542083948031948,0.18674527054548265,0.01246168892636078,True,0.0,2pct_UNFILTERED_early25pct
put,1999-07-16,1999-08-20,1999-08-20,early_25%,35,35,1.7678944396972724,0.02,14.0947842541646,12.958782695538284,12.958782695538284,182.6512462902137,1.0,0.07909864121130726,True,0.0,2pct_UNFILTERED_early25pct
put,1999-08-23,1999-09-29,1999-08-25,early_25%,2,37,1.7012777709961,0.02,14.82521104063552,13.674964862479664,5.9259217982780505,87.85304126977445,0.43334091589055174,0.03787673556993228,True,0.0,2pct_UNFILTERED_early25pct
call,1999-08-13,1999-09-17,1999-08-27,early_25%,14,35,1.6599821472167946,0.02,14.718304841709704,10.506306400412443,2.459027011670516,36.1927091717651,0.23405247457603012,0.015814501463251952,True,0.0,2pct_UNFILTERED_early25pct
put,1999-08-26,1999-10-01,1999-09-10,early_25%,15,36,1.7043942260742142,0.02,14.765838104403585,13.3969892484955,3.3722694065216245,49.79438410113147,0.2517184528531539,0.021473619163899393,True,0.0,2pct_UNFILTERED_early25pct
call,1999-08-30,1999-10-06,1999-09-13,early_25%,14,37,1.6525805664062432,0.02,14.98386490995154,10.436185054124952,2.5523742170550348,38.24443046799597,0.24456965872277214,0.016485876258310293,True,0.0,2pct_UNFILTERED_early25pct
call,1999-09-14,1999-10-21,1999-09-21,early_25%,7,37,1.6712800598144497,0.02,14.840168778086339,10.569295636044554,4.4314079692988955,65.76284218895245,0.41927183436769705,0.028305087334472203,True,0.0,2pct_UNFILTERED_early25pct
call,1999-09-22,1999-10-29,1999-09-27,early_25%,5,37,1.632817077636716,0.02,15.16857902045668,10.298481358058806,2.564495153007817,38.89974737597721,0.24901682722385457,0.016763244005643017,True,0.0,2pct_UNFILTERED_early25pct
put,1999-09-13,1999-10-20,1999-10-06,early_25%,23,37,1.6823832702636707,0.02,15.020475969272555,13.582105596229487,8.657511074747188,130.03993705195114,0.6374203921040482,0.05597906760354946,True,0.0,2pct_UNFILTERED_early25pct
put,1999-10-07,1999-11-12,1999-10-08,early_25%,1,36,1.6486402893066412,0.02,15.36512647150869,13.372563930446082,7.399246034200804,113.69035110930446,0.5533154354457425,0.0488426594474491,True,0.0,2pct_UNFILTERED_early25pct
call,1999-09-28,1999-11-04,1999-10-12,early_25%,14,37,1.6044946289062523,0.02,15.423538538256935,10.095447230123353,2.2168335208964525,34.19141724244624,0.2195874506957693,0.014744092541578963,True,0.0,2pct_UNFILTERED_early25pct
call,1999-10-13,1999-11-19,1999-10-18,early_25%,5,37,1.6025405883789006,0.02,15.501049893888089,10.08623086000768,2.065401546218606,32.01589241884822,0.20477436763895698,0.013753954985103805,True,0.0,2pct_UNFILTERED_early25pct
call,1999-10-19,1999-11-24,1999-10-26,early_25%,7,36,1.5876943969726511,0.02,15.576904930155811,9.986545771541058,2.222677280060685,34.62243268192259,0.2225671749680166,0.014939064709752842,True,0.0,2pct_UNFILTERED_early25pct
put,1999-10-11,1999-11-17,1999-10-28,early_25%,17,37,1.6709086608886707,0.02,15.127805204783309,13.075744817974385,8.208357738082835,124.17443691289286,0.6277545067107255,0.05329579115576187,True,0.0,2pct_UNFILTERED_early25pct
put,1999-10-29,1999-12-03,1999-11-05,early_25%,7,35,1.7127105712890653,0.02,14.792493685423329,13.593408701263755,4.903090894490862,72.5289410958127,0.3606962022730201,0.031095662215820385,True,0.0,2pct_UNFILTERED_early25pct
put,1999-11-08,1999-12-15,1999-11-12,early_25%,4,37,1.7252125549316446,0.02,14.680649089832674,13.742532131834556,4.648719330798956,68.24621721258124,0.3382724003264438,0.0292779739777851,True,0.0,2pct_UNFILTERED_early25pct
put,1999-11-15,1999-12-22,1999-11-16,early_25%,1,37,1.7511921691894514,0.02,14.476644751582999,14.110660536008915,4.730604541373202,68.48328140568506,0.33525039662751427,0.029381075438761922,True,0.0,2pct_UNFILTERED_early25pct
put,1999-11-17,1999-12-23,1999-11-18,early_25%,1,36,1.7705296325683548,0.02,14.282337934940648,13.866010426261424,3.5093769730983446,50.12210787088967,0.25309204776391825,0.021505254631121722,True,0.0,2pct_UNFILTERED_early25pct
call,1999-10-27,1999-12-03,1999-11-30,early_25%,34,37,1.6267611694335926,0.02,15.257227855402054,10.281246924815498,7.221864925607006,110.18563871092229,0.702430841163423,0.04738916030919041,True,0.0,2pct_UNFILTERED_early25pct
put,1999-11-19,1999-12-23,1999-12-03,early_25%,14,34,1.7814685058593795,0.02,14.139425612287486,13.4189053768026,9.013092433885149,127.43995000559022,0.6716712116821522,0.05471501767621944,True,0.0,2pct_UNFILTERED_early25pct
call,1999-12-01,2000-01-07,1999-12-08,early_25%,7,37,1.75529388427735,0.02,14.218045545268222,11.11014526847717,2.3773881605289375,33.801813145181875,0.21398353514551283,0.014459306069339949,True,0.0,2pct_UNFILTERED_early25pct
put,1999-12-06,2000-01-12,1999-12-17,early_25%,11,37,1.78498519897461,0.02,14.244093566832197,13.957934291598129,3.568788326339675,50.8341548406008,0.2556816970035372,0.021689410628987774,True,0.0,2pct_UNFILTERED_early25pct
put,1999-12-20,2000-01-26,1999-12-21,early_25%,1,37,1.7752670288085994,0.02,14.392371394523963,14.489264369261099,5.076427352543291,73.06182781512308,0.35035783896061046,0.031136574512498506,True,0.0,2pct_UNFILTERED_early25pct
put,1999-12-22,2000-01-28,1999-12-23,early_25%,1,37,1.8069898986816355,0.02,14.123172667488003,14.502004452355443,6.012215898156594,84.91156324388204,0.41457826867375414,0.03617524038185552,True,0.0,2pct_UNFILTERED_early25pct
call,1999-12-09,2000-01-14,2000-01-04,early_25%,26,36,1.7677957153320278,0.02,14.15056334896154,11.176199309857326,9.843140222602987,139.28597927265497,0.8807233970784155,0.05943804217542001,True,0.0,2pct_UNFILTERED_early25pct
call,2000-01-05,2000-02-11,2000-01-06,early_25%,1,37,1.754510345458982,0.02,14.258444806403647,11.026952922861044,2.936330871946968,41.867511670994936,0.2662866970130412,0.0178582774674021,True,0.0,2pct_UNFILTERED_early25pct
put,1999-12-27,2000-02-02,2000-01-07,early_25%,11,37,1.8332287597656318,0.02,13.931198916950704,14.833428240857643,5.110980970384604,71.20209255917766,0.34455831028371203,0.03033413094451913,True,0.0,2pct_UNFILTERED_early25pct
call,2000-01-07,2000-02-11,2000-01-12,early_25%,5,35,1.8265701293945256,0.02,13.692799087387998,11.553147153631441,4.66784167870067,63.9158182781842,0.4040320456953109,0.02728074936976369,True,0.0,2pct_UNFILTERED_early25pct
put,2000-01-10,2000-02-16,2000-01-14,early_25%,4,37,1.8328370666503844,0.02,13.956618876250701,14.567818716641776,5.5610556388675665,77.61353410129948,0.3817356425855854,0.03296106671689668,True,0.0,2pct_UNFILTERED_early25pct
call,2000-01-13,2000-02-18,2000-01-20,early_25%,7,36,1.8171722412109403,0.02,13.820291779183636,11.496824065511554,2.4067995640120756,33.26267222865885,0.20934473297126033,0.014139313285752927,True,0.0,2pct_UNFILTERED_early25pct
call,2000-01-21,2000-02-25,2000-01-24,early_25%,3,35,1.8101235961914028,0.02,13.901289365459567,11.428775233237653,3.6950402429043665,51.36582363363161,0.3233102556919916,0.021788902836821583,True,0.0,2pct_UNFILTERED_early25pct
call,2000-01-25,2000-03-02,2000-01-28,early_25%,3,37,1.778791809082037,0.02,14.118591081734516,11.25714941218208,5.853194807690308,82.63886401151116,0.5199535507058467,0.03512857666622594,True,0.0,2pct_UNFILTERED_early25pct
put,2000-01-18,2000-02-24,2000-02-08,early_25%,21,37,1.8273553466796812,0.02,14.00966483654306,14.481860846221457,8.124985751056617,113.82832717399128,0.5610456996744692,0.04829009415666303,True,0.0,2pct_UNFILTERED_early25pct
call,2000-01-31,2000-03-08,2000-02-11,early_25%,11,37,1.7490281677246031,0.02,14.315966410075806,11.037696640228301,5.544933249610072,79.38107814753027,0.5023632584175988,0.03383839858742088,True,0.0,2pct_UNFILTERED_early25pct
call,2000-02-14,2000-03-22,2000-02-17,early_25%,3,37,1.748244934082038,0.02,14.420337311383793,11.0455881417343,3.242556422229679,46.758757359745786,0.2935612283041866,0.019798376457297817,True,0.0,2pct_UNFILTERED_early25pct
call,2000-02-18,2000-03-24,2000-02-24,early_25%,6,35,1.6957658386230463,0.02,14.879010118562034,10.695336738102332,5.216539069610021,77.61693760060167,0.48773958196435324,0.032832943874943864,True,0.0,2pct_UNFILTERED_early25pct
put,2000-02-09,2000-03-17,2000-03-01,early_25%,21,37,1.7705670166015608,0.02,14.514934606172835,14.29583273994012,6.070141990396403,88.1077140407876,0.4246091921205444,0.03729484875982037,True,0.0,2pct_UNFILTERED_early25pct
put,2000-03-02,2000-04-07,2000-03-03,early_25%,1,36,1.7361050415039045,0.02,14.7945494200425,13.616442781470612,7.625873824433245,112.82136716658614,0.5600489016713387,0.04766348050162462,True,0.0,2pct_UNFILTERED_early25pct
call,2000-02-25,2000-03-31,2000-03-14,early_25%,18,35,1.670897827148437,0.02,15.074892947744834,10.556719741414241,3.0099475546246017,45.37463716429222,0.285121479811244,0.019228829344095325,True,0.0,2pct_UNFILTERED_early25pct
put,2000-03-06,2000-04-12,2000-03-16,early_25%,10,37,1.7513772583007778,0.02,14.682292268818523,13.879731596831373,12.595435684615005,184.92986797462382,0.9074696867690466,0.07810735675154651,True,0.0,2pct_UNFILTERED_early25pct
put,2000-03-17,2000-04-20,2000-03-21,early_25%,4,34,1.8461328125000023,0.02,13.942366378723497,14.623497774240068,6.659843824343857,92.8539826240811,0.45542071583417365,0.03917790639043624,True,0.0,2pct_UNFILTERED_early25pct
put,2000-03-22,2000-04-28,2000-03-23,early_25%,1,37,1.8857890319824264,0.02,13.632959530207918,14.942852422559868,3.3963807468519462,46.30272127100993,0.22729132636847058,0.019560343210291438,True,0.0,2pct_UNFILTERED_early25pct
call,2000-03-15,2000-04-20,2000-04-13,early_25%,29,36,1.752161560058596,0.02,14.43179939513138,11.090826179944626,3.796718214100741,54.79347562574337,0.34232961120302197,0.02313304240197328,True,0.0,2pct_UNFILTERED_early25pct
put,2000-03-24,2000-04-28,2000-04-25,early_25%,32,35,1.9293705749511787,0.02,13.31111248825211,15.535832951740632,14.509833382281508,193.14202433734474,0.9339591528406482,0.08179105538661961,True,0.0,2pct_UNFILTERED_early25pct
put,2000-04-26,2000-06-02,2000-05-01,early_25%,5,37,1.8404405212402395,0.02,14.118571317475602,15.545558071645877,3.20689977724593,45.276843213043286,0.20629042472879208,0.019032216253808527,True,0.0,2pct_UNFILTERED_early25pct
call,2000-04-14,2000-05-19,2000-05-03,early_25%,19,35,1.7087136840820278,0.02,14.767288084557816,10.410874070306486,3.231612025624253,47.72214575991478,0.31040736866094065,0.020139611553353143,True,0.0,2pct_UNFILTERED_early25pct
call,2000-05-04,2000-06-09,2000-05-09,early_25%,5,36,1.7817425537109415,0.02,14.244930625144997,11.00199268973046,2.5553519079032565,36.4008106509138,0.23226264368349261,0.015285740989064966,True,0.0,2pct_UNFILTERED_early25pct
put,2000-05-02,2000-06-08,2000-05-12,early_25%,10,37,1.810796813964842,0.02,14.39088336850501,15.515647103508867,3.901870264596676,56.15135989684855,0.25147969907837536,0.02356713691629479,True,0.0,2pct_UNFILTERED_early25pct
call,2000-05-10,2000-06-16,2000-05-22,early_25%,12,37,1.7354121398925741,0.02,14.649538089866438,10.742779031010896,4.477948803311605,65.5998815585852,0.4168333715498782,0.02750609245389908,True,0.0,2pct_UNFILTERED_early25pct
put,2000-05-15,2000-06-21,2000-05-31,early_25%,16,37,1.8253237915039051,0.02,14.248386956433365,15.083588592020906,3.486663899460531,49.67933642654052,0.2311561256254992,0.020822269828489105,True,0.0,2pct_UNFILTERED_early25pct
put,2000-06-01,2000-07-07,2000-06-02,early_25%,1,36,1.8257179260253906,0.02,14.216209090386382,14.581226032475502,5.912655463722791,84.05554635169865,0.4054978264896275,0.03519635408370867,True,0.0,2pct_UNFILTERED_early25pct
put,2000-06-05,2000-07-12,2000-06-13,early_25%,8,37,1.8484895324707082,0.02,14.03419365410434,14.888938263763002,5.237021061392658,73.49736774620763,0.3517390540961961,0.030813253705037617,True,0.0,2pct_UNFILTERED_early25pct
put,2000-06-14,2000-07-21,2000-06-19,early_25%,5,37,1.8575199890136673,0.02,13.975510179943283,14.716783144091444,4.67349854529313,65.31452649569427,0.3175625066656952,0.02732477358303525,True,0.0,2pct_UNFILTERED_early25pct
call,2000-05-23,2000-06-29,2000-06-22,early_25%,30,37,1.7338421630859386,0.02,14.673666499694457,10.915562417509083,7.948628490643211,116.6355236016682,0.7281922989046566,0.048924074276948136,True,0.0,2pct_UNFILTERED_early25pct
call,2000-06-23,2000-07-28,2000-06-29,early_25%,6,35,1.8182092285156273,0.02,14.055409332548878,11.50801549294658,5.4267770985907156,76.27557347719447,0.47156498024501803,0.03186356913726994,True,0.0,2pct_UNFILTERED_early25pct
put,2000-06-20,2000-07-27,2000-07-03,early_25%,13,37,1.8630740356445301,0.02,13.939216973912322,14.6338975388805,5.7269293984278296,79.82891147896268,0.39134682904619694,0.03335942470688951,True,0.0,2pct_UNFILTERED_early25pct
put,2000-07-05,2000-08-11,2000-07-07,early_25%,2,37,1.8213574218750068,0.02,14.294215899115018,14.364714641203935,9.462366629394904,135.25711151715203,0.6587229099736466,0.056400480868389176,True,0.0,2pct_UNFILTERED_early25pct
put,2000-07-10,2000-08-16,2000-07-12,early_25%,2,37,1.861893005371087,0.02,13.985724631400808,14.503902840490191,3.1489460316362177,44.04029207760648,0.21711025413417567,0.018341373663010356,True,0.0,2pct_UNFILTERED_early25pct
put,2000-07-13,2000-08-18,2000-07-14,early_25%,1,36,1.886292572021489,0.02,13.797002438893129,14.563110855358513,4.043974539412606,55.794726583097436,0.27768617430558257,0.02323240115487955,True,0.0,2pct_UNFILTERED_early25pct
call,2000-06-30,2000-08-04,2000-07-19,early_25%,19,35,1.8296217346191384,0.02,13.975782660531152,11.501438645391355,2.436204507309382,34.0478647107623,0.21181737193247327,0.014208527158805934,True,0.0,2pct_UNFILTERED_early25pct
call,2000-07-20,2000-08-25,2000-07-21,early_25%,1,36,1.8969189453125068,0.02,13.51422155108982,11.905085009776975,5.360609144514623,72.44445962776868,0.45027894719880257,0.030151894614359173,True,0.0,2pct_UNFILTERED_early25pct
call,2000-07-24,2000-08-30,2000-07-27,early_25%,3,37,1.8492993164062455,0.02,13.873451392798568,11.662812914196682,3.6241067747738267,50.278869182136674,0.3107403678200432,0.02091629849571137,True,0.0,2pct_UNFILTERED_early25pct
put,2000-07-17,2000-08-23,2000-08-07,early_25%,21,37,1.901641845703125,0.02,13.675059769453513,14.606373408483748,4.363375707085913,59.669423590981346,0.29873094333953937,0.02485435241080651,True,0.0,2pct_UNFILTERED_early25pct
put,2000-08-08,2000-09-14,2000-08-14,early_25%,6,37,1.8725190734863304,0.02,13.89979065057464,14.221088739337773,4.873020682823656,67.7339673271691,0.34266157620858606,0.02816273263913158,True,0.0,2pct_UNFILTERED_early25pct
put,2000-08-15,2000-09-21,2000-08-17,early_25%,2,37,1.8784217834472656,0.02,13.85264674523666,14.055781358603145,3.4342444050363277,47.57337457977369,0.24432966886855592,0.019761295847053825,True,0.0,2pct_UNFILTERED_early25pct
put,2000-08-18,2000-09-22,2000-08-23,early_25%,5,35,1.8851126098632847,0.02,13.776385617058631,13.711370321861677,3.929249094130048,54.13085070621385,0.2865686654137826,0.022478555788529354,True,0.0,2pct_UNFILTERED_early25pct
put,2000-08-24,2000-09-29,2000-08-28,early_25%,4,36,1.9055770874023494,0.02,13.649958762634176,13.926863791467731,3.073507479410919,41.95325035060676,0.22068913184129066,0.01740074039900793,True,0.0,2pct_UNFILTERED_early25pct
call,2000-07-28,2000-09-01,2000-08-28,early_25%,31,35,1.7894796752929665,0.02,14.327260571007008,11.299004107149365,4.226279278378065,60.55100446717,0.3740399807186473,0.025209098774658763,True,0.0,2pct_UNFILTERED_early25pct
call,2000-08-29,2000-10-05,2000-09-08,early_25%,10,37,1.911677551269534,0.02,13.464039077022083,11.85332490700856,5.884936105234862,79.23500968666032,0.4964797768898796,0.03281908822405689,True,0.0,2pct_UNFILTERED_early25pct
call,2000-09-11,2000-10-18,2000-09-15,early_25%,4,37,1.8839317321777287,0.02,13.670654240515134,11.804869484050709,6.85951902301538,93.77411281987943,0.5810753801457205,0.03884469626798648,True,0.0,2pct_UNFILTERED_early25pct
call,2000-09-18,2000-10-25,2000-09-21,early_25%,3,37,1.8263278198242148,0.02,14.095440259330127,11.528718706475216,4.1397942232687175,58.352222160004175,0.35908537008050706,0.024194599146323652,True,0.0,2pct_UNFILTERED_early25pct
call,2000-09-22,2000-10-27,2000-09-26,early_25%,4,35,1.8342176818847662,0.02,13.991996301519501,11.57850108450158,4.722903933668265,66.08285437231827,0.40790287958690225,0.027483788066079054,True,0.0,2pct_UNFILTERED_early25pct
call,2000-09-27,2000-11-03,2000-10-03,early_25%,6,37,1.8073889160156256,0.02,14.208210111412264,11.436567386261803,2.3794702892166963,33.80801382305373,0.20805808323877314,0.014054563634878031,True,0.0,2pct_UNFILTERED_early25pct
put,2000-08-29,2000-10-05,2000-10-04,early_25%,36,37,1.911677551269534,0.02,13.626763570694337,13.994614708823343,4.395070212899586,59.89058266778389,0.31405439194610885,0.024806639440533622,True,0.0,2pct_UNFILTERED_early25pct
call,2000-10-04,2000-11-10,2000-10-06,early_25%,2,37,1.8140960693359318,0.02,14.199572884124695,11.477659937177243,2.894263362288104,41.09730355866173,0.2521649341529371,0.01703189667066633,True,0.0,2pct_UNFILTERED_early25pct
call,2000-10-09,2000-11-15,2000-10-11,early_25%,2,37,1.7675416564941457,0.02,14.605862553922025,11.174166974343965,2.1979658751522333,32.10318747068445,0.1967006471443278,0.013274344079839365,True,0.0,2pct_UNFILTERED_early25pct
call,2000-10-12,2000-11-17,2000-10-25,early_25%,13,36,1.6807420349121145,0.02,15.289078140924705,10.393002862243684,2.859381126743828,43.71730148147171,0.2751255979281558,0.01813393806831864,True,0.0,2pct_UNFILTERED_early25pct
put,2000-10-05,2000-11-10,2000-10-31,early_25%,26,36,1.8204093933105412,0.02,14.435288365538327,14.271363826588185,10.359074250619216,149.5362240077112,0.7258643516129691,0.06174584527302129,True,0.0,2pct_UNFILTERED_early25pct
put,2000-11-01,2000-12-08,2000-11-06,early_25%,5,37,1.7987103271484415,0.02,14.689042807512594,14.766691779013833,3.1598836940882293,46.41566684922303,0.21398724517152864,0.019138707535959667,True,0.0,2pct_UNFILTERED_early25pct
call,2000-10-26,2000-12-01,2000-11-10,early_25%,15,36,1.7257197570800713,0.02,14.91967433520587,10.770354220057188,5.830962379281726,86.99605975972052,0.5413900286049055,0.03603772524440357,True,0.0,2pct_UNFILTERED_early25pct
call,2000-11-13,2000-12-20,2000-11-17,early_25%,4,37,1.7115164184570375,0.02,15.07966950132841,10.63896854724414,2.3056289091667725,34.768121942943274,0.21671545497368822,0.014364154940461631,True,0.0,2pct_UNFILTERED_early25pct
call,2000-11-20,2000-12-27,2000-11-22,early_25%,2,37,1.7004696655273506,0.02,15.208726170790744,10.647468389191475,2.6023466264371518,39.57837724296371,0.24440989456976103,0.016325939895790318,True,0.0,2pct_UNFILTERED_early25pct
call,2000-11-24,2000-12-29,2000-12-01,early_25%,7,35,1.7024424743652276,0.02,15.146832250430863,10.737446837217327,4.365803623575631,66.12809512462329,0.4065960642005893,0.027370642550488482,True,0.0,2pct_UNFILTERED_early25pct
put,2000-11-07,2000-12-14,2000-12-05,early_25%,28,37,1.8148860168457048,0.02,14.573385785909883,15.005630354746119,4.033290682185731,58.77870109820831,0.26878515509413736,0.024226445803848962,True,0.0,2pct_UNFILTERED_early25pct
call,2000-12-04,2001-01-10,2000-12-08,early_25%,4,37,1.6835043334960886,0.02,15.329546674633336,10.526155678027086,4.536476460699167,69.54212764266333,0.43097181910095383,0.02874384427812285,True,0.0,2pct_UNFILTERED_early25pct
put,2000-12-06,2001-01-12,2000-12-11,early_25%,5,37,1.7109243774414011,0.02,15.496541703500842,14.170951568683495,8.438727948763457,130.77109958251103,0.5954947984870876,0.053776752657873565,True,0.0,2pct_UNFILTERED_early25pct
call,2000-12-11,2001-01-17,2000-12-13,early_25%,2,37,1.7501818847656239,0.02,14.855117522961633,11.071635485582327,3.5562818147773543,52.82898430328887,0.32120654797643994,0.021691714463633844,True,0.0,2pct_UNFILTERED_early25pct
call,2000-12-14,2001-01-19,2000-12-15,early_25%,1,36,1.6969184875488281,0.02,15.335537313134752,10.719666007389977,2.0756365216712513,31.831001326594706,0.19362884256285026,0.013056602015511964,True,0.0,2pct_UNFILTERED_early25pct
call,2000-12-18,2001-01-24,2000-12-19,early_25%,1,37,1.6807527160644469,0.02,15.43049673324424,10.512459917146009,3.206058744021858,49.47107897621841,0.30497702433972845,0.02034781373630188,True,0.0,2pct_UNFILTERED_early25pct
put,2000-12-12,2001-01-18,2001-01-03,early_25%,22,37,1.7426850891113332,0.02,15.248854967637794,14.40389065047423,4.067735889689811,62.02831462853501,0.28240535757995955,0.02544487913552811,True,0.0,2pct_UNFILTERED_early25pct
call,2000-12-20,2001-01-26,2001-01-05,early_25%,16,37,1.598832702636713,0.02,16.19725437766702,9.790861161009822,3.680084994161584,59.60727278187042,0.37586938816135995,0.02451879489551299,True,0.0,2pct_UNFILTERED_early25pct
call,2001-01-08,2001-02-14,2001-01-12,early_25%,4,37,1.6486973571777384,0.02,15.761732035523446,10.207617414550342,1.8794313219310563,29.623092875446908,0.18412047058621542,0.012151852971820344,True,0.0,2pct_UNFILTERED_early25pct
put,2001-01-04,2001-02-09,2001-01-16,early_25%,12,36,1.691239929199213,0.02,15.748330382765385,14.235262126531717,5.30277038986117,83.50978004347931,0.3725095008948134,0.0342359987243661,True,0.0,2pct_UNFILTERED_early25pct
put,2001-01-17,2001-02-23,2001-01-18,early_25%,1,37,1.6900526428222662,0.02,15.771900704504393,13.97658152058647,3.781167032647538,59.63619098606249,0.2705358980003915,0.02439011262490801,True,0.0,2pct_UNFILTERED_early25pct
put,2001-01-19,2001-02-23,2001-01-23,early_25%,4,35,1.6971760559082014,0.02,15.673074716363345,13.654152191495763,6.96474896272197,109.15903087345554,0.5100828572175895,0.044627674263371914,True,0.0,2pct_UNFILTERED_early25pct
put,2001-01-24,2001-03-02,2001-01-30,early_25%,6,37,1.7270561218261662,0.02,15.409552091976238,13.787088685683935,3.7867874409347824,58.35269833232592,0.27466186134472753,0.023828483663251958,True,0.0,2pct_UNFILTERED_early25pct
call,2001-01-16,2001-02-22,2001-02-02,early_25%,17,37,1.6823359680175827,0.02,15.509044631587116,10.60843181590715,6.7163414754522,104.16403970376784,0.6331135074442548,0.04260957618065033,True,0.0,2pct_UNFILTERED_early25pct
call,2001-02-05,2001-03-14,2001-02-07,early_25%,2,37,1.7196464538574219,0.02,15.20906765285272,10.884412694197412,2.172154055016529,33.03643797516476,0.1995655729017447,0.013484920022284939,True,0.0,2pct_UNFILTERED_early25pct
call,2001-02-08,2001-03-16,2001-02-13,early_25%,5,36,1.6858340454101608,0.02,15.5234019198058,10.662529192055448,2.749973729952445,42.6889474789593,0.25791007747030836,0.017413617571937705,True,0.0,2pct_UNFILTERED_early25pct
call,2001-02-14,2001-03-23,2001-02-20,early_25%,6,37,1.6724107360839895,0.02,15.642174715196859,10.581017173180044,4.26188295180482,66.6651177478499,0.4027857513177009,0.027204656048155883,True,0.0,2pct_UNFILTERED_early25pct
call,2001-02-21,2001-03-30,2001-03-02,early_25%,9,37,1.5908534240722645,0.02,16.393358501678893,10.018862497284687,3.877673301746678,63.56808858792217,0.3870372812080818,0.026013046689566742,True,0.0,2pct_UNFILTERED_early25pct
put,2001-01-31,2001-03-09,2001-03-09,expired,37,37,1.7352238464355452,0.02,15.34038443453914,13.85042449320756,-159.67196015034696,-2449.429252122736,-11.528308047789604,-1.0000000000000002,False,159.67196015034696,2pct_UNFILTERED_early25pct
call,2001-03-05,2001-04-11,2001-03-09,early_25%,4,37,1.5797094726562477,0.02,16.404166140525323,9.90326211977274,3.52192700089107,57.77427565741919,0.3556330185241922,0.02378592599338502,True,0.0,2pct_UNFILTERED_early25pct
put,2001-03-12,2001-04-18,2001-03-13,early_25%,1,37,1.495368194580081,0.02,17.641050911836878,13.014437043238095,4.988500126586299,88.00238470681361,0.3833051026343219,0.03653979690620024,True,0.0,2pct_UNFILTERED_early25pct
call,2001-03-12,2001-04-18,2001-03-16,early_25%,4,37,1.495368194580081,0.02,17.165735504263946,9.23416256422234,3.749715115611461,64.36661789092685,0.406069861726248,0.02672590240718059,True,0.0,2pct_UNFILTERED_early25pct
call,2001-03-19,2001-04-25,2001-03-20,early_25%,1,37,1.4901235961914097,0.02,17.233796406806707,9.228773837888845,2.026401259484939,34.92258674446013,0.21957426794505722,0.014496703945312023,True,0.0,2pct_UNFILTERED_early25pct
put,2001-03-14,2001-04-20,2001-03-27,early_25%,13,37,1.4899220275878946,0.02,17.70356903003528,12.89049390548227,8.303286831041458,146.99781158952533,0.644140317037046,0.06100795427918459,True,0.0,2pct_UNFILTERED_early25pct
call,2001-03-21,2001-04-27,2001-04-03,early_25%,13,37,1.4254905700683622,0.02,18.001134186763327,8.71899676822383,3.8528686314117575,69.35600523801422,0.4418935726015455,0.028789261728958973,True,0.0,2pct_UNFILTERED_early25pct
put,2001-03-28,2001-05-04,2001-04-10,early_25%,13,37,1.4607919311523432,0.02,18.06336958431324,12.52563375250187,6.386283254313777,115.35779469278044,0.5098570962956809,0.04781814340843275,True,0.0,2pct_UNFILTERED_early25pct
put,2001-04-11,2001-05-18,2001-04-12,early_25%,1,37,1.4822509765624972,0.02,17.829482212482564,12.695968516772755,5.223479400926972,93.13193306609652,0.41142819423553134,0.03854137803505944,True,0.0,2pct_UNFILTERED_early25pct
put,2001-04-16,2001-05-23,2001-04-17,early_25%,1,37,1.4932983398437472,0.02,17.67376348116996,12.533410960618824,2.9802770762143,52.67271215336427,0.2377865918207434,0.021786220796846046,True,0.0,2pct_UNFILTERED_early25pct
put,2001-04-18,2001-05-25,2001-04-27,early_25%,9,37,1.5745668029785094,0.02,16.738774791958352,12.904172028816605,6.334829385403135,106.03728242774302,0.49091327760174625,0.043823725103496976,True,0.0,2pct_UNFILTERED_early25pct
put,2001-04-30,2001-06-06,2001-05-04,early_25%,4,37,1.6083428955078176,0.02,16.369952925275744,13.380372375308447,3.6010158928016835,58.948460648333366,0.2691267321862313,0.02442129691621822,True,0.0,2pct_UNFILTERED_early25pct
call,2001-04-04,2001-05-11,2001-05-09,early_25%,35,37,1.4075863647460949,0.02,18.21368487962877,8.486387722373939,2.622561510956708,47.76650893800857,0.30903154519354037,0.019826997240132607,True,0.0,2pct_UNFILTERED_early25pct
put,2001-05-07,2001-06-13,2001-05-15,early_25%,8,37,1.6030096435546852,0.02,16.41221034923612,13.246492531880847,2.9361301809815323,48.18838614300962,0.2216534055271638,0.019966276064721306,True,0.0,2pct_UNFILTERED_early25pct
put,2001-05-16,2001-06-22,2001-05-21,early_25%,5,37,1.6374224853515642,0.02,16.108192249259762,13.046777693860973,7.841549970568969,126.31319445810217,0.601033462404953,0.05203573754932076,True,0.0,2pct_UNFILTERED_early25pct
call,2001-05-10,2001-06-15,2001-05-25,early_25%,15,36,1.6002162170410088,0.02,16.18149948549944,10.122211730499464,5.429358319371841,87.85515885150754,0.5363806314199612,0.03622001127508105,True,0.0,2pct_UNFILTERED_early25pct
call,2001-05-29,2001-07-05,2001-06-06,early_25%,8,37,1.6136766052246116,0.02,16.0620283824972,10.21353795932088,2.9000128025784786,46.58008794462077,0.28393812351105285,0.019185800250780996,True,0.0,2pct_UNFILTERED_early25pct
call,2001-06-07,2001-07-13,2001-06-11,early_25%,4,36,1.6277709960937443,0.02,15.937056874611697,10.248450912562012,3.610657441725352,57.5432530035169,0.35231250776637846,0.02367199521253484,True,0.0,2pct_UNFILTERED_early25pct
call,2001-06-12,2001-07-19,2001-06-14,early_25%,2,37,1.5984394836425793,0.02,16.231264732222208,10.100628492823585,4.023307312187374,65.30336608319864,0.3983224722150608,0.026868025335899316,True,0.0,2pct_UNFILTERED_early25pct
call,2001-06-15,2001-07-20,2001-06-22,early_25%,7,35,1.5516658020019491,0.02,16.65080684972075,9.823285595600026,2.9008912694327513,48.30218021936598,0.29530763828469947,0.019958893028567983,True,0.0,2pct_UNFILTERED_early25pct
put,2001-05-22,2001-06-28,2001-06-28,early_25%,37,37,1.669548187255856,0.02,15.78610930480584,13.203252979544489,13.203252979544489,208.4279947140927,1.0,0.08587394161144961,True,0.0,2pct_UNFILTERED_early25pct
put,2001-06-29,2001-08-03,2001-07-02,early_25%,3,35,1.561217651367187,0.02,16.90592898615361,11.805812310295613,4.535923606676301,76.68400238108731,0.3842110553223527,0.03143050728516418,True,0.0,2pct_UNFILTERED_early25pct
call,2001-06-25,2001-08-01,2001-07-05,early_25%,10,37,1.5500106811523438,0.02,16.744348365832842,9.794009174199077,3.8456942927373854,64.39364494608992,0.39265782013644823,0.026484210346130757,True,0.0,2pct_UNFILTERED_early25pct
call,2001-07-06,2001-08-10,2001-07-23,early_25%,17,35,1.5160105895996026,0.02,17.171443657093125,9.587558449363456,5.140809138401328,88.27511447192785,0.5361958589929264,0.03619943963016199,True,0.0,2pct_UNFILTERED_early25pct
put,2001-07-03,2001-08-09,2001-07-31,early_25%,28,37,1.58031814575196,0.02,16.716982860232825,12.029315530296477,5.1961531387514075,86.86400295965228,0.43195750628243285,0.03558948081534862,True,0.0,2pct_UNFILTERED_early25pct
call,2001-07-24,2001-08-30,2001-08-06,early_25%,13,37,1.5000923156738253,0.02,17.337592892280544,9.460192495171386,2.7207172413050325,47.17068790475526,0.2875963932756891,0.019357779030471957,True,0.0,2pct_UNFILTERED_early25pct
call,2001-08-07,2001-09-10,2001-08-08,early_25%,1,34,1.5379129028320335,0.02,16.966190415344627,9.708241656228425,2.331512155111282,39.55687917930853,0.24015802631112665,0.016181724202320783,True,0.0,2pct_UNFILTERED_early25pct
call,2001-08-09,2001-09-10,2001-08-15,early_25%,6,32,1.5138456726074168,0.02,17.223090969885913,9.560532197266141,3.897430484550134,67.1257997842135,0.4076583190279527,0.027480747412141945,True,0.0,2pct_UNFILTERED_early25pct
call,2001-08-16,2001-09-21,2001-08-21,early_25%,5,36,1.5109158325195295,0.02,17.28137433595608,9.55724609085287,3.1290368306479426,54.07405678142071,0.32739942038771064,0.022107969651819166,True,0.0,2pct_UNFILTERED_early25pct
put,2001-08-01,2001-09-07,2001-08-24,early_25%,23,37,1.5549766540527372,0.02,17.059057085845687,12.155676786004802,3.6697521887382685,62.60251207859328,0.3018961636889988,0.0256013762895777,True,0.0,2pct_UNFILTERED_early25pct
call,2001-08-22,2001-09-28,2001-08-28,early_25%,6,37,1.4901597595214895,0.02,17.48879727361972,9.432179174154829,2.3808843277241714,41.63880333950641,0.2524214482956438,0.017057025118115472,True,0.0,2pct_UNFILTERED_early25pct
call,2001-08-29,2001-10-05,2001-09-04,early_25%,6,37,1.4713131713867256,0.02,17.770314301389934,9.311204302872087,2.056304804576836,36.54118267678859,0.2208419810896598,0.014920208395321278,True,0.0,2pct_UNFILTERED_early25pct
call,2001-09-05,2001-10-12,2001-09-07,early_25%,2,37,1.4478831481933554,0.02,18.00718095186665,9.10163244735378,2.856360162632898,51.43499431223385,0.3138294343520057,0.021051146013005576,True,0.0,2pct_UNFILTERED_early25pct
call,2001-09-10,2001-10-17,2001-09-17,early_25%,7,37,1.401402282714841,0.02,18.489502551026753,8.576500420494327,1.6337067399425118,30.206424935796672,0.19048640585834067,0.012417607547521477,True,0.0,2pct_UNFILTERED_early25pct
call,2001-09-18,2001-10-25,2001-09-20,early_25%,2,37,1.3249963378906244,0.02,19.413141941318482,7.688473932296425,1.444549089117392,28.04323650823825,0.18788502137587765,0.011573877614591232,True,0.0,2pct_UNFILTERED_early25pct
put,2001-08-27,2001-10-03,2001-10-03,expired,37,37,1.5065869140624955,0.02,17.647258926972935,11.777400985177277,-100.84136887574562,-1779.5737471006726,-8.562276940613797,-0.7260975799548381,False,100.84136887574562,2pct_UNFILTERED_early25pct
put,2001-10-04,2001-11-09,2001-10-10,early_25%,6,36,1.3732991027832,0.02,19.29079695800706,12.069727404651106,2.57004924405215,49.57829813908956,0.21293349533824382,0.020517687145995726,True,0.0,2pct_UNFILTERED_early25pct
call,2001-09-21,2001-10-26,2001-10-18,early_25%,27,35,1.2434346771240286,0.02,20.571499315026017,7.0469305215148434,1.9296005814229078,39.69477703901515,0.27382142842641666,0.016450618472075452,True,0.0,2pct_UNFILTERED_early25pct
put,2001-10-11,2001-11-16,2001-10-25,early_25%,14,36,1.4060218811035128,0.02,18.849350784552247,12.312523023209312,7.469170087874592,140.7890070558331,0.6066319692393737,0.05822113638539073,True,0.0,2pct_UNFILTERED_early25pct
call,2001-10-19,2001-11-23,2001-10-29,early_25%,10,35,1.3721496582031278,0.02,18.762780112752786,8.326642055998612,3.4656210202530646,65.02468515714222,0.41620871858619046,0.026888556845461938,True,0.0,2pct_UNFILTERED_early25pct
put,2001-10-26,2001-11-30,2001-11-06,early_25%,11,35,1.4101112365722628,0.02,18.786631873395738,11.990118461348287,6.79985792525641,127.7464276331847,0.5671218301284212,0.052703495178424285,True,0.0,2pct_UNFILTERED_early25pct
put,2001-11-07,2001-12-14,2001-11-13,early_25%,6,37,1.434780426025391,0.02,18.496102652190416,12.362369000228698,7.330761442455708,135.59051615838027,0.592990020142587,0.055910641657463386,True,0.0,2pct_UNFILTERED_early25pct
put,2001-11-14,2001-12-21,2001-11-19,early_25%,5,37,1.4655853271484318,0.02,18.08695932132036,12.329291783262702,5.11834695541716,92.5753331750341,0.4151371421321567,0.038131385679414605,True,0.0,2pct_UNFILTERED_early25pct
put,2001-11-20,2001-12-27,2001-11-23,early_25%,3,37,1.4673754882812489,0.02,18.042953983880768,12.024301583699135,2.767199135485285,49.92844666579564,0.23013387648532255,0.020541403255349023,True,0.0,2pct_UNFILTERED_early25pct
call,2001-10-30,2001-12-06,2001-11-27,early_25%,28,37,1.3569386291503918,0.02,18.991302449539837,8.216203957248874,3.8903664924044437,73.88312669680822,0.4734992598342337,0.030518025858104283,True,0.0,2pct_UNFILTERED_early25pct
put,2001-11-26,2002-01-02,2001-12-05,early_25%,9,37,1.481819000244144,0.02,17.883487144130363,12.09565627173933,6.344570574113944,113.46304629719451,0.5245329754399186,0.046621689299064274,True,0.0,2pct_UNFILTERED_early25pct
call,2001-11-28,2002-01-04,2001-12-10,early_25%,12,37,1.4487133789062483,0.02,17.93191521904938,9.119697004430202,1.7538266215703846,31.449470286911936,0.19231193982852762,0.012919376960170073,True,0.0,2pct_UNFILTERED_early25pct
call,2001-12-11,2002-01-17,2001-12-13,early_25%,2,37,1.4590670776367176,0.02,17.802417077069713,9.200083275728483,2.2137358559398823,39.4098490059057,0.24062128456816537,0.016193332724231815,True,0.0,2pct_UNFILTERED_early25pct
put,2001-12-06,2002-01-11,2001-12-24,early_25%,18,36,1.499841156005857,0.02,17.675061275165802,12.184774601623522,3.5966966013053945,63.57183281625343,0.29517957606094447,0.02610097098601134,True,0.0,2pct_UNFILTERED_early25pct
call,2001-12-14,2002-01-18,2001-12-31,early_25%,17,35,1.4460296630859375,0.02,17.946035167424633,9.144512673497921,4.448161757979598,79.82686733909524,0.4864296126868514,0.03283783063080182,True,0.0,2pct_UNFILTERED_early25pct
put,2001-12-26,2002-02-01,2002-01-03,early_25%,8,37,1.4796049499511668,0.02,17.930826476087436,11.852738195873789,6.348554992339788,113.83483794154334,0.535619271043198,0.04664359432287037,True,0.0,2pct_UNFILTERED_early25pct
call,2002-01-02,2002-02-08,2002-01-09,early_25%,7,37,1.4817854309082037,0.02,17.58033524015832,9.378802892309087,1.951464725092852,34.307404076475734,0.20807183470004625,0.014059570445174238,True,0.0,2pct_UNFILTERED_early25pct
call,2002-01-10,2002-02-15,2002-01-14,early_25%,4,36,1.4888391113281187,0.02,17.506926804896192,9.424125386960776,2.5902100371348666,45.34661752942756,0.2748488513022845,0.018573168051865624,True,0.0,2pct_UNFILTERED_early25pct
call,2002-01-15,2002-02-21,2002-01-16,early_25%,1,37,1.476911468505861,0.02,17.639487027531274,9.34797964273434,2.616356354295097,46.15118397098738,0.27988468677599704,0.018912075002332343,True,0.0,2pct_UNFILTERED_early25pct
call,2002-01-17,2002-02-22,2002-01-22,early_25%,5,36,1.4579293823242239,0.02,17.858081469405814,9.228009730134834,1.8198161888911777,32.49842576056225,0.1972057076347044,0.013325648164936393,True,0.0,2pct_UNFILTERED_early25pct
call,2002-01-23,2002-03-01,2002-01-29,early_25%,6,37,1.452285461425788,0.02,17.93578648611714,9.190959697451397,3.956348792965146,70.96022721523013,0.4304609010593551,0.02908276231849345,True,0.0,2pct_UNFILTERED_early25pct
call,2002-01-30,2002-03-08,2002-02-04,early_25%,5,37,1.4348423767089855,0.02,18.130934279723252,9.079209950171826,2.631893502924809,47.718688132760334,0.28988133520086734,0.019581808415630737,True,0.0,2pct_UNFILTERED_early25pct
put,2002-01-04,2002-02-08,2002-02-08,early_25%,35,35,1.5085920715332009,0.02,17.553465257513164,11.672991800234849,11.672991800234849,204.90145601665847,1.0,0.08386600476651371,True,0.0,2pct_UNFILTERED_early25pct
put,2002-02-11,2002-03-20,2002-02-13,early_25%,2,37,1.4293267822265676,0.02,18.650981822276854,11.371579329163827,2.724027846666422,50.8057938515514,0.23954701170490136,0.020705420291994483,True,0.0,2pct_UNFILTERED_early25pct
call,2002-02-05,2002-03-14,2002-02-15,early_25%,10,37,1.4002122497558531,0.02,18.598095865555713,8.825544511495611,2.0643082100035954,38.39220198570058,0.2339015125145825,0.015734574512677107,True,0.0,2pct_UNFILTERED_early25pct
put,2002-02-14,2002-03-22,2002-02-27,early_25%,13,36,1.4372784423828193,0.02,18.548116169697707,11.387425948798628,3.872774758296897,71.8326761159638,0.3400922013201301,0.02926373369793599,True,0.0,2pct_UNFILTERED_early25pct
put,2002-02-28,2002-04-05,2002-03-01,early_25%,1,36,1.4256076049804705,0.02,18.708276382994974,11.266599654508507,6.707566754400931,125.48701269872119,0.5953497026688787,0.0510880812315351,True,0.0,2pct_UNFILTERED_early25pct
put,2002-03-04,2002-04-10,2002-03-06,early_25%,2,37,1.48460708618164,0.02,17.954477189914197,11.595026283185899,2.8606073888409504,51.36071011224486,0.24670986671148432,0.02090083752214545,True,0.0,2pct_UNFILTERED_early25pct
put,2002-03-07,2002-04-12,2002-03-11,early_25%,4,36,1.4942262268066457,0.02,17.796713334449493,11.538005829567672,2.628107691029374,46.77167918931173,0.2277783292754541,0.019060195046032555,True,0.0,2pct_UNFILTERED_early25pct
put,2002-03-12,2002-04-18,2002-03-19,early_25%,7,37,1.502820281982423,0.02,17.700857003351032,11.569779392318805,5.285043656148203,93.54980201394687,0.4567972713167679,0.03810077121266102,True,0.0,2pct_UNFILTERED_early25pct
call,2002-02-19,2002-03-28,2002-03-20,early_25%,29,37,1.3949531555175838,0.02,18.7740456036689,8.812649288523636,5.308894256774308,99.66942288173676,0.6024175118017996,0.04062431850051617,True,0.0,2pct_UNFILTERED_early25pct
call,2002-03-21,2002-04-26,2002-03-25,early_25%,4,36,1.4829431152343773,0.02,17.729227483416135,9.265657005186487,3.968911971528983,70.36574320489096,0.4283465240843007,0.02854743854985633,True,0.0,2pct_UNFILTERED_early25pct
call,2002-03-26,2002-05-02,2002-04-03,early_25%,8,37,1.469822692871091,0.02,17.88870488167458,9.19573977238688,2.262013800436365,40.46449731428127,0.24598497308816605,0.01641679929382845,True,0.0,2pct_UNFILTERED_early25pct
call,2002-04-04,2002-05-10,2002-04-09,early_25%,5,36,1.4492427062988327,0.02,18.156642035535945,9.1281570384761,2.4394153512999264,44.291591309543925,0.2672407300857714,0.017963808291596692,True,0.0,2pct_UNFILTERED_early25pct
put,2002-03-20,2002-04-26,2002-04-10,early_25%,21,37,1.4822999572753872,0.02,17.956800730500067,11.191187964278223,4.120147553692432,73.98466860191232,0.3681599814821948,0.030065553115509697,True,0.0,2pct_UNFILTERED_early25pct
call,2002-04-10,2002-05-17,2002-04-11,early_25%,1,37,1.4587614440917918,0.02,18.039256808913805,9.129791702769698,2.972858441941862,53.628156890736626,0.3256217161055261,0.02173994686589195,True,0.0,2pct_UNFILTERED_early25pct
put,2002-04-11,2002-05-17,2002-04-12,early_25%,1,36,1.4224882507324281,0.02,18.819302966927598,11.02920868969033,2.609882499152018,49.11616945962399,0.23663370352141705,0.01988942332770872,True,0.0,2pct_UNFILTERED_early25pct
put,2002-04-15,2002-05-22,2002-04-16,early_25%,1,37,1.4222300720214776,0.02,18.8329920205231,10.990350961151329,7.1635416802444,134.91092330272744,0.6518028137196049,0.054586578412992186,True,0.0,2pct_UNFILTERED_early25pct
call,2002-04-12,2002-05-17,2002-04-22,early_25%,10,35,1.4331637573242233,0.02,18.393699275569713,9.00440347326646,3.731465834333494,68.63546041379313,0.41440455721603264,0.027782079077311176,True,0.0,2pct_UNFILTERED_early25pct
call,2002-04-23,2002-05-30,2002-04-26,early_25%,3,37,1.4215873718261776,0.02,18.56521238257956,8.974484916697639,4.057293251963785,75.32451092111457,0.45209204646552087,0.0304637611649676,True,0.0,2pct_UNFILTERED_early25pct
call,2002-04-29,2002-06-05,2002-05-03,early_25%,4,37,1.3745103454589866,0.02,19.143153610123733,8.689079405626885,2.5929031760012897,49.63634379437038,0.2984094234795661,0.020137183946738083,True,0.0,2pct_UNFILTERED_early25pct
put,2002-04-17,2002-05-24,2002-05-14,early_25%,27,37,1.4529725646972622,0.02,18.413278964807397,10.963778797584515,4.432025022636737,81.60811312081707,0.40424247008824904,0.03299270665391147,True,0.0,2pct_UNFILTERED_early25pct
put,2002-05-15,2002-06-21,2002-05-17,early_25%,2,37,1.4121977233886724,0.02,18.98909427753633,10.799675454520806,4.632474988747031,87.96650429964643,0.428945759366116,0.035519640756401245,True,0.0,2pct_UNFILTERED_early25pct
put,2002-05-20,2002-06-26,2002-05-23,early_25%,3,37,1.411040191650386,0.02,19.023098163345264,10.799983259948604,2.539566461868148,48.310422096457195,0.2351454072420695,0.01948954569387168,True,0.0,2pct_UNFILTERED_early25pct
call,2002-05-06,2002-06-12,2002-05-24,early_25%,18,37,1.3566313171386781,0.02,19.42796267056883,8.586920198675452,3.073895841114851,59.7195336543961,0.3579741944718439,0.024189388434414864,True,0.0,2pct_UNFILTERED_early25pct
call,2002-05-28,2002-07-03,2002-05-31,early_25%,3,36,1.3904598999023392,0.02,19.064799642547136,8.772970058825903,2.3191746924811474,44.21460084821894,0.2643545660056117,0.01780241752054455,True,0.0,2pct_UNFILTERED_early25pct
call,2002-06-03,2002-07-10,2002-06-07,early_25%,4,37,1.342481994628912,0.02,19.7440772936116,8.49370064588959,1.9289474960480586,38.085288457291426,0.22710330590489394,0.015338993946093888,True,0.0,2pct_UNFILTERED_early25pct
call,2002-06-10,2002-07-17,2002-06-11,early_25%,1,37,1.3343786621093727,0.02,19.78986226632509,8.439239161319797,1.6274707375519837,32.20742173862827,0.19284567085280546,0.013019908905927172,True,0.0,2pct_UNFILTERED_early25pct
call,2002-06-12,2002-07-19,2002-06-21,early_25%,9,37,1.3194583129882744,0.02,19.982849676481333,8.339752839483214,4.234747149814735,84.62231571265563,0.5077784955167985,0.03426002347617235,True,0.0,2pct_UNFILTERED_early25pct
call,2002-06-24,2002-07-31,2002-06-25,early_25%,1,37,1.2881921386718744,0.02,20.38386594220597,8.07996639741591,1.8088709059198873,36.871782053027644,0.22387109264444344,0.014981631439874254,True,0.0,2pct_UNFILTERED_early25pct
put,2002-05-24,2002-06-28,2002-06-28,expired,35,35,1.3980493164062509,0.02,19.204294601866863,10.542063291579002,-127.04511291129471,-2439.8117760759433,-12.05125689320973,-0.9828430587524732,False,127.04511291129471,2pct_UNFILTERED_early25pct
call,2002-06-26,2002-08-02,2002-07-01,early_25%,5,37,1.2613441467285185,0.02,20.69986559594835,7.864492394367067,2.1902840414019105,45.33858527397012,0.2785029130386977,0.018519366540586276,True,0.0,2pct_UNFILTERED_early25pct
put,2002-07-01,2002-08-07,2002-07-05,early_25%,4,37,1.2524384307861354,0.02,21.27963177242301,10.59331033588855,4.37112100850131,93.01584549361019,0.4126303176158832,0.03812560573364344,True,0.0,2pct_UNFILTERED_early25pct
call,2002-07-02,2002-08-08,2002-07-10,early_25%,8,37,1.2258476257324276,0.02,21.22712063965164,7.6237276267725225,2.0091371336947716,42.64819631854282,0.26353737070028727,0.01747667924727969,True,0.0,2pct_UNFILTERED_early25pct
call,2002-07-11,2002-08-16,2002-07-16,early_25%,5,36,1.198741683959966,0.02,21.594789078070196,7.262779755889878,1.2506639321641781,27.00782382263532,0.17220182549937996,0.011106016427531664,True,0.0,2pct_UNFILTERED_early25pct
call,2002-07-17,2002-08-23,2002-07-18,early_25%,1,37,1.1712477874755791,0.02,22.057347435063647,6.9897448565810345,2.2250530254830787,49.07876764451979,0.31833107947969386,0.020202954018116233,True,0.0,2pct_UNFILTERED_early25pct
call,2002-07-19,2002-08-23,2002-07-23,early_25%,4,35,1.0934145355224558,0.02,23.55946403433827,6.440922654744627,1.731114415915557,40.78412782108706,0.2687680800887048,0.01682318255131178,True,0.0,2pct_UNFILTERED_early25pct
call,2002-07-24,2002-08-30,2002-08-13,early_25%,20,37,1.0935440063476562,0.02,23.366228131415095,6.2899061605881075,1.4881259834622398,34.77189121786514,0.23658953654772805,0.014438784093925626,True,0.0,2pct_UNFILTERED_early25pct
put,2002-07-08,2002-08-14,2002-08-14,early_25%,37,37,1.2658620452880882,0.02,21.06587109282218,10.821953703321013,10.821953703321013,227.9738816866501,1.0,0.09348269112573347,True,0.0,2pct_UNFILTERED_early25pct
put,2002-08-15,2002-09-20,2002-08-19,early_25%,4,36,1.206873245239258,0.02,22.21756964522487,10.390731840139106,4.174812954939394,92.75419758215303,0.4017823786782957,0.0378507880738285,True,0.0,2pct_UNFILTERED_early25pct
put,2002-08-20,2002-09-26,2002-08-21,early_25%,1,37,1.2183609771728499,0.02,22.027985077581107,10.539215190793605,2.578524619340799,56.799701837014624,0.2446600218954857,0.0231679860280637,True,0.0,2pct_UNFILTERED_early25pct
call,2002-08-14,2002-09-20,2002-08-28,early_25%,14,37,1.1903520202636741,0.02,21.856014169375104,7.26082089161334,2.768666667862,60.51201792306843,0.38131592958861815,0.024770136410096722,True,0.0,2pct_UNFILTERED_early25pct
call,2002-08-29,2002-10-04,2002-09-03,early_25%,5,36,1.1893190765380837,0.02,21.899434482594373,7.214463112613986,1.3453973900111267,29.46344199560214,0.18648614165880106,0.012042858620123812,True,0.0,2pct_UNFILTERED_early25pct
call,2002-09-04,2002-10-11,2002-09-13,early_25%,9,37,1.1557591247558605,0.02,22.41136315776623,6.78866340669623,1.4891921726514719,33.37482659299504,0.21936456168714394,0.013689032358088557,True,0.0,2pct_UNFILTERED_early25pct
call,2002-09-16,2002-10-23,2002-09-18,early_25%,2,37,1.160276641845698,0.02,22.39951228686468,6.85438173828043,1.7421035928131454,39.02227083220916,0.254159114465981,0.015957233800955088,True,0.0,2pct_UNFILTERED_early25pct
call,2002-09-19,2002-10-25,2002-09-24,early_25%,5,36,1.0932852935791004,0.02,23.656800746156478,6.275793669267693,1.703762440367651,40.305568570562826,0.2714815894459543,0.016532918112094584,True,0.0,2pct_UNFILTERED_early25pct
put,2002-08-22,2002-09-27,2002-09-27,expired,36,36,1.2479200744628898,0.02,21.477471169823314,10.582889491154585,-114.20911795513439,-2452.923038212349,-10.791865307730268,-0.9999999999999999,False,114.20911795513439,2pct_UNFILTERED_early25pct
call,2002-09-25,2002-11-01,2002-09-30,early_25%,5,37,1.0936485290527287,0.02,23.4708857139052,6.429695954035422,1.4482694564332457,33.99216689488431,0.22524695829890357,0.014069726022949782,True,0.0,2pct_UNFILTERED_early25pct
put,2002-09-30,2002-11-06,2002-10-01,early_25%,1,37,1.0604560852050753,0.02,25.046944245478166,9.837408174488388,6.730643288817042,168.58204719120224,0.684188677488426,0.06995914344733442,True,0.0,2pct_UNFILTERED_early25pct
call,2002-10-01,2002-11-07,2002-10-03,early_25%,2,37,1.1114109802246048,0.02,23.065329907180082,6.698338159463321,1.512941111876871,34.89648587557588,0.22586812965532477,0.014485840032008654,True,0.0,2pct_UNFILTERED_early25pct
call,2002-10-04,2002-11-08,2002-10-09,early_25%,5,35,1.0476206207275425,0.02,24.451401009771256,6.106515009364663,1.5260409947215754,37.31384031928746,0.24990374909114463,0.01546837496872874,True,0.0,2pct_UNFILTERED_early25pct
put,2002-10-02,2002-11-08,2002-10-11,early_25%,9,37,1.0780898284912084,0.02,24.623074513103482,9.830311592819974,3.74065160746205,92.10634325809838,0.380522181025697,0.038178223479648325,True,0.0,2pct_UNFILTERED_early25pct
put,2002-10-14,2002-11-20,2002-10-15,early_25%,1,37,1.0972785949707031,0.02,24.187482073454508,9.95489692358594,5.715927860785436,138.2539026659069,0.5741825259127296,0.05728934686664801,True,0.0,2pct_UNFILTERED_early25pct
put,2002-10-16,2002-11-22,2002-10-17,early_25%,1,37,1.1221729278564467,0.02,23.62756084077439,10.178106975327934,2.6611744913770545,62.877062202928194,0.26146065253861345,0.026079926748180642,True,0.0,2pct_UNFILTERED_early25pct
put,2002-10-18,2002-11-22,2002-10-21,early_25%,3,35,1.1492711639404263,0.02,23.040115382176985,10.184610129320717,2.4165441215422057,55.67745538645394,0.23727409207203318,0.023071284120648513,True,0.0,2pct_UNFILTERED_early25pct
put,2002-10-22,2002-11-27,2002-10-25,early_25%,3,36,1.1606803894042983,0.02,22.817702282991974,10.360451488678152,3.7038512857424886,84.51337593854913,0.357499023067676,0.035038651198364024,True,0.0,2pct_UNFILTERED_early25pct
put,2002-10-28,2002-12-04,2002-11-01,early_25%,4,37,1.161847381591798,0.02,22.78638076550303,10.173022215525682,2.4494330144985605,55.813713327958105,0.24077731893284657,0.023105304849517286,True,0.0,2pct_UNFILTERED_early25pct
put,2002-11-04,2002-12-11,2002-11-06,early_25%,2,37,1.1815558624267553,0.02,22.436107920833457,10.325016356029545,2.6241361189999655,58.87540116484029,0.2541532166646436,0.024335734493089654,True,0.0,2pct_UNFILTERED_early25pct
call,2002-10-10,2002-11-15,2002-11-11,early_25%,32,36,1.04541618347168,0.02,24.46120521264254,6.16165591890529,5.350147388656305,130.8710531918055,0.8682970063681904,0.0543824906678284,True,0.0,2pct_UNFILTERED_early25pct
put,2002-11-07,2002-12-13,2002-11-14,early_25%,7,36,1.1767578125,0.02,22.48193578896618,10.29841204712945,3.1620428391597892,71.08884407195069,0.3070417870919399,0.02944794478234672,True,0.0,2pct_UNFILTERED_early25pct
put,2002-11-15,2002-12-20,2002-11-20,early_25%,5,35,1.185056304931642,0.02,22.36112990013618,9.90669141204948,3.7561451412688776,83.99164942767874,0.37915233098916246,0.034587309720064,True,0.0,2pct_UNFILTERED_early25pct
call,2002-11-12,2002-12-19,2002-11-26,early_25%,14,37,1.1534204101562437,0.02,22.409065685466853,7.11217491791799,1.6715409901819944,37.457671844938616,0.2350252924700732,0.015444359772865113,True,0.0,2pct_UNFILTERED_early25pct
call,2002-11-27,2003-01-03,2002-12-03,early_25%,6,37,1.2223975372314442,0.02,21.187772480624403,7.659441801808511,2.040042787152732,43.22396242493096,0.26634353258889526,0.01780447925951978,True,0.0,2pct_UNFILTERED_early25pct
call,2002-12-04,2003-01-10,2002-12-09,early_25%,5,37,1.1986701965332003,0.02,21.62565066955434,7.456154590992911,3.1340577667412832,67.77603844175061,0.42033165065102696,0.0278803811802674,True,0.0,2pct_UNFILTERED_early25pct
call,2002-12-10,2003-01-16,2002-12-13,early_25%,3,37,1.1759802246093756,0.02,21.999406446167875,7.32063442067781,1.9678087550851808,43.29062461144651,0.2688030356394963,0.017844172681772068,True,0.0,2pct_UNFILTERED_early25pct
put,2002-11-21,2002-12-27,2002-12-16,early_25%,25,36,1.2199337768554699,0.02,21.688460727027152,9.922705626835414,2.9450679755927087,63.873991127067825,0.29680090152306177,0.026278667928839105,True,0.0,2pct_UNFILTERED_early25pct
call,2002-12-16,2003-01-22,2002-12-20,early_25%,4,37,1.1882971191406284,0.02,21.813616692350053,7.472502740899001,1.6348779617156337,35.662601195635375,0.2187858631041392,0.014681384113832713,True,0.0,2pct_UNFILTERED_early25pct
call,2002-12-23,2003-01-29,2002-12-27,early_25%,4,37,1.1728987884521445,0.02,22.168080889111675,7.376615380627893,1.8986723447065055,42.089922119373135,0.2573907200980962,0.017274278689015973,True,0.0,2pct_UNFILTERED_early25pct
put,2002-12-17,2003-01-23,2003-01-02,early_25%,16,37,1.1779250335693376,0.02,22.581217511510765,9.919211825773488,6.796379090023233,153.47051452249823,0.6851732989877207,0.06300335322631767,True,0.0,2pct_UNFILTERED_early25pct
put,2003-01-03,2003-02-07,2003-01-06,early_25%,3,35,1.1902288818359352,0.02,22.323503826727578,9.742039243552838,3.152583925245553,70.37671931929894,0.3236061615469158,0.028848457491168347,True,0.0,2pct_UNFILTERED_early25pct
put,2003-01-07,2003-02-13,2003-01-14,early_25%,7,37,1.2082086181640648,0.02,22.01412019246451,10.013695585974075,3.0362389906961234,66.8401300742316,0.30320863707389956,0.027401106751363175,True,0.0,2pct_UNFILTERED_early25pct
call,2002-12-30,2003-02-05,2003-01-17,early_25%,18,37,1.1480136871337834,0.02,22.59805902287023,7.115962296209463,3.26014574466179,73.67296596102635,0.45814544947749475,0.030274722017876017,True,0.0,2pct_UNFILTERED_early25pct
call,2003-01-21,2003-02-27,2003-01-24,early_25%,3,37,1.162866516113283,0.02,22.40734729546995,7.276575225408025,1.4032474177640273,31.44305223130997,0.19284448717910999,0.01287263952367316,True,0.0,2pct_UNFILTERED_early25pct
call,2003-01-27,2003-03-05,2003-01-30,early_25%,3,37,1.110097885131836,0.02,23.315834962695416,6.662747013066148,2.0049759853524503,46.74768917864535,0.30092332508206326,0.0192144976659467,True,0.0,2pct_UNFILTERED_early25pct
call,2003-01-31,2003-03-07,2003-02-06,early_25%,6,35,1.1213027191162155,0.02,23.09020299187108,6.926083538724351,1.4996628250723454,34.627519050283304,0.2165239296765043,0.014254782516422034,True,0.0,2pct_UNFILTERED_early25pct
call,2003-02-07,2003-03-14,2003-02-12,early_25%,5,35,1.0869059753418,0.02,23.807175718455948,6.6000445057669666,1.521755218744361,36.22869389312437,0.2305674177522116,0.01490593569731019,True,0.0,2pct_UNFILTERED_early25pct
put,2003-01-15,2003-02-21,2003-02-21,early_25%,37,37,1.2039090728759732,0.02,22.126094695016228,10.01894338633337,10.01894338633337,221.6800901100187,1.0,0.09077435095108095,True,0.0,2pct_UNFILTERED_early25pct
call,2003-02-13,2003-03-21,2003-02-26,early_25%,13,36,1.072964019775391,0.02,24.02650286716238,6.5073339759072475,2.205283348468882,52.98524669489305,0.3388919881219748,0.021880183954406413,True,0.0,2pct_UNFILTERED_early25pct
put,2003-02-24,2003-04-02,2003-02-28,early_25%,4,37,1.0918566894531239,0.02,24.62710881500196,9.627908370736819,3.512180663486416,86.49485537762575,0.3647916586079465,0.035277819059173716,True,0.0,2pct_UNFILTERED_early25pct
call,2003-02-27,2003-04-04,2003-03-04,early_25%,5,36,1.0988924407959004,0.02,23.791733817317258,6.794358617416088,1.625961167369348,38.68443529134596,0.23931047195558616,0.015771501758600055,True,0.0,2pct_UNFILTERED_early25pct
call,2003-03-05,2003-04-11,2003-03-10,early_25%,5,37,1.0872968292236322,0.02,24.049598061474224,6.712005542775637,1.3861188684939032,33.33560165270382,0.20651336767530395,0.013587045932602732,True,0.0,2pct_UNFILTERED_early25pct
put,2003-03-03,2003-04-09,2003-03-14,early_25%,11,37,1.0956351470947254,0.02,24.54339968389455,9.544073828003777,2.04097815813316,50.09254268116108,0.21384769176288398,0.020405814511119755,True,0.0,2pct_UNFILTERED_early25pct
put,2003-03-17,2003-04-23,2003-03-20,early_25%,3,37,1.1306842803955064,0.02,23.806766831010492,9.95278338749043,2.9161218763428147,69.4234335609022,0.2929956136700477,0.028280110997536707,True,0.0,2pct_UNFILTERED_early25pct
put,2003-03-21,2003-04-25,2003-04-07,early_25%,17,35,1.1730497741699253,0.02,22.84051824762454,9.997066287657633,2.5273212125368305,57.72532627255606,0.2528062873462246,0.023552049293837515,True,0.0,2pct_UNFILTERED_early25pct
call,2003-03-11,2003-04-17,2003-04-09,early_25%,29,37,1.0491204833984398,0.02,24.881226908283807,6.345764387696115,2.6524212724253338,65.99549553557358,0.4179829426960994,0.02691002608674013,True,0.0,2pct_UNFILTERED_early25pct
put,2003-04-08,2003-05-15,2003-04-14,early_25%,6,37,1.1536889648437523,0.02,23.28045932720944,9.759960459524011,5.413739244947503,126.03433630011787,0.5546886452459592,0.05126213224677859,True,0.0,2pct_UNFILTERED_early25pct
call,2003-04-10,2003-05-16,2003-04-16,early_25%,6,36,1.1447927093505896,0.02,22.93411810407799,7.220135442507555,1.638364017891564,37.57443388379687,0.22691596728863575,0.015274820278645072,True,0.0,2pct_UNFILTERED_early25pct
put,2003-04-15,2003-05-22,2003-04-22,early_25%,7,37,1.1744887542724598,0.02,22.811027465986008,9.44182931073362,6.115864259475655,139.50914760114136,0.6477414554108751,0.05662467847586703,True,0.0,2pct_UNFILTERED_early25pct
put,2003-04-23,2003-05-30,2003-05-02,early_25%,9,37,1.2058849334716797,0.02,22.193007701670222,9.460675597402215,4.630657552553917,102.76821872762645,0.48946372855501336,0.041669652534535424,True,0.0,2pct_UNFILTERED_early25pct
put,2003-05-05,2003-06-11,2003-05-09,early_25%,4,37,1.2170048522949202,0.02,22.0088676492307,9.594142505507698,3.6494999655496203,80.3213617276536,0.38038834251779735,0.03255391155284595,True,0.0,2pct_UNFILTERED_early25pct
call,2003-04-17,2003-05-23,2003-05-16,early_25%,29,36,1.1716112518310524,0.02,22.436441879940894,7.410591898116466,1.9865527367403022,44.57117501931131,0.2680693747614438,0.01810062035490824,True,0.0,2pct_UNFILTERED_early25pct
put,2003-05-12,2003-06-18,2003-05-27,early_25%,15,37,1.2412062072753898,0.02,21.564211409160663,9.54467907793724,5.264909466315497,113.53362078171861,0.5516067563220082,0.04595126507811509,True,0.0,2pct_UNFILTERED_early25pct
put,2003-05-28,2003-07-03,2003-05-30,early_25%,2,36,1.251540603637693,0.02,21.403211406414908,9.662511967179416,3.6107376271690192,77.28138076739545,0.3736851907075081,0.031264085357744095,True,0.0,2pct_UNFILTERED_early25pct
put,2003-06-02,2003-07-09,2003-06-04,early_25%,2,37,1.273517837524416,0.02,21.056839899665032,9.998681154148988,4.15989111078805,87.5941611199037,0.41604398086660543,0.035447644916791254,True,0.0,2pct_UNFILTERED_early25pct
put,2003-06-05,2003-07-11,2003-06-11,early_25%,6,36,1.3036064147949205,0.02,20.52793597102721,10.189572006978283,3.512575668020535,72.10592840651367,0.3447225914508444,0.029229794520751536,True,0.0,2pct_UNFILTERED_early25pct
put,2003-06-12,2003-07-18,2003-06-16,early_25%,4,36,1.3161654663085969,0.02,20.31397014412429,10.22228885289663,3.2843595955173113,66.7183827659068,0.32129395312348674,0.027055312628745505,True,0.0,2pct_UNFILTERED_early25pct
call,2003-05-19,2003-06-25,2003-06-23,early_25%,35,37,1.2120333862304733,0.02,21.781027418348263,7.655808855450112,5.902464579733989,128.56174284701547,0.7709785721115633,0.05198232486267932,True,0.0,2pct_UNFILTERED_early25pct
call,2003-06-24,2003-07-31,2003-06-27,early_25%,3,37,1.2934799194335938,0.02,20.45536574610384,8.1743784479502,3.4286762320309583,70.13482635116645,0.4194418271508741,0.028295568095448916,True,0.0,2pct_UNFILTERED_early25pct
put,2003-06-17,2003-07-24,2003-07-07,early_25%,20,37,1.3299009704589864,0.02,20.06425891665246,10.308091921327184,5.9146570914580385,118.67321128622865,0.5737877714517428,0.048211284820885415,True,0.0,2pct_UNFILTERED_early25pct
call,2003-06-30,2003-08-06,2003-07-17,early_25%,17,37,1.2817948913574213,0.02,20.64844886448506,8.072924882738585,3.0653394651240315,63.29450519790156,0.37970617956303515,0.025521831252011486,True,0.0,2pct_UNFILTERED_early25pct
call,2003-07-18,2003-08-22,2003-07-21,early_25%,3,35,1.3064782714843801,0.02,20.28965569782989,8.196278349961373,2.2770827775786424,46.20122555252881,0.27781911257191183,0.018595785842824477,True,0.0,2pct_UNFILTERED_early25pct
call,2003-07-22,2003-08-28,2003-07-24,early_25%,2,37,1.302012939453121,0.02,20.376102729484508,8.188993512499863,1.9376114956564061,39.48097088532506,0.23661167794293556,0.015880460320665608,True,0.0,2pct_UNFILTERED_early25pct
put,2003-07-08,2003-08-14,2003-07-25,early_25%,17,37,1.3280088806152364,0.02,20.252757206992726,10.205420487903254,5.413169964046518,109.63161700201968,0.5304210610883586,0.04415473158333386,True,0.0,2pct_UNFILTERED_early25pct
call,2003-07-25,2003-08-29,2003-07-30,early_25%,5,35,1.3159301757812472,0.02,20.16847557499404,8.185821417642105,2.3583212549959915,47.56374462937595,0.28809830250063007,0.01911007889628378,True,0.0,2pct_UNFILTERED_early25pct
call,2003-07-31,2003-09-05,2003-08-05,early_25%,5,36,1.304902801513677,0.02,20.377389378184155,8.209869581556402,3.702769760930029,75.45278119623705,0.4510144435483309,0.030280972591403554,True,0.0,2pct_UNFILTERED_early25pct
put,2003-07-28,2003-09-03,2003-08-12,early_25%,15,37,1.3110723876953116,0.02,20.555646097255888,9.880372649978693,4.462941597049817,91.73864802167805,0.45169769958620354,0.0368147898226497,True,0.0,2pct_UNFILTERED_early25pct
put,2003-08-13,2003-09-19,2003-08-18,early_25%,5,37,1.3003070068359364,0.02,20.770430913011932,9.87186415079824,5.059506628418596,105.08813287949438,0.5125178538857308,0.04210682105795595,True,0.0,2pct_UNFILTERED_early25pct
call,2003-08-06,2003-09-12,2003-08-27,early_25%,21,37,1.2732608795165987,0.02,20.842672489515305,8.055510498014664,2.641510522480405,55.056138697667535,0.3279134852013939,0.022147209973113733,True,0.0,2pct_UNFILTERED_early25pct
put,2003-08-19,2003-09-25,2003-08-29,early_25%,10,37,1.3242019653320298,0.02,20.38208387425861,9.885947850871126,3.293434924225055,67.12706685996761,0.33314306062567844,0.026877668567285497,True,0.0,2pct_UNFILTERED_early25pct
put,2003-09-02,2003-10-09,2003-09-08,early_25%,6,37,1.3496720886230449,0.02,20.051414065423604,10.291486520519479,4.433626866798109,88.90048811775559,0.43080529308941024,0.035561268733970516,True,0.0,2pct_UNFILTERED_early25pct
call,2003-08-28,2003-10-03,2003-09-15,early_25%,18,36,1.3228881835937472,0.02,20.150313437486254,8.282100382547041,2.65175575859097,53.43370969526718,0.3201791376712897,0.02138396856117494,True,0.0,2pct_UNFILTERED_early25pct
put,2003-09-09,2003-10-16,2003-09-16,early_25%,7,37,1.3522982788085969,0.02,20.01055737318536,10.28104783590855,4.1730336063436075,83.50472839996937,0.40589574846335014,0.033397953984363286,True,0.0,2pct_UNFILTERED_early25pct
put,2003-09-17,2003-10-24,2003-09-18,early_25%,1,37,1.3572874450683585,0.02,19.9557246770404,10.188906966090757,3.550111169868316,70.84504107877792,0.3484290495225132,0.02827876186088018,True,0.0,2pct_UNFILTERED_early25pct
call,2003-09-16,2003-10-23,2003-09-24,early_25%,8,37,1.3599134826660162,0.02,19.632580148216768,8.50292607943904,3.177965492999805,62.391662249585885,0.37374963198662353,0.024927483127325185,True,0.0,2pct_UNFILTERED_early25pct
put,2003-09-19,2003-10-24,2003-10-06,early_25%,17,35,1.3663191223144509,0.02,19.79533929954766,10.039782995629185,4.628577102457811,91.62425421726954,0.4610236201791274,0.03656291374826072,True,0.0,2pct_UNFILTERED_early25pct
put,2003-10-07,2003-11-13,2003-10-13,early_25%,6,37,1.3740956115722653,0.02,19.77388518100209,10.54730206776976,5.25700462618048,103.95140587408963,0.4984217378437214,0.04143868053361331,True,0.0,2pct_UNFILTERED_early25pct
call,2003-09-25,2003-10-31,2003-10-17,early_25%,22,36,1.3216407775878878,0.02,20.20495021135872,8.365409245763457,4.187458701411549,84.60739457414118,0.5005683019670828,0.033824747484832364,True,0.0,2pct_UNFILTERED_early25pct
call,2003-10-20,2003-11-26,2003-10-22,early_25%,2,37,1.3843754577636673,0.02,19.34836276225755,8.594601749405298,2.7483276879786436,53.175641096567375,0.3197737100696741,0.02116655401319276,True,0.0,2pct_UNFILTERED_early25pct
put,2003-10-14,2003-11-20,2003-10-28,early_25%,14,37,1.3874064636230443,0.02,19.550545710697488,10.25815001845794,4.646297067299644,90.83764319972137,0.452937133785269,0.0361628797658567,True,0.0,2pct_UNFILTERED_early25pct
put,2003-10-29,2003-12-05,2003-11-03,early_25%,5,37,1.3862208557128923,0.02,19.563843216167946,10.046904905741142,3.086760997495867,60.38890820079132,0.307235016799252,0.02400744048359692,True,0.0,2pct_UNFILTERED_early25pct
call,2003-10-23,2003-11-28,2003-11-10,early_25%,18,36,1.3621023559570347,0.02,19.67359389256932,8.483476556605206,2.2017489418838414,43.316314536016904,0.25953380400038556,0.017237961398596725,True,0.0,2pct_UNFILTERED_early25pct
put,2003-11-04,2003-12-11,2003-11-12,early_25%,8,37,1.3938647460937545,0.02,19.468769839342617,10.129193139602148,3.3951760180938937,66.09990046032576,0.3351872129695859,0.02626680663160823,True,0.0,2pct_UNFILTERED_early25pct
call,2003-11-11,2003-12-18,2003-11-18,early_25%,7,37,1.3858248901367176,0.02,19.375726356707666,8.636693034553529,2.9538077983252764,57.2321716106597,0.3420068059044977,0.02273107626198189,True,0.0,2pct_UNFILTERED_early25pct
put,2003-11-13,2003-12-19,2003-11-25,early_25%,12,36,1.401772003173832,0.02,19.367165823441965,10.11847210813829,2.290407739904399,44.35870650202343,0.22635905059838268,0.017610565407186498,True,0.0,2pct_UNFILTERED_early25pct
put,2003-11-26,2004-01-02,2003-12-01,early_25%,5,37,1.4019035339355526,0.02,19.39193073424583,10.114877066886974,3.621625872494289,70.23031806476187,0.35804942052636396,0.027842495563106983,True,0.0,2pct_UNFILTERED_early25pct
call,2003-11-19,2003-12-26,2003-12-05,early_25%,16,37,1.3801579284668009,0.02,19.4427528758985,8.66603103996783,2.2397624872577007,43.54714854045923,0.25845308849320886,0.017315551694672502,True,0.0,2pct_UNFILTERED_early25pct
put,2003-12-02,2004-01-08,2003-12-11,early_25%,9,37,1.414555358886716,0.02,19.222208181285264,10.215445479742982,3.5299144199444923,67.85274984229385,0.3455467925450965,0.026896616795566784,True,0.0,2pct_UNFILTERED_early25pct
put,2003-12-12,2004-01-16,2003-12-17,early_25%,5,35,1.4252317810058628,0.02,19.08798509394376,10.22104059834033,3.4629074716785597,66.09992620110683,0.33880185078619673,0.026174236766354386,True,0.0,2pct_UNFILTERED_early25pct
put,2003-12-18,2004-01-23,2003-12-29,early_25%,11,36,1.446055297851558,0.02,18.829435950826543,10.364561562143162,6.857096368464172,129.11525687864142,0.6615905870548253,0.0510805044036376,True,0.0,2pct_UNFILTERED_early25pct
put,2003-12-30,2004-02-05,2004-01-05,early_25%,6,37,1.4722213745117188,0.02,18.543208115463443,10.952629886619256,4.953532086574822,91.8543763879828,0.4522687370844617,0.03635099425473648,True,0.0,2pct_UNFILTERED_early25pct
put,2004-01-06,2004-02-12,2004-01-07,early_25%,1,37,1.4903620910644548,0.02,18.29980012853795,10.873019566835815,2.711836576158868,49.626067324965966,0.24940970256600453,0.01962777918775115,True,0.0,2pct_UNFILTERED_early25pct
call,2003-12-08,2004-01-14,2004-01-12,early_25%,35,37,1.4177191162109324,0.02,18.970586842899507,8.763014618684354,5.18798532278749,98.41912610562812,0.592032028763909,0.03900479922552499,True,0.0,2pct_UNFILTERED_early25pct
put,2004-01-08,2004-02-13,2004-01-15,early_25%,7,36,1.5013528442382835,0.02,18.138149500091377,10.620234972863607,3.196750168680241,57.98313247396454,0.3010055970370192,0.02291329990033656,True,0.0,2pct_UNFILTERED_early25pct
put,2004-01-16,2004-02-20,2004-01-21,early_25%,5,35,1.5126092529296926,0.02,18.01105689032115,10.476047710856035,4.94195411826159,89.0098167733664,0.47173841267832156,0.03510287612658668,True,0.0,2pct_UNFILTERED_early25pct
call,2004-01-13,2004-02-19,2004-01-23,early_25%,10,37,1.4904948425293014,0.02,18.13290794190438,9.319968208230305,2.654219400025914,48.128716038286576,0.2847884607247928,0.018995409668325355,True,0.0,2pct_UNFILTERED_early25pct
put,2004-01-22,2004-02-27,2004-01-26,early_25%,4,36,1.5201567077636753,0.02,17.932052880174474,10.504437010469706,4.310231102725589,77.29129205984799,0.41032480831001306,0.030458579068401086,True,0.0,2pct_UNFILTERED_early25pct
call,2004-01-26,2004-03-03,2004-01-28,early_25%,2,37,1.5343257141113327,0.02,17.600949408948654,9.258413047864746,3.2230181760811893,56.72817986132698,0.3481177777896299,0.022355033749947816,True,0.0,2pct_UNFILTERED_early25pct
call,2004-01-29,2004-03-05,2004-02-04,early_25%,6,36,1.5026773071289057,0.02,18.004054117602156,9.319545616701317,2.1523329908847906,38.75071964699028,0.2309482757429343,0.015270384570159194,True,0.0,2pct_UNFILTERED_early25pct
put,2004-01-27,2004-03-04,2004-02-10,early_25%,14,37,1.5185668945312472,0.02,17.995373494871835,10.728278352271303,4.472918563212493,80.4918401571543,0.4169278999239913,0.03169396245817611,True,0.0,2pct_UNFILTERED_early25pct
call,2004-02-05,2004-03-12,2004-02-19,early_25%,14,36,1.498703918457025,0.02,18.057901869323263,9.3362867701271,2.351524821029101,42.463604461421454,0.2518693865052614,0.016732769741298847,True,0.0,2pct_UNFILTERED_early25pct
call,2004-02-20,2004-03-26,2004-02-24,early_25%,4,35,1.5212158203125057,0.02,17.811833607016023,9.311476015445294,2.406666376511759,42.867141046027626,0.25846239334341103,0.016852213359784252,True,0.0,2pct_UNFILTERED_early25pct
put,2004-02-11,2004-03-19,2004-02-26,early_25%,15,37,1.536973571777338,0.02,17.80454733109617,10.86921935541626,2.5385849641365237,45.19835614797781,0.23355724832910996,0.017773703437165854,True,0.0,2pct_UNFILTERED_early25pct
put,2004-02-27,2004-04-02,2004-03-01,early_25%,3,35,1.523069610595698,0.02,17.943068715101887,10.418637706461839,4.172166837517994,74.86147625645471,0.40045224290027254,0.02940458199040806,True,0.0,2pct_UNFILTERED_early25pct
put,2004-03-02,2004-04-08,2004-03-04,early_25%,2,37,1.529161071777338,0.02,17.902904573371554,10.66696917668094,2.423163479732562,43.38166454333101,0.22716513375044142,0.017034644383677227,True,0.0,2pct_UNFILTERED_early25pct
call,2004-02-25,2004-04-02,2004-03-08,early_25%,12,37,1.5210836791992222,0.02,17.805520823952143,9.229213760571026,2.8428478350024484,50.61838632546336,0.3080270875453812,0.01989686915301765,True,0.0,2pct_UNFILTERED_early25pct
call,2004-03-09,2004-04-15,2004-03-11,early_25%,2,37,1.5161843872070335,0.02,17.899581957408188,9.376867858956949,2.477454902062199,44.345407065245006,0.2642092156279765,0.017417235250236335,True,0.0,2pct_UNFILTERED_early25pct
call,2004-03-12,2004-04-16,2004-03-19,early_25%,7,35,1.490758972167967,0.02,18.125023067487547,9.309038842430455,3.6012766776740017,65.27322285524619,0.38685805684464847,0.02576631341335557,True,0.0,2pct_UNFILTERED_early25pct
call,2004-03-22,2004-04-28,2004-03-26,early_25%,4,37,1.4570518493652287,0.02,18.59104327102255,9.219018161789466,2.275692591406515,42.307499438383964,0.24684760909124728,0.0166734303203231,True,0.0,2pct_UNFILTERED_early25pct
put,2004-03-05,2004-04-08,2004-04-01,early_25%,27,34,1.5410781860351506,0.02,17.74024763044825,10.458538875070174,5.082183508993123,90.15919395291841,0.4859362832323959,0.035379108886591716,True,0.0,2pct_UNFILTERED_early25pct
put,2004-04-02,2004-05-07,2004-04-05,early_25%,3,35,1.5233595275878855,0.02,18.027026134340613,10.726196623475081,3.514353617958669,63.35334451625541,0.32764210291159906,0.02481717159798348,True,0.0,2pct_UNFILTERED_early25pct
call,2004-03-29,2004-05-05,2004-04-13,early_25%,15,37,1.4961181640624943,0.02,18.101974845073144,9.244118698552626,3.1053548155523076,56.21305475615463,0.33592762239612095,0.022123001703845936,True,0.0,2pct_UNFILTERED_early25pct
call,2004-04-14,2004-05-21,2004-04-20,early_25%,6,37,1.506749572753904,0.02,18.049335503733882,9.223377706690233,3.8359594260375722,69.2365186592626,0.41589529866646746,0.027118533690000432,True,0.0,2pct_UNFILTERED_early25pct
put,2004-04-06,2004-05-13,2004-04-22,early_25%,16,37,1.5268142700195284,0.02,17.995366094061943,10.778394946284465,4.981077793768662,89.63631844186945,0.46213539386824404,0.035101982823133704,True,0.0,2pct_UNFILTERED_early25pct
call,2004-04-21,2004-05-28,2004-04-29,early_25%,8,37,1.4971818542480406,0.02,18.166634846270973,9.162645188476088,3.223869404401989,58.56685826183602,0.3518492027233215,0.022936622768347823,True,0.0,2pct_UNFILTERED_early25pct
call,2004-04-30,2004-06-04,2004-05-07,early_25%,7,35,1.4744587707519514,0.02,18.466026188749492,9.130403755395768,3.329485151798493,61.482360008163546,0.36465913676937634,0.024071675221038983,True,0.0,2pct_UNFILTERED_early25pct
call,2004-05-10,2004-06-16,2004-05-19,early_25%,9,37,1.4461547851562528,0.02,18.816267114877498,9.115992872917486,2.456747673689147,46.22682046198889,0.26949863914306554,0.018131047966980698,True,0.0,2pct_UNFILTERED_early25pct
put,2004-04-23,2004-05-28,2004-05-25,early_25%,32,35,1.5196385192871134,0.02,18.04913793355861,10.232197782005178,9.243237069468789,166.83246081942426,0.9033481629649867,0.06521646223010373,True,0.0,2pct_UNFILTERED_early25pct
put,2004-05-26,2004-07-02,2004-05-27,early_25%,1,37,1.4914680480956974,0.02,18.53243921073098,10.696634973363249,2.6600310665449456,49.2968640394001,0.24867924101074335,0.01921291299022526,True,0.0,2pct_UNFILTERED_early25pct
put,2004-05-28,2004-07-02,2004-06-07,early_25%,10,35,1.4997059631347724,0.02,18.40144329587782,10.522661945405384,7.673929068876804,141.21137061752498,0.7292764044584317,0.055030783379132184,True,0.0,2pct_UNFILTERED_early25pct
call,2004-05-20,2004-06-25,2004-06-14,early_25%,25,36,1.4566528320312528,0.02,18.679716676356453,9.129209112358474,5.816507042480702,108.65070359957153,0.6371315380000145,0.042600514781273045,True,0.0,2pct_UNFILTERED_early25pct
call,2004-06-15,2004-07-22,2004-06-21,early_25%,6,37,1.5151208496093744,0.02,18.056153293990633,9.208136567097155,2.4498947255664643,44.23567471896719,0.2660576010916819,0.017215929376647638,True,0.0,2pct_UNFILTERED_early25pct
put,2004-06-08,2004-07-15,2004-06-22,early_25%,14,37,1.5262834167480435,0.02,18.09233779548775,10.68915151584732,3.8503190184448304,69.6612723020947,0.36020810564210803,0.027126539288640977,True,0.0,2pct_UNFILTERED_early25pct
call,2004-06-22,2004-07-29,2004-07-01,early_25%,9,37,1.5173175048828114,0.02,18.04314108465434,9.121649007334645,3.897287968492023,70.31931666302746,0.42725695379840256,0.027328274280856067,True,0.0,2pct_UNFILTERED_early25pct
call,2004-07-02,2004-08-06,2004-07-06,early_25%,4,35,1.5054479980468756,0.02,18.189203251427582,9.101619062609963,1.925711048735411,35.02714966896816,0.21157895485280812,0.0136147323514094,True,0.0,2pct_UNFILTERED_early25pct
call,2004-07-07,2004-08-13,2004-07-12,early_25%,5,37,1.4966450500488264,0.02,18.299643644306826,9.181595376375002,3.615980302342228,66.17115095769563,0.3938291935240843,0.02573964556901839,True,0.0,2pct_UNFILTERED_early25pct
call,2004-07-13,2004-08-19,2004-07-15,early_25%,2,37,1.4918444824218682,0.02,18.364064535454933,8.989688177389384,2.692014190075686,49.43632231691034,0.29945579167546277,0.019201960107720493,True,0.0,2pct_UNFILTERED_early25pct
call,2004-07-16,2004-08-20,2004-07-22,early_25%,6,35,1.4765068054199162,0.02,18.535634965630766,8.824279597656911,2.0655251248726163,38.28581972697772,0.234072946353725,0.01487847492135758,True,0.0,2pct_UNFILTERED_early25pct
put,2004-06-23,2004-07-30,2004-07-29,early_25%,36,37,1.5303871154785185,0.02,18.050931587477926,10.414437175371,9.460972993033293,170.77937624822025,0.9084478434809184,0.06633494217348161,True,0.0,2pct_UNFILTERED_early25pct
call,2004-07-23,2004-08-27,2004-08-05,early_25%,13,35,1.4531678771972594,0.02,18.85982409698426,8.939736610932917,4.039800621697874,76.18992911210955,0.4518925777698383,0.029622290472281702,True,0.0,2pct_UNFILTERED_early25pct
call,2004-08-06,2004-09-10,2004-08-13,early_25%,7,35,1.4250270080566452,0.02,19.30539140407412,8.949984471730623,2.651664252961953,51.1914162756223,0.2962758495657156,0.019854813333274015,True,0.0,2pct_UNFILTERED_early25pct
put,2004-07-30,2004-09-03,2004-08-18,early_25%,19,35,1.4782405090331991,0.02,18.781180701646036,10.324498109316927,4.045808942963373,75.98506884213066,0.3918649507342537,0.029424160739087366,True,0.0,2pct_UNFILTERED_early25pct
put,2004-08-19,2004-09-24,2004-08-20,early_25%,1,36,1.4631706237792912,0.02,19.064450490051783,10.675412168717898,3.3520002488274336,63.904042786411864,0.313992583691502,0.02471217538018278,True,0.0,2pct_UNFILTERED_early25pct
put,2004-08-23,2004-09-29,2004-08-25,early_25%,2,37,1.4697045898437437,0.02,18.959120457914135,10.518225106384957,4.122017873307062,78.14983338970363,0.3918929126934964,0.030208504149465368,True,0.0,2pct_UNFILTERED_early25pct
put,2004-08-26,2004-10-01,2004-09-02,early_25%,7,36,1.4817088317871026,0.02,18.779710435729626,10.294402405231484,6.7321191484218135,126.42724822619238,0.6539591987389803,0.04882717567677264,True,0.0,2pct_UNFILTERED_early25pct
put,2004-09-03,2004-10-08,2004-09-07,early_25%,4,35,1.4953120422363213,0.02,18.57780615856009,10.037770258356668,2.972226044489502,55.21743931394977,0.29610421119322367,0.021307282787442077,True,0.0,2pct_UNFILTERED_early25pct
call,2004-08-16,2004-09-22,2004-09-09,early_25%,24,37,1.4443656921386747,0.02,19.033342122630852,9.003452394288274,3.3478315633700664,63.72042351456459,0.3718386477496018,0.024719445597858967,True,0.0,2pct_UNFILTERED_early25pct
put,2004-09-08,2004-10-15,2004-09-13,early_25%,5,37,1.5014462280273477,0.02,18.540000194489267,10.241688693204622,5.261389448711585,97.54616140239655,0.5137228445737201,0.03760742747962982,True,0.0,2pct_UNFILTERED_early25pct
call,2004-09-10,2004-10-15,2004-09-20,early_25%,10,35,1.5078480529785168,0.02,18.291385350390346,8.917984987241576,3.015723916377077,55.16176826484146,0.33816203107445136,0.021257429395924322,True,0.0,2pct_UNFILTERED_early25pct
call,2004-09-21,2004-10-28,2004-09-22,early_25%,1,37,1.5127854919433616,0.02,18.251511516634398,8.993154630754177,2.0869687328092255,38.09033386172347,0.23206192026014455,0.014667483891866624,True,0.0,2pct_UNFILTERED_early25pct
call,2004-09-23,2004-10-29,2004-09-30,early_25%,7,36,1.4858671569824224,0.02,18.592805388028378,8.973358039414435,1.944417526814867,36.15217666914027,0.2166878350640015,0.013927159688877526,True,0.0,2pct_UNFILTERED_early25pct
put,2004-09-14,2004-10-21,2004-10-01,early_25%,17,37,1.5158505249023477,0.02,18.368207723395948,10.184032488469649,7.918585811966422,145.4502290697352,0.7775491506858248,0.05600091011979669,True,0.0,2pct_UNFILTERED_early25pct
put,2004-10-04,2004-11-10,2004-10-06,early_25%,2,37,1.5245710754394537,0.02,18.29285443780047,10.194022915286629,3.1169340900535465,57.01762160156759,0.30576094599311643,0.021909647876604835,True,0.0,2pct_UNFILTERED_early25pct
call,2004-10-01,2004-11-05,2004-10-08,early_25%,7,35,1.5220260620117188,0.02,18.131168010047336,8.809293387734865,2.105010380256089,38.166296867316774,0.23895337430660266,0.014679975927432747,True,0.0,2pct_UNFILTERED_early25pct
call,2004-10-11,2004-11-17,2004-10-13,early_25%,2,37,1.512919311523433,0.02,18.308273712399593,9.150983059289292,2.9072233335536737,53.22624053377544,0.3176951934800612,0.02045310216764863,True,0.0,2pct_UNFILTERED_early25pct
call,2004-10-14,2004-11-19,2004-10-19,early_25%,5,36,1.4817152404785219,0.02,18.71277603716597,9.129579040574137,2.8014858526615978,52.42357733214542,0.30685816292417123,0.020148494416666538,True,0.0,2pct_UNFILTERED_early25pct
put,2004-10-07,2004-11-12,2004-10-27,early_25%,20,36,1.5193479919433628,0.02,18.391203006503385,10.437770439413503,4.650106893214943,85.52105987505678,0.4455076800363346,0.032863636318958125,True,0.0,2pct_UNFILTERED_early25pct
put,2004-10-28,2004-12-03,2004-11-03,early_25%,6,36,1.51626815795899,0.02,18.477880558663742,10.666946560078639,7.826138306719353,144.6104488671431,0.7336812144544631,0.0555203289357947,True,0.0,2pct_UNFILTERED_early25pct
put,2004-11-04,2004-12-10,2004-11-05,early_25%,1,36,1.5608633422851597,0.02,17.900856907336117,10.558878441966838,2.370732471626347,42.43814274015852,0.22452502741235675,0.016290619930191003,True,0.0,2pct_UNFILTERED_early25pct
put,2004-11-08,2004-12-15,2004-11-11,early_25%,3,37,1.5683636474609415,0.02,17.759286922324115,10.615266874189226,4.331093854801944,76.9171384549425,0.40800612044270856,0.029620170535144954,True,0.0,2pct_UNFILTERED_early25pct
put,2004-11-12,2004-12-17,2004-11-18,early_25%,6,35,1.5908627319335977,0.02,17.476817859784944,10.48365954322984,3.4135114760664633,59.65731832949923,0.3256030455768519,0.022970736464321122,True,0.0,2pct_UNFILTERED_early25pct
put,2004-11-19,2004-12-23,2004-11-22,early_25%,3,34,1.5771757507324224,0.02,17.582984154839334,10.38589452420371,3.5260539858614797,61.998551362510476,0.33950412048227724,0.02393276159425774,True,0.0,2pct_UNFILTERED_early25pct
call,2004-10-20,2004-11-26,2004-11-26,expired,37,37,1.4801086425781307,0.02,18.716386122492285,8.970543875725873,-31.760877989068142,-594.4488560327657,-3.5405743987287654,-0.22842926355310636,False,31.760877989068142,2pct_UNFILTERED_early25pct
put,2004-11-23,2004-12-30,2004-12-01,early_25%,8,37,1.5871153259277406,0.02,17.536390360442937,10.35085410225495,5.136937157439004,90.08333524991448,0.49628147655176724,0.034624653983146056,True,0.0,2pct_UNFILTERED_early25pct
put,2004-12-02,2005-01-07,2004-12-10,early_25%,8,36,1.602830505371088,0.02,17.38594043794549,10.503240500647431,2.8293304261702232,49.19057026866243,0.2693769057269345,0.018889931997386502,True,0.0,2pct_UNFILTERED_early25pct
put,2004-12-13,2005-01-19,2004-12-15,early_25%,2,37,1.6167990112304693,0.02,17.24296314079537,10.495489390039921,2.3095350614136088,39.82322793632943,0.22005024973921908,0.01527627772559163,True,0.0,2pct_UNFILTERED_early25pct
call,2004-11-29,2005-01-05,2004-12-17,early_25%,18,37,1.5824136352539,0.02,17.49174400228864,9.342028337061947,2.8027293148216126,49.02462368256949,0.3000129322775172,0.018822980715640654,True,0.0,2pct_UNFILTERED_early25pct
put,2004-12-16,2005-01-21,2004-12-21,early_25%,5,36,1.622709503173823,0.02,17.1568835931334,10.364304486447764,3.363075764764613,57.69989941095455,0.32448639164954374,0.022139095668714647,True,0.0,2pct_UNFILTERED_early25pct
put,2004-12-22,2005-01-28,2004-12-29,early_25%,7,37,1.6286198425293037,0.02,17.079435126694257,10.129921067388894,4.003330520420014,68.37462391422878,0.39519858978051436,0.02621146101821921,True,0.0,2pct_UNFILTERED_early25pct
call,2004-12-20,2005-01-26,2005-01-04,early_25%,15,37,1.6122917175293026,0.02,17.150914486122883,9.192337052832658,4.44521122991862,76.23943767708737,0.48357791977925885,0.029237725441253,True,0.0,2pct_UNFILTERED_early25pct
call,2005-01-05,2005-02-11,2005-01-11,early_25%,6,37,1.5925885009765608,0.02,17.412670752152543,9.539680771316885,2.8656028643860507,49.89779918397954,0.3003877103521227,0.019139852814304404,True,0.0,2pct_UNFILTERED_early25pct
call,2005-01-12,2005-02-18,2005-01-13,early_25%,1,37,1.6001451110839895,0.02,17.305034566761854,9.295548516827933,2.321516275709585,40.17391939845461,0.2497449474344514,0.015402947550804173,True,0.0,2pct_UNFILTERED_early25pct
call,2005-01-14,2005-02-18,2005-01-21,early_25%,7,35,1.5956913757324287,0.02,17.338310524633098,9.163058303271587,3.5971107010614674,62.36782232648438,0.3925666062582131,0.023915992747905065,True,0.0,2pct_UNFILTERED_early25pct
put,2004-12-30,2005-02-04,2005-01-31,early_25%,32,36,1.6346931457519531,0.02,17.065333965961702,10.554098385396493,7.839405084162273,133.7820658556873,0.7427830211446115,0.05126635059281465,True,0.0,2pct_UNFILTERED_early25pct
put,2005-02-01,2005-03-10,2005-02-04,early_25%,3,37,1.6047331237792974,0.02,17.42741556613015,10.219797234730107,6.310032990605478,109.96756716327269,0.6174323076745581,0.041995909277674326,True,0.0,2pct_UNFILTERED_early25pct
put,2005-02-07,2005-03-16,2005-02-11,early_25%,4,37,1.6203875732421835,0.02,17.24864688374222,10.196918601553133,4.01587474835302,69.26840546367839,0.393832186494197,0.026447748408051752,True,0.0,2pct_UNFILTERED_early25pct
put,2005-02-14,2005-03-23,2005-02-16,early_25%,2,37,1.6286198425293037,0.02,17.163391045668256,10.159977761121603,3.1127331172742636,53.42505571258013,0.30637204041779675,0.02038436290908356,True,0.0,2pct_UNFILTERED_early25pct
call,2005-01-24,2005-03-02,2005-02-17,early_25%,24,37,1.5728845214843687,0.02,17.63522723451496,9.505301258426723,4.307819329739731,75.96937276519608,0.4532017673738352,0.029149597256495706,True,0.0,2pct_UNFILTERED_early25pct
call,2005-02-18,2005-03-24,2005-02-22,early_25%,4,34,1.6247061157226597,0.02,17.09470793606795,8.94533996651309,3.3602677447302822,57.44279568315391,0.37564449839910563,0.021887391629954733,True,0.0,2pct_UNFILTERED_early25pct
put,2005-02-17,2005-03-24,2005-02-24,early_25%,7,35,1.6225473022460903,0.02,17.237517685816222,10.092458621275146,2.5222380236639745,43.47712254074592,0.24991313993074354,0.016575975089535348,True,0.0,2pct_UNFILTERED_early25pct
put,2005-02-25,2005-04-01,2005-03-04,early_25%,7,35,1.6387408447265557,0.02,17.074822411268926,10.073103301460055,5.475456808089812,93.49245261870695,0.5435719901032056,0.03560092248043004,True,0.0,2pct_UNFILTERED_early25pct
call,2005-02-23,2005-04-01,2005-03-11,early_25%,16,37,1.6120208740234432,0.02,17.261209225924805,9.32627271313268,2.986658920088332,51.55334450611933,0.3202414310577369,0.019665138430368444,True,0.0,2pct_UNFILTERED_early25pct
call,2005-03-14,2005-04-20,2005-03-16,early_25%,2,37,1.634828338623052,0.02,17.03775242641168,9.458224251837096,4.182649380161074,71.26294462566864,0.4422235367647015,0.027155721353484312,True,0.0,2pct_UNFILTERED_early25pct
call,2005-03-17,2005-04-22,2005-03-21,early_25%,4,36,1.6108059692382852,0.02,17.291840408736366,9.473314428405367,2.9380411175015446,50.80413811814216,0.3101386679082394,0.019379287519319797,True,0.0,2pct_UNFILTERED_early25pct
call,2005-03-22,2005-04-28,2005-03-29,early_25%,7,37,1.5838043212890653,0.02,17.607317075428043,9.515231236266995,2.937598784126946,51.723233232515035,0.3087259480285023,0.019733280622417058,True,0.0,2pct_UNFILTERED_early25pct
call,2005-03-30,2005-05-06,2005-04-04,early_25%,5,37,1.6011463928222724,0.02,17.361870458505212,9.514908329407675,2.2282596713132863,38.68675576125268,0.23418614180721178,0.014795907384531539,True,0.0,2pct_UNFILTERED_early25pct
put,2005-03-07,2005-04-13,2005-04-07,early_25%,31,37,1.6570951843261668,0.02,16.919768720746582,10.646584895638119,4.492608343107025,76.01389411826737,0.4219764729390019,0.028972806335020435,True,0.0,2pct_UNFILTERED_early25pct
call,2005-04-05,2005-05-12,2005-04-08,early_25%,3,37,1.6012814331054699,0.02,17.426879246460746,9.522759358218046,3.1187485132281667,54.35005374010625,0.32750470697726053,0.02070808115475701,True,0.0,2pct_UNFILTERED_early25pct
put,2005-04-08,2005-05-13,2005-04-12,early_25%,4,35,1.5987077331542991,0.02,17.614501582615684,10.278429906859534,5.8853821434600535,103.6680730802752,0.5725954447120679,0.039342803310365625,True,0.0,2pct_UNFILTERED_early25pct
call,2005-04-11,2005-05-18,2005-04-14,early_25%,3,37,1.5999270629882858,0.02,17.47776092839761,9.159314477968811,3.07859241850982,53.80690228669204,0.33611602985298256,0.020410549556335447,True,0.0,2pct_UNFILTERED_early25pct
call,2005-04-15,2005-05-20,2005-04-20,early_25%,5,35,1.546546173095706,0.02,18.17096054000766,9.619657021921784,3.2586918960489584,59.21356185514836,0.3387534387788337,0.022468319980134255,True,0.0,2pct_UNFILTERED_early25pct
call,2005-04-21,2005-05-27,2005-04-26,early_25%,5,36,1.5717469787597622,0.02,17.80111747598026,9.435012317609988,2.9326280202761614,52.204055902287365,0.3108239736796692,0.019849967929690723,True,0.0,2pct_UNFILTERED_early25pct
put,2005-04-13,2005-05-20,2005-05-03,early_25%,20,37,1.5892242431640682,0.02,17.78536254199424,10.592120990998524,3.613693646603986,64.2708516205531,0.34116808613449584,0.024362477292830944,True,0.0,2pct_UNFILTERED_early25pct
put,2005-05-04,2005-06-10,2005-05-09,early_25%,5,37,1.5919334411621122,0.02,17.808489017311107,10.791142590329214,2.3803291259140007,42.39006509642523,0.2205817508191579,0.016039715728198685,True,0.0,2pct_UNFILTERED_early25pct
call,2005-04-27,2005-06-03,2005-05-10,early_25%,13,37,1.5668696594238298,0.02,17.924087791761334,9.499057133446525,2.051996385733726,36.780163366268255,0.21602105944900277,0.013941337996706014,True,0.0,2pct_UNFILTERED_early25pct
put,2005-05-10,2005-06-16,2005-05-11,early_25%,1,37,1.5797398376464855,0.02,17.99098515842414,11.034438042406082,2.544040863842909,45.76980142382231,0.23055463758697908,0.017313520681844694,True,0.0,2pct_UNFILTERED_early25pct
put,2005-05-12,2005-06-17,2005-05-16,early_25%,4,36,1.570933837890621,0.02,18.138197569918606,11.249157646766225,4.068679505840307,73.7985127256103,0.36168748217426955,0.02789743285325959,True,0.0,2pct_UNFILTERED_early25pct
put,2005-05-17,2005-06-23,2005-05-18,early_25%,1,37,1.5930177307128872,0.02,17.85421241565786,11.02536925322681,5.182855652839508,92.53580574548965,0.4700845417329342,0.034954015064992905,True,0.0,2pct_UNFILTERED_early25pct
put,2005-05-19,2005-06-24,2005-05-23,early_25%,4,36,1.6161853027343795,0.02,17.54917623181289,10.712236083746005,3.3042910459082533,57.98758588584527,0.30845950556690516,0.021896310313966754,True,0.0,2pct_UNFILTERED_early25pct
put,2005-05-24,2005-06-30,2005-05-26,early_25%,2,37,1.6190299987792969,0.02,17.506410006945863,10.566476956121559,3.030794128113829,53.0583246534047,0.2868310923971661,0.020026851876858345,True,0.0,2pct_UNFILTERED_early25pct
call,2005-05-11,2005-06-17,2005-05-31,early_25%,20,37,1.588411102294927,0.02,17.715601805356762,9.570106955143457,3.996775172362387,70.80527745910818,0.4176311916988889,0.026775295165777143,True,0.0,2pct_UNFILTERED_early25pct
put,2005-05-27,2005-07-01,2005-06-02,early_25%,6,35,1.6291920471191474,0.02,17.370452472256655,10.289973014752277,4.198755194826793,72.93427755437955,0.4080433630688073,0.02750950881517706,True,0.0,2pct_UNFILTERED_early25pct
call,2005-06-01,2005-07-08,2005-06-06,early_25%,5,37,1.6325781249999949,0.02,17.231158677837584,9.438231025471698,3.1670099235134206,54.57125052634602,0.3355512187576635,0.020589120664314585,True,0.0,2pct_UNFILTERED_early25pct
put,2005-06-03,2005-07-08,2005-06-09,early_25%,6,35,1.6278367614746116,0.02,17.40317263613907,10.281413033911274,3.065228654663499,53.344703446349186,0.2981330138720649,0.020099561751298053,True,0.0,2pct_UNFILTERED_early25pct
put,2005-06-10,2005-07-15,2005-06-13,early_25%,3,35,1.628513641357415,0.02,17.400327248858442,10.208446574876298,2.66560550813017,46.38240815782456,0.2611176429810988,0.017463014666679703,True,0.0,2pct_UNFILTERED_early25pct
put,2005-06-14,2005-07-21,2005-06-16,early_25%,2,37,1.6374555969238287,0.02,17.32417385851545,10.329432873926644,3.619126175978799,62.698371088560904,0.35037026912814623,0.02359025906227879,True,0.0,2pct_UNFILTERED_early25pct
put,2005-06-17,2005-07-22,2005-06-21,early_25%,4,35,1.6508663940429642,0.02,17.15993772273715,10.14324590042119,2.2666632221703233,38.89579973086147,0.223465273781463,0.014628976240368923,True,0.0,2pct_UNFILTERED_early25pct
call,2005-06-07,2005-07-14,2005-06-23,early_25%,16,37,1.6275662231445267,0.02,17.31464948412815,9.416209616345677,6.209666338590781,107.5181960660888,0.6594656015103326,0.04049595425842649,True,0.0,2pct_UNFILTERED_early25pct
call,2005-06-24,2005-07-29,2005-07-01,early_25%,7,35,1.6184912109375063,0.02,17.40472472010993,9.233249131185698,2.120674317803637,36.90975272237922,0.22967801341360625,0.013895503072732934,True,0.0,2pct_UNFILTERED_early25pct
call,2005-07-05,2005-08-11,2005-07-06,early_25%,1,37,1.6390313720703062,0.02,17.194196701215855,9.305263444372667,2.057303915821138,35.37368820281027,0.22109034613794704,0.013307452850092596,True,0.0,2pct_UNFILTERED_early25pct
put,2005-06-22,2005-07-29,2005-07-08,early_25%,16,37,1.6537229919433543,0.02,17.130494885838054,10.106857074622564,3.9427303097646584,67.54092140766217,0.39010448853229657,0.025393482644545794,True,0.0,2pct_UNFILTERED_early25pct
put,2005-07-11,2005-08-17,2005-07-13,early_25%,2,37,1.6587556457519526,0.02,17.10865384752274,10.241986922494876,3.098452485043177,53.01035102960034,0.3025245500204579,0.019908637530375608,True,0.0,2pct_UNFILTERED_early25pct
put,2005-07-14,2005-08-19,2005-07-19,early_25%,5,36,1.6719512939453125,0.02,16.94442711234229,10.0353067542126,2.5650242533229743,43.462866501821345,0.25559998474847156,0.016321119547159178,True,0.0,2pct_UNFILTERED_early25pct
put,2005-07-20,2005-08-26,2005-07-27,early_25%,7,37,1.6791610717773438,0.02,16.856747861318752,9.861288008382632,2.9935383711545533,50.46132153573514,0.30356464273327,0.018939874069559708,True,0.0,2pct_UNFILTERED_early25pct
call,2005-07-07,2005-08-12,2005-08-04,early_25%,28,36,1.6316857910156273,0.02,17.293878325544036,9.424467637029721,2.18178300844545,37.731489880795024,0.23150198955249163,0.014191002098631673,True,0.0,2pct_UNFILTERED_early25pct
call,2005-08-05,2005-09-09,2005-08-16,early_25%,11,35,1.6715435791015665,0.02,16.915217739196564,9.610821223084292,4.768313492213044,80.6570609695324,0.49614006769369523,0.030266639891957686,True,0.0,2pct_UNFILTERED_early25pct
call,2005-08-17,2005-09-23,2005-08-24,early_25%,7,37,1.662293090820313,0.02,17.031451272395945,9.813609294673714,3.9301379131534535,66.93595236166892,0.4004783352529141,0.025126236806767843,True,0.0,2pct_UNFILTERED_early25pct
call,2005-08-25,2005-09-30,2005-08-26,early_25%,1,36,1.6539950561523398,0.02,17.120086604524104,9.811915549078035,2.326342351066433,39.82718252202955,0.2370935970076735,0.014951978818344515,True,0.0,2pct_UNFILTERED_early25pct
put,2005-07-28,2005-09-02,2005-08-31,early_25%,34,36,1.6945320129394474,0.02,16.721414290696327,10.02765134649585,9.743220709219598,162.92043000455297,0.9716353682983159,0.061114549784719176,True,0.0,2pct_UNFILTERED_early25pct
put,2005-09-01,2005-10-07,2005-09-06,early_25%,5,36,1.666237335205082,0.02,17.18275647078706,10.981913136242257,5.597624911398649,96.18262566737397,0.5097130929697027,0.0359647869549367,True,0.0,2pct_UNFILTERED_early25pct
put,2005-09-07,2005-10-14,2005-09-09,early_25%,2,37,1.685553741455081,0.02,16.972760012973477,10.933897296306997,3.7997227506877556,64.49178236325872,0.34751769179056946,0.024106630813534435,True,0.0,2pct_UNFILTERED_early25pct
call,2005-08-29,2005-10-05,2005-09-14,early_25%,16,37,1.6553555297851545,0.02,17.107633280445846,9.814828385676195,3.1628486654113326,54.10885508940464,0.32225205995727935,0.020311032289897106,True,0.0,2pct_UNFILTERED_early25pct
call,2005-09-15,2005-10-21,2005-09-20,early_25%,5,36,1.6752160644531244,0.02,16.95126778370471,9.675894508245818,3.202849088790167,54.292352574876745,0.3310132294291439,0.020291011073314102,True,0.0,2pct_UNFILTERED_early25pct
put,2005-09-12,2005-10-19,2005-09-30,early_25%,18,37,1.6915394592285224,0.02,16.880459076315013,10.609813876914592,3.4348724533438073,57.982223881031885,0.3237448359784698,0.021665087247433188,True,0.0,2pct_UNFILTERED_early25pct
call,2005-09-21,2005-10-28,2005-10-04,early_25%,13,37,1.6517462158203102,0.02,17.23090082304575,9.842560594031951,5.262874098973366,90.68406164358635,0.5347057860293506,0.03388144125236306,True,0.0,2pct_UNFILTERED_early25pct
call,2005-10-05,2005-11-11,2005-10-10,early_25%,5,37,1.6342602539062483,0.02,17.45001424221294,9.861437059429315,2.6417820477115805,46.099134357389545,0.2678901697380464,0.017203067949584847,True,0.0,2pct_UNFILTERED_early25pct
call,2005-10-11,2005-11-17,2005-10-18,early_25%,7,37,1.6178672790527315,0.02,17.589045541697555,9.904736517777346,4.278691915255019,75.25810695631365,0.43198442559027006,0.02817116022885697,True,0.0,2pct_UNFILTERED_early25pct
call,2005-10-19,2005-11-25,2005-10-27,early_25%,8,37,1.6363095092773392,0.02,17.35287917676473,9.698188359506235,3.4199558262579526,59.346080242926845,0.3526386268736147,0.022217205546104093,True,0.0,2pct_UNFILTERED_early25pct
put,2005-10-03,2005-11-09,2005-11-01,early_25%,29,37,1.6748336791992244,0.02,17.115513002338542,10.840661325630633,3.597591760228819,61.57462854930235,0.3318609125554927,0.022966864135887693,True,0.0,2pct_UNFILTERED_early25pct
put,2005-11-02,2005-12-09,2005-11-03,early_25%,1,37,1.663221740722662,0.02,17.316132080640234,11.145950181061187,2.5248727393806227,43.72102984192279,0.22652826348271315,0.016271002580593958,True,0.0,2pct_UNFILTERED_early25pct
put,2005-11-04,2005-12-09,2005-11-09,early_25%,5,35,1.6681394958496156,0.02,17.235449628472065,10.93420283419668,3.1148831997083386,53.68641248714696,0.2848751982144096,0.019982603671333296,True,0.0,2pct_UNFILTERED_early25pct
put,2005-11-10,2005-12-16,2005-11-17,early_25%,7,36,1.684942779541018,0.02,17.032304666605853,10.607397331658417,7.267026185403544,123.77420400999571,0.6850904098514973,0.04602678928581319,True,0.0,2pct_UNFILTERED_early25pct
put,2005-11-18,2005-12-23,2005-11-21,early_25%,3,35,1.7093959045410116,0.02,16.749705104205105,10.335669959733266,3.7595019532113234,62.970549054972764,0.3637405187915216,0.023408531632595875,True,0.0,2pct_UNFILTERED_early25pct
put,2005-11-22,2005-12-29,2005-11-25,early_25%,3,37,1.7253787231445301,0.02,16.57860464027488,10.323681299765708,3.0441866148234853,50.46836633837531,0.2948741370864066,0.01876646300660499,True,0.0,2pct_UNFILTERED_early25pct
call,2005-10-28,2005-12-02,2005-11-30,early_25%,33,35,1.6365824890136764,0.02,17.385581698841147,9.76596184870677,8.560220278433832,148.8244090107881,0.8765363218746749,0.055624751846754895,True,0.0,2pct_UNFILTERED_early25pct
put,2005-11-28,2006-01-04,2005-12-01,early_25%,3,37,1.7244223022460972,0.02,16.61539240511042,10.899936133446225,3.677007852697388,61.09492834923955,0.3373421465667644,0.02276188953106197,True,0.0,2pct_UNFILTERED_early25pct
call,2005-12-01,2006-01-06,2005-12-07,early_25%,6,36,1.730706024169919,0.02,16.497732937227262,9.649031811111902,2.2850286146951726,37.69779183916333,0.23681428970559673,0.01398241741419756,True,0.0,2pct_UNFILTERED_early25pct
put,2005-12-02,2006-01-06,2005-12-13,early_25%,11,35,1.7328927612304739,0.02,16.570122772708988,10.424536563208727,5.3386902961575045,88.46275365279996,0.512127351061276,0.03277990257796715,True,0.0,2pct_UNFILTERED_early25pct
call,2005-12-08,2006-01-13,2005-12-16,early_25%,8,36,1.7212808227539114,0.02,16.625300311507107,9.871618265457013,2.7108811254905643,45.06921282007701,0.2746136502235444,0.01670738446096416,True,0.0,2pct_UNFILTERED_early25pct
call,2005-12-19,2006-01-25,2005-12-27,early_25%,8,37,1.7264218139648477,0.02,16.576148429504055,9.714408115764002,3.4725123986456294,57.56088094324311,0.3574600075747929,0.021313201111897426,True,0.0,2pct_UNFILTERED_early25pct
call,2005-12-28,2006-02-03,2005-12-30,early_25%,2,37,1.7269717407226608,0.02,16.56945452884225,9.708518885601658,2.9739935104534068,49.27745024052966,0.3063282407437066,0.018246628926702965,True,0.0,2pct_UNFILTERED_early25pct
put,2005-12-14,2006-01-20,2006-01-03,early_25%,20,37,1.7460075378417912,0.02,16.448054080538412,10.385384304456696,4.922337823766277,80.96287872798749,0.47396780701258656,0.029974891140588978,True,0.0,2pct_UNFILTERED_early25pct
put,2006-01-04,2006-02-10,2006-01-06,early_25%,2,37,1.7482591247558616,0.02,16.500299899319668,10.836878620330149,5.1457901226347795,84.9070802424308,0.4748406162805219,0.031378867242895535,True,0.0,2pct_UNFILTERED_early25pct
put,2006-01-09,2006-02-15,2006-01-11,early_25%,2,37,1.7684461975097605,0.02,16.2953650417101,10.847039877080253,2.7598228542623495,44.97232086065927,0.254430967852699,0.016625681268117993,True,0.0,2pct_UNFILTERED_early25pct
call,2006-01-03,2006-02-09,2006-01-20,early_25%,17,37,1.7400181579589855,0.02,16.42660330302747,9.717010960646256,3.9566542746158824,64.99439017634302,0.4071884132517984,0.024084115865637638,True,0.0,2pct_UNFILTERED_early25pct
put,2006-01-12,2006-02-17,2006-01-27,early_25%,15,36,1.7688586425781239,0.02,16.28717232220281,10.810070630064473,3.1168406452644914,50.764520690268576,0.28832750052493433,0.018767579411667675,True,0.0,2pct_UNFILTERED_early25pct
call,2006-01-23,2006-03-01,2006-02-02,early_25%,10,37,1.7361729431152355,0.02,16.54294089056456,10.371319541741048,3.7867776000849833,62.644438003919795,0.3651201358558558,0.023196759402032932,True,0.0,2pct_UNFILTERED_early25pct
call,2006-02-03,2006-03-10,2006-02-07,early_25%,4,35,1.7341128540039108,0.02,16.584944107631873,10.086035848772692,2.5268967453860585,41.908441287984665,0.2505341824353659,0.015471562127247455,True,0.0,2pct_UNFILTERED_early25pct
put,2006-01-30,2006-03-08,2006-02-14,early_25%,15,37,1.7639147949218739,0.02,16.423359597676306,11.387933424789262,3.522138775017024,57.845351655023705,0.30928691305395495,0.02134583685600523,True,0.0,2pct_UNFILTERED_early25pct
put,2006-02-15,2006-03-24,2006-02-16,early_25%,1,37,1.7606188964843739,0.02,16.474923593512518,11.332934174695447,5.121323192932548,84.37340830124728,0.45189737397112995,0.031089392743395953,True,0.0,2pct_UNFILTERED_early25pct
put,2006-02-17,2006-03-24,2006-02-22,early_25%,5,35,1.7689959716796864,0.02,16.371108504720592,11.111319680557255,3.455072435931802,56.56336574030882,0.3109506823008195,0.02084026982060992,True,0.0,2pct_UNFILTERED_early25pct
put,2006-02-23,2006-03-31,2006-02-27,early_25%,4,36,1.7727046203613241,0.02,16.35022795533069,11.146430333553697,3.0686733869930087,50.17350939779241,0.27530548302585195,0.01847218223361584,True,0.0,2pct_UNFILTERED_early25pct
call,2006-02-08,2006-03-17,2006-02-28,early_25%,20,37,1.7389196777343727,0.02,16.529191006974063,10.164483049387844,5.478750350576851,90.55931102421088,0.5390092466047065,0.03346261844681044,True,0.0,2pct_UNFILTERED_early25pct
put,2006-02-28,2006-04-06,2006-03-01,early_25%,1,37,1.7610304260253855,0.02,16.499981298365007,11.348265657346138,5.560455664643699,91.7474144770088,0.48998286016015297,0.03374989039919279,True,0.0,2pct_UNFILTERED_early25pct
call,2006-03-01,2006-04-07,2006-03-06,early_25%,5,37,1.7766871643066366,0.02,16.224726610056212,10.045642706409547,3.101611131216627,50.32279265469696,0.3087518859532668,0.018503485601981545,True,0.0,2pct_UNFILTERED_early25pct
put,2006-03-02,2006-04-07,2006-03-13,early_25%,11,36,1.7765493774414125,0.02,16.340127790805717,11.102460753593729,2.6175480388636423,42.7710694536048,0.23576287247999272,0.015716055901181213,True,0.0,2pct_UNFILTERED_early25pct
put,2006-03-14,2006-04-20,2006-03-22,early_25%,8,37,1.787810668945312,0.02,16.214440071039903,10.769834304495502,4.051903368849716,65.69934434785841,0.37622708523550696,0.024116859964576107,True,0.0,2pct_UNFILTERED_early25pct
call,2006-03-07,2006-04-13,2006-03-27,early_25%,20,37,1.757460021972662,0.02,16.432773789145045,10.233312813191974,3.2524027303715135,53.44599833939279,0.31782500835690025,0.019650473582869973,True,0.0,2pct_UNFILTERED_early25pct
put,2006-03-23,2006-04-28,2006-04-04,early_25%,12,36,1.7939543151855446,0.02,16.172320021250094,10.948687242048727,6.007419065795697,97.15390363380729,0.5486885261206516,0.035663610428317366,True,0.0,2pct_UNFILTERED_early25pct
call,2006-03-28,2006-05-04,2006-04-10,early_25%,13,37,1.7816833496093807,0.02,16.217390657331507,10.085791740896102,2.6438511312379953,42.8763666351144,0.26213620102005936,0.01572948076931969,True,0.0,2pct_UNFILTERED_early25pct
call,2006-04-11,2006-05-18,2006-04-17,early_25%,6,37,1.7736865234375045,0.02,16.325247682028305,10.406284647917882,2.870610909892987,46.863434102735646,0.2758535833888944,0.017193161246506678,True,0.0,2pct_UNFILTERED_early25pct
put,2006-04-05,2006-05-12,2006-04-18,early_25%,13,37,1.8063650512695375,0.02,16.08440367185046,11.079621065812523,2.8395068691270335,45.671774712031464,0.2562819479349043,0.0167466327589691,True,0.0,2pct_UNFILTERED_early25pct
call,2006-04-18,2006-05-25,2006-04-25,early_25%,7,37,1.8020901489257852,0.02,16.02166241361331,10.146405840392308,3.051087996657106,48.883501876667886,0.30070628404305344,0.01794096899760508,True,0.0,2pct_UNFILTERED_early25pct
put,2006-04-19,2006-05-26,2006-04-28,early_25%,9,37,1.8055369567871082,0.02,16.11932406879635,11.167738183552675,4.267519781740586,68.78953433187557,0.38212928272491115,0.025194058851440337,True,0.0,2pct_UNFILTERED_early25pct
put,2006-05-01,2006-06-07,2006-05-02,early_25%,1,37,1.7979531860351585,0.02,16.24718998611821,11.671456041687577,4.544245725022371,73.83122363804397,0.3893469425572474,0.027029153719039765,True,0.0,2pct_UNFILTERED_early25pct
put,2006-05-03,2006-06-09,2006-05-05,early_25%,2,37,1.8047097778320307,0.02,16.175488158318057,11.475415712901407,6.399593698855136,103.5165520938781,0.5576785938709216,0.037868412758631634,True,0.0,2pct_UNFILTERED_early25pct
call,2006-04-26,2006-06-02,2006-05-11,early_25%,15,37,1.7979531860351585,0.02,16.104913821328605,10.230792081055217,3.6176099553312513,58.261296569790225,0.3536001833162195,0.021334709738667305,True,0.0,2pct_UNFILTERED_early25pct
call,2006-05-12,2006-06-16,2006-05-16,early_25%,4,35,1.7819595336914062,0.02,16.320083454512396,10.622412729129078,2.5805818076537292,42.11531046210532,0.24293744495327182,0.015399697337644984,True,0.0,2pct_UNFILTERED_early25pct
call,2006-05-17,2006-06-23,2006-05-23,early_25%,6,37,1.7490063476562483,0.02,16.64171740807629,10.781341592295437,3.0042420806537153,49.995747731690265,0.27865197062308156,0.01830523409262359,True,0.0,2pct_UNFILTERED_early25pct
call,2006-05-24,2006-06-30,2006-06-05,early_25%,12,37,1.739629821777342,0.02,16.63689133349951,10.827353566990912,3.395001907222918,56.482277807491265,0.313557868616499,0.020810916267247216,True,0.0,2pct_UNFILTERED_early25pct
call,2006-06-06,2006-07-13,2006-06-09,early_25%,3,37,1.7484544372558588,0.02,16.632590015084997,10.88063493491981,2.7684007187073547,46.045674151726075,0.25443374722761597,0.01688411518987451,True,0.0,2pct_UNFILTERED_early25pct
put,2006-05-08,2006-06-14,2006-06-14,expired,37,37,1.824977569580085,0.02,16.001643617710915,11.608833285589062,-170.88892367241942,-2734.503654820258,-14.720594177586905,-1.0,False,170.88892367241942,2pct_UNFILTERED_early25pct
call,2006-06-12,2006-07-19,2006-06-16,early_25%,4,37,1.7095726013183565,0.02,16.96050978236543,10.808053089687657,2.8418801063816552,48.19973534459577,0.2629409832463899,0.017745202482543236,True,0.0,2pct_UNFILTERED_early25pct
put,2006-06-15,2006-07-21,2006-06-26,early_25%,11,36,1.7389413452148403,0.02,16.636953136521484,12.387772341827032,2.6998592386725893,44.91743162900044,0.21794550014102018,0.01671673612256408,True,0.0,2pct_UNFILTERED_early25pct
call,2006-06-19,2006-07-26,2006-06-27,early_25%,8,37,1.7126972961425793,0.02,16.72292105050582,10.695071807155514,4.200083047008183,70.23765720068577,0.3927120006990628,0.02615657479434721,True,0.0,2pct_UNFILTERED_early25pct
put,2006-06-27,2006-08-03,2006-06-28,early_25%,1,37,1.7160209655761776,0.02,16.89656780568016,12.428866618425044,3.243695588154191,54.807322446232874,0.26098080281476416,0.020378398989537035,True,0.0,2pct_UNFILTERED_early25pct
put,2006-06-29,2006-08-04,2006-07-03,early_25%,4,36,1.762553100585933,0.02,16.339844095533127,11.569668581303567,2.765210857996374,45.18311431093615,0.23900519177056798,0.016790843653347272,True,0.0,2pct_UNFILTERED_early25pct
put,2006-07-05,2006-08-11,2006-07-11,early_25%,6,37,1.7597836303710892,0.02,16.410758802438192,12.035504042329336,4.988181530200084,81.85984395489064,0.4144555568804144,0.03042634220718892,True,0.0,2pct_UNFILTERED_early25pct
call,2006-06-28,2006-08-04,2006-07-12,early_25%,14,37,1.7276544189453062,0.02,16.586561092629648,10.596396857753689,4.437062197507255,73.59560321075165,0.41873310872275693,0.027360722242034608,True,0.0,2pct_UNFILTERED_early25pct
call,2006-07-13,2006-08-18,2006-07-20,early_25%,7,36,1.7172669982910094,0.02,16.73660121210143,10.703938212666959,2.4264848321933776,40.61110898363342,0.22669084817043264,0.015069203930146298,True,0.0,2pct_UNFILTERED_early25pct
put,2006-07-12,2006-08-18,2006-07-24,early_25%,12,37,1.7456575012207054,0.02,16.579595180477025,12.055020641269966,4.0739753585653125,67.54486222025162,0.33794843491334986,0.02506896234840065,True,0.0,2pct_UNFILTERED_early25pct
put,2006-07-25,2006-08-31,2006-07-28,early_25%,3,37,1.7541058349609386,0.02,16.524227556794283,12.232854892046555,5.560152436176426,91.87722410584337,0.45452614988439655,0.03407421149774797,True,0.0,2pct_UNFILTERED_early25pct
put,2006-07-31,2006-09-06,2006-08-03,early_25%,3,37,1.7705851745605514,0.02,16.374559634502518,12.380565077055412,3.286128126307993,53.80890097084625,0.2654263441010533,0.01995487604038882,True,0.0,2pct_UNFILTERED_early25pct
call,2006-07-21,2006-08-25,2006-08-09,early_25%,19,35,1.7165745544433548,0.02,16.730412533110073,10.648623685927998,4.3957467056770865,73.54265577703724,0.4127995161934403,0.027301276940341204,True,0.0,2pct_UNFILTERED_early25pct
put,2006-08-04,2006-09-08,2006-08-15,early_25%,11,35,1.7754330444335977,0.02,16.30645186179617,12.072071437413486,7.302499523392014,119.07785694898135,0.6049085744108733,0.044131535075523344,True,0.0,2pct_UNFILTERED_early25pct
put,2006-08-16,2006-09-22,2006-08-18,early_25%,2,37,1.7962055969238264,0.02,16.09320590241364,11.604958479809326,5.433563751719297,87.44346024030979,0.4682105292468545,0.0323396381794614,True,0.0,2pct_UNFILTERED_early25pct
call,2006-08-10,2006-09-15,2006-08-24,early_25%,14,36,1.7639387512207065,0.02,16.283034012540437,10.597209935028514,2.695063861270129,43.88381651903008,0.2543182477079876,0.01625523564198179,True,0.0,2pct_UNFILTERED_early25pct
put,2006-08-21,2006-09-27,2006-08-28,early_25%,7,37,1.8021609497070301,0.02,16.034574124325196,11.561144106041663,3.3457894075206873,53.64830825927254,0.28939950724878805,0.019838074069972282,True,0.0,2pct_UNFILTERED_early25pct
put,2006-08-29,2006-10-05,2006-09-01,early_25%,3,37,1.8083932495117239,0.02,16.000024152441853,11.627386445308074,4.334629882879468,69.35418281796768,0.3727948583517316,0.0256165724543676,True,0.0,2pct_UNFILTERED_early25pct
call,2006-08-25,2006-09-29,2006-09-07,early_25%,13,35,1.7977302551269503,0.02,15.966711666180403,10.291259860645996,2.81692644910256,44.977052397657985,0.27372027208005395,0.016620823120793958,True,0.0,2pct_UNFILTERED_early25pct
put,2006-09-05,2006-10-12,2006-09-12,early_25%,7,37,1.823488006591802,0.02,15.886030330292884,11.875522952320676,3.948501203552274,62.72600987882938,0.3324907222532605,0.023161994986346145,True,0.0,2pct_UNFILTERED_early25pct
put,2006-09-13,2006-10-20,2006-09-20,early_25%,7,37,1.8311050415039034,0.02,15.77443562627384,11.256443091676665,4.843316657803637,76.40058683618324,0.43027061198265404,0.028182730323427885,True,0.0,2pct_UNFILTERED_early25pct
put,2006-09-21,2006-10-27,2006-09-25,early_25%,4,36,1.834290161132813,0.02,15.794345899097749,11.706765499958962,3.5711560029978564,56.4040731709875,0.3050506139386131,0.020796116928604964,True,0.0,2pct_UNFILTERED_early25pct
call,2006-09-08,2006-10-13,2006-10-02,early_25%,24,35,1.8042388916015568,0.02,15.926991340299043,10.54078139767753,3.5439455290826736,56.444389752191256,0.336212790625135,0.02086108251585341,True,0.0,2pct_UNFILTERED_early25pct
put,2006-09-26,2006-11-02,2006-10-04,early_25%,8,37,1.8580763244628855,0.02,15.579894767942804,11.596294501043872,6.358683361501486,99.06761763486196,0.5483375194489146,0.03649982507740136,True,0.0,2pct_UNFILTERED_early25pct
put,2006-10-05,2006-11-10,2006-10-10,early_25%,5,36,1.8803314208984432,0.02,15.412255338293138,11.875298563686343,2.9377973495546215,45.278082883496644,0.24738724115435354,0.01667707375810594,True,0.0,2pct_UNFILTERED_early25pct
put,2006-10-11,2006-11-17,2006-10-12,early_25%,1,37,1.879357757568357,0.02,15.42228763246686,11.773250713708668,5.415456220002589,83.51872348591166,0.4599796905451848,0.030741249983086985,True,0.0,2pct_UNFILTERED_early25pct
put,2006-10-13,2006-11-17,2006-10-20,early_25%,7,35,1.9005007934570273,0.02,15.200981495742317,11.291882103712789,3.554237517286012,54.02789873173778,0.31476041678803685,0.01988293444509592,True,0.0,2pct_UNFILTERED_early25pct
put,2006-10-23,2006-11-29,2006-10-25,early_25%,2,37,1.9121855163574253,0.02,15.150847451869161,11.702348306994402,4.721355958763779,71.53254389720348,0.4034537201342624,0.026300444590606434,True,0.0,2pct_UNFILTERED_early25pct
call,2006-10-03,2006-11-09,2006-11-01,early_25%,29,37,1.8550158691406295,0.02,15.525670968425862,10.692012811014173,7.473512624516504,116.03129798662005,0.6989808894371887,0.042752307262707075,True,0.0,2pct_UNFILTERED_early25pct
put,2006-10-26,2006-12-01,2006-11-08,early_25%,13,36,1.9304071044921898,0.02,14.971294888999305,11.446314639982214,5.166146709002283,77.34390582030646,0.45133712216479055,0.028448822365802925,True,0.0,2pct_UNFILTERED_early25pct
put,2006-11-09,2006-12-15,2006-11-13,early_25%,4,36,1.9220610046386781,0.02,15.086886820938355,11.645307219031999,3.045121888627685,45.94140928968794,0.26148918455762366,0.016864801233447056,True,0.0,2pct_UNFILTERED_early25pct
put,2006-11-14,2006-12-21,2006-11-16,early_25%,2,37,1.9420918273925736,0.02,14.929009107492814,11.563221225815985,4.245137558982879,63.37569728061521,0.36712413228808666,0.023242438671004884,True,0.0,2pct_UNFILTERED_early25pct
put,2006-11-17,2006-12-22,2006-11-22,early_25%,5,35,1.9532194519043031,0.02,14.80208547953726,11.19215569613566,3.3497284136991263,49.58296631280922,0.2992925138501865,0.018192213345266,True,0.0,2pct_UNFILTERED_early25pct
call,2006-11-02,2006-12-08,2006-11-27,early_25%,25,36,1.9025877380371128,0.02,15.146967898251562,10.668078355642486,7.61079760270572,115.28050696827349,0.713417857366999,0.04237857414448563,True,0.0,2pct_UNFILTERED_early25pct
put,2006-11-24,2006-12-29,2006-12-04,early_25%,10,35,1.9522459411621043,0.02,14.85059160128018,11.588006998917121,6.021150213935557,89.41764279711775,0.5196018792962606,0.03278840185637787,True,0.0,2pct_UNFILTERED_early25pct
put,2006-12-05,2007-01-11,2006-12-11,early_25%,6,37,1.9738061523437551,0.02,14.74577300503529,12.181935629227807,3.131802916348004,46.18085490097519,0.2570858204860276,0.01691050348212609,True,0.0,2pct_UNFILTERED_early25pct
put,2006-12-12,2007-01-18,2006-12-14,early_25%,2,37,1.9713034057617165,0.02,14.748491130871539,11.823896363395473,7.039129680988383,103.81654166911177,0.5953307999874039,0.03798642681258174,True,0.0,2pct_UNFILTERED_early25pct
call,2006-11-28,2007-01-04,2006-12-22,early_25%,24,37,1.9337451171874989,0.02,14.944486968080122,10.95940199512536,5.6903114004013196,85.03878456761527,0.5192173261764025,0.03119429859194591,True,0.0,2pct_UNFILTERED_early25pct
put,2006-12-15,2007-01-19,2006-12-27,early_25%,12,35,1.9909580993652298,0.02,14.56445019819199,11.408402169481308,3.9808916397224605,57.97949803113663,0.3489438381101054,0.021210222289731653,True,0.0,2pct_UNFILTERED_early25pct
call,2006-12-26,2007-02-01,2007-01-04,early_25%,9,37,1.9803274536132847,0.02,14.627264344953453,11.101543197355806,3.1053934816168427,45.42341135070491,0.27972628907632346,0.016612494038811394,True,0.0,2pct_UNFILTERED_early25pct
put,2006-12-28,2007-02-02,2007-01-11,early_25%,14,36,1.9891389465332026,0.02,14.65414934584484,12.040574639646866,6.003370322968951,87.97428529119976,0.4985950008732325,0.03212534738789726,True,0.0,2pct_UNFILTERED_early25pct
call,2007-01-05,2007-02-09,2007-01-19,early_25%,14,35,1.9657801818847673,0.02,14.778814957477246,11.20234988613047,2.784412075752469,41.150310832910854,0.2485560711864414,0.01502037511854638,True,0.0,2pct_UNFILTERED_early25pct
put,2007-01-12,2007-02-16,2007-01-24,early_25%,12,35,2.003546447753905,0.02,14.520557126440432,11.543260824274462,7.770685620188126,112.83468445955089,0.673179419445072,0.04115581093457789,True,0.0,2pct_UNFILTERED_early25pct
call,2007-01-22,2007-02-28,2007-01-29,early_25%,7,37,1.9915162658691372,0.02,14.575421750285148,10.983173829512266,2.4279613198828773,35.38856023067193,0.2210619041063376,0.012903126343995382,True,0.0,2pct_UNFILTERED_early25pct
put,2007-01-25,2007-03-02,2007-01-30,early_25%,5,36,1.989838256835938,0.02,14.686113699930315,12.17142572271488,4.323619275414706,63.497164273950695,0.355227018914125,0.02314417713342439,True,0.0,2pct_UNFILTERED_early25pct
put,2007-01-31,2007-03-09,2007-02-01,early_25%,1,37,2.0106802368164125,0.02,14.522178581544976,11.923746558911422,3.6578849089936494,53.12045787914417,0.30677311790561873,0.019339125479435795,True,0.0,2pct_UNFILTERED_early25pct
put,2007-02-02,2007-03-09,2007-02-13,early_25%,11,35,2.0255067443847707,0.02,14.381848111454175,11.625474952171842,3.010037221252075,43.28989812587093,0.25891735465738946,0.015765531366999985,True,0.0,2pct_UNFILTERED_early25pct
put,2007-02-14,2007-03-23,2007-02-20,early_25%,6,37,2.036696472167975,0.02,14.340737448975723,11.96100292894875,3.627277531426291,52.01783473275322,0.30325864419340054,0.018920782340831575,True,0.0,2pct_UNFILTERED_early25pct
call,2007-01-30,2007-03-08,2007-02-22,early_25%,23,37,1.997251739501948,0.02,14.554492760899254,11.08726654970775,3.1231990714608475,45.45657827642418,0.28169243135434247,0.016556582473267956,True,0.0,2pct_UNFILTERED_early25pct
call,2007-02-23,2007-03-30,2007-02-27,early_25%,4,35,2.032360229492184,0.02,14.309587783519708,11.011256136794593,2.6736491708392602,38.258817512459075,0.24281055109644983,0.013908973412610522,True,0.0,2pct_UNFILTERED_early25pct
call,2007-02-28,2007-04-05,2007-03-05,early_25%,5,36,1.9712350463867239,0.02,14.734594824153579,12.00667808415696,3.6010826386125263,53.060493608249445,0.2999233104587208,0.0194530270728903,True,0.0,2pct_UNFILTERED_early25pct
call,2007-03-06,2007-04-12,2007-03-13,early_25%,7,37,1.9540306091308537,0.02,14.839600049056047,12.007444508958077,2.59956074478343,38.57644175581236,0.21649575335068544,0.01417460676407382,True,0.0,2pct_UNFILTERED_early25pct
call,2007-03-14,2007-04-20,2007-03-20,early_25%,6,37,1.948156890869143,0.02,14.910444287155093,12.116899653059985,3.1947497101473914,47.63513756455756,0.26366065591214116,0.01748643064383327,True,0.0,2pct_UNFILTERED_early25pct
put,2007-02-21,2007-03-30,2007-03-23,early_25%,30,37,2.041871795654302,0.02,14.306241178190692,11.972621145515209,4.14927202066236,59.36048624151435,0.3465633774118564,0.021586668849493666,True,0.0,2pct_UNFILTERED_early25pct
call,2007-03-21,2007-04-27,2007-03-30,early_25%,9,37,2.012194519042964,0.02,14.472414503611095,11.583180111810572,2.8340388671762735,41.01538520511946,0.24466846235832931,0.014944603373543908,True,0.0,2pct_UNFILTERED_early25pct
put,2007-03-26,2007-05-02,2007-04-03,early_25%,8,37,2.010931701660155,0.02,14.673017772839565,13.33702501108096,3.9148801391728547,57.44310586061992,0.2935347377634973,0.0208508762040376,True,0.0,2pct_UNFILTERED_early25pct
put,2007-04-04,2007-05-11,2007-04-09,early_25%,5,37,2.020058746337895,0.02,14.617227782884394,13.432916336483908,3.8169005093055457,55.792504169126616,0.2841453347653788,0.020240974866013346,True,0.0,2pct_UNFILTERED_early25pct
put,2007-04-10,2007-05-17,2007-04-13,early_25%,3,37,2.030731048583988,0.02,14.52877227424505,13.248723409446029,4.4624772568354825,64.83431584356046,0.33682318808571704,0.02350845145798894,True,0.0,2pct_UNFILTERED_early25pct
put,2007-04-16,2007-05-23,2007-04-20,early_25%,4,37,2.0600814819335938,0.02,14.304737739988889,13.094086683567339,7.202202646916488,103.02562001439416,0.5500347462916236,0.03733373601981271,True,0.0,2pct_UNFILTERED_early25pct
put,2007-04-23,2007-05-30,2007-04-25,early_25%,2,37,2.0791796875000017,0.02,14.193480983369653,13.734505089722997,4.612955259507601,65.47389275295616,0.3358661436559005,0.023755654433983826,True,0.0,2pct_UNFILTERED_early25pct
put,2007-04-26,2007-06-01,2007-05-03,early_25%,7,36,2.1015074157714793,0.02,14.024403763711724,13.680300773325127,4.379745863192605,61.42332436785923,0.32014982241710366,0.02229213639096893,True,0.0,2pct_UNFILTERED_early25pct
call,2007-04-02,2007-05-09,2007-05-08,early_25%,36,37,1.9963265991210903,0.02,14.678657385400575,12.042558655100509,4.290800746045927,62.983194060229344,0.35630308051093446,0.022873279119175374,True,0.0,2pct_UNFILTERED_early25pct
call,2007-05-09,2007-06-15,2007-05-10,early_25%,1,37,2.1227120971679625,0.02,13.83905403466657,12.421602437293414,3.0557143102938884,42.28819545466101,0.24600000891348028,0.015290069126932388,True,0.0,2pct_UNFILTERED_early25pct
put,2007-05-04,2007-06-08,2007-05-16,early_25%,12,35,2.119341735839839,0.02,13.921473954948723,13.767861551729649,6.58944740496219,91.73482042568558,0.478610812594521,0.03325210696704931,True,0.0,2pct_UNFILTERED_early25pct
put,2007-05-17,2007-06-22,2007-05-18,early_25%,1,36,2.1246778869628855,0.02,13.958115613022581,14.16942664222764,6.190066477007071,86.40166353836008,0.4368607589639141,0.031215923383772125,True,0.0,2pct_UNFILTERED_early25pct
call,2007-05-11,2007-06-15,2007-05-24,early_25%,13,35,2.1184994506836006,0.02,13.856558253772125,12.31891664350584,4.1459440553007045,57.44851531915445,0.3365510276008175,0.020778442771682084,True,0.0,2pct_UNFILTERED_early25pct
put,2007-05-21,2007-06-27,2007-05-30,early_25%,9,37,2.14208984375,0.02,13.850539513747803,14.272313330114358,7.84416935852439,108.64597765277182,0.549607423624404,0.03923326980253352,True,0.0,2pct_UNFILTERED_early25pct
put,2007-05-31,2007-07-06,2007-06-01,early_25%,1,36,2.1530447387695375,0.02,13.781936661567041,14.142543828078352,3.194038060677965,44.02003024689814,0.2258460782943857,0.01587794499636151,True,0.0,2pct_UNFILTERED_early25pct
call,2007-05-25,2007-06-29,2007-06-06,early_25%,12,35,2.1301544189453097,0.02,13.807514953432204,12.492864271183,2.72207351186443,37.58507071940983,0.21789026541682469,0.013574897869991692,True,0.0,2pct_UNFILTERED_early25pct
put,2007-06-04,2007-07-11,2007-06-18,early_25%,14,37,2.163997955322259,0.02,13.727890971080466,14.413593930562001,4.319839599899991,59.30228703998294,0.29970593182456584,0.021386805463172814,True,0.0,2pct_UNFILTERED_early25pct
call,2007-06-07,2007-07-13,2007-06-20,early_25%,13,36,2.093785247802728,0.02,14.104479871315593,12.976753918684164,3.495633969410914,49.304098959043266,0.26937660922874074,0.01779838315141472,True,0.0,2pct_UNFILTERED_early25pct
call,2007-06-21,2007-07-27,2007-06-26,early_25%,5,36,2.1434266662597707,0.02,13.755550487703283,12.824374688213263,2.76748926463803,38.06833830390526,0.21579915839339894,0.013733191354622693,True,0.0,2pct_UNFILTERED_early25pct
put,2007-06-19,2007-07-26,2007-07-09,early_25%,20,37,2.1616197204589866,0.02,13.743090149968523,14.186802952849845,5.104807904583444,70.15583523096218,0.35982792751470405,0.025274433127132016,True,0.0,2pct_UNFILTERED_early25pct
put,2007-07-10,2007-08-16,2007-07-11,early_25%,1,37,2.1284759521484347,0.02,14.10240280226373,15.800562139662173,4.5895392003353574,64.72353047990859,0.29046683021579417,0.023291592513266946,True,0.0,2pct_UNFILTERED_early25pct
put,2007-07-12,2007-08-17,2007-07-19,early_25%,7,36,2.177415313720701,0.02,13.742170507526225,15.37586560024472,5.702921669544855,78.37052197395153,0.3709008531821511,0.028181271006590153,True,0.0,2pct_UNFILTERED_early25pct
call,2007-06-27,2007-08-03,2007-07-20,early_25%,23,37,2.1211424255371156,0.02,13.877149981486637,12.970392496410255,2.9386618634163977,40.780251423504346,0.2265669187906006,0.014756478106508597,True,0.0,2pct_UNFILTERED_early25pct
call,2007-07-23,2007-08-29,2007-07-24,early_25%,1,37,2.171491394042974,0.02,13.662177112643805,13.454985527710257,2.814622330558107,38.453868785287135,0.20918806079437635,0.013817884691297582,True,0.0,2pct_UNFILTERED_early25pct
call,2007-07-25,2007-08-31,2007-07-26,early_25%,1,37,2.138207855224607,0.02,13.870433923295337,13.374979457363079,3.087388594222311,42.82341949169625,0.2308331466275762,0.015402610086137886,True,0.0,2pct_UNFILTERED_early25pct
call,2007-07-27,2007-08-31,2007-08-03,early_25%,7,35,2.0465365600585983,0.02,14.4681115911234,12.949253040626452,3.464907670778885,50.13067083376837,0.26757587174397063,0.018074220608314692,True,0.0,2pct_UNFILTERED_early25pct
call,2007-08-06,2007-09-12,2007-08-14,early_25%,8,37,2.0620494079589804,0.02,14.30608322163883,13.050329293849131,2.610005684151254,37.33895852641823,0.1999953890344667,0.013512520689279883,True,0.0,2pct_UNFILTERED_early25pct
put,2007-07-20,2007-08-24,2007-08-23,early_25%,34,35,2.164862213134768,0.02,13.855890633158038,15.712395186460313,9.836364422971995,136.29158967258664,0.6260257781352259,0.04899226464284826,True,0.0,2pct_UNFILTERED_early25pct
call,2007-08-15,2007-09-21,2007-08-27,early_25%,12,37,1.9891354370117256,0.02,14.796376416626922,12.259033623832572,2.541961101767553,37.61181329817641,0.20735411776877513,0.013618535660961505,True,0.0,2pct_UNFILTERED_early25pct
put,2007-08-24,2007-09-28,2007-09-04,early_25%,11,35,2.091948394775386,0.02,14.459386741063978,16.254218468981087,3.7286669988580616,53.914238165131074,0.2293968797068714,0.01932546386223502,True,0.0,2pct_UNFILTERED_early25pct
put,2007-09-05,2007-10-12,2007-09-13,early_25%,8,37,2.0843324279785094,0.02,14.583273507229055,17.170095592185664,5.112133212809274,74.55163684778725,0.2977346972451262,0.026728270905801824,True,0.0,2pct_UNFILTERED_early25pct
put,2007-09-14,2007-10-19,2007-09-18,early_25%,4,35,2.0999874877929727,0.02,14.484972371105453,17.23513516299762,13.778833031923856,199.58601577349225,0.7994618493915759,0.07148046653322725,True,0.0,2pct_UNFILTERED_early25pct
call,2007-08-28,2007-10-04,2007-09-21,early_25%,24,37,2.026931457519538,0.02,14.674608857955981,12.743709448908602,3.925185012154177,57.60055474847374,0.3080096127340959,0.020664367784129348,True,0.0,2pct_UNFILTERED_early25pct
put,2007-09-19,2007-10-26,2007-09-26,early_25%,7,37,2.1628892517089895,0.02,14.015292339937115,16.769908317202525,6.206295832035874,86.98305043411602,0.37008525715489293,0.03110628715951841,True,0.0,2pct_UNFILTERED_early25pct
put,2007-09-27,2007-11-02,2007-10-05,early_25%,8,36,2.169323120117184,0.02,13.924358029756803,15.84102393103414,10.440925346740972,145.38318268998398,0.6591067213960937,0.05192132113924169,True,0.0,2pct_UNFILTERED_early25pct
put,2007-10-08,2007-11-14,2007-10-09,early_25%,1,37,2.1966716003418014,0.02,13.774475624549211,16.27110588138577,6.730248309463109,92.70564128586314,0.41363189192706,0.03308937500039818,True,0.0,2pct_UNFILTERED_early25pct
call,2007-09-24,2007-10-31,2007-10-15,early_25%,21,37,2.149484863281245,0.02,13.890329734468029,13.53009913486574,4.833686457312883,67.14149872510856,0.35725432675189694,0.02399823831711557,True,0.0,2pct_UNFILTERED_early25pct
call,2007-10-16,2007-11-21,2007-10-19,early_25%,3,36,2.179100646972657,0.02,13.727277351690343,13.736584176410608,4.43810325228217,60.92307425951629,0.3230863797932809,0.021736923134975134,True,0.0,2pct_UNFILTERED_early25pct
put,2007-10-10,2007-11-16,2007-10-31,early_25%,21,37,2.2136755371093813,0.02,13.663810587125614,16.129016856909733,4.156648257489518,56.795654467642514,0.2577124380466373,0.020252766956947502,True,0.0,2pct_UNFILTERED_early25pct
call,2007-10-22,2007-11-28,2007-11-05,early_25%,14,37,2.1331892395019594,0.02,13.974558135885275,13.497782902813501,4.15264579943242,58.03139014190814,0.3076539183755012,0.02078181406464758,True,0.0,2pct_UNFILTERED_early25pct
put,2007-11-01,2007-12-07,2007-11-06,early_25%,5,36,2.140131988525397,0.02,14.270122865926107,17.280251303909846,7.042158722485588,100.49247021122257,0.407526406800127,0.03579552286606623,True,0.0,2pct_UNFILTERED_early25pct
call,2007-11-06,2007-12-13,2007-11-09,early_25%,3,37,2.154869842529294,0.02,13.910330594661273,13.631532623364048,3.4056259760055685,47.37338320800342,0.24983441481616125,0.016871607620761196,True,0.0,2pct_UNFILTERED_early25pct
put,2007-11-07,2007-12-14,2007-11-13,early_25%,6,37,2.095921478271478,0.02,14.641371372225045,17.619670928206766,5.66644216949379,82.96448416279515,0.3215975027332982,0.02951695087247711,True,0.0,2pct_UNFILTERED_early25pct
call,2007-11-12,2007-12-19,2007-11-16,early_25%,4,37,2.036264648437495,0.02,14.694294185131419,12.518841215504706,2.29524320717136,33.72697891260051,0.18334310401897896,0.012010212693744858,True,0.0,2pct_UNFILTERED_early25pct
call,2007-11-19,2007-12-26,2007-11-26,early_25%,7,37,2.037114562988279,0.02,14.735185972483789,12.819450637999804,3.187616092148506,46.970115926690255,0.24865465628454295,0.01669853109413172,True,0.0,2pct_UNFILTERED_early25pct
put,2007-11-14,2007-12-21,2007-11-28,early_25%,14,37,2.0925204467773426,0.02,14.671375515093764,17.49274585119825,8.595525249077111,126.10817867868016,0.4913765581570099,0.04482455506292061,True,0.0,2pct_UNFILTERED_early25pct
put,2007-11-29,2008-01-04,2007-11-30,early_25%,1,36,2.0855763244628918,0.02,14.693737291717985,16.996018068238072,4.208597101203212,61.84002017176585,0.24762253630855932,0.021969939618996175,True,0.0,2pct_UNFILTERED_early25pct
put,2007-12-03,2008-01-09,2007-12-05,early_25%,2,37,2.0926620483398466,0.02,14.646695061573919,17.045066107750372,3.883534967324703,56.880952427364356,0.22783924349573886,0.020203474982300056,True,0.0,2pct_UNFILTERED_early25pct
put,2007-12-06,2008-01-11,2007-12-10,early_25%,4,36,2.138856658935552,0.02,14.29325937222619,16.750585919343106,4.131024830263685,59.04580937206553,0.24661972125364845,0.020955300450858767,True,0.0,2pct_UNFILTERED_early25pct
put,2007-12-11,2008-01-17,2007-12-12,early_25%,1,37,2.095921478271478,0.02,14.631298623884971,17.067504760469497,4.227665985407807,61.85624351454255,0.24770263988439697,0.021959090109537883,True,0.0,2pct_UNFILTERED_early25pct
call,2007-11-27,2008-01-03,2007-12-17,early_25%,20,37,2.0202523803710903,0.02,14.831428938438467,12.702541507925005,7.783507772644257,115.44054242175677,0.6127520046116909,0.041112385970291904,True,0.0,2pct_UNFILTERED_early25pct
put,2007-12-13,2008-01-18,2007-12-21,early_25%,8,36,2.112217102050778,0.02,14.520192070786514,16.91386395253941,10.003026776420077,145.24587008283999,0.5914099110935704,0.05148030287680367,True,0.0,2pct_UNFILTERED_early25pct
call,2007-12-18,2008-01-24,2007-12-31,early_25%,13,37,2.0671557617187517,0.02,14.560424823674113,13.08406887162182,3.68319461675231,53.6288783281832,0.2815022339679693,0.01902166991367262,True,0.0,2pct_UNFILTERED_early25pct
call,2008-01-02,2008-02-08,2008-01-04,early_25%,2,37,2.0645938110351523,0.02,14.597738503912712,13.064563409295934,5.218893157519019,76.18403759332197,0.39946938860624903,0.026985692893646836,True,0.0,2pct_UNFILTERED_early25pct
call,2008-01-07,2008-02-13,2008-01-11,early_25%,4,37,2.011315155029294,0.02,14.938152860474034,12.719373286230404,2.412606198312373,36.03988018251736,0.18967964411612837,0.012804940116532167,True,0.0,2pct_UNFILTERED_early25pct
call,2008-01-14,2008-02-20,2008-01-15,early_25%,1,37,2.012597961425783,0.02,14.923451169417813,12.737610434992305,4.407419639460592,65.77391177262321,0.34601620625425056,0.02337878495795119,True,0.0,2pct_UNFILTERED_early25pct
call,2008-01-16,2008-02-22,2008-01-18,early_25%,2,37,1.9513415527343767,0.02,15.36428548946732,12.328773099905332,4.65921005634559,71.58543346109077,0.3779135213690782,0.025487269581169796,True,0.0,2pct_UNFILTERED_early25pct
put,2007-12-24,2008-01-30,2008-01-30,expired,37,37,2.1258489990234324,0.02,14.390836120082673,16.090551784319622,-196.49434811802362,-2827.717962288953,-12.211784328583997,-1.0,False,196.49434811802362,2pct_UNFILTERED_early25pct
put,2008-01-31,2008-03-07,2008-02-01,early_25%,1,36,1.9568983459472662,0.02,15.481880238366157,16.34434375443182,6.8756854237545735,106.44853828724817,0.42067675074994737,0.038337654275776,True,0.0,2pct_UNFILTERED_early25pct
call,2008-01-22,2008-02-28,2008-02-06,early_25%,15,37,1.862165832519537,0.02,15.963078800658433,11.453896919282203,3.8506260787835407,61.46784752749205,0.33618480294694786,0.022033456681099753,True,0.0,2pct_UNFILTERED_early25pct
call,2008-02-07,2008-03-14,2008-02-15,early_25%,8,36,1.907893371582034,0.02,15.508448502987763,11.95453384975024,2.811902268881333,43.6082415323806,0.23521638770884243,0.015723462194500146,True,0.0,2pct_UNFILTERED_early25pct
put,2008-02-04,2008-03-12,2008-02-20,early_25%,16,37,1.9633082580566423,0.02,15.431063862661707,16.421067512833172,5.817878595370871,89.7760561503805,0.35429356774912235,0.03233776005580181,True,0.0,2pct_UNFILTERED_early25pct
put,2008-02-21,2008-03-28,2008-02-25,early_25%,4,36,1.9201446533203068,0.02,15.800025356961024,15.854401942459953,8.924742145064224,141.01115219635346,0.5629188775114068,0.050662686952646724,True,0.0,2pct_UNFILTERED_early25pct
call,2008-02-19,2008-03-27,2008-02-28,early_25%,9,37,1.930543670654302,0.02,15.375634647215769,12.16362753076127,2.5389722873385203,39.038310269522825,0.20873479403389927,0.01403594398403081,True,0.0,2pct_UNFILTERED_early25pct
call,2008-02-29,2008-04-04,2008-03-04,early_25%,4,35,1.906326599121087,0.02,15.587172243184796,12.0062113081802,2.8605635605774697,44.588096931299006,0.23825697275779914,0.016014221762423588,True,0.0,2pct_UNFILTERED_early25pct
call,2008-03-05,2008-04-11,2008-03-07,early_25%,2,37,1.9064692687988298,0.02,15.559063047676718,12.04023604741152,3.2836074062497644,51.0898546576583,0.2727195208897664,0.018384571098345386,True,0.0,2pct_UNFILTERED_early25pct
put,2008-02-26,2008-04-03,2008-03-24,early_25%,27,37,1.9710005187988315,0.02,15.362077981598237,15.70682374322739,5.949423110368668,91.39550176700621,0.37877951695574313,0.032798485210740976,True,0.0,2pct_UNFILTERED_early25pct
call,2008-03-10,2008-04-16,2008-03-28,early_25%,18,37,1.823417816162106,0.02,16.21231138638837,11.316429126465282,4.038724750843154,65.47706326458301,0.356890385271618,0.023614772266499592,True,0.0,2pct_UNFILTERED_early25pct
put,2008-03-25,2008-05-01,2008-04-01,early_25%,7,37,1.930509796142573,0.02,15.75662089669753,16.101408584914253,9.94795427091979,156.74614414456622,0.6178313045381779,0.056219148840265624,True,0.0,2pct_UNFILTERED_early25pct
put,2008-04-02,2008-05-09,2008-04-08,early_25%,6,37,1.9569937133789068,0.02,15.528690250138743,15.90533201114427,3.460577370721227,53.73823407656948,0.2175734130099598,0.019247453273087606,True,0.0,2pct_UNFILTERED_early25pct
call,2008-03-31,2008-05-07,2008-04-11,early_25%,11,37,1.8892796325683605,0.02,15.751913288631593,11.90298162567447,3.633432868375545,57.23351948271555,0.30525400967924793,0.020524972435505984,True,0.0,2pct_UNFILTERED_early25pct
put,2008-04-09,2008-05-16,2008-04-16,early_25%,7,37,1.944539184570317,0.02,15.631594520038934,15.68259897217151,8.261148681049939,129.1349264519271,0.5267716591943209,0.04621070485385973,True,0.0,2pct_UNFILTERED_early25pct
put,2008-04-17,2008-05-23,2008-04-18,early_25%,1,36,1.962005615234375,0.02,15.460387034466468,15.22891224011394,3.429591521920498,53.02281229901579,0.22520265845952753,0.01895098782324317,True,0.0,2pct_UNFILTERED_early25pct
put,2008-04-21,2008-05-28,2008-04-25,early_25%,4,37,1.9834788513183526,0.02,15.298870297893862,15.491297076003535,5.13481123182955,78.5568110399289,0.33146425419621706,0.028081084124033505,True,0.0,2pct_UNFILTERED_early25pct
put,2008-04-28,2008-06-04,2008-05-01,early_25%,3,37,1.9989402770996065,0.02,15.174001922609632,15.401874376332364,5.7016887427785345,86.51743594504318,0.37019447136513217,0.030904776380748435,True,0.0,2pct_UNFILTERED_early25pct
call,2008-04-14,2008-05-21,2008-05-08,early_25%,24,37,1.903022613525394,0.02,15.673618505911909,12.03406652816332,5.019043586150876,78.66657443387285,0.4170696226753285,0.028154453412710393,True,0.0,2pct_UNFILTERED_early25pct
put,2008-05-02,2008-06-06,2008-05-14,early_25%,12,35,2.0258538818359426,0.02,14.937707750935937,15.074675400706628,4.493302996114906,67.1196469923693,0.2980696351116311,0.02396291352866623,True,0.0,2pct_UNFILTERED_early25pct
call,2008-05-09,2008-06-13,2008-05-21,early_25%,12,35,1.9884898376464832,0.02,15.039270300206066,12.492885301099566,5.582135727121546,83.95124805261827,0.44682518029924057,0.029954134976770897,True,0.0,2pct_UNFILTERED_early25pct
call,2008-05-22,2008-06-27,2008-06-02,early_25%,11,36,1.9972215270996116,0.02,14.969519153553708,12.470914320488943,3.7295875113463595,55.830131685954036,0.2990628766664588,0.019917558588258968,True,0.0,2pct_UNFILTERED_early25pct
call,2008-06-03,2008-07-10,2008-06-10,early_25%,7,37,1.9768928527832088,0.02,15.146663584972362,12.478836601892922,2.7544144554847367,41.72018913081214,0.22072686287653753,0.014871809204980862,True,0.0,2pct_UNFILTERED_early25pct
call,2008-06-11,2008-07-18,2008-06-18,early_25%,7,37,1.917482147216802,0.02,15.581461231995004,12.120197555189572,3.58199215402694,55.81267188128104,0.29553908983052996,0.019941166253073555,True,0.0,2pct_UNFILTERED_early25pct
put,2008-05-15,2008-06-20,2008-06-20,expired,36,36,2.040456542968755,0.02,14.822861639028446,14.672135146316284,-129.27892155217728,-1916.2835670107363,-8.81118666526427,-0.6826663101159121,False,129.27892155217728,2pct_UNFILTERED_early25pct
call,2008-06-19,2008-07-25,2008-06-23,early_25%,4,36,1.9243542480468818,0.02,15.533094092850611,12.173062143453931,4.052564118768288,62.948859774138036,0.33291246450652157,0.022481476770523874,True,0.0,2pct_UNFILTERED_early25pct
call,2008-06-24,2008-07-31,2008-06-26,early_25%,2,37,1.8875074768066469,0.02,15.692778866945812,11.947247683593105,3.4773302512406907,54.56897468006128,0.2910570152501344,0.01966776817935327,True,0.0,2pct_UNFILTERED_early25pct
call,2008-06-27,2008-08-01,2008-07-03,early_25%,6,35,1.8348483276367205,0.02,16.1243069046269,11.615667924318917,2.333050567236329,37.618823370132446,0.2008537591154602,0.01357457324830223,True,0.0,2pct_UNFILTERED_early25pct
call,2008-07-07,2008-08-13,2008-07-14,early_25%,7,37,1.7987356567382875,0.02,16.432876547058342,11.327083185919943,2.800352827102767,46.017852295985584,0.24722629657948725,0.016614721267194994,True,0.0,2pct_UNFILTERED_early25pct
put,2008-06-23,2008-07-30,2008-07-22,early_25%,29,37,1.8912481689453102,0.02,15.954201691138516,15.219649349411076,11.407816870019875,182.0026111998696,0.7495453152776677,0.06559791771029519,True,0.0,2pct_UNFILTERED_early25pct
call,2008-07-15,2008-08-21,2008-07-28,early_25%,13,37,1.7407540893554625,0.02,16.928162944046584,10.847627024155068,3.905635262502229,66.11523012365188,0.360045128193043,0.023927515382292076,True,0.0,2pct_UNFILTERED_early25pct
put,2008-07-23,2008-08-29,2008-07-30,early_25%,7,37,1.844056243896489,0.02,16.365885810455858,14.57501974760044,3.1005196624060094,50.7427507480099,0.2127283335527874,0.018256542564521673,True,0.0,2pct_UNFILTERED_early25pct
call,2008-07-29,2008-09-04,2008-08-04,early_25%,6,37,1.8168638610839878,0.02,16.302032845862495,11.499117049520006,2.2133160965890877,36.08155170487147,0.19247704732960133,0.013005180169048712,True,0.0,2pct_UNFILTERED_early25pct
put,2008-07-31,2008-09-05,2008-08-05,early_25%,5,36,1.8247769165039074,0.02,16.577471609872447,14.683923162967153,7.445920155100011,123.43452998054748,0.5070797546720088,0.04437542718195816,True,0.0,2pct_UNFILTERED_early25pct
call,2008-08-05,2008-09-11,2008-08-07,early_25%,2,37,1.8467903137207031,0.02,16.082224299918952,11.678841920888509,2.503400135458172,40.26024249088581,0.21435345665400674,0.01447050516765241,True,0.0,2pct_UNFILTERED_early25pct
put,2008-08-06,2008-09-12,2008-08-11,early_25%,5,37,1.854990844726558,0.02,16.288598648230934,14.427786072880016,5.9626151498388165,97.12264506958583,0.4132730496362692,0.03485456184417802,True,0.0,2pct_UNFILTERED_early25pct
put,2008-08-12,2008-09-18,2008-08-15,early_25%,3,37,1.8610342407226597,0.02,16.268285600569005,14.679752849285743,4.977470472551291,80.97491121586357,0.3390704546359903,0.02903607440583174,True,0.0,2pct_UNFILTERED_early25pct
call,2008-08-08,2008-09-12,2008-08-18,early_25%,10,35,1.861321258544919,0.02,15.966573273715019,11.747059240481372,5.765385803426428,92.0534548816444,0.4907939668473293,0.03306123577764669,True,0.0,2pct_UNFILTERED_early25pct
put,2008-08-18,2008-09-24,2008-08-22,early_25%,4,37,1.8472222900390562,0.02,16.4049906525778,14.530696931683368,7.427713482055714,121.8515702431501,0.5111739317788676,0.04364326116356776,True,0.0,2pct_UNFILTERED_early25pct
put,2008-08-25,2008-10-01,2008-08-27,early_25%,2,37,1.82751052856446,0.02,16.595425114451988,14.373537347942031,5.821351946804835,96.60781029806894,0.40500482281338507,0.03457321441775773,True,0.0,2pct_UNFILTERED_early25pct
call,2008-08-19,2008-09-25,2008-09-02,early_25%,14,37,1.8270796203613315,0.02,16.31719285393269,11.556408568874946,2.664184967633286,43.472019915420745,0.2305374504332407,0.01556623304703426,True,0.0,2pct_UNFILTERED_early25pct
call,2008-09-03,2008-10-10,2008-09-04,early_25%,1,37,1.8398841857910213,0.02,16.211584145366572,11.63948495724269,3.6412293614401365,59.030096185566165,0.3128342340589886,0.02112707798604163,True,0.0,2pct_UNFILTERED_early25pct
call,2008-09-05,2008-10-10,2008-09-15,early_25%,10,35,1.7901026916503895,0.02,16.615116314393937,11.333156957180357,2.996194799055063,49.78212508688204,0.26437424367945084,0.017868835881076434,True,0.0,2pct_UNFILTERED_early25pct
call,2008-09-16,2008-10-23,2008-09-29,early_25%,13,37,1.7567239379882835,0.02,16.839155886623534,10.849285229058886,5.552688876934959,93.50259358862833,0.5118022763437499,0.03368877656244732,True,0.0,2pct_UNFILTERED_early25pct
put,2008-08-28,2008-10-03,2008-10-03,expired,36,36,1.8731192016601597,0.02,16.17280915289424,14.319949697678869,-172.9919704683371,-2797.7661233675317,-12.08048730062072,-1.0,False,172.9919704683371,2pct_UNFILTERED_early25pct
call,2008-09-30,2008-11-06,2008-10-03,early_25%,3,37,1.6784756469726574,0.02,17.39758951778303,9.695063163957657,1.233387616919405,21.457971475480427,0.12721811050232695,0.00779872341544749,True,0.0,2pct_UNFILTERED_early25pct
call,2008-10-06,2008-11-12,2008-10-08,early_25%,2,37,1.5153880310058554,0.02,19.091745761784626,7.663214278939306,0.9954068648590555,19.004054793424196,0.12989417085657082,0.006918525046615103,True,0.0,2pct_UNFILTERED_early25pct
call,2008-10-09,2008-11-14,2008-10-27,early_25%,18,36,1.3125071716308554,0.02,21.818142856205224,5.740566867370578,3.1311131829250334,68.31507472400581,0.5454362357003979,0.024947091335225123,True,0.0,2pct_UNFILTERED_early25pct
put,2008-10-06,2008-11-12,2008-11-03,early_25%,28,37,1.5153880310058625,0.02,20.1096721936991,14.9460164727371,4.4558053745480315,89.60478544108355,0.29812662007136337,0.03262108845240853,True,0.0,2pct_UNFILTERED_early25pct
call,2008-10-28,2008-12-04,2008-11-05,early_25%,8,37,1.3567889404296807,0.02,20.912321824558244,5.5968571640074956,0.7561542871099833,15.812941801063385,0.1351033740815635,0.005812903189804552,True,0.0,2pct_UNFILTERED_early25pct
call,2008-11-06,2008-12-12,2008-11-12,early_25%,6,36,1.3148223876953153,0.02,21.825854429559673,5.770370058965469,0.8813575525990611,19.236381643420092,0.15273848013086944,0.007010933507227255,True,0.0,2pct_UNFILTERED_early25pct
call,2008-11-13,2008-12-19,2008-11-19,early_25%,6,36,1.3193089294433662,0.02,21.690068984373454,6.105368818621004,1.0716562226208453,23.24429739617921,0.17552686077741264,0.00851700185687385,True,0.0,2pct_UNFILTERED_early25pct
put,2008-11-04,2008-12-11,2008-12-08,early_25%,34,37,1.4530194091796886,0.02,20.95767422780769,14.053139556019678,7.355427686735486,154.15265726479942,0.5234010277500433,0.056041865604937444,True,0.0,2pct_UNFILTERED_early25pct
call,2008-11-20,2008-12-26,2008-12-15,early_25%,25,36,1.0918266296386747,0.02,25.792718879797217,3.6160399637535257,2.0969418273420706,54.0858310599223,0.5799000697894392,0.019863681983459933,True,0.0,2pct_UNFILTERED_early25pct
put,2008-12-09,2009-01-15,2008-12-16,early_25%,7,37,1.2951422119140616,0.02,23.650963921816302,13.141639543441297,6.135967606864995,145.12154849539752,0.46691035670106484,0.05272691831677948,True,0.0,2pct_UNFILTERED_early25pct
call,2008-12-16,2009-01-22,2008-12-18,early_25%,2,37,1.329582977294919,0.02,21.820551702393267,6.697797127350386,1.907566141735467,41.6241456214736,0.2848050046105368,0.015108178192215346,True,0.0,2pct_UNFILTERED_early25pct
call,2008-12-19,2009-01-23,2008-12-23,early_25%,4,35,1.2865452575683634,0.02,22.695632678554617,7.135891936722927,1.0038876718516665,22.783865850874797,0.1406814566074679,0.008261182999619157,True,0.0,2pct_UNFILTERED_early25pct
put,2008-12-17,2009-01-23,2008-12-30,early_25%,13,37,1.3167036437988315,0.02,23.210302010663195,12.859561286258053,6.4112151398795545,148.80623965194073,0.4985562879762227,0.05396155040571015,True,0.0,2pct_UNFILTERED_early25pct
put,2008-12-31,2009-02-06,2009-01-02,early_25%,2,37,1.3164515686035188,0.02,23.130907385686164,12.233878125871339,3.509416301566878,81.17598344936073,0.2868604922706736,0.02938932016104035,True,0.0,2pct_UNFILTERED_early25pct
call,2008-12-24,2009-01-30,2009-01-12,early_25%,19,37,1.2642251586914028,0.02,23.08829533214117,6.974003647350785,3.6653356806613853,84.62635268654473,0.5255712308171414,0.03068548626085578,True,0.0,2pct_UNFILTERED_early25pct
call,2009-01-13,2009-02-19,2009-01-20,early_25%,7,37,1.270790786743163,0.02,22.971057169932426,7.076767687406827,1.0901215441701169,25.04124431330677,0.15404229618982662,0.0090841712564105,True,0.0,2pct_UNFILTERED_early25pct
call,2009-01-21,2009-02-27,2009-01-29,early_25%,8,37,1.2261492919921864,0.02,23.651596040899925,6.609724272614958,0.9686372917131614,22.909817933751032,0.14654730693175289,0.008349946817696815,True,0.0,2pct_UNFILTERED_early25pct
put,2009-01-05,2009-02-11,2009-02-06,early_25%,32,37,1.3545266723632778,0.02,22.463852119351866,12.52094078037071,7.575669637713113,170.1787224466513,0.6050399702863876,0.06162501622742002,True,0.0,2pct_UNFILTERED_early25pct
call,2009-01-30,2009-03-06,2009-02-11,early_25%,12,35,1.2083515167236385,0.02,24.180708667091576,6.708071273371075,1.0139463425376274,24.51794111296541,0.15115318565005031,0.00888436240542412,True,0.0,2pct_UNFILTERED_early25pct
call,2009-02-12,2009-03-20,2009-02-17,early_25%,5,36,1.220460052490239,0.02,24.037903335856953,6.967902086957379,1.172348489073583,28.180799656288738,0.1682498511665372,0.010187415823343421,True,0.0,2pct_UNFILTERED_early25pct
call,2009-02-18,2009-03-27,2009-02-23,early_25%,5,37,1.1529162597656182,0.02,25.26773743455628,6.07777264793774,1.5768105159108536,39.84243410008268,0.25943887789976544,0.014437825127973798,True,0.0,2pct_UNFILTERED_early25pct
call,2009-02-24,2009-04-02,2009-02-27,early_25%,3,37,1.130304641723626,0.02,25.735794899215083,6.153376657887616,1.8575531481146923,47.80560683427102,0.3018754175780244,0.017380274774638795,True,0.0,2pct_UNFILTERED_early25pct
call,2009-03-02,2009-04-08,2009-03-05,early_25%,3,37,1.0299363708496116,0.02,28.118234318137333,5.1707920798648725,0.6572148469033792,18.47972106258797,0.1271013873217958,0.006718418860841147,True,0.0,2pct_UNFILTERED_early25pct
put,2009-02-09,2009-03-18,2009-03-17,early_25%,36,37,1.2706436157226548,0.02,24.065667565296312,12.043689562124921,11.878992490200059,285.87588427980603,0.9863250317873683,0.10327702214392184,True,0.0,2pct_UNFILTERED_early25pct
put,2009-03-18,2009-04-24,2009-03-23,early_25%,5,37,1.1660456085205055,0.02,26.209318911581686,10.839849965792725,2.3622285662187625,61.91240183407591,0.217920780607964,0.022334751794094776,True,0.0,2pct_UNFILTERED_early25pct
put,2009-03-24,2009-04-30,2009-03-26,early_25%,2,37,1.1842357635498075,0.02,25.76842983669274,11.18317279502819,4.023276430869416,103.67351642247813,0.3597616262048712,0.03751642382267062,True,0.0,2pct_UNFILTERED_early25pct
put,2009-03-27,2009-05-01,2009-04-02,early_25%,6,35,1.199075088500976,0.02,25.40994439593847,11.140430502516201,2.6983105139117534,68.56392012147381,0.24220881888741258,0.02480815477353267,True,0.0,2pct_UNFILTERED_early25pct
put,2009-04-03,2009-05-08,2009-04-09,early_25%,6,35,1.2380113220214852,0.02,24.609698233734694,11.41509232316172,5.228142277164777,128.6630037640557,0.45800262750014287,0.04651949906584706,True,0.0,2pct_UNFILTERED_early25pct
call,2009-03-06,2009-04-09,2009-04-09,expired,34,34,1.005428390502928,0.02,28.726540367434442,5.371662381864562,-95.17117666842823,-2733.9386483818384,-17.71726700280692,-1.0,False,95.17117666842823,2pct_UNFILTERED_early25pct
put,2009-04-13,2009-05-20,2009-04-17,early_25%,4,37,1.2610787963867196,0.02,23.85234467257368,11.568943902140244,4.607473484071473,109.89904561181669,0.398262237508049,0.040226264147152704,True,0.0,2pct_UNFILTERED_early25pct
call,2009-04-13,2009-05-20,2009-04-20,early_25%,7,37,1.2610787963867125,0.02,23.01164436653969,7.384413809777906,2.5483571765260074,58.64188906513569,0.34509945436043377,0.021464646089415475,True,0.0,2pct_UNFILTERED_early25pct
put,2009-04-20,2009-05-27,2009-04-21,early_25%,1,37,1.2258160400390636,0.02,24.57939449250284,11.337802170840906,2.459902414754456,60.46291186531011,0.21696466190607464,0.022112714364489555,True,0.0,2pct_UNFILTERED_early25pct
put,2009-04-22,2009-05-29,2009-04-24,early_25%,2,37,1.242125015258786,0.02,24.25526362704055,11.415149347834957,3.258079157081996,79.02556887278986,0.28541712927303364,0.028884358490430875,True,0.0,2pct_UNFILTERED_early25pct
put,2009-04-27,2009-06-03,2009-04-29,early_25%,2,37,1.2612255096435518,0.02,23.898215291950965,11.606051870070566,3.0008252235656627,71.7143672462891,0.2585569371186532,0.02620430459627481,True,0.0,2pct_UNFILTERED_early25pct
put,2009-04-30,2009-06-05,2009-05-04,early_25%,4,36,1.2844401550292943,0.02,23.44893084099483,11.651507137427366,6.714288565602681,157.44288822129965,0.5762592329394723,0.05748903469553304,True,0.0,2pct_UNFILTERED_early25pct
put,2009-05-05,2009-06-11,2009-05-06,early_25%,1,37,1.3307223510742219,0.02,22.599875394038868,11.854365822880744,2.265089118443811,51.190731833223474,0.19107636395629377,0.018686099102491575,True,0.0,2pct_UNFILTERED_early25pct
put,2009-05-07,2009-06-12,2009-05-08,early_25%,1,36,1.3349835205078122,0.02,22.526086179135827,11.861504704621106,3.810616305059675,85.83827128339438,0.3212590982301851,0.03132781215724242,True,0.0,2pct_UNFILTERED_early25pct
call,2009-04-21,2009-05-28,2009-05-13,early_25%,22,37,1.2497650146484318,0.02,23.250064487683694,7.359031520442199,3.5343691954953145,82.1743117185488,0.48027640399112415,0.030049695824659786,True,0.0,2pct_UNFILTERED_early25pct
put,2009-05-11,2009-06-17,2009-05-18,early_25%,7,37,1.3405659484863293,0.02,22.439109901089132,11.899733029921148,3.2613898361209213,73.18268496301242,0.2740725214524021,0.026698376067985623,True,0.0,2pct_UNFILTERED_early25pct
call,2009-05-14,2009-06-19,2009-05-27,early_25%,13,36,1.3141194152832014,0.02,22.243645200521655,8.087106663142505,2.2685045876814627,50.459811184142126,0.2805088002635497,0.018394547944551955,True,0.0,2pct_UNFILTERED_early25pct
put,2009-05-19,2009-06-25,2009-05-29,early_25%,10,37,1.3388037109374977,0.02,22.450095520481906,11.502105721271228,5.361947998245922,120.3762447364777,0.46617098887640135,0.043814544861589144,True,0.0,2pct_UNFILTERED_early25pct
put,2009-06-01,2009-07-08,2009-06-09,early_25%,8,37,1.3924319458007801,0.02,21.6362922472086,12.09059676700505,3.0054715321495475,65.02726041025342,0.24857925461143554,0.02363672928309252,True,0.0,2pct_UNFILTERED_early25pct
call,2009-05-28,2009-07-02,2009-06-15,early_25%,18,35,1.3358647155761787,0.02,21.913665989131523,8.228679648981219,3.3947568955193175,74.39156872271138,0.4125518358148281,0.027080541574898562,True,0.0,2pct_UNFILTERED_early25pct
call,2009-06-16,2009-07-23,2009-06-22,early_25%,6,37,1.346443634033207,0.02,21.764571576306878,8.195769118052054,3.915059181994698,85.20958579200105,0.4776927126181926,0.03096166631289158,True,0.0,2pct_UNFILTERED_early25pct
put,2009-06-10,2009-07-17,2009-06-25,early_25%,15,37,1.3869952392578142,0.02,21.7051525193926,11.880071707807813,2.754965736530526,59.796951497095826,0.23189807303266605,0.021723526543825235,True,0.0,2pct_UNFILTERED_early25pct
put,2009-06-26,2009-07-31,2009-06-29,early_25%,3,35,1.3570046997070335,0.02,22.149698094554264,11.260233181086999,2.501077886213542,55.3981200905959,0.22211599404659063,0.020098626864893904,True,0.0,2pct_UNFILTERED_early25pct
call,2009-06-23,2009-07-30,2009-07-02,early_25%,9,37,1.3202130126953193,0.02,22.195209044333957,8.140644809578305,2.5975734947868068,57.6536867248143,0.31908694649476593,0.020968354293686788,True,0.0,2pct_UNFILTERED_early25pct
call,2009-07-06,2009-08-12,2009-07-09,early_25%,3,37,1.326862182617191,0.02,22.14517904517702,8.25034301472424,1.6096572609404909,35.646148244896395,0.19510185916728118,0.012935636589893834,True,0.0,2pct_UNFILTERED_early25pct
put,2009-06-30,2009-08-06,2009-07-14,early_25%,14,37,1.3586296081542955,0.02,22.159096773119543,11.405429513575754,2.3740650221293578,52.60713657104263,0.20815218044208988,0.019075302211895923,True,0.0,2pct_UNFILTERED_early25pct
put,2009-07-15,2009-08-21,2009-07-17,early_25%,2,37,1.377985534667971,0.02,21.859919586730058,11.51350710443311,3.1207021100183816,68.21829717914063,0.2710470477598264,0.024711572746814355,True,0.0,2pct_UNFILTERED_early25pct
put,2009-07-20,2009-08-26,2009-07-23,early_25%,3,37,1.4056164550781247,0.02,21.36769104441091,11.555421856711382,6.467258062282351,138.19037217932487,0.5596730385508316,0.050131364822933885,True,0.0,2pct_UNFILTERED_early25pct
put,2009-07-24,2009-08-28,2009-08-03,early_25%,10,35,1.4489093017578085,0.02,20.641889919676295,11.634725096066461,6.048649497737893,124.8555570950109,0.5198790214461412,0.04539112827143447,True,0.0,2pct_UNFILTERED_early25pct
put,2009-08-04,2009-09-10,2009-08-13,early_25%,9,37,1.4879179382324281,0.02,20.091373094208336,12.299512747279861,4.7653168013029905,95.74175776707783,0.3874394782311096,0.0349127200727997,True,0.0,2pct_UNFILTERED_early25pct
call,2009-07-10,2009-08-14,2009-08-14,expired,35,35,1.299675140380856,0.02,22.59689049815175,8.112544792568107,-85.40752792230727,-1929.9445561782154,-10.527834373321305,-0.700894911804748,False,85.40752792230727,2pct_UNFILTERED_early25pct
put,2009-08-14,2009-09-18,2009-08-21,early_25%,7,35,1.4892478942871037,0.02,19.93599309819467,12.131924229621404,5.977601634609266,119.1694249313275,0.4927166969947196,0.043698197460148504,True,0.0,2pct_UNFILTERED_early25pct
call,2009-08-17,2009-09-23,2009-09-03,early_25%,17,37,1.4526037597656227,0.02,20.056021842202615,9.078219267919053,1.8617687033683001,37.33967377988387,0.20508082570196198,0.013671164771986146,True,0.0,2pct_UNFILTERED_early25pct
put,2009-08-24,2009-09-30,2009-09-08,early_25%,15,37,1.5213110351562449,0.02,19.566548350332962,12.610077172279652,5.183848587675919,101.4300240315661,0.41108777661340684,0.037154604746951016,True,0.0,2pct_UNFILTERED_early25pct
put,2009-09-09,2009-10-16,2009-09-10,early_25%,1,37,1.5326878356933662,0.02,19.44894157017086,12.588535518045035,2.5440342295850638,49.47877308371454,0.20209135732574438,0.0180838054014343,True,0.0,2pct_UNFILTERED_early25pct
put,2009-09-11,2009-10-16,2009-09-15,early_25%,4,35,1.5480549621582043,0.02,19.240380239310333,12.593210289896625,3.7300784950475645,71.76812856718959,0.2961975865709286,0.02622894689274951,True,0.0,2pct_UNFILTERED_early25pct
call,2009-09-04,2009-10-09,2009-09-25,early_25%,21,35,1.508012847900389,0.02,19.339036934988496,9.52653808736795,3.1105531095765055,60.15510147434336,0.3265145303624045,0.02201775747029315,True,0.0,2pct_UNFILTERED_early25pct
call,2009-09-28,2009-11-04,2009-10-01,early_25%,3,37,1.5784403991699207,0.02,18.51056090412415,9.962720013869852,2.734080922959401,50.609371441243965,0.2744311713219965,0.01848834541611145,True,0.0,2pct_UNFILTERED_early25pct
put,2009-09-16,2009-10-23,2009-10-06,early_25%,20,37,1.5857328796386696,0.02,18.796525648373176,12.928449816744228,3.516451756872385,66.0970756393187,0.27199330211407613,0.0241440191194435,True,0.0,2pct_UNFILTERED_early25pct
put,2009-10-07,2009-11-13,2009-10-09,early_25%,2,37,1.5707199096679716,0.02,19.020785860147054,12.953664977502363,4.915229375203795,93.49152539925579,0.3794470046693701,0.03410551254646756,True,0.0,2pct_UNFILTERED_early25pct
put,2009-10-12,2009-11-18,2009-10-14,early_25%,2,37,1.5986308288574236,0.02,18.66621357961829,12.925486090890296,3.796110039123958,70.85900076202094,0.29369185904732853,0.025834845008550964,True,0.0,2pct_UNFILTERED_early25pct
call,2009-10-02,2009-11-06,2009-10-23,early_25%,21,35,1.5215795898437534,0.02,19.17800777907668,9.511363610158716,3.141237643265697,60.242679958478035,0.33026154524369816,0.02202111894100962,True,0.0,2pct_UNFILTERED_early25pct
call,2009-10-26,2009-12-02,2009-11-03,early_25%,8,37,1.5871992492675844,0.02,18.466911927816803,10.029333750191228,1.9646434526606384,36.28089760984593,0.19588972723369374,0.013212964163466552,True,0.0,2pct_UNFILTERED_early25pct
put,2009-10-15,2009-11-20,2009-11-09,early_25%,25,36,1.6287687683105503,0.02,18.28399274931535,12.895622763857453,10.740063320246144,196.37123987456823,0.8328456497926805,0.0716093713647318,True,0.0,2pct_UNFILTERED_early25pct
put,2009-11-10,2009-12-17,2009-11-16,early_25%,6,37,1.6269868469238276,0.02,18.38162158334025,13.126561835729039,5.274474961802601,96.95340279865843,0.40181694398041595,0.035263756782121285,True,0.0,2pct_UNFILTERED_early25pct
put,2009-11-17,2009-12-24,2009-11-24,early_25%,7,37,1.6529676818847605,0.02,18.09194697395604,13.262425993840843,3.5984168250111157,65.10236638829237,0.2713241775435538,0.02366844735911313,True,0.0,2pct_UNFILTERED_early25pct
call,2009-11-04,2009-12-11,2009-11-27,early_25%,23,37,1.557655792236332,0.02,18.754374149305043,9.741726636579049,3.4813298239899986,65.2901620562427,0.3573627092879008,0.023840829852880063,True,0.0,2pct_UNFILTERED_early25pct
call,2009-11-30,2010-01-06,2009-12-07,early_25%,7,37,1.632183227539059,0.02,17.990612300805278,10.309803449991614,2.1368897846592354,38.44395564535558,0.20726775200170994,0.013974955708073052,True,0.0,2pct_UNFILTERED_early25pct
put,2009-11-25,2009-12-31,2009-12-11,early_25%,16,36,1.6535614013671847,0.02,18.07161879095614,12.856614730202665,4.794397061112358,86.64251602090299,0.37291286716785527,0.03143876709341883,True,0.0,2pct_UNFILTERED_early25pct
call,2009-12-08,2010-01-14,2009-12-17,early_25%,9,37,1.6272834777832088,0.02,18.090317794384035,10.292085606596274,2.5106829090501837,45.41905170564641,0.24394306509081778,0.016470378329152508,True,0.0,2pct_UNFILTERED_early25pct
put,2009-12-14,2010-01-20,2009-12-21,early_25%,7,37,1.6608364868164074,0.02,18.03164956843068,13.096827098893115,2.9319079480179617,52.86713668555656,0.22386398826825418,0.019164447745795864,True,0.0,2pct_UNFILTERED_early25pct
put,2009-12-22,2010-01-28,2009-12-28,early_25%,6,37,1.667687835693357,0.02,17.932479360161786,12.828489088205885,3.699934967776551,66.34900744359386,0.2884154901124059,0.02403487001403712,True,0.0,2pct_UNFILTERED_early25pct
call,2009-12-18,2010-01-22,2009-12-31,early_25%,13,35,1.6450007629394463,0.02,17.88979011030296,10.404104653720916,2.0950767109044595,37.48048262306465,0.20137020730132485,0.013595921350857567,True,0.0,2pct_UNFILTERED_early25pct
put,2009-12-29,2010-02-04,2010-01-04,early_25%,6,37,1.680076751708981,0.02,17.8205105757823,13.022312169246714,3.5960538577442716,64.08351580301454,0.276145573152259,0.023202538537177575,True,0.0,2pct_UNFILTERED_early25pct
put,2010-01-05,2010-02-11,2010-01-08,early_25%,3,37,1.6960475158691395,0.02,17.650098763668016,13.005488765090744,4.928256996603238,86.98422272278506,0.37893670015936937,0.03147049933568685,True,0.0,2pct_UNFILTERED_early25pct
call,2010-01-04,2010-02-10,2010-01-12,early_25%,8,37,1.691569824218746,0.02,17.416814721906977,10.67189238846067,4.033280630787808,70.24690146788735,0.37793490451130524,0.025448959456927198,True,0.0,2pct_UNFILTERED_early25pct
call,2010-01-13,2010-02-19,2010-01-15,early_25%,2,37,1.7108239746093687,0.02,17.239368998060485,10.684773875639662,2.3667341359882315,40.80100309060698,0.221505308725735,0.01475541895874558,True,0.0,2pct_UNFILTERED_early25pct
put,2010-01-11,2010-02-17,2010-01-19,early_25%,8,37,1.7124661254882767,0.02,17.44748286190095,12.70730599185984,3.478211421335672,60.686034163822285,0.2737174522722421,0.021939110854416716,True,0.0,2pct_UNFILTERED_early25pct
call,2010-01-19,2010-02-25,2010-01-25,early_25%,6,37,1.717391662597663,0.02,17.181173051690788,10.70611762738948,3.9182287383034122,67.31976600889898,0.36598035578082955,0.02433182984226025,True,0.0,2pct_UNFILTERED_early25pct
call,2010-01-26,2010-03-04,2010-01-29,early_25%,3,37,1.631567077636717,0.02,18.04971798216292,10.305115411961726,3.4662973789557414,62.56569013246165,0.33636667231617956,0.022677535285205445,True,0.0,2pct_UNFILTERED_early25pct
call,2010-02-01,2010-03-10,2010-02-08,early_25%,7,37,1.6278355407714855,0.02,18.06564349470035,10.303486526604393,3.9382913573689926,71.14776764048776,0.3822290005620934,0.025828237228866166,True,0.0,2pct_UNFILTERED_early25pct
put,2010-01-20,2010-02-26,2010-02-18,early_25%,29,37,1.6999276733398432,0.02,17.626239153984105,12.885172684000551,5.912363807247112,104.21273843189758,0.4588501801445363,0.03763257798210917,True,0.0,2pct_UNFILTERED_early25pct
call,2010-02-09,2010-03-18,2010-02-23,early_25%,14,37,1.600371704101562,0.02,18.34762474090101,10.071358775041766,4.136355972291217,75.892307174384,0.410704857674387,0.02758199303688956,True,0.0,2pct_UNFILTERED_early25pct
put,2010-02-19,2010-03-26,2010-03-01,early_25%,10,35,1.6588818359375068,0.02,18.124333382520767,12.748707885969928,6.819483791877012,123.59859774067583,0.5349156834459998,0.044531194588192824,True,0.0,2pct_UNFILTERED_early25pct
put,2010-03-02,2010-04-08,2010-03-05,early_25%,3,37,1.6747030639648415,0.02,17.967924303519407,12.77871326444416,8.033030075788126,144.3368763296558,0.6286258960156378,0.051929325396056776,True,0.0,2pct_UNFILTERED_early25pct
put,2010-03-08,2010-04-14,2010-03-11,early_25%,3,37,1.7055995178222645,0.02,17.61876466442821,12.7160930234024,3.3692351025281635,59.36176037057436,0.2649583560239377,0.021345367054641972,True,0.0,2pct_UNFILTERED_early25pct
put,2010-03-12,2010-04-16,2010-03-16,early_25%,4,35,1.7233624267578165,0.02,17.41903403953555,12.673621141505286,3.6270057158380187,63.17893602577245,0.286185429984159,0.022716686479179304,True,0.0,2pct_UNFILTERED_early25pct
put,2010-03-17,2010-04-23,2010-03-23,early_25%,6,37,1.747840728759769,0.02,17.177014556868205,12.800661566911858,5.17387107302889,88.87165873677655,0.40418778716896264,0.03194074647037234,True,0.0,2pct_UNFILTERED_early25pct
call,2010-02-24,2010-04-01,2010-03-26,early_25%,30,36,1.6541053771972685,0.02,17.9036271411606,10.435206421324125,4.191173979095644,75.03721620546284,0.4016378603235934,0.027044136276279995,True,0.0,2pct_UNFILTERED_early25pct
put,2010-03-24,2010-04-30,2010-03-30,early_25%,6,37,1.7511413574218722,0.02,17.177919250462217,12.994294446212983,4.138050633712718,71.08309964024107,0.31845135192535967,0.025524640294694603,True,0.0,2pct_UNFILTERED_early25pct
put,2010-03-31,2010-05-07,2010-04-05,early_25%,5,37,1.7535398864746128,0.02,17.1852220634239,13.022410732161266,7.146029668636315,122.80610672733057,0.5487486008245667,0.044021192674939126,True,0.0,2pct_UNFILTERED_early25pct
put,2010-04-06,2010-05-13,2010-04-12,early_25%,6,37,1.7841137695312455,0.02,16.86396062738344,12.872562922705722,5.2373475753355745,88.32242330238127,0.406861291475802,0.031638184712216064,True,0.0,2pct_UNFILTERED_early25pct
put,2010-04-13,2010-05-20,2010-04-14,early_25%,1,37,1.7959545898437455,0.02,16.76933364451426,12.949128939284316,5.117979260629831,85.82510180720602,0.3952373387142051,0.03071162298770718,True,0.0,2pct_UNFILTERED_early25pct
call,2010-03-29,2010-05-05,2010-04-19,early_25%,21,37,1.758335418701165,0.02,16.908444344116056,10.962132532163851,3.859984244686328,65.26632877044362,0.35211983009335074,0.023412089823130887,True,0.0,2pct_UNFILTERED_early25pct
put,2010-04-15,2010-05-21,2010-04-23,early_25%,8,36,1.8178361511230463,0.02,16.551231201008072,12.946705370451411,3.1132135108725123,51.527516596553006,0.24046376447075696,0.01843917609977893,True,0.0,2pct_UNFILTERED_early25pct
call,2010-04-20,2010-05-27,2010-05-04,early_25%,14,37,1.811691589355462,0.02,16.426800620410095,11.104237671171008,3.710637700229615,60.95390567624893,0.33416411014537534,0.021818948156046986,True,0.0,2pct_UNFILTERED_early25pct
call,2010-05-05,2010-06-11,2010-05-17,early_25%,12,37,1.7508421325683656,0.02,16.99924244058341,11.050139245068728,3.7432035374199337,63.63162443705088,0.33874718267377385,0.022819670607896962,True,0.0,2pct_UNFILTERED_early25pct
call,2010-05-18,2010-06-24,2010-05-24,early_25%,6,37,1.6845973205566338,0.02,17.562088673235618,10.193800028423466,3.2812609785980325,57.625796266166525,0.3218879092633623,0.020732579251694413,True,0.0,2pct_UNFILTERED_early25pct
put,2010-04-26,2010-06-02,2010-06-02,expired,37,37,1.8187355041503963,0.02,16.605058015616702,13.474369334740139,-168.39918108029948,-2796.2781716207155,-12.497741222375893,-1.0,False,168.39918108029948,2pct_UNFILTERED_early25pct
call,2010-05-25,2010-07-01,2010-06-04,early_25%,10,37,1.615954132080077,0.02,18.169473299300616,9.704582688344399,2.7906474692650214,50.704594680571645,0.287559760051991,0.018372718482856366,True,0.0,2pct_UNFILTERED_early25pct
put,2010-06-03,2010-07-09,2010-06-15,early_25%,12,36,1.6592677307128838,0.02,18.109186465097718,14.289370960588219,10.328241037632445,187.03604280696027,0.7227918615955146,0.0681114348694295,True,0.0,2pct_UNFILTERED_early25pct
call,2010-06-07,2010-07-14,2010-06-21,early_25%,14,37,1.5810337829589827,0.02,18.409520620509756,9.352812751592227,2.3381255879062186,43.043771223901025,0.2499917030316014,0.015718431586129313,True,0.0,2pct_UNFILTERED_early25pct
call,2010-06-22,2010-07-29,2010-06-28,early_25%,6,37,1.6499951171875011,0.02,17.79572647946754,10.346615692396535,2.6785329557018107,47.66643984590917,0.25888010488977536,0.017319643049202107,True,0.0,2pct_UNFILTERED_early25pct
call,2010-06-29,2010-08-05,2010-07-01,early_25%,2,37,1.569280090332029,0.02,18.628752509507812,9.457181152274774,1.5939567097544352,29.69342505688475,0.1685445889308184,0.010808623865876974,True,0.0,2pct_UNFILTERED_early25pct
put,2010-06-16,2010-07-23,2010-07-09,early_25%,23,37,1.6780026245117199,0.02,17.88190927545046,14.024612565230832,3.919328840046333,70.08508273836502,0.2794607567101676,0.025487317679706686,True,0.0,2pct_UNFILTERED_early25pct
put,2010-07-12,2010-08-18,2010-07-13,early_25%,1,37,1.626804656982415,0.02,18.42411435352919,13.378360635520092,2.721717535923652,50.14523511986306,0.2034417825975913,0.01822959920612148,True,0.0,2pct_UNFILTERED_early25pct
put,2010-07-14,2010-08-20,2010-07-23,early_25%,9,37,1.651199645996087,0.02,18.155963538500934,13.649241381119426,6.385265900515045,115.9306548733845,0.4678110469456263,0.042155115951381605,True,0.0,2pct_UNFILTERED_early25pct
call,2010-07-02,2010-08-06,2010-07-30,early_25%,28,35,1.5390116882324207,0.02,18.953414972875876,9.557779389639132,4.2926027903333255,81.35948199891241,0.44912135082199245,0.029738824944996155,True,0.0,2pct_UNFILTERED_early25pct
put,2010-07-26,2010-09-01,2010-08-02,early_25%,7,37,1.6799624633788994,0.02,17.8378236838185,13.534978004968853,5.917341024598213,105.55248587380882,0.43718881718358804,0.038309545742199635,True,0.0,2pct_UNFILTERED_early25pct
put,2010-08-03,2010-09-09,2010-08-09,early_25%,6,37,1.6899015808105418,0.02,17.767110464131147,13.597578477726465,4.085388839151239,72.58555479412858,0.3004497341819587,0.026290758861073384,True,0.0,2pct_UNFILTERED_early25pct
call,2010-08-02,2010-09-08,2010-08-10,early_25%,8,37,1.6980335998535168,0.02,17.33545305599054,10.746933846112693,2.6529140401440348,45.98946680449512,0.24685310974568142,0.016679074870081998,True,0.0,2pct_UNFILTERED_early25pct
call,2010-08-11,2010-09-17,2010-08-19,early_25%,8,37,1.6459301757812455,0.02,17.91778860937212,10.375940383501806,3.600052793823431,64.50498494230774,0.3469615919871389,0.023344060588569877,True,0.0,2pct_UNFILTERED_early25pct
call,2010-08-20,2010-09-24,2010-08-24,early_25%,4,35,1.6192758178710989,0.02,18.16799995496855,10.224730034477588,2.1960762767224153,39.89831369660035,0.21478085673825026,0.014476170034715975,True,0.0,2pct_UNFILTERED_early25pct
call,2010-08-25,2010-10-01,2010-08-31,early_25%,6,37,1.5953314208984324,0.02,18.402351460035113,10.016572079910176,2.6241308156348824,48.29017754642171,0.26197892799054406,0.017550769225514937,True,0.0,2pct_UNFILTERED_early25pct
put,2010-08-10,2010-09-16,2010-09-03,early_25%,24,37,1.692310791015629,0.02,17.75172788927926,13.570968638881933,9.83814973807023,174.64415708420674,0.7249408645660803,0.06320276729103888,True,0.0,2pct_UNFILTERED_early25pct
put,2010-09-07,2010-10-14,2010-09-09,early_25%,2,37,1.65104995727539,0.02,18.260256407241737,13.478640045902116,4.027790500794579,73.54848729916161,0.29882766266312893,0.02656392078202784,True,0.0,2pct_UNFILTERED_early25pct
put,2010-09-10,2010-10-15,2010-09-13,early_25%,3,35,1.678758239746088,0.02,17.922085247735726,13.285766307516456,4.6294528370829635,82.96944839657289,0.3484520749445848,0.029946640210539475,True,0.0,2pct_UNFILTERED_early25pct
put,2010-09-14,2010-10-21,2010-09-20,early_25%,6,37,1.696376495361335,0.02,17.745774681261363,13.455144504616262,6.927241379726496,122.92926468733648,0.5148396122650233,0.044353504115768896,True,0.0,2pct_UNFILTERED_early25pct
put,2010-09-21,2010-10-28,2010-09-24,early_25%,3,37,1.7255935668945312,0.02,17.46592522971761,13.834231376492486,3.1366029027399094,54.78367177457047,0.22672765962767638,0.01976122492614464,True,0.0,2pct_UNFILTERED_early25pct
call,2010-09-01,2010-10-08,2010-10-01,early_25%,30,37,1.6332798767089827,0.02,18.001221349330976,10.327323056450327,2.40118929147404,43.224339937467406,0.23250839335119713,0.0156939794838466,True,0.0,2pct_UNFILTERED_early25pct
put,2010-09-27,2010-11-03,2010-10-05,early_25%,8,37,1.7299839782714912,0.02,17.433904672278132,13.9039037175474,7.779674874539346,135.63011014403628,0.559531699340022,0.048899711571287016,True,0.0,2pct_UNFILTERED_early25pct
put,2010-10-06,2010-11-12,2010-10-11,early_25%,5,37,1.7566296386718818,0.02,17.179304692421116,13.919402969575314,6.6788119616611015,114.73734567276284,0.4798202894376636,0.041292598756923204,True,0.0,2pct_UNFILTERED_early25pct
put,2010-10-12,2010-11-18,2010-10-18,early_25%,6,37,1.7714666748046852,0.02,17.004382742835244,13.486679329019113,5.049885658407222,85.87018854311096,0.3744350655347346,0.03085595761948916,True,0.0,2pct_UNFILTERED_early25pct
call,2010-10-04,2010-11-10,2010-10-19,early_25%,15,37,1.7221118164062545,0.02,17.22313659111612,10.893833854912453,2.2392268497848065,38.56650989233838,0.20554993582677528,0.013880880640061717,True,0.0,2pct_UNFILTERED_early25pct
put,2010-10-19,2010-11-24,2010-10-20,early_25%,1,36,1.7672277832031256,0.02,17.085703491298514,13.771904163641292,3.8555123901881956,65.87414150578313,0.2799549244880018,0.023660581203640937,True,0.0,2pct_UNFILTERED_early25pct
put,2010-10-21,2010-11-26,2010-11-02,early_25%,12,36,1.788422698974614,0.02,16.864921138898488,13.635449119980791,5.309831855477018,89.54989550343095,0.3894137852559783,0.032140512301419476,True,0.0,2pct_UNFILTERED_early25pct
put,2010-11-03,2010-12-10,2010-11-04,early_25%,1,37,1.8159762573242233,0.02,16.631567951818987,13.973783370990258,7.287002755008384,121.1942814850141,0.5214767226273372,0.04347235245506473,True,0.0,2pct_UNFILTERED_early25pct
call,2010-10-20,2010-11-26,2010-11-11,early_25%,22,37,1.7844860839843761,0.02,16.655962291623354,11.249436597317505,2.4255364044479144,40.39964288944415,0.21561403395315798,0.014506868534809722,True,0.0,2pct_UNFILTERED_early25pct
call,2010-11-12,2010-12-17,2010-11-16,early_25%,4,35,1.819760894775385,0.02,16.367776359826134,11.483168934955595,2.901956529533317,47.49857548133852,0.25271391076548144,0.017020979641254458,True,0.0,2pct_UNFILTERED_early25pct
call,2010-11-17,2010-12-23,2010-11-23,early_25%,6,36,1.7897850036621037,0.02,16.596323163637823,11.324164556048396,2.3617076736352782,39.19566376969436,0.20855469398613222,0.014086767647390178,True,0.0,2pct_UNFILTERED_early25pct
put,2010-11-05,2010-12-10,2010-12-01,early_25%,26,35,1.8579127502441395,0.02,16.217079485953505,13.846022479215902,7.948332295172917,128.89873661159044,0.5740516676976412,0.046225947954472275,True,0.0,2pct_UNFILTERED_early25pct
put,2010-12-02,2011-01-07,2010-12-06,early_25%,4,36,1.8554899597167918,0.02,16.309101888043728,14.175619329396898,3.798321516023961,61.947212608383495,0.2679474827704449,0.022164011647809338,True,0.0,2pct_UNFILTERED_early25pct
put,2010-12-07,2011-01-13,2010-12-09,early_25%,2,37,1.8595777893066412,0.02,16.258281324800603,13.917423929953745,4.1349062812585995,67.2264695723874,0.2971028476296721,0.024034513769990336,True,0.0,2pct_UNFILTERED_early25pct
put,2010-12-10,2011-01-14,2010-12-16,early_25%,6,35,1.8845584106445301,0.02,16.02801869807653,13.86745405765309,3.42815567918732,54.94654332593161,0.2472087280718561,0.019635645520075736,True,0.0,2pct_UNFILTERED_early25pct
call,2010-11-24,2010-12-31,2010-12-17,early_25%,23,37,1.819760894775385,0.02,16.348232827498887,11.462773891328998,3.5970704581080506,58.80574534606849,0.3138045373841885,0.021095539933298726,True,0.0,2pct_UNFILTERED_early25pct
put,2010-12-17,2011-01-21,2010-12-21,early_25%,4,35,1.8917295837402293,0.02,15.935858464793316,13.472412326706717,3.8897218050523055,61.98605615273392,0.2887175444698651,0.022138359228575204,True,0.0,2pct_UNFILTERED_early25pct
put,2010-12-22,2011-01-28,2011-01-03,early_25%,12,37,1.9142535400390557,0.02,15.746629603582704,13.5575562671222,5.025451011303296,79.13391566594312,0.3706752833835021,0.028253855252316,True,0.0,2pct_UNFILTERED_early25pct
put,2011-01-04,2011-02-10,2011-01-11,early_25%,7,37,1.9325169372558548,0.02,15.657710674189646,14.291452844822134,4.739216787263793,74.20528527723904,0.3316119668673738,0.026481953555378888,True,0.0,2pct_UNFILTERED_early25pct
call,2010-12-20,2011-01-26,2011-01-11,early_25%,22,37,1.8962953186035207,0.02,15.739811960679129,11.706606693977655,2.628385595312274,41.37029503037286,0.2245215598354748,0.014772607817989109,True,0.0,2pct_UNFILTERED_early25pct
put,2011-01-12,2011-02-18,2011-01-14,early_25%,2,37,1.9568673706054653,0.02,15.453774497158225,14.122212825255087,4.073564005461039,62.95193954013551,0.2884508296161766,0.022435902732750052,True,0.0,2pct_UNFILTERED_early25pct
call,2011-01-12,2011-02-18,2011-01-26,early_25%,14,37,1.9568673706054653,0.02,15.280239581470394,12.06021738093753,2.64680018255115,40.443740913661145,0.2194653793500192,0.014414040995654,True,0.0,2pct_UNFILTERED_early25pct
put,2011-01-18,2011-02-24,2011-01-27,early_25%,9,37,1.971173553466798,0.02,15.337044332194486,14.103743106155985,4.459265866922342,68.39195829002963,0.31617605577174523,0.02436576062474411,True,0.0,2pct_UNFILTERED_early25pct
put,2011-01-28,2011-03-04,2011-01-31,early_25%,3,35,1.943779144287106,0.02,15.654920532478572,14.942996688815532,4.02992133611051,63.088098268949906,0.26968628984083276,0.02245895830571949,True,0.0,2pct_UNFILTERED_early25pct
put,2011-02-01,2011-03-10,2011-02-04,early_25%,3,37,1.9897406005859324,0.02,15.258202545638106,14.788191405635882,5.262357935206241,80.29412324302275,0.35584864915940434,0.028570910318432546,True,0.0,2pct_UNFILTERED_early25pct
put,2011-02-07,2011-03-16,2011-02-11,early_25%,4,37,2.0084599304199173,0.02,15.091811049498064,14.507714042967262,5.920034879738406,89.34404781145001,0.4080611778123786,0.03177036361793059,True,0.0,2pct_UNFILTERED_early25pct
put,2011-02-14,2011-03-23,2011-02-18,early_25%,4,37,2.03067993164062,0.02,14.922591016901022,14.556965918931953,3.510222174229048,52.381609884477164,0.24113693703602443,0.01862077898320789,True,0.0,2pct_UNFILTERED_early25pct
call,2011-01-27,2011-03-04,2011-02-22,early_25%,26,36,1.978326263427732,0.02,15.126057363422658,12.153922480777535,5.882707146029379,88.98216574305678,0.4840171685588239,0.03168218553702129,True,0.0,2pct_UNFILTERED_early25pct
put,2011-02-22,2011-03-31,2011-02-25,early_25%,3,37,2.0063294982910094,0.02,15.21697789209796,15.740500604965579,4.486623670468305,68.27285320367959,0.2850369110276538,0.024266127087912648,True,0.0,2pct_UNFILTERED_early25pct
call,2011-02-23,2011-04-01,2011-03-01,early_25%,6,37,1.9940022277831986,0.02,15.078803611296392,12.62071554984258,3.318859983936818,50.044437911173574,0.26296924059731425,0.01776886572399528,True,0.0,2pct_UNFILTERED_early25pct
call,2011-03-02,2011-04-08,2011-03-10,early_25%,8,37,1.996893005371092,0.02,15.041271704923917,12.618478580876571,4.066186018617056,61.160608708781965,0.3222405928381415,0.02173607821944775,True,0.0,2pct_UNFILTERED_early25pct
call,2011-03-11,2011-04-15,2011-03-21,early_25%,10,35,1.9912623596191423,0.02,15.084452187861178,12.544248125974523,4.955992865182222,74.75843741822236,0.39508090205264546,0.026562011278066098,True,0.0,2pct_UNFILTERED_early25pct
put,2011-02-28,2011-04-06,2011-03-24,early_25%,24,37,2.0264181518554665,0.02,15.041998071350523,15.268485542088062,10.03501963774292,150.94674603689361,0.6572373933276534,0.053556286035146804,True,0.0,2pct_UNFILTERED_early25pct
put,2011-03-25,2011-04-29,2011-03-30,early_25%,5,35,2.006944274902338,0.02,15.198943190555076,14.856283623831793,6.438339622130469,97.85595815826083,0.4333748456311355,0.03464487692450779,True,0.0,2pct_UNFILTERED_early25pct
put,2011-03-31,2011-05-06,2011-04-04,early_25%,4,36,2.026661529541016,0.02,15.058586686927343,15.024773431876593,3.5035057404126437,52.75784490015136,0.23318193490888842,0.018671285349389975,True,0.0,2pct_UNFILTERED_early25pct
call,2011-03-22,2011-04-28,2011-04-11,early_25%,20,37,1.9762208557128957,0.02,15.236740022842369,12.473607168102511,7.839924141273463,119.45488593938947,0.6285210072449375,0.04234398364431015,True,0.0,2pct_UNFILTERED_early25pct
put,2011-04-05,2011-05-12,2011-04-15,early_25%,10,37,2.036597442626956,0.02,14.988286049691181,15.021404139787444,3.980341355227182,59.658494807560466,0.26497798196404193,0.021100383689942208,True,0.0,2pct_UNFILTERED_early25pct
call,2011-04-12,2011-05-19,2011-04-18,early_25%,6,37,2.00954223632813,0.02,15.018084790772152,12.480910170976614,4.821320586863189,72.40700137700672,0.3862955922938052,0.02558091911425672,True,0.0,2pct_UNFILTERED_early25pct
put,2011-04-18,2011-05-25,2011-04-19,early_25%,1,37,1.9956330871581969,0.02,15.314984681447926,14.630871761844386,4.370739987308891,66.93781595222757,0.2987340780818866,0.023634252915818388,True,0.0,2pct_UNFILTERED_early25pct
put,2011-04-20,2011-05-27,2011-04-26,early_25%,6,37,2.0344573974609403,0.02,14.98084356176179,14.270401088244567,6.331498723777674,94.85119189240775,0.4436805023646694,0.03346894351398039,True,0.0,2pct_UNFILTERED_early25pct
put,2011-04-27,2011-06-03,2011-04-29,early_25%,2,37,2.0737399291992205,0.02,14.69489622069515,14.650430791549486,4.108918898027456,60.38013678576654,0.28046403252507235,0.02132027268824825,True,0.0,2pct_UNFILTERED_early25pct
call,2011-04-19,2011-05-26,2011-05-13,early_25%,24,37,2.007096710205076,0.02,15.035741956128762,12.31587155402753,4.435200178731398,66.68652541118146,0.3601206913595166,0.02354217703178989,True,0.0,2pct_UNFILTERED_early25pct
put,2011-05-02,2011-06-08,2011-05-19,early_25%,17,37,2.0821467590332077,0.02,14.647291671777468,14.939908275374453,4.068652965864969,59.594746702266654,0.2723345345146031,0.02105113365701787,True,0.0,2pct_UNFILTERED_early25pct
call,2011-05-16,2011-06-22,2011-05-23,early_25%,7,37,2.035832824707029,0.02,14.862415966221088,12.745167530582957,5.415832497653153,80.49235538349926,0.424932232915532,0.028379197202574032,True,0.0,2pct_UNFILTERED_early25pct
put,2011-05-20,2011-06-24,2011-05-27,early_25%,7,35,2.0422515869140625,0.02,15.007957303556683,14.972913105782052,5.427082042594625,81.44941557815933,0.36245999721315836,0.028676447277024397,True,0.0,2pct_UNFILTERED_early25pct
call,2011-05-24,2011-06-30,2011-06-02,early_25%,9,37,2.0168782043457014,0.02,15.01305893476838,12.59372426952496,3.826861516267371,57.45289747891913,0.30387051791564446,0.020237868838206392,True,0.0,2pct_UNFILTERED_early25pct
call,2011-06-03,2011-07-08,2011-06-06,early_25%,3,35,1.9934925842285196,0.02,15.172834540881057,12.418816072391081,3.3413628924183136,50.69794630770283,0.2690564763131223,0.01787489961722693,True,0.0,2pct_UNFILTERED_early25pct
call,2011-06-07,2011-07-14,2011-06-10,early_25%,3,37,1.971177062988275,0.02,15.316483600067222,12.327913561976178,2.600039075214326,39.82345585505417,0.21090666008835457,0.01407025267308403,True,0.0,2pct_UNFILTERED_early25pct
call,2011-06-13,2011-07-20,2011-06-24,early_25%,11,37,1.9519171142578102,0.02,15.454739734071326,12.29742200280572,3.0091834681512815,46.50614731234817,0.2447003499973182,0.016453129715778135,True,0.0,2pct_UNFILTERED_early25pct
put,2011-05-31,2011-07-07,2011-06-30,early_25%,30,37,2.061970825195317,0.02,14.837872426246133,14.60375279398962,11.465777776686974,170.12774791816932,0.785125435799343,0.05984434736382383,True,0.0,2pct_UNFILTERED_early25pct
put,2011-07-01,2011-08-05,2011-07-07,early_25%,6,35,2.057138671874995,0.02,14.90151144963628,14.56660428466941,6.750556016102969,100.59348776536946,0.46342688276413035,0.03531599623027101,True,0.0,2pct_UNFILTERED_early25pct
call,2011-06-27,2011-08-03,2011-07-18,early_25%,21,37,1.9652809143066463,0.02,15.359412087028128,12.415075451249683,4.4188864460946045,67.87149789135023,0.3559290850423149,0.024000945411641432,True,0.0,2pct_UNFILTERED_early25pct
put,2011-07-08,2011-08-12,2011-07-21,early_25%,13,35,2.064512939453124,0.02,14.836703302012536,14.647053854822628,3.4865611896764825,51.729073915541825,0.23803839490414053,0.018177706540958564,True,0.0,2pct_UNFILTERED_early25pct
call,2011-07-19,2011-08-25,2011-07-27,early_25%,8,37,2.038860321044922,0.02,14.88692847287844,12.825525388619779,2.469760425258613,36.76714679597081,0.19256602364610007,0.012926587852775945,True,0.0,2pct_UNFILTERED_early25pct
call,2011-07-28,2011-09-02,2011-08-01,early_25%,4,36,2.0003036499023494,0.02,15.184271356123281,12.65647861454803,3.579610507188333,54.353777290377735,0.282828313957228,0.019104105574301696,True,0.0,2pct_UNFILTERED_early25pct
call,2011-08-02,2011-09-08,2011-08-08,early_25%,6,37,1.9276463317871162,0.02,15.73897280231335,12.169203849133165,1.6956833046524125,26.68831341326114,0.1393421727234193,0.009389403214396238,True,0.0,2pct_UNFILTERED_early25pct
call,2011-08-09,2011-09-15,2011-08-19,early_25%,10,37,1.8046051025390568,0.02,16.55969195241815,10.80135352201802,2.9774881508574325,49.30628657017422,0.2756588000557496,0.017549822881430185,True,0.0,2pct_UNFILTERED_early25pct
put,2011-07-22,2011-08-26,2011-08-26,expired,35,35,2.0672782897949276,0.02,14.900001075042537,15.18429475332796,-191.5435342261648,-2853.9988658873026,-12.614582194157157,-1.0000000000000002,False,191.5435342261648,2pct_UNFILTERED_early25pct
call,2011-08-22,2011-09-28,2011-09-06,early_25%,15,37,1.7316407775878844,0.02,17.15379874546388,9.722116291919713,2.0404886190289497,35.002131113232124,0.20988111618504804,0.012484484404836125,True,0.0,2pct_UNFILTERED_early25pct
put,2011-08-29,2011-10-05,2011-09-15,early_25%,17,37,1.8642062377929705,0.02,16.474494222803404,16.475713267362877,8.97784932947188,147.9055269115839,0.5449141523515288,0.052827997628333935,True,0.0,2pct_UNFILTERED_early25pct
call,2011-09-07,2011-10-14,2011-09-19,early_25%,12,37,1.8477691650390682,0.02,16.107916905865633,11.194339050884123,3.054250397092531,49.1976116060736,0.27283883248572033,0.017595374155099833,True,0.0,2pct_UNFILTERED_early25pct
call,2011-09-20,2011-10-27,2011-09-22,early_25%,2,37,1.8554769897460943,0.02,16.088994092907175,11.28074841186355,1.9578488308686666,31.499818274651194,0.17355664352993358,0.011234768408733537,True,0.0,2pct_UNFILTERED_early25pct
call,2011-09-23,2011-10-28,2011-10-03,early_25%,10,35,1.753105926513669,0.02,16.889089657246945,10.062651798000116,3.6861313992438527,62.255403690222565,0.3663180912189018,0.022306670692585222,True,0.0,2pct_UNFILTERED_early25pct
put,2011-09-16,2011-10-21,2011-10-10,early_25%,24,35,1.8763214111328068,0.02,16.373777702318122,16.308211651850463,10.493339467623354,171.815607797826,0.6434390043271663,0.061248533702267766,True,0.0,2pct_UNFILTERED_early25pct
put,2011-10-11,2011-11-17,2011-10-14,early_25%,3,37,1.8482194519042991,0.02,16.677705924486414,16.40479413215221,9.997697766190921,166.7386632664269,0.6094375635349276,0.0593627056589468,True,0.0,2pct_UNFILTERED_early25pct
put,2011-10-17,2011-11-23,2011-10-18,early_25%,1,37,1.8564028930664023,0.02,16.62974702900185,16.54079977916795,4.891795770904077,81.34932618767589,0.2957411876217117,0.02892850702609215,True,0.0,2pct_UNFILTERED_early25pct
put,2011-10-19,2011-11-25,2011-10-21,early_25%,2,37,1.8702995300292997,0.02,16.52574022272747,16.78784828635474,7.567392104643954,125.05675608486487,0.4507660526569551,0.04445076684902599,True,0.0,2pct_UNFILTERED_early25pct
put,2011-10-24,2011-11-30,2011-10-27,early_25%,3,37,1.937619781494135,0.02,15.901357486868898,16.713745913630145,10.70525774791738,170.2281304387073,0.6405061919235704,0.060465205513380624,True,0.0,2pct_UNFILTERED_early25pct
call,2011-10-04,2011-11-10,2011-11-01,early_25%,28,37,1.734577636718754,0.02,17.04256399800622,9.88973318417708,4.930976809128958,84.03648784226476,0.49859553511698324,0.030146336019493784,True,0.0,2pct_UNFILTERED_early25pct
call,2011-11-02,2011-12-09,2011-11-14,early_25%,12,37,1.9144587707519491,0.02,15.623040184276988,11.648637278572327,2.7281824636566885,42.62250425974824,0.23420614775903284,0.01517366154643235,True,0.0,2pct_UNFILTERED_early25pct
call,2011-11-15,2011-12-22,2011-11-18,early_25%,3,37,1.9467297363281233,0.02,15.440173954623367,11.959134145681077,4.718203776988928,72.84988707007004,0.39452720569179844,0.025822914072807478,True,0.0,2pct_UNFILTERED_early25pct
call,2011-11-21,2011-12-28,2011-11-23,early_25%,2,37,1.8476022338867182,0.02,16.234994079502336,11.22911652839315,2.1949785668039095,35.63546403669599,0.19547206240614226,0.012648905470137013,True,0.0,2pct_UNFILTERED_early25pct
put,2011-10-28,2011-12-02,2011-11-30,early_25%,33,35,1.9856391906738224,0.02,15.44616648559771,16.224589170180224,16.15244759175932,249.49339465220623,0.995553565168017,0.08858455057866908,True,0.0,2pct_UNFILTERED_early25pct
put,2011-12-01,2012-01-06,2011-12-07,early_25%,6,36,1.929590759277346,0.02,15.999972157646082,16.310989752422916,3.6959514996878777,59.13512109101633,0.22659271790290117,0.0209226806794832,True,0.0,2pct_UNFILTERED_early25pct
put,2011-12-08,2012-01-13,2011-12-09,early_25%,1,36,1.9138409423828193,0.02,16.174597424200655,16.638322170563992,8.38388693698222,135.60599605570215,0.5038901669914011,0.0479776239377813,True,0.0,2pct_UNFILTERED_early25pct
call,2011-11-25,2011-12-30,2011-12-13,early_25%,18,35,1.796338958740236,0.02,16.60441000218132,10.874568257138527,3.889060370221533,64.57555291039341,0.3576289447324577,0.02304500986784221,True,0.0,2pct_UNFILTERED_early25pct
call,2011-12-14,2012-01-20,2011-12-19,early_25%,5,37,1.8797178649902406,0.02,16.097074654916007,11.82787484275551,3.198287132357777,51.483066737420366,0.27040251734796683,0.018157239170428954,True,0.0,2pct_UNFILTERED_early25pct
put,2011-12-12,2012-01-18,2011-12-20,early_25%,8,37,1.9178556823730446,0.02,16.109272427941296,15.987460056761757,7.4094051505678635,119.36012609948911,0.4634510500268065,0.04214724053206811,True,0.0,2pct_UNFILTERED_early25pct
put,2011-12-21,2012-01-27,2011-12-23,early_25%,2,37,1.9293977355956997,0.02,15.98405954397242,15.275499555000623,6.706312351477852,107.19409594649967,0.43902409393102027,0.0377471069468101,True,0.0,2pct_UNFILTERED_early25pct
put,2011-12-27,2012-02-02,2012-01-04,early_25%,8,37,1.9654463195800815,0.02,15.708499476401723,15.66469317915453,5.584971055167809,87.73151489582231,0.3565324255823852,0.03087667484228903,True,0.0,2pct_UNFILTERED_early25pct
call,2011-12-20,2012-01-26,2012-01-09,early_25%,20,37,1.9256677246093687,0.02,15.7189751388417,12.184991083202318,3.0014974446895515,47.180463712371946,0.2463274223341272,0.01663969288785415,True,0.0,2pct_UNFILTERED_early25pct
put,2012-01-05,2012-02-10,2012-01-10,early_25%,5,36,1.989530792236323,0.02,15.516973799100805,15.698884431859964,5.693556773823927,88.34677128311878,0.36267269808478797,0.03106917568950271,True,0.0,2pct_UNFILTERED_early25pct
put,2012-01-11,2012-02-17,2012-01-18,early_25%,7,37,2.007555847167964,0.02,15.390619045145533,15.808041236226932,6.890613649185948,106.050809661901,0.4358929450028814,0.037257124477081106,True,0.0,2pct_UNFILTERED_early25pct
put,2012-01-19,2012-02-24,2012-01-20,early_25%,1,36,2.0426724243164074,0.02,15.107508807840993,15.729937419615064,3.830081224568165,57.86298583490997,0.24348992131348815,0.020314712912247613,True,0.0,2pct_UNFILTERED_early25pct
call,2012-01-10,2012-02-16,2012-01-24,early_25%,14,37,2.0064677429199236,0.02,15.138778366962603,12.678726774981513,3.0082205843332517,45.54078470515583,0.23726519529305323,0.016003893342888566,True,0.0,2pct_UNFILTERED_early25pct
put,2012-01-23,2012-02-29,2012-01-25,early_25%,2,37,2.045002441406254,0.02,15.079831862479141,15.498020122384522,3.3876085962595646,51.084568047483216,0.21858331383675786,0.01792364409390559,True,0.0,2pct_UNFILTERED_early25pct
call,2012-01-25,2012-03-02,2012-01-30,early_25%,5,37,2.059763793945308,0.02,14.76357888425928,12.90015995113161,2.6849902153942846,39.64006484843784,0.20813619564141572,0.013906374503989067,True,0.0,2pct_UNFILTERED_early25pct
put,2012-01-26,2012-03-02,2012-02-01,early_25%,6,36,2.0491987609863287,0.02,15.049625304445257,15.432281163319278,3.8358397038778946,57.72795027127656,0.2485594749916322,0.020243223337059905,True,0.0,2pct_UNFILTERED_early25pct
put,2012-02-02,2012-03-09,2012-02-03,early_25%,1,36,2.061629486083987,0.02,14.95303090684882,15.355553713266627,6.916947127025885,103.42932417145721,0.4504524718668986,0.03625093844411767,True,0.0,2pct_UNFILTERED_early25pct
put,2012-02-06,2012-03-14,2012-02-16,early_25%,10,37,2.08913208007813,0.02,14.760735793335874,15.566447868491002,6.323488014814869,93.33933587900825,0.40622549654469514,0.032705425269387925,True,0.0,2pct_UNFILTERED_early25pct
put,2012-02-17,2012-03-23,2012-02-23,early_25%,6,35,2.1195872497558526,0.02,14.545083956310062,15.649995190138918,5.031209324663029,73.17936202899381,0.3214831227445489,0.025629065656743028,True,0.0,2pct_UNFILTERED_early25pct
call,2012-01-31,2012-03-08,2012-02-29,early_25%,29,37,2.040496673583988,0.02,14.916101320407867,12.847512423312454,6.280298931063536,93.67757517819292,0.48883384768460075,0.03284638153370036,True,0.0,2pct_UNFILTERED_early25pct
put,2012-02-24,2012-03-30,2012-03-01,early_25%,6,35,2.1276669311523477,0.02,14.50273659159749,15.560535372805967,4.983505551711525,72.27446831923598,0.32026568702904923,0.02527053723251628,True,0.0,2pct_UNFILTERED_early25pct
call,2012-03-01,2012-04-05,2012-03-06,early_25%,5,35,2.140097503662105,0.02,14.252357415912856,13.260300774910366,3.548962479021423,50.58108170667745,0.267638158384489,0.017678566423203902,True,0.0,2pct_UNFILTERED_early25pct
put,2012-03-02,2012-04-05,2012-03-09,early_25%,7,34,2.1335723876953097,0.02,14.468307121871666,15.516998106985296,4.204217098312881,60.82790418541489,0.27094268294202256,0.021250566033651247,True,0.0,2pct_UNFILTERED_early25pct
put,2012-03-12,2012-04-18,2012-03-13,early_25%,1,37,2.137766723632808,0.02,14.42449753719665,15.211476336377766,9.072392745567276,130.86470681491593,0.5964176352738975,0.045689742850696165,True,0.0,2pct_UNFILTERED_early25pct
put,2012-03-14,2012-04-20,2012-03-16,early_25%,2,37,2.173971557617193,0.02,14.184395293480177,15.343063744497359,5.68730835920231,80.67102992283972,0.3706761865759704,0.028147454488165254,True,0.0,2pct_UNFILTERED_early25pct
put,2012-03-19,2012-04-25,2012-03-26,early_25%,7,37,2.198168640136714,0.02,14.02667393803721,15.406692885631468,7.259458285319084,101.82605433495348,0.471188615182261,0.03551417351327323,True,0.0,2pct_UNFILTERED_early25pct
call,2012-03-07,2012-04-13,2012-03-29,early_25%,22,37,2.108399658203126,0.02,14.461270506194644,13.255073182953009,3.886592696427792,56.20506833044274,0.29321548382141216,0.019670495271929055,True,0.0,2pct_UNFILTERED_early25pct
put,2012-03-27,2012-05-03,2012-04-02,early_25%,6,37,2.2031626892089804,0.02,14.02333065549109,15.65769786577213,4.33503810862894,60.791672801458326,0.27686305776185477,0.02118180580602839,True,0.0,2pct_UNFILTERED_early25pct
call,2012-03-30,2012-05-04,2012-04-04,early_25%,5,35,2.1975451660156295,0.02,13.91138218433012,13.362487989212413,2.965528679601576,41.25460284052939,0.22192938036656484,0.014368426433617205,True,0.0,2pct_UNFILTERED_early25pct
call,2012-04-05,2012-05-11,2012-04-10,early_25%,5,36,2.1816253662109375,0.02,14.029134194393832,13.477460719073274,5.452238028009987,76.4901789547293,0.4045449021635055,0.026637203538082507,True,0.0,2pct_UNFILTERED_early25pct
call,2012-04-11,2012-05-18,2012-04-19,early_25%,8,37,2.1380838012695307,0.02,14.288358138565037,13.488105267638401,3.990042433075045,57.01115527184766,0.2958193425913002,0.019918315486923428,True,0.0,2pct_UNFILTERED_early25pct
put,2012-04-03,2012-05-10,2012-04-26,early_25%,23,37,2.204566802978519,0.02,14.02840626963738,15.694423054624963,9.430790269581884,132.29895734543769,0.6009007299444971,0.04605726854426847,True,0.0,2pct_UNFILTERED_early25pct
call,2012-04-20,2012-05-25,2012-05-03,early_25%,13,35,2.152909851074213,0.02,14.221741837726304,13.359779481047577,2.8844472382624726,41.0218639671115,0.21590530310432154,0.014284306525656388,True,0.0,2pct_UNFILTERED_early25pct
call,2012-05-04,2012-06-08,2012-05-09,early_25%,5,35,2.1380838012695307,0.02,14.365735814781145,13.416763658329806,3.338782178261063,47.964062715997954,0.24885153106115707,0.016661286719965352,True,0.0,2pct_UNFILTERED_early25pct
call,2012-05-10,2012-06-15,2012-05-15,early_25%,5,36,2.122789459228514,0.02,14.43349696866083,13.315270851375402,3.185971995709048,45.98471714230484,0.23927203819364687,0.016012832465848427,True,0.0,2pct_UNFILTERED_early25pct
call,2012-05-16,2012-06-22,2012-05-21,early_25%,5,37,2.073004913330081,0.02,14.757320538926695,13.12120005079458,3.3515856569704674,49.4604238535824,0.25543286010394345,0.017260263104469712,True,0.0,2pct_UNFILTERED_early25pct
call,2012-05-22,2012-06-28,2012-05-31,early_25%,9,37,2.063172607421876,0.02,14.810729261113003,13.059131100836774,2.6841406545569377,39.75408053338945,0.2055374614000888,0.013888888708268968,True,0.0,2pct_UNFILTERED_early25pct
put,2012-04-27,2012-06-01,2012-06-01,expired,35,35,2.1909889221191463,0.02,14.152020254190116,15.680256055570235,-203.4186361563444,-2878.784658964316,-12.972915457211696,-1.0,False,203.4186361563444,2pct_UNFILTERED_early25pct
put,2012-06-04,2012-07-11,2012-06-06,early_25%,2,37,1.9991859436035213,0.02,15.428433287861836,16.74352780232053,12.506150709064409,192.95031190274622,0.7469244747412878,0.06827430689155689,True,0.0,2pct_UNFILTERED_early25pct
put,2012-06-07,2012-07-13,2012-06-14,early_25%,7,36,2.060831909179683,0.02,14.911299797484217,16.31644184095375,6.463656859154563,96.38152521491891,0.3961437746145725,0.03406106122696641,True,0.0,2pct_UNFILTERED_early25pct
put,2012-06-15,2012-07-20,2012-06-18,early_25%,3,35,2.104295959472651,0.02,14.600098831428188,16.445972359869568,6.517238348715759,95.15232399922392,0.39628172820104673,0.03359684816785343,True,0.0,2pct_UNFILTERED_early25pct
call,2012-06-01,2012-07-06,2012-06-21,early_25%,20,35,2.000122680664063,0.02,15.286152808534677,12.59260961549155,8.182777078696198,125.08318082312506,0.6498078895918179,0.043660185630096375,True,0.0,2pct_UNFILTERED_early25pct
put,2012-06-19,2012-07-26,2012-06-29,early_25%,10,37,2.1287684631347616,0.02,14.404385326411559,16.048496746220735,8.19464935222595,118.03888688429146,0.5106178779115689,0.04163348100130196,True,0.0,2pct_UNFILTERED_early25pct
call,2012-06-22,2012-07-27,2012-07-06,early_25%,14,35,2.0936293029785134,0.02,14.41879386958671,13.057188586011826,3.1783206996235,45.82755101931186,0.2434153936497813,0.016190666008582728,True,0.0,2pct_UNFILTERED_early25pct
call,2012-07-09,2012-08-15,2012-07-11,early_25%,2,37,2.1228071594238287,0.02,14.264730733816164,13.268819427789962,3.090579004512451,44.08627731095572,0.23292042079038328,0.015529619377733173,True,0.0,2pct_UNFILTERED_early25pct
put,2012-07-02,2012-08-08,2012-07-17,early_25%,15,37,2.141475524902347,0.02,14.29576553691928,15.646799742685696,7.818343864719577,111.76921077704243,0.49967686640677855,0.03938697338172242,True,0.0,2pct_UNFILTERED_early25pct
call,2012-07-12,2012-08-17,2012-07-25,early_25%,13,36,2.0944129943847685,0.02,14.45393834611241,13.100774020870976,3.6678469815921595,53.014834134907574,0.2799717769155376,0.018681049028420615,True,0.0,2pct_UNFILTERED_early25pct
put,2012-07-18,2012-08-24,2012-07-27,early_25%,9,37,2.154967041015624,0.02,14.209968069995915,15.523438572937037,6.904677194493205,98.11524246737741,0.44479044781550864,0.034528001411792866,True,0.0,2pct_UNFILTERED_early25pct
put,2012-07-30,2012-09-05,2012-08-03,early_25%,4,37,2.1755166625976585,0.02,14.128546608776267,16.29433489570552,8.339777538726377,117.82893566272104,0.5118206782974849,0.041438378826758396,True,0.0,2pct_UNFILTERED_early25pct
put,2012-08-06,2012-09-12,2012-08-08,early_25%,2,37,2.190262145996087,0.02,14.003313059725695,15.700933916765697,4.561165293152467,63.87142551716951,0.2905028017653131,0.02243284887070783,True,0.0,2pct_UNFILTERED_early25pct
put,2012-08-09,2012-09-14,2012-08-13,early_25%,4,36,2.2057929992675724,0.02,13.886720055714772,15.474345734608915,5.808170316531102,80.65643522157967,0.37534189917580335,0.028318040095169222,True,0.0,2pct_UNFILTERED_early25pct
put,2012-08-14,2012-09-20,2012-08-16,early_25%,2,37,2.208616333007811,0.02,13.881899564142453,15.402538761003349,5.821439002265734,80.81263154823456,0.377953212298004,0.02833381026673745,True,0.0,2pct_UNFILTERED_early25pct
call,2012-07-26,2012-08-31,2012-08-21,early_25%,26,36,2.13614120483399,0.02,14.16040301754318,13.289572577826133,4.50426410279675,63.78219499305452,0.3389322024029717,0.02248483348590872,True,0.0,2pct_UNFILTERED_early25pct
call,2012-08-22,2012-09-28,2012-09-04,early_25%,13,37,2.224775085449224,0.02,13.653085701924665,13.531925905389725,3.7694881224529073,51.46514438823664,0.27856257481808494,0.01804052555136295,True,0.0,2pct_UNFILTERED_early25pct
put,2012-08-17,2012-09-21,2012-09-06,early_25%,20,35,2.2304219055175736,0.02,13.69411796601815,14.756338660096842,11.65223888185105,159.5671338162917,0.7896429561731527,0.05594349676670281,True,0.0,2pct_UNFILTERED_early25pct
put,2012-09-07,2012-10-12,2012-09-13,early_25%,6,35,2.264149322509766,0.02,13.538001556943179,15.412946847825836,10.24566504804444,138.70582937234394,0.6647440719287048,0.048557197357496744,True,0.0,2pct_UNFILTERED_early25pct
call,2012-09-05,2012-10-12,2012-09-25,early_25%,20,37,2.2104995727539034,0.02,13.769202783813482,13.79536501881702,4.2681469157955245,58.76898039469666,0.30938992262790643,0.020593738692707572,True,0.0,2pct_UNFILTERED_early25pct
put,2012-09-14,2012-10-19,2012-10-03,early_25%,19,35,2.3097998046875006,0.02,13.277853641002618,15.782394953788186,4.4458187683314385,59.030930920327364,0.28169481129759244,0.020659240937544524,True,0.0,2pct_UNFILTERED_early25pct
call,2012-09-26,2012-11-02,2012-10-09,early_25%,13,37,2.2598352050781187,0.02,13.49114703958676,14.00238106526561,5.156556059844306,69.56785602123168,0.3682628001487325,0.024325541760010675,True,0.0,2pct_UNFILTERED_early25pct
put,2012-10-04,2012-11-09,2012-10-17,early_25%,13,36,2.304624786376948,0.02,13.343861521140086,15.85477078008558,5.8468902419952755,78.0200937184902,0.36877797371497006,0.027244549137417973,True,0.0,2pct_UNFILTERED_early25pct
call,2012-10-10,2012-11-16,2012-10-22,early_25%,12,37,2.259675750732427,0.02,13.493252245472286,13.933436278179714,5.29011626680494,71.38087319587522,0.3796706111247992,0.024949360970206728,True,0.0,2pct_UNFILTERED_early25pct
call,2012-10-23,2012-11-29,2012-10-31,early_25%,8,37,2.230343170166009,0.02,13.697749327017355,14.006366739097494,3.9150074802744896,53.626791078197805,0.27951627664768364,0.01872958843579036,True,0.0,2pct_UNFILTERED_early25pct
call,2012-11-01,2012-12-07,2012-11-07,early_25%,6,36,2.2525798034668014,0.02,13.531698055217204,13.914485608020504,6.360174632529505,86.06396270584129,0.4570901729104101,0.030094016569539014,True,0.0,2pct_UNFILTERED_early25pct
call,2012-11-08,2012-12-14,2012-11-12,early_25%,4,36,2.177036437988278,0.02,14.005565760094637,13.630379272784197,3.7689319149618647,52.786023780317805,0.2765096876274968,0.01846852366337717,True,0.0,2pct_UNFILTERED_early25pct
call,2012-11-13,2012-12-20,2012-11-15,early_25%,2,37,2.1730941772460994,0.02,14.010042161963817,13.445702432449663,3.364120070344736,47.13146402343843,0.2502003957953002,0.016501808894847043,True,0.0,2pct_UNFILTERED_early25pct
put,2012-10-18,2012-11-23,2012-11-21,early_25%,34,36,2.2997360229492188,0.02,13.391244055288826,16.028824806881204,4.0013361756339325,53.582869275170026,0.24963378312776566,0.018702658801089938,True,0.0,2pct_UNFILTERED_early25pct
put,2012-11-23,2012-12-28,2012-11-29,early_25%,6,35,2.2292385864257795,0.02,13.84185757382088,15.496816278448556,5.400990330555004,74.75973891312611,0.3485225760897849,0.02603802411198533,True,0.0,2pct_UNFILTERED_early25pct
put,2012-11-30,2013-01-04,2012-12-07,early_25%,7,35,2.2418554687500034,0.02,13.77400580403551,15.874584403656334,3.7863664187110775,52.15343302753153,0.2385175146909029,0.018176510606022205,True,0.0,2pct_UNFILTERED_early25pct
put,2012-12-10,2013-01-16,2012-12-11,early_25%,1,37,2.2469024658203125,0.02,13.77274031712877,16.14463561175962,4.022735679615323,55.404093879790366,0.24916856449117966,0.019289476584519287,True,0.0,2pct_UNFILTERED_early25pct
put,2012-12-12,2013-01-18,2012-12-18,early_25%,6,37,2.2633041381835994,0.02,13.673446359233015,16.22453676247123,8.960726859465927,122.52401805264587,0.5522947736907269,0.04264862546935015,True,0.0,2pct_UNFILTERED_early25pct
call,2012-11-16,2012-12-21,2012-12-21,early_25%,35,35,2.1506983947753895,0.02,14.076084331219297,13.218441180845684,13.218441180845684,186.06389278884583,1.0,0.06548600253646213,True,0.0,2pct_UNFILTERED_early25pct
put,2012-12-19,2013-01-25,2013-01-02,early_25%,14,37,2.275605926513677,0.02,13.64148610666836,16.821880534830484,15.70712843020393,214.26857425628253,0.9337320163272823,0.07453366432987397,True,0.0,2pct_UNFILTERED_early25pct
put,2013-01-03,2013-02-08,2013-01-04,early_25%,1,36,2.3146162414550844,0.02,13.396628307555078,15.927959367263627,4.075989876394322,54.604521359412104,0.2559015742325167,0.01891115191025016,True,0.0,2pct_UNFILTERED_early25pct
call,2012-12-24,2013-01-30,2013-01-07,early_25%,14,37,2.260932617187507,0.02,13.599908388149693,14.119496559107288,4.411619583243752,59.99762217548216,0.3124487877294882,0.02081210181798317,True,0.0,2pct_UNFILTERED_early25pct
put,2013-01-07,2013-02-13,2013-01-10,early_25%,3,37,2.3184281921386685,0.02,13.366456430053285,15.687206280238843,5.735695858209379,76.66592878479274,0.36562889247109787,0.026535030852844716,True,0.0,2pct_UNFILTERED_early25pct
put,2013-01-11,2013-02-15,2013-01-17,early_25%,6,35,2.335899963378907,0.02,13.245863990144722,15.40866015068999,5.5747168658582975,73.84194138872486,0.3617911493497808,0.025550842080622155,True,0.0,2pct_UNFILTERED_early25pct
put,2013-01-18,2013-02-22,2013-01-22,early_25%,4,35,2.35591217041015,0.02,13.111277200916847,15.057366335182948,4.7971220224719495,62.89639660325258,0.3185897132131948,0.021752316059953918,True,0.0,2pct_UNFILTERED_early25pct
put,2013-01-23,2013-03-01,2013-01-29,early_25%,6,37,2.3724310302734324,0.02,13.038694925785785,15.355985276045853,4.927238559994578,64.24476041033736,0.32086762727499407,0.02220605959430814,True,0.0,2pct_UNFILTERED_early25pct
put,2013-01-30,2013-03-08,2013-02-01,early_25%,2,37,2.3835481262207026,0.02,13.031162427561062,16.381483268590248,8.41485969555839,109.6554034979584,0.5136811824417016,0.03790932775603054,True,0.0,2pct_UNFILTERED_early25pct
call,2013-01-08,2013-02-14,2013-02-04,early_25%,27,37,2.3117579650878923,0.02,13.291257898317362,13.732640707900929,3.238048188788431,43.03773356436646,0.23579209983448082,0.014891469804427862,True,0.0,2pct_UNFILTERED_early25pct
put,2013-02-04,2013-03-13,2013-02-05,early_25%,1,37,2.3751298522949185,0.02,13.097999160957846,16.48356698451858,7.631750740723488,99.96066479863566,0.462991459790909,0.03452821258510032,True,0.0,2pct_UNFILTERED_early25pct
put,2013-02-06,2013-03-15,2013-02-08,early_25%,2,37,2.400860443115235,0.02,12.947666365764546,16.05331936818149,3.870183042982209,50.109838814973024,0.2410830404740537,0.017275079093739456,True,0.0,2pct_UNFILTERED_early25pct
put,2013-02-11,2013-03-20,2013-02-14,early_25%,3,37,2.4105491638183594,0.02,12.886849154157611,15.869537638707337,3.661010500094264,47.1788900665019,0.23069421324315745,0.016257762917504595,True,0.0,2pct_UNFILTERED_early25pct
call,2013-02-05,2013-03-14,2013-02-15,early_25%,10,37,2.399114227294916,0.02,12.846854236373815,14.277914576705058,4.935471401780848,63.405281686470104,0.345671727846954,0.021873840646216513,True,0.0,2pct_UNFILTERED_early25pct
put,2013-02-15,2013-03-22,2013-02-19,early_25%,4,35,2.4159490966796824,0.02,12.839556339015166,15.441080976090255,6.48810773191663,83.30442475754347,0.42018481361267007,0.02868891395491834,True,0.0,2pct_UNFILTERED_early25pct
put,2013-02-20,2013-03-28,2013-02-22,early_25%,2,36,2.40371932983399,0.02,12.984472795589529,16.596257359696953,3.6141023967323633,46.92721425084628,0.21776610945483416,0.016150559647107425,True,0.0,2pct_UNFILTERED_early25pct
put,2013-02-25,2013-04-03,2013-02-26,early_25%,1,37,2.366553497314456,0.02,13.297387881693941,18.036025721598023,7.44221216138974,98.9619818078592,0.41263038078714537,0.03404187710805707,True,0.0,2pct_UNFILTERED_early25pct
call,2013-02-19,2013-03-28,2013-02-26,early_25%,7,37,2.434055633544915,0.02,12.661565063344923,14.054250527962164,3.1146773613947385,39.43669006262697,0.22161817559732655,0.013580377295466085,True,0.0,2pct_UNFILTERED_early25pct
put,2013-02-27,2013-04-05,2013-03-04,early_25%,5,37,2.4127728271484443,0.02,12.959628202839406,16.772125615972342,7.427559019012826,96.25840334105281,0.44285138264999946,0.03308413541583692,True,0.0,2pct_UNFILTERED_early25pct
put,2013-03-05,2013-04-11,2013-03-08,early_25%,3,37,2.4505738830566344,0.02,12.734404348527569,16.42232887341354,7.772296052911969,98.97556065424584,0.47327611770670996,0.03399433171890722,True,0.0,2pct_UNFILTERED_early25pct
put,2013-03-11,2013-04-17,2013-03-14,early_25%,3,37,2.47821044921875,0.02,12.534203625528242,15.486032611235956,4.713823762117709,59.084026889236966,0.3043919563166601,0.020288908310621655,True,0.0,2pct_UNFILTERED_early25pct
call,2013-02-27,2013-04-05,2013-03-21,early_25%,22,37,2.4127728271484443,0.02,12.835332771045977,14.59805144592788,6.439554759932584,82.6538282411078,0.4411242681110632,0.028408225684748076,True,0.0,2pct_UNFILTERED_early25pct
put,2013-03-15,2013-04-19,2013-03-28,early_25%,13,35,2.4860427856445284,0.02,12.482147769862651,15.154407712202742,6.44351819899153,80.42894631761153,0.42519102833712424,0.02760129262641408,True,0.0,2pct_UNFILTERED_early25pct
call,2013-03-22,2013-04-26,2013-04-01,early_25%,10,35,2.4823728942870957,0.02,12.463406936197972,14.62723692588684,4.385339538650099,54.65627122359486,0.2998064200962697,0.018772049796945748,True,0.0,2pct_UNFILTERED_early25pct
put,2013-04-01,2013-05-08,2013-04-02,early_25%,1,37,2.4895512390136787,0.02,12.566805888572489,16.73619615501777,5.231840646777259,65.74752584799336,0.31260631736851824,0.022529776954667256,True,0.0,2pct_UNFILTERED_early25pct
call,2013-04-02,2013-05-09,2013-04-05,early_25%,3,37,2.50183563232423,0.02,12.389756511474669,14.607585459581474,3.756849947236587,46.546456096407766,0.25718486861717293,0.015947508666860757,True,0.0,2pct_UNFILTERED_early25pct
put,2013-04-03,2013-05-10,2013-04-08,early_25%,5,37,2.476469726562499,0.02,12.658469239702201,16.96652817094111,8.397845963886423,106.30387481361358,0.4949654920132435,0.036404672197609074,True,0.0,2pct_UNFILTERED_early25pct
put,2013-04-09,2013-05-16,2013-04-10,early_25%,1,37,2.5007194519043026,0.02,12.509815689795092,16.406650958342105,8.408057085139943,105.18324444437644,0.5124785738715794,0.035983337246431796,True,0.0,2pct_UNFILTERED_early25pct
call,2013-04-08,2013-05-15,2013-04-19,early_25%,11,37,2.492105102539057,0.02,12.456492223364304,14.67971066793054,4.444046954658315,55.35723633096712,0.30273396085161475,0.018948670974147257,True,0.0,2pct_UNFILTERED_early25pct
put,2013-04-11,2013-05-17,2013-04-29,early_25%,18,36,2.539646301269528,0.02,12.293213238224526,16.202293813923536,7.533759501547273,92.61411203802074,0.4649810445403164,0.03168609300519574,True,0.0,2pct_UNFILTERED_early25pct
put,2013-04-30,2013-06-06,2013-05-03,early_25%,3,37,2.547462921142582,0.02,12.3118170883569,17.09324453203228,8.968132846073274,110.41401122493974,0.5246594834156403,0.03773624170744277,True,0.0,2pct_UNFILTERED_early25pct
put,2013-05-06,2013-06-12,2013-05-08,early_25%,2,37,2.5809646606445256,0.02,12.127344311543835,16.826570837571722,6.410774986708654,77.7456755676487,0.3809911745294032,0.026570969331586976,True,0.0,2pct_UNFILTERED_early25pct
put,2013-05-09,2013-06-14,2013-05-13,early_25%,4,36,2.5985144042968784,0.02,12.045447145154276,17.114907332799735,6.021321939255479,72.52951516325972,0.35181738481960473,0.0248059979370805,True,0.0,2pct_UNFILTERED_early25pct
put,2013-05-14,2013-06-20,2013-05-17,early_25%,3,37,2.6360061645507784,0.02,11.881457900026254,17.252163126136065,8.38710737210645,99.65106314468262,0.4861481607138557,0.03404570744719633,True,0.0,2pct_UNFILTERED_early25pct
call,2013-04-22,2013-05-29,2013-05-29,early_25%,37,37,2.4914674377441486,0.02,12.45940720435679,14.996941139107289,14.996941139107289,186.85299647190809,1.0,0.06404848934451286,True,0.0,2pct_UNFILTERED_early25pct
call,2013-05-30,2013-07-05,2013-06-04,early_25%,5,36,2.6455776977539074,0.02,11.809949488496743,15.91144192298235,5.190151403692427,61.295425915258036,0.3261898845381082,0.020873629819995573,True,0.0,2pct_UNFILTERED_early25pct
put,2013-05-20,2013-06-26,2013-06-18,early_25%,29,37,2.6631271362304716,0.02,11.716887757428049,17.58004510519448,11.976054440258574,140.3220856533575,0.6812300178183239,0.04814829717230729,True,0.0,2pct_UNFILTERED_early25pct
call,2013-06-05,2013-07-12,2013-06-19,early_25%,14,37,2.572828674316412,0.02,12.16381781508918,16.02968663267591,3.852697169300674,46.863506464083194,0.24034762859600112,0.01596951864651725,True,0.0,2pct_UNFILTERED_early25pct
call,2013-06-20,2013-07-26,2013-06-24,early_25%,4,36,2.542995758056634,0.02,12.356967939295975,16.05271349125886,5.502665787939016,67.99626472222324,0.34278726714554314,0.02309648796414106,True,0.0,2pct_UNFILTERED_early25pct
put,2013-06-19,2013-07-26,2013-07-03,early_25%,14,37,2.6076074218750023,0.02,12.166682182891414,18.98683445269171,4.647328208132322,56.5425653079322,0.2447658254835357,0.019221793830746108,True,0.0,2pct_UNFILTERED_early25pct
put,2013-07-05,2013-08-09,2013-07-08,early_25%,3,35,2.6145098876953057,0.02,12.107559047492229,18.053977040584385,4.62956366266018,56.05271540978253,0.25642902127620776,0.019020626546622496,True,0.0,2pct_UNFILTERED_early25pct
put,2013-07-09,2013-08-15,2013-07-11,early_25%,2,37,2.648349914550778,0.02,11.950364927248385,18.21691643795579,9.257533217851172,110.63090027944553,0.5081833278085787,0.03753793478928277,True,0.0,2pct_UNFILTERED_early25pct
put,2013-07-12,2013-08-16,2013-07-17,early_25%,5,35,2.6865206909179733,0.02,11.746283504760559,17.995302826161176,4.072282032806358,47.83417926868612,0.22629694382726162,0.01624644765619738,True,0.0,2pct_UNFILTERED_early25pct
put,2013-07-18,2013-08-23,2013-07-19,early_25%,1,36,2.708331298828128,0.02,11.6648369218571,18.209894749694115,5.092475548951358,59.4028968070623,0.279654309865624,0.020158381497521003,True,0.0,2pct_UNFILTERED_early25pct
call,2013-06-25,2013-08-01,2013-07-29,early_25%,34,37,2.5431405639648403,0.02,12.310221167478398,15.941598402214433,12.457256511870668,153.3515828011384,0.7814308325657132,0.05225963023031015,True,0.0,2pct_UNFILTERED_early25pct
put,2013-07-22,2013-08-28,2013-08-01,early_25%,10,37,2.7184353637695295,0.02,11.584432622037742,17.485218819457458,7.736740477032328,89.62574877037314,0.4424731858901831,0.030416699368533542,True,0.0,2pct_UNFILTERED_early25pct
call,2013-07-30,2013-09-05,2013-08-07,early_25%,8,37,2.703841857910163,0.02,11.611728149781529,15.99111130023797,3.5778340204123946,41.54483601006862,0.22373892303276957,0.014064195841707513,True,0.0,2pct_UNFILTERED_early25pct
call,2013-08-08,2013-09-13,2013-08-12,early_25%,4,36,2.723247680664059,0.02,11.51949469701032,15.81992520458586,4.2343012660018715,48.777010979252644,0.26765621273445955,0.016507685464180116,True,0.0,2pct_UNFILTERED_early25pct
call,2013-08-13,2013-09-19,2013-08-15,early_25%,2,37,2.7201995849609375,0.02,11.536415525701738,15.706447266949692,4.554283683028993,52.54010898934577,0.28996268892789967,0.01776841049536974,True,0.0,2pct_UNFILTERED_early25pct
call,2013-08-16,2013-09-20,2013-08-26,early_25%,10,35,2.6595767211913994,0.02,11.797177578763467,15.90287546720856,4.176564583748167,49.271674063651446,0.26262952208612633,0.01670259734933946,True,0.0,2pct_UNFILTERED_early25pct
put,2013-08-02,2013-09-06,2013-09-04,early_25%,33,35,2.741690673828117,0.02,11.499809107202076,17.200287440974343,4.346913304335816,49.988673205418884,0.25272329426196943,0.016916114499666852,True,0.0,2pct_UNFILTERED_early25pct
put,2013-09-05,2013-10-11,2013-09-09,early_25%,4,36,2.6616610717773455,0.02,11.976826218006037,18.90179498918955,7.598556420346949,91.00658975420944,0.4020018429304079,0.030730501919552657,True,0.0,2pct_UNFILTERED_early25pct
put,2013-09-10,2013-10-17,2013-09-16,early_25%,6,37,2.708331298828128,0.02,11.750268965705192,18.723787391199824,8.327227280411238,97.84716028338983,0.4447405381416066,0.03303022092760511,True,0.0,2pct_UNFILTERED_early25pct
put,2013-09-17,2013-10-24,2013-09-18,early_25%,1,37,2.7436163330078074,0.02,11.60284715027774,18.967727074043943,9.579925357004008,111.15440962838741,0.5050644876746192,0.03751039129531549,True,0.0,2pct_UNFILTERED_early25pct
call,2013-08-27,2013-10-03,2013-09-24,early_25%,28,37,2.6194821166992313,0.02,12.020503435268113,16.22512127990855,6.2647153606224,75.30503251333847,0.3861120821562026,0.025495021044538265,True,0.0,2pct_UNFILTERED_early25pct
call,2013-09-25,2013-11-01,2013-10-08,early_25%,13,37,2.72427185058595,0.02,11.578431000789642,16.296391416113185,4.743309741377628,54.92008455591422,0.2910650352131112,0.01851909203857206,True,0.0,2pct_UNFILTERED_early25pct
put,2013-09-19,2013-10-25,2013-10-14,early_25%,25,36,2.7707189941406227,0.02,11.43626425173172,18.267503208122584,9.531205816257756,109.00138835236602,0.5217574458681216,0.036827835832716864,True,0.0,2pct_UNFILTERED_early25pct
put,2013-10-15,2013-11-21,2013-10-16,early_25%,1,37,2.7349102783203136,0.02,11.751359229496886,20.722778819174152,15.636518711397109,183.75034847637718,0.7545570431379173,0.061861087270505044,True,0.0,2pct_UNFILTERED_early25pct
put,2013-10-17,2013-11-22,2013-10-18,early_25%,1,36,2.791638488769536,0.02,11.414123189127327,18.599498621086468,5.869684502883265,66.99730199722119,0.315582942447101,0.022526813422939072,True,0.0,2pct_UNFILTERED_early25pct
put,2013-10-21,2013-11-27,2013-10-25,early_25%,4,37,2.8106558227539153,0.02,11.331086182905283,18.641004552597202,7.732848950751276,87.6215779003514,0.4148300553724117,0.02946693872141685,True,0.0,2pct_UNFILTERED_early25pct
put,2013-10-28,2013-12-04,2013-11-04,early_25%,7,37,2.8401473999023494,0.02,11.219029170130291,18.929477713064273,7.1936945596302735,80.70626910549962,0.3800260455504015,0.027137285935227188,True,0.0,2pct_UNFILTERED_early25pct
put,2013-11-05,2013-12-12,2013-11-06,early_25%,1,37,2.840792846679676,0.02,11.232334505162784,18.909146919714793,5.457399679296577,61.299338726227255,0.28861162814313207,0.020580747612228202,True,0.0,2pct_UNFILTERED_early25pct
call,2013-10-09,2013-11-15,2013-11-07,early_25%,29,37,2.668833618164058,0.02,11.815651509591497,16.813528855632477,8.613212976469846,101.77072290785901,0.5122787161711414,0.03444323081473382,True,0.0,2pct_UNFILTERED_early25pct
put,2013-11-07,2013-12-13,2013-11-08,early_25%,1,36,2.8191964721679597,0.02,11.337504135619286,19.036681429093726,11.25271331544538,127.5776837508002,0.591106877391344,0.042805030298284114,True,0.0,2pct_UNFILTERED_early25pct
put,2013-11-11,2013-12-18,2013-11-13,early_25%,2,37,2.857714538574214,0.02,11.176800952893647,18.544215789351867,4.68165781142463,52.32595748785279,0.2524591961506859,0.01751938853715239,True,0.0,2pct_UNFILTERED_early25pct
put,2013-11-14,2013-12-20,2013-11-21,early_25%,7,36,2.8891409301757847,0.02,11.050276584382965,18.522778391534974,5.2452873180468895,57.96187562897447,0.2831803743030267,0.019398875016755718,True,0.0,2pct_UNFILTERED_early25pct
call,2013-11-08,2013-12-13,2013-12-02,early_25%,24,35,2.8572317504882676,0.02,11.088302914413816,16.595543549605384,6.908475071622707,76.60326427082926,0.4162849533052492,0.02566988396225935,True,0.0,2pct_UNFILTERED_early25pct
put,2013-11-22,2013-12-27,2013-12-06,early_25%,14,35,2.913959350585941,0.02,10.952140375546183,18.48327677019467,4.8026646774108706,52.59945772368108,0.25983837915338903,0.017597808425344905,True,0.0,2pct_UNFILTERED_early25pct
call,2013-12-03,2014-01-09,2013-12-11,early_25%,8,37,2.896877136230472,0.02,10.984678939870918,17.48030736203347,5.784212681424323,63.53771922537605,0.330898797236678,0.021249284730621792,True,0.0,2pct_UNFILTERED_early25pct
put,2013-12-09,2014-01-15,2013-12-18,early_25%,9,37,2.9234680175781307,0.02,10.967901064507222,19.59760447301204,5.087343249329082,55.797477439830075,0.25959005634259474,0.018652092471667103,True,0.0,2pct_UNFILTERED_early25pct
put,2013-12-19,2014-01-24,2013-12-20,early_25%,1,36,2.9249188232421943,0.02,10.97798922123482,19.892610274111515,4.929830946099685,54.119630988792196,0.24782222534744103,0.01808453452213734,True,0.0,2pct_UNFILTERED_early25pct
put,2013-12-23,2014-01-29,2013-12-26,early_25%,3,37,2.957650146484383,0.02,10.83518519049142,19.537446058523813,8.820574498247575,95.57255817503841,0.4514701907212344,0.031932274331902544,True,0.0,2pct_UNFILTERED_early25pct
call,2013-12-12,2014-01-17,2014-01-06,early_25%,25,36,2.8707675170898312,0.02,11.08181705768267,17.512221796459094,10.2728630171703,113.8419886149153,0.586611061495774,0.03810910515750692,True,0.0,2pct_UNFILTERED_early25pct
put,2013-12-27,2014-01-31,2014-01-08,early_25%,12,35,2.979038391113278,0.02,10.73705880089122,19.039959530306476,4.897765800939398,52.58759939768039,0.2572361455466057,0.017563285027440773,True,0.0,2pct_UNFILTERED_early25pct
put,2014-01-09,2014-02-14,2014-01-10,early_25%,1,36,2.9756362915039176,0.02,10.788012699231329,19.438605986280393,4.707727936164238,50.78702875986589,0.24218444159457284,0.016926660832622672,True,0.0,2pct_UNFILTERED_early25pct
call,2014-01-07,2014-02-13,2014-01-13,early_25%,6,37,2.973042602539067,0.02,10.71135849037954,17.412793475604364,8.516745723629569,91.22591661720323,0.4891085244628717,0.03042874376150792,True,0.0,2pct_UNFILTERED_early25pct
put,2014-01-13,2014-02-19,2014-01-14,early_25%,1,37,2.9440386962890557,0.02,10.92355501064932,19.602772810619385,10.664454282085549,116.49375300891619,0.5440278467293315,0.03880790289981077,True,0.0,2pct_UNFILTERED_early25pct
call,2014-01-14,2014-02-20,2014-01-23,early_25%,9,37,2.976121520996088,0.02,10.708377894165835,17.17122556666808,4.38637019418981,46.970909623090066,0.2554488715531413,0.01564097740090224,True,0.0,2pct_UNFILTERED_early25pct
call,2014-01-24,2014-02-28,2014-01-27,early_25%,3,35,2.8986685180664153,0.02,11.051254611434576,18.08160022498464,5.098754149058333,56.34763030235208,0.2819857803300517,0.018760231172906126,True,0.0,2pct_UNFILTERED_early25pct
call,2014-01-28,2014-03-06,2014-02-04,early_25%,7,37,2.901584777832028,0.02,10.98141919276003,17.79859257997417,6.321717560622158,69.4214305514243,0.35518075556912,0.02321089816844738,True,0.0,2pct_UNFILTERED_early25pct
put,2014-01-15,2014-02-21,2014-02-11,early_25%,27,37,2.9921646118164062,0.02,10.734490176056843,19.238655231077047,4.920545370643421,52.819545942013775,0.2557634778284839,0.01757476937837085,True,0.0,2pct_UNFILTERED_early25pct
put,2014-02-12,2014-03-21,2014-02-14,early_25%,2,37,2.950196533203126,0.02,10.948490455451726,20.26435026084929,9.814651481926898,107.45561807346178,0.4843309237942258,0.03572142693021209,True,0.0,2pct_UNFILTERED_early25pct
put,2014-02-18,2014-03-27,2014-02-25,early_25%,7,37,2.9853582763671795,0.02,10.811953345367503,20.24888595817382,6.723782235543089,72.69721983510269,0.332056896830362,0.024161328573260504,True,0.0,2pct_UNFILTERED_early25pct
put,2014-02-26,2014-04-04,2014-02-28,early_25%,2,37,2.995242614746104,0.02,10.80063896894647,20.603049515641853,6.879346446705126,74.30133731316683,0.3338994279212075,0.024664120732836668,True,0.0,2pct_UNFILTERED_early25pct
put,2014-03-03,2014-04-09,2014-03-04,early_25%,1,37,2.9973498535156295,0.02,10.826598236958036,21.511740637327215,13.684393311129936,148.1554284961197,0.6361360311022322,0.04918493896937056,True,0.0,2pct_UNFILTERED_early25pct
call,2014-02-05,2014-03-14,2014-03-11,early_25%,34,37,2.8383917236328102,0.02,11.221597548835385,17.902270721320228,12.714494478913931,142.6769400792616,0.710216858902259,0.0478101925697843,True,0.0,2pct_UNFILTERED_early25pct
put,2014-03-05,2014-04-11,2014-03-18,early_25%,13,37,3.0422335815429733,0.02,10.629676994405674,20.647083650403204,6.071821294251482,64.54149912564746,0.2940764612116496,0.021411598360525405,True,0.0,2pct_UNFILTERED_early25pct
call,2014-03-12,2014-04-17,2014-03-19,early_25%,7,36,3.0346188354492085,0.02,10.58943814382144,18.23397526753515,4.514761962880868,47.80879254000482,0.24760162809473685,0.01582861224957776,True,0.0,2pct_UNFILTERED_early25pct
put,2014-03-19,2014-04-25,2014-03-20,early_25%,1,37,3.024571228027355,0.02,10.749251173087934,21.242909913687253,5.5708777518904355,59.88276420963774,0.26224645185267215,0.019810086036043985,True,0.0,2pct_UNFILTERED_early25pct
call,2014-03-20,2014-04-25,2014-03-24,early_25%,4,36,3.0422335815429733,0.02,10.572615069477138,18.2941959667355,5.241831244513685,55.419864007401486,0.286529741675718,0.0183326219837457,True,0.0,2pct_UNFILTERED_early25pct
put,2014-03-21,2014-04-25,2014-03-25,early_25%,4,35,3.0304336547851562,0.02,10.722144125152202,20.988214564087496,5.520321595887562,59.18968376829665,0.263020066763243,0.01957178083077219,True,0.0,2pct_UNFILTERED_early25pct
call,2014-03-25,2014-05-01,2014-03-27,early_25%,2,37,3.032223205566396,0.02,10.61084166438671,18.141634508101458,4.364607758847997,46.31216185628983,0.24058514445867085,0.015310078768734527,True,0.0,2pct_UNFILTERED_early25pct
put,2014-03-26,2014-05-02,2014-03-31,early_25%,5,37,3.010414733886705,0.02,10.80894823548289,21.038789946900575,12.5431406518559,135.57815801629152,0.5961911632519412,0.04479650158233003,True,0.0,2pct_UNFILTERED_early25pct
call,2014-03-28,2014-05-02,2014-04-07,early_25%,10,35,3.0188772583007903,0.02,10.666704889943922,18.063370916787406,7.7885876929880276,83.07856643055244,0.4311812966066933,0.027441576306471097,True,0.0,2pct_UNFILTERED_early25pct
call,2014-04-08,2014-05-15,2014-04-11,early_25%,3,37,3.0125308227539165,0.02,10.68663030198542,18.268421200504932,6.060481961400555,64.7661301733392,0.33174634495689453,0.021416291393252438,True,0.0,2pct_UNFILTERED_early25pct
put,2014-04-01,2014-05-08,2014-04-21,early_25%,20,37,3.063797912597664,0.02,10.58943445960581,20.27939642608743,9.905609380376902,104.89480131595772,0.4884568146039257,0.03462284414579507,True,0.0,2pct_UNFILTERED_early25pct
put,2014-04-22,2014-05-29,2014-04-30,early_25%,8,37,3.0579394531249875,0.02,10.629793046877651,20.301177847142252,5.312174935785066,56.467320196205826,0.2616683118478689,0.018607038570354253,True,0.0,2pct_UNFILTERED_early25pct
call,2014-04-14,2014-05-21,2014-05-02,early_25%,18,37,2.977376098632817,0.02,10.80193930194195,18.3251158274608,5.0190385788004175,54.2153500823071,0.2738885050472216,0.017962828026426663,True,0.0,2pct_UNFILTERED_early25pct
call,2014-05-05,2014-06-11,2014-05-09,early_25%,4,37,3.06656524658203,0.02,10.527058860980665,18.10031631785243,4.960288558931486,52.21724962732071,0.2740443024213411,0.017190025428532287,True,0.0,2pct_UNFILTERED_early25pct
put,2014-05-01,2014-06-06,2014-05-12,early_25%,11,36,3.065099182128904,0.02,10.608191414245043,20.269004838159255,14.816519392734515,157.17647381100147,0.7309939245186982,0.05176240956629959,True,0.0,2pct_UNFILTERED_early25pct
call,2014-05-12,2014-06-18,2014-05-15,early_25%,3,37,3.08886260986327,0.02,10.442665518225938,17.79918524197589,6.781973497280456,70.82188078557279,0.3810271877662411,0.02329877917093359,True,0.0,2pct_UNFILTERED_early25pct
put,2014-05-13,2014-06-19,2014-05-23,early_25%,10,37,3.0916278076171864,0.02,10.510341595514369,19.765374924333557,10.462910924794764,109.96876790303212,0.5293555505447893,0.036154128246311805,True,0.0,2pct_UNFILTERED_early25pct
put,2014-05-27,2014-07-03,2014-05-30,early_25%,3,37,3.1170184326171864,0.02,10.418973132251327,19.43700972810369,6.555192567363834,68.29837523609739,0.33725314022381625,0.02242894736293987,True,0.0,2pct_UNFILTERED_early25pct
put,2014-06-02,2014-07-09,2014-06-05,early_25%,3,37,3.1394760131835824,0.02,10.345203203318164,19.6345938327817,7.216623369277151,74.65743519698671,0.367546353682568,0.024520232493056966,True,0.0,2pct_UNFILTERED_early25pct
call,2014-05-16,2014-06-20,2014-06-12,early_25%,27,35,3.060542907714847,0.02,10.532625680216018,17.579266226084734,5.462731768113338,57.536908904962395,0.3107485658307822,0.018936584810840765,True,0.0,2pct_UNFILTERED_early25pct
put,2014-06-06,2014-07-11,2014-06-18,early_25%,12,35,3.179839477539076,0.02,10.178387035438035,18.87467216308866,11.768901211461653,119.78843151209227,0.6235287749514895,0.03934649364589246,True,0.0,2pct_UNFILTERED_early25pct
call,2014-06-13,2014-07-18,2014-06-30,early_25%,17,35,3.1594961547851597,0.02,10.221995763747499,18.024450753277183,6.97198396006381,71.26759050468777,0.38680701317881616,0.023401796107065057,True,0.0,2pct_UNFILTERED_early25pct
put,2014-06-19,2014-07-25,2014-07-01,early_25%,12,36,3.197741394042964,0.02,10.147238946494353,19.01735486555691,11.457117240180605,116.25810627411252,0.602455878915687,0.03809429355933565,True,0.0,2pct_UNFILTERED_early25pct
put,2014-07-02,2014-08-08,2014-07-03,early_25%,1,37,3.225329284667964,0.02,10.083039461525479,19.50335817997601,6.664605120611338,67.1994764266089,0.3417157732073982,0.02199325007887258,True,0.0,2pct_UNFILTERED_early25pct
call,2014-07-01,2014-08-07,2014-07-08,early_25%,7,37,3.2220590209960847,0.02,10.039653953754534,17.999194596376856,4.749831911501936,47.686668729979864,0.2638913583643377,0.015613830314545179,True,0.0,2pct_UNFILTERED_early25pct
put,2014-07-07,2014-08-13,2014-07-16,early_25%,9,37,3.2299087524414176,0.02,10.088063405556518,19.98653957387806,8.722537698786528,87.99351336271553,0.43642060530511656,0.02878684121628739,True,0.0,2pct_UNFILTERED_early25pct
put,2014-07-17,2014-08-22,2014-07-18,early_25%,1,36,3.200473327636729,0.02,10.26909082782441,22.0116398414801,15.275730399103555,156.86786292975285,0.6939842060434326,0.051254701238390064,True,0.0,2pct_UNFILTERED_early25pct
call,2014-07-09,2014-08-15,2014-07-21,early_25%,12,37,3.223530883789067,0.02,10.04860251148137,18.285111277161388,4.12503169468544,41.45080384715636,0.22559511025988227,0.013566149694563684,True,0.0,2pct_UNFILTERED_early25pct
put,2014-07-21,2014-08-27,2014-07-22,early_25%,1,37,3.2271292114257903,0.02,10.158434593284541,21.150431894822823,5.659089300360197,57.48748851526544,0.2675637702578273,0.01876589264956899,True,0.0,2pct_UNFILTERED_early25pct
call,2014-07-22,2014-08-28,2014-07-28,early_25%,6,37,3.2411917114257847,0.02,10.02970282636353,18.681707190770222,4.176301998782536,41.88706796093687,0.22355034024116685,0.013673181883940311,True,0.0,2pct_UNFILTERED_early25pct
call,2014-07-29,2014-09-04,2014-08-01,early_25%,3,37,3.2207507324218625,0.02,10.110163314963382,19.006566368682133,3.945100876365924,39.88561415406465,0.20756515405467563,0.013017191779720433,True,0.0,2pct_UNFILTERED_early25pct
call,2014-08-04,2014-09-10,2014-08-07,early_25%,3,37,3.1707092285156193,0.02,10.24284827456715,19.28801844141598,5.415259687105907,55.467683342405785,0.2807576995819359,0.01818526049315207,True,0.0,2pct_UNFILTERED_early25pct
call,2014-08-08,2014-09-12,2014-08-12,early_25%,4,35,3.160080261230462,0.02,10.273121222856533,19.28108443885568,6.201458988073723,63.70833994305456,0.32163434622880455,0.020899548092515305,True,0.0,2pct_UNFILTERED_early25pct
put,2014-07-23,2014-08-29,2014-08-18,early_25%,26,37,3.2483874511718795,0.02,10.061953393267412,20.26473176954473,14.47631825498028,145.66003958771782,0.7143602204859337,0.04752972223686364,True,0.0,2pct_UNFILTERED_early25pct
put,2014-08-19,2014-09-25,2014-08-21,early_25%,2,37,3.2442993164062557,0.02,10.111892022380923,20.804804540315107,7.06716980524355,71.4624579744536,0.3396893151074281,0.023275971500569273,True,0.0,2pct_UNFILTERED_early25pct
put,2014-08-22,2014-09-26,2014-08-25,early_25%,3,35,3.257382202148449,0.02,10.040420422100981,20.00531930863679,4.679832889506024,46.987489715816125,0.2339294273341403,0.015306932540249209,True,0.0,2pct_UNFILTERED_early25pct
put,2014-08-26,2014-10-02,2014-09-05,early_25%,10,37,3.2760244750976426,0.02,9.999621973578112,20.531180432798656,7.704992673895941,77.04701404814821,0.37528249771684724,0.025091871171276762,True,0.0,2pct_UNFILTERED_early25pct
call,2014-08-13,2014-09-19,2014-09-09,early_25%,27,37,3.186245422363271,0.02,10.203686189969194,18.653338241955943,9.255777477348342,94.44304882304718,0.49619951974761406,0.030855553313450794,True,0.0,2pct_UNFILTERED_early25pct
put,2014-09-08,2014-10-15,2014-09-17,early_25%,9,37,3.2802758789062523,0.02,10.025799986791329,21.385722665963108,6.249018687233171,62.651411471921094,0.29220516813205133,0.020378882976904697,True,0.0,2pct_UNFILTERED_early25pct
call,2014-09-10,2014-10-17,2014-09-22,early_25%,12,37,3.271772766113287,0.02,9.982863608863116,19.145630073926572,6.630276015473562,66.18914115158897,0.3463075380581487,0.021524658553771336,True,0.0,2pct_UNFILTERED_early25pct
call,2014-09-23,2014-10-30,2014-10-01,early_25%,8,37,3.2532214355468625,0.02,10.06744985698339,19.73900348134548,10.857951734045656,109.3118846320505,0.5500759825239941,0.03553190706607609,True,0.0,2pct_UNFILTERED_early25pct
call,2014-10-02,2014-11-07,2014-10-13,early_25%,11,36,3.193582763671884,0.02,10.232450509755402,19.622010068265865,6.941336402637059,71.0268812115473,0.3537525655367536,0.023158146621185198,True,0.0,2pct_UNFILTERED_early25pct
call,2014-10-14,2014-11-20,2014-10-20,early_25%,6,37,3.0838327026367267,0.02,10.54481454461671,19.518285988766372,5.282383933504066,55.7017589322633,0.27063769516156844,0.018286688318293852,True,0.0,2pct_UNFILTERED_early25pct
put,2014-09-18,2014-10-24,2014-10-23,early_25%,35,36,3.3003903198242313,0.02,9.960939773969356,20.884955001737453,17.1071235719039,170.4030276055863,0.8191123021563003,0.05533526757589118,True,0.0,2pct_UNFILTERED_early25pct
put,2014-10-24,2014-11-28,2014-10-28,early_25%,4,35,3.2272625732422,0.02,10.299683603051717,22.983735332458615,14.106633675112384,145.29386355781222,0.6137659293000295,0.047062504116450035,True,0.0,2pct_UNFILTERED_early25pct
put,2014-10-29,2014-12-05,2014-10-30,early_25%,1,37,3.2548654174804597,0.02,10.20889894739191,22.8780603210847,6.528670203870615,66.65053437216365,0.2853681698641957,0.021574643820571168,True,0.0,2pct_UNFILTERED_early25pct
put,2014-10-31,2014-12-05,2014-11-06,early_25%,6,35,3.313189392089839,0.02,9.99920787253189,22.322225815334157,10.639828937234316,106.389861271586,0.47664731220151585,0.034433469600304745,True,0.0,2pct_UNFILTERED_early25pct
put,2014-11-07,2014-12-12,2014-11-10,early_25%,3,35,3.34079162597655,0.02,9.890810199594748,21.860847205965346,5.759849042571837,56.96957365839557,0.26347785098649334,0.0184481459242578,True,0.0,2pct_UNFILTERED_early25pct
put,2014-11-11,2014-12-18,2014-11-18,early_25%,7,37,3.3545913696289062,0.02,9.8603177033314,22.069419621240005,5.7984217471225605,57.174280604534374,0.2627355792148723,0.01850227185597557,True,0.0,2pct_UNFILTERED_early25pct
put,2014-11-19,2014-12-26,2014-11-21,early_25%,2,37,3.3716796875000057,0.02,9.835711361054452,22.93096614563042,10.273306988833083,101.04528226566565,0.44801021132686547,0.032692862087178684,True,0.0,2pct_UNFILTERED_early25pct
call,2014-10-21,2014-11-26,2014-11-25,early_25%,35,36,3.1884884643554585,0.02,10.211684817794545,19.573694524696016,6.637296292120494,67.77797777745087,0.3390926676487291,0.022177906350533433,True,0.0,2pct_UNFILTERED_early25pct
put,2014-11-24,2014-12-31,2014-12-03,early_25%,9,37,3.405194396972661,0.02,9.715024460822045,22.16852104640671,8.927402136988151,86.72993013243489,0.40270625714272407,0.028042646067495656,True,0.0,2pct_UNFILTERED_early25pct
call,2014-11-26,2015-01-02,2014-12-04,early_25%,8,37,3.4114382934570244,0.02,9.641643010144563,19.576743405336863,4.568482798205057,44.04768023827946,0.23336275618546606,0.01420693534241959,True,0.0,2pct_UNFILTERED_early25pct
call,2014-12-05,2015-01-09,2014-12-15,early_25%,10,35,3.4173526000976437,0.02,9.623823332952298,19.338917961420275,8.782772835291828,84.52385414030111,0.4541501676987728,0.027242160315748342,True,0.0,2pct_UNFILTERED_early25pct
put,2014-12-04,2015-01-09,2014-12-22,early_25%,18,36,3.4117669677734455,0.02,9.716769798514983,21.88160933278126,8.744437093063068,84.96768225088937,0.3996249526291861,0.027386694743874805,True,0.0,2pct_UNFILTERED_early25pct
put,2014-12-23,2015-01-29,2014-12-29,early_25%,6,37,3.432084655761713,0.02,9.720441728698104,23.90281255013036,5.982456264714141,58.15211751563873,0.2502825243752127,0.018735829472540665,True,0.0,2pct_UNFILTERED_early25pct
call,2014-12-16,2015-01-22,2015-01-05,early_25%,20,37,3.251578369140617,0.02,10.124675000575031,20.568127913172198,12.891492730284412,130.52217416640534,0.626770349966001,0.04232412438545901,True,0.0,2pct_UNFILTERED_early25pct
call,2015-01-06,2015-02-12,2015-01-15,early_25%,9,37,3.301079101562493,0.02,10.02329583742823,20.874947540133913,4.426598327225808,44.369104587249204,0.21205314737751005,0.014314768677235185,True,0.0,2pct_UNFILTERED_early25pct
put,2014-12-30,2015-02-05,2015-01-22,early_25%,23,37,3.4296066284179574,0.02,9.753741293767765,24.567847489527146,15.485183524296128,151.0384739824994,0.6303028187918049,0.04863546781720995,True,0.0,2pct_UNFILTERED_early25pct
call,2015-01-16,2015-02-20,2015-01-23,early_25%,7,35,3.3309805297851653,0.02,9.920758572996574,21.03788728835606,6.026336430456352,59.78582880621143,0.28645159791267527,0.01931145686963393,True,0.0,2pct_UNFILTERED_early25pct
put,2015-01-23,2015-02-27,2015-01-26,early_25%,3,35,3.3861575317382915,0.02,9.912595430582016,24.420941076676694,6.839636395040859,67.79854847632447,0.28007259726665806,0.02176877571398591,True,0.0,2pct_UNFILTERED_early25pct
put,2015-01-27,2015-03-05,2015-02-03,early_25%,7,37,3.3493176269531375,0.02,10.044490042909867,24.68849679111149,10.702380022647471,107.49994957292,0.43349662448872184,0.03449673594511534,True,0.0,2pct_UNFILTERED_early25pct
put,2015-02-04,2015-03-13,2015-02-05,early_25%,1,37,3.371123657226576,0.02,10.006194142375325,25.39111863576693,10.74302962715174,107.4968401265703,0.42310186413050294,0.03446357836543999,True,0.0,2pct_UNFILTERED_early25pct
call,2015-01-26,2015-03-04,2015-02-09,early_25%,14,37,3.3940875244140614,0.02,9.774963404135542,20.751713823901614,5.495321581510389,53.716567353220306,0.2648129030760309,0.01724525403660272,True,0.0,2pct_UNFILTERED_early25pct
put,2015-02-06,2015-03-13,2015-02-10,early_25%,4,35,3.3957385253906125,0.02,9.916079198376758,24.824157032095744,6.320667996338745,62.67624443834033,0.2546176286335364,0.020081569852380896,True,0.0,2pct_UNFILTERED_early25pct
put,2015-02-11,2015-03-20,2015-02-12,early_25%,1,37,3.4185375976562398,0.02,9.85768087091573,25.062816169066505,11.846604826210406,116.7800497806323,0.4726765239108262,0.037395654975848694,True,0.0,2pct_UNFILTERED_early25pct
put,2015-02-13,2015-03-20,2015-02-20,early_25%,7,35,3.4656201171875125,0.02,9.682920723023333,23.800021905666473,11.584746474146842,112.17418170548794,0.4867536055245674,0.03589253641934635,True,0.0,2pct_UNFILTERED_early25pct
put,2015-02-23,2015-04-01,2015-02-24,early_25%,1,37,3.4892449951171898,0.02,9.63116277119772,24.142601868826727,5.365740734017013,51.678322397363786,0.22225196617872967,0.016521058510215403,True,0.0,2pct_UNFILTERED_early25pct
call,2015-02-10,2015-03-19,2015-02-24,early_25%,14,37,3.416555175781241,0.02,9.738221502903318,21.243262392381563,5.711993225270199,55.62465525076433,0.2688849348920475,0.017827012334340846,True,0.0,2pct_UNFILTERED_early25pct
call,2015-02-25,2015-04-02,2015-02-27,early_25%,2,36,3.4961828613281227,0.02,9.518005101362045,20.78253474008688,5.992710494833112,57.03864906080742,0.2883532047356058,0.018224023602823148,True,0.0,2pct_UNFILTERED_early25pct
put,2015-02-25,2015-04-02,2015-03-02,early_25%,5,36,3.4961828613281227,0.02,9.599016692872882,23.557767705955744,7.6301535759178485,73.24197154441913,0.3238911967872421,0.023401034914411086,True,0.0,2pct_UNFILTERED_early25pct
call,2015-03-02,2015-04-08,2015-03-06,early_25%,4,37,3.5021304321288937,0.02,9.496796731289436,20.564679306668925,9.461558617348803,89.8544989501415,0.4600878271065726,0.02870197353699126,True,0.0,2pct_UNFILTERED_early25pct
call,2015-03-09,2015-04-15,2015-03-10,early_25%,1,37,3.4421597290039188,0.02,9.676725276692869,20.922520841204907,4.809196377052199,46.53727214240079,0.22985740645462502,0.014875638050880645,True,0.0,2pct_UNFILTERED_early25pct
put,2015-03-03,2015-04-09,2015-03-18,early_25%,15,37,3.4877575683593705,0.02,9.633939580728285,23.64939139290967,8.853028351269128,85.28954024260132,0.3743448701992118,0.027229499949060463,True,0.0,2pct_UNFILTERED_early25pct
put,2015-03-19,2015-04-24,2015-03-20,early_25%,1,36,3.46099395751952,0.02,9.71612120566986,23.482916151711443,11.055656982930556,107.41810325446363,0.4707957440849958,0.034268729844891384,True,0.0,2pct_UNFILTERED_early25pct
call,2015-03-11,2015-04-17,2015-03-25,early_25%,14,37,3.3783932495117313,0.02,9.857929987688223,20.94407789645135,8.944851763107845,88.1777224309667,0.4270826248513625,0.028226525472511234,True,0.0,2pct_UNFILTERED_early25pct
call,2015-03-26,2015-05-01,2015-04-01,early_25%,6,36,3.4062509155273517,0.02,9.796370732868652,20.844201889286854,4.514997620905046,44.230590552405786,0.21660688400958095,0.01411903514827553,True,0.0,2pct_UNFILTERED_early25pct
put,2015-03-23,2015-04-29,2015-04-09,early_25%,17,37,3.4847409057617256,0.02,9.647272838548819,23.30067073910034,10.663317543081362,102.87193370218995,0.4576399393167461,0.03279270965143525,True,0.0,2pct_UNFILTERED_early25pct
put,2015-04-10,2015-05-15,2015-04-16,early_25%,6,35,3.4854031372070438,0.02,9.63937590933035,22.375579339921902,4.94946692242824,47.70977221608221,0.22119949822249005,0.015174745767118901,True,0.0,2pct_UNFILTERED_early25pct
call,2015-04-02,2015-05-08,2015-04-17,early_25%,15,36,3.4256658935546795,0.02,9.739518571563108,20.647792811093062,10.72821203371328,104.48762034201732,0.519581542291994,0.033325832939470654,True,0.0,2pct_UNFILTERED_early25pct
put,2015-04-17,2015-05-22,2015-04-20,early_25%,3,35,3.450723266601557,0.02,9.771426632704376,23.149886482447382,10.978553089847908,107.27612605069876,0.47423788009379764,0.03410309975218722,True,0.0,2pct_UNFILTERED_early25pct
put,2015-04-21,2015-05-28,2015-04-22,early_25%,1,37,3.478103332519538,0.02,9.698085327876663,23.136145324589965,6.242835614534002,60.543552477658096,0.2698304115465112,0.01922800101352883,True,0.0,2pct_UNFILTERED_early25pct
call,2015-04-20,2015-05-27,2015-04-30,early_25%,10,37,3.482251281738286,0.02,9.602937725158252,20.55801936106939,8.409201320119996,80.75303659543088,0.40904725170385114,0.025663855461688458,True,0.0,2pct_UNFILTERED_early25pct
put,2015-04-23,2015-05-29,2015-05-04,early_25%,11,36,3.5039898681640693,0.02,9.60864700555227,22.556658010199186,7.109562803659495,68.3132793441686,0.3151868863040281,0.02168592088016206,True,0.0,2pct_UNFILTERED_early25pct
call,2015-05-01,2015-06-05,2015-05-06,early_25%,5,35,3.4966882324218886,0.02,9.551948175320552,20.21416561733137,4.288041509565481,40.95915027299279,0.21213052226548337,0.01301557410200033,True,0.0,2pct_UNFILTERED_early25pct
put,2015-05-05,2015-06-11,2015-05-08,early_25%,3,37,3.46648712158202,0.02,9.76612237734594,23.817446077833292,15.803564571726325,154.33954560576797,0.6635289325346506,0.048953017356726636,True,0.0,2pct_UNFILTERED_early25pct
call,2015-05-07,2015-06-12,2015-05-13,early_25%,6,36,3.4659899902343625,0.02,9.681926485799401,21.03013712128744,4.607504632003469,44.609521130037805,0.21909056538388386,0.014152166165658297,True,0.0,2pct_UNFILTERED_early25pct
put,2015-05-11,2015-06-17,2015-05-14,early_25%,3,37,3.494863281249991,0.02,9.688287016900233,23.69041759317791,11.879529798900878,115.0922943175708,0.5014487293090945,0.03646310286556091,True,0.0,2pct_UNFILTERED_early25pct
put,2015-05-15,2015-06-19,2015-05-21,early_25%,6,35,3.525229492187492,0.02,9.574100729570773,22.46316969909995,9.49851361726697,90.93972615291364,0.42284832214251383,0.02877816143212173,True,0.0,2pct_UNFILTERED_early25pct
call,2015-05-14,2015-06-19,2015-05-22,early_25%,8,36,3.521413574218741,0.02,9.519755944134225,20.461409469112983,5.626079968039935,53.558908217922664,0.2749605288204923,0.016962375937303327,True,0.0,2pct_UNFILTERED_early25pct
call,2015-05-26,2015-07-02,2015-06-04,early_25%,9,37,3.496356811523441,0.02,9.622462648168707,20.93274997522511,6.620843164387505,63.70881604870188,0.3162911309896494,0.020142330768629247,True,0.0,2pct_UNFILTERED_early25pct
call,2015-06-05,2015-07-10,2015-06-09,early_25%,4,35,3.480924377441397,0.02,9.654505450496291,20.75731512772863,6.165489936712252,59.52475619896847,0.2970273322331601,0.01883540601274647,True,0.0,2pct_UNFILTERED_early25pct
put,2015-05-22,2015-06-26,2015-06-11,early_25%,20,35,3.534356384277345,0.02,9.550959765065391,22.305504482960036,9.841103659143903,93.99198509232122,0.44119619292457024,0.029719746559777587,True,0.0,2pct_UNFILTERED_early25pct
put,2015-06-12,2015-07-17,2015-06-18,early_25%,6,35,3.484905395507809,0.02,9.73931821268398,23.299708249735808,15.439290143434496,150.36815968486383,0.6626387754709143,0.04747763053977862,True,0.0,2pct_UNFILTERED_early25pct
put,2015-06-19,2015-07-24,2015-06-22,early_25%,3,35,3.5151974487304756,0.02,9.668473097151038,23.633001285581614,10.76392742119318,104.07074269149261,0.45546172029196325,0.03282818726802791,True,0.0,2pct_UNFILTERED_early25pct
call,2015-06-10,2015-07-17,2015-06-23,early_25%,13,37,3.5005047607421886,0.02,9.592954475504616,20.63235139504556,7.175212679333514,68.8314885849099,0.34776514522995644,0.021781475097405745,True,0.0,2pct_UNFILTERED_early25pct
call,2015-06-24,2015-07-31,2015-07-01,early_25%,7,37,3.510028686523441,0.02,9.608711826555995,20.705314755919208,5.489041839651376,52.742621241118854,0.2651030377638754,0.016618475598437637,True,0.0,2pct_UNFILTERED_early25pct
call,2015-07-02,2015-08-07,2015-07-10,early_25%,8,36,3.4568362426757915,0.02,9.757764931583253,21.37324413363818,4.9282857662764705,48.089054022993444,0.23058201812798793,0.015196201133744399,True,0.0,2pct_UNFILTERED_early25pct
put,2015-06-23,2015-07-30,2015-07-14,early_25%,21,37,3.535707702636728,0.02,9.58790770497676,22.587102300941236,7.5782567792007764,72.65962656359149,0.33551257165400006,0.022896165317903484,True,0.0,2pct_UNFILTERED_early25pct
put,2015-07-15,2015-08-21,2015-07-16,early_25%,1,37,3.5118624877929676,0.02,9.69064633559975,23.345404672743836,11.338751670608632,109.87983232705908,0.4856952290849265,0.034586147133404084,True,0.0,2pct_UNFILTERED_early25pct
call,2015-07-13,2015-08-19,2015-07-21,early_25%,8,37,3.4978561401367188,0.02,9.629749478292991,20.88407206110475,4.629791968299454,44.58373679133675,0.22169009735041786,0.01407652861951965,True,0.0,2pct_UNFILTERED_early25pct
call,2015-07-22,2015-08-28,2015-07-24,early_25%,2,37,3.5245352172851483,0.02,9.572060428583471,20.252270664003863,6.755177605898204,64.66096824947144,0.3335516159136059,0.020334594118028772,True,0.0,2pct_UNFILTERED_early25pct
call,2015-07-27,2015-09-02,2015-08-04,early_25%,8,37,3.4481634521484352,0.02,9.803214856529056,21.102512145912744,5.4655070919560504,53.57954032232847,0.2589979360829152,0.01688376131517444,True,0.0,2pct_UNFILTERED_early25pct
call,2015-08-05,2015-09-11,2015-08-07,early_25%,2,37,3.5028585815429665,0.02,9.642194168005663,20.32460842888601,5.121775598207886,49.38515480287379,0.2519987342500852,0.015522354829453942,True,0.0,2pct_UNFILTERED_early25pct
put,2015-07-17,2015-08-21,2015-08-10,early_25%,24,35,3.543044738769538,0.02,9.572795392507038,22.200870219443118,14.672729859438874,140.45904079393688,0.6609078704756701,0.04418118231132011,True,0.0,2pct_UNFILTERED_early25pct
put,2015-08-11,2015-09-17,2015-08-14,early_25%,3,37,3.4795132446289188,0.02,9.820620728668308,23.485873624277357,7.940827264434276,77.9838528358777,0.3381107891266961,0.02447356796820859,True,0.0,2pct_UNFILTERED_early25pct
call,2015-08-10,2015-09-16,2015-08-14,early_25%,4,37,3.5111956787109477,0.02,9.612119544082999,20.232826836208158,4.395707754036778,42.2520684126541,0.21725623362575958,0.013284629478620668,True,0.0,2pct_UNFILTERED_early25pct
call,2015-08-17,2015-09-23,2015-08-25,early_25%,8,37,3.5115289306640705,0.02,9.647979728372249,20.611086985147736,7.749619201056804,74.7681689544004,0.37599274636224417,0.02344520135874027,True,0.0,2pct_UNFILTERED_early25pct
call,2015-08-26,2015-10-02,2015-09-01,early_25%,6,37,3.2425656127929585,0.02,10.3399631353379,20.0234150373216,4.042288991377246,41.79711915322295,0.20187810040609117,0.013286813226334581,True,0.0,2pct_UNFILTERED_early25pct
call,2015-09-02,2015-10-09,2015-09-10,early_25%,8,37,3.258407897949212,0.02,10.315572205670497,20.499930081906907,6.111987681072478,63.04865024427173,0.29814675741098623,0.02001693349136782,True,0.0,2pct_UNFILTERED_early25pct
call,2015-09-11,2015-10-16,2015-09-18,early_25%,7,35,3.280585021972655,0.02,10.267609294603812,20.769240444858628,6.429301546293374,66.01355631453251,0.3095588191278767,0.020922636572551872,True,0.0,2pct_UNFILTERED_early25pct
put,2015-08-17,2015-09-23,2015-09-23,expired,37,37,3.5115289306640705,0.02,9.723566706582972,23.180582011811346,-327.9723110545957,-3189.060644451541,-14.148579655484143,-1.0,False,327.9723110545957,2pct_UNFILTERED_early25pct
call,2015-09-21,2015-10-28,2015-09-28,early_25%,7,37,3.292946472167955,0.02,10.221900023747938,20.780640617849315,7.32578196914816,74.8834108844078,0.35252916904090803,0.023745378856238883,True,0.0,2pct_UNFILTERED_early25pct
put,2015-09-24,2015-10-30,2015-10-02,early_25%,8,36,3.2332748413085994,0.02,10.536678318228805,26.1907705108933,16.45786119010787,173.41118916622892,0.6283840020385308,0.05538817801948643,True,0.0,2pct_UNFILTERED_early25pct
put,2015-10-05,2015-11-11,2015-10-07,early_25%,2,37,3.326636962890632,0.02,10.205278401682936,25.589756707148904,6.228738858877026,63.56601414622093,0.24340750598605454,0.0202841663065174,True,0.0,2pct_UNFILTERED_early25pct
put,2015-10-08,2015-11-13,2015-10-12,early_25%,4,36,3.37256317138673,0.02,10.030928164507463,24.843155996256144,7.087199440625749,71.09118847645436,0.28527774175285087,0.02268534211141948,True,0.0,2pct_UNFILTERED_early25pct
put,2015-10-13,2015-11-19,2015-10-15,early_25%,2,37,3.3564721679687466,0.02,10.09377310143348,24.96566702417879,12.40163573198143,125.17929716525049,0.4967476222434063,0.03991751599364316,True,0.0,2pct_UNFILTERED_early25pct
put,2015-10-16,2015-11-20,2015-10-22,early_25%,6,35,3.4070910644531125,0.02,9.898005458407141,23.628404784257697,13.001066493293868,128.6846271157369,0.550230394815132,0.04100238969191976,True,0.0,2pct_UNFILTERED_early25pct
put,2015-10-23,2015-11-27,2015-10-28,early_25%,5,35,3.4781604003906352,0.02,9.691646104890705,23.73170644609916,9.058135526021893,87.7882438883422,0.38168917800307617,0.027949933357156696,True,0.0,2pct_UNFILTERED_early25pct
put,2015-10-29,2015-12-04,2015-11-02,early_25%,4,36,3.500285034179683,0.02,9.626907148530433,24.120667316321747,9.788219891353672,94.23028404346044,0.40580220119906346,0.030033705259854045,True,0.0,2pct_UNFILTERED_early25pct
call,2015-09-29,2015-11-05,2015-11-05,early_25%,37,37,3.1531549072265648,0.02,10.57290051158146,19.788473773198433,19.788473773198433,209.22156448006604,1.0,0.06695994828988078,True,0.0,2pct_UNFILTERED_early25pct
call,2015-11-06,2015-12-11,2015-11-11,early_25%,5,35,3.520565795898449,0.02,9.514493712882285,21.036953191850735,5.336200422794732,50.77124537336027,0.2536584254445108,0.0161204955756275,True,0.0,2pct_UNFILTERED_early25pct
put,2015-11-03,2015-12-10,2015-11-23,early_25%,20,37,3.536656799316404,0.02,9.540390726179156,24.45711410124228,6.455081257533969,61.58399736610996,0.2639347075379629,0.01960787758134915,True,0.0,2pct_UNFILTERED_early25pct
call,2015-11-12,2015-12-18,2015-11-25,early_25%,13,36,3.4334069824218716,0.02,9.779565797944821,21.481455821402072,5.51716946822318,53.95552183290083,0.25683405790060093,0.017141559853080957,True,0.0,2pct_UNFILTERED_early25pct
put,2015-11-24,2015-12-31,2015-12-01,early_25%,7,37,3.509001464843749,0.02,9.680925541694462,25.142511701672753,13.62700103938582,131.92198241888718,0.5419904423661541,0.0418317165412739,True,0.0,2pct_UNFILTERED_early25pct
call,2015-11-27,2015-12-31,2015-12-03,early_25%,6,34,3.5125201416015557,0.02,9.557322029012935,21.18270009877477,7.725963495328003,73.8395211092481,0.3647298719852471,0.023407094104759028,True,0.0,2pct_UNFILTERED_early25pct
put,2015-12-02,2016-01-08,2015-12-04,early_25%,2,37,3.4952563476562375,0.02,9.728046402144521,25.032222069860822,8.455344291651652,82.25398161529507,0.337778414878798,0.026057059899638628,True,0.0,2pct_UNFILTERED_early25pct
call,2015-12-04,2016-01-08,2015-12-14,early_25%,10,35,3.5135260009765545,0.02,9.547932637234883,21.157414427508815,6.269268755945729,59.858555766491165,0.2963154490084782,0.01898655409897014,True,0.0,2pct_UNFILTERED_early25pct
call,2015-12-15,2016-01-21,2015-12-17,early_25%,2,37,3.4365921020507812,0.02,9.78178745012142,21.726041530328814,5.0777371632708075,49.66934565869753,0.23371662786257955,0.015772643695502127,True,0.0,2pct_UNFILTERED_early25pct
put,2015-12-07,2016-01-13,2015-12-23,early_25%,16,37,3.492239379882818,0.02,9.744157603299637,24.96917498217972,10.297234550627609,100.33787633945774,0.4123978688914093,0.03175661771368899,True,0.0,2pct_UNFILTERED_early25pct
put,2015-12-24,2016-01-29,2015-12-29,early_25%,5,36,3.4680044555664153,0.02,9.818396771388525,24.61011957686276,7.769582206465067,76.28484085099434,0.31570680435740955,0.024114883595085655,True,0.0,2pct_UNFILTERED_early25pct
call,2015-12-18,2016-01-22,2015-12-31,early_25%,13,35,3.3725704956054585,0.02,9.991354073893529,21.287082281748404,5.704074125572699,56.991424252331456,0.26795941548379254,0.01805258320813663,True,0.0,2pct_UNFILTERED_early25pct
call,2016-01-04,2016-02-10,2016-01-06,early_25%,2,37,3.3894311523437466,0.02,9.963525955872548,21.418005011870882,5.351772250196799,53.32252172475424,0.24987258370845422,0.016854642602742748,True,0.0,2pct_UNFILTERED_early25pct
call,2016-01-07,2016-02-12,2016-01-11,early_25%,4,36,3.2719091796874977,0.02,10.297661381599033,20.663863772226748,6.2576969041427315,64.43964374754243,0.3028328570648721,0.0204148273976846,True,0.0,2pct_UNFILTERED_early25pct
call,2016-01-12,2016-02-18,2016-01-19,early_25%,7,37,3.2653329467773347,0.02,10.275541605186662,20.668377221736677,8.511665091939129,87.46196878163548,0.41182067661255556,0.02782818363980452,True,0.0,2pct_UNFILTERED_early25pct
call,2016-01-20,2016-02-26,2016-01-27,early_25%,7,37,3.130274353027346,0.02,10.682262102719447,19.587524870954464,5.523622713235307,59.00478557931388,0.2819969725437878,0.01882369274550149,True,0.0,2pct_UNFILTERED_early25pct
put,2015-12-30,2016-02-05,2016-02-05,expired,37,37,3.4722195434570438,0.02,9.840601536690876,25.631102215616718,-321.5908521300877,-3164.647433657069,-12.546899053531389,-1.0000000000000002,False,321.5908521300877,2pct_UNFILTERED_early25pct
call,2016-01-28,2016-03-04,2016-02-05,early_25%,8,36,3.188614807128914,0.02,10.487178486568714,20.18388920465909,5.179117473131743,54.314329343639336,0.2565966063634672,0.01734016083020742,True,0.0,2pct_UNFILTERED_early25pct
put,2016-02-08,2016-03-16,2016-02-16,early_25%,8,37,3.126397399902345,0.02,10.854839464999765,26.15182001386121,17.877524992921902,194.05766382968832,0.6836053851489611,0.06240236933688605,True,0.0,2pct_UNFILTERED_early25pct
put,2016-02-17,2016-03-24,2016-02-22,early_25%,5,36,3.2521807861328114,0.02,10.40201598552179,25.9565165063266,15.297877290067198,159.12876411582977,0.5893655755516546,0.05111875104294154,True,0.0,2pct_UNFILTERED_early25pct
put,2016-02-23,2016-03-31,2016-02-25,early_25%,2,37,3.242738647460925,0.02,10.430788292346405,25.50816583851131,14.032586131615032,146.3709351329926,0.5501213305752128,0.04696853147106358,True,0.0,2pct_UNFILTERED_early25pct
call,2016-02-08,2016-03-16,2016-02-29,early_25%,21,37,3.126397399902345,0.02,10.614856810967634,19.674847916315986,8.426763783718545,89.44889094402019,0.4283013428901977,0.02876373248707348,True,0.0,2pct_UNFILTERED_early25pct
put,2016-02-26,2016-04-01,2016-03-01,early_25%,4,35,3.289443664550788,0.02,10.270507787728775,25.1934663144925,16.310904127049874,167.52126786176314,0.6474259605025868,0.053698290670087336,True,0.0,2pct_UNFILTERED_early25pct
put,2016-03-02,2016-04-08,2016-03-04,early_25%,2,37,3.3553710937499943,0.02,10.051100718396864,24.666771715762007,5.671350200603289,57.00331207556391,0.2299186235618871,0.0182434588108563,True,0.0,2pct_UNFILTERED_early25pct
put,2016-03-07,2016-04-13,2016-03-11,early_25%,4,37,3.382180786132807,0.02,9.97688308273072,24.99691269012974,11.75288943394876,117.25720376676801,0.47017364022675867,0.037522653998524294,True,0.0,2pct_UNFILTERED_early25pct
put,2016-03-14,2016-04-20,2016-03-16,early_25%,2,37,3.4143853759765648,0.02,9.881945851334303,25.011231824053514,10.193892999937228,100.73549863967548,0.40757260864431616,0.032215592061548386,True,0.0,2pct_UNFILTERED_early25pct
put,2016-03-17,2016-04-22,2016-03-21,early_25%,4,36,3.4503002929687625,0.02,9.742513954488285,23.663080956382135,8.88772612262997,86.58879577339255,0.37559462941502025,0.027656005598974243,True,0.0,2pct_UNFILTERED_early25pct
call,2016-03-01,2016-04-07,2016-03-23,early_25%,22,37,3.3403652954101517,0.02,9.961269803457343,20.841011371004512,8.630570629580133,85.9714425990424,0.41411476995725804,0.027556494677855623,True,0.0,2pct_UNFILTERED_early25pct
put,2016-03-22,2016-04-28,2016-03-29,early_25%,7,37,3.4669082641601676,0.02,9.699504527314902,23.724641020807617,7.9564683956467395,77.17380122501349,0.3353672828460732,0.024635608170281112,True,0.0,2pct_UNFILTERED_early25pct
put,2016-03-30,2016-05-06,2016-04-01,early_25%,2,37,3.491653137207038,0.02,9.625438211414876,23.45818957979031,6.0185895805971725,57.931562127903454,0.2565666698244397,0.01847853219812686,True,0.0,2pct_UNFILTERED_early25pct
call,2016-03-24,2016-04-29,2016-04-07,early_25%,14,36,3.442503662109374,0.02,9.680675772157201,20.771213327594474,4.797241384225821,46.440538441464774,0.23095624259237205,0.014830140803403988,True,0.0,2pct_UNFILTERED_early25pct
put,2016-04-04,2016-05-11,2016-04-13,early_25%,9,37,3.4955514526367324,0.02,9.62820176163973,23.885871163575544,13.518655297235046,130.16034074783875,0.5659686935702034,0.04151037992328362,True,0.0,2pct_UNFILTERED_early25pct
put,2016-04-14,2016-05-20,2016-04-18,early_25%,4,36,3.525380249023442,0.02,9.543915363071969,23.666769348798937,8.601927852128897,82.09607137996964,0.36346016329285924,0.02615591270708781,True,0.0,2pct_UNFILTERED_early25pct
call,2016-04-08,2016-05-13,2016-04-25,early_25%,17,35,3.4658923339843852,0.02,9.623370135428177,21.03577448566714,5.154091055665127,49.59972594036527,0.24501551198777588,0.01583178097040619,True,0.0,2pct_UNFILTERED_early25pct
call,2016-04-26,2016-06-02,2016-05-02,early_25%,6,37,3.5408023071288994,0.02,9.435543489825172,21.16259716476562,4.784702941310961,45.146272688633985,0.22609242637180596,0.014372032175998624,True,0.0,2pct_UNFILTERED_early25pct
call,2016-05-03,2016-06-09,2016-05-06,early_25%,3,37,3.4940261840820312,0.02,9.579786920683322,21.38318876437845,5.607422221499789,53.71791005627269,0.26223508024401904,0.017094786816709395,True,0.0,2pct_UNFILTERED_early25pct
put,2016-04-19,2016-05-26,2016-05-10,early_25%,21,37,3.5574114990234307,0.02,9.457350938266694,23.655951158578027,11.662641246202497,110.29769113244105,0.49301087781344344,0.03511942504610488,True,0.0,2pct_UNFILTERED_early25pct
call,2016-05-09,2016-06-15,2016-05-17,early_25%,8,37,3.489450073242182,0.02,9.579773934476293,21.062367254426935,6.022588061699562,57.69503213155756,0.2859407012017474,0.018368121168042404,True,0.0,2pct_UNFILTERED_early25pct
put,2016-05-11,2016-06-17,2016-05-24,early_25%,13,37,3.4997888183593773,0.02,9.657200030311815,24.302009881798973,15.433184985692462,149.04135451163708,0.635057966841301,0.04738802879396894,True,0.0,2pct_UNFILTERED_early25pct
put,2016-05-25,2016-07-01,2016-05-27,early_25%,2,37,3.54690368652345,0.02,9.52955362912916,24.079420692003144,7.645233458013635,72.85566224535351,0.3175007221229638,0.023124562284400553,True,0.0,2pct_UNFILTERED_early25pct
put,2016-05-31,2016-07-07,2016-06-02,early_25%,2,37,3.556394348144522,0.02,9.512288675443616,24.351115019856465,6.965871999111993,66.26138533174279,0.286059672973162,0.02102661513521198,True,0.0,2pct_UNFILTERED_early25pct
put,2016-06-03,2016-07-08,2016-06-07,early_25%,4,35,3.5638522338867062,0.02,9.474532236231758,23.593580464169694,5.381906615465052,50.99104772061259,0.2281089393633266,0.016172000499081112,True,0.0,2pct_UNFILTERED_early25pct
call,2016-05-18,2016-06-24,2016-06-13,early_25%,26,37,3.472840576171876,0.02,9.652773119022925,21.338156613080464,5.007575952022307,48.33699454114656,0.23467706432300822,0.015363211921352581,True,0.0,2pct_UNFILTERED_early25pct
call,2016-06-14,2016-07-21,2016-06-20,early_25%,6,37,3.52588714599608,0.02,9.520685296922016,22.270762588074383,6.447091890156276,61.38073296651603,0.2894868042645556,0.019517836832347413,True,0.0,2pct_UNFILTERED_early25pct
call,2016-06-21,2016-07-28,2016-06-27,early_25%,6,37,3.5510385131835847,0.02,9.466408706709581,22.260771528893393,11.437001899175089,108.26733435700507,0.513773832336872,0.03436154330265599,True,0.0,2pct_UNFILTERED_early25pct
put,2016-06-08,2016-07-15,2016-06-30,early_25%,22,37,3.599273071289076,0.02,9.406156658566596,24.565848065594384,8.46044857135458,79.58030466390711,0.3443987990467071,0.025227849959220634,True,0.0,2pct_UNFILTERED_early25pct
put,2016-07-01,2016-08-05,2016-07-08,early_25%,7,35,3.5762515258789165,0.02,9.481178372115583,24.614208767720378,18.73638374319397,177.64299631762867,0.7612019512796723,0.056263567582066534,True,0.0,2pct_UNFILTERED_early25pct
put,2016-07-11,2016-08-17,2016-07-12,early_25%,1,37,3.635537719726557,0.02,9.320500244321966,24.409508059953623,5.836992023079425,54.403685577217146,0.23912780252444443,0.01721094131369978,True,0.0,2pct_UNFILTERED_early25pct
put,2016-07-13,2016-08-19,2016-07-14,early_25%,1,37,3.6614343261718716,0.02,9.236941423356239,24.186456173473207,5.691296170777068,52.57016935243944,0.23530922140710583,0.016643310599963313,True,0.0,2pct_UNFILTERED_early25pct
put,2016-07-15,2016-08-19,2016-07-19,early_25%,4,35,3.676936950683597,0.02,9.181413336391838,23.682870523463755,7.129467353187255,65.45858663792369,0.3010389870655143,0.020724543661145196,True,0.0,2pct_UNFILTERED_early25pct
put,2016-07-20,2016-08-26,2016-07-29,early_25%,9,37,3.698402099609382,0.02,9.127840891838872,23.311480837645053,5.699612233355772,52.0251536112499,0.2444980768511123,0.016447733634598245,True,0.0,2pct_UNFILTERED_early25pct
call,2016-06-28,2016-08-04,2016-08-01,early_25%,34,37,3.4617691040039062,0.02,9.657452372040005,21.731223527468522,15.63319372221863,150.97682379520123,0.7193885656027645,0.04818431668145982,True,0.0,2pct_UNFILTERED_early25pct
put,2016-08-01,2016-09-07,2016-08-05,early_25%,4,37,3.695847473144539,0.02,9.167622276129785,23.90452939871397,12.229256164015812,112.11320122972884,0.5115874050494267,0.03537736766584865,True,0.0,2pct_UNFILTERED_early25pct
put,2016-08-08,2016-09-14,2016-08-15,early_25%,7,37,3.7147576904296784,0.02,9.111773085376194,23.154602603903847,7.642436967393003,69.63615146617563,0.3300612451929749,0.021940776799534475,True,0.0,2pct_UNFILTERED_early25pct
call,2016-08-02,2016-09-08,2016-08-16,early_25%,14,37,3.6721670532226653,0.02,9.179705354153818,21.709440853982123,6.043070810918664,55.473609478520714,0.2783614212620402,0.017490430541941278,True,0.0,2pct_UNFILTERED_early25pct
put,2016-08-16,2016-09-22,2016-08-18,early_25%,2,37,3.713224182128897,0.02,9.149626052104452,24.19111038934799,10.31506674493211,94.37900341862711,0.4263990606017869,0.029715172652118142,True,0.0,2pct_UNFILTERED_early25pct
call,2016-08-17,2016-09-23,2016-08-26,early_25%,9,37,3.7202087402343693,0.02,9.059738542528423,21.415349005207148,5.742459702073633,52.02518349179278,0.2681469118564144,0.016378691413305745,True,0.0,2pct_UNFILTERED_early25pct
put,2016-08-19,2016-09-23,2016-09-02,early_25%,14,35,3.723104858398443,0.02,9.09323719343415,22.735649220375294,7.9671120097413155,72.44683925123563,0.35042377424618815,0.022790862428161394,True,0.0,2pct_UNFILTERED_early25pct
call,2016-08-29,2016-10-05,2016-09-02,early_25%,4,37,3.720038757324204,0.02,9.070192721902181,21.797360535429387,6.642273762895805,60.24670314109934,0.30472835241218615,0.018966733840344255,True,0.0,2pct_UNFILTERED_early25pct
call,2016-09-06,2016-10-13,2016-09-14,early_25%,8,37,3.731452636718757,0.02,9.046467681902396,21.384819178651863,4.727628445855817,42.7683379474771,0.22107404352407786,0.013439909233304624,True,0.0,2pct_UNFILTERED_early25pct
call,2016-09-15,2016-10-21,2016-09-16,early_25%,1,36,3.667566833496096,0.02,9.20454395586217,22.567651250217832,5.26599002788695,48.47103668281728,0.23334240544133367,0.015299703176963192,True,0.0,2pct_UNFILTERED_early25pct
put,2016-09-06,2016-10-13,2016-09-22,early_25%,16,37,3.731452636718757,0.02,9.107827013351427,23.754625464243105,9.887070255377843,90.04972555483371,0.4162166341144994,0.028298039999292278,True,0.0,2pct_UNFILTERED_early25pct
call,2016-09-19,2016-10-26,2016-09-23,early_25%,4,37,3.654074707031242,0.02,9.25427831412935,22.343989064948886,4.935318250473102,45.67280865868003,0.22087901296976367,0.01438602041495725,True,0.0,2pct_UNFILTERED_early25pct
put,2016-09-23,2016-10-28,2016-09-28,early_25%,5,35,3.69825042724608,0.02,9.19864037031342,23.48508341661574,5.445428115759022,50.090534899260675,0.23186752285096723,0.01572278326370226,True,0.0,2pct_UNFILTERED_early25pct
put,2016-09-29,2016-11-04,2016-09-30,early_25%,1,36,3.6758197021484307,0.02,9.301980349894391,24.903382069579138,9.433476737915214,87.75001524727317,0.3788030361321376,0.027528643645269992,True,0.0,2pct_UNFILTERED_early25pct
call,2016-09-26,2016-11-02,2016-10-04,early_25%,8,37,3.6682861328125114,0.02,9.244081486109872,22.118289401931637,7.894302807881928,72.97557843208651,0.3569128997467816,0.022901265964536833,True,0.0,2pct_UNFILTERED_early25pct
put,2016-10-03,2016-11-09,2016-10-10,early_25%,7,37,3.694654846191412,0.02,9.253919529662127,24.829815894740687,6.9249923212497,64.08332168437286,0.2788982548483782,0.020093661073681563,True,0.0,2pct_UNFILTERED_early25pct
call,2016-10-05,2016-11-11,2016-10-14,early_25%,9,37,3.6920855712890557,0.02,9.177453124394852,21.656954212244152,4.857044313810643,44.57529651310574,0.22427180970187513,0.013975030680480857,True,0.0,2pct_UNFILTERED_early25pct
put,2016-10-11,2016-11-17,2016-10-18,early_25%,7,37,3.654415893554699,0.02,9.399260642632935,25.823982565503577,5.727978137118345,53.83875946607838,0.2218084729026244,0.01686596343239874,True,0.0,2pct_UNFILTERED_early25pct
call,2016-10-17,2016-11-23,2016-10-21,early_25%,4,37,3.6364385986328216,0.02,9.355263054085993,22.40462399343375,6.942950850604635,64.95313157899646,0.3098891930808321,0.02034628530598614,True,0.0,2pct_UNFILTERED_early25pct
put,2016-10-19,2016-11-25,2016-10-24,early_25%,5,37,3.6689709472656205,0.02,9.34888850917768,25.280171510194947,11.28398596094386,105.49272668799033,0.4463571758756966,0.03303110939207487,True,0.0,2pct_UNFILTERED_early25pct
put,2016-10-25,2016-12-01,2016-11-09,early_25%,15,37,3.667087707519528,0.02,9.34497904219261,24.559092214379618,16.33430413714185,152.64372983039064,0.6651021134884593,0.04774022938428129,True,0.0,2pct_UNFILTERED_early25pct
call,2016-10-24,2016-11-30,2016-11-11,early_25%,18,37,3.6794165039062534,0.02,9.228657040216218,21.59651112492714,7.881584620755515,72.73644139839526,0.3649471238740236,0.022756446466855616,True,0.0,2pct_UNFILTERED_early25pct
put,2016-11-10,2016-12-16,2016-11-15,early_25%,5,36,3.714174194335925,0.02,9.26027015303375,25.686409507526335,13.844173140207332,128.20078332369346,0.5389687934450657,0.040043191795748605,True,0.0,2pct_UNFILTERED_early25pct
put,2016-11-16,2016-12-23,2016-11-17,early_25%,1,37,3.7304406738281273,0.02,9.210922976874377,25.187318951484063,5.82034326096942,53.61073347575917,0.23108228677218856,0.01673201191932152,True,0.0,2pct_UNFILTERED_early25pct
put,2016-11-18,2016-12-23,2016-11-21,early_25%,3,35,3.741226501464837,0.02,9.160198370142215,24.252800497604497,10.43255701096482,95.56429172825568,0.4301588598807493,0.029818393958309576,True,0.0,2pct_UNFILTERED_early25pct
put,2016-11-22,2016-12-29,2016-11-25,early_25%,3,37,3.776841735839838,0.02,9.078807187681864,24.40148923057311,5.652683842136291,51.31962669568009,0.23165323184676498,0.016000455421363247,True,0.0,2pct_UNFILTERED_early25pct
call,2016-11-14,2016-12-21,2016-12-01,early_25%,17,37,3.708524475097647,0.02,9.188260994450697,22.354046765270258,6.9566084637499355,63.91913420113912,0.31120130224286174,0.019961665387527135,True,0.0,2pct_UNFILTERED_early25pct
put,2016-11-28,2017-01-04,2016-12-05,early_25%,7,37,3.7751300048828114,0.02,9.100931534630362,25.02935109539689,11.538857363026626,105.01435084877076,0.4610130450065371,0.032735865572491335,True,0.0,2pct_UNFILTERED_early25pct
put,2016-12-06,2017-01-12,2016-12-07,early_25%,1,37,3.796018371582022,0.02,9.034079563430065,23.946125336840364,9.895057013824713,89.39273234756918,0.4132216329211924,0.02782201068317099,True,0.0,2pct_UNFILTERED_early25pct
put,2016-12-08,2017-01-13,2016-12-09,early_25%,1,36,3.8550906372070415,0.02,8.906225832434584,24.961917541914584,10.152106649960103,90.41695449950561,0.40670379721082256,0.028157501057922217,True,0.0,2pct_UNFILTERED_early25pct
put,2016-12-12,2017-01-18,2016-12-13,early_25%,1,37,3.87392547607422,0.02,8.866007215631608,25.238055726032094,5.690578570586979,50.45271066794276,0.2254761076827865,0.015713124365859622,True,0.0,2pct_UNFILTERED_early25pct
put,2016-12-14,2017-01-20,2016-12-16,early_25%,2,37,3.867589416503904,0.02,8.888426971392715,25.6763162867508,7.44087367580585,66.13766227075877,0.2897952180019454,0.020607121897134446,True,0.0,2pct_UNFILTERED_early25pct
put,2016-12-19,2017-01-25,2016-12-27,early_25%,8,37,3.8843582153320426,0.02,8.833222810789708,24.423891889017312,7.519954770871827,66.42543601817192,0.307893385912559,0.02065853934573629,True,0.0,2pct_UNFILTERED_early25pct
call,2016-12-02,2017-01-06,2016-12-28,early_25%,26,35,3.7614328002929653,0.02,9.0694333296861,22.394637662875127,14.13309595248218,128.1791714830936,0.6310928609446279,0.03995236803719737,True,0.0,2pct_UNFILTERED_early25pct
put,2016-12-28,2017-02-03,2017-01-03,early_25%,6,37,3.8648950195312466,0.02,8.919026344250492,25.4527186171121,7.923410221136063,70.66910449861616,0.3112991716259763,0.021946268598792167,True,0.0,2pct_UNFILTERED_early25pct
put,2017-01-04,2017-02-10,2017-01-06,early_25%,2,37,3.90244171142578,0.02,8.818530665500251,24.676901614836876,6.229240604940873,54.93274929745043,0.2524320395715956,0.01703992978635131,True,0.0,2pct_UNFILTERED_early25pct
call,2016-12-29,2017-02-03,2017-01-09,early_25%,11,36,3.8640341186523415,0.02,8.85944512325204,22.762016240589574,9.581865389639773,84.89001059790161,0.42095855166614127,0.026349765194307803,True,0.0,2pct_UNFILTERED_early25pct
put,2017-01-09,2017-02-15,2017-01-13,early_25%,4,37,3.900376892089838,0.02,8.819926682314179,24.372975977910105,6.620643640255182,58.39359149678035,0.2716387053536528,0.01810577668748533,True,0.0,2pct_UNFILTERED_early25pct
call,2017-01-10,2017-02-16,2017-01-20,early_25%,10,37,3.900376892089838,0.02,8.765627015238477,22.020438610058875,7.644958042273332,67.01285074571578,0.34717555711088954,0.020773368720709815,True,0.0,2pct_UNFILTERED_early25pct
put,2017-01-17,2017-02-23,2017-01-24,early_25%,7,37,3.8967587280273506,0.02,8.841688334335107,24.660659025018905,14.232117123238218,125.83594394142628,0.5771182801237935,0.038990476522727,True,0.0,2pct_UNFILTERED_early25pct
put,2017-01-25,2017-03-03,2017-02-08,early_25%,14,37,3.953940429687492,0.02,8.69561562240622,23.89795234774088,6.326204837512265,55.01024561561346,0.2647174429616056,0.017028994374980143,True,0.0,2pct_UNFILTERED_early25pct
put,2017-02-09,2017-03-17,2017-02-13,early_25%,4,36,3.971680297851549,0.02,8.66153133203119,23.91792320430794,11.035213899002192,95.58185094187357,0.4613784317617761,0.029565199592547033,True,0.0,2pct_UNFILTERED_early25pct
put,2017-02-14,2017-03-23,2017-02-21,early_25%,7,37,4.025071105957039,0.02,8.54435091462961,24.247169808278855,12.388022436054674,105.84761083195589,0.5109059133088992,0.03275002478524817,True,0.0,2pct_UNFILTERED_early25pct
call,2017-01-23,2017-03-01,2017-02-28,early_25%,36,37,3.8950354003906114,0.02,8.792149129290541,22.169951321178434,15.195114002092632,133.59770834296924,0.6853923033911715,0.04136598032085405,True,0.0,2pct_UNFILTERED_early25pct
put,2017-02-22,2017-03-31,2017-03-01,early_25%,7,37,4.06950775146484,0.02,8.466437056696616,25.61938829866348,14.717823951432033,124.60753009634118,0.5744799126292893,0.038595889189959424,True,0.0,2pct_UNFILTERED_early25pct
call,2017-03-01,2017-04-07,2017-03-02,early_25%,1,37,4.129788513183598,0.02,8.325557502003354,23.979367226156278,9.447583186421623,78.6563970735133,0.3939880104974731,0.024286878447844638,True,0.0,2pct_UNFILTERED_early25pct
call,2017-03-03,2017-04-07,2017-03-07,early_25%,4,35,4.106364440917957,0.02,8.356073439420543,22.56064463507337,6.9607882308017945,58.16485765283399,0.30853676139999875,0.01793667175470974,True,0.0,2pct_UNFILTERED_early25pct
put,2017-03-02,2017-04-07,2017-03-13,early_25%,11,36,4.103782043457045,0.02,8.42663835930356,25.741154834858264,9.446094418143598,79.59882156953209,0.36696467111692466,0.024558462140234445,True,0.0,2pct_UNFILTERED_early25pct
put,2017-03-14,2017-04-20,2017-03-15,early_25%,1,37,4.080185241699212,0.02,8.502408869417948,26.25394272838196,12.070451991005884,102.62791806621196,0.45975768728850996,0.03161752707762459,True,0.0,2pct_UNFILTERED_early25pct
call,2017-03-08,2017-04-13,2017-03-20,early_25%,12,36,4.0743289184570415,0.02,8.441258365185172,23.145274512129983,9.398074473518596,79.33157476622209,0.4060472243953404,0.02445583476961414,True,0.0,2pct_UNFILTERED_early25pct
call,2017-03-21,2017-04-27,2017-04-03,early_25%,13,37,4.043101501464832,0.02,8.530327786511105,23.43674196894055,6.6319224593606805,56.572472433071475,0.2829711769728749,0.017412406109142794,True,0.0,2pct_UNFILTERED_early25pct
put,2017-03-16,2017-04-21,2017-04-06,early_25%,21,36,4.107398986816406,0.02,8.419916400252763,25.1128838175039,5.722027967611908,48.17899712720049,0.22785228527293247,0.014838244591416607,True,0.0,2pct_UNFILTERED_early25pct
call,2017-04-04,2017-05-11,2017-04-18,early_25%,14,37,4.07337249755858,0.02,8.461765218507784,23.198052754426193,9.369979835688708,79.28656947175,0.4039123427676883,0.024392147192554742,True,0.0,2pct_UNFILTERED_early25pct
put,2017-04-07,2017-05-12,2017-04-20,early_25%,13,35,4.0685290527343625,0.02,8.545181014169586,26.393199077604546,6.74327558741275,57.622510522872695,0.25549292329381285,0.017724020382704667,True,0.0,2pct_UNFILTERED_early25pct
put,2017-04-21,2017-05-26,2017-04-24,early_25%,3,35,4.057977905273447,0.02,8.60695417168926,27.82139184761578,24.1895743385724,208.1985577647632,0.8694595321134295,0.06399757874583321,True,0.0,2pct_UNFILTERED_early25pct
call,2017-04-19,2017-05-26,2017-04-24,early_25%,5,37,4.038085327148451,0.02,8.573913147837867,24.50118502835748,7.372352729172352,63.20991199514921,0.3008978023160777,0.01943635622705071,True,0.0,2pct_UNFILTERED_early25pct
put,2017-04-25,2017-06-01,2017-05-01,early_25%,6,37,4.126478881835936,0.02,8.406202967145143,24.881763339902534,8.462466104512174,71.13720767711544,0.3401071696128962,0.021823634305145667,True,0.0,2pct_UNFILTERED_early25pct
call,2017-04-25,2017-06-01,2017-05-01,early_25%,6,37,4.126478881835936,0.02,8.360229674562875,22.749419348783263,8.143499136065042,68.0815231321081,0.35796514237189053,0.020886204453178365,True,0.0,2pct_UNFILTERED_early25pct
put,2017-05-02,2017-06-08,2017-05-05,early_25%,3,37,4.130282897949229,0.02,8.401229096218591,24.701166885726373,6.051029236938017,50.83608288743305,0.2449693678412666,0.015582298737224554,True,0.0,2pct_UNFILTERED_early25pct
call,2017-05-02,2017-06-08,2017-05-08,early_25%,6,37,4.130282897949229,0.02,8.3566868976036,22.631334181910464,5.461763223199739,45.64224516512647,0.2413363339208433,0.013990281288499093,True,0.0,2pct_UNFILTERED_early25pct
call,2017-05-09,2017-06-15,2017-05-22,early_25%,13,37,4.141873474121098,0.02,8.32596201611283,22.13661514320267,7.799569054314684,64.93891568827313,0.35233792537201164,0.01989428513288675,True,0.0,2pct_UNFILTERED_early25pct
put,2017-05-08,2017-06-14,2017-05-23,early_25%,15,37,4.1456790161132915,0.02,8.348927186838502,23.74615840421284,9.188850919383896,76.71704725665016,0.3869615776568596,0.023511616431520437,True,0.0,2pct_UNFILTERED_early25pct
put,2017-05-24,2017-06-30,2017-05-25,early_25%,1,37,4.162113037109378,0.02,8.333381715472909,24.172141627262025,5.837045664115539,48.64232960972085,0.24147821711967607,0.014888935159160694,True,0.0,2pct_UNFILTERED_early25pct
put,2017-05-26,2017-06-30,2017-06-01,early_25%,6,35,4.18114105224609,0.02,8.283004825251584,23.63759209151471,11.64733504300942,96.4749323625689,0.4927462576524669,0.02952605454378388,True,0.0,2pct_UNFILTERED_early25pct
put,2017-06-02,2017-07-07,2017-06-13,early_25%,11,35,4.22369384765625,0.02,8.202222450998821,23.795633217993924,7.126910477885424,58.456505127970566,0.299504972723153,0.01788103318447886,True,0.0,2pct_UNFILTERED_early25pct
call,2017-05-23,2017-06-29,2017-06-14,early_25%,22,37,4.152425537109366,0.02,8.324507229239822,22.85997861152965,6.54514728912719,54.485125924778714,0.2863146724829428,0.016680524835918184,True,0.0,2pct_UNFILTERED_early25pct
put,2017-06-14,2017-07-21,2017-06-19,early_25%,5,37,4.224905395507818,0.02,8.23829500104509,25.328732503589997,12.20484165175871,100.54708596823068,0.48185757617475894,0.03073014936279736,True,0.0,2pct_UNFILTERED_early25pct
call,2017-06-15,2017-07-21,2017-06-22,early_25%,7,36,4.216773986816406,0.02,8.212560584440597,23.242031620559843,7.70142726350776,63.24843798822004,0.3313577482914659,0.019329175821701388,True,0.0,2pct_UNFILTERED_early25pct
put,2017-06-20,2017-07-27,2017-06-23,early_25%,3,37,4.224127502441405,0.02,8.249174824904355,25.59104965614004,7.254352222828135,59.8424197275428,0.2834722420652099,0.018281137881519124,True,0.0,2pct_UNFILTERED_early25pct
call,2017-06-23,2017-07-28,2017-06-27,early_25%,4,35,4.226213989257815,0.02,8.185108079148819,22.38008718709552,5.943019969441455,48.644260766418014,0.26554945562804744,0.014848592074677187,True,0.0,2pct_UNFILTERED_early25pct
call,2017-06-28,2017-08-04,2017-07-06,early_25%,8,37,4.2324728393554665,0.02,8.172397831965961,22.687658766856657,7.182343944541744,58.696972080806795,0.3165749281734656,0.017930773580879508,True,0.0,2pct_UNFILTERED_early25pct
put,2017-06-26,2017-08-02,2017-07-12,early_25%,16,37,4.228994140624991,0.02,8.222513055058487,24.40003027232348,14.649406722407463,120.45493802385693,0.6003847765313646,0.03676142879588719,True,0.0,2pct_UNFILTERED_early25pct
put,2017-07-13,2017-08-18,2017-07-14,early_25%,1,36,4.2486367797851585,0.02,8.192446290771763,24.33087537204168,8.345934132755405,68.37361712891746,0.3430182434926126,0.020837080205276803,True,0.0,2pct_UNFILTERED_early25pct
put,2017-07-17,2017-08-23,2017-07-19,early_25%,2,37,4.267931823730464,0.02,8.159406552903263,24.51532492582363,8.242664173809398,67.25524807316137,0.33622496127419665,0.02048997731596699,True,0.0,2pct_UNFILTERED_early25pct
call,2017-07-07,2017-08-11,2017-07-24,early_25%,17,35,4.20848327636719,0.02,8.233495519072545,23.304803405316996,5.3486319262308335,44.03793699778992,0.22950770419331415,0.013454204634754668,True,0.0,2pct_UNFILTERED_early25pct
put,2017-07-20,2017-08-25,2017-07-25,early_25%,5,36,4.2952221679687455,0.02,8.098136656938141,24.149232493501557,5.85811260219204,47.439796404282646,0.24257965977877063,0.014451166774863189,True,0.0,2pct_UNFILTERED_early25pct
call,2017-07-25,2017-08-31,2017-08-03,early_25%,9,37,4.300784606933604,0.02,8.059359134177988,22.441271822896198,5.0576486071487174,40.7614064994866,0.22537263694602822,0.01240723060906962,True,0.0,2pct_UNFILTERED_early25pct
put,2017-07-26,2017-09-01,2017-08-07,early_25%,12,37,4.300959167480471,0.02,8.099020836999172,24.396175811638,9.840255481700174,79.69643418768503,0.40335237611322505,0.02425502037291804,True,0.0,2pct_UNFILTERED_early25pct
call,2017-08-04,2017-09-08,2017-08-15,early_25%,11,35,4.300610351562511,0.02,8.068871476129361,22.78394513955978,5.418774666421115,43.72339634145773,0.23783302817967608,0.013304884559548974,True,0.0,2pct_UNFILTERED_early25pct
call,2017-08-16,2017-09-22,2017-08-18,early_25%,2,37,4.292441101074218,0.02,8.122190853087174,24.411220918686723,5.193412567116038,42.181888048937864,0.21274694061453087,0.012828534207098091,True,0.0,2pct_UNFILTERED_early25pct
call,2017-08-21,2017-09-27,2017-08-28,early_25%,7,37,4.222215270996088,0.02,8.256779454778297,24.870900706708383,8.488109623466606,70.08444914894501,0.3412867802241325,0.021361762281641807,True,0.0,2pct_UNFILTERED_early25pct
put,2017-08-08,2017-09-14,2017-08-30,early_25%,22,37,4.298003234863273,0.02,8.146947671309091,26.159761539185478,15.573186089598812,126.87393214752016,0.5953107051939781,0.03858181649156998,True,0.0,2pct_UNFILTERED_early25pct
put,2017-08-31,2017-10-06,2017-09-11,early_25%,11,36,4.302001647949226,0.02,8.138834290982226,25.546651371382566,15.68245095384031,127.63686958976243,0.6138750134355314,0.03875525711159687,True,0.0,2pct_UNFILTERED_early25pct
put,2017-09-12,2017-10-19,2017-09-15,early_25%,3,37,4.34650115966798,0.02,8.064953646204106,25.98152450699278,5.927534116274206,47.805287884044894,0.22814419972464833,0.01450450130043138,True,0.0,2pct_UNFILTERED_early25pct
call,2017-08-29,2017-10-05,2017-09-21,early_25%,23,37,4.256112060546883,0.02,8.200759428727071,24.177059513735678,11.807870640744246,96.83350649027294,0.48839151154985816,0.029414215862027217,True,0.0,2pct_UNFILTERED_early25pct
put,2017-09-18,2017-10-25,2017-09-27,early_25%,9,37,4.362307128906252,0.02,8.027861107840588,25.511430464430738,10.339315712607293,83.00259049092519,0.40528169233876804,0.025173679822215918,True,0.0,2pct_UNFILTERED_early25pct
put,2017-09-28,2017-11-03,2017-10-02,early_25%,4,36,4.373312072753919,0.02,7.996942506257842,24.544529211932577,12.597856081083295,100.74433078253384,0.5132653379621035,0.03051904712667733,True,0.0,2pct_UNFILTERED_early25pct
put,2017-10-03,2017-11-09,2017-10-05,early_25%,2,37,4.417158508300787,0.02,7.922669540770839,24.922953461654153,11.805777101408742,93.53327064646088,0.47369093392453754,0.028325283794298953,True,0.0,2pct_UNFILTERED_early25pct
put,2017-10-06,2017-11-10,2017-10-13,early_25%,7,35,4.443536682128894,0.02,7.870326394557669,24.888045074035762,8.722152412650939,68.64618635064153,0.3504555053120765,0.02079348564343183,True,0.0,2pct_UNFILTERED_early25pct
put,2017-10-16,2017-11-22,2017-10-20,early_25%,4,37,4.45960754394531,0.02,7.865242252083868,25.74480511362035,10.923828737369627,85.91855933968756,0.42431196076875133,0.02599574993777103,True,0.0,2pct_UNFILTERED_early25pct
call,2017-09-22,2017-10-27,2017-10-23,early_25%,31,35,4.357415466308595,0.02,7.987973482556674,22.62594295081824,12.340903030222126,98.57880615621765,0.5454315454187881,0.029872759392986226,True,0.0,2pct_UNFILTERED_early25pct
put,2017-10-23,2017-11-29,2017-10-27,early_25%,4,37,4.473931884765619,0.02,7.871866694808135,27.367563286593267,17.028351705937542,134.04491466144904,0.6222092748125418,0.04054122102249352,True,0.0,2pct_UNFILTERED_early25pct
call,2017-10-24,2017-11-30,2017-10-30,early_25%,6,37,4.4817929077148335,0.02,7.82222161718069,25.044463430585978,8.547161034420519,66.85778780896865,0.3412794631480167,0.020199616013962668,True,0.0,2pct_UNFILTERED_early25pct
put,2017-10-30,2017-12-06,2017-11-01,early_25%,2,37,4.48511199951173,0.02,7.855697568796168,26.704371822904903,6.340345291024661,49.807835088030664,0.23742723974455798,0.015031395577827423,True,0.0,2pct_UNFILTERED_early25pct
put,2017-11-02,2017-12-08,2017-11-03,early_25%,1,36,4.499785766601548,0.02,7.814702789683563,25.812231658099655,9.950133127576883,77.7573331097979,0.3854813198398759,0.023458091960428105,True,0.0,2pct_UNFILTERED_early25pct
call,2017-10-31,2017-12-07,2017-11-17,early_25%,17,37,4.4921008300781295,0.02,7.797708186020001,24.228193501493543,10.189399459863337,79.45396357880412,0.420559603803528,0.023976079243517554,True,0.0,2pct_UNFILTERED_early25pct
put,2017-11-06,2017-12-13,2017-11-21,early_25%,15,37,4.5217962646484295,0.02,7.771233499861881,25.345649559115568,16.050844189447556,124.73485806609827,0.6332780760663073,0.037604420120923555,True,0.0,2pct_UNFILTERED_early25pct
put,2017-11-22,2017-12-29,2017-11-28,early_25%,6,37,4.537693786621105,0.02,7.764339442350535,26.1521754399795,16.576301320271615,128.70403014927214,0.6338402462278911,0.03876434623155433,True,0.0,2pct_UNFILTERED_early25pct
put,2017-11-29,2018-01-05,2017-11-30,early_25%,1,37,4.5892266845703205,0.02,7.6978547105837345,27.592738155540342,6.929647902571201,53.343422749494415,0.25114027696377056,0.01606577103918456,True,0.0,2pct_UNFILTERED_early25pct
put,2017-12-01,2018-01-05,2017-12-07,early_25%,6,35,4.619797058105462,0.02,7.647055440158497,28.323284686306703,11.093472317041353,84.83239783227877,0.39167322716650343,0.02558124768055297,True,0.0,2pct_UNFILTERED_early25pct
put,2017-12-08,2018-01-12,2017-12-11,early_25%,3,35,4.638139343261713,0.02,7.590164471985579,25.870084575299558,7.757840348634392,58.88328419354099,0.29987688389861256,0.01771423517660428,True,0.0,2pct_UNFILTERED_early25pct
put,2017-12-12,2018-01-18,2017-12-15,early_25%,3,37,4.660324401855462,0.02,7.569518508458972,26.918345934372255,10.727088337885704,81.19889371550023,0.3985047359164887,0.024428931975364453,True,0.0,2pct_UNFILTERED_early25pct
call,2017-11-20,2017-12-27,2017-12-26,early_25%,36,37,4.512189331054685,0.02,7.776413298579943,24.778122615965163,22.815890948208608,177.42579778859917,0.9208078958132107,0.05350306628021525,True,0.0,2pct_UNFILTERED_early25pct
put,2017-12-18,2018-01-24,2018-01-02,early_25%,15,37,4.709078063964853,0.02,7.480606353933511,26.6015429128296,14.913546014028679,111.56236707222271,0.5606271058373857,0.033565914414747586,True,0.0,2pct_UNFILTERED_early25pct
put,2018-01-03,2018-02-09,2018-01-05,early_25%,2,37,4.7489337158203,0.02,7.433159839165437,26.20913790275242,14.307754034095353,106.35182267489485,0.5459070835211557,0.031888247814659404,True,0.0,2pct_UNFILTERED_early25pct
put,2018-01-08,2018-02-14,2018-01-11,early_25%,3,37,4.809511413574228,0.02,7.343899189833973,27.152820069008655,10.122489592107794,74.33854311458325,0.37279699001361827,0.02230614155505963,True,0.0,2pct_UNFILTERED_early25pct
put,2018-01-12,2018-02-16,2018-01-19,early_25%,7,35,4.87974334716796,0.02,7.239889174787041,28.12939781820503,10.770710256247597,77.97874858897472,0.3828987142155213,0.023422483085037967,True,0.0,2pct_UNFILTERED_early25pct
put,2018-01-22,2018-02-28,2018-01-26,early_25%,4,37,4.963493652343743,0.02,7.119852081222418,30.307221737078976,18.462594868665455,131.45094450043408,0.6091813703292254,0.03961571957874364,True,0.0,2pct_UNFILTERED_early25pct
call,2017-12-27,2018-02-02,2018-02-02,early_25%,37,37,4.693627929687494,0.02,7.507401617680295,25.603420149973516,25.603420149973516,192.21515785205943,1.0,0.05769662956601828,True,0.0,2pct_UNFILTERED_early25pct
call,2018-02-05,2018-03-14,2018-02-07,early_25%,2,37,4.634104003906259,0.02,7.638622114160929,27.246727044303153,10.20619245810202,77.96124741184059,0.37458416350362966,0.02339991402722367,True,0.0,2pct_UNFILTERED_early25pct
call,2018-02-08,2018-03-16,2018-02-14,early_25%,6,36,4.523488769531241,0.02,7.8084464579595805,27.478228625080668,13.87647796382083,108.35373520555093,0.5049989995044701,0.03266047682612985,True,0.0,2pct_UNFILTERED_early25pct
call,2018-02-15,2018-03-23,2018-02-21,early_25%,6,36,4.79388427734375,0.02,7.4001776882365595,30.113853990825174,10.01925285331681,74.14425141791556,0.33271240726508766,0.022300956784249034,True,0.0,2pct_UNFILTERED_early25pct
call,2018-02-22,2018-03-29,2018-03-02,early_25%,8,35,4.747705688476572,0.02,7.477490187991618,29.722769481695828,8.519725470210307,63.70616360787985,0.2866396913469658,0.019143394220458923,True,0.0,2pct_UNFILTERED_early25pct
put,2018-01-29,2018-03-07,2018-03-06,early_25%,36,37,4.998435363769545,0.02,7.062275664705478,33.87234542250974,10.685070879958687,75.46091605118538,0.3154511666280412,0.022930754277045644,True,0.0,2pct_UNFILTERED_early25pct
put,2018-03-07,2018-04-13,2018-03-08,early_25%,1,37,4.789494018554677,0.02,7.566508676974087,35.68726442298009,9.491463533282104,71.81724118176217,0.2659622049139263,0.021412754963145774,True,0.0,2pct_UNFILTERED_early25pct
call,2018-03-05,2018-04-11,2018-03-15,early_25%,10,37,4.779135131835915,0.02,7.431636193695105,29.998029302929574,9.713982924900645,72.19078708962788,0.3238207025803521,0.021687088914052233,True,0.0,2pct_UNFILTERED_early25pct
call,2018-03-16,2018-04-20,2018-03-21,early_25%,5,35,4.833708801269552,0.02,7.3861449823945655,29.503469666206954,8.046272302726194,59.43093379576145,0.27272291678772725,0.017728244234495573,True,0.0,2pct_UNFILTERED_early25pct
call,2018-03-22,2018-04-27,2018-03-23,early_25%,1,36,4.6480813598632835,0.02,7.692097839120339,29.418720853307462,6.2621462258440665,48.16904145207073,0.2128626277488211,0.014382862807840298,True,0.0,2pct_UNFILTERED_early25pct
call,2018-03-26,2018-05-02,2018-03-28,early_25%,2,37,4.67346557617185,0.02,7.5921034002566525,29.54939431275064,6.546114594059919,49.69877886803201,0.2215312613441709,0.014952391524537806,True,0.0,2pct_UNFILTERED_early25pct
call,2018-03-29,2018-05-04,2018-04-06,early_25%,8,36,4.638914489746099,0.02,7.656114458038543,29.237883233140714,11.328269802800037,86.73053022177879,0.3874517766032942,0.026062755940987864,True,0.0,2pct_UNFILTERED_early25pct
put,2018-03-09,2018-04-13,2018-04-12,early_25%,34,35,4.896422424316398,0.02,7.359489613624288,33.57914485326335,13.119012017657575,96.54923268496314,0.3906892827374256,0.028765782821099692,True,0.0,2pct_UNFILTERED_early25pct
put,2018-04-13,2018-05-18,2018-04-16,early_25%,3,35,4.674170837402357,0.02,7.764911932494916,34.25493788009389,13.35053031248518,103.66569212855124,0.3897403159572913,0.03082109191691871,True,0.0,2pct_UNFILTERED_early25pct
call,2018-04-09,2018-05-16,2018-04-20,early_25%,11,37,4.601013793945299,0.02,7.721349560571082,29.11596269510026,11.515541239016088,88.91551928561505,0.3955061132481106,0.026719097196383927,True,0.0,2pct_UNFILTERED_early25pct
call,2018-04-23,2018-05-30,2018-04-27,early_25%,4,37,4.69920379638674,0.02,7.627031297236146,28.990253484837115,6.540125587363605,49.881742542677145,0.22559739226786382,0.014832566884036879,True,0.0,2pct_UNFILTERED_early25pct
call,2018-04-30,2018-06-06,2018-05-03,early_25%,3,37,4.662889099121088,0.02,7.693891066619582,28.64391949682701,7.9241313373489,60.96740330714898,0.2766427038110718,0.01810629965129884,True,0.0,2pct_UNFILTERED_early25pct
put,2018-04-17,2018-05-24,2018-05-07,early_25%,20,37,4.76302001953124,0.02,7.604803990462264,33.564485285819124,13.583604693131342,103.30065117518716,0.4047017130594988,0.03068094340723952,True,0.0,2pct_UNFILTERED_early25pct
put,2018-05-08,2018-06-14,2018-05-09,early_25%,1,37,4.705374145507818,0.02,7.700907319952909,32.691170237412365,16.44513264597807,126.64244237100907,0.5030450891341285,0.03755914972336311,True,0.0,2pct_UNFILTERED_early25pct
put,2018-05-10,2018-06-15,2018-05-14,early_25%,4,36,4.7952780151367165,0.02,7.533809345936643,31.689391745658025,8.696207946037358,65.51557269806474,0.2744201597756727,0.019418182443399868,True,0.0,2pct_UNFILTERED_early25pct
put,2018-05-15,2018-06-21,2018-05-16,early_25%,1,37,4.77906097412108,0.02,7.5846575819915065,33.13077820759808,10.994897858944888,83.39253540906853,0.33186355569587445,0.02472011684148638,True,0.0,2pct_UNFILTERED_early25pct
put,2018-05-17,2018-06-22,2018-05-21,early_25%,4,36,4.795102539062498,0.02,7.542619790705198,31.89635571378304,10.683454184457457,80.58123296478108,0.3349427840698719,0.02386756583653652,True,0.0,2pct_UNFILTERED_early25pct
call,2018-05-04,2018-06-08,2018-05-24,early_25%,20,35,4.689508056640619,0.02,7.633965933707853,28.221555449544745,10.637639617210038,81.20737845284248,0.37693314375347936,0.024136450240215178,True,0.0,2pct_UNFILTERED_early25pct
put,2018-05-22,2018-06-28,2018-06-01,early_25%,10,37,4.8056793212890625,0.02,7.531149776071125,31.935675423411446,12.435349970443301,93.65248314527014,0.3893874109619482,0.027718359044803374,True,0.0,2pct_UNFILTERED_early25pct
put,2018-06-04,2018-07-11,2018-06-06,early_25%,2,37,4.846046752929681,0.02,7.468590256449304,31.68313620228999,17.660265803510583,131.89728910640397,0.5574027044151688,0.03899188773173994,True,0.0,2pct_UNFILTERED_early25pct
put,2018-06-07,2018-07-13,2018-06-12,early_25%,5,36,4.889591369628903,0.02,7.392564752687344,31.06260679822639,9.661171116732955,71.42083306724106,0.3110225480909924,0.02109902670207767,True,0.0,2pct_UNFILTERED_early25pct
put,2018-06-13,2018-07-20,2018-06-14,early_25%,1,37,4.9012265014648335,0.02,7.395666502816702,32.26658871276457,7.866270233440012,58.17631126755642,0.2437899557175109,0.017180661994094334,True,0.0,2pct_UNFILTERED_early25pct
call,2018-05-25,2018-06-29,2018-06-15,early_25%,21,35,4.797570190429667,0.02,7.486917371729748,28.064978783990608,9.63014984450681,72.10013616319857,0.34313761355844086,0.021320167251531366,True,0.0,2pct_UNFILTERED_early25pct
call,2018-06-18,2018-07-25,2018-06-26,early_25%,8,37,4.897201843261712,0.02,7.344700157876525,28.276470201690497,9.024333090172888,66.28102067212316,0.3191463795093269,0.019556736420811776,True,0.0,2pct_UNFILTERED_early25pct
call,2018-06-27,2018-08-03,2018-07-03,early_25%,6,37,4.76953125,0.02,7.5610379807477495,29.799187274332866,6.931686418692369,52.410744282366345,0.2326132707875186,0.015501789951685541,True,0.0,2pct_UNFILTERED_early25pct
put,2018-06-15,2018-07-20,2018-07-06,early_25%,21,35,4.907297973632808,0.02,7.367423584958023,30.78645469043535,12.399619886470695,91.35325199609872,0.4027621891234841,0.026959015896204547,True,0.0,2pct_UNFILTERED_early25pct
put,2018-07-09,2018-08-15,2018-07-12,early_25%,3,37,4.920931701660152,0.02,7.377044995759861,32.116088934388884,8.844523019104631,65.24644427796872,0.27539228195479926,0.019228181968159584,True,0.0,2pct_UNFILTERED_early25pct
put,2018-07-13,2018-08-17,2018-07-17,early_25%,4,35,4.9508566284179665,0.02,7.316456931577044,31.30623258945584,7.818436983280538,57.203257460421206,0.2497405895436247,0.016858093467031415,True,0.0,2pct_UNFILTERED_early25pct
put,2018-07-18,2018-08-24,2018-07-25,early_25%,7,37,4.97688720703124,0.02,7.287422419955336,31.78152717796456,17.167626072420425,125.10774313756637,0.5401762469213074,0.036847737727606814,True,0.0,2pct_UNFILTERED_early25pct
call,2018-07-05,2018-08-10,2018-07-30,early_25%,25,36,4.8361120605468955,0.02,7.446040022175153,29.27799170979023,16.427008321362784,122.31616140547158,0.5610701882899222,0.03615630071212997,True,0.0,2pct_UNFILTERED_early25pct
put,2018-07-26,2018-08-31,2018-08-03,early_25%,8,36,5.017260437011714,0.02,7.227980913868461,31.88601941802843,11.991249435059682,86.67252205004735,0.3760660519537852,0.02552198368658629,True,0.0,2pct_UNFILTERED_early25pct
put,2018-08-06,2018-09-12,2018-08-08,early_25%,2,37,5.040281982421874,0.02,7.1947094977715675,31.10760932126682,7.671530553399329,55.19443373498692,0.24661266875801546,0.01622160407713212,True,0.0,2pct_UNFILTERED_early25pct
call,2018-07-31,2018-09-06,2018-08-15,early_25%,15,37,4.9816674804687295,0.02,7.2383660661780596,29.119271758936815,8.158157260755583,59.05172867879737,0.2801635057460465,0.017393030925823595,True,0.0,2pct_UNFILTERED_early25pct
put,2018-08-09,2018-09-14,2018-08-21,early_25%,12,36,5.0478939819335835,0.02,7.183843172735101,30.945617017887695,8.589471614060276,61.705417012068864,0.2775666618343802,0.018127222420757025,True,0.0,2pct_UNFILTERED_early25pct
put,2018-08-22,2018-09-28,2018-08-24,early_25%,2,37,5.067373352050794,0.02,7.182519849597879,32.54484596473375,8.503486540284559,61.07646086638224,0.26128519856874133,0.01793256268969403,True,0.0,2pct_UNFILTERED_early25pct
put,2018-08-27,2018-10-03,2018-08-29,early_25%,2,37,5.131297607421885,0.02,7.095272644286132,32.843067895320054,7.73402605657698,54.87502350942679,0.2354842757451119,0.016102936374801553,True,0.0,2pct_UNFILTERED_early25pct
call,2018-08-16,2018-09-21,2018-09-06,early_25%,21,36,5.030009765624982,0.02,7.178596671102774,29.678182972189838,9.190495888201557,65.97486318882743,0.3096717847185449,0.019416972967831608,True,0.0,2pct_UNFILTERED_early25pct
put,2018-08-30,2018-10-05,2018-09-11,early_25%,12,36,5.140505981445301,0.02,7.099298567806112,34.30379677431588,9.393664096278957,66.68842606516489,0.27383744598534443,0.01958046217181549,True,0.0,2pct_UNFILTERED_early25pct
call,2018-09-07,2018-10-12,2018-09-12,early_25%,5,35,5.092693786621112,0.02,7.121021735979786,30.69915613516937,8.063818851651618,57.422629317614735,0.262672329367829,0.01684981319789,True,0.0,2pct_UNFILTERED_early25pct
put,2018-09-12,2018-10-19,2018-09-13,early_25%,1,37,5.11960937500001,0.02,7.138184541214374,33.93206997856011,12.073577931337503,86.18342734662038,0.35581613320278316,0.02525700590832199,True,0.0,2pct_UNFILTERED_early25pct
put,2018-09-14,2018-10-19,2018-09-19,early_25%,5,35,5.150775756835941,0.02,7.07316775398499,32.43004148010029,7.943433400023185,56.18523698097134,0.2449405871064775,0.01645804202259547,True,0.0,2pct_UNFILTERED_early25pct
call,2018-09-13,2018-10-19,2018-09-19,early_25%,6,36,5.14988952636719,0.02,7.030438627428734,29.656488611597727,8.518534068595553,59.88903096492183,0.2872401443124396,0.01755195603019588,True,0.0,2pct_UNFILTERED_early25pct
call,2018-09-20,2018-10-26,2018-09-24,early_25%,4,36,5.198584594726583,0.02,6.966858801297451,29.481588396069156,6.598028499751116,45.96753292470248,0.22380166262109696,0.01345501570101704,True,0.0,2pct_UNFILTERED_early25pct
put,2018-09-20,2018-10-26,2018-10-01,early_25%,11,36,5.1985845947265545,0.02,7.011375197672856,32.59507334740959,7.48354625885985,52.46995063000744,0.22959133053936157,0.015358318461745214,True,0.0,2pct_UNFILTERED_early25pct
call,2018-09-25,2018-11-01,2018-10-03,early_25%,8,37,5.171781005859373,0.02,7.011399427168039,29.943065455393615,9.816396459762178,68.8266765148309,0.3278353872747508,0.020147148197444578,True,0.0,2pct_UNFILTERED_early25pct
call,2018-10-04,2018-11-09,2018-10-11,early_25%,7,36,5.148477783203134,0.02,7.066184217736377,30.80913823800997,14.012588650994903,99.01553277529206,0.45481923391506085,0.02894931827883054,True,0.0,2pct_UNFILTERED_early25pct
call,2018-10-12,2018-11-16,2018-10-18,early_25%,6,35,4.908521423339835,0.02,7.360205540215674,31.0253043242136,7.7318412973862465,56.90794115309059,0.249210812457751,0.01681468034978413,True,0.0,2pct_UNFILTERED_early25pct
call,2018-10-19,2018-11-23,2018-10-23,early_25%,4,35,4.9138574218749795,0.02,7.367837715745632,30.933892437116732,6.604836078043885,48.6633603621292,0.21351454853185312,0.014344249201354017,True,0.0,2pct_UNFILTERED_early25pct
call,2018-10-24,2018-11-30,2018-10-29,early_25%,5,37,4.7194381713867415,0.02,7.659028074648567,29.76343746071697,6.439607913704776,49.32113780079396,0.21635968366234715,0.014563305405804717,True,0.0,2pct_UNFILTERED_early25pct
put,2018-10-02,2018-11-08,2018-11-07,early_25%,36,37,5.186187744140625,0.02,7.041437414931327,33.054103831767456,8.321797763188187,58.597418129205124,0.2517629219519278,0.01713839220058697,True,0.0,2pct_UNFILTERED_early25pct
call,2018-10-30,2018-12-06,2018-11-12,early_25%,13,37,4.763018188476565,0.02,7.545577038410917,30.135516091522707,9.908596965427272,74.7660817451961,0.3288013032640452,0.02220830417765352,True,0.0,2pct_UNFILTERED_early25pct
call,2018-11-13,2018-12-20,2018-11-19,early_25%,6,37,4.839327087402353,0.02,7.534472207633343,30.52890309568704,12.265665082185173,92.41531266986293,0.4017722170934468,0.027052408756800327,True,0.0,2pct_UNFILTERED_early25pct
call,2018-11-20,2018-12-27,2018-11-26,early_25%,6,37,4.698092346191402,0.02,7.759595249582436,29.737213286006774,6.411665109243902,49.75192612360243,0.21561082565396245,0.014569581337665383,True,0.0,2pct_UNFILTERED_early25pct
put,2018-11-08,2018-12-14,2018-12-03,early_25%,25,36,4.989455261230461,0.02,7.39895925671638,36.215481905648765,31.497741811727863,233.05050834354645,0.8697314008905941,0.06806936831819325,True,0.0,2pct_UNFILTERED_early25pct
call,2018-11-27,2019-01-03,2018-12-07,early_25%,10,37,4.774223937988268,0.02,7.6345965513483085,30.007950240744297,8.829180648319188,67.4072321288889,0.29422804881657905,0.019733785476625992,True,0.0,2pct_UNFILTERED_early25pct
call,2018-12-10,2019-01-16,2018-12-14,early_25%,4,37,4.697202148437498,0.02,7.79313789177132,29.7309557181053,13.333942997442414,103.91325642008732,0.4484868607611704,0.030305155684799884,True,0.0,2pct_UNFILTERED_early25pct
call,2018-12-17,2019-01-23,2018-12-20,early_25%,3,37,4.542272644042953,0.02,8.062008311088057,28.691043207400323,7.084558240790255,57.115767417638416,0.24692578062002724,0.016648543385716252,True,0.0,2pct_UNFILTERED_early25pct
call,2018-12-21,2019-01-25,2019-01-03,early_25%,13,35,4.30650726318359,0.02,8.438070775001242,26.74616636744326,14.707622594121977,124.10396038120861,0.5498964745850387,0.03641360868990761,True,0.0,2pct_UNFILTERED_early25pct
put,2018-12-04,2019-01-10,2019-01-07,early_25%,34,37,4.807131042480478,0.02,7.739643142998592,37.68034306865481,14.680227267280841,113.61972030687112,0.3895990872623689,0.03313576004673054,True,0.0,2pct_UNFILTERED_early25pct
put,2019-01-08,2019-02-14,2019-01-10,early_25%,2,37,4.594024658203125,0.02,8.129891979103792,35.86371372643167,10.374683095015094,84.34505287990692,0.2892807804053187,0.024495239322789193,True,0.0,2pct_UNFILTERED_early25pct
put,2019-01-11,2019-02-15,2019-01-17,early_25%,6,35,4.633565063476567,0.02,8.030014687214559,34.48560734950865,18.69510728081942,150.1219860440318,0.5421133254620145,0.04359145683349373,True,0.0,2pct_UNFILTERED_early25pct
call,2019-01-04,2019-02-08,2019-01-28,early_25%,24,35,4.515659484863278,0.02,8.050094667195294,28.545896634422878,6.422915345468937,51.705076570406305,0.2250031038690052,0.015183477278087837,True,0.0,2pct_UNFILTERED_early25pct
put,2019-01-18,2019-02-22,2019-01-30,early_25%,12,35,4.767393188476575,0.02,7.805821787422809,35.21404101821614,18.243993216508237,142.40935973901392,0.5180886001430697,0.041320382167464004,True,0.0,2pct_UNFILTERED_early25pct
put,2019-01-31,2019-03-08,2019-02-04,early_25%,4,36,4.829478759765635,0.02,7.702910567770637,34.938715558463414,14.498105947330114,111.67761351434746,0.4149581836536103,0.03236118193163707,True,0.0,2pct_UNFILTERED_early25pct
put,2019-02-05,2019-03-14,2019-02-12,early_25%,7,37,4.8861950683593705,0.02,7.605764444033834,34.70878461430691,10.742651016889816,81.70607313892448,0.30950812989463516,0.02366688093268817,True,0.0,2pct_UNFILTERED_early25pct
put,2019-02-13,2019-03-22,2019-02-15,early_25%,2,37,4.920008239746096,0.02,7.559484983248108,35.01728393189388,13.564028500819482,102.53706976429423,0.38735238653005044,0.02968165658559958,True,0.0,2pct_UNFILTERED_early25pct
put,2019-02-19,2019-03-28,2019-02-22,early_25%,3,37,4.971179199218739,0.02,7.469435867294717,34.695917957561804,14.729344606912235,110.01989490861425,0.42452673034702193,0.031852603345740006,True,0.0,2pct_UNFILTERED_early25pct
call,2019-01-29,2019-03-07,2019-02-28,early_25%,30,37,4.712824401855471,0.02,7.809341007405351,29.636226689486207,9.41801368611566,73.54848048728785,0.31778720634016505,0.02132479210353212,True,0.0,2pct_UNFILTERED_early25pct
put,2019-02-25,2019-04-03,2019-03-01,early_25%,4,37,5.0010580444335915,0.02,7.43448484546603,34.87658278362663,13.832080577165822,102.83439343220432,0.3966007983918514,0.029731753581211138,True,0.0,2pct_UNFILTERED_early25pct
call,2019-03-01,2019-04-05,2019-03-07,early_25%,6,35,5.017160644531259,0.02,7.332666648314857,29.56332532138478,11.225728327474439,82.31452370991514,0.37971805287256544,0.023775628937614212,True,0.0,2pct_UNFILTERED_early25pct
put,2019-03-04,2019-04-10,2019-03-12,early_25%,8,37,4.998911743164058,0.02,7.446275731964574,34.65489081201474,12.759941422507858,95.01404215570979,0.36820030660965253,0.02742679768309048,True,0.0,2pct_UNFILTERED_early25pct
put,2019-03-13,2019-04-18,2019-03-15,early_25%,2,36,5.033621826171867,0.02,7.377789515750968,33.46130484432014,9.279130093114603,68.45946871627022,0.27730927219623,0.019746994594038204,True,0.0,2pct_UNFILTERED_early25pct
put,2019-03-18,2019-04-24,2019-03-21,early_25%,3,37,5.073581848144528,0.02,7.317291296436129,33.5822337288197,8.725206495769193,63.84487755109989,0.2598161446384482,0.018416313609367112,True,0.0,2pct_UNFILTERED_early25pct
put,2019-03-22,2019-04-26,2019-03-26,early_25%,4,35,5.018233642578139,0.02,7.4375760374657665,36.04556861093868,19.345972210732256,143.88713933602085,0.5367087538428058,0.0415347669887622,True,0.0,2pct_UNFILTERED_early25pct
call,2019-03-08,2019-04-12,2019-03-28,early_25%,20,35,4.91052612304685,0.02,7.505188295350272,30.06115705933505,6.773650824959038,50.837524888272284,0.22532901217305543,0.014693658088204583,True,0.0,2pct_UNFILTERED_early25pct
put,2019-03-27,2019-05-03,2019-03-29,early_25%,2,37,5.025422363281251,0.02,7.433978606082273,35.32309365192603,19.279683334808936,143.32475344301056,0.545809592013402,0.04126475474522777,True,0.0,2pct_UNFILTERED_early25pct
put,2019-04-01,2019-05-08,2019-04-05,early_25%,4,37,5.136480712890631,0.02,7.254589864161671,34.33400092865999,17.647537131740545,128.02564400334168,0.5139959414694787,0.03681831647143408,True,0.0,2pct_UNFILTERED_early25pct
put,2019-04-08,2019-05-15,2019-04-12,early_25%,4,37,5.189672241210928,0.02,7.1752746985978275,34.442044179227906,16.41685356284616,117.79543400007566,0.47665154476362964,0.03388235378152259,True,0.0,2pct_UNFILTERED_early25pct
call,2019-03-29,2019-05-03,2019-04-22,early_25%,24,35,5.076278076171889,0.02,7.277377735232645,29.994129532528426,12.402092060208364,90.25470862926592,0.41348398014879484,0.025965698461510284,True,0.0,2pct_UNFILTERED_early25pct
put,2019-04-15,2019-05-22,2019-04-23,early_25%,8,37,5.210877075195299,0.02,7.1388025634707555,33.55443555587215,19.684533397181227,140.52399747652305,0.5866447481855006,0.04037577439155491,True,0.0,2pct_UNFILTERED_early25pct
put,2019-04-24,2019-05-31,2019-04-26,early_25%,2,37,5.251491699218747,0.02,7.110907852366844,34.80616796661668,8.501112211490117,60.45062557853674,0.24424154418963073,0.017337072574894852,True,0.0,2pct_UNFILTERED_early25pct
call,2019-04-23,2019-05-30,2019-05-09,early_25%,16,37,5.2631719970702875,0.02,7.027544016807168,30.366741720824734,12.084303029183761,84.92297145002507,0.39794532914595365,0.02436594791796707,True,0.0,2pct_UNFILTERED_early25pct
call,2019-05-10,2019-06-14,2019-05-14,early_25%,4,35,5.177272949218775,0.02,7.152681589166593,31.690475636890646,9.668486153008331,69.15560290173482,0.3050912287903094,0.019892497377527338,True,0.0,2pct_UNFILTERED_early25pct
call,2019-05-15,2019-06-21,2019-05-20,early_25%,5,37,5.122643432617167,0.02,7.228505582981438,31.63333622482912,8.376221484785127,60.547563767058364,0.2647909605630089,0.017427551202792595,True,0.0,2pct_UNFILTERED_early25pct
call,2019-05-21,2019-06-27,2019-05-24,early_25%,3,37,5.148701171875018,0.02,7.196401221307523,31.248522083330393,10.391602009948503,74.78213739573512,0.3325469915741049,0.02148705127137709,True,0.0,2pct_UNFILTERED_early25pct
call,2019-05-28,2019-07-03,2019-05-31,early_25%,3,36,5.034408264160163,0.02,7.373888156853566,31.313416626494096,11.329336228995437,83.5412582440015,0.3618045377842849,0.023996353514078198,True,0.0,2pct_UNFILTERED_early25pct
put,2019-04-29,2019-06-05,2019-06-05,early_25%,37,37,5.280963745117191,0.02,7.072667519336034,34.96657034084768,34.96657034084768,247.3069263122921,1.0,0.0709074366325091,True,0.0,2pct_UNFILTERED_early25pct
put,2019-06-06,2019-07-12,2019-06-07,early_25%,1,36,5.117969970703115,0.02,7.356363322556479,36.48518987477161,7.938032984417049,58.39505469980913,0.21756863570294738,0.016700685453730796,True,0.0,2pct_UNFILTERED_early25pct
put,2019-06-10,2019-07-17,2019-06-17,early_25%,7,37,5.192907104492178,0.02,7.244491507431649,37.21669946016397,11.245903243160008,81.47085053847071,0.30217357815937984,0.02332816743239735,True,0.0,2pct_UNFILTERED_early25pct
put,2019-06-18,2019-07-25,2019-06-20,early_25%,2,37,5.254546508789076,0.02,7.1561141384701745,36.93357990852878,16.121269286487774,115.36564307112015,0.4364935466969184,0.03300015136392198,True,0.0,2pct_UNFILTERED_early25pct
put,2019-06-21,2019-07-26,2019-07-01,early_25%,10,35,5.3089953613281295,0.02,7.061363422629442,37.15594266084315,24.44183513363371,172.59268059458026,0.6578176566999544,0.04950309321840606,True,0.0,2pct_UNFILTERED_early25pct
put,2019-07-02,2019-08-08,2019-07-03,early_25%,1,37,5.352874145507826,0.02,6.9844623258604255,35.22791392582926,12.517963437264456,87.43124402407187,0.3553421716545705,0.02503294792243729,True,0.0,2pct_UNFILTERED_early25pct
call,2019-06-03,2019-07-10,2019-07-10,expired,37,37,4.934132080078143,0.02,7.471623018179204,30.99033458251581,-115.9616977087798,-866.4220898280578,-3.7418665939219418,-0.25076981346060656,False,115.9616977087798,2pct_UNFILTERED_early25pct
put,2019-07-05,2019-08-09,2019-07-11,early_25%,6,35,5.389532470703131,0.02,6.916601772843869,35.457654626638245,11.997496751551989,82.98190730147304,0.33836126156349433,0.023828404720134918,True,0.0,2pct_UNFILTERED_early25pct
call,2019-07-11,2019-08-16,2019-07-17,early_25%,6,36,5.404882202148428,0.02,6.866449593659696,31.541811639559636,6.824633926629431,46.86100485238083,0.2163678486390426,0.013409337037535914,True,0.0,2pct_UNFILTERED_early25pct
call,2019-07-18,2019-08-23,2019-07-22,early_25%,4,36,5.396213989257831,0.02,6.877851026445426,31.889242307406185,7.302040061128395,50.22234372957755,0.22898129691317617,0.014381677358711742,True,0.0,2pct_UNFILTERED_early25pct
put,2019-07-12,2019-08-16,2019-07-23,early_25%,11,35,5.429078979492175,0.02,6.875903123933281,34.60779437963223,8.062146880487834,55.434540921155254,0.2329575468476737,0.015860997910231867,True,0.0,2pct_UNFILTERED_early25pct
call,2019-07-23,2019-08-29,2019-08-02,early_25%,10,37,5.4178820800781295,0.02,6.849546025177336,31.510520573793787,13.079974385350685,89.59188656060014,0.41509864474371294,0.025633051782304267,True,0.0,2pct_UNFILTERED_early25pct
call,2019-08-05,2019-09-11,2019-08-13,early_25%,8,37,5.125166015624984,0.02,7.254398719665554,32.36843839092499,8.032969055888916,58.274360434153564,0.24817289480795857,0.016730188037850435,True,0.0,2pct_UNFILTERED_early25pct
call,2019-08-14,2019-09-20,2019-08-23,early_25%,9,37,5.126611938476572,0.02,7.262272963349737,32.447736604484504,14.00505604482429,101.70853986452525,0.4316188896481825,0.02916423068446486,True,0.0,2pct_UNFILTERED_early25pct
put,2019-07-24,2019-08-30,2019-08-29,early_25%,36,37,5.443345336914064,0.02,6.864160753571872,34.719999223999544,27.704271445414626,190.16657276191694,0.797934103243429,0.05436318937482443,True,0.0,2pct_UNFILTERED_early25pct
put,2019-08-30,2019-10-04,2019-09-04,early_25%,5,35,5.281007080078126,0.02,7.180420802273155,39.87831193963151,18.064689478169324,129.712072115652,0.4529953400614341,0.0370009438805969,True,0.0,2pct_UNFILTERED_early25pct
put,2019-09-05,2019-10-11,2019-09-09,early_25%,4,36,5.377976684570314,0.02,7.0303310961433025,38.64441208736393,10.02022819359603,70.44552185989,0.25929306857982903,0.020074452216285166,True,0.0,2pct_UNFILTERED_early25pct
put,2019-09-10,2019-10-17,2019-09-11,early_25%,1,37,5.38357360839845,0.02,7.014834922822314,37.889088528196005,11.344876986274798,79.58243927844362,0.29942332811284855,0.022668523888383828,True,0.0,2pct_UNFILTERED_early25pct
call,2019-08-26,2019-10-02,2019-09-18,early_25%,23,37,5.2006481933593705,0.02,7.1182824754485505,32.72945542143299,10.97926361748338,78.1534998016618,0.3354551267691907,0.022529174836180228,True,0.0,2pct_UNFILTERED_early25pct
call,2019-09-19,2019-10-25,2019-09-26,early_25%,7,36,5.436843261718764,0.02,6.875909254496778,32.440074769190055,7.264876810665768,49.9526336952358,0.22394759760435515,0.014210187773717419,True,0.0,2pct_UNFILTERED_early25pct
call,2019-09-27,2019-11-01,2019-10-02,early_25%,5,35,5.358910522460917,0.02,6.9901863122960615,33.19303092959442,12.684827127963011,88.6693049637288,0.38215332474062813,0.025233493250566584,True,0.0,2pct_UNFILTERED_early25pct
put,2019-09-12,2019-10-18,2019-10-11,early_25%,29,36,5.4406365966796955,0.02,6.926729140714819,37.07811165413191,30.582018767956423,211.83336058189127,0.8247997916730052,0.060321283097248594,True,0.0,2pct_UNFILTERED_early25pct
call,2019-10-03,2019-11-08,2019-10-14,early_25%,11,36,5.268564453125009,0.02,7.088052088997962,33.094128032879524,15.332349493192236,108.67649185446808,0.46329516456693803,0.031052085095650196,True,0.0,2pct_UNFILTERED_early25pct
put,2019-10-14,2019-11-20,2019-10-15,early_25%,1,37,5.368887329101568,0.02,7.0476767715734105,37.15838445553534,17.605011000270753,124.07442708990256,0.47378300370774606,0.03522902112051614,True,0.0,2pct_UNFILTERED_early25pct
put,2019-10-16,2019-11-22,2019-10-21,early_25%,5,37,5.413332519531252,0.02,6.983894820166787,36.504899474674225,8.846968650317812,61.78629853113252,0.24235017155588987,0.017524706381651677,True,0.0,2pct_UNFILTERED_early25pct
put,2019-10-22,2019-11-27,2019-10-24,early_25%,2,36,5.424399414062492,0.02,6.981156764594297,37.22305635400641,11.182292851156685,78.06533938152694,0.30041307583150967,0.02213364830433243,True,0.0,2pct_UNFILTERED_early25pct
put,2019-10-25,2019-11-29,2019-10-30,early_25%,5,35,5.471384277343759,0.02,6.894180723870506,35.21517596516473,17.858266470804896,123.11811646476609,0.5071184789327904,0.034884655871923326,True,0.0,2pct_UNFILTERED_early25pct
put,2019-10-31,2019-12-06,2019-11-01,early_25%,1,36,5.5027685546875205,0.02,6.872312374434815,36.35274315499585,17.93615968310195,123.26289214002034,0.49339219344818647,0.03490040504686757,True,0.0,2pct_UNFILTERED_early25pct
put,2019-11-04,2019-12-11,2019-11-08,early_25%,4,37,5.576059570312509,0.02,6.780987990366017,36.57058303631141,15.540857481106038,105.38236793936991,0.4249551467548471,0.02982687597955101,True,0.0,2pct_UNFILTERED_early25pct
call,2019-10-15,2019-11-21,2019-11-11,early_25%,27,37,5.422040405273435,0.02,6.907562070036247,32.160270580010696,9.655996059548677,66.6993921293579,0.30024610755452996,0.018931700823530802,True,0.0,2pct_UNFILTERED_early25pct
put,2019-11-11,2019-12-18,2019-11-15,early_25%,4,37,5.593837890625025,0.02,6.761488570441697,36.50776033312113,21.528249402254914,145.5630122749649,0.5896896770937693,0.041172760309111496,True,0.0,2pct_UNFILTERED_early25pct
put,2019-11-18,2019-12-24,2019-11-25,early_25%,7,36,5.660416259765611,0.02,6.681845826738449,36.411598927123684,17.473684630745044,116.75646672768755,0.4798933621596213,0.0329922469239343,True,0.0,2pct_UNFILTERED_early25pct
call,2019-11-12,2019-12-19,2019-12-02,early_25%,20,37,5.605629272460931,0.02,6.699760662790011,32.655438337886636,8.258611863923111,55.33072289516295,0.2529015773259892,0.015644051348851263,True,0.0,2pct_UNFILTERED_early25pct
put,2019-11-26,2020-01-02,2019-12-12,early_25%,16,37,5.697786254882828,0.02,6.631820411332029,35.57494386519329,18.05024220898528,119.70596471103552,0.5073863862550105,0.0337890636660208,True,0.0,2pct_UNFILTERED_early25pct
put,2019-12-13,2020-01-17,2019-12-16,early_25%,3,35,5.756565551757831,0.02,6.579696447938025,37.02369009136064,15.738072885323408,103.55174226095217,0.42508115335040136,0.0292185529430268,True,0.0,2pct_UNFILTERED_early25pct
put,2019-12-17,2020-01-23,2019-12-20,early_25%,3,37,5.797382812500018,0.02,6.539089541916304,37.289283537042,12.768676906255358,83.49552162180264,0.3424221571211299,0.023538944601409297,True,0.0,2pct_UNFILTERED_early25pct
put,2019-12-23,2020-01-29,2019-12-26,early_25%,3,37,5.855964355468757,0.02,6.477861991173671,38.1099160348635,9.472987182057675,61.3647036095268,0.2485701404692587,0.01730268571818202,True,0.0,2pct_UNFILTERED_early25pct
put,2019-12-27,2020-01-31,2020-01-02,early_25%,6,35,5.885863037109402,0.02,6.453719977214591,38.91512493747488,21.507743610136796,138.8049546015493,0.5526834012403504,0.039128381550091657,True,0.0,2pct_UNFILTERED_early25pct
call,2019-12-03,2020-01-09,2020-01-03,early_25%,31,37,5.615606689453102,0.02,6.712104245365552,34.50769163627677,14.484712554492372,97.22290062990795,0.41975315843106364,0.027482460356161448,True,0.0,2pct_UNFILTERED_early25pct
put,2020-01-03,2020-02-07,2020-01-08,early_25%,5,35,5.877660522460928,0.02,6.480983216197376,39.58808764107613,17.627892042317825,114.2460724632011,0.44528273762906734,0.03215724304974461,True,0.0,2pct_UNFILTERED_early25pct
put,2020-01-09,2020-02-14,2020-01-13,early_25%,4,36,5.954955444335951,0.02,6.386622628728072,38.41904227075784,11.181725323188015,71.4134599772943,0.29104643588939333,0.02007215396767807,True,0.0,2pct_UNFILTERED_early25pct
put,2020-01-14,2020-02-20,2020-01-16,early_25%,2,37,5.969540405273449,0.02,6.373606767662057,38.539689619676246,16.73564998708794,106.6664520189271,0.4342445450973128,0.029969949661725483,True,0.0,2pct_UNFILTERED_early25pct
call,2020-01-06,2020-02-12,2020-01-27,early_25%,21,37,5.900083007812498,0.02,6.408044450274332,35.195593681341606,14.536998448696227,93.15373223281443,0.4130346139438128,0.02620163212317787,True,0.0,2pct_UNFILTERED_early25pct
put,2020-01-17,2020-02-21,2020-02-05,early_25%,19,35,6.051575317382799,0.02,6.277502895615312,38.1467798330876,15.020604879846108,94.29189062712743,0.3937581349086141,0.026490864290273013,True,0.0,2pct_UNFILTERED_early25pct
put,2020-02-06,2020-03-13,2020-02-12,early_25%,6,36,6.088585205078118,0.02,6.290987552266819,42.35789144298595,26.892668485208002,169.1814426876817,0.6348915767302945,0.047471559792620494,True,0.0,2pct_UNFILTERED_early25pct
put,2020-02-13,2020-03-20,2020-02-19,early_25%,6,36,6.144732666015614,0.02,6.2286738694250525,41.79082550679355,10.140543106611254,63.162135869927866,0.24264998318740555,0.01770709625255158,True,0.0,2pct_UNFILTERED_early25pct
call,2020-01-28,2020-03-05,2020-02-21,early_25%,24,37,5.9593316650390875,0.02,6.34430819371307,36.74228941063679,16.971254236554206,107.6708673105585,0.4618997484582731,0.030349662220479023,True,0.0,2pct_UNFILTERED_early25pct
call,2020-02-24,2020-04-01,2020-02-25,early_25%,1,37,5.877841186523426,0.02,6.478114342213459,37.08682442704787,8.2260875361093,53.28953564797304,0.2218061983789023,0.014937584808150413,True,0.0,2pct_UNFILTERED_early25pct
call,2020-02-26,2020-04-03,2020-03-09,early_25%,12,37,5.678765258789042,0.02,6.64550890673129,35.53891381651789,14.386531487644483,95.60582313811156,0.40481066928269105,0.02702520198020214,True,0.0,2pct_UNFILTERED_early25pct
call,2020-03-10,2020-04-16,2020-03-16,early_25%,6,37,5.258009033203109,0.02,7.057577399396163,28.07575693233253,1.3571125504506156,9.57792686449715,0.04833752314217186,0.0027266304712535903,True,0.0,2pct_UNFILTERED_early25pct
call,2020-03-17,2020-04-23,2020-03-20,early_25%,3,37,4.608641967773451,0.02,7.887304373279181,16.38634166239088,9.914057607858442,78.19518992740363,0.6050195835115959,0.022304952864961952,True,0.0,2pct_UNFILTERED_early25pct
put,2020-02-20,2020-03-27,2020-03-27,expired,36,36,6.142728271484373,0.02,6.253211014794448,43.39856649450581,-570.8742606539315,-3569.7972147838013,-13.154219292616574,-1.0,False,570.8742606539315,2pct_UNFILTERED_early25pct
put,2020-03-30,2020-05-06,2020-04-06,early_25%,7,37,4.798029174804697,0.02,8.098623654602282,48.33049434724934,28.758022901710156,232.90040453138403,0.5950285278500752,0.0666508943790155,True,0.0,2pct_UNFILTERED_early25pct
put,2020-04-07,2020-05-14,2020-04-08,early_25%,1,37,4.861846008300773,0.02,7.969275622914593,46.79175808865288,15.84593146427407,126.2805953406147,0.33864791817080175,0.036063244374690794,True,0.0,2pct_UNFILTERED_early25pct
put,2020-04-09,2020-05-15,2020-04-14,early_25%,5,36,5.101515808105461,0.02,7.56714789122143,47.70907092707412,21.308038800799107,161.24108087753137,0.44662447594860083,0.04607716277244579,True,0.0,2pct_UNFILTERED_early25pct
put,2020-04-15,2020-05-22,2020-04-17,early_25%,2,37,5.093447875976551,0.02,7.57430017650963,47.55831786323241,19.384861092896326,146.8267567975393,0.40760190780176575,0.04197797545702178,True,0.0,2pct_UNFILTERED_early25pct
put,2020-04-20,2020-05-27,2020-04-24,early_25%,4,37,5.163681640624986,0.02,7.485151168921578,48.99153382804826,21.677927322956336,162.26256304122364,0.4424831318619678,0.046382137917512105,True,0.0,2pct_UNFILTERED_early25pct
call,2020-03-23,2020-04-29,2020-04-28,early_25%,36,37,4.088365478515641,0.02,8.974698465140428,18.25533197661635,6.442535967250018,57.81981765689074,0.35291256140958716,0.01649474092812677,True,0.0,2pct_UNFILTERED_early25pct
put,2020-04-27,2020-06-03,2020-04-29,early_25%,2,37,5.263802490234383,0.02,7.329129152476002,46.86753240710478,17.44766764766154,127.87620959918857,0.37227621663769517,0.03638624595981616,True,0.0,2pct_UNFILTERED_early25pct
call,2020-04-29,2020-06-05,2020-05-04,early_25%,5,37,5.3767651367187455,0.02,6.978468201233868,33.028524225829194,5.713455714016316,39.871169019420805,0.1729854980789072,0.011321665464848092,True,0.0,2pct_UNFILTERED_early25pct
put,2020-04-30,2020-06-05,2020-05-08,early_25%,8,36,5.326702270507809,0.02,7.266188327323935,47.56709976361457,30.373345491001793,220.6984484684943,0.6385368383177153,0.06261214117678052,True,0.0,2pct_UNFILTERED_early25pct
call,2020-05-05,2020-06-11,2020-05-13,early_25%,8,37,5.24803405761719,0.02,7.14333708536076,31.743530085661575,7.84746684575931,56.05710094545151,0.24721468672773667,0.015915849641991824,True,0.0,2pct_UNFILTERED_early25pct
put,2020-05-11,2020-06-17,2020-05-20,early_25%,9,37,5.363743286132802,0.02,7.194111076164652,45.56717589882157,18.961943894132506,136.41433059439134,0.4161316456441377,0.03863420447167804,True,0.0,2pct_UNFILTERED_early25pct
put,2020-05-21,2020-06-26,2020-05-26,early_25%,5,36,5.407388305664057,0.02,7.148758113666276,46.59564057154629,18.55981559265584,132.6796323061483,0.39831656706506197,0.037559589949724734,True,0.0,2pct_UNFILTERED_early25pct
put,2020-05-27,2020-07-02,2020-06-02,early_25%,6,36,5.566008300781249,0.02,6.94039978602148,47.144197169483185,19.534354147931403,135.5762273483709,0.41435331007346426,0.03834350734900413,True,0.0,2pct_UNFILTERED_early25pct
put,2020-06-03,2020-07-10,2020-06-05,early_25%,2,37,5.724628295898441,0.02,6.7390768498375335,47.716116912341775,22.33647600314018,150.5272283397136,0.4681117712108474,0.04256620472983827,True,0.0,2pct_UNFILTERED_early25pct
call,2020-05-14,2020-06-19,2020-06-15,early_25%,32,36,5.225661621093764,0.02,7.173474099501462,31.91880559030108,21.32807690430532,152.99640726520954,0.6681978385427466,0.043469258767882775,True,0.0,2pct_UNFILTERED_early25pct
call,2020-06-16,2020-07-23,2020-06-22,early_25%,6,37,5.738932495117183,0.02,6.547902732736427,34.69825822730439,7.681017511317485,50.294555552552104,0.22136608301777,0.014245342845304567,True,0.0,2pct_UNFILTERED_early25pct
call,2020-06-23,2020-07-30,2020-06-26,early_25%,3,37,5.747423095703141,0.02,6.561235451282499,35.275698054444405,9.970517890486647,65.41891545070739,0.28264551632963236,0.018482177909898954,True,0.0,2pct_UNFILTERED_early25pct
put,2020-06-08,2020-07-15,2020-07-06,early_25%,28,37,5.9267083740234625,0.02,6.4988137260346726,49.478285725012114,38.88775752631209,252.72429238670517,0.7859560402403689,0.07159110964653305,True,0.0,2pct_UNFILTERED_early25pct
put,2020-07-07,2020-08-13,2020-07-10,early_25%,3,37,5.779288940429694,0.02,6.725698476338872,49.92456380109155,17.155235204269104,115.38093927458769,0.3436231365509501,0.03249070930234667,True,0.0,2pct_UNFILTERED_early25pct
put,2020-07-13,2020-08-19,2020-07-14,early_25%,1,37,5.798812255859389,0.02,6.723974252134194,51.21479800384259,14.714790538313544,98.94187270516812,0.2873152118496984,0.02783379040279325,True,0.0,2pct_UNFILTERED_early25pct
put,2020-07-15,2020-08-21,2020-07-20,early_25%,5,37,5.927923583984352,0.02,6.557177834456722,50.44999392707608,23.447086385790143,153.7467151314951,0.46475895358247593,0.043232998050308814,True,0.0,2pct_UNFILTERED_early25pct
call,2020-06-29,2020-08-05,2020-07-23,early_25%,24,37,5.607631225585919,0.02,6.7063004399902235,34.33122564202989,12.57671765053944,84.34324711344546,0.36633465352144123,0.02389049319428457,True,0.0,2pct_UNFILTERED_early25pct
put,2020-07-21,2020-08-27,2020-07-29,early_25%,8,37,5.9861260986328375,0.02,6.48552110916416,49.45547262774165,11.537947075900867,74.82959931717396,0.23329970300250955,0.021010283384429656,True,0.0,2pct_UNFILTERED_early25pct
put,2020-07-30,2020-09-04,2020-08-03,early_25%,4,36,5.9667852783202875,0.02,6.507932607002113,49.07035264470082,17.923883950754053,116.64742880723415,0.36526910822373476,0.03273122053852206,True,0.0,2pct_UNFILTERED_early25pct
put,2020-08-04,2020-09-10,2020-08-06,early_25%,2,37,6.079138183593727,0.02,6.386629935586271,49.6045258797157,16.723134653616434,106.80447239562686,0.3371292106322674,0.0299531726927611,True,0.0,2pct_UNFILTERED_early25pct
put,2020-08-07,2020-09-11,2020-08-12,early_25%,5,35,6.162206420898428,0.02,6.287296486608166,48.91470841213225,13.004598957822644,81.76376933726652,0.26586275130686726,0.022923431936480717,True,0.0,2pct_UNFILTERED_early25pct
call,2020-07-24,2020-08-28,2020-08-17,early_25%,24,35,5.910058593750023,0.02,6.430017071597779,37.289527510936004,14.073332262602854,90.49176670280414,0.3774070952890333,0.025416140815687126,True,0.0,2pct_UNFILTERED_early25pct
put,2020-08-13,2020-09-18,2020-08-18,early_25%,5,36,6.203830566406225,0.02,6.250977981326861,49.39507584784197,12.893884977197551,80.5993910862231,0.2610358371938986,0.02258170996751142,True,0.0,2pct_UNFILTERED_early25pct
put,2020-08-19,2020-09-25,2020-08-24,early_25%,5,37,6.2111968994140625,0.02,6.255307176560159,49.91947020600092,21.671335284019058,135.5608591277658,0.43412590707771376,0.03793999815696461,True,0.0,2pct_UNFILTERED_early25pct
put,2020-08-25,2020-10-01,2020-08-28,early_25%,3,37,6.338099975585919,0.02,6.129027373661119,50.59705087622564,15.279947852218662,93.6512186543626,0.3019928550697082,0.026199603316660495,True,0.0,2pct_UNFILTERED_early25pct
put,2020-08-31,2020-10-07,2020-09-02,early_25%,2,37,6.4336901855468795,0.02,6.061602244538141,54.04228511660462,19.283967356706654,116.89173981301329,0.35683108726987584,0.03272203051812292,True,0.0,2pct_UNFILTERED_early25pct
call,2020-08-18,2020-09-24,2020-09-08,early_25%,21,37,6.237166748046889,0.02,6.116088621417934,39.460942368359554,16.285296116273322,99.60231427316094,0.41269404983422664,0.02787357523795978,True,0.0,2pct_UNFILTERED_early25pct
call,2020-09-09,2020-10-16,2020-09-11,early_25%,2,37,6.258347778320285,0.02,6.097716291277614,38.94976351196123,15.10463694723829,92.10379078700869,0.38779791159963656,0.025736961378606153,True,0.0,2pct_UNFILTERED_early25pct
put,2020-09-03,2020-10-09,2020-09-14,early_25%,11,36,6.361491088867183,0.02,6.155961978671573,56.58750041958236,28.047154904422,172.65721920153376,0.49564223011193753,0.04839374191572666,True,0.0,2pct_UNFILTERED_early25pct
call,2020-09-14,2020-10-21,2020-09-18,early_25%,4,37,6.233851928710919,0.02,6.13695520380482,39.248099601692886,15.233461451044558,93.48707052394802,0.38813246005897045,0.02607857235325238,True,0.0,2pct_UNFILTERED_early25pct
put,2020-09-15,2020-10-22,2020-10-01,early_25%,16,37,6.265347900390623,0.02,6.245536749758229,52.1845549487996,15.71158170604123,98.1272609419096,0.3010772386859772,0.027355402237403206,True,0.0,2pct_UNFILTERED_early25pct
put,2020-10-02,2020-11-06,2020-10-05,early_25%,3,35,6.173372192382828,0.02,6.351027484989416,52.10605470097188,13.989190473212595,88.84573318812528,0.26847533465149626,0.02474950312526366,True,0.0,2pct_UNFILTERED_early25pct
put,2020-10-06,2020-11-12,2020-10-07,early_25%,1,37,6.193529052734391,0.02,6.34609823084978,53.52586368676761,16.104132062962805,102.19840399413947,0.3008663654117549,0.028461227335130866,True,0.0,2pct_UNFILTERED_early25pct
put,2020-10-08,2020-11-13,2020-10-09,early_25%,1,36,6.357182006835956,0.02,6.167870766684334,53.18324003035012,11.034595594626019,68.05995959027756,0.2074825751181932,0.018942374861505306,True,0.0,2pct_UNFILTERED_early25pct
call,2020-09-21,2020-10-28,2020-10-19,early_25%,28,37,6.046332397460958,0.02,6.324558901208668,37.804854332988135,17.61021680489623,111.37685344562092,0.4658189302829751,0.03106798681590691,True,0.0,2pct_UNFILTERED_early25pct
call,2020-10-20,2020-11-25,2020-10-28,early_25%,8,36,6.349786987304697,0.02,6.030655850945816,39.496770217181634,6.405221931786002,38.627689119531716,0.16217077742219144,0.010756366608433645,True,0.0,2pct_UNFILTERED_early25pct
put,2020-10-12,2020-11-18,2020-11-05,early_25%,24,37,6.517138671874989,0.02,6.011488090247416,53.97904063044835,34.37694691061718,206.65660693224285,0.6368573155267587,0.05751203607898876,True,0.0,2pct_UNFILTERED_early25pct
put,2020-11-06,2020-12-11,2020-11-10,early_25%,4,35,6.475161132812502,0.02,6.06064737476726,53.10747235311637,13.710929893489663,83.09711126459608,0.2581732717822542,0.02306650500921531,True,0.0,2pct_UNFILTERED_early25pct
put,2020-11-11,2020-12-18,2020-11-16,early_25%,5,37,6.5955456542968705,0.02,5.950368196562586,53.61789565288194,26.21048429283419,155.96203215258376,0.48883836214906334,0.04325614474279753,True,0.0,2pct_UNFILTERED_early25pct
call,2020-10-29,2020-12-04,2020-11-18,early_25%,20,36,6.101992797851551,0.02,6.2271401583593535,35.95338305646851,16.032312225169207,99.83545528870677,0.4459194340624024,0.027918897316464374,True,0.0,2pct_UNFILTERED_early25pct
put,2020-11-17,2020-12-24,2020-11-24,early_25%,7,37,6.6685876464843545,0.02,5.884761993455359,53.71314688609592,21.678882503135277,127.57506381503485,0.40360477387607746,0.03535682532030784,True,0.0,2pct_UNFILTERED_early25pct
call,2020-11-19,2020-12-24,2020-11-30,early_25%,11,35,6.616071166992185,0.02,5.820515794123297,41.886375130180795,15.334600091195469,89.25528202736778,0.3660999559770041,0.02474437123464775,True,0.0,2pct_UNFILTERED_early25pct
put,2020-11-25,2020-12-31,2020-12-01,early_25%,6,36,6.7063140869140625,0.02,5.846533781609192,52.74391258868493,20.228364946278653,118.26581900513735,0.38352037142231676,0.03273794189697564,True,0.0,2pct_UNFILTERED_early25pct
put,2020-12-02,2021-01-08,2020-12-04,early_25%,2,37,6.782684326171875,0.02,5.789172909433154,53.50150329542783,10.91883973724034,63.211051209274,0.20408472780564746,0.017476660855102744,True,0.0,2pct_UNFILTERED_early25pct
put,2020-12-07,2021-01-13,2020-12-17,early_25%,10,37,6.825216674804665,0.02,5.754298453448079,53.93734457240779,20.75462622698568,119.42831359983664,0.3847913980845643,0.033018046220063615,True,0.0,2pct_UNFILTERED_early25pct
call,2020-12-01,2021-01-07,2020-12-18,early_25%,17,37,6.768446044921859,0.02,5.702653095840344,42.776059080176864,11.138294722585751,63.517830882135804,0.2603861824135974,0.01756638900191499,True,0.0,2pct_UNFILTERED_early25pct
call,2020-12-21,2021-01-27,2020-12-24,early_25%,3,37,6.8314666748046875,0.02,5.658548431063661,43.09048783866757,12.559313940761886,71.06748619473413,0.2914637213619961,0.019622205581688992,True,0.0,2pct_UNFILTERED_early25pct
put,2020-12-18,2021-01-22,2020-12-28,early_25%,10,35,6.855982055664072,0.02,5.733020455682478,53.940575872469346,24.49151580062018,140.41036107562613,0.4540462426379169,0.03877340294692119,True,0.0,2pct_UNFILTERED_early25pct
put,2020-12-29,2021-02-04,2021-01-07,early_25%,9,37,6.898321533203102,0.02,5.719187702660714,55.82420353495956,36.0578553057551,206.22164264899394,0.6459179535481253,0.056872875676027126,True,0.0,2pct_UNFILTERED_early25pct
call,2020-12-28,2021-02-03,2021-01-15,early_25%,18,37,6.9115075683593545,0.02,5.598535719951666,43.73483028273595,10.25241525106783,57.39851299888048,0.23442220273379927,0.0158359021311864,True,0.0,2pct_UNFILTERED_early25pct
put,2021-01-08,2021-02-12,2021-01-20,early_25%,12,35,7.0803173828124955,0.02,5.563274193438014,55.69764608794966,28.99476741829017,161.30584132291105,0.5205743771021459,0.04444772665614176,True,0.0,2pct_UNFILTERED_early25pct
call,2021-01-19,2021-02-25,2021-02-03,early_25%,15,37,7.031846923828141,0.02,5.507579736525295,44.49450893834877,17.493069490437815,96.34447505516417,0.39315119793042486,0.02655735568877302,True,0.0,2pct_UNFILTERED_early25pct
put,2021-01-21,2021-02-26,2021-02-04,early_25%,14,36,7.135656127929678,0.02,5.527437150238026,56.177217112597944,28.73269171126463,158.81814759118032,0.5114652022309097,0.043707330248090974,True,0.0,2pct_UNFILTERED_early25pct
put,2021-02-05,2021-03-12,2021-02-11,early_25%,6,35,7.200098266601572,0.02,5.481856171753215,56.07109792148961,14.967072601308615,82.04733931256207,0.2669302574075759,0.022542852154057418,True,0.0,2pct_UNFILTERED_early25pct
call,2021-02-04,2021-03-12,2021-02-19,early_25%,15,36,7.171873168945297,0.02,5.414547908886745,45.37769816397269,14.081433269876605,76.24459506553862,0.310316164980278,0.020960452004966386,True,0.0,2pct_UNFILTERED_early25pct
call,2021-02-22,2021-03-31,2021-03-03,early_25%,9,37,7.187470703124973,0.02,5.408590854761341,45.47066523900551,10.690529960611116,57.8207025775134,0.235108281447367,0.015878367161023837,True,0.0,2pct_UNFILTERED_early25pct
put,2021-02-12,2021-03-19,2021-03-09,early_25%,25,35,7.291654663085922,0.02,5.409378651125753,55.99195105704538,25.280291098642984,136.75066696324376,0.45149866402917577,0.03755390033310568,True,0.0,2pct_UNFILTERED_early25pct
put,2021-03-10,2021-04-16,2021-03-11,early_25%,1,37,7.234826660156273,0.02,5.480899322294368,58.16147508390066,12.776115758808913,70.02460420401017,0.21966629526467074,0.01920292925123433,True,0.0,2pct_UNFILTERED_early25pct
put,2021-03-12,2021-04-16,2021-03-15,early_25%,3,35,7.318024291992174,0.02,5.403471563819194,56.83428843931013,13.493222625304227,72.91024476011316,0.23741341707326585,0.019990902993010894,True,0.0,2pct_UNFILTERED_early25pct
call,2021-03-04,2021-04-09,2021-03-18,early_25%,14,36,6.995634155273422,0.02,5.546129128890885,43.66987961648747,13.042053208382875,72.33291119955709,0.29865099979480764,0.01988440576757792,True,0.0,2pct_UNFILTERED_early25pct
call,2021-03-19,2021-04-23,2021-03-24,early_25%,5,35,7.256658935546852,0.02,5.36512426846002,45.83178178647066,8.940026658076604,47.96435398392632,0.1950617303016498,0.01315030608691294,True,0.0,2pct_UNFILTERED_early25pct
put,2021-03-16,2021-04-22,2021-03-26,early_25%,10,37,7.352380371093773,0.02,5.379596883178634,56.788411637960245,26.033730241700468,140.05097406576516,0.45843385104115514,0.03837238501474752,True,0.0,2pct_UNFILTERED_early25pct
put,2021-03-29,2021-05-05,2021-04-01,early_25%,3,37,7.374038085937514,0.02,5.374763724241762,57.80085510963736,37.93086589703903,203.86944205248435,0.6562336461128698,0.05581327406330302,True,0.0,2pct_UNFILTERED_early25pct
put,2021-04-05,2021-05-12,2021-04-08,early_25%,3,37,7.571159057617194,0.02,5.220340548287976,56.57748189870762,17.04779242216614,88.99528204023039,0.30131762408032436,0.024335271045032338,True,0.0,2pct_UNFILTERED_early25pct
put,2021-04-09,2021-05-14,2021-04-15,early_25%,6,35,7.666740722656243,0.02,5.138819368787182,55.32929507699479,25.97481374059349,133.47987595080124,0.46945860605033235,0.03651508322483355,True,0.0,2pct_UNFILTERED_early25pct
put,2021-04-16,2021-05-21,2021-04-28,early_25%,12,35,7.7742462158203125,0.02,5.0608510671174685,55.547918590298615,14.506777089982222,73.41663831627177,0.26115788778656085,0.02009592085443484,True,0.0,2pct_UNFILTERED_early25pct
call,2021-03-25,2021-04-30,2021-04-28,early_25%,34,36,7.2607574462890625,0.02,5.362853399273887,45.73733344012224,24.848966685560733,133.26136545810294,0.543297232622714,0.03652442119524177,True,0.0,2pct_UNFILTERED_early25pct
call,2021-04-29,2021-06-04,2021-05-05,early_25%,6,36,7.826414184570297,0.02,4.997639237844529,48.719633076903015,12.256599056171588,61.254060365651355,0.2515741248876973,0.016700143394467324,True,0.0,2pct_UNFILTERED_early25pct
put,2021-04-29,2021-06-04,2021-05-07,early_25%,8,36,7.826414184570297,0.02,5.060751443754387,57.872309977841226,27.090135700288506,137.09644335673732,0.46810185580394265,0.03737760810078234,True,0.0,2pct_UNFILTERED_early25pct
call,2021-05-06,2021-06-11,2021-05-14,early_25%,8,36,7.807969970703141,0.02,5.008900260613171,48.85713274844585,17.790277177215525,89.1097239893354,0.3641285555747525,0.02430565411777095,True,0.0,2pct_UNFILTERED_early25pct
put,2021-05-10,2021-06-16,2021-05-24,early_25%,14,37,7.786915283203143,0.02,5.109067330431471,60.01793814668617,37.488515597887755,191.53135030753896,0.6246218506584543,0.05216348020918746,True,0.0,2pct_UNFILTERED_early25pct
call,2021-05-17,2021-06-23,2021-05-26,early_25%,9,37,7.741826782226553,0.02,5.065097178088148,48.79333583307533,17.053133131719207,86.37577650303247,0.34949717703374306,0.023508938076678546,True,0.0,2pct_UNFILTERED_early25pct
put,2021-05-25,2021-07-01,2021-05-27,early_25%,2,37,7.792504882812523,0.02,5.10842729252917,59.23327679946024,19.84797990497762,101.3919622481582,0.3350815787580822,0.02756597979669204,True,0.0,2pct_UNFILTERED_early25pct
put,2021-05-28,2021-07-02,2021-06-04,early_25%,7,35,7.82604064941404,0.02,5.0697961650604935,56.566265228952474,23.43774426857854,118.82458601050804,0.41434137774014346,0.03228171353869055,True,0.0,2pct_UNFILTERED_early25pct
call,2021-05-27,2021-07-02,2021-06-07,early_25%,11,36,7.812070312499998,0.02,5.021825876698349,48.278828806807496,11.327820656456666,56.886342899192165,0.234633294477504,0.015455566614432007,True,0.0,2pct_UNFILTERED_early25pct
put,2021-06-07,2021-07-14,2021-06-11,early_25%,4,37,7.866101074218761,0.02,5.049175544048991,56.998380312631525,18.81872979603969,95.01907025622965,0.330162536072437,0.02579280060450833,True,0.0,2pct_UNFILTERED_early25pct
call,2021-06-08,2021-07-15,2021-06-17,early_25%,9,37,7.867777099609384,0.02,4.992918641043995,48.85742235713968,10.765023935409651,53.74888867839164,0.22033548672951073,0.014588329005516603,True,0.0,2pct_UNFILTERED_early25pct
put,2021-06-14,2021-07-21,2021-06-24,early_25%,10,37,7.923301391601569,0.02,5.016964363703857,57.37437003664798,24.560705005687765,123.22018176097846,0.42807799005025365,0.03341793620448519,True,0.0,2pct_UNFILTERED_early25pct
put,2021-06-25,2021-07-30,2021-07-01,early_25%,6,35,7.974456787109375,0.02,4.978252884160593,56.12136733398868,25.3461904787733,126.17974585343694,0.45163173462851347,0.03419042123641519,True,0.0,2pct_UNFILTERED_early25pct
put,2021-07-02,2021-08-06,2021-07-12,early_25%,10,35,8.10736083984375,0.02,4.89444828316483,56.25500561706388,22.613807718463413,110.68211236345283,0.40198747596612,0.029972663817360995,True,0.0,2pct_UNFILTERED_early25pct
call,2021-06-18,2021-07-23,2021-07-13,early_25%,25,35,7.755940551757817,0.02,5.070842527385271,48.95415675157644,10.888688554665833,55.21482499045277,0.22242623052260402,0.014984985793209393,True,0.0,2pct_UNFILTERED_early25pct
put,2021-07-13,2021-08-19,2021-07-23,early_25%,10,37,8.142315673828136,0.02,4.8986447467271,59.89496058074795,31.8093166958004,155.82254212886127,0.531085025975038,0.04216859742582666,True,0.0,2pct_UNFILTERED_early25pct
call,2021-07-14,2021-08-20,2021-07-30,early_25%,16,37,8.154466552734391,0.02,4.829980432124144,50.30143562050182,12.19177197259291,58.88602006054334,0.2423742348940792,0.01593393209477671,True,0.0,2pct_UNFILTERED_early25pct
put,2021-07-26,2021-09-01,2021-08-05,early_25%,10,37,8.243817749023435,0.02,4.846282916459585,61.209409527063364,22.239982443138253,107.78124697654202,0.36334254185714665,0.02914149339278294,True,0.0,2pct_UNFILTERED_early25pct
call,2021-08-02,2021-09-08,2021-08-09,early_25%,7,37,8.179701538085965,0.02,4.825903400828485,51.505465137869336,13.323384838388385,64.29736820212518,0.25867905090701493,0.01738290756942112,True,0.0,2pct_UNFILTERED_early25pct
put,2021-08-06,2021-09-10,2021-08-12,early_25%,6,35,8.271295776367197,0.02,4.8202556970050825,58.961525595677465,24.53900560639302,118.28428157305561,0.4161867481968954,0.03194484011824268,True,0.0,2pct_UNFILTERED_early25pct
put,2021-08-13,2021-09-17,2021-08-24,early_25%,11,35,8.335412597656273,0.02,4.781395152998841,58.41123824396276,14.368067421653762,68.69940792785586,0.24598121617698818,0.0185363319994337,True,0.0,2pct_UNFILTERED_early25pct
call,2021-08-10,2021-09-16,2021-08-27,early_25%,17,37,8.274846801757803,0.02,4.770944698576852,51.26358626003999,10.98122936279615,52.390838012288754,0.2142111031228423,0.01414703806540482,True,0.0,2pct_UNFILTERED_early25pct
put,2021-08-25,2021-10-01,2021-08-30,early_25%,5,37,8.391301879882803,0.02,4.767240267340815,61.298328156797325,24.278268962702008,115.74034142032374,0.3960673919295107,0.031212746888462355,True,0.0,2pct_UNFILTERED_early25pct
call,2021-08-30,2021-10-06,2021-09-10,early_25%,11,37,8.453361816406243,0.02,4.676306752181715,52.07173924006432,10.788563135659409,50.45063063762284,0.20718653329248934,0.013600210168265311,True,0.0,2pct_UNFILTERED_early25pct
call,2021-09-13,2021-10-20,2021-09-21,early_25%,8,37,8.347748413085924,0.02,4.737629515256607,52.545549639066614,15.524576750341943,73.5496930242865,0.2954498878968756,0.019846580683788466,True,0.0,2pct_UNFILTERED_early25pct
put,2021-08-31,2021-10-07,2021-09-24,early_25%,24,37,8.440838012695338,0.02,4.73980276092342,61.2446572968095,25.21275484147192,119.50348500809395,0.4116727230472292,0.032206814178354866,True,0.0,2pct_UNFILTERED_early25pct
call,2021-09-22,2021-10-29,2021-09-30,early_25%,8,37,8.210969238281223,0.02,4.809597107252311,51.90230583989752,22.23182564274135,106.92612430026655,0.4283398450797084,0.02890273166612521,True,0.0,2pct_UNFILTERED_early25pct
call,2021-10-01,2021-11-05,2021-10-08,early_25%,7,35,8.143085327148412,0.02,4.857129483799763,51.44785497623986,13.055939157902927,63.41438702254616,0.2537703304429805,0.017114447682118727,True,0.0,2pct_UNFILTERED_early25pct
put,2021-09-27,2021-11-03,2021-10-14,early_25%,17,37,8.30060729980471,0.02,4.844183489955408,63.00664653371854,46.12740902562673,223.44963323636108,0.7321038582959857,0.06013579748947234,True,0.0,2pct_UNFILTERED_early25pct
put,2021-10-15,2021-11-19,2021-10-19,early_25%,4,35,8.361175537109375,0.02,4.795943820968998,59.810834204808415,28.63147199194995,137.31493118503928,0.4787004289876325,0.03688164906026412,True,0.0,2pct_UNFILTERED_early25pct
put,2021-10-20,2021-11-26,2021-10-25,early_25%,5,37,8.483818359374993,0.02,4.72435504044875,60.145642593898586,21.63690955437543,102.22044271294727,0.35974193010900446,0.027449779313728703,True,0.0,2pct_UNFILTERED_early25pct
put,2021-10-26,2021-12-02,2021-11-01,early_25%,6,37,8.55038940429688,0.02,4.693252948000401,61.33676307486954,20.874659280711327,97.97005620770237,0.3403286745867413,0.026300367916692095,True,0.0,2pct_UNFILTERED_early25pct
put,2021-11-02,2021-12-09,2021-11-03,early_25%,1,37,8.661779174804678,0.02,4.633370949894686,62.20841219929489,18.819083335270626,87.19579402929011,0.30251669621434146,0.023407707893956763,True,0.0,2pct_UNFILTERED_early25pct
call,2021-10-11,2021-11-17,2021-11-15,early_25%,35,37,8.15152404785158,0.02,4.869621001068202,51.42088027831867,24.306808295454818,118.36494414448556,0.472703076335775,0.03182637813877113,True,0.0,2pct_UNFILTERED_early25pct
put,2021-11-04,2021-12-10,2021-11-16,early_25%,12,36,8.755729980468743,0.02,4.575484455368324,61.67431431593824,25.308063962808234,115.79665325729634,0.4103501472778916,0.031094857957989695,True,0.0,2pct_UNFILTERED_early25pct
call,2021-11-16,2021-12-23,2021-12-06,early_25%,20,37,8.800172119140598,0.02,4.5244123929058055,54.3058947616344,18.23132501787297,82.48603284995812,0.3357153969729432,0.02207953874332994,True,0.0,2pct_UNFILTERED_early25pct
put,2021-11-17,2021-12-23,2021-12-07,early_25%,20,36,8.778795166015641,0.02,4.592309295189687,64.25422874514598,15.926662550794859,73.14016047336472,0.24786948441892273,0.01957493552438044,True,0.0,2pct_UNFILTERED_early25pct
call,2021-12-07,2022-01-13,2021-12-10,early_25%,3,37,8.781419677734391,0.02,4.534346648445194,55.57457576630244,14.14099903271515,64.12019156965867,0.2544508678245192,0.01719129541253741,True,0.0,2pct_UNFILTERED_early25pct
put,2021-12-08,2022-01-14,2021-12-15,early_25%,7,37,8.804674072265641,0.02,4.603212789357283,68.12589759562755,18.984490786143837,87.38965078621281,0.2786677527366964,0.023370085808823042,True,0.0,2pct_UNFILTERED_early25pct
call,2021-12-13,2022-01-19,2021-12-20,early_25%,7,37,8.749353027343773,0.02,4.565868505960488,55.2389030997657,21.885816230728615,99.92775905512265,0.3962029476074344,0.026699905282595422,True,0.0,2pct_UNFILTERED_early25pct
put,2021-12-16,2022-01-21,2021-12-22,early_25%,6,36,8.747103881835926,0.02,4.6394393112409205,68.1034574483481,33.46140060432898,155.24213737290455,0.4913318920659382,0.041484147146898416,True,0.0,2pct_UNFILTERED_early25pct
put,2021-12-23,2022-01-28,2021-12-27,early_25%,4,36,8.855929565429676,0.02,4.572510920929823,65.93588027320594,30.830212509259717,140.9714833931773,0.46757868980461686,0.037613550107524506,True,0.0,2pct_UNFILTERED_early25pct
put,2021-12-28,2022-02-03,2022-01-03,early_25%,6,37,8.973922119140639,0.02,4.511940777211175,66.57750814536544,20.38978982866457,91.99752416671731,0.30625642798383906,0.024541922207410947,True,0.0,2pct_UNFILTERED_early25pct
call,2021-12-21,2022-01-27,2022-01-05,early_25%,15,37,8.714040527343741,0.02,4.579426711346542,55.0953827605095,23.43795119724149,107.33237977188435,0.42540681311031775,0.02871211841715695,True,0.0,2pct_UNFILTERED_early25pct
call,2022-01-06,2022-02-11,2022-01-10,early_25%,4,36,8.80587341308592,0.02,4.539956219452618,55.42905314696011,12.450058511788626,56.52272057314378,0.22461250562551643,0.015088085147306805,True,0.0,2pct_UNFILTERED_early25pct
call,2022-01-11,2022-02-17,2022-01-14,early_25%,3,37,8.839934082031277,0.02,4.52176878090145,55.394790822491494,11.67750033493995,52.80295645349769,0.2108050262769226,0.014093072435789035,True,0.0,2pct_UNFILTERED_early25pct
call,2022-01-18,2022-02-24,2022-01-21,early_25%,3,37,8.590402832031259,0.02,4.658484559666459,54.37063401362118,12.519937924146582,58.323937507619384,0.230270221256019,0.015559102964498736,True,0.0,2pct_UNFILTERED_early25pct
call,2022-01-24,2022-03-02,2022-01-27,early_25%,3,37,8.27707702636718,0.02,4.787969053926067,51.22964973641459,11.44096293169747,54.77897646408273,0.22332697940671473,0.014734431821946732,True,0.0,2pct_UNFILTERED_early25pct
call,2022-01-28,2022-03-04,2022-02-04,early_25%,7,35,8.316784667968761,0.02,4.7596608941685625,52.19268748223642,12.819078079005727,61.01446463193702,0.24561061515310265,0.01644555733945122,True,0.0,2pct_UNFILTERED_early25pct
put,2022-01-04,2022-02-10,2022-02-09,early_25%,36,37,8.986718139648417,0.02,4.506556694679919,65.81602980752571,61.317479994040056,276.3306999680432,0.9316496326709262,0.07362316641179496,True,0.0,2pct_UNFILTERED_early25pct
call,2022-02-07,2022-03-16,2022-02-17,early_25%,10,37,8.416708374023415,0.02,4.741326369944552,53.26979951276787,14.522890479513542,68.85776359833424,0.2726289682399246,0.018420689194409298,True,0.0,2pct_UNFILTERED_early25pct
call,2022-02-18,2022-03-25,2022-02-23,early_25%,5,35,8.171506347656248,0.02,4.908517734108435,51.26447526072291,15.177316786061844,74.4981286005662,0.29605914639470005,0.019816674577163063,True,0.0,2pct_UNFILTERED_early25pct
call,2022-02-24,2022-04-01,2022-03-07,early_25%,11,36,8.059911499023428,0.02,4.959061764643893,49.889573043248745,9.595903924927903,47.58668025130623,0.1923428752659261,0.012691289396313718,True,0.0,2pct_UNFILTERED_early25pct
call,2022-03-08,2022-04-14,2022-03-14,early_25%,6,37,7.8331518554687705,0.02,5.092863551221538,46.86017309095305,11.233912058725643,57.21278126151194,0.23973261978612906,0.015254037067740074,True,0.0,2pct_UNFILTERED_early25pct
put,2022-02-10,2022-03-18,2022-03-15,early_25%,33,36,8.455474853515625,0.02,4.8464093410971705,68.85729123349056,29.54016236254777,143.16371881137857,0.429005582900132,0.03803339167438631,True,0.0,2pct_UNFILTERED_early25pct
put,2022-03-16,2022-04-22,2022-03-17,early_25%,1,37,8.197662353515625,0.02,5.025948362519334,69.03870750781842,15.828931808879794,79.55539390526961,0.22927618984013015,0.02108478938336522,True,0.0,2pct_UNFILTERED_early25pct
put,2022-03-18,2022-04-22,2022-03-22,early_25%,4,35,8.391134643554665,0.02,4.892808414560466,68.0333668645655,25.077390168800427,122.69886563312262,0.36860427940781126,0.03252241920184738,True,0.0,2pct_UNFILTERED_early25pct
put,2022-03-23,2022-04-29,2022-03-24,early_25%,1,37,8.377543334960933,0.02,4.904385582715197,68.20355257148077,29.4636322708591,144.5010133236236,0.4319955656265812,0.03828679406375061,True,0.0,2pct_UNFILTERED_early25pct
put,2022-03-25,2022-04-29,2022-03-28,early_25%,3,35,8.545358886718759,0.02,4.7944050714770725,66.4872207482327,21.845093198470252,104.73422561763508,0.3285607813446002,0.027720487436426834,True,0.0,2pct_UNFILTERED_early25pct
call,2022-03-15,2022-04-21,2022-04-05,early_25%,21,37,8.019828491210944,0.02,4.996493704807801,49.655987517043364,17.67829580736999,88.3294937132543,0.35601539091941914,0.023498158459579317,True,0.0,2pct_UNFILTERED_early25pct
call,2022-04-06,2022-05-13,2022-04-12,early_25%,6,37,8.428887939453148,0.02,4.784878230679898,53.34874942950108,16.272642825869227,77.86261441313108,0.30502388528100516,0.020610281820282395,True,0.0,2pct_UNFILTERED_early25pct
call,2022-04-13,2022-05-20,2022-04-18,early_25%,5,37,8.368291015625005,0.02,4.806077484972341,52.957725923726805,17.114790821339312,82.25501082645015,0.3231783563740852,0.02183367240243023,True,0.0,2pct_UNFILTERED_early25pct
call,2022-04-19,2022-05-26,2022-04-22,early_25%,3,37,8.400950927734357,0.02,4.793547585660204,53.14249852972449,11.638032157804936,55.78746095188167,0.21899670658682655,0.01478873345476355,True,0.0,2pct_UNFILTERED_early25pct
call,2022-04-25,2022-06-01,2022-05-02,early_25%,7,37,8.088916625976537,0.02,4.953229871669674,50.728815160017035,13.753235518225544,68.12293700098311,0.27111288672607203,0.018140212969690296,True,0.0,2pct_UNFILTERED_early25pct
put,2022-03-29,2022-05-05,2022-05-05,expired,37,37,8.712605590820317,0.02,4.696480810817669,66.29685511750183,-804.9637039645298,-3780.496589074129,-12.141808273376544,-0.9999999999999999,False,804.9637039645298,2pct_UNFILTERED_early25pct
call,2022-05-03,2022-06-09,2022-05-09,early_25%,6,37,7.85994079589841,0.02,5.060451130566232,48.81212913309745,17.612324736433095,89.12630862438247,0.3608186131034985,0.02389142154867037,True,0.0,2pct_UNFILTERED_early25pct
call,2022-05-10,2022-06-16,2022-05-12,early_25%,2,37,7.533559570312491,0.02,5.239857602450018,45.761900266345414,10.910235186261978,57.16807878525251,0.23841307119594576,0.01541877730876261,True,0.0,2pct_UNFILTERED_early25pct
put,2022-05-06,2022-06-10,2022-05-17,early_25%,11,35,7.764799804687527,0.02,5.2354737086632595,67.0527016024818,32.006523069277755,167.56931003492778,0.477333833005367,0.04511600275707903,True,0.0,2pct_UNFILTERED_early25pct
call,2022-05-13,2022-06-17,2022-05-18,early_25%,5,35,7.583206787109361,0.02,5.215825204918672,47.36468872914252,14.809423354138474,77.24336360082667,0.31266801812689926,0.020830295493421074,True,0.0,2pct_UNFILTERED_early25pct
put,2022-05-18,2022-06-24,2022-05-23,early_25%,5,37,7.3970794677734375,0.02,5.5121427246641925,64.711589739705,27.23129506482318,150.10278497474903,0.42081016977573815,0.040342877085045845,True,0.0,2pct_UNFILTERED_early25pct
put,2022-05-24,2022-06-30,2022-05-26,early_25%,2,37,7.435401611328132,0.02,5.4818222455138566,64.24193503803437,34.12401818215449,187.06180197725377,0.5311797996425761,0.05023422242441326,True,0.0,2pct_UNFILTERED_early25pct
put,2022-05-27,2022-07-01,2022-06-02,early_25%,6,35,7.838798828124993,0.02,5.181623690290927,64.90059492221157,19.145320489950862,99.20384620894168,0.2949945299099034,0.02662847290932299,True,0.0,2pct_UNFILTERED_early25pct
put,2022-06-03,2022-07-08,2022-06-07,early_25%,4,35,7.7496997070312545,0.02,5.235735107653121,63.51067534401089,22.90142751506898,119.90580805601984,0.3605917806891752,0.032189371429196534,True,0.0,2pct_UNFILTERED_early25pct
call,2022-05-19,2022-06-24,2022-06-09,early_25%,21,36,7.351776733398424,0.02,5.398138478888372,45.72931925238044,26.84193750466764,144.89649569186332,0.5869743513242958,0.03893248471119351,True,0.0,2pct_UNFILTERED_early25pct
call,2022-06-10,2022-07-15,2022-06-14,early_25%,4,35,7.358193969726585,0.02,5.407648804341016,46.162107287947386,15.223192717206615,82.32167989545522,0.329776815045471,0.02207356167316982,True,0.0,2pct_UNFILTERED_early25pct
call,2022-06-15,2022-07-22,2022-06-17,early_25%,2,37,7.1580999755859125,0.02,5.519752847528914,44.36947930990238,13.537219631702072,74.72210660971183,0.30510206209881835,0.02016145773718133,True,0.0,2pct_UNFILTERED_early25pct
call,2022-06-21,2022-07-28,2022-06-30,early_25%,9,37,7.110722045898456,0.02,5.548470440339127,43.94151913345847,8.81007135877433,48.882420511437736,0.20049537504646855,0.013205915348875493,True,0.0,2pct_UNFILTERED_early25pct
call,2022-07-01,2022-08-05,2022-07-12,early_25%,11,35,7.227694702148426,0.02,5.488763768598479,45.499656048554925,14.528301895163825,79.74241706143582,0.31930575210634465,0.021451276273176324,True,0.0,2pct_UNFILTERED_early25pct
put,2022-06-08,2022-07-15,2022-07-15,early_25%,37,37,7.762536010742167,0.02,5.235104757385301,63.49071805394689,63.49071805394689,332.3805601340262,1.0,0.08907691402912365,True,0.0,2pct_UNFILTERED_early25pct
put,2022-07-18,2022-08-24,2022-07-19,early_25%,1,37,7.2411547851562545,0.02,5.644663319813894,60.1256663349179,28.788899987827275,162.50364777907927,0.4788121569824193,0.04335744232773297,True,0.0,2pct_UNFILTERED_early25pct
put,2022-07-20,2022-08-26,2022-07-21,early_25%,1,37,7.484201660156259,0.02,5.4548945385740755,61.15652837269526,12.808010840081643,69.86634838155891,0.20942998533252377,0.018636241085020232,True,0.0,2pct_UNFILTERED_early25pct
put,2022-07-22,2022-08-26,2022-07-27,early_25%,5,35,7.4902697753906295,0.02,5.440723642913134,60.10086939521021,22.582303833039717,122.86407437586706,0.3757400526861502,0.03277899264680555,True,0.0,2pct_UNFILTERED_early25pct
put,2022-07-28,2022-09-02,2022-07-29,early_25%,1,36,7.698432006835958,0.02,5.295664692460788,61.459580064196,22.400994429933213,118.62815527860809,0.36448336299295964,0.03162268829754439,True,0.0,2pct_UNFILTERED_early25pct
put,2022-08-01,2022-09-07,2022-08-03,early_25%,2,37,7.787535400390652,0.02,5.233256530514919,62.82998856102259,15.653811844175138,81.92041306098133,0.2491455466201722,0.021865200288295365,True,0.0,2pct_UNFILTERED_early25pct
put,2022-08-04,2022-09-09,2022-08-10,early_25%,6,36,7.8519946289062545,0.02,5.181307426462185,61.922906882544005,36.65313824346369,189.91117738400354,0.5919156591435174,0.0506765191530059,True,0.0,2pct_UNFILTERED_early25pct
put,2022-08-11,2022-09-16,2022-08-12,early_25%,1,36,7.96233215332029,0.02,5.105018899359496,61.63898507474417,26.278815874201094,134.1538516905849,0.42633433763283235,0.03577324023494874,True,0.0,2pct_UNFILTERED_early25pct
call,2022-07-13,2022-08-19,2022-08-19,early_25%,37,37,7.182004394531248,0.02,5.553843016151137,45.0742290206395,45.0742290206395,250.3351920546756,1.0,0.06696252251368906,True,0.0,2pct_UNFILTERED_early25pct
call,2022-08-22,2022-09-28,2022-08-26,early_25%,4,37,7.836449584960917,0.02,5.132644165071105,49.55634421712129,12.661323380837452,64.9860675727337,0.2554934909113629,0.01724767709859325,True,0.0,2pct_UNFILTERED_early25pct
call,2022-08-29,2022-10-05,2022-08-31,early_25%,2,37,7.633215332031227,0.02,5.245805884867044,48.00541981660723,15.472781013833988,81.1672056976294,0.32231321115290523,0.021630689878606703,True,0.0,2pct_UNFILTERED_early25pct
call,2022-09-01,2022-10-07,2022-09-06,early_25%,5,36,7.515482788085933,0.02,5.315178941697824,47.40431934686532,10.316528198660151,54.83419343295022,0.2176284427411011,0.014651163387876625,True,0.0,2pct_UNFILTERED_early25pct
call,2022-09-07,2022-10-14,2022-09-15,early_25%,8,37,7.541265869140602,0.02,5.289800931401181,47.62276685094595,20.068304101527122,106.15733372790031,0.42140147304625786,0.028405089302608943,True,0.0,2pct_UNFILTERED_early25pct
put,2022-08-15,2022-09-21,2022-09-21,expired,37,37,8.1304931640625,0.02,4.984204332334437,62.959634568743674,-750.0896818375063,-3738.6002418538587,-11.913818861488254,-1.0,False,750.0896818375063,2pct_UNFILTERED_early25pct
call,2022-09-16,2022-10-21,2022-09-21,early_25%,5,35,7.339622192382819,0.02,5.431410106622781,46.25607320584485,15.102911955511257,82.03010863459787,0.3265065732731259,0.0219612868703356,True,0.0,2pct_UNFILTERED_early25pct
call,2022-09-22,2022-10-28,2022-09-29,early_25%,7,36,7.123750610351578,0.02,5.548304630255563,44.6880578015027,14.083539562573971,78.13976776541658,0.31515219625634283,0.02109302636469843,True,0.0,2pct_UNFILTERED_early25pct
put,2022-09-22,2022-10-28,2022-10-04,early_25%,12,36,7.123750610351578,0.02,5.680122329448603,60.18296432685227,22.36012983598861,127.00827277076884,0.3715358671027114,0.034284576505669045,True,0.0,2pct_UNFILTERED_early25pct
call,2022-09-30,2022-11-04,2022-10-12,early_25%,12,35,6.799371948242197,0.02,5.796232598562264,41.89463130736979,10.350679651585466,59.99494681379477,0.24706458389967145,0.016222553546480004,True,0.0,2pct_UNFILTERED_early25pct
call,2022-10-13,2022-11-18,2022-10-14,early_25%,1,36,6.966701049804669,0.02,5.651602686599377,42.72930582484291,9.142232379862747,51.66826507954812,0.21395696006246454,0.013980214098382153,True,0.0,2pct_UNFILTERED_early25pct
put,2022-10-05,2022-11-11,2022-10-21,early_25%,16,37,7.178385620117183,0.02,5.639751031827923,61.53491294877054,16.162521280939778,91.15259607112088,0.26265611677058043,0.024626590609417118,True,0.0,2pct_UNFILTERED_early25pct
put,2022-10-24,2022-11-30,2022-10-25,early_25%,1,37,7.2122686767577875,0.02,5.634255430906835,62.52547167709914,16.783579050617426,94.56297141599542,0.26842786788227707,0.025479798817142733,True,0.0,2pct_UNFILTERED_early25pct
put,2022-10-26,2022-12-02,2022-10-28,early_25%,2,37,7.272233886718766,0.02,5.574733263743286,61.610436413995274,24.533022171986218,136.76505476232313,0.39819588368332604,0.03685778963399931,True,0.0,2pct_UNFILTERED_early25pct
call,2022-10-17,2022-11-23,2022-11-02,early_25%,16,37,6.982882690429676,0.02,5.643944509100584,42.858522373506844,25.47603586446801,143.78533273091378,0.594421703166699,0.0388692090859828,True,0.0,2pct_UNFILTERED_early25pct
put,2022-10-31,2022-12-07,2022-11-10,early_25%,10,37,7.3519946289062545,0.02,5.512134201094726,61.42186711378258,45.75140484246334,252.18788338027304,0.7448716066821922,0.06790282895903285,True,0.0,2pct_UNFILTERED_early25pct
put,2022-11-11,2022-12-16,2022-11-22,early_25%,11,35,7.5861425781250205,0.02,5.320000793452994,60.46815275653038,31.388009626014806,166.984236115309,0.5190833222968763,0.044959084350256986,True,0.0,2pct_UNFILTERED_early25pct
put,2022-11-23,2022-12-30,2022-11-30,early_25%,7,37,7.660573120117192,0.02,5.265460628309701,59.69324689168906,25.37708144861665,133.62202322909948,0.42512483019498537,0.03592634832620542,True,0.0,2pct_UNFILTERED_early25pct
call,2022-11-03,2022-12-09,2022-12-05,early_25%,32,36,7.062643432617165,0.02,5.613045028193381,44.57508551925088,26.61073124345613,149.36723270267169,0.596986655964207,0.04021635674462351,True,0.0,2pct_UNFILTERED_early25pct
call,2022-12-06,2023-01-12,2022-12-15,early_25%,9,37,7.4970513916015875,0.02,5.310479846961133,47.451943904851305,20.188584727312158,107.21107233305854,0.42545327052972753,0.028748298852485112,True,0.0,2pct_UNFILTERED_early25pct
call,2022-12-16,2023-01-20,2022-12-19,early_25%,3,35,7.3295324707031,0.02,5.423851321850212,46.39867883981158,10.272843007165626,55.71837312357499,0.2214037826945881,0.0149628936759426,True,0.0,2pct_UNFILTERED_early25pct
call,2022-12-20,2023-01-26,2022-12-28,early_25%,8,37,7.277325439453136,0.02,5.4513795346384315,46.04033412025525,17.56839965024005,95.77201430966758,0.3815871449662418,0.025771747714043263,True,0.0,2pct_UNFILTERED_early25pct
put,2022-12-01,2023-01-06,2023-01-04,early_25%,34,36,7.754993896484393,0.02,5.193458474983209,59.6895915135375,22.442649604210168,116.55496878806386,0.3759893313915578,0.03135281140700538,True,0.0,2pct_UNFILTERED_early25pct
call,2022-12-29,2023-02-03,2023-01-05,early_25%,7,36,7.332783203125018,0.02,5.408649502410335,46.376927866559456,14.866522344756575,80.40780868253978,0.32055858437911383,0.021642876995516556,True,0.0,2pct_UNFILTERED_early25pct
put,2023-01-05,2023-02-10,2023-01-06,early_25%,1,36,7.255140991210965,0.02,5.6063037971009715,58.02034081592048,31.336137288148976,175.67990546502693,0.5400888179469381,0.04694596301201995,True,0.0,2pct_UNFILTERED_early25pct
put,2023-01-09,2023-02-15,2023-01-10,early_25%,1,37,7.4173089599609625,0.02,5.488693163636427,59.16441492395775,14.741441794585057,80.9112508000833,0.24916061138324094,0.021597078384848315,True,0.0,2pct_UNFILTERED_early25pct
put,2023-01-11,2023-02-17,2023-01-12,early_25%,1,37,7.563795776367215,0.02,5.379445781251381,59.59397307653636,17.79918699966779,95.74976141506733,0.2986742799780835,0.02554471114669875,True,0.0,2pct_UNFILTERED_early25pct
call,2023-01-06,2023-02-10,2023-01-18,early_25%,12,35,7.421515502929708,0.02,5.383349678422879,46.89203293341808,14.470757160364961,77.90114590578628,0.3085973513008482,0.020813461447204362,True,0.0,2pct_UNFILTERED_early25pct
put,2023-01-13,2023-02-17,2023-01-23,early_25%,10,35,7.6207849121094,0.02,5.316308392053674,56.889979160450764,14.999833631752601,79.7437414158953,0.263663897458066,0.021270672132955366,True,0.0,2pct_UNFILTERED_early25pct
put,2023-01-24,2023-03-02,2023-01-26,early_25%,2,37,7.653296508789083,0.02,5.302872950110672,58.537958380065945,19.23762336887384,102.01467258721803,0.32863502420038054,0.027218236395591688,True,0.0,2pct_UNFILTERED_early25pct
put,2023-01-27,2023-03-03,2023-02-01,early_25%,5,35,7.758095092773431,0.02,5.223232877541951,58.08778675649792,29.291913344253143,152.99848482581282,0.5042697437766716,0.040812354461519595,True,0.0,2pct_UNFILTERED_early25pct
put,2023-02-02,2023-03-10,2023-02-15,early_25%,13,36,7.970365600585922,0.02,5.088144748796029,60.197482851965866,16.817855729116538,85.57168431411353,0.2793780558976864,0.022824326571920437,True,0.0,2pct_UNFILTERED_early25pct
call,2023-01-19,2023-02-24,2023-02-17,early_25%,29,36,7.432226562499977,0.02,5.380204253670126,46.91974947219709,19.539698718929934,105.12757016301954,0.41644934038934794,0.028062066851553887,True,0.0,2pct_UNFILTERED_early25pct
call,2023-02-21,2023-03-30,2023-02-24,early_25%,3,37,7.632069702148442,0.02,5.26206338637183,48.30356808374737,13.504935441374123,71.06382632137006,0.2795846347822514,0.01889057374900788,True,0.0,2pct_UNFILTERED_early25pct
put,2023-02-16,2023-03-24,2023-03-03,early_25%,15,36,7.8078155517578125,0.02,5.213864097650958,60.41426051706941,25.76524397946868,134.33648055176923,0.426476195503361,0.03576681530451139,True,0.0,2pct_UNFILTERED_early25pct
call,2023-02-27,2023-04-05,2023-03-07,early_25%,8,37,7.606062011718734,0.02,5.272009778487756,48.085316569936055,16.79573183314837,88.54726246121629,0.3492902414133094,0.023572266015095975,True,0.0,2pct_UNFILTERED_early25pct
call,2023-03-08,2023-04-14,2023-03-22,early_25%,14,37,7.628817749023426,0.02,5.264080190705311,47.96911281741243,23.78636088310566,125.2133111337242,0.4958682678507114,0.03327170176806841,True,0.0,2pct_UNFILTERED_early25pct
call,2023-03-23,2023-04-28,2023-03-28,early_25%,5,36,7.547552490234352,0.02,5.324550109161632,47.778034961869274,11.04237630957595,58.79568598455644,0.2311182600621532,0.015619140320149473,True,0.0,2pct_UNFILTERED_early25pct
put,2023-03-06,2023-04-12,2023-03-29,early_25%,23,37,7.734954223632826,0.02,5.267728811810669,58.55637531946386,42.05629994074337,221.5411829160052,0.7182189763505402,0.058825014684315786,True,0.0,2pct_UNFILTERED_early25pct
put,2023-03-30,2023-05-05,2023-03-31,early_25%,1,36,7.749692993164047,0.02,5.272763231552327,58.831641659186054,20.790646006750634,109.62415382461495,0.3533922464239846,0.02903163349175828,True,0.0,2pct_UNFILTERED_early25pct
put,2023-04-03,2023-05-10,2023-04-13,early_25%,10,37,7.888869628906264,0.02,5.176462293852772,59.65716996619261,30.821364468537457,159.54563101647773,0.5166414110157045,0.04226564077275887,True,0.0,2pct_UNFILTERED_early25pct
put,2023-04-14,2023-05-19,2023-04-18,early_25%,4,35,7.917856445312509,0.02,5.149392120518658,57.615100503150394,13.083676330973454,67.37297980613117,0.22708762488851406,0.017821031417562118,True,0.0,2pct_UNFILTERED_early25pct
call,2023-03-29,2023-05-05,2023-04-19,early_25%,21,37,7.7045812988281455,0.02,5.225913681737607,48.44758429058524,15.913945874671157,83.16490747687575,0.32847759300485274,0.022041154345768924,True,0.0,2pct_UNFILTERED_early25pct
call,2023-04-20,2023-05-26,2023-04-25,early_25%,5,36,7.906721191406234,0.02,5.1029815471649025,49.04949097492868,15.391616663088762,78.54313581277778,0.313797683873133,0.020753973892568358,True,0.0,2pct_UNFILTERED_early25pct
put,2023-04-19,2023-05-26,2023-04-28,early_25%,9,37,7.950106811523426,0.02,5.132254443658287,57.6584280134395,26.841792055971826,137.7589065550131,0.4655311110756492,0.036402943019034004,True,0.0,2pct_UNFILTERED_early25pct
call,2023-04-26,2023-06-02,2023-05-11,early_25%,15,37,7.762363281249975,0.02,5.194991909445541,48.74930219651497,12.968070465216236,67.36902114791802,0.26601550957468495,0.017825844314770082,True,0.0,2pct_UNFILTERED_early25pct
put,2023-05-01,2023-06-07,2023-05-17,early_25%,16,37,7.976405639648419,0.02,5.113736763317732,57.35264866121321,23.9261040478301,122.35179787235398,0.4171752239231976,0.032319998142907445,True,0.0,2pct_UNFILTERED_early25pct
put,2023-05-18,2023-06-23,2023-05-30,early_25%,12,36,8.047817382812525,0.02,5.074881486065519,57.53459048547075,14.435490155225636,73.25840173103565,0.25090106722617656,0.019318227172639233,True,0.0,2pct_UNFILTERED_early25pct
call,2023-05-12,2023-06-16,2023-05-31,early_25%,19,35,7.901154174804674,0.02,5.112503159446974,48.85737913612533,15.377751806410345,78.6188046954643,0.3147477838212565,0.02074547729797003,True,0.0,2pct_UNFILTERED_early25pct
put,2023-05-31,2023-07-07,2023-06-01,early_25%,1,37,8.021326293945322,0.02,5.1133601465066185,59.97589802378459,31.567858417469765,161.4178291424534,0.5263424051600015,0.042535298924210534,True,0.0,2pct_UNFILTERED_early25pct
put,2023-06-02,2023-07-07,2023-06-08,early_25%,6,35,8.214637451171882,0.02,4.9646431067231855,56.271948913913306,23.41463477702603,116.24530514220325,0.41609781123533707,0.030599693950202626,True,0.0,2pct_UNFILTERED_early25pct
put,2023-06-09,2023-07-14,2023-06-13,early_25%,4,35,8.252645263671866,0.02,4.93636713163759,55.26213633798041,26.45516593593225,130.59241158815436,0.47872137577407076,0.034357251715710656,True,0.0,2pct_UNFILTERED_early25pct
put,2023-06-14,2023-07-21,2023-06-15,early_25%,1,37,8.392396850585953,0.02,4.854812849522016,56.94053129344363,16.65698567101621,80.8665480699536,0.29253302160414096,0.02129234780690646,True,0.0,2pct_UNFILTERED_early25pct
call,2023-06-01,2023-07-07,2023-06-23,early_25%,22,36,8.097537231445301,0.02,4.992304114328408,49.46340957593519,13.654741686997866,68.16862310409107,0.2760574291999704,0.017959904845961067,True,0.0,2pct_UNFILTERED_early25pct
put,2023-06-16,2023-07-21,2023-06-29,early_25%,13,35,8.46750305175783,0.02,4.797766787361346,56.18399119058084,18.886547251852953,90.6132491328708,0.33615531491502965,0.02388989629047927,True,0.0,2pct_UNFILTERED_early25pct
put,2023-06-30,2023-08-04,2023-07-12,early_25%,12,35,8.541106567382826,0.02,4.773440270830302,56.76334531647552,34.75486496378897,165.90027202541938,0.6122765451898303,0.04358811331766465,True,0.0,2pct_UNFILTERED_early25pct
put,2023-07-13,2023-08-18,2023-07-18,early_25%,5,36,8.662109985351549,0.02,4.710113998626789,57.95104764739065,30.25676722681716,142.51282286822376,0.5221090636862632,0.037434450628890115,True,0.0,2pct_UNFILTERED_early25pct
put,2023-07-19,2023-08-25,2023-07-26,early_25%,7,37,8.770780639648422,0.02,4.648272752125197,59.291523753725095,18.18704681245893,84.53835413997827,0.306739406597158,0.022239356993774714,True,0.0,2pct_UNFILTERED_early25pct
put,2023-07-27,2023-09-01,2023-07-28,early_25%,1,36,8.718564453124998,0.02,4.688783263259434,59.7433099841105,29.27902352249782,137.28299545686704,0.49008037101200036,0.036052887521217644,True,0.0,2pct_UNFILTERED_early25pct
call,2023-06-26,2023-08-02,2023-08-01,early_25%,36,37,8.312974243164035,0.02,4.8685452626392145,49.92680442113164,21.7649889851261,105.96383401493036,0.435937954320866,0.0278548852886781,True,0.0,2pct_UNFILTERED_early25pct
call,2023-08-02,2023-09-08,2023-08-08,early_25%,6,37,8.673092651367199,0.02,4.693803232630954,53.36985098277306,15.167421666633075,71.1928928495191,0.2841945665452369,0.018634583118694314,True,0.0,2pct_UNFILTERED_early25pct
call,2023-08-09,2023-09-15,2023-08-15,early_25%,6,37,8.588699340820312,0.02,4.732373814276314,52.777234019319465,15.781939613161867,74.68603776381728,0.2990293050860676,0.019578318488598243,True,0.0,2pct_UNFILTERED_early25pct
call,2023-08-16,2023-09-22,2023-08-22,early_25%,6,37,8.470971679687523,0.02,4.79591113388433,52.47398520735156,12.485117011498645,59.877511683295,0.23792965146755216,0.015711996934334994,True,0.0,2pct_UNFILTERED_early25pct
call,2023-08-23,2023-09-29,2023-08-24,early_25%,1,37,8.536289062499975,0.02,4.751421007779004,52.46652924946294,10.57245119895122,50.23416673041515,0.20150849217950592,0.01319639002337246,True,0.0,2pct_UNFILTERED_early25pct
put,2023-07-31,2023-09-06,2023-08-29,early_25%,29,37,8.820684814453102,0.02,4.63115320436036,59.39031079551754,33.7619078667363,156.35656780235507,0.5684750157812689,0.041039022392036294,True,0.0,2pct_UNFILTERED_early25pct
call,2023-08-25,2023-09-29,2023-09-07,early_25%,13,35,8.477329101562475,0.02,4.780812850572442,51.66636813850987,19.038687671308807,91.02040267702826,0.36849285826069506,0.023915950070018892,True,0.0,2pct_UNFILTERED_early25pct
put,2023-08-30,2023-10-06,2023-09-14,early_25%,15,37,8.690048217773438,0.02,4.723762712288981,58.9600290948006,35.92001571745153,169.67763087093167,0.6092265602463743,0.04434324625246815,True,0.0,2pct_UNFILTERED_early25pct
call,2023-09-08,2023-10-13,2023-09-15,early_25%,7,35,8.584265747070333,0.02,4.740656276726759,50.8478087008327,16.188897529130642,76.7459986847595,0.31837945317131294,0.02004621494593178,True,0.0,2pct_UNFILTERED_early25pct
call,2023-09-18,2023-10-25,2023-09-20,early_25%,2,37,8.578001098632797,0.02,4.756879977889621,51.3041731603878,10.890880204092312,51.80660998444115,0.21228059109431693,0.013503949255610999,True,0.0,2pct_UNFILTERED_early25pct
call,2023-09-21,2023-10-27,2023-09-26,early_25%,5,36,8.341329345703116,0.02,4.900844787702992,51.89782473798334,15.423128783483293,75.58636030860607,0.2971825671181803,0.019716743201144773,True,0.0,2pct_UNFILTERED_early25pct
call,2023-09-27,2023-11-03,2023-10-03,early_25%,6,37,8.23807617187498,0.02,4.94371163284394,51.567816178453455,12.054188170813028,59.59243028453818,0.23375409439676098,0.015609384746891398,True,0.0,2pct_UNFILTERED_early25pct
put,2023-09-15,2023-10-20,2023-10-11,early_25%,26,35,8.572974243164083,0.02,4.793765370981324,57.33586433339916,19.97693464529322,95.76473752096372,0.3484195255020565,0.024972368229440326,True,0.0,2pct_UNFILTERED_early25pct
call,2023-10-04,2023-11-10,2023-10-20,early_25%,16,37,8.21119812011716,0.02,4.95451727458038,51.501568593979975,25.24590278244886,125.08126144801975,0.4901967740337885,0.03280315013107843,True,0.0,2pct_UNFILTERED_early25pct
call,2023-10-23,2023-11-29,2023-10-26,early_25%,3,37,8.129987792968734,0.02,5.030855123456062,51.336194482724,21.87784572490743,110.06427225533186,0.4261680466453335,0.028723802588052516,True,0.0,2pct_UNFILTERED_early25pct
put,2023-10-12,2023-11-17,2023-11-02,early_25%,21,36,8.385222778320326,0.02,4.93757530867614,60.823398152568075,43.876870420334015,216.6453520094237,0.7213814379504782,0.05641884226246829,True,0.0,2pct_UNFILTERED_early25pct
put,2023-11-03,2023-12-08,2023-11-07,early_25%,4,35,8.40513854980469,0.02,4.915102978766412,58.07148550469998,15.779217001218157,77.55647648528898,0.2717205675742715,0.020166618803874495,True,0.0,2pct_UNFILTERED_early25pct
put,2023-11-08,2023-12-15,2023-11-10,early_25%,2,37,8.45463806152344,0.02,4.883230663373506,58.32013980744808,18.39929826048685,89.84801745016419,0.3154878969980979,0.02337476504883035,True,0.0,2pct_UNFILTERED_early25pct
put,2023-11-13,2023-12-20,2023-11-14,early_25%,1,37,8.511486206054713,0.02,4.85228795270016,59.21463728565547,36.9503075066042,179.29353196286183,0.6240063133098895,0.046658317845771916,True,0.0,2pct_UNFILTERED_early25pct
put,2023-11-15,2023-12-22,2023-11-20,early_25%,5,37,8.694982910156227,0.02,4.731914010936183,59.51849463557291,33.3954273385933,158.02429052469088,0.5610932793759468,0.04122995102821536,True,0.0,2pct_UNFILTERED_early25pct
put,2023-11-21,2023-12-28,2023-11-22,early_25%,1,37,8.764399414062495,0.02,4.674071946365685,58.49008440569416,12.753742986876922,59.61191230611952,0.21804965946732865,0.01559232864670366,True,0.0,2pct_UNFILTERED_early25pct
put,2023-11-24,2023-12-29,2023-12-01,early_25%,7,35,8.803651733398453,0.02,4.637362395079661,56.26687229773476,27.675697861544943,128.3422405207151,0.4918648705956086,0.03358300560327298,True,0.0,2pct_UNFILTERED_early25pct
call,2023-10-27,2023-12-01,2023-12-01,expired,35,35,7.940881958007822,0.02,5.143739978076172,50.18804568895088,-743.9001501118313,-3826.4289418270923,-14.822257768757954,-1.0000000000000002,False,743.9001501118313,2pct_UNFILTERED_early25pct
put,2023-12-04,2024-01-10,2023-12-08,early_25%,4,37,8.830529174804667,0.02,4.594353514685374,58.4105276169829,28.867162443313653,132.62594923043173,0.4942116365153412,0.035005673729787884,True,0.0,2pct_UNFILTERED_early25pct
put,2023-12-11,2024-01-17,2023-12-12,early_25%,1,37,8.933010253906275,0.02,4.53939062453208,58.176510029181294,16.23952402995112,73.71754312842354,0.2791422864968247,0.019445632035987554,True,0.0,2pct_UNFILTERED_early25pct
put,2023-12-13,2024-01-19,2023-12-18,early_25%,5,37,9.097558593750023,0.02,4.45278715485755,58.29587536326499,19.249745723641176,85.71502049250348,0.3302076794230859,0.02260792765967005,True,0.0,2pct_UNFILTERED_early25pct
put,2023-12-19,2024-01-25,2023-12-27,early_25%,8,37,9.218702392578109,0.02,4.390183432888619,59.821792610213876,22.844333434420285,100.2908141791755,0.38187310071547204,0.02650005753534985,True,0.0,2pct_UNFILTERED_early25pct
call,2023-12-04,2024-01-10,2024-01-03,early_25%,30,37,8.830529174804667,0.02,4.558349958732152,51.89719303459239,22.606467705453017,103.0481911322315,0.4356009715281622,0.02719883535726664,True,0.0,2pct_UNFILTERED_early25pct
put,2023-12-28,2024-02-02,2024-01-10,early_25%,13,36,9.254618530273433,0.02,4.37054514125538,59.55391166066208,23.271050481206572,101.70717661254605,0.3907560365439119,0.026874739645507083,True,0.0,2pct_UNFILTERED_early25pct
put,2024-01-11,2024-02-16,2024-01-19,early_25%,8,36,9.248016967773424,0.02,4.389050277807507,59.445436804706375,31.803329615938402,139.58641268603816,0.5350003520105431,0.03675171843899768,True,0.0,2pct_UNFILTERED_early25pct
put,2024-01-22,2024-02-28,2024-01-25,early_25%,3,37,9.385859985351544,0.02,4.334727609374058,62.31124446112757,21.35205942707305,92.55536151552919,0.34266783807204143,0.024366854491472946,True,0.0,2pct_UNFILTERED_early25pct
put,2024-01-26,2024-03-01,2024-01-29,early_25%,3,35,9.462740478515627,0.02,4.294448716836677,62.21369067549789,17.934787576166343,77.02002549320594,0.288277184353407,0.02028683610862843,True,0.0,2pct_UNFILTERED_early25pct
put,2024-01-30,2024-03-07,2024-02-06,early_25%,7,37,9.530302734375027,0.02,4.267097872827492,63.51911637237796,28.86218658057713,123.15777496313085,0.4543858326267302,0.03244724515407513,True,0.0,2pct_UNFILTERED_early25pct
put,2024-02-07,2024-03-15,2024-02-09,early_25%,2,37,9.670279541015645,0.02,4.210883333176658,63.42252203005911,14.701807660975277,61.90759684716969,0.23180736417273587,0.016270162992791607,True,0.0,2pct_UNFILTERED_early25pct
call,2024-01-04,2024-02-09,2024-02-09,expired,36,36,9.071929321289076,0.02,4.4449488099706365,54.20461283734589,-323.0219532306007,-1435.816046606749,-5.959307452299429,-0.3786944626614375,False,323.0219532306007,2pct_UNFILTERED_early25pct
call,2024-02-12,2024-03-20,2024-02-20,early_25%,8,37,9.726193237304642,0.02,4.135301673371485,58.10104251930601,19.05896586388326,78.81457342964644,0.32803139216564453,0.02084044272864856,True,0.0,2pct_UNFILTERED_early25pct
put,2024-02-12,2024-03-20,2024-02-22,early_25%,10,37,9.726193237304699,0.02,4.171740752362821,66.08912372239215,39.26509032297946,163.80377744558044,0.5941233309116454,0.043313604249069236,True,0.0,2pct_UNFILTERED_early25pct
put,2024-02-23,2024-03-28,2024-02-29,early_25%,6,34,9.859569091796857,0.02,4.108379629564798,65.45128120660709,16.028141488279665,65.84968999023057,0.24488659645461114,0.01741232318543568,True,0.0,2pct_UNFILTERED_early25pct
put,2024-03-01,2024-04-05,2024-03-12,early_25%,11,35,9.956640014648428,0.02,4.068970737292944,65.1301928140566,33.57599385955139,136.6197364900422,0.5155211800985935,0.03608250828439474,True,0.0,2pct_UNFILTERED_early25pct
call,2024-02-21,2024-03-28,2024-03-15,early_25%,23,36,9.653000488281236,0.02,4.1704138778483495,58.73504303734804,14.589038198857423,60.842327368974686,0.24838729052400021,0.016092655359150713,True,0.0,2pct_UNFILTERED_early25pct
put,2024-03-13,2024-04-19,2024-03-19,early_25%,6,37,10.0172119140625,0.02,4.054431506190053,67.69683138575051,15.00668681300558,60.84358381817661,0.2216748776245432,0.016066697460306305,True,0.0,2pct_UNFILTERED_early25pct
put,2024-03-20,2024-04-26,2024-03-27,early_25%,7,37,10.136166992187498,0.02,4.006009497366067,66.95680896723314,28.481880690400743,114.09868454859257,0.4253769128146326,0.030086709053273014,True,0.0,2pct_UNFILTERED_early25pct
call,2024-03-18,2024-04-24,2024-04-04,early_25%,17,37,9.987770996093786,0.02,4.035996310073351,60.06258879856825,26.08341413633397,105.27256320835899,0.43427056106106,0.02778631185087843,True,0.0,2pct_UNFILTERED_early25pct
call,2024-04-05,2024-05-10,2024-04-10,early_25%,5,35,10.096243896484339,0.02,3.995966926256823,61.79273689087567,27.288205060735393,109.04276489961269,0.4416086167040252,0.028790139030855224,True,0.0,2pct_UNFILTERED_early25pct
call,2024-04-11,2024-05-17,2024-04-15,early_25%,4,36,10.08787170410153,0.02,4.002337506516391,61.019909771689825,16.358831363126086,65.4735643274162,0.2680900614952361,0.017260388749982734,True,0.0,2pct_UNFILTERED_early25pct
call,2024-04-16,2024-05-23,2024-04-18,early_25%,2,37,9.80607299804683,0.02,4.114722345267473,61.44565109012997,16.01831402612283,65.910914656799,0.2606907688654284,0.017427091359310337,True,0.0,2pct_UNFILTERED_early25pct
put,2024-03-28,2024-05-03,2024-04-29,early_25%,32,36,10.186605834960915,0.02,3.9859299269134536,66.82079466710022,42.409113536441865,169.03975481877407,0.6346693981674891,0.044554886267799354,True,0.0,2pct_UNFILTERED_early25pct
call,2024-04-19,2024-05-24,2024-04-30,early_25%,11,35,9.643070678710956,0.02,4.179560273554615,60.36650577486983,25.55388978306604,106.80402257209597,0.4233123891312582,0.028269435906058824,True,0.0,2pct_UNFILTERED_early25pct
put,2024-04-30,2024-06-06,2024-05-02,early_25%,2,37,9.775886840820306,0.02,4.190706536450326,69.5781365619695,24.302408837934728,101.84426356862124,0.34928226076146607,0.026764456541070965,True,0.0,2pct_UNFILTERED_early25pct
put,2024-05-03,2024-06-07,2024-05-06,early_25%,3,35,9.957195434570338,0.02,4.096088762366134,65.96187618610283,28.009503707394828,114.72941337531252,0.42463170132349887,0.030125595833600017,True,0.0,2pct_UNFILTERED_early25pct
put,2024-05-07,2024-06-13,2024-05-09,early_25%,2,37,10.071123046875016,0.02,4.047691287979568,66.94864729343315,22.500328770759083,91.07438474207756,0.33608339645969354,0.023932353259777297,True,0.0,2pct_UNFILTERED_early25pct
put,2024-05-10,2024-06-14,2024-05-15,early_25%,5,35,10.143180541992194,0.02,4.0094671829376844,65.04526846469653,45.43055097712515,182.15230324556086,0.6984451298218975,0.04785826757055102,True,0.0,2pct_UNFILTERED_early25pct
put,2024-05-16,2024-06-21,2024-05-20,early_25%,4,36,10.296054687499975,0.02,3.9438961056131676,66.13301963111593,16.27516952493066,64.18757770756814,0.24609748073975907,0.01689220022826256,True,0.0,2pct_UNFILTERED_early25pct
call,2024-05-01,2024-06-07,2024-06-04,early_25%,34,37,9.744143066406195,0.02,4.161527949281605,59.481568323839554,20.397085009815413,84.8830393522197,0.3429143780938353,0.02229353498415669,True,0.0,2pct_UNFILTERED_early25pct
put,2024-05-21,2024-06-27,2024-06-05,early_25%,15,37,10.348050537109373,0.02,3.923705229993201,65.46155952349793,39.05493875188259,153.24006743782584,0.5966087431489242,0.04029009219752461,True,0.0,2pct_UNFILTERED_early25pct
put,2024-06-06,2024-07-12,2024-06-11,early_25%,5,36,10.41231811523437,0.02,3.925678023998648,67.27415963794192,15.94746997738904,62.60463242861437,0.23705193886056117,0.016373884374249907,True,0.0,2pct_UNFILTERED_early25pct
put,2024-06-12,2024-07-19,2024-06-17,early_25%,5,37,10.542797851562511,0.02,3.874785650891158,67.16829324719716,26.292009236788964,101.87590012380767,0.3914348268464614,0.02663529849697195,True,0.0,2pct_UNFILTERED_early25pct
put,2024-06-18,2024-07-25,2024-06-27,early_25%,9,37,10.681652832031261,0.02,3.824668479641999,68.73107103828848,16.55057781462665,63.300473287464705,0.2408019773968997,0.01655994723132106,True,0.0,2pct_UNFILTERED_early25pct
call,2024-06-05,2024-07-12,2024-06-28,early_25%,23,37,10.412513427734325,0.02,3.8956670437759717,60.5876607841889,18.530672696108702,72.18933092122991,0.3058489543294022,0.018896052781846525,True,0.0,2pct_UNFILTERED_early25pct
put,2024-06-28,2024-08-02,2024-07-02,early_25%,4,35,10.632684326171898,0.02,3.846102715258852,67.90592697428784,34.67757139243243,133.37350149101704,0.5106707608242043,0.034839137696908,True,0.0,2pct_UNFILTERED_early25pct
put,2024-07-03,2024-08-09,2024-07-08,early_25%,5,37,10.774140624999973,0.02,3.797929325920637,68.77524378346718,23.407655546557855,88.90062145132093,0.3403500192635421,0.023207172986206857,True,0.0,2pct_UNFILTERED_early25pct
put,2024-07-09,2024-08-15,2024-07-10,early_25%,1,37,10.859322509765605,0.02,3.7711724690891253,70.41701878841829,20.954857216115215,79.02438062710729,0.2975822830426574,0.020634704977259225,True,0.0,2pct_UNFILTERED_early25pct
put,2024-07-11,2024-08-16,2024-07-12,early_25%,1,36,10.872215576171868,0.02,3.765078413304608,71.09766744353084,22.80604408360876,85.86654427206861,0.32077063712002096,0.022444156961717726,True,0.0,2pct_UNFILTERED_early25pct
call,2024-07-01,2024-08-07,2024-07-24,early_25%,23,37,10.654570312500027,0.02,3.813907214405052,61.38000603014848,35.44536431386196,135.18533067385349,0.5774741093451831,0.03530143945490714,True,0.0,2pct_UNFILTERED_early25pct
call,2024-07-25,2024-08-30,2024-08-06,early_25%,12,36,10.519176025390607,0.02,3.873675927086075,65.84898164641149,13.15067861108409,50.94146716060218,0.19970967329000067,0.013336474087553153,True,0.0,2pct_UNFILTERED_early25pct
call,2024-08-07,2024-09-13,2024-08-14,early_25%,7,37,10.133308715820363,0.02,3.997692230580285,63.340080115693674,19.257661185914053,76.98620250207613,0.3040359461298283,0.02027141879574349,True,0.0,2pct_UNFILTERED_early25pct
put,2024-07-15,2024-08-21,2024-08-15,early_25%,31,37,10.970881347656245,0.02,3.738934273358383,72.66514197038777,55.05266475805624,205.83829510360567,0.7576213747781722,0.05374016899780797,True,0.0,2pct_UNFILTERED_early25pct
put,2024-08-16,2024-09-20,2024-08-19,early_25%,3,35,10.829820556640641,0.02,3.8145251639485838,74.59972254219774,29.07605250312905,110.91133394147596,0.3897608665592827,0.028834353348012404,True,0.0,2pct_UNFILTERED_early25pct
put,2024-08-20,2024-09-26,2024-08-23,early_25%,3,37,10.9155920410156,0.02,3.7964703078958473,78.1195452815945,17.312295617592845,65.72561627370663,0.22161285700253225,0.01708270982581344,True,0.0,2pct_UNFILTERED_early25pct
put,2024-08-26,2024-10-02,2024-08-30,early_25%,4,37,10.95642456054685,0.02,3.7840795360903954,78.90715743455155,31.462891612622755,119.05808429755591,0.3987330507846416,0.0309450175038899,True,0.0,2pct_UNFILTERED_early25pct
call,2024-08-15,2024-09-20,2024-09-03,early_25%,19,36,10.805594482421839,0.02,3.781773711253015,65.65258737636127,15.728623036628058,59.48209311412855,0.23957354409296705,0.015497602433399536,True,0.0,2pct_UNFILTERED_early25pct
call,2024-09-04,2024-10-11,2024-09-06,early_25%,2,37,10.764174804687514,0.02,3.8215964283155075,68.08760428166738,19.828665733825822,75.77715814665085,0.2912228436147914,0.019664859885741244,True,0.0,2pct_UNFILTERED_early25pct
put,2024-09-03,2024-10-10,2024-09-11,early_25%,8,37,10.786252441406248,0.02,3.875297686361379,84.52202860138202,51.831631804333135,200.86300281166706,0.6132322266988944,0.05213908474907961,True,0.0,2pct_UNFILTERED_early25pct
put,2024-09-12,2024-10-18,2024-09-16,early_25%,4,36,10.923209228515645,0.02,3.8107470603345557,79.88254564762225,19.773494418972028,75.3517857296394,0.247532101770978,0.019530565873629384,True,0.0,2pct_UNFILTERED_early25pct
put,2024-09-17,2024-10-24,2024-09-19,early_25%,2,37,11.000970458984398,0.02,3.7882289651144787,81.72940689871344,43.45101628988467,164.60239847300215,0.5316448257569414,0.04266731838863582,True,0.0,2pct_UNFILTERED_early25pct
put,2024-09-20,2024-10-25,2024-09-24,early_25%,4,35,11.136229248046902,0.02,3.7303721040207094,79.3840631021955,28.600866567031233,106.69187479247186,0.36028474040452874,0.027654024255045297,True,0.0,2pct_UNFILTERED_early25pct
put,2024-09-25,2024-11-01,2024-10-11,early_25%,16,37,11.171304931640634,0.02,3.7202565799953016,79.04110886615854,30.511941587729524,113.51225146018305,0.38602623401192204,0.02939240305242673,True,0.0,2pct_UNFILTERED_early25pct
call,2024-09-09,2024-10-16,2024-10-15,early_25%,36,37,10.675473632812555,0.02,3.847662569144611,67.21817124758087,63.77958738273639,245.40233104804273,0.948844429995286,0.06375859856001218,True,0.0,2pct_UNFILTERED_early25pct
put,2024-10-14,2024-11-20,2024-10-18,early_25%,4,37,11.451158447265584,0.02,3.6585174158970672,88.31775793081013,23.418710754146332,85.6777611519003,0.2651642354020469,0.022160061649196157,True,0.0,2pct_UNFILTERED_early25pct
call,2024-10-16,2024-11-22,2024-10-22,early_25%,6,37,11.411568603515661,0.02,3.6199470546295376,71.88724864331142,19.54116543991207,70.73798427823822,0.271830760095869,0.018275246229707484,True,0.0,2pct_UNFILTERED_early25pct
call,2024-10-23,2024-11-29,2024-11-01,early_25%,9,37,11.32710571289067,0.02,3.652126078850902,71.26237144845364,19.43133839125423,70.9656976856763,0.27267319338803564,0.01830644057258002,True,0.0,2pct_UNFILTERED_early25pct
put,2024-10-21,2024-11-27,2024-11-06,early_25%,16,37,11.437634277343705,0.02,3.664907366653074,86.21097231656402,75.87836202119546,278.08716794104805,0.8801473870700873,0.07174902921597232,True,0.0,2pct_UNFILTERED_early25pct
put,2024-11-07,2024-12-13,2024-11-11,early_25%,4,36,11.672412109375045,0.02,3.575242486746807,81.71721146363701,23.263749771265026,83.17354658327304,0.28468604538245973,0.021430894003762715,True,0.0,2pct_UNFILTERED_early25pct
call,2024-11-04,2024-12-11,2024-11-15,early_25%,11,37,11.166798095703143,0.02,3.701056163544978,70.67419746808908,23.530148851272976,87.08640243513463,0.3329383239462655,0.022495241496824206,True,0.0,2pct_UNFILTERED_early25pct
put,2024-11-12,2024-12-19,2024-11-25,early_25%,13,37,11.697694091796848,0.02,3.5660526561884596,81.27117995604682,37.728780745530194,134.54281879234995,0.46423320992675043,0.03466131568485869,True,0.0,2pct_UNFILTERED_early25pct
put,2024-11-26,2025-01-02,2024-11-29,early_25%,3,37,11.771182861328157,0.02,3.5454958859297796,80.3880716356187,20.660867928781897,73.25302224123475,0.25701410057990975,0.018838605571064718,True,0.0,2pct_UNFILTERED_early25pct
put,2024-12-02,2025-01-08,2024-12-04,early_25%,2,37,11.8295825195313,0.02,3.5233751661855868,78.92038622105069,18.571535338792316,65.43448641063887,0.23531987396481682,0.016821465925426087,True,0.0,2pct_UNFILTERED_early25pct
call,2024-11-18,2024-12-24,2024-12-10,early_25%,22,36,11.526214599609375,0.02,3.5845658124186417,70.34697905708242,30.023100931874716,107.61978118319237,0.426785930743561,0.027740745496282148,True,0.0,2pct_UNFILTERED_early25pct
call,2024-12-11,2025-01-17,2024-12-20,early_25%,9,37,11.904641113281286,0.02,3.4764152868792357,70.66462985502775,25.35892547767076,88.15815618940596,0.3588630624641485,0.022645952152354085,True,0.0,2pct_UNFILTERED_early25pct
put,2024-12-05,2025-01-10,2024-12-24,early_25%,19,36,11.888963623046834,0.02,3.506210109333557,79.36309978759574,33.08299470236908,115.99593047247498,0.41685613075738087,0.029817037325511973,True,0.0,2pct_UNFILTERED_early25pct
call,2024-12-23,2025-01-29,2024-12-30,early_25%,7,37,11.693607177734407,0.02,3.5427392907330746,72.4368104707981,31.658638310253956,112.15830183284405,0.4370517987262388,0.028861289374304155,True,0.0,2pct_UNFILTERED_early25pct
call,2024-12-31,2025-02-06,2025-01-10,early_25%,10,37,11.524306640625014,0.02,3.6001410727023773,71.72120021416485,23.382061536399362,84.1787201016458,0.32601324945174903,0.02163584415476233,True,0.0,2pct_UNFILTERED_early25pct
put,2024-12-26,2025-01-31,2025-01-17,early_25%,22,36,11.82436889648443,0.02,3.5421152419754813,81.75236788408691,43.55440471358442,154.2747207911561,0.5327601614590332,0.03957028908135125,True,0.0,2pct_UNFILTERED_early25pct
put,2025-01-21,2025-02-27,2025-01-23,early_25%,2,37,11.857991943359366,0.02,3.5398653081364047,83.15451170857531,30.220145728800524,106.97524547220752,0.36342160043835686,0.027406966364534147,True,0.0,2pct_UNFILTERED_early25pct
call,2025-01-13,2025-02-19,2025-02-05,early_25%,23,37,11.43208618164067,0.02,3.628196656561168,71.90797992836995,21.90263453080952,79.4670653745643,0.3045925438682536,0.020444900104680717,True,0.0,2pct_UNFILTERED_early25pct
put,2025-01-24,2025-02-28,2025-02-06,early_25%,13,35,11.954736328125023,0.02,3.5051145238308967,82.46125937463175,20.50765524756028,71.88168025794045,0.2486944221211982,0.018425361421828827,True,0.0,2pct_UNFILTERED_early25pct
put,2025-02-07,2025-03-14,2025-02-10,early_25%,3,35,11.813162841796839,0.02,3.5669572469597117,84.9680601460068,30.111444364106667,107.40623469097444,0.3543854515727908,0.027465219265208313,True,0.0,2pct_UNFILTERED_early25pct
call,2025-02-06,2025-03-14,2025-02-12,early_25%,6,36,11.922293701171839,0.02,3.492254510013937,72.69181186254131,20.73188912793124,72.40103330812677,0.28520253652687605,0.01851826137950407,True,0.0,2pct_UNFILTERED_early25pct
put,2025-02-11,2025-03-20,2025-02-13,early_25%,2,37,11.90243041992187,0.02,3.542717435736263,85.4626735063574,31.340999077683854,111.03230388590474,0.3667214912876843,0.028368533666685843,True,0.0,2pct_UNFILTERED_early25pct
call,2025-02-13,2025-03-21,2025-02-21,early_25%,8,36,11.98934448242187,0.02,3.475145811334725,72.71618382159062,23.897988593750974,83.04899496089874,0.32864745284742614,0.021219677702568367,True,0.0,2pct_UNFILTERED_early25pct
call,2025-02-24,2025-04-02,2025-02-27,early_25%,3,37,11.743160400390593,0.02,3.553387967335112,73.79734566701406,20.269875900500622,72.02673312421487,0.27466944396566356,0.01841847485568302,True,0.0,2pct_UNFILTERED_early25pct
call,2025-02-28,2025-04-04,2025-03-04,early_25%,4,35,11.683577880859389,0.02,3.5607068056263986,73.47407763719615,24.762160396808518,88.17079304692858,0.3370190030704477,0.02261624696805439,True,0.0,2pct_UNFILTERED_early25pct
call,2025-03-05,2025-04-11,2025-03-10,early_25%,5,37,11.46492309570317,0.02,3.6236267012840573,72.5591675788959,21.86835231021736,79.24274534439053,0.30138648278233354,0.0203628619465699,True,0.0,2pct_UNFILTERED_early25pct
call,2025-03-11,2025-04-17,2025-03-13,early_25%,2,37,10.931258544921889,0.02,3.780880822394084,68.57961841724605,20.5608764667149,77.73822352461622,0.29981030722014573,0.020068275830560884,True,0.0,2pct_UNFILTERED_early25pct
call,2025-03-14,2025-04-17,2025-03-20,early_25%,6,34,11.066738281249968,0.02,3.72363640317409,69.9757088417333,18.10072849089211,67.40053153265627,0.2586715989091473,0.017459980059968,True,0.0,2pct_UNFILTERED_early25pct
put,2025-02-14,2025-03-21,2025-03-21,expired,35,35,11.988753662109389,0.02,3.5082346075034425,82.51480170467329,-1116.3605645062655,-3916.45476685296,-13.529215867254997,-1.0,False,1116.3605645062655,2pct_UNFILTERED_early25pct
call,2025-03-21,2025-04-25,2025-03-28,early_25%,7,35,11.123103027343745,0.02,3.705224874960642,69.83968741763277,21.651143342011892,80.22235488216094,0.3100120310181331,0.020769068234535764,True,0.0,2pct_UNFILTERED_early25pct
call,2025-03-31,2025-05-07,2025-04-14,early_25%,14,37,11.032578124999986,0.02,3.7112944045117,69.83143295696932,31.647097269211137,117.45169501426079,0.4531927232355711,0.030623465682388683,True,0.0,2pct_UNFILTERED_early25pct
call,2025-04-15,2025-05-22,2025-04-17,early_25%,2,37,10.603023681640593,0.02,3.843185681748559,65.54772291090651,19.40931622300912,74.59360620079867,0.2961096947546228,0.019511661810907844,True,0.0,2pct_UNFILTERED_early25pct
put,2025-03-24,2025-04-30,2025-04-28,early_25%,35,37,11.322303466796825,0.02,3.6700008046151233,83.89973184808026,39.22421956570949,143.9529173665541,0.4675130504199221,0.03741588675439975,True,0.0,2pct_UNFILTERED_early25pct
put,2025-04-29,2025-06-05,2025-05-02,early_25%,3,37,10.932586669921875,0.02,3.8377504175957537,89.6382765694987,49.32642211971798,189.3024970884521,0.5502830264867267,0.049148485413836075,True,0.0,2pct_UNFILTERED_early25pct
put,2025-05-05,2025-06-11,2025-05-09,early_25%,4,37,11.113836669921852,0.02,3.772381278560046,90.55661378587408,21.030836966704726,79.33633564564545,0.23223965746370837,0.020601762953527794,True,0.0,2pct_UNFILTERED_early25pct
put,2025-05-12,2025-06-18,2025-05-15,early_25%,3,37,11.498031005859389,0.02,3.628682660359145,86.69797219893289,36.690505593885575,133.1382014483428,0.4231991206172314,0.03451258451697451,True,0.0,2pct_UNFILTERED_early25pct
call,2025-04-21,2025-05-28,2025-05-28,early_25%,37,37,10.135006713867142,0.02,4.002649137298162,61.212893618673924,61.212893618673924,245.01373583430936,1.0,0.06427982701000731,True,0.0,2pct_UNFILTERED_early25pct
put,2025-05-16,2025-06-20,2025-06-02,early_25%,17,35,11.719119873046907,0.02,3.5385621033039327,85.58192497355601,36.996583707835406,130.91470906025808,0.4322943626153185,0.03405648521633025,True,0.0,2pct_UNFILTERED_early25pct
put,2025-06-03,2025-07-10,2025-06-06,early_25%,3,37,11.756396484375045,0.02,3.558375328456688,87.47915985899989,25.78108990397788,91.73879425503868,0.2947112197411611,0.02369235988126757,True,0.0,2pct_UNFILTERED_early25pct
call,2025-05-29,2025-07-03,2025-06-17,early_25%,19,35,11.637271728515657,0.02,3.5457049020020457,73.03266371363846,19.416066399210784,68.84364180927889,0.2658545561933946,0.017801562432506444,True,0.0,2pct_UNFILTERED_early25pct
put,2025-06-09,2025-07-16,2025-06-23,early_25%,14,37,11.827198486328143,0.02,3.536037904763157,87.07304133136456,18.43120613750429,65.17344353271851,0.21167523099787705,0.016822214982673007,True,0.0,2pct_UNFILTERED_early25pct
put,2025-06-24,2025-07-31,2025-06-26,early_25%,2,37,12.002608642578139,0.02,3.487627233109618,88.94088111512681,31.374625231453116,109.42299738582405,0.35275820115657713,0.028231855547786722,True,0.0,2pct_UNFILTERED_early25pct
put,2025-06-27,2025-08-01,2025-07-02,early_25%,5,35,12.16342651367188,0.02,3.433682328601812,87.05002582259259,29.403201979538814,100.96125504145225,0.33777361582249676,0.026036831654115578,True,0.0,2pct_UNFILTERED_early25pct
put,2025-07-03,2025-08-08,2025-07-10,early_25%,7,36,12.369739990234393,0.02,3.3782635544055504,89.10806032729504,25.595792106860834,86.46933162074922,0.287244408786895,0.022298590143666933,True,0.0,2pct_UNFILTERED_early25pct
call,2025-06-18,2025-07-25,2025-07-15,early_25%,27,37,11.78302001953125,0.02,3.506789613168963,74.35854378088568,33.60556654621036,117.84765170890888,0.4519395463853728,0.03044138383848927,True,0.0,2pct_UNFILTERED_early25pct
put,2025-07-11,2025-08-15,2025-07-17,early_25%,6,35,12.335716552734425,0.02,3.3894507311518507,88.44530787620874,30.668583359769094,103.94965229216083,0.3467519543568547,0.026781833663574284,True,0.0,2pct_UNFILTERED_early25pct
put,2025-07-18,2025-08-22,2025-07-23,early_25%,5,35,12.414047851562486,0.02,3.3719467704693193,89.02726473795737,49.79284306599933,167.89881636888208,0.559298808208468,0.04320879415274038,True,0.0,2pct_UNFILTERED_early25pct
put,2025-07-24,2025-08-29,2025-07-28,early_25%,4,36,12.549348144531223,0.02,3.333978153772593,88.28466476650614,22.850568764976288,76.18329706370932,0.25882828943634895,0.0195864790923949,True,0.0,2pct_UNFILTERED_early25pct
call,2025-07-16,2025-08-22,2025-07-30,early_25%,14,37,12.347584228515643,0.02,3.3535351814145606,76.73177781390861,20.000769534157946,67.07328428816318,0.26065823188228743,0.01727142429741552,True,0.0,2pct_UNFILTERED_early25pct
call,2025-07-31,2025-09-05,2025-08-07,early_25%,7,36,12.503062744140607,0.02,3.3186062726012664,77.25486781376878,17.73985783921031,58.87160350025808,0.22962770296849327,0.01512283071261431,True,0.0,2pct_UNFILTERED_early25pct
put,2025-07-29,2025-09-04,2025-08-08,early_25%,10,37,12.565965576171834,0.02,3.3365298519998157,90.14275454698134,44.524492175475785,148.55729728860717,0.49393312196012545,0.03817081487349406,True,0.0,2pct_UNFILTERED_early25pct
put,2025-08-11,2025-09-17,2025-08-12,early_25%,1,37,12.579020996093732,0.02,3.338716863013889,90.80023591644527,45.99283131604167,153.5570414926216,0.5065276631920258,0.039407726734761415,True,0.0,2pct_UNFILTERED_early25pct
call,2025-08-08,2025-09-12,2025-08-19,early_25%,11,35,12.603945312499945,0.02,3.2885019034928593,76.2767274055275,17.7772572667295,58.46054436052223,0.23306266369054066,0.015013081645265531,True,0.0,2pct_UNFILTERED_early25pct
put,2025-08-13,2025-09-19,2025-08-22,early_25%,9,37,12.756453857421889,0.02,3.283320108072033,88.09248919280796,28.02343508202702,92.00990790207055,0.31811378403318985,0.023597631030544793,True,0.0,2pct_UNFILTERED_early25pct
put,2025-08-25,2025-10-01,2025-08-28,early_25%,3,37,12.70858520507818,0.02,3.3002141217907126,88.48539476944839,37.25909309352442,122.9629851923641,0.4210761921852099,0.031512127840572175,True,0.0,2pct_UNFILTERED_early25pct
put,2025-08-29,2025-10-03,2025-09-04,early_25%,6,35,12.759619140624977,0.02,3.290071839499985,89.20899388060663,32.87984859628044,108.17706395364537,0.3685710057473059,0.027705723775460368,True,0.0,2pct_UNFILTERED_early25pct
call,2025-08-20,2025-09-26,2025-09-05,early_25%,16,37,12.622341308593718,0.02,3.290326076774904,77.3293006373021,20.0129445870042,65.84911344767107,0.2588015722639338,0.016889917296778557,True,0.0,2pct_UNFILTERED_early25pct
put,2025-09-05,2025-10-10,2025-09-09,early_25%,4,35,12.802939453124964,0.02,3.2807412368858704,89.09477250944829,23.208648567536628,76.1415704079096,0.26049394272907994,0.019483432407800982,True,0.0,2pct_UNFILTERED_early25pct
put,2025-09-10,2025-10-17,2025-09-11,early_25%,1,37,12.901251220703102,0.02,3.261059266975306,91.14396915060274,31.017908635265897,101.15123839722722,0.34031772945956645,0.025870222029539345,True,0.0,2pct_UNFILTERED_early25pct
put,2025-09-12,2025-10-17,2025-09-18,early_25%,6,35,13.004108886718768,0.02,3.228855339652151,89.47851169118135,22.54406435631597,72.79152257435256,0.2519494784862165,0.01861711255299549,True,0.0,2pct_UNFILTERED_early25pct
put,2025-09-19,2025-10-24,2025-09-30,early_25%,11,35,13.164930419921916,0.02,3.19402501358219,92.25456787099748,32.92644111952443,105.16787654400221,0.35690851823799696,0.026895447100827568,True,0.0,2pct_UNFILTERED_early25pct
put,2025-10-01,2025-11-07,2025-10-06,early_25%,5,37,13.259149169921898,0.02,3.1819622150029643,95.79653874356707,21.493118860727648,68.39029209740293,0.2243621652997453,0.0174723987876097,True,0.0,2pct_UNFILTERED_early25pct
put,2025-10-07,2025-11-13,2025-10-08,early_25%,1,37,13.272438964843786,0.02,3.1858722384507394,97.87395901488978,26.251794995297658,83.63486488501887,0.2682204261432187,0.02135386118952432,True,0.0,2pct_UNFILTERED_early25pct
call,2025-09-08,2025-10-15,2025-10-09,early_25%,31,37,12.834390869140634,0.02,3.242673180232759,78.06363322652611,32.54916584113992,105.54630711201266,0.41695684015485557,0.027003342188165594,True,0.0,2pct_UNFILTERED_early25pct
put,2025-10-09,2025-11-14,2025-10-23,early_25%,14,36,13.312904052734325,0.02,3.1728687389992314,96.01073759538258,36.569162789073665,116.02915342482578,0.3808861769522785,0.029603954267143868,True,0.0,2pct_UNFILTERED_early25pct
call,2025-10-10,2025-11-14,2025-10-23,early_25%,13,35,12.953084716796866,0.02,3.231328917406496,81.92167785191249,17.389462976184205,56.19107457311365,0.21226937035663074,0.0143313435292361,True,0.0,2pct_UNFILTERED_early25pct
put,2025-10-24,2025-11-28,2025-10-27,early_25%,3,35,13.433703613281295,0.02,3.146983360326804,96.25159983175925,45.29637517455151,142.54693895743372,0.47060386792246833,0.03632081929406796,True,0.0,2pct_UNFILTERED_early25pct
call,2025-10-24,2025-11-28,2025-11-05,early_25%,12,35,13.433703613281295,0.02,3.1127352358910745,82.53007349139449,19.950419740273887,62.10037449636739,0.24173515054914063,0.015823114103137897,True,0.0,2pct_UNFILTERED_early25pct
call,2025-11-06,2025-12-12,2025-11-17,early_25%,11,36,13.296043701171925,0.02,3.15004434061758,83.65620104234705,19.356894335556305,60.975075453651634,0.23138624625994886,0.015535874457706687,True,0.0,2pct_UNFILTERED_early25pct
call,2025-11-18,2025-12-24,2025-11-24,early_25%,6,36,13.093124999999986,0.02,3.1952850660910097,82.73677388370038,21.2415938029133,67.87294745842021,0.2567370324684368,0.01731780056513141,True,0.0,2pct_UNFILTERED_early25pct
put,2025-10-28,2025-12-04,2025-11-25,early_25%,28,37,13.628291015624995,0.02,3.1056275813720933,98.75165688701317,52.33884016322963,162.5449455879514,0.5300046785352996,0.04140477340505513,True,0.0,2pct_UNFILTERED_early25pct
put,2025-11-26,2026-01-02,2025-11-28,early_25%,2,37,13.481904296874973,0.02,3.1501659868247334,99.31657391494798,26.924789463943156,84.81755597173068,0.27110066731662347,0.021559254635279055,True,0.0,2pct_UNFILTERED_early25pct
put,2025-12-01,2026-01-07,2025-12-03,early_25%,2,37,13.493605957031264,0.02,3.1492384794353483,99.50489430765631,31.342928706750655,98.70635714149796,0.3149888146189308,0.02507723785374273,True,0.0,2pct_UNFILTERED_early25pct
call,2025-11-25,2025-12-31,2025-12-04,early_25%,9,36,13.389470214843755,0.02,3.130862261605758,83.8644095425931,22.16115111846539,69.38351171054552,0.2642497722136847,0.017657125441471213,True,0.0,2pct_UNFILTERED_early25pct
put,2025-12-04,2026-01-09,2025-12-10,early_25%,6,36,13.575329589843705,0.02,3.1238203909037923,96.42859451662369,28.012984850117803,87.50753328487701,0.29050495851921326,0.02221305836328683,True,0.0,2pct_UNFILTERED_early25pct
call,2025-12-05,2026-01-09,2025-12-12,early_25%,7,35,13.601115722656232,0.02,3.083580068767782,82.6054686930783,31.628406010799388,97.52872238179611,0.3828851347398699,0.02475792947082646,True,0.0,2pct_UNFILTERED_early25pct
call,2025-12-15,2026-01-21,2025-12-17,early_25%,2,37,13.502730712890639,0.02,3.109233500773256,83.42980418445383,20.30095003741559,63.120393953856635,0.24332970975854734,0.016024831614579856,True,0.0,2pct_UNFILTERED_early25pct
put,2025-12-11,2026-01-16,2025-12-22,early_25%,11,36,13.670144042968786,0.02,3.0981226964044093,94.82244779568566,33.04594499863983,102.38039222441785,0.3485033952070513,0.025975596551894124,True,0.0,2pct_UNFILTERED_early25pct
put,2025-12-23,2026-01-29,2025-12-26,early_25%,3,37,13.686466064453157,0.02,3.094323126270682,93.19307440039593,21.611765287062255,66.87378512729069,0.2319031261294073,0.016944376838576285,True,0.0,2pct_UNFILTERED_early25pct
call,2025-12-18,2026-01-23,2025-12-31,early_25%,13,36,13.418229980468709,0.02,3.124265040388573,83.0239281515597,37.36887639422545,116.75027411708037,0.45009766733764733,0.02968613282923164,True,0.0,2pct_UNFILTERED_early25pct
put,2025-12-29,2026-02-04,2026-01-06,early_25%,8,37,13.684277343749955,0.02,3.09686722670163,93.72520449483933,30.173595366195293,93.44361860132636,0.32193683149399477,0.02367108769214738,True,0.0,2pct_UNFILTERED_early25pct
put,2026-01-07,2026-02-13,2026-01-09,early_25%,2,37,13.718695068359352,0.02,3.097770747680439,96.99201478904942,34.61220250990358,107.2206684479708,0.356856207030884,0.027149434142359666,True,0.0,2pct_UNFILTERED_early25pct
call,2026-01-02,2026-02-06,2026-01-20,early_25%,18,35,13.591171874999986,0.02,3.0891909587532647,81.45631237357081,31.919253469897015,98.60466922935963,0.3918573348067925,0.024982570955488104,True,0.0,2pct_UNFILTERED_early25pct
put,2026-01-12,2026-02-18,2026-01-27,early_25%,15,37,13.8297045898438,0.02,3.0732174529039256,97.13217067351607,32.90370719610358,101.12024722030601,0.3387518982428657,0.025589304265723336,True,0.0,2pct_UNFILTERED_early25pct
call,2026-01-21,2026-02-27,2026-02-04,early_25%,14,37,13.635537109375036,0.02,3.083034719252189,84.5541456608702,24.017365569961903,74.04637191716469,0.28404716743624564,0.018778243732058827,True,0.0,2pct_UNFILTERED_early25pct
call,2026-02-05,2026-03-13,2026-02-17,early_25%,12,36,13.480759277343736,0.02,3.1318753791576475,85.29512598707181,34.075966214251025,106.72167960742061,0.3995066050950663,0.026984862429885157,True,0.0,2pct_UNFILTERED_early25pct
put,2026-01-28,2026-03-06,2026-02-20,early_25%,23,37,13.834876708984325,0.02,3.0830074947052126,100.09151913741721,34.037521337984174,104.9379333861938,0.3400639897497562,0.026521445690233295,True,0.0,2pct_UNFILTERED_early25pct
put,2026-02-23,2026-04-01,2026-02-24,early_25%,1,37,13.57565551757807,0.02,3.1690805557033013,106.83617218627921,30.449194757051274,96.4959510413941,0.28500829011320394,0.024345150321392863,True,0.0,2pct_UNFILTERED_early25pct
call,2026-02-18,2026-03-27,2026-02-26,early_25%,8,37,13.653242187500041,0.02,3.094503863018087,86.02085689397305,19.937712780346217,61.697329218526455,0.23177765835233305,0.015584820125400365,True,0.0,2pct_UNFILTERED_early25pct
call,2026-02-27,2026-04-02,2026-03-11,early_25%,12,34,13.647274169921843,0.02,3.100246106620429,85.81134865214975,30.738012352143684,95.29540311998412,0.3582045129805058,0.02403442502058794,True,0.0,2pct_UNFILTERED_early25pct
call,2026-03-12,2026-04-17,2026-03-16,early_25%,4,36,13.250781250000045,0.02,3.1882058575605563,83.14169385186236,23.387701467528373,74.56480681365157,0.2812993142670318,0.018831641363404542,True,0.0,2pct_UNFILTERED_early25pct
call,2026-03-17,2026-04-23,2026-03-20,early_25%,3,37,13.344880371093723,0.02,3.167576374986635,84.46815759917435,16.41672341986289,52.00122525944749,0.1943539895562178,0.013133169871102805,True,0.0,2pct_UNFILTERED_early25pct
call,2026-03-23,2026-04-29,2026-03-27,early_25%,4,37,13.073918457031255,0.02,3.2193239902556825,82.23773824398866,14.500994719724105,46.68340018377879,0.17633017431366535,0.011836057710158528,True,0.0,2pct_UNFILTERED_early25pct
put,2026-02-25,2026-04-02,2026-04-01,early_25%,35,36,13.789718017578139,0.02,3.1078590593617372,102.61045939234101,31.255691537555947,97.13828410160923,0.30460531726153556,0.024488121427769006,True,0.0,2pct_UNFILTERED_early25pct
put,2026-04-02,2026-05-08,2026-04-08,early_25%,6,36,13.082895507812509,0.02,3.305656914041542,106.49004242422322,86.26241515512118,285.1539490794482,0.8100514676431299,0.07177770880689573,True,0.0,2pct_UNFILTERED_early25pct
put,2026-04-09,2026-05-15,2026-04-13,early_25%,4,36,13.563256835937523,0.02,3.174969891234859,103.79515420291261,34.13222925417783,108.36880020274026,0.32884222309118205,0.027250616614333405,True,0.0,2pct_UNFILTERED_early25pct
put,2026-04-14,2026-05-21,2026-04-16,early_25%,2,37,13.853510742187495,0.02,3.1057604155226146,104.40144261134827,33.068903220964586,102.7040906084201,0.31674756970618767,0.02581592781245273,True,0.0,2pct_UNFILTERED_early25pct
put,2026-04-17,2026-05-22,2026-04-27,early_25%,10,35,14.166304931640639,0.02,3.027065557159108,103.96764561880829,44.96506181298923,136.11218988962997,0.43249091143076546,0.0342548445681053,True,0.0,2pct_UNFILTERED_early25pct
put,2026-04-28,2026-06-04,2026-04-30,early_25%,2,37,14.197224121093768,0.02,3.022250260454664,105.92933451760696,40.9199276705814,123.67026206020066,0.38629457889948254,0.031146402252011488,True,0.0,2pct_UNFILTERED_early25pct
put,2026-05-01,2026-06-05,2026-05-06,early_25%,5,35,14.375964355468795,0.02,2.979743505127053,104.42941580890175,56.2774775087944,167.6924480917639,0.5389044559224395,0.04221337362505056,True,0.0,2pct_UNFILTERED_early25pct
call,2026-03-30,2026-05-06,2026-05-06,expired,37,37,12.606921386718795,0.02,3.3206017853418692,77.72302938511457,-1028.3855307603546,-3414.8588294625793,-13.231413377684296,-0.8693257691068436,False,1028.3855307603546,2pct_UNFILTERED_early25pct
put,2026-05-07,2026-06-12,2026-05-12,early_25%,5,36,14.594002685546911,0.02,2.901489225456905,106.74990457062074,24.500089216230748,71.08674488362642,0.22950923764079467,0.018112654880059805,True,0.0,2pct_UNFILTERED_early25pct
put,2026-05-13,2026-06-16,2026-05-14,early_25%,1,34,14.808050537109352,0.02,2.86060600922525,108.98054830776604,29.961653059812477,85.70848478922167,0.2749266132814766,0.02184073322921649,True,0.0,2pct_UNFILTERED_early25pct
call,2026-05-07,2026-06-12,2026-05-19,early_25%,12,36,14.594002685546911,0.02,2.866973926697427,90.46544136177397,21.278125050722153,61.00382972942778,0.23520722090582968,0.015543563234748162,True,0.0,2pct_UNFILTERED_early25pct
put,2026-05-15,2026-06-16,2026-05-20,early_25%,5,32,14.745412597656241,0.02,2.872314340819387,108.55996555093515,36.54518447430458,104.96925745343505,0.33663592548910654,0.026753795699167776,True,0.0,2pct_UNFILTERED_early25pct
put,2026-05-21,2026-06-16,2026-05-26,early_25%,5,26,14.816229248046852,0.02,2.8473948779935823,101.12230427602738,50.79329417943628,144.6285656829481,0.5022956561669019,0.036793387430702616,True,0.0,2pct_UNFILTERED_early25pct
put,2026-05-27,2026-06-16,2026-05-28,early_25%,1,20,14.970632324218741,0.02,2.805782429862341,95.25808192284842,31.828765833187994,89.30459193896166,0.33413192026023364,0.022705556347725885,True,0.0,2pct_UNFILTERED_early25pct
put,2026-05-29,2026-06-16,2026-06-02,early_25%,4,18,15.090722656250023,0.02,2.7748164156828823,90.7817584477997,34.57580199040973,95.9415029483898,0.3808672863534706,0.02437850483764804,True,0.0,2pct_UNFILTERED_early25pct
call,2026-05-20,2026-06-16,2026-06-03,early_25%,14,27,14.786905517578134,0.02,2.828323290087122,89.75942921083167,37.1221274850428,104.99337774352985,0.413573568943363,0.026727119064744776,True,0.0,2pct_UNFILTERED_early25pct
put,2026-06-03,2026-06-16,2026-06-04,early_25%,1,13,15.046037597656209,0.02,2.7740398392540273,85.06098388668724,32.066620323250994,88.95408228693111,0.3769838868307481,0.022589400522570666,True,0.0,2pct_UNFILTERED_early25pct
call,2026-06-04,2026-06-16,2026-06-05,early_25%,1,12,15.102891845703084,0.02,2.7472543122107944,76.24924223932044,33.73628054278668,92.68214219912383,0.44244742048583213,0.023525342319230935,True,0.0,2pct_UNFILTERED_early25pct
put,2026-06-05,2026-06-16,2026-06-08,early_25%,3,11,14.713095703124964,0.02,2.859123990777146,92.75097372910983,63.254680657982604,180.85297499818518,0.6819840063644547,0.045884651413986115,True,0.0,2pct_UNFILTERED_early25pct
call,2026-06-08,2026-06-16,2026-06-10,early_25%,2,8,14.746408691406259,0.02,2.816486668262552,74.58212348527044,56.07739430985873,157.9412334646194,0.7518878745914724,0.04005360095344384,True,0.0,2pct_UNFILTERED_early25pct
put,2026-06-09,2026-06-16,2026-06-11,early_25%,2,7,14.703121337890593,0.02,2.83595823882255,78.5639033658651,39.35097281650238,111.59771556464212,0.5008785349328737,0.02827449100081613,True,0.0,2pct_UNFILTERED_early25pct
put,2026-06-12,2026-06-16,2026-06-15,early_25%,3,4,14.796879882812505,0.02,2.7836627440359343,59.84298736507581,59.8428864423724,166.58241348520517,0.9999983135416888,0.04214747835415693,True,0.0,2pct_UNFILTERED_early25pct
call,2026-06-11,2026-06-16,2026-06-16,early_25%,5,5,14.71728515625,0.02,2.8043996850821444,66.31980861119109,66.31980861119109,185.98725038393238,1.0,0.0471889837313634,True,0.0,2pct_UNFILTERED_early25pct
