opt_type,entry_date,exp_date,S0,K,S_exit,prem_mid,prem_recv,margin,payoff,realized_pnl,ret_on_prem,ret_on_margin,expired_worthless,win,leg,group
put,1994-02-07,1994-03-16,26.54735374450684,25.217008089712838,26.58250999450684,0.05691098129521199,0.05548820676283169,403.46133008701986,0.0,5.548820676283169,1.0,0.013753042144302606,True,True,put,FILTERED (IV rank top-tercile)
put,1994-03-17,1994-04-22,26.58250999450684,25.38449935287977,25.38315963745117,0.05128451835112591,0.05000240539234776,416.84937626666476,0.0013397154286032276,4.866268996374453,0.9732069803824227,0.011673926539022642,False,True,put,FILTERED (IV rank top-tercile)
put,1994-04-25,1994-06-01,25.64839553833008,24.33433850586393,26.037397384643555,0.05618806477863014,0.054783363159164385,387.0405438359029,0.0,5.478336315916438,1.0,0.014154424912753167,True,True,put,FILTERED (IV rank top-tercile)
put,1994-06-21,1994-07-28,25.68445587158203,24.32641221511135,25.889162063598636,0.058037499359989475,0.05658656187598974,383.54340797217156,0.0,5.658656187598974,1.0,0.014753626499583965,True,True,put,FILTERED (IV rank top-tercile)
put,1994-09-13,1994-10-20,26.77024269104004,25.447769339288243,26.78978538513184,0.05659328800472041,0.0551784558046024,408.6753642260815,0.0,5.51784558046024,1.0,0.013501781764872269,True,True,put,FILTERED (IV rank top-tercile)
put,1994-10-21,1994-11-25,26.682344436645508,25.188621013249172,26.055574417114254,0.06353310842026749,0.061944780709760804,390.46902446425264,0.0,6.19447807097608,1.0,0.01586419839441882,True,True,put,FILTERED (IV rank top-tercile)
put,1994-11-28,1995-01-04,26.17196273803711,24.582008248751407,26.57017135620117,0.06790246878208528,0.06620490706253314,371.0642965384253,0.0,6.620490706253314,1.0,0.01784189631827791,True,True,put,FILTERED (IV rank top-tercile)
put,1995-06-06,1995-07-13,31.232873916625977,29.780258378137052,32.76713180541992,0.06227092961816494,0.06071415637771081,485.4673401213982,0.0,6.071415637771081,1.0,0.012506331808547275,True,True,put,FILTERED (IV rank top-tercile)
put,1995-07-20,1995-08-25,32.40201950073242,30.939324806084976,32.88579559326172,0.06261148734389987,0.06104620016030238,507.8755405659341,0.0,6.104620016030237,1.0,0.012019913400885103,True,True,put,FILTERED (IV rank top-tercile)
put,1995-09-26,1995-11-02,34.180789947509766,32.60394207476849,34.74054718017578,0.06761508638445024,0.06592470922483898,532.5234825985516,0.0,6.592470922483898,1.0,0.012379681155682859,True,True,put,FILTERED (IV rank top-tercile)
put,1995-11-03,1995-12-08,34.78642654418945,33.30173450471317,36.50234603881836,0.06352391561452997,0.06193581772416672,553.4529087085772,0.0,6.193581772416672,1.0,0.011190801737529447,True,True,put,FILTERED (IV rank top-tercile)
put,1995-12-19,1996-01-25,36.20174026489258,34.49623104904077,36.46025848388672,0.07308168786726599,0.07125464567058433,560.6093482797295,0.0,7.125464567058433,1.0,0.012710213607610075,True,True,put,FILTERED (IV rank top-tercile)
put,1996-01-26,1996-03-01,36.77417755126953,35.23992519792302,38.34375381469727,0.06570737249756009,0.06406468818512108,588.4647845092518,0.0,6.406468818512108,1.0,0.010886749703900737,True,True,put,FILTERED (IV rank top-tercile)
put,1996-03-04,1996-04-10,38.56532287597656,36.245138776488645,37.39191818237305,0.09908414656340536,0.09660704289932022,548.9487518606716,0.0,9.660704289932022,1.0,0.017598554067546183,True,True,put,FILTERED (IV rank top-tercile)
put,1996-04-11,1996-05-17,37.34555816650391,34.72534426295634,39.87730407714844,0.11197262493680071,0.10917330931338069,495.8071039066591,0.0,10.91733093133807,1.0,0.022019311230751085,True,True,put,FILTERED (IV rank top-tercile)
put,1996-05-20,1996-06-26,40.14625549316406,37.859714672693215,39.62244415283203,0.09764843749370389,0.09520722655636128,583.7917504718326,0.0,9.520722655636128,1.0,0.01630842273454752,True,True,put,FILTERED (IV rank top-tercile)
put,1996-06-27,1996-08-02,39.90213394165039,37.89236674643651,39.71566009521485,0.08577087492141011,0.08362660304837485,605.428619616457,0.0,8.362660304837485,1.0,0.013812793174751608,True,True,put,FILTERED (IV rank top-tercile)
put,1996-08-05,1996-09-11,39.48262405395508,37.00733212922175,40.01400375366211,0.1057379602008921,0.10309451119586979,552.432739725356,0.0,10.30945111958698,1.0,0.018661911900283757,True,True,put,FILTERED (IV rank top-tercile)
put,1996-09-24,1996-10-31,41.14764022827149,38.70539812860437,42.48768615722656,0.10429268314881579,0.10168536607009539,588.8971312057275,0.0,10.168536607009539,1.0,0.017267084636989383,True,True,put,FILTERED (IV rank top-tercile)
put,1996-11-01,1996-12-06,42.337738037109375,39.66750686005628,44.56803512573242,0.11365003941398655,0.11080878842863688,590.8125218797416,0.0,11.080878842863688,1.0,0.018755321582569935,True,True,put,FILTERED (IV rank top-tercile)
put,1996-12-09,1997-01-15,45.22399139404297,42.324292141917354,46.27492904663086,0.12389982014898049,0.12080232464525598,626.5901351328235,0.0,12.080232464525597,1.0,0.01927932118172408,True,True,put,FILTERED (IV rank top-tercile)
put,1997-01-16,1997-02-21,46.46327209472656,43.20996838272375,48.44083786010742,0.13901914734516208,0.13554366866153303,617.4894375604035,0.0,13.554366866153304,1.0,0.02195076715757976,True,True,put,FILTERED (IV rank top-tercile)
put,1997-02-24,1997-04-02,49.01528549194336,45.50108048969005,45.07200622558594,0.15052250654449484,0.14675944388088247,643.5611540016242,0.4290742641041092,-28.231482022322673,-1.9236569229055405,-0.043867598046869405,False,False,put,FILTERED (IV rank top-tercile)
put,1997-04-03,1997-05-09,45.31780242919922,41.8908648634442,49.987571716308594,0.14682556349299603,0.14315492440567112,577.9777844490496,0.0,14.315492440567112,1.0,0.024768239931943378,True,True,put,FILTERED (IV rank top-tercile)
put,1997-05-12,1997-06-18,50.81944274902344,47.10095519927173,54.03346252441406,0.15937630657334179,0.15539189890900823,660.079289896199,0.0,15.539189890900824,1.0,0.023541398933065213,True,True,put,FILTERED (IV rank top-tercile)
put,1997-06-19,1997-07-25,54.59120178222656,50.67362795010408,57.10980224609375,0.16752878290838513,0.1633405633356755,716.4007087658504,0.0,16.334056333567553,1.0,0.022800167746492562,True,True,put,FILTERED (IV rank top-tercile)
put,1997-07-28,1997-09-03,57.07183074951172,52.57162243631785,56.36962890625,0.19345383183193832,0.18861748603613984,710.2775322744618,0.0,18.861748603613986,1.0,0.026555462824812436,True,True,put,FILTERED (IV rank top-tercile)
put,1997-09-04,1997-10-10,56.7302360534668,51.634441140114355,59.05279922485352,0.22038941790355082,0.21487968245596203,646.5131979796879,0.0,21.487968245596203,1.0,0.03323670469952465,True,True,put,FILTERED (IV rank top-tercile)
put,1997-10-20,1997-11-26,58.29078674316406,53.92737233100275,58.233642578125,0.18716921738322512,0.1824899869486445,747.7232923420145,0.0,18.248998694864447,1.0,0.02440608562253697,True,True,put,FILTERED (IV rank top-tercile)
put,1997-11-28,1998-01-02,58.29078674316406,52.69450924359067,59.70850372314453,0.24294841215309848,0.236874701849271,629.8754550908694,0.0,23.6874701849271,1.0,0.03760659348364322,True,True,put,FILTERED (IV rank top-tercile)
put,1998-01-05,1998-02-11,59.84235763549805,54.5919982321577,62.51987457275391,0.22702442911980647,0.2213488183918113,693.9460942151073,0.0,22.13488183918113,1.0,0.03189711999779601,True,True,put,FILTERED (IV rank top-tercile)
put,1998-03-30,1998-05-06,67.24518585205078,61.27484944184122,67.64801788330078,0.2583555359365928,0.2518966475381779,773.0597407738774,0.0,25.18966475381779,1.0,0.032584370166012636,True,True,put,FILTERED (IV rank top-tercile)
put,1998-06-12,1998-07-17,67.78224182128906,62.34612077921193,73.00061798095703,0.23318006144544423,0.2273505599093081,834.7677882089988,0.0,22.73505599093081,1.0,0.027235186014674884,True,True,put,FILTERED (IV rank top-tercile)
put,1998-07-29,1998-09-04,69.28707885742188,63.10402911939142,60.18608474731445,0.26765106449365117,0.26095978788130986,793.5325821335232,2.917944372076967,-265.6984584195657,-10.181586235056686,-0.3348299293586639,False,False,put,FILTERED (IV rank top-tercile)
put,1998-09-08,1998-10-15,63.41853332519531,54.97922615027786,65.47688293457031,0.3813152078573001,0.3717823276608676,586.9704942688654,0.0,37.17823276608676,1.0,0.06333918506823112,True,True,put,FILTERED (IV rank top-tercile)
put,1998-10-16,1998-11-20,65.4962387084961,57.62396328032294,72.061279296875,0.34994390954455756,0.3411953118059436,610.3591639838238,0.0,34.11953118059436,1.0,0.055900743683269444,True,True,put,FILTERED (IV rank top-tercile)
put,1998-12-04,1999-01-08,73.14258575439453,66.64333747827601,79.19751739501953,0.28050035919099603,0.27348785021122113,840.2756724971606,0.0,27.34878502112211,1.0,0.03254739595143346,True,True,put,FILTERED (IV rank top-tercile)
put,1999-01-13,1999-02-19,76.48528289794922,68.2650385353062,77.0277328491211,0.3614730702980129,0.3524362435405626,742.9248460487391,0.0,35.24362435405626,1.0,0.04743901693623546,True,True,put,FILTERED (IV rank top-tercile)
put,1999-02-22,1999-03-31,79.08130645751953,71.72743472382615,79.77801513671875,0.31926247426725674,0.3112809124105753,877.36704702211,0.0,31.128091241057533,1.0,0.03547898379214269,True,True,put,FILTERED (IV rank top-tercile)
put,1999-05-26,1999-07-02,81.05976104736328,73.04731947176779,86.89488220214844,0.34956225810844543,0.34082320165573426,854.0333835532902,0.0,34.08232016557343,1.0,0.039907479990735927,True,True,put,FILTERED (IV rank top-tercile)
put,1999-09-24,1999-10-29,79.85356903076172,72.09094452920569,85.63552856445312,0.33734806333752587,0.3289143617540877,853.7003666350399,0.0,32.89143617540877,1.0,0.03852808017999831,True,True,put,FILTERED (IV rank top-tercile)
put,2000-01-05,2000-02-11,87.72551727294922,79.40404766522396,86.90309143066406,0.3618186274849844,0.3527731617978598,957.6407008662443,0.0,35.27731617978598,1.0,0.036837736896390784,True,True,put,FILTERED (IV rank top-tercile)
put,2000-02-22,2000-03-30,84.57294464111328,76.71132737595485,93.40603637695312,0.34129637384787337,0.3327639645016765,938.5735627565904,0.0,33.27639645016765,1.0,0.03545422305784417,True,True,put,FILTERED (IV rank top-tercile)
put,2000-03-31,2000-05-05,94.46614837646484,86.45842798516466,90.1668701171875,0.34455340331201256,0.3359395682292122,1122.1448852222,0.0,33.59395682292122,1.0,0.029937272152044038,True,True,put,FILTERED (IV rank top-tercile)
put,2000-05-08,2000-06-14,89.48954772949219,80.45114464536655,92.8759994506836,0.39507245521234857,0.38519564383203986,924.4702105604846,0.0,38.519564383203985,1.0,0.04166663667815805,True,True,put,FILTERED (IV rank top-tercile)
put,2000-10-10,2000-11-16,86.9172592163086,79.13971251078691,86.71997833251953,0.33673528735234726,0.32831690516853856,993.4222042908573,0.0,32.831690516853854,1.0,0.03304908061753096,True,True,put,FILTERED (IV rank top-tercile)
put,2000-11-17,2000-12-22,86.25640106201172,78.73853411238457,82.90974426269531,0.3240427800679839,0.31594171056628434,1004.9354973341482,0.0,31.594171056628433,1.0,0.03143900393651151,True,True,put,FILTERED (IV rank top-tercile)
put,2000-12-26,2001-02-01,83.8001708984375,75.18514710430475,87.33741760253906,0.3771809207932275,0.3677513977733968,851.2761783328144,0.0,36.77513977733968,1.0,0.04320001042359968,True,True,put,FILTERED (IV rank top-tercile)
put,2001-02-22,2001-03-30,79.66301727294922,72.10132668882522,74.0871353149414,0.32838363627022105,0.3201740453634655,869.1086915829317,0.0,32.01740453634655,1.0,0.03683935605111987,True,True,put,FILTERED (IV rank top-tercile)
put,2001-04-02,2001-05-09,72.50624084472656,64.4458685131831,79.77590942382812,0.35572095713709206,0.34682793320866473,679.1414784526975,0.0,34.68279332086647,1.0,0.05106858352973083,True,True,put,FILTERED (IV rank top-tercile)
put,2001-09-05,2001-10-12,72.39415740966797,65.54198271193438,69.98150634765625,0.2978826967301069,0.29043562931185424,791.7092413511862,0.0,29.043562931185424,1.0,0.03668463296148679,True,True,put,FILTERED (IV rank top-tercile)
put,2001-10-15,2001-11-21,69.85372161865234,61.14264102127217,72.8830337524414,0.38991364557262376,0.38016580443330816,649.4429906560525,0.0,38.01658044333082,1.0,0.05853720956311705,True,True,put,FILTERED (IV rank top-tercile)
put,2002-02-07,2002-03-15,69.27311706542969,63.08876492238216,75.02179718017578,0.2673555797469547,0.2606716902532808,793.0942960291693,0.0,26.06716902532808,1.0,0.03286767936150855,True,True,put,FILTERED (IV rank top-tercile)
put,2002-04-30,2002-06-06,69.36864471435547,63.88155575133689,66.538818359375,0.23591178601281104,0.23001399136249076,861.6653971215006,0.0,23.001399136249077,1.0,0.02669411956553911,True,True,put,FILTERED (IV rank top-tercile)
put,2002-06-07,2002-07-12,66.46163940429688,60.96446617280494,59.27879333496094,0.23619091718534602,0.23028614425571237,802.5440793623153,1.6856728378440025,-145.53866935882903,-6.319905603926444,-0.18134663640465828,False,False,put,FILTERED (IV rank top-tercile)
put,2002-07-15,2002-08-21,59.59501266479492,52.217657415288336,61.795780181884766,0.3298861993820488,0.3216390443974975,554.3404785926332,0.0,32.16390443974975,1.0,0.058021929990405695,True,True,put,FILTERED (IV rank top-tercile)
put,2002-08-22,2002-09-27,62.39600372314453,56.26371477765829,53.64516830444336,0.26707653298305445,0.2603996196584781,660.7311418801147,2.618546473214934,-235.81468535564562,-9.055876719978457,-0.3568996077355056,False,False,put,FILTERED (IV rank top-tercile)
put,2002-09-30,2002-11-06,53.02280426025391,45.66451862488319,60.31596374511719,0.3346914345005505,0.3263241486380367,489.27760111263564,0.0,32.632414863803675,1.0,0.06669509249881118,True,True,put,FILTERED (IV rank top-tercile)
put,2002-11-07,2002-12-13,58.837890625,52.33339213538074,57.91732406616211,0.2865660860704242,0.2794019339186636,554.2481569299405,0.0,27.94019339186636,1.0,0.05041098115080991,True,True,put,FILTERED (IV rank top-tercile)
put,2002-12-20,2003-01-24,58.62542724609375,53.13873522041957,56.27359390258789,0.2377028998286823,0.23176032733296525,647.0153750877536,0.0,23.176032733296527,1.0,0.035819910353989966,True,True,put,FILTERED (IV rank top-tercile)
put,2003-01-27,2003-03-05,55.5048942565918,48.69552630160765,54.36484146118164,0.30412134694130355,0.29651831326777095,516.6070943428535,0.0,29.651831326777096,1.0,0.05739725925462851,True,True,put,FILTERED (IV rank top-tercile)
put,2003-03-07,2003-04-11,54.28012847900391,48.412807954625556,57.00418472290039,0.25758024396067647,0.2511407378616595,523.9845909284086,0.0,25.114073786165953,1.0,0.047929031160378645,True,True,put,FILTERED (IV rank top-tercile)
put,2004-03-12,2004-04-16,74.53794860839844,69.72828070024929,75.62980651855469,0.20478281456811498,0.1996632442039121,1029.7585057734448,0.0,19.96632442039121,1.0,0.019389327020313988,True,True,put,FILTERED (IV rank top-tercile)
put,2004-05-11,2004-06-17,72.91901397705078,68.0258664244089,75.62980651855469,0.20923596096986774,0.20400506194562104,989.46603047139,0.0,20.400506194562105,1.0,0.020617692337394473,True,True,put,FILTERED (IV rank top-tercile)
put,2004-08-06,2004-09-10,71.25135040283203,66.39168681396056,75.39240264892578,0.2071605378581891,0.20198152441173436,959.2588016106671,0.0,20.198152441173438,1.0,0.02105599907684895,True,True,put,FILTERED (IV rank top-tercile)
put,2005-04-18,2005-05-25,77.56440734863281,72.92931822892716,80.89053344726562,0.197938413263806,0.19298995293221086,1107.078230295312,0.0,19.298995293221086,1.0,0.017432368160715344,True,True,put,FILTERED (IV rank top-tercile)
put,2005-08-25,2005-09-30,82.69975280761719,78.67492992875769,84.04220581054688,0.17189830838202447,0.16760085067247385,1268.2728533336415,0.0,16.760085067247385,1.0,0.013214889069961312,True,True,put,FILTERED (IV rank top-tercile)
put,2005-10-06,2005-11-11,81.41929626464844,77.0877049031432,84.53400421142578,0.18469845338661983,0.18008099205195433,1213.234888347641,0.0,18.008099205195432,1.0,0.01484304430918688,True,True,put,FILTERED (IV rank top-tercile)
put,2006-01-23,2006-03-01,86.80864715576172,82.46822139997512,88.83435821533203,0.18568894249873402,0.18104671893626567,1320.2350394302011,0.0,18.104671893626566,1.0,0.013713218747353003,True,True,put,FILTERED (IV rank top-tercile)
put,2006-04-12,2006-05-19,88.84979248046875,84.79780544038208,87.62267303466797,0.17381906009126702,0.16947358358898534,1388.7445039596064,0.0,16.947358358898533,1.0,0.012203366645612642,True,True,put,FILTERED (IV rank top-tercile)
put,2006-05-22,2006-06-28,86.95393371582031,81.38809206706235,86.38272094726562,0.23781475809174424,0.23186938913945063,1205.6814483545547,0.0,23.186938913945063,1.0,0.01923139726964305,True,True,put,FILTERED (IV rank top-tercile)
put,2006-06-29,2006-08-04,88.12765502929688,84.06743616005927,88.77165222167969,0.17368059114577505,0.16933857636713068,1373.4650712988905,0.0,16.933857636713068,1.0,0.01232929616528119,True,True,put,FILTERED (IV rank top-tercile)
put,2006-08-07,2006-09-13,88.56388092041016,83.70667005476163,91.55525207519533,0.20748506250597742,0.20229793594332798,1305.7863254376834,0.0,20.229793594332797,1.0,0.015492422611756193,True,True,put,FILTERED (IV rank top-tercile)
put,2007-02-28,2007-04-05,98.56175231933594,93.1519751339211,101.27680206298828,0.23060139228052812,0.2248363574735149,1452.7409635925865,0.0,22.483635747351492,1.0,0.015476699777054617,True,True,put,FILTERED (IV rank top-tercile)
put,2007-04-12,2007-05-18,101.57168579101562,97.01300265963981,107.16072082519533,0.19517721485415507,0.19029778448280119,1594.5951811310113,0.0,19.02977844828012,1.0,0.011933924467765365,True,True,put,FILTERED (IV rank top-tercile)
put,2007-05-25,2007-06-29,106.50772094726562,101.53933898627041,106.07828521728516,0.2119264954921931,0.2066283331048883,1653.9790561562795,0.0,20.66283331048883,1.0,0.012492802271939083,True,True,put,FILTERED (IV rank top-tercile)
put,2007-07-02,2007-08-08,107.03727722167967,101.09942684451617,105.65518188476562,0.2536210643634149,0.24728053775432954,1571.6885604926767,0.0,24.728053775432954,1.0,0.015733431162520812,True,True,put,FILTERED (IV rank top-tercile)
put,2007-08-09,2007-09-14,102.52424621582033,92.89034697519885,104.99937438964844,0.4180421078264729,0.40759105513081106,1127.8541057673403,0.0,40.75910551308111,1.0,0.03613863291773051,True,True,put,FILTERED (IV rank top-tercile)
put,2007-09-17,2007-10-24,104.43524932861328,94.5035055065045,107.3254165649414,0.43191971770175286,0.421121724759209,1137.6427768373082,0.0,42.1121724759209,1.0,0.03701704377976574,True,True,put,FILTERED (IV rank top-tercile)
put,2007-10-25,2007-11-30,107.58051300048828,99.45285178317977,105.32744598388672,0.34821281469585585,0.33950749432845945,1372.7948877117603,0.0,33.950749432845946,1.0,0.024731115869346416,True,True,put,FILTERED (IV rank top-tercile)
put,2007-12-03,2008-01-09,104.6331024169922,95.72805565403497,99.98174285888672,0.3843347905545933,0.37472642079072843,1239.6300141231943,0.0,37.47264207907284,1.0,0.03022889221150208,True,True,put,FILTERED (IV rank top-tercile)
put,2008-01-10,2008-02-15,100.6369857788086,92.23034724459059,96.2565460205078,0.36192061985959256,0.35287260436310275,1207.363122590682,0.0,35.28726043631028,1.0,0.029226717112738335,True,True,put,FILTERED (IV rank top-tercile)
put,2008-02-19,2008-03-27,96.52718353271484,87.64467903416806,95.04377746582033,0.3853294400879097,0.37569620408571197,1079.8628412081903,0.0,37.5696204085712,1.0,0.03479110399477856,True,True,put,FILTERED (IV rank top-tercile)
put,2008-03-28,2008-05-02,94.1347198486328,85.64250530724864,101.29269409179688,0.36690392108123504,0.35773132305420413,1069.2460751396607,0.0,35.77313230542041,1.0,0.033456407404392735,True,True,put,FILTERED (IV rank top-tercile)
put,2008-06-12,2008-07-18,96.2391586303711,88.2400552751206,90.62741088867188,0.3442783481315015,0.33567138942821395,1158.4399760251938,0.0,33.567138942821394,1.0,0.0289761572783391,True,True,put,FILTERED (IV rank top-tercile)
put,2008-09-10,2008-10-17,89.00159454345703,81.14313289627812,67.44145965576172,0.33993760026216435,0.3314391602556102,1027.3296421768102,13.7016732405164,-1337.0234080260789,-40.33993469555465,-1.3014551056786974,False,False,put,FILTERED (IV rank top-tercile)
put,2008-10-20,2008-11-26,71.49330139160156,58.6890975167727,64.3736572265625,0.6135028288401871,0.5981652581191824,646.7075009796453,0.0,59.81652581191824,1.0,0.09249394157529793,True,True,put,FILTERED (IV rank top-tercile)
put,2008-11-28,2009-01-02,65.18399810791016,53.346226488234066,67.80656433105469,0.5683912893485097,0.554181507114797,588.8804155938204,0.0,55.4181507114797,1.0,0.09410764773964618,True,True,put,FILTERED (IV rank top-tercile)
put,2009-01-05,2009-02-11,67.72633361816406,58.4586701028648,60.979251861572266,0.4205787915040142,0.4100643217164139,625.5931332002893,0.0,41.006432171641386,1.0,0.06554808548148307,True,True,put,FILTERED (IV rank top-tercile)
put,2009-02-12,2009-03-20,61.02300262451172,52.35559501031865,56.3540267944336,0.3954283956995912,0.38554268580710144,562.1102186838967,0.0,38.55426858071014,1.0,0.06858844991464419,True,True,put,FILTERED (IV rank top-tercile)
put,2009-03-23,2009-04-29,60.40188980102539,51.34992508904631,64.19993591308594,0.41731411851049405,0.4068812655477317,554.1873774452363,0.0,40.68812655477317,1.0,0.07341943936424986,True,True,put,FILTERED (IV rank top-tercile)
put,2010-05-07,2010-06-11,83.37554168701172,71.75093954296315,82.19158935546875,0.5282131744346863,0.5150078450738191,769.0101799370135,0.0,51.500784507381915,1.0,0.06697022464852173,True,True,put,FILTERED (IV rank top-tercile)
put,2010-06-14,2010-07-21,82.06419372558594,73.66950297455845,80.61742401123047,0.3673637269285983,0.35817963375538336,837.6327627845089,0.0,35.81796337553833,1.0,0.042760938882655586,True,True,put,FILTERED (IV rank top-tercile)
put,2010-07-22,2010-08-27,82.41693878173828,75.19546543851384,80.45933532714844,0.311802415665289,0.30400735527365674,956.5921768396868,0.0,30.400735527365676,1.0,0.03178024686319431,True,True,put,FILTERED (IV rank top-tercile)
put,2010-08-31,2010-10-07,79.292236328125,71.86935320153955,87.72550201416016,0.32242023220503047,0.31435972639990467,874.9923865439459,0.0,31.435972639990467,1.0,0.03592713847963478,True,True,put,FILTERED (IV rank top-tercile)
put,2011-03-16,2011-04-21,96.01708984375,86.04745584662015,102.2425765991211,0.43639061562002013,0.4254808502295196,965.9264821849674,0.0,42.54808502295196,1.0,0.04404898903559032,True,True,put,FILTERED (IV rank top-tercile)
put,2011-06-17,2011-07-22,97.58047485351562,90.0684841207306,103.3639144897461,0.321591365435534,0.31355158129964567,1231.7655819217748,0.0,31.355158129964565,1.0,0.025455458887757607,True,True,put,FILTERED (IV rank top-tercile)
put,2011-07-28,2011-09-02,100.0151824951172,91.55974305068204,90.5144500732422,0.36427380276098376,0.35516695769195916,1190.2764012280245,1.0452929774398427,-69.01260197478835,-1.9431031091198483,-0.05798031608758025,False,False,put,FILTERED (IV rank top-tercile)
put,2011-09-06,2011-10-13,89.85393524169922,78.15665972050364,93.03630828857422,0.5267799927399466,0.5136104929214479,832.9276464971813,0.0,51.36104929214479,1.0,0.061663278326923206,True,True,put,FILTERED (IV rank top-tercile)
put,2011-10-14,2011-11-18,94.62667083740234,85.28582957570474,94.1711883544922,0.40647368028990627,0.3963118382826586,998.0804744065521,0.0,39.63118382826586,1.0,0.03970740320496715,True,True,put,FILTERED (IV rank top-tercile)
put,2011-11-21,2011-12-28,92.38011169433594,81.5878780210642,96.98262786865234,0.4790241394754382,0.4670485359885522,862.5836338094972,0.0,46.70485359885522,1.0,0.0541453046037853,True,True,put,FILTERED (IV rank top-tercile)
put,2012-12-27,2013-02-01,112.41919708251952,104.60384100862639,120.10657501220705,0.3338971152592105,0.3255496873777302,1499.4033029988507,0.0,32.554968737773024,1.0,0.02171194946193738,True,True,put,FILTERED (IV rank top-tercile)
put,2013-02-26,2013-04-04,119.13768768310548,111.882540007096,124.3260269165039,0.30985094188652695,0.3021046683393638,1687.4494528950977,0.0,30.21046683393638,1.0,0.017903035129203628,True,True,put,FILTERED (IV rank top-tercile)
put,2013-04-19,2013-05-24,124.02288055419922,117.50107924684394,131.86404418945312,0.2775210783926365,0.2705830514328206,1855.335785491739,0.0,27.05830514328206,1.0,0.014584047456461103,True,True,put,FILTERED (IV rank top-tercile)
put,2013-06-06,2013-07-12,129.8060760498047,122.10873469570092,134.32603454589844,0.32806022243731014,0.3198587168763774,1858.373257273355,0.0,31.98587168763774,1.0,0.017211758489555588,True,True,put,FILTERED (IV rank top-tercile)
put,2013-08-22,2013-09-27,133.1632537841797,126.17665971924939,136.10888671875,0.2979613867586419,0.29051235208967585,1993.6569043995312,0.0,29.051235208967586,1.0,0.014571832868964742,True,True,put,FILTERED (IV rank top-tercile)
put,2013-10-01,2013-11-07,136.4553680419922,128.81478510876158,140.95982360839844,0.32632695332536876,0.31816877949223454,1996.865945466007,0.0,31.816877949223453,1.0,0.015933407057927656,True,True,put,FILTERED (IV rank top-tercile)
put,2013-12-05,2014-01-10,144.1911163330078,136.45650515808612,149.18692016601562,0.3297715856481691,0.3215272960069649,2142.513938768683,0.0,32.15272960069649,1.0,0.015007010698457755,True,True,put,FILTERED (IV rank top-tercile)
put,2014-01-27,2014-03-05,144.22047424316406,135.14717132802093,152.11167907714844,0.38760142360281513,0.37791138801274476,2014.8703321502428,0.0,37.79113880127448,1.0,0.01875611457385661,True,True,put,FILTERED (IV rank top-tercile)
put,2014-03-12,2014-04-17,151.73094177246094,143.93205542686735,151.67626953125,0.33270940035343877,0.3243916653446028,2287.1693674243206,0.0,32.43916653446028,1.0,0.014183106418127405,True,True,put,FILTERED (IV rank top-tercile)
put,2014-07-18,2014-08-22,161.65899658203125,154.87862491277457,162.86911010742188,0.290316036259636,0.28305813535314506,2583.4485782502716,0.0,28.305813535314506,1.0,0.010956600326252897,True,True,put,FILTERED (IV rank top-tercile)
put,2014-09-16,2014-10-23,163.92391967773438,156.4667293575837,160.13092041015625,0.3199215892964453,0.3119235495640342,2563.9517164960225,0.0,31.192354956403417,1.0,0.01216573415002989,True,True,put,FILTERED (IV rank top-tercile)
put,2014-10-24,2014-11-28,161.36312866210938,152.2135615223455,170.2104949951172,0.3891521225402492,0.37942331947674296,2350.2481912134735,0.0,37.9423319476743,1.0,0.016143968151756782,True,True,put,FILTERED (IV rank top-tercile)
put,2014-12-09,2015-01-15,169.61082458496094,160.23316917853177,164.3931121826172,0.4005551508007379,0.3905412720307194,2493.505078259374,0.0,39.05412720307194,1.0,0.01566234115325493,True,True,put,FILTERED (IV rank top-tercile)
put,2015-01-16,2015-02-20,166.5490264892578,154.24921224635946,174.48699951171875,0.5256565103184379,0.5125150975604769,2152.250615251369,0.0,51.25150975604769,1.0,0.023812984135242934,True,True,put,FILTERED (IV rank top-tercile)
put,2015-03-09,2015-04-15,172.1079864501953,162.77749521832246,174.5937957763672,0.39861816127829286,0.38865270724633555,2547.975876541255,0.0,38.865270724633554,1.0,0.01525339038036386,True,True,put,FILTERED (IV rank top-tercile)
put,2015-05-07,2015-06-12,173.29949951171875,163.97169517595455,174.24526977539062,0.39768426731021833,0.38774216062746286,2571.983772720702,0.0,38.774216062746284,1.0,0.015075606803588054,True,True,put,FILTERED (IV rank top-tercile)
put,2015-06-16,2015-07-23,174.44444274902344,165.14941900467988,175.23460388183594,0.3971891585071674,0.3872594295444882,2598.1124235005627,0.0,38.725942954448826,1.0,0.01490541464032241,True,True,put,FILTERED (IV rank top-tercile)
put,2015-07-28,2015-09-03,174.5259552001953,166.12020023950123,163.037109375,0.3599528635889726,0.3509540419992483,2685.039012134423,3.08309086450123,-273.2136822501982,-7.784884900991777,-0.1017540829073511,False,False,put,FILTERED (IV rank top-tercile)
put,2015-09-04,2015-10-09,160.56922912597656,144.95481026284622,168.72877502441406,0.6785911399555147,0.6616263614566268,1716.10533235216,0.0,66.16263614566267,1.0,0.03855394823287311,True,True,put,FILTERED (IV rank top-tercile)
put,2015-10-12,2015-11-18,168.88796997070312,159.038177177209,174.93043518066406,0.42061821218764095,0.4101027568829499,2433.7903957529456,0.0,41.01027568829499,1.0,0.016850372883326123,True,True,put,FILTERED (IV rank top-tercile)
put,2015-11-19,2015-12-24,174.77960205078125,164.317482457655,173.4002227783203,0.44504484387830345,0.43391872278134586,2492.7719539811337,0.0,43.391872278134585,1.0,0.017407076571458808,True,True,put,FILTERED (IV rank top-tercile)
put,2015-12-29,2016-02-04,174.8502655029297,164.71079572257975,161.52996826171875,0.43299121327081025,0.42216643293904,2525.2749753175035,3.1808274608609963,-275.86610279219565,-6.534534280039034,-0.10924200551962106,False,False,put,FILTERED (IV rank top-tercile)
put,2016-02-05,2016-03-11,158.45274353027344,145.41755927907397,170.9384765625,0.5598985520310027,0.5459010882302276,1920.1265543085449,0.0,54.59010882302277,1.0,0.028430474387497424,True,True,put,FILTERED (IV rank top-tercile)
put,2016-06-14,2016-07-21,176.2943572998047,163.23663802736422,184.2216644287109,0.5598966431214905,0.5458992270434532,2274.7051414563925,0.0,54.58992270434532,1.0,0.023998680844143968,True,True,put,FILTERED (IV rank top-tercile)
put,2016-09-15,2016-10-21,183.3783416748047,172.72424173293422,183.19171142578125,0.4540584040477853,0.44270694394659066,2646.4275337037056,0.0,44.27069439465907,1.0,0.016728474077165347,True,True,put,FILTERED (IV rank top-tercile)
put,2016-11-01,2016-12-08,180.64903259277344,168.53334408295285,192.7545318603516,0.5180735074761245,0.5051216697892214,2451.923967852332,0.0,50.51216697892214,1.0,0.020601033164648376,True,True,put,FILTERED (IV rank top-tercile)
put,2017-04-11,2017-05-18,203.30535888671875,192.2760129497498,204.78439331054688,0.4711931627460828,0.4594133336774307,3009.113917405223,0.0,45.94133336774307,1.0,0.015267395860957819,True,True,put,FILTERED (IV rank top-tercile)
put,2017-05-19,2017-06-23,206.11639404296875,197.48658874071074,211.31069946289065,0.3695315575739606,0.3602932686346116,3295.3766774970363,0.0,36.02932686346116,1.0,0.010933295458905415,True,True,put,FILTERED (IV rank top-tercile)
put,2017-08-11,2017-09-15,212.17112731933597,200.59953155830397,217.6524200439453,0.49224000530282197,0.4799340051702514,3134.256370800544,0.0,47.993400517025144,1.0,0.015312531854172091,True,True,put,FILTERED (IV rank top-tercile)
put,2017-11-16,2017-12-22,225.888916015625,216.55237820249533,234.8481292724609,0.40111414287881075,0.3910862893068405,3623.233167930218,0.0,39.10862893068405,1.0,0.010793848233903468,True,True,put,FILTERED (IV rank top-tercile)
put,2018-01-17,2018-02-23,245.47073364257807,235.0650144840816,241.16905212402344,0.44772063375595295,0.43652761791205413,3912.495518793119,0.0,43.652761791205414,1.0,0.011157268188941187,True,True,put,FILTERED (IV rank top-tercile)
put,2018-02-26,2018-04-04,243.96954345703125,230.0741922414957,232.30714416503903,0.5934113760295254,0.5785760916287873,3547.7133567499486,0.0,57.85760916287873,1.0,0.016308422734547513,True,True,put,FILTERED (IV rank top-tercile)
put,2018-04-05,2018-05-11,234.14047241210935,218.30638930832598,240.4954833984375,0.676014964483123,0.6591145903710449,3165.3125969009548,0.0,65.91145903710449,1.0,0.02082304891518015,True,True,put,FILTERED (IV rank top-tercile)
put,2018-05-14,2018-06-20,240.61016845703125,229.48301009082022,244.33775329589844,0.47709162914580006,0.46516433841715504,3746.003966361237,0.0,46.516433841715504,1.0,0.012417614679383338,True,True,put,FILTERED (IV rank top-tercile)
put,2018-06-22,2018-07-27,243.248779296875,231.5192372439802,249.16314697265625,0.49989243167595987,0.48739512088406084,3740.7608927364263,0.0,48.73951208840609,1.0,0.013029304327642379,True,True,put,FILTERED (IV rank top-tercile)
put,2018-07-31,2018-09-06,249.0833740234375,237.6582174784632,255.1305389404297,0.49000718479513594,0.47775700517525754,3886.9275264888456,0.0,47.775700517525756,1.0,0.012291379294298983,True,True,put,FILTERED (IV rank top-tercile)
put,2018-09-07,2018-10-12,254.6346893310547,241.32767552278796,245.4260711669922,0.5662937832064436,0.5521364386262825,3817.2060496570493,0.0,55.213643862628246,1.0,0.014464412752250778,True,True,put,FILTERED (IV rank top-tercile)
put,2018-10-15,2018-11-21,244.0474853515625,225.27320636059576,235.7051239013672,0.8061937187441259,0.7860388757755228,3082.1256955121294,0.0,78.60388757755229,1.0,0.02550314144942469,True,True,put,FILTERED (IV rank top-tercile)
put,2018-11-23,2018-12-28,234.1308441162109,216.37521211860005,221.63217163085935,0.7596304261125937,0.7406396654597788,2981.11764910911,0.0,74.06396654597788,1.0,0.024844362170044335,True,True,put,FILTERED (IV rank top-tercile)
put,2018-12-31,2019-02-06,223.57334899902344,203.13189136109457,243.9876708984375,0.8863545838656925,0.8641957192690503,2513.7407881144877,0.0,86.41957192690502,1.0,0.034378871654354944,True,True,put,FILTERED (IV rank top-tercile)
put,2019-05-08,2019-06-14,258.3515014648437,240.23863884626002,259.9059753417969,0.7753233452414108,0.7559402616103755,3431.337793599544,0.0,75.59402616103755,1.0,0.02203048219328411,True,True,put,FILTERED (IV rank top-tercile)
put,2019-08-02,2019-09-06,264.2038269042969,247.80395581871701,269.1064758300781,0.6978639448646149,0.6804173462429995,3712.1311641522516,0.0,68.04173462429995,1.0,0.01832956100295524,True,True,put,FILTERED (IV rank top-tercile)
put,2019-10-02,2019-11-08,261.28765869140625,241.87847850331443,280.2270202636719,0.8323247609747106,0.8115166419503429,3365.986819213977,0.0,81.15166419503429,1.0,0.024109323224855875,True,True,put,FILTERED (IV rank top-tercile)
put,2020-01-28,2020-03-05,297.9665832519531,280.4679021603453,275.6981811523437,0.7472494436214809,0.7285682075309439,4282.320376631376,4.769721008001625,-404.1152800470681,-5.546704836553062,-0.09436829674218802,False,False,put,FILTERED (IV rank top-tercile)
put,2020-03-06,2020-04-09,271.1405334472656,232.98604085957078,255.07579040527344,1.7348838353588008,1.6915117394748307,2499.0115825431913,0.0,169.15117394748307,1.0,0.06768723087523328,True,True,put,FILTERED (IV rank top-tercile)
put,2020-04-13,2020-05-20,252.74696350097656,216.49254073004562,272.2490234375,1.6582715608222323,1.6168147718016763,2326.6068844806236,0.0,161.68147718016763,1.0,0.06949239179968314,True,True,put,FILTERED (IV rank top-tercile)
put,2020-05-21,2020-06-26,270.3694152832031,242.1788604431339,276.3202209472656,1.2344586551200543,1.203597188742053,2708.6925405313464,0.0,120.35971887420529,1.0,0.04443461820535568,True,True,put,FILTERED (IV rank top-tercile)
put,2020-06-29,2020-08-05,280.3815612792969,248.6784238471265,305.8447570800781,1.4017880136510783,1.3667433133098013,2623.458569802245,0.0,136.67433133098012,1.0,0.05209700389561805,True,True,put,FILTERED (IV rank top-tercile)
put,2020-09-04,2020-10-09,315.47760009765625,281.71774203894324,320.6976928710937,1.4805187556186006,1.4435057867281356,3077.9167747546376,0.0,144.35057867281355,1.0,0.046898792019586286,True,True,put,FILTERED (IV rank top-tercile)
put,2020-10-20,2020-11-25,317.4893493652344,284.5769760748425,335.3157043457031,1.4404148405997574,1.4044044695847635,3198.9901052239757,0.0,140.44044695847634,1.0,0.0439014946401791,True,True,put,FILTERED (IV rank top-tercile)
put,2021-01-28,2021-03-05,350.64520263671875,313.2888811404809,356.2164611816406,1.639350451294888,1.5983666900125157,3437.108572111841,0.0,159.83666900125158,1.0,0.04650323539330157,True,True,put,FILTERED (IV rank top-tercile)
put,2021-05-13,2021-06-18,382.2098693847656,350.7078915649219,387.7970275878906,1.355203580988615,1.3213234914638996,4626.131954857331,0.0,132.13234914638997,1.0,0.028562166067842936,True,True,put,FILTERED (IV rank top-tercile)
put,2021-09-21,2021-10-28,406.5823059082031,370.91019475811294,429.7322998046875,1.5424545344829639,1.5038931711208898,4714.824320267134,0.0,150.38931711208897,1.0,0.031897119997796264,True,True,put,FILTERED (IV rank top-tercile)
put,2021-11-29,2022-01-05,435.62060546875,399.54320567785356,440.7076721191406,1.554683893921009,1.5158167965729838,5256.253809942656,0.0,151.5816796572984,1.0,0.02883834859164689,True,True,put,FILTERED (IV rank top-tercile)
put,2022-01-14,2022-02-18,437.263916015625,407.6718565306301,408.5753173828125,1.2612192576289232,1.2296887761882,5909.0412494318325,0.0,122.96887761882,1.0,0.02081029263937593,True,True,put,FILTERED (IV rank top-tercile)
put,2022-02-22,2022-03-31,404.190673828125,362.5282103767927,426.2769775390625,1.824509482777259,1.7788967457078275,4095.456806000051,0.0,177.88967457078274,1.0,0.04343585660827026,True,True,put,FILTERED (IV rank top-tercile)
put,2022-04-01,2022-05-06,427.4849548339844,397.8919566386442,388.239990234375,1.2620131836790591,1.2304628540870826,5713.445562554381,9.651966404269217,-842.1503550182134,-6.844175362311365,-0.14739798354562478,False,False,put,FILTERED (IV rank top-tercile)
put,2022-05-09,2022-06-15,375.80963134765625,329.63137100327737,357.9049987792969,2.0628603841132644,2.011288874510433,3497.442597483817,0.0,201.12888745104328,1.0,0.05750741630348486,True,True,put,FILTERED (IV rank top-tercile)
put,2022-06-16,2022-07-22,346.0596618652344,306.06196284697256,374.5134887695313,1.771188959585757,1.726909235596113,3233.3105520293375,0.0,172.69092355961132,1.0,0.05340994030134981,True,True,put,FILTERED (IV rank top-tercile)
put,2022-08-30,2022-10-06,377.4709167480469,341.9254634698238,355.2166748046875,1.5446458454412948,1.5060296993052624,4145.475977069155,0.0,150.60296993052623,1.0,0.036329475979017076,True,True,put,FILTERED (IV rank top-tercile)
put,2022-10-07,2022-11-11,345.3083190917969,307.66654438473296,379.30712890625,1.6539995615435785,1.612649572504989,3303.2538683800453,0.0,161.2649572504989,1.0,0.04882003130131356,True,True,put,FILTERED (IV rank top-tercile)
put,2023-03-14,2023-04-20,374.5659790039063,342.5297718696403,395.3360595703125,1.3830610563933163,1.3484845299834833,4422.547319649872,0.0,134.84845299834834,1.0,0.030491127228690483,True,True,put,FILTERED (IV rank top-tercile)
put,2023-10-20,2023-11-24,407.20513916015625,376.0553475005215,440.1825866699219,1.3331623971799544,1.2998333372504556,5159.106950964698,0.0,129.98333372504555,1.0,0.02519492907599833,True,True,put,FILTERED (IV rank top-tercile)
put,2024-04-05,2024-05-10,504.8121948242188,476.3338055876879,507.1590270996094,1.2112602844713578,1.180978777359574,7366.502850567243,0.0,118.0978777359574,1.0,0.016031742623552166,True,True,put,FILTERED (IV rank top-tercile)
put,2024-07-19,2024-08-23,536.2941284179688,505.0952815689958,549.1302490234375,1.3269836998353597,1.2938091073394757,7735.378794196028,0.0,129.3809107339476,1.0,0.016725866202056457,True,True,put,FILTERED (IV rank top-tercile)
put,2024-08-26,2024-10-02,547.8212280273438,515.9119052386492,557.4091186523438,1.3626333740843677,1.3285675397322585,7898.349035650645,0.0,132.85675397322586,1.0,0.016820825893304102,True,True,put,FILTERED (IV rank top-tercile)
put,2024-10-03,2024-11-08,556.3899536132812,515.6925213194064,586.148681640625,1.7414767744743855,1.6979398551125258,7227.849828389394,0.0,169.79398551125257,1.0,0.023491631611428806,True,True,put,FILTERED (IV rank top-tercile)
put,2024-11-18,2024-12-24,576.3107299804688,544.3413309531372,591.1790771484375,1.3626534779241126,1.3285871409760097,8462.133410973824,0.0,132.85871409760097,1.0,0.015700380464967353,True,True,put,FILTERED (IV rank top-tercile)
put,2024-12-30,2025-02-05,578.3192749023438,541.9779486699011,594.0499267578125,1.5524423950945376,1.5136313352171742,8083.616008324331,0.0,151.36313352171743,1.0,0.018724681301764825,True,True,put,FILTERED (IV rank top-tercile)
put,2025-02-10,2025-03-19,594.6693115234375,560.7777765183582,557.584228515625,1.4473594862960866,1.4111754991386845,8645.35027987469,3.1935480027332233,-178.23725035945387,-1.263040992904437,-0.02061654468464606,False,False,put,FILTERED (IV rank top-tercile)
put,2025-03-20,2025-04-25,555.9718017578125,516.667155687692,543.0003662109375,1.6800223817162276,1.6380218221733218,7352.773610361534,0.0,163.8021822173322,1.0,0.02227760446568109,True,True,put,FILTERED (IV rank top-tercile)
put,2025-04-28,2025-06-04,543.2074584960938,494.05147709885694,587.6619873046875,2.1298855923103375,2.076638452502579,6156.214875448452,0.0,207.6638452502579,1.0,0.033732390673762915,True,True,put,FILTERED (IV rank top-tercile)
put,2025-06-16,2025-07-23,594.3182983398438,553.2740218106625,627.2598266601562,1.7562240468976853,1.7123184457252432,7953.170158451273,0.0,171.23184457252432,1.0,0.021530011449656754,True,True,put,FILTERED (IV rank top-tercile)
put,2025-08-04,2025-09-10,624.2530517578125,584.7513066205493,645.0625610351562,1.6875770020780578,1.6453875770261064,8699.425279132538,0.0,164.53875770261064,1.0,0.0189137503252419,True,True,put,FILTERED (IV rank top-tercile)
put,2025-10-13,2025-11-19,657.5919189453125,612.3682873857092,657.185302734375,1.934855301344058,1.8864839188104565,8818.123614826967,0.0,188.64839188104565,1.0,0.021393257808707572,True,True,put,FILTERED (IV rank top-tercile)
put,2025-11-20,2025-12-26,647.1683349609375,586.4882791614107,686.660888671875,2.632634607829317,2.566818742633584,7132.042993529427,0.0,256.6818742633584,1.0,0.03598995049472276,True,True,put,FILTERED (IV rank top-tercile)
put,2026-01-21,2026-02-27,681.77685546875,640.1834983573327,682.3637084960938,1.7763765952840629,1.7319671804019612,9649.398116273469,0.0,173.19671804019612,1.0,0.017948965930642262,True,True,put,FILTERED (IV rank top-tercile)
put,2026-03-02,2026-04-08,682.751708984375,629.8876335149399,674.27294921875,2.270676928045958,2.2139100048448093,8590.017633228474,0.0,221.3910004844809,1.0,0.02577305541586802,True,True,put,FILTERED (IV rank top-tercile)
put,2026-04-09,2026-05-15,678.162841796875,630.9687524946249,737.2706298828125,2.0163394270144153,1.9659309413390549,9040.4409998464,0.0,196.59309413390548,1.0,0.0217459628504014,True,True,put,FILTERED (IV rank top-tercile)
put,2026-05-18,2026-06-16,736.751953125,694.169538265646,748.4019775390625,1.7892723773024386,1.7445405678698775,10651.251633351589,0.0,174.45405678698776,1.0,0.016378737710104497,True,True,put,FILTERED (IV rank top-tercile)
call,1994-02-07,1994-03-16,26.54735374450684,28.259798666380522,26.58250999450684,0.0548479483868749,0.05347674967720303,365.05025767048886,0.0,5.347674967720303,1.0,0.014649147221113209,True,True,call,FILTERED (IV rank top-tercile)
call,1994-03-17,1994-04-22,26.58250999450684,28.13039936753547,25.38315963745117,0.04960536106896907,0.048365227042244836,381.6977852914982,0.0,4.836522704224484,1.0,0.012671078771208712,True,True,call,FILTERED (IV rank top-tercile)
call,1994-04-25,1994-06-01,25.64839553833008,27.33746742956734,26.037397384643555,0.05410828101492049,0.05275557398954748,349.33627904183055,0.0,5.2755573989547475,1.0,0.015101659104587408,True,True,call,FILTERED (IV rank top-tercile)
call,1994-06-21,1994-07-28,25.68445587158203,27.426866563845177,25.889162063598636,0.055824245538850015,0.054428639400378766,344.890912145364,0.0,5.442863940037877,1.0,0.015781407246079678,True,True,call,FILTERED (IV rank top-tercile)
call,1994-09-13,1994-10-20,26.77024269104004,28.474220877195357,26.78978538513184,0.054569191159500985,0.053204961380513456,370.3275313433204,0.0,5.320496138051346,1.0,0.014367001337307707,True,True,call,FILTERED (IV rank top-tercile)
call,1994-10-21,1994-11-25,26.682344436645508,28.578915523757352,26.055574417114254,0.060985279904709255,0.059460647907091525,349.9358448124349,0.0,5.946064790709152,1.0,0.016991871163973597,True,True,call,FILTERED (IV rank top-tercile)
call,1994-11-28,1995-01-04,26.17196273803711,28.200993309256592,26.57017135620117,0.06494602870371535,0.06332237798612246,326.86843543740616,0.0,6.332237798612246,1.0,0.01937243585523522,True,True,call,FILTERED (IV rank top-tercile)
call,1995-06-06,1995-07-13,31.232873916625977,33.11323718803861,32.76713180541992,0.06016619207350793,0.05866203727167023,442.4873549184232,0.0,5.866203727167023,1.0,0.013257336423203583,True,True,call,FILTERED (IV rank top-tercile)
call,1995-07-20,1995-08-25,32.40201950073242,34.291623192032404,32.88579559326172,0.06055830235936632,0.05904434480038216,464.9844553646885,0.0,5.9044344800382165,1.0,0.012698133049216352,True,True,call,FILTERED (IV rank top-tercile)
call,1995-09-26,1995-11-02,34.180789947509766,36.223372421469215,34.74054718017578,0.06534700148890282,0.06371332645168025,485.7288841994184,0.0,6.3713326451680246,1.0,0.013117055321240155,True,True,call,FILTERED (IV rank top-tercile)
call,1995-11-03,1995-12-08,34.78642654418945,36.705128911623795,36.50234603881836,0.06155176049267519,0.06001296648035831,509.85959078839073,0.0,6.001296648035831,1.0,0.01177048888843316,True,True,call,FILTERED (IV rank top-tercile)
call,1995-12-19,1996-01-25,36.20174026489258,38.40713221662666,36.46025848388672,0.07058167120574632,0.06881712942560266,510.377323067004,0.0,6.881712942560266,1.0,0.013483578974877009,True,True,call,FILTERED (IV rank top-tercile)
call,1996-01-26,1996-03-01,36.77417755126953,38.76132938423219,38.34375381469727,0.0637100308867482,0.062117280114579496,542.9800957405826,0.0,6.211728011457949,1.0,0.011440065778075412,True,True,call,FILTERED (IV rank top-tercile)
call,1996-03-04,1996-04-10,38.56532287597656,41.526923556863736,37.39191818237305,0.09481019424130066,0.09243993938526814,484.3903833693408,0.0,9.243993938526813,1.0,0.019083768497275055,True,True,call,FILTERED (IV rank top-tercile)
call,1996-04-11,1996-05-17,37.34555816650391,40.67620187621523,39.87730407714844,0.1063765671284358,0.10371715295022489,424.218507653969,0.0,10.37171529502249,1.0,0.024448992931450787,True,True,call,FILTERED (IV rank top-tercile)
call,1996-05-20,1996-06-26,40.14625549316406,43.069910533796424,39.62244415283203,0.09365170953266944,0.0913104167943527,519.6906474794804,0.0,9.13104167943527,1.0,0.017570148171265298,True,True,call,FILTERED (IV rank top-tercile)
call,1996-06-27,1996-08-02,39.90213394165039,42.47741882280748,39.71566009521485,0.08265359118559923,0.08058725140595925,548.5729158578949,0.0,8.058725140595925,1.0,0.014690344542426329,True,True,call,FILTERED (IV rank top-tercile)
call,1996-08-05,1996-09-11,39.48262405395508,42.639607047769644,40.01400375366211,0.10099247752354135,0.09846766558545281,483.8009482561903,0.0,9.84676655854528,1.0,0.020352929431074734,True,True,call,FILTERED (IV rank top-tercile)
call,1996-09-24,1996-10-31,41.14764022827149,44.26615832424072,42.48768615722656,0.09985216024837573,0.09735585624216633,520.8365805927235,0.0,9.735585624216633,1.0,0.018692207857476755,True,True,call,FILTERED (IV rank top-tercile)
call,1996-11-01,1996-12-06,42.337738037109375,45.71947815590602,44.56803512573242,0.10853804554256641,0.10582459440400224,519.1632083029236,0.0,10.582459440400225,1.0,0.02038368526728405,True,True,call,FILTERED (IV rank top-tercile)
call,1996-12-09,1997-01-15,45.22399139404297,48.921223784438105,46.27492904663086,0.1182172037718896,0.11526177367759236,546.282766209105,0.0,11.526177367759235,1.0,0.021099287915934854,True,True,call,FILTERED (IV rank top-tercile)
call,1997-01-16,1997-02-21,46.46327209472656,50.598536002196596,48.44083786010742,0.13208517225293903,0.12878304294661555,528.6173554421895,0.0,12.878304294661556,1.0,0.024362242673415118,True,True,call,FILTERED (IV rank top-tercile)
call,1997-02-24,1997-04-02,49.01528549194336,53.4978672652452,45.07200622558594,0.14282690637378792,0.1392562337144432,548.9042960238963,0.0,13.92562337144432,1.0,0.025369856771603905,True,True,call,FILTERED (IV rank top-tercile)
call,1997-04-03,1997-05-09,45.31780242919922,49.68174061192091,49.987571716308594,0.13892816808676312,0.13545496388459402,510.3629025076684,0.30583110438768557,-17.037614050309156,-1.2578065477781233,-0.03338333167750796,False,False,call,FILTERED (IV rank top-tercile)
call,1997-05-12,1997-06-18,50.81944274902344,55.56451787602001,54.03346252441406,0.15106408787842351,0.1472874856814629,570.3739273283464,0.0,14.72874856814629,1.0,0.025822969568641257,True,True,call,FILTERED (IV rank top-tercile)
call,1997-06-19,1997-07-25,54.59120178222656,59.57293216742372,57.10980224609375,0.15896939174016822,0.15499515694666402,611.2288373689037,0.0,15.499515694666401,1.0,0.02535795883156566,True,True,call,FILTERED (IV rank top-tercile)
call,1997-07-28,1997-09-03,57.07183074951172,62.82815704503923,56.36962890625,0.18259451959230066,0.17802965660249315,646.0845361106416,0.0,17.802965660249313,1.0,0.027555164479591516,True,True,call,FILTERED (IV rank top-tercile)
call,1997-09-04,1997-10-10,56.7302360534668,63.28198659458788,59.05279922485352,0.20632623664701288,0.20116808073083756,652.9366740189625,0.0,20.116808073083757,1.0,0.030809738330764256,True,True,call,FILTERED (IV rank top-tercile)
call,1997-10-20,1997-11-26,58.29078674316406,63.862044089646574,58.233642578125,0.17718699136556282,0.17275731658142374,655.8961725546081,0.0,17.275731658142373,1.0,0.02633912558272177,True,True,call,FILTERED (IV rank top-tercile)
call,1997-11-28,1998-01-02,58.29078674316406,65.51124553733244,59.70850372314453,0.22639348641788537,0.22073364925743824,677.1858202990683,0.0,22.073364925743824,1.0,0.03259572817988935,True,True,call,FILTERED (IV rank top-tercile)
call,1998-01-05,1998-02-11,59.84235763549805,66.59828438507205,62.51987457275391,0.21285654330896975,0.2075351297262455,686.7363568233451,0.0,20.75351297262455,1.0,0.030220495487707444,True,True,call,FILTERED (IV rank top-tercile)
call,1998-03-30,1998-05-06,67.24518585205078,74.93410556889394,67.64801788330078,0.2420401442989899,0.23598914069151514,772.9399697580909,0.0,23.598914069151515,1.0,0.030531367237403094,True,True,call,FILTERED (IV rank top-tercile)
call,1998-06-12,1998-07-17,67.78224182128906,74.70187490106031,73.00061798095703,0.2199069453076694,0.21440927167497767,768.4596761781008,0.0,21.440927167497765,1.0,0.02790117403964934,True,True,call,FILTERED (IV rank top-tercile)
call,1998-07-29,1998-09-04,69.28707885742188,77.25295487837224,60.18608474731445,0.2506624024701489,0.2443958424083952,796.969133024562,0.0,24.439584240839523,1.0,0.030665659720206895,True,True,call,FILTERED (IV rank top-tercile)
call,1998-09-08,1998-10-15,63.41853332519531,74.9065273865712,65.47688293457031,0.34493055579770715,0.3363072919027645,782.6960030559885,0.0,33.63072919027645,1.0,0.04296780494466221,True,True,call,FILTERED (IV rank top-tercile)
call,1998-10-16,1998-11-20,65.4962387084961,75.96731058867515,72.061279296875,0.31995240299589156,0.3119535929209943,790.8684651788509,0.0,31.19535929209943,1.0,0.03944443439788026,True,True,call,FILTERED (IV rank top-tercile)
call,1998-12-04,1999-01-08,73.14258575439453,81.47036149118394,79.19751739501953,0.2628167934545056,0.25624637361814295,840.3282522736538,0.0,25.624637361814294,1.0,0.030493604484298123,True,True,call,FILTERED (IV rank top-tercile)
call,1999-01-13,1999-02-19,76.48528289794922,87.2792310785513,77.0277328491211,0.3337959980628158,0.3254510981112454,905.3374205966376,0.0,32.54510981112454,1.0,0.03594804442047318,True,True,call,FILTERED (IV rank top-tercile)
call,1999-02-22,1999-03-31,79.08130645751953,88.58719022746526,79.77801513671875,0.2981445210628735,0.29069090803630165,914.9409930782828,0.0,29.069090803630164,1.0,0.031771547043518464,True,True,call,FILTERED (IV rank top-tercile)
call,1999-05-26,1999-07-02,81.05976104736328,91.47762108501469,86.89488220214844,0.32497467406718705,0.3168503072155074,946.4612415716977,0.0,31.68503072155074,1.0,0.03347736740802448,True,True,call,FILTERED (IV rank top-tercile)
call,1999-09-24,1999-10-29,79.85356903076172,89.8818744149416,85.63552856445312,0.3140694077759667,0.3062176725815675,929.4405114075728,0.0,30.62176725815675,1.0,0.03294645206693457,True,True,call,FILTERED (IV rank top-tercile)
call,2000-01-05,2000-02-11,87.72551727294922,98.50132558073236,86.90309143066406,0.3374032204390449,0.3289681399280688,1017.9100698001305,0.0,32.89681399280688,1.0,0.03231799642110453,True,True,call,FILTERED (IV rank top-tercile)
call,2000-02-22,2000-03-30,84.57294464111328,94.73483087602042,93.40603637695312,0.3187294002840311,0.31076116527693026,978.4244252878974,0.0,31.076116527693028,1.0,0.0317613866993856,True,True,call,FILTERED (IV rank top-tercile)
call,2000-03-31,2000-05-05,94.46614837646484,104.69209129366558,90.1668701171875,0.3238303446037154,0.31573458598862253,1078.4943715355182,0.0,31.573458598862253,1.0,0.029275496870613423,True,True,call,FILTERED (IV rank top-tercile)
call,2000-05-08,2000-06-14,89.48954772949219,101.26878203395373,92.8759994506836,0.36667184658185903,0.35750505041731256,1048.4383253812687,0.0,35.75050504173126,1.0,0.034098815520436504,True,True,call,FILTERED (IV rank top-tercile)
call,2000-10-10,2000-11-16,86.9172592163086,96.93945284955909,86.71997833251953,0.3153032174074095,0.30742063697222427,1000.1365921928134,0.0,30.742063697222427,1.0,0.030737865144819895,True,True,call,FILTERED (IV rank top-tercile)
call,2000-11-17,2000-12-22,86.25640106201172,95.8753016433681,82.90974426269531,0.3040051405924711,0.2964050120776593,988.393517641447,0.0,29.64050120776593,1.0,0.02998856293442266,True,True,call,FILTERED (IV rank top-tercile)
call,2000-12-26,2001-02-01,83.8001708984375,95.05036232055961,87.33741760253906,0.3495757474167913,0.3408363537313715,984.5872585787333,0.0,34.08363537313715,1.0,0.03461718103313402,True,True,call,FILTERED (IV rank top-tercile)
call,2001-02-22,2001-03-30,79.66301727294922,89.43195492366975,74.0871353149414,0.30623583783480424,0.2985799418889341,924.177543425591,0.0,29.85799418889341,1.0,0.03230763872298893,True,True,call,FILTERED (IV rank top-tercile)
call,2001-04-02,2001-05-09,72.50624084472656,83.13925853359859,79.77590942382812,0.3275291969518994,0.31934096702810194,863.3266820387963,0.0,31.934096702810194,1.0,0.03698958617541619,True,True,call,FILTERED (IV rank top-tercile)
call,2001-09-05,2001-10-12,72.39415740966797,81.26552871091572,69.98150634765625,0.2778257789340781,0.2708801344607262,839.7433005552299,0.0,27.08801344607262,1.0,0.03225749276970986,True,True,call,FILTERED (IV rank top-tercile)
call,2001-10-15,2001-11-21,69.85372161865234,81.56165690702618,72.8830337524414,0.35513599829451703,0.3462575983371541,850.2423289039772,0.0,34.625759833715406,1.0,0.04072457775461553,True,True,call,FILTERED (IV rank top-tercile)
call,2002-02-07,2002-03-15,69.27311706542969,77.22062464484229,75.02179718017578,0.25040001814263846,0.24414001768907248,796.6202482173301,0.0,24.414001768907248,1.0,0.03064697617659191,True,True,call,FILTERED (IV rank top-tercile)
call,2002-04-30,2002-06-06,69.36864471435547,76.38824106666407,66.538818359375,0.22262790579597258,0.21706220815107327,785.588631481748,0.0,21.706220815107326,1.0,0.027630517990269107,True,True,call,FILTERED (IV rank top-tercile)
call,2002-06-07,2002-07-12,66.46163940429688,73.4708611350493,59.27879333496094,0.22232833671875074,0.21677012830078196,756.3856241805713,0.0,21.677012830078198,1.0,0.02865867903499877,True,True,call,FILTERED (IV rank top-tercile)
call,2002-07-15,2002-08-21,59.59501266479492,69.49713094594703,61.795780181884766,0.3006854442329141,0.2931683081270912,724.2881402721795,0.0,29.31683081270912,1.0,0.04047675114726051,True,True,call,FILTERED (IV rank top-tercile)
call,2002-08-22,2002-09-27,62.39600372314453,70.34589850154275,53.64516830444336,0.24842071312448955,0.2422101952963773,727.6800045450652,0.0,24.22101952963773,1.0,0.03328526189857361,True,True,call,FILTERED (IV rank top-tercile)
call,2002-09-30,2002-11-06,53.02280426025391,63.13116985261686,60.31596374511719,0.30132361374877625,0.29379052340505685,660.6907508666743,0.0,29.379052340505684,1.0,0.04446717666618932,True,True,call,FILTERED (IV rank top-tercile)
call,2002-11-07,2002-12-13,58.837890625,67.39366972235484,57.91732406616211,0.2640069848041984,0.2574068101840934,699.6773782419579,0.0,25.74068101840934,1.0,0.03678935723645458,True,True,call,FILTERED (IV rank top-tercile)
call,2002-12-20,2003-01-24,58.62542724609375,65.68706848579757,56.27359390258789,0.22191630759001146,0.21636839990026116,678.5075248480018,0.0,21.636839990026115,1.0,0.03188887255874305,True,True,call,FILTERED (IV rank top-tercile)
call,2003-01-27,2003-03-05,55.5048942565918,64.62991191376788,54.36484146118164,0.2774509047290188,0.2705146321107933,673.3505823487582,0.0,27.05146321107933,1.0,0.04017441125055443,True,True,call,FILTERED (IV rank top-tercile)
call,2003-03-07,2003-04-11,54.28012847900391,61.95726210294981,57.00418472290039,0.23778348810926087,0.23183890090652934,642.7565111201511,0.0,23.183890090652934,1.0,0.0360694752827158,True,True,call,FILTERED (IV rank top-tercile)
call,2004-03-12,2004-04-16,74.53794860839844,80.62849897168783,75.62980651855469,0.19536544488090968,0.19048130875888694,900.752066714918,0.0,19.048130875888695,1.0,0.021146918868982515,True,True,call,FILTERED (IV rank top-tercile)
call,2004-05-11,2004-06-17,72.91901397705078,79.15672987943755,75.62980651855469,0.19920680630367738,0.19422663614608543,854.0313529169475,0.0,19.422663614608542,1.0,0.022742330885476694,True,True,call,FILTERED (IV rank top-tercile)
call,2004-08-06,2004-09-10,71.25135040283203,77.40663293092341,75.39240264892578,0.1971056497827126,0.1921780085381448,828.7165561013176,0.0,19.217800853814477,1.0,0.023189835791653884,True,True,call,FILTERED (IV rank top-tercile)
call,2005-04-18,2005-05-25,77.56440734863281,83.48189388490846,80.89053344726562,0.18945554885984883,0.1847191601383526,978.0114093589269,0.0,18.47191601383526,1.0,0.018887219348436176,True,True,call,FILTERED (IV rank top-tercile)
call,2005-08-25,2005-09-30,82.69975280761719,87.86879106682936,84.04220581054688,0.16584972648811558,0.1617034833259127,1153.2615785637176,0.0,16.17034833259127,1.0,0.01402140557975578,True,True,call,FILTERED (IV rank top-tercile)
call,2005-10-06,2005-11-11,81.41929626464844,86.95275035376206,84.53400421142578,0.1776284689936123,0.17318775726877197,1092.3592921084842,0.0,17.3187757268772,1.0,0.01585446826148959,True,True,call,FILTERED (IV rank top-tercile)
call,2006-01-23,2006-03-01,86.80864715576172,92.39656206785384,88.83435821533203,0.17897188846460033,0.1744975912529853,1194.8312110313213,0.0,17.44975912529853,1.0,0.01460437170053227,True,True,call,FILTERED (IV rank top-tercile)
call,2006-04-12,2006-05-19,88.84979248046875,94.10381071880877,87.62267303466797,0.16805068429185077,0.1638494171845545,1267.9789674938281,0.0,16.38494171845545,1.0,0.012922092667546715,True,True,call,FILTERED (IV rank top-tercile)
call,2006-05-22,2006-06-28,86.95393371582031,94.05072585776364,86.38272094726562,0.22692548821380676,0.22125235100846158,1051.52469522292,0.0,22.125235100846158,1.0,0.021041098893217793,True,True,call,FILTERED (IV rank top-tercile)
call,2006-06-29,2006-08-04,88.12765502929688,93.36389924069421,88.77165222167969,0.16787563524297333,0.163678744361899,1255.2965538823942,0.0,16.3678744361899,1.0,0.013039049924551429,True,True,call,FILTERED (IV rank top-tercile)
call,2006-08-07,2006-09-13,88.56388092041016,94.78433437855587,91.55525207519533,0.19929302982146346,0.19431070407592688,1168.6633430012246,0.0,19.43107040759269,1.0,0.016626747577871387,True,True,call,FILTERED (IV rank top-tercile)
call,2007-02-28,2007-04-05,98.56175231933594,105.46257612399585,101.27680206298828,0.22150827365658898,0.21597056681517426,1302.7497226022456,0.0,21.597056681517426,1.0,0.016578055099008008,True,True,call,FILTERED (IV rank top-tercile)
call,2007-04-12,2007-05-18,101.57168579101562,107.46386298166243,107.16072082519533,0.18881135485044354,0.18409107097918245,1460.6251038535504,0.0,18.409107097918245,1.0,0.012603581199138444,True,True,call,FILTERED (IV rank top-tercile)
call,2007-05-25,2007-06-29,106.50772094726562,112.87999015547086,106.07828521728516,0.20477728642369186,0.19965785426309957,1512.8932835510986,0.0,19.965785426309957,1.0,0.013197087754561113,True,True,call,FILTERED (IV rank top-tercile)
call,2007-07-02,2007-08-08,107.03727722167967,114.63775914983124,105.65518188476562,0.24349793692070598,0.23741048849768834,1404.438400468206,0.0,23.741048849768834,1.0,0.016904300567297317,True,True,call,FILTERED (IV rank top-tercile)
call,2007-08-09,2007-09-14,102.52424621582033,114.95853153532704,104.99937438964844,0.390132365391203,0.38037905625642293,1187.6232209789127,0.0,38.037905625642296,1.0,0.03202859707836387,True,True,call,FILTERED (IV rank top-tercile)
call,2007-09-17,2007-10-24,104.43524932861328,117.2993045943157,107.3254165649414,0.40269930106384244,0.3926318185372464,1212.2562277968818,0.0,39.26318185372464,1.0,0.032388517339342004,True,True,call,FILTERED (IV rank top-tercile)
call,2007-10-25,2007-11-30,107.58051300048828,117.93013568889792,105.32744598388672,0.3295004805149002,0.3212629685020277,1211.427653739182,0.0,32.12629685020277,1.0,0.026519368904153726,True,True,call,FILTERED (IV rank top-tercile)
call,2007-12-03,2008-01-09,104.6331024169922,116.06872679512273,99.98174285888672,0.36106554485816567,0.3520389062367115,1195.8911585748983,0.0,35.20389062367115,1.0,0.029437370091123002,True,True,call,FILTERED (IV rank top-tercile)
call,2008-01-10,2008-02-15,100.6369857788086,111.39148299388013,96.2565460205078,0.34043971696900677,0.3319287240447816,1147.1077023432795,0.0,33.19287240447816,1.0,0.028936142906784333,True,True,call,FILTERED (IV rank top-tercile)
call,2008-02-19,2008-03-27,96.52718353271484,107.99877646648707,95.04377746582033,0.36010816260464296,0.35110545853952685,1115.0983105188236,0.0,35.11054585395269,1.0,0.03148650260048977,True,True,call,FILTERED (IV rank top-tercile)
call,2008-03-28,2008-05-02,94.1347198486328,105.02944159619678,101.29269409179688,0.34341947899922864,0.3348339920242479,1083.7778151643927,0.0,33.48339920242479,1.0,0.030895077140277012,True,True,call,FILTERED (IV rank top-tercile)
call,2008-06-12,2008-07-18,96.2391586303711,106.46930186948944,90.62741088867188,0.32394600827247366,0.31584735806566183,1096.2777545014608,0.0,31.584735806566183,1.0,0.028810888186752946,True,True,call,FILTERED (IV rank top-tercile)
call,2008-09-10,2008-10-17,89.00159454345703,99.11807892012584,67.44145965576172,0.31858823502489564,0.3106235291492732,1022.2431421161857,0.0,31.06235291492732,1.0,0.030386462510889455,True,True,call,FILTERED (IV rank top-tercile)
call,2008-10-20,2008-11-26,71.49330139160156,90.42487510516396,64.3736572265625,0.5332367297823506,0.5199058115377918,956.2393322054188,0.0,51.99058115377918,1.0,0.05436984173603371,True,True,call,FILTERED (IV rank top-tercile)
call,2008-11-28,2009-01-02,65.18399810791016,82.72797844125238,67.80656433105469,0.4929865275364911,0.4806618643480788,875.3459708473317,0.0,48.066186434807875,1.0,0.05491107291929382,True,True,call,FILTERED (IV rank top-tercile)
call,2009-01-05,2009-02-11,67.72633361816406,80.41776530338679,60.979251861572266,0.37926051218330237,0.3697789993787198,841.1555529717399,0.0,36.977899937871975,1.0,0.04396083436319455,True,True,call,FILTERED (IV rank top-tercile)
call,2009-02-12,2009-03-20,61.02300262451172,72.97392667960104,56.3540267944336,0.3550646798547419,0.34618806285837334,764.3580730818477,0.0,34.61880628583734,1.0,0.04529134643172709,True,True,call,FILTERED (IV rank top-tercile)
call,2009-03-23,2009-04-29,60.40188980102539,73.07197602412246,64.19993591308594,0.372202145565403,0.3628970919262679,767.0094694338515,0.0,36.28970919262679,1.0,0.04731324793084121,True,True,call,FILTERED (IV rank top-tercile)
call,2010-05-07,2010-06-11,83.37554168701172,99.30729948476441,82.19158935546875,0.4753781310052432,0.4634936777301121,1039.4223626206553,0.0,46.34936777301121,1.0,0.044591466799071305,True,True,call,FILTERED (IV rank top-tercile)
call,2010-06-14,2010-07-21,82.06419372558594,93.02032455484981,80.61742401123047,0.34061226149150414,0.33209695495421654,963.4129410439199,0.0,33.209695495421656,1.0,0.0344708837515062,True,True,call,FILTERED (IV rank top-tercile)
call,2010-07-22,2010-08-27,82.41693878173828,91.68428751078609,80.45933532714844,0.2923941824208889,0.28508432786036664,945.3513078938976,0.0,28.508432786036664,1.0,0.030156442951932042,True,True,call,FILTERED (IV rank top-tercile)
call,2010-08-31,2010-10-07,79.292236328125,88.8929451511346,87.72550201416016,0.3009500100153719,0.2934262597649876,918.272077487845,0.0,29.34262597649876,1.0,0.031954174253857964,True,True,call,FILTERED (IV rank top-tercile)
call,2011-03-16,2011-04-21,96.01708984375,109.02261524900806,102.2425765991211,0.40416307170388954,0.3940589949112923,1129.6320519812098,0.0,39.40589949112923,1.0,0.034883836220844684,True,True,call,FILTERED (IV rank top-tercile)
call,2011-06-17,2011-07-22,97.58047485351562,107.12460469991144,103.3639144897461,0.3040124169670264,0.2964121065428507,1100.8872576533995,0.0,29.64121065428507,1.0,0.02692483762366994,True,True,call,FILTERED (IV rank top-tercile)
call,2011-07-28,2011-09-02,100.0151824951172,110.83999717852761,90.5144500732422,0.34239396238363184,0.33383411332404106,1141.7833831176804,0.0,33.38341133240411,1.0,0.02923795513755815,True,True,call,FILTERED (IV rank top-tercile)
call,2011-09-06,2011-10-13,89.85393524169922,105.70544147051136,93.03630828857422,0.47765238806232624,0.4657110783607681,1103.6255225411905,0.0,46.571107836076806,1.0,0.04219828817373027,True,True,call,FILTERED (IV rank top-tercile)
call,2011-10-14,2011-11-18,94.62667083740234,106.71351310869821,94.1711883544922,0.3779869234437161,0.3685372503576232,1103.9888561227444,0.0,36.85372503576232,1.0,0.03338233427934604,True,True,call,FILTERED (IV rank top-tercile)
call,2011-11-21,2011-12-28,92.38011169433594,106.72389351298425,96.98262786865234,0.43907974552169193,0.4281027518836496,1110.0492103182075,0.0,42.81027518836496,1.0,0.03856610570993779,True,True,call,FILTERED (IV rank top-tercile)
call,2012-12-27,2013-02-01,112.41919708251952,122.35231993168816,120.10657501220705,0.31735897837349647,0.30942500391415906,1286.0141571249424,0.0,30.942500391415905,1.0,0.024060777418338865,True,True,call,FILTERED (IV rank top-tercile)
call,2013-02-26,2013-04-04,119.13768768310548,128.3958922628738,124.3260269165039,0.29632882440087194,0.2889206037908501,1485.8253560643643,0.0,28.89206037908501,1.0,0.019445125405326193,True,True,call,FILTERED (IV rank top-tercile)
call,2013-04-19,2013-05-24,124.02288055419922,132.32535089993422,131.86404418945312,0.2670368710368507,0.2603609492609294,1676.2466714365771,0.0,26.03609492609294,1.0,0.015532376809303063,True,True,call,FILTERED (IV rank top-tercile)
call,2013-06-06,2013-07-12,129.8060760498047,139.5992347850508,134.32603454589844,0.3141306841984477,0.3062774170934865,1647.4333891808303,0.0,30.627741709348648,1.0,0.018591186697131338,True,True,call,FILTERED (IV rank top-tercile)
call,2013-08-22,2013-09-27,133.1632537841797,142.09475925694295,136.10888671875,0.28670544739981096,0.2795378112148157,1798.0683095287493,0.0,27.95378112148157,1.0,0.015546562371041342,True,True,call,FILTERED (IV rank top-tercile)
call,2013-10-01,2013-11-07,136.4553680419922,146.23148219321146,140.95982360839844,0.3131858037847177,0.30535615869009974,1782.0315615869263,0.0,30.535615869009973,1.0,0.017135283418783863,True,True,call,FILTERED (IV rank top-tercile)
call,2013-12-05,2014-01-10,144.1911163330078,154.06782648907873,149.18692016601562,0.3170491252434271,0.3091228971123414,1927.0636007642993,0.0,30.91228971123414,1.0,0.0160411362131348,True,True,call,FILTERED (IV rank top-tercile)
call,2014-01-27,2014-03-05,144.22047424316406,155.79195230084696,152.11167907714844,0.37014724851447767,0.3608935673016157,1763.3510358251535,0.0,36.08935673016157,1.0,0.020466348445063686,True,True,call,FILTERED (IV rank top-tercile)
call,2014-03-12,2014-04-17,151.73094177246094,161.71219044425675,151.67626953125,0.3203831456313644,0.3123735669905803,2067.731324968696,0.0,31.237356699058026,1.0,0.01510706750043115,True,True,call,FILTERED (IV rank top-tercile)
call,2014-07-18,2014-08-22,161.65899658203125,170.4362576332836,162.86911010742188,0.2814476991434631,0.2744115066648765,2382.8949771818793,0.0,27.44115066648765,1.0,0.011515887577614022,True,True,call,FILTERED (IV rank top-tercile)
call,2014-09-16,2014-10-23,163.92391967773438,173.59542561444604,160.13092041015625,0.30932918781372365,0.3015959581183805,2341.487395695359,0.0,30.159595811838052,1.0,0.012880528790069127,True,True,call,FILTERED (IV rank top-tercile)
call,2014-10-24,2014-11-28,161.36312866210938,172.97530211453568,170.2104949951172,0.37335402695953945,0.36402017628555094,2102.4472456281123,0.0,36.40201762855509,1.0,0.017314117014945545,True,True,call,FILTERED (IV rank top-tercile)
call,2014-12-09,2015-01-15,169.61082458496094,181.61604560810082,164.3931121826172,0.38461810944867736,0.3750026567124604,2229.1946550564767,0.0,37.50026567124604,1.0,0.01682233787264126,True,True,call,FILTERED (IV rank top-tercile)
call,2015-01-16,2015-02-20,166.5490264892578,182.15330625310588,174.48699951171875,0.4980751021708656,0.48562322461659396,1870.0953849927182,0.0,48.5623224616594,1.0,0.025967831828989027,True,True,call,FILTERED (IV rank top-tercile)
call,2015-03-09,2015-04-15,172.1079864501953,184.06379335791584,174.5937957763672,0.38305193617159716,0.37347563776730724,2283.9266020085843,0.0,37.34756377673072,1.0,0.01635234851412723,True,True,call,FILTERED (IV rank top-tercile)
call,2015-05-07,2015-06-12,173.29949951171875,185.20870378822727,174.24526977539062,0.38229188166669914,0.3727345846250317,2312.3430210460265,0.0,37.273458462503164,1.0,0.016119346534339832,True,True,call,FILTERED (IV rank top-tercile)
call,2015-06-16,2015-07-23,174.44444274902344,186.3652920690597,175.23460388183594,0.38193123864300915,0.3723829576769339,2334.0422187445356,0.0,37.238295767693394,1.0,0.0159544225329924,True,True,call,FILTERED (IV rank top-tercile)
call,2015-07-28,2015-09-03,174.5259552001953,185.3766471092444,163.037109375,0.34738201849166117,0.3386974680293696,2439.3196599019343,0.0,33.86974680293696,1.0,0.013884915273588453,True,True,call,FILTERED (IV rank top-tercile)
call,2015-09-04,2015-10-09,160.56922912597656,180.74175743761322,168.72877502441406,0.6317487946221831,0.6159550747566286,1869.013081851795,0.0,61.595507475662856,1.0,0.03295616712036857,True,True,call,FILTERED (IV rank top-tercile)
call,2015-10-12,2015-11-18,168.88796997070312,181.47187880273233,174.93043518066406,0.4030077450181402,0.3929325513926867,2158.66177135041,0.0,39.293255139268666,1.0,0.018202599249574746,True,True,call,FILTERED (IV rank top-tercile)
call,2015-11-19,2015-12-24,174.77960205078125,188.03896689336494,173.4002227783203,0.4260120497553004,0.4153617485114179,2211.1917316083977,0.0,41.53617485114179,1.0,0.01878451979418755,True,True,call,FILTERED (IV rank top-tercile)
call,2015-12-29,2016-02-04,174.8502655029297,187.80668317549456,161.52996826171875,0.4149614991602171,0.4045874616812116,2241.822288970228,0.0,40.45874616812116,1.0,0.018047258414361524,True,True,call,FILTERED (IV rank top-tercile)
call,2016-02-05,2016-03-11,158.45274353027344,175.06813112705063,170.9384765625,0.5272131964002309,0.5140328664902251,1802.084597919529,0.0,51.403286649022505,1.0,0.02852434714128659,True,True,call,FILTERED (IV rank top-tercile)
call,2016-06-14,2016-07-21,176.2943572998047,192.96187034660812,184.2216644287109,0.5303445013402168,0.5170858888067114,1981.3272923467525,0.0,51.70858888067114,1.0,0.02609795417466122,True,True,call,FILTERED (IV rank top-tercile)
call,2016-09-15,2016-10-21,183.3783416748047,196.9409210862674,183.19171142578125,0.4351535028174034,0.4242746652469683,2353.73635887452,0.0,42.427466524696825,1.0,0.01802558148227963,True,True,call,FILTERED (IV rank top-tercile)
call,2016-11-01,2016-12-08,180.64903259277344,196.09393380895807,192.7545318603516,0.4932541179494976,0.48092276500076014,2116.5828067370812,0.0,48.09227650007601,1.0,0.022721660757612856,True,True,call,FILTERED (IV rank top-tercile)
call,2017-04-11,2017-05-18,203.30535888671875,217.43755356355717,204.78439331054688,0.4527808730073808,0.44146135118219626,2697.033845168752,0.0,44.146135118219625,1.0,0.01636840234589545,True,True,call,FILTERED (IV rank top-tercile)
call,2017-05-19,2017-06-23,206.11639404296875,217.28971613709058,211.31069946289065,0.35826184302877806,0.3493052969530586,3039.9262011424985,0.0,34.930529695305864,1.0,0.01149058476557026,True,True,call,FILTERED (IV rank top-tercile)
call,2017-08-11,2017-09-15,212.17112731933597,226.87804903593744,217.6524200439453,0.47298653772750754,0.4611618742843198,2818.846562155004,0.0,46.116187428431985,1.0,0.016359949508275552,True,True,call,FILTERED (IV rank top-tercile)
call,2017-11-16,2017-12-22,225.888916015625,238.0533971866341,234.8481292724609,0.3889944955859974,0.3792696331963475,3339.257166531225,0.0,37.92696331963475,1.0,0.01135790429673099,True,True,call,FILTERED (IV rank top-tercile)
call,2018-01-17,2018-02-23,245.47073364257807,259.05866048482284,241.16905212402344,0.4338368762946203,0.4229909543872548,3592.92108406581,0.0,42.29909543872548,1.0,0.01177289855497163,True,True,call,FILTERED (IV rank top-tercile)
call,2018-02-26,2018-04-04,243.96954345703125,261.73664967221436,232.30714416503903,0.5691231856616419,0.5548951060201008,3158.1697582243246,0.0,55.489510602010085,1.0,0.017570148171265173,True,True,call,FILTERED (IV rank top-tercile)
call,2018-04-05,2018-05-11,234.14047241210935,254.2601018511166,240.4954833984375,0.6434208355563769,0.6273353146674674,2733.58003580821,0.0,62.73353146674674,1.0,0.022949220672150158,True,True,call,FILTERED (IV rank top-tercile)
call,2018-05-14,2018-06-20,240.61016845703125,255.02081601544066,244.33775329589844,0.4610514466128919,0.44952516044756957,3416.0911293444415,0.0,44.952516044756955,1.0,0.013159050605708954,True,True,call,FILTERED (IV rank top-tercile)
call,2018-06-22,2018-07-27,243.248779296875,258.2568881801186,249.16314697265625,0.4824948007025256,0.47043243068496243,3411.2079406816365,0.0,47.043243068496245,1.0,0.013790787277276314,True,True,call,FILTERED (IV rank top-tercile)
call,2018-07-31,2018-09-06,249.0833740234375,263.89035555076856,255.1305389404297,0.47365804773236775,0.46181659653905854,3547.1509873895498,0.0,46.181659653905854,1.0,0.013019366758868153,True,True,call,FILTERED (IV rank top-tercile)
call,2018-09-07,2018-10-12,254.6346893310547,271.58019781176324,245.4260711669922,0.545026493015488,0.5314008306901008,3451.283021619249,0.0,53.14008306901008,1.0,0.015397196560274615,True,True,call,FILTERED (IV rank top-tercile)
call,2018-10-15,2018-11-21,244.0474853515625,268.0394195258065,235.7051239013672,0.7620269684747782,0.7429762942629088,2754.6918246843566,0.0,74.29762942629088,1.0,0.026971303563077947,True,True,call,FILTERED (IV rank top-tercile)
call,2018-11-23,2018-12-28,234.1308441162109,256.6766629440855,221.63217163085935,0.7187173139479945,0.7007493810992946,2636.8415675507845,0.0,70.07493810992946,1.0,0.02657533124943042,True,True,call,FILTERED (IV rank top-tercile)
call,2018-12-31,2019-02-06,223.57334899902344,249.95906816673897,243.9876708984375,0.8287120529644341,0.8079942516403232,2580.390106831422,0.0,80.79942516403233,1.0,0.031312872015018534,True,True,call,FILTERED (IV rank top-tercile)
call,2019-05-08,2019-06-14,258.3515014648437,281.4480317851767,259.9059753417969,0.7365411681248588,0.7181276389217374,2929.189761155749,0.0,71.81276389217373,1.0,0.024516255260922087,True,True,call,FILTERED (IV rank top-tercile)
call,2019-08-02,2019-09-06,264.2038269042969,284.9767607623355,269.1064758300781,0.6669542657815981,0.6502804091370581,3271.81119319578,0.0,65.02804091370581,1.0,0.019875242510613487,True,True,call,FILTERED (IV rank top-tercile)
call,2019-10-02,2019-11-08,261.28765869140625,286.0643445086812,280.2270202636719,0.7882683281083089,0.7685616199056012,2937.4996070773723,0.0,76.85616199056012,1.0,0.026163803326267398,True,True,call,FILTERED (IV rank top-tercile)
call,2020-01-28,2020-03-05,297.9665832519531,320.3177198888034,275.6981811523437,0.7157552454793077,0.6978613643423249,3794.004137788265,0.0,69.78613643423249,1.0,0.018393795552082527,True,True,call,FILTERED (IV rank top-tercile)
call,2020-03-06,2020-04-09,271.1405334472656,323.45642486138246,255.07579040527344,1.559796426091168,1.5208015154388888,3386.644400157714,0.0,152.0801515438889,1.0,0.04490585180327956,True,True,call,FILTERED (IV rank top-tercile)
call,2020-04-13,2020-05-20,252.74696350097656,302.9375739412494,272.2490234375,1.48710494972865,1.4499273259854337,3174.3684720110377,0.0,144.99273259854337,1.0,0.045676087661835625,True,True,call,FILTERED (IV rank top-tercile)
call,2020-05-21,2020-06-26,270.3694152832031,307.163253968817,276.3202209472656,1.1429056179478287,1.114332977499133,3183.0658374380832,0.0,111.43329774991331,1.0,0.035008166164606044,True,True,call,FILTERED (IV rank top-tercile)
call,2020-06-29,2020-08-05,280.3815612792969,322.3066821713479,305.8447570800781,1.2887467337221814,1.2565280653791269,3348.719628251392,0.0,125.65280653791268,1.0,0.037522641632296065,True,True,call,FILTERED (IV rank top-tercile)
call,2020-09-04,2020-10-09,315.47760009765625,359.5908590256923,320.6976928710937,1.3678926985831836,1.333695381118604,3729.278128368783,0.0,133.3695381118604,1.0,0.03576282956674978,True,True,call,FILTERED (IV rank top-tercile)
call,2020-10-20,2020-11-25,317.4893493652344,360.41555899218986,335.3157043457031,1.334214044969677,1.3008586938454352,3734.241459306442,0.0,130.0858693845435,1.0,0.034835955521929286,True,True,call,FILTERED (IV rank top-tercile)
call,2021-01-28,2021-03-05,350.64520263671875,399.53533617780414,356.2164611816406,1.5150764750485877,1.4771995631723729,4143.073318095278,0.0,147.7199563172373,1.0,0.035654680710586494,True,True,call,FILTERED (IV rank top-tercile)
call,2021-05-13,2021-06-18,382.2098693847656,422.47887373813893,387.7970275878906,1.2758340098412262,1.2439381595951955,4349.182553340909,0.0,124.39381595951954,1.0,0.028601654318686626,True,True,call,FILTERED (IV rank top-tercile)
call,2021-09-21,2021-10-28,406.5823059082031,452.48357692963936,429.7322998046875,1.4461947628024774,1.4100398937324155,4665.839758669636,0.0,141.00398937324155,1.0,0.03022049548770741,True,True,call,FILTERED (IV rank top-tercile)
call,2021-11-29,2022-01-05,435.62060546875,481.8768558390722,440.7076721191406,1.4630711148456612,1.4264943369745196,4961.417992088174,0.0,142.64943369745197,1.0,0.028751746763713677,True,True,call,FILTERED (IV rank top-tercile)
call,2022-01-14,2022-02-18,437.263916015625,474.74255218149034,408.5753173828125,1.2004671030603404,1.170455425483832,5114.46024627435,0.0,117.0455425483832,1.0,0.022885218950258832,True,True,call,FILTERED (IV rank top-tercile)
call,2022-02-22,2022-03-31,404.190673828125,458.61373475237224,426.2769775390625,1.6906189849821445,1.6483535103575908,4750.972698559482,0.0,164.8353510357591,1.0,0.03469507435513952,True,True,call,FILTERED (IV rank top-tercile)
call,2022-04-01,2022-05-06,427.4849548339844,464.9746249576254,388.239990234375,1.1998635320675959,1.169866943765906,4917.718778692177,0.0,116.98669437659059,1.0,0.023788813399309945,True,True,call,FILTERED (IV rank top-tercile)
call,2022-05-09,2022-06-15,375.80963134765625,437.7092121996268,357.9049987792969,1.8816553422572255,1.8346139587007948,4560.553517866348,0.0,183.46139587007949,1.0,0.04022787917110373,True,True,call,FILTERED (IV rank top-tercile)
call,2022-06-16,2022-07-22,346.0596618652344,399.0233049962646,374.5134887695313,1.625250774629066,1.5846195052633394,4148.6950004889795,0.0,158.46195052633394,1.0,0.03819561344173458,True,True,call,FILTERED (IV rank top-tercile)
call,2022-08-30,2022-10-06,377.4709167480469,423.4694229273072,355.2166748046875,1.4411762555487044,1.4051468491599868,4375.208914189071,0.0,140.51468491599869,1.0,0.03211610866404595,True,True,call,FILTERED (IV rank top-tercile)
call,2022-10-07,2022-11-11,345.3083190917969,394.61843888153896,379.30712890625,1.5257783842633899,1.487633924656805,4094.9477812810705,0.0,148.7633924656805,1.0,0.03632852002306635,True,True,call,FILTERED (IV rank top-tercile)
call,2023-03-14,2023-04-20,374.5659790039063,415.71873293032513,395.3360595703125,1.2989121956777225,1.2664393907857794,4283.831268381829,0.0,126.64393907857794,1.0,0.029563241674179272,True,True,call,FILTERED (IV rank top-tercile)
call,2023-10-20,2023-11-24,407.20513916015625,446.7716085431334,440.1825866699219,1.2607427119448218,1.2292241441462013,4590.638499845954,0.0,122.92241441462014,1.0,0.026776757616341382,True,True,call,FILTERED (IV rank top-tercile)
call,2024-04-05,2024-05-10,504.8121948242188,540.9615490459238,507.1590270996094,1.1623269458629508,1.133268772216377,6594.635351535517,0.0,113.3268772216377,1.0,0.01718470714157839,True,True,call,FILTERED (IV rank top-tercile)
call,2024-07-19,2024-08-23,536.2941284179688,575.8605401268236,549.1302490234375,1.271770909118949,1.2399766363909752,6893.239061112989,0.0,123.99766363909752,1.0,0.01798830165902831,True,True,call,FILTERED (IV rank top-tercile)
call,2024-08-26,2024-10-02,547.8212280273438,588.5896385100842,557.4091186523438,1.3056516430677405,1.273010351991047,7006.884547471933,0.0,127.30103519910469,1.0,0.01816799382616267,True,True,call,FILTERED (IV rank top-tercile)
call,2024-10-03,2024-11-08,556.3899536132812,608.1646855078836,586.148681640625,1.6508200394318564,1.6095495384460599,6242.601808923442,0.0,160.954953844606,1.0,0.025783312594843084,True,True,call,FILTERED (IV rank top-tercile)
call,2024-11-18,2024-12-24,576.3107299804688,617.0735866727406,591.1790771484375,1.3083747009354454,1.2756653334120591,7577.495463723398,0.0,127.56653334120591,1.0,0.01683492044989266,True,True,call,FILTERED (IV rank top-tercile)
call,2024-12-30,2025-02-05,578.3192749023438,624.6673298508064,594.0499267578125,1.4826124258728228,1.4455471152260022,7076.1347147232145,0.0,144.55471152260023,1.0,0.02042848494981692,True,True,call,FILTERED (IV rank top-tercile)
call,2025-02-10,2025-03-19,594.6693115234375,638.003217726978,557.584228515625,1.3880826753716136,1.3533806084873232,7695.333670963429,0.0,135.3380608487323,1.0,0.017587029573441285,True,True,call,FILTERED (IV rank top-tercile)
call,2025-03-20,2025-04-25,555.9718017578125,605.9392258035083,543.0003662109375,1.5954352017323856,1.555549321689076,6278.24856275558,0.0,155.55493216890758,1.0,0.02477680369198908,True,True,call,FILTERED (IV rank top-tercile)
call,2025-04-28,2025-06-04,543.2074584960938,606.6051326789105,587.6619873046875,1.9927955843135692,1.94297569470573,6260.348896259678,0.0,194.297569470573,1.0,0.0310362206149019,True,True,call,FILTERED (IV rank top-tercile)
call,2025-06-16,2025-07-23,594.3182983398438,646.6478732954233,627.2598266601562,1.6696571447532662,1.6279157161344344,6816.2000428523625,0.0,162.79157161344344,1.0,0.023883039023209235,True,True,call,FILTERED (IV rank top-tercile)
call,2025-08-04,2025-09-10,624.2530517578125,674.6269257822914,645.0625610351562,1.6111570078986972,1.5708780827012296,7604.76144097848,0.0,157.08780827012296,1.0,0.02065650704355441,True,True,call,FILTERED (IV rank top-tercile)
call,2025-10-13,2025-11-19,657.5919189453125,715.248143909392,657.185302734375,1.8398727775921841,1.7938759581523795,7565.603478313544,0.0,179.38759581523794,1.0,0.023710943393933384,True,True,call,FILTERED (IV rank top-tercile)
call,2025-11-20,2025-12-26,647.1683349609375,725.4712551946159,686.660888671875,2.4572568871961025,2.3958254650161996,7494.295098447779,0.0,239.58254650161996,1.0,0.031968656605374714,True,True,call,FILTERED (IV rank top-tercile)
call,2026-01-21,2026-02-27,681.77685546875,734.8515357082711,682.3637084960938,1.6987194266550887,1.6562514409887115,8493.694229521765,0.0,165.62514409887115,1.0,0.019499777084416733,True,True,call,FILTERED (IV rank top-tercile)
call,2026-03-02,2026-04-08,682.751708984375,750.3232215747717,674.27294921875,2.14548459553923,2.0918474806507494,7712.416963812792,0.0,209.18474806507496,1.0,0.027123111865785348,True,True,call,FILTERED (IV rank top-tercile)
call,2026-04-09,2026-05-15,678.162841796875,738.1461309325706,737.2706298828125,1.9163688216645056,1.8684596011228929,7751.773882480229,0.0,186.84596011228928,1.0,0.0241036391082794,True,True,call,FILTERED (IV rank top-tercile)
call,2026-05-18,2026-06-16,736.751953125,789.5475240619196,748.4019775390625,1.716145355354172,1.6732417214703175,9622.806140955074,0.0,167.32417214703176,1.0,0.017388292946575422,True,True,call,FILTERED (IV rank top-tercile)
put,1994-01-27,1994-03-04,26.86382484436035,25.901140534372825,26.266069412231445,0.04169980443939547,0.040657309328410586,445.07379682129545,0.0,4.065730932841059,1.0,0.009134959105385207,True,True,put,"UNFILTERED (control, no IV condition)"
put,1994-03-07,1994-04-13,26.40671157836914,25.053803362258538,25.224008560180664,0.05784931141359939,0.056403078628259405,398.4837178191486,0.0,5.64030786282594,1.0,0.01415442491275337,True,True,put,"UNFILTERED (control, no IV condition)"
put,1994-04-14,1994-05-20,25.23284721374512,23.769599000403066,25.78099822998047,0.062360936214592044,0.06080191280922724,364.4123142216197,0.0,6.080191280922724,1.0,0.016684922664893857,True,True,put,"UNFILTERED (control, no IV condition)"
put,1994-05-23,1994-06-29,25.736793518066406,24.49239314210829,25.48867416381836,0.05328216562192489,0.05195011148137677,395.4908439136544,0.0,5.195011148137677,1.0,0.013135604093205959,True,True,put,"UNFILTERED (control, no IV condition)"
put,1994-06-30,1994-08-05,25.3284854888916,23.98005389423674,26.076045989990234,0.05749645988103902,0.056059048384013044,377.3324551507472,0.0,5.605904838401305,1.0,0.014856672840828661,True,True,put,"UNFILTERED (control, no IV condition)"
put,1994-08-08,1994-09-14,26.13835334777832,24.98085189735841,26.79692649841309,0.04970917528132812,0.04846644589929492,411.8635665035048,0.0,4.846644589929492,1.0,0.011767597292168473,True,True,put,"UNFILTERED (control, no IV condition)"
put,1994-09-15,1994-10-21,27.13511657714844,26.001359238981177,26.682344436645508,0.04868360101760594,0.04746651099216579,434.0732488254591,0.0,4.746651099216579,1.0,0.010935138509595665,True,True,put,"UNFILTERED (control, no IV condition)"
put,1994-10-24,1994-11-30,26.45849227905273,24.83753488925952,26.12720489501953,0.06922993925081977,0.06749919076954927,373.82402567868843,0.0,6.749919076954927,1.0,0.018056407863834466,True,True,put,"UNFILTERED (control, no IV condition)"
put,1994-12-01,1995-01-06,25.867544174194336,24.32799467800834,26.59725952148437,0.06561641093295556,0.06397600065963167,369.79353393125047,0.0,6.397600065963167,1.0,0.01730046493228453,True,True,put,"UNFILTERED (control, no IV condition)"
put,1995-01-09,1995-02-15,26.62433624267578,25.35301738267314,28.13152503967285,0.05445417753161852,0.05309282309332806,410.66412116258437,0.0,5.309282309332806,1.0,0.012928527318876318,True,True,put,"UNFILTERED (control, no IV condition)"
put,1995-02-16,1995-03-24,28.09543800354004,26.94998492797171,29.163976669311523,0.04924336317089395,0.0480122790916216,452.16468042313,0.0,4.80122790916216,1.0,0.010618316991652756,True,True,put,"UNFILTERED (control, no IV condition)"
put,1995-03-27,1995-05-03,29.28194236755371,28.049539798818444,30.36176300048828,0.05304368941210358,0.05171759717680099,467.57035019522766,0.0,5.171759717680099,1.0,0.011060923164868562,True,True,put,"UNFILTERED (control, no IV condition)"
put,1995-05-04,1995-06-09,30.34361267089844,28.989660321095112,30.81545066833496,0.05798091784568582,0.056531394899543674,477.1301579275903,0.0,5.653139489954367,1.0,0.011848212476253268,True,True,put,"UNFILTERED (control, no IV condition)"
put,1995-06-12,1995-07-19,30.987876892089844,29.674273679713984,32.28338623046875,0.0565196171250264,0.05510662669690074,493.9078792739011,0.0,5.510662669690074,1.0,0.011157268188941133,True,True,put,"UNFILTERED (control, no IV condition)"
put,1995-07-20,1995-08-25,32.40201950073242,30.939324806084976,32.88579559326172,0.06261148734389987,0.06104620016030238,507.8755405659341,0.0,6.104620016030237,1.0,0.012019913400885103,True,True,put,"UNFILTERED (control, no IV condition)"
put,1995-08-28,1995-10-04,32.76713180541992,31.307417196711125,34.171627044677734,0.06267297293752883,0.061106148614090604,515.4817900989278,0.0,6.1106148614090605,1.0,0.011854181813554174,True,True,put,"UNFILTERED (control, no IV condition)"
put,1995-10-05,1995-11-10,34.27255630493164,32.351332049291806,34.96075820922852,0.08188505546254765,0.07983792907598396,501.31249344224767,0.0,7.983792907598396,1.0,0.01592578084934192,True,True,put,"UNFILTERED (control, no IV condition)"
put,1995-11-13,1995-12-20,34.924049377441406,33.27348057528129,35.85087966918945,0.07072045638901647,0.06895244497929105,540.3193518307456,0.0,6.895244497929105,1.0,0.012761424284668286,True,True,put,"UNFILTERED (control, no IV condition)"
put,1995-12-21,1996-01-26,36.03554534912109,34.680218061405334,36.77417755126953,0.05852548126701551,0.05706234423534012,590.8844126343805,0.0,5.706234423534013,1.0,0.00965710772110829,True,True,put,"UNFILTERED (control, no IV condition)"
put,1996-01-29,1996-03-06,36.92190170288086,35.31758663458494,38.58381271362305,0.06895190726148837,0.06722810957995115,584.7293381860205,0.0,6.722810957995115,1.0,0.01149730399854912,True,True,put,"UNFILTERED (control, no IV condition)"
put,1996-03-07,1996-04-12,38.77766418457031,36.49792158522338,37.81852722167969,0.09716008997695003,0.09473108772752627,557.0521325294658,0.0,9.473108772752626,1.0,0.017005784951826815,True,True,put,"UNFILTERED (control, no IV condition)"
put,1996-04-15,1996-05-22,38.13384246826172,35.81720024188379,40.47081756591797,0.09893725104456141,0.09646381976844738,540.6590087042862,0.0,9.646381976844738,1.0,0.017841896318277817,True,True,put,"UNFILTERED (control, no IV condition)"
put,1996-05-23,1996-06-28,40.30388259887695,37.98134400213616,40.04197692871094,0.09898242259108248,0.09650786202630542,583.4745785060906,0.0,9.650786202630542,1.0,0.016540199964392797,True,True,put,"UNFILTERED (control, no IV condition)"
put,1996-07-01,1996-08-07,40.38691711425781,38.39025541745981,39.706356048583984,0.08544258990022335,0.08330652515271776,616.4028251206281,0.0,8.330652515271776,1.0,0.013514948627371222,True,True,put,"UNFILTERED (control, no IV condition)"
put,1996-08-08,1996-09-13,39.64108276367188,37.37551743831343,40.90899658203125,0.09655530899680498,0.09414142627188485,575.6792653647809,0.0,9.414142627188484,1.0,0.016353103531048983,True,True,put,"UNFILTERED (control, no IV condition)"
put,1996-09-16,1996-10-23,41.05818176269531,38.7759303582559,42.49709701538086,0.09747937195969403,0.09504238766070168,602.4427335760352,0.0,9.504238766070168,1.0,0.015776169644630005,True,True,put,"UNFILTERED (control, no IV condition)"
put,1996-10-24,1996-11-29,42.131595611572266,39.59349309303738,45.58945846557617,0.10818169822429624,0.10547715576868884,599.3693759548257,0.0,10.547715576868884,1.0,0.017598022188013592,True,True,put,"UNFILTERED (control, no IV condition)"
put,1996-12-02,1997-01-08,45.60820007324219,42.65391657618642,45.013065338134766,0.1262501886347982,0.12309393391892824,629.0450451511597,0.0,12.309393391892824,1.0,0.019568381448636755,True,True,put,"UNFILTERED (control, no IV condition)"
put,1997-01-09,1997-02-14,45.38974380493164,42.00223424799144,48.93051528930664,0.14506125353627652,0.1414347221978696,583.1873926243996,0.0,14.14347221978696,1.0,0.02425201984586801,True,True,put,"UNFILTERED (control, no IV condition)"
put,1997-02-18,1997-03-27,49.3448600769043,45.83191409848384,46.58450698852539,0.15043686282305213,0.14667594125247582,650.2701978212882,0.0,14.667594125247582,1.0,0.022556153079736605,True,True,put,"UNFILTERED (control, no IV condition)"
put,1997-03-31,1997-05-07,45.601375579833984,41.95705046500171,49.30697250366211,0.15675985817896443,0.15284086172449032,562.8790862859009,0.0,15.284086172449033,1.0,0.027153409222040004,True,True,put,"UNFILTERED (control, no IV condition)"
put,1997-05-08,1997-06-13,49.64727783203125,45.880689436167806,54.27926635742188,0.16139910816023484,0.15736413045622896,632.0231300999036,0.0,15.736413045622896,1.0,0.02489847648951621,True,True,put,"UNFILTERED (control, no IV condition)"
put,1997-06-16,1997-07-23,54.29816055297852,50.41888415510302,56.88205337524414,0.16614182007606537,0.16198827457416373,714.2343987294367,0.0,16.198827457416375,1.0,0.022679987811050174,True,True,put,"UNFILTERED (control, no IV condition)"
put,1997-07-24,1997-08-29,57.147743225097656,52.87262031748901,54.8891830444336,0.18308761593559275,0.17851042553720292,733.2936162948088,0.0,17.85104255372029,1.0,0.024343649197327212,True,True,put,"UNFILTERED (control, no IV condition)"
put,1997-09-02,1997-10-09,56.67328643798828,51.66729686996883,59.224212646484375,0.2165522985919699,0.21113849112717065,653.9806210705377,0.0,21.113849112717066,1.0,0.03228512960851136,True,True,put,"UNFILTERED (control, no IV condition)"
put,1997-10-10,1997-11-14,59.05279922485352,54.9398961780732,56.72877883911133,0.17542795009250867,0.17104225134019593,786.8699049530576,0.0,17.104225134019593,1.0,0.021737043221954185,True,True,put,"UNFILTERED (control, no IV condition)"
put,1997-11-17,1997-12-24,57.77645492553711,51.28213097122566,57.16491317749024,0.28696117708407254,0.2797871476569707,540.8000244779538,0.0,27.97871476569707,1.0,0.051735786796063,True,True,put,"UNFILTERED (control, no IV condition)"
put,1997-12-26,1998-01-30,57.39436340332031,51.53244039096591,60.16749572753906,0.25588162529488656,0.24948458466251439,586.6434252972175,0.0,24.948458466251438,1.0,0.042527466243419555,True,True,put,"UNFILTERED (control, no IV condition)"
put,1998-02-02,1998-03-11,61.16201400756836,56.44380600233435,65.52252197265625,0.20263001808244052,0.19756426763037951,771.1759063910041,0.0,19.75642676303795,1.0,0.025618573660444448,True,True,put,"UNFILTERED (control, no IV condition)"
put,1998-03-12,1998-04-17,65.79029846191406,61.50393884318388,68.91387176513672,0.18286302235994434,0.17829144680094572,904.999152045358,0.0,17.829144680094572,1.0,0.019700730812619575,True,True,put,"UNFILTERED (control, no IV condition)"
put,1998-04-20,1998-05-27,68.89469146728516,63.819002873771716,67.2835464477539,0.21759754136758236,0.2121576028333928,891.5407302776985,0.0,21.21576028333928,1.0,0.023796737000149126,True,True,put,"UNFILTERED (control, no IV condition)"
put,1998-05-28,1998-07-02,67.59042358398438,62.64836316586682,70.71092987060547,0.2111299937189104,0.20585174387593763,878.1876042555258,0.0,20.585174387593764,1.0,0.023440520326000986,True,True,put,"UNFILTERED (control, no IV condition)"
put,1998-07-06,1998-08-12,71.42283630371094,66.61453160045775,66.9204330444336,0.2056215961361909,0.20048105623278614,967.6743613721789,0.0,20.048105623278616,1.0,0.020717822465452177,True,True,put,"UNFILTERED (control, no IV condition)"
put,1998-08-13,1998-09-18,66.11227416992188,59.13283890068169,63.08260345458984,0.3060041044743018,0.29835400186244426,654.1373566606635,0.0,29.835400186244428,1.0,0.04561029863598154,True,True,put,"UNFILTERED (control, no IV condition)"
put,1998-09-21,1998-10-28,63.0439682006836,54.517440248286924,65.9982681274414,0.3862260186701567,0.3765703682034028,582.8314393032095,0.0,37.65703682034028,1.0,0.06461051048543344,True,True,put,"UNFILTERED (control, no IV condition)"
put,1998-10-29,1998-12-04,67.60092163085938,60.55917258180213,73.14258575439453,0.3083277582940278,0.3006195643366771,677.9054841451308,0.0,30.061956433667707,1.0,0.04434535069675263,True,True,put,"UNFILTERED (control, no IV condition)"
put,1998-12-07,1999-01-13,73.49018096923828,66.9038735735516,76.48528289794922,0.28518962664712255,0.2780598859809445,838.9788684141927,0.0,27.80598859809445,1.0,0.03314265668055778,True,True,put,"UNFILTERED (control, no IV condition)"
put,1999-01-14,1999-02-19,75.1485366821289,66.45546610053661,77.0277328491211,0.38498806278918263,0.3753633612194531,702.0909971273114,0.0,37.536336121945304,1.0,0.053463634023979335,True,True,put,"UNFILTERED (control, no IV condition)"
put,1999-02-22,1999-03-31,79.08130645751953,71.72743472382615,79.77801513671875,0.31926247426725674,0.3112809124105753,877.36704702211,0.0,31.128091241057533,1.0,0.03547898379214269,True,True,put,"UNFILTERED (control, no IV condition)"
put,1999-04-01,1999-05-07,80.38005828857422,74.05573355378456,83.8951187133789,0.2714313295726214,0.26464554633330584,1001.6332469258493,0.0,26.464554633330582,1.0,0.026421401959803106,True,True,put,"UNFILTERED (control, no IV condition)"
put,1999-05-10,1999-06-16,83.47759246826172,75.49861788232319,82.84644317626953,0.34713521134253256,0.33845683105896923,905.5000738772783,0.0,33.845683105896924,1.0,0.037377891048614095,True,True,put,"UNFILTERED (control, no IV condition)"
put,1999-06-17,1999-07-23,83.62322235107422,77.07600078020111,84.6158447265625,0.28093368227462,0.2739103402177545,1045.1333239559494,0.0,27.39103402177545,1.0,0.026208172100088863,True,True,put,"UNFILTERED (control, no IV condition)"
put,1999-07-26,1999-09-01,83.99256134033203,76.44160405218935,83.33030700683594,0.3270284339383238,0.31885272308986573,956.6407703013589,0.0,31.885272308986572,1.0,0.033330455170692906,True,True,put,"UNFILTERED (control, no IV condition)"
put,1999-09-02,1999-10-08,82.3465576171875,75.15967325971616,83.68214416503906,0.3102297627088415,0.30247401864112045,958.4901184607279,0.0,30.247401864112046,1.0,0.03155734345252029,True,True,put,"UNFILTERED (control, no IV condition)"
put,1999-10-11,1999-11-17,83.5454330444336,77.31848741634364,88.52648162841797,0.2670630749601379,0.26038649808613445,1074.2527478882903,0.0,26.038649808613446,1.0,0.024238848687889194,True,True,put,"UNFILTERED (control, no IV condition)"
put,1999-11-18,1999-12-23,89.15155029296875,82.93919821026527,91.7886962890625,0.2649797873073041,0.2583552926246215,1187.6313268514896,0.0,25.83552926246215,1.0,0.021753829389928866,True,True,put,"UNFILTERED (control, no IV condition)"
put,1999-12-27,2000-02-02,91.66143798828124,84.03461623433563,88.3913345336914,0.32874626926271056,0.32052761253114276,1102.5993456241783,0.0,32.05276125311428,1.0,0.029070179825809075,True,True,put,"UNFILTERED (control, no IV condition)"
put,2000-02-03,2000-03-10,89.7228775024414,82.67919527703324,87.80387878417969,0.30227373021598325,0.2947168869605837,1119.5610162040703,0.0,29.47168869605837,1.0,0.02632432557895206,True,True,put,"UNFILTERED (control, no IV condition)"
put,2000-03-13,2000-04-19,86.8443832397461,79.68579344370002,89.91167449951172,0.3084075597953433,0.3006973708004597,1051.0984222703605,0.0,30.06973708004597,1.0,0.028607917624969587,True,True,put,"UNFILTERED (control, no IV condition)"
put,2000-04-20,2000-05-26,90.34354400634766,82.0487015528158,86.69210815429688,0.35930742324098297,0.35032473765995836,1012.4191085397636,0.0,35.03247376599584,1.0,0.0346027385995549,True,True,put,"UNFILTERED (control, no IV condition)"
put,2000-05-30,2000-07-06,89.5190200805664,81.89714719307328,91.77620697021484,0.32896198819073774,0.32073793848596927,1060.2669067106124,0.0,32.07379384859693,1.0,0.030250678999406987,True,True,put,"UNFILTERED (control, no IV condition)"
put,2000-07-07,2000-08-11,93.25208282470705,86.93133092351196,92.81912994384766,0.2694020967888964,0.26266704436917393,1259.2331708115503,0.0,26.266704436917394,1.0,0.020859285671444815,True,True,put,"UNFILTERED (control, no IV condition)"
put,2000-08-14,2000-09-20,93.99977111816406,87.92804985484565,91.4643325805664,0.25946203605315077,0.252975485151822,1298.1208445466227,0.0,25.2975485151822,1.0,0.019487822433062876,True,True,put,"UNFILTERED (control, no IV condition)"
put,2000-09-21,2000-10-27,90.07356262207033,83.58411543558704,87.92333984375,0.277546349651022,0.2706076909097464,1179.5873028840524,0.0,27.06076909097464,1.0,0.022940878580849373,True,True,put,"UNFILTERED (control, no IV condition)"
put,2000-10-30,2000-12-06,88.71239471435547,80.58904002026816,85.54621887207031,0.3522720704573885,0.3434652686959538,996.2589517479738,0.0,34.34652686959538,1.0,0.03447550138378491,True,True,put,"UNFILTERED (control, no IV condition)"
put,2000-12-07,2001-01-12,84.37246704101562,76.7734170561465,83.58251190185547,0.32871460004003694,0.32049673503903603,959.5940158373036,0.0,32.049673503903605,1.0,0.03339920109436941,True,True,put,"UNFILTERED (control, no IV condition)"
put,2001-01-16,2001-02-22,84.1167984008789,76.46686327476796,79.66301727294922,0.3315805912149514,0.3232910764345776,949.6715630499411,0.0,32.32910764345776,1.0,0.03404240887200036,True,True,put,"UNFILTERED (control, no IV condition)"
put,2001-02-23,2001-03-30,79.12481689453125,71.58669363531463,74.0871353149414,0.3270416937376579,0.31886565139421646,860.5705771083848,0.0,31.886565139421645,1.0,0.03705281819715954,True,True,put,"UNFILTERED (control, no IV condition)"
put,2001-04-02,2001-05-09,72.50624084472656,64.4458685131831,79.77590942382812,0.35572095713709206,0.34682793320866473,679.1414784526975,0.0,34.68279332086647,1.0,0.05106858352973083,True,True,put,"UNFILTERED (control, no IV condition)"
put,2001-05-10,2001-06-15,80.01081085205078,73.17444307414179,77.58329010009766,0.2947082420260543,0.28734053597540293,945.3134928476569,0.0,28.734053597540292,1.0,0.030396322294080447,True,True,put,"UNFILTERED (control, no IV condition)"
put,2001-06-18,2001-07-25,77.2076644897461,70.75627212417699,75.8323745727539,0.2781454162670576,0.27119178086038115,926.1332313240495,0.0,27.119178086038115,1.0,0.029282156355913382,True,True,put,"UNFILTERED (control, no IV condition)"
put,2001-07-26,2001-08-31,76.62824249267578,70.34454068283308,72.68062591552734,0.27024822461766984,0.2634920190022281,930.5438707694689,0.0,26.34920190022281,1.0,0.02831591580785395,True,True,put,"UNFILTERED (control, no IV condition)"
put,2001-09-04,2001-10-11,72.21585845947266,65.50541561141308,70.30109405517578,0.2913123642142583,0.2840295551089019,801.6758398943862,0.0,28.402955510890187,1.0,0.03542947672544557,True,True,put,"UNFILTERED (control, no IV condition)"
put,2001-10-12,2001-11-16,69.98150634765625,61.46956724038396,73.08753967285156,0.378968278977764,0.36949407200331985,651.6450796041717,0.0,36.94940720033198,1.0,0.056701735893987165,True,True,put,"UNFILTERED (control, no IV condition)"
put,2001-11-19,2001-12-26,73.98870849609375,67.47133243468154,73.9802474975586,0.28188206562159035,0.2748350139810506,855.5200651787594,0.0,27.48350139810506,1.0,0.03212490567636474,True,True,put,"UNFILTERED (control, no IV condition)"
put,2001-12-27,2002-02-01,74.42914581298828,68.69592817647626,72.2423324584961,0.24582686782353314,0.2396811961279448,939.2292722213579,0.0,23.96811961279448,1.0,0.02551892314440735,True,True,put,"UNFILTERED (control, no IV condition)"
put,2002-02-04,2002-03-13,70.44669342041016,64.14051346430267,74.41630554199219,0.27303843366609115,0.2662124728244389,804.9371200798985,0.0,26.62124728244389,1.0,0.03307245574635873,True,True,put,"UNFILTERED (control, no IV condition)"
put,2002-03-14,2002-04-19,74.31372833251953,69.21907345571253,72.59718322753906,0.21758072852334376,0.21214121031026015,998.0232000007169,0.0,21.214121031026014,1.0,0.02125614016889665,True,True,put,"UNFILTERED (control, no IV condition)"
put,2002-04-22,2002-05-29,71.38807678222656,66.28782884508306,69.00849151611328,0.21843364282583355,0.2129728017551877,939.0340221056994,0.0,21.29728017551877,1.0,0.02267998781105027,True,True,put,"UNFILTERED (control, no IV condition)"
put,2002-05-30,2002-07-05,68.8155288696289,63.75273414507884,64.09339904785156,0.21668576841868514,0.21126862420821801,891.1579673583933,0.0,21.1268624208218,1.0,0.023707202532730426,True,True,put,"UNFILTERED (control, no IV condition)"
put,2002-07-08,2002-08-14,63.2931022644043,56.88973477934419,59.5176010131836,0.2799366465627182,0.27293823039865023,652.8191198219403,0.0,27.29382303986502,1.0,0.041809166139787,True,True,put,"UNFILTERED (control, no IV condition)"
put,2002-08-15,2002-09-20,60.34366226196289,54.072008286953164,54.68242645263672,0.27454845579386067,0.26768474439901413,606.4763221781867,0.0,26.768474439901414,1.0,0.044137707377859776,True,True,put,"UNFILTERED (control, no IV condition)"
put,2002-09-23,2002-10-30,54.235130310058594,46.71032076108241,57.97567367553711,0.3422529353892436,0.3336966120045125,500.47286881127536,0.0,33.36966120045125,1.0,0.06667626414936531,True,True,put,"UNFILTERED (control, no IV condition)"
put,2002-10-31,2002-12-06,57.38575744628906,51.0949308889584,59.66122055053711,0.2768982695262894,0.26997581278813215,545.6300744715286,0.0,26.997581278813215,1.0,0.0494796429704902,True,True,put,"UNFILTERED (control, no IV condition)"
put,2002-12-09,2003-01-15,58.02107238769531,51.65456932547824,60.19545364379883,0.2805687691895722,0.27355454995983286,551.1265965281826,0.0,27.355454995983287,1.0,0.049635519621641824,True,True,put,"UNFILTERED (control, no IV condition)"
put,2003-01-16,2003-02-21,59.94789505004883,54.61667956427067,55.49185180664063,0.23041314645815003,0.22465281779669627,688.3016342028303,0.0,22.465281779669628,1.0,0.03263871631757525,True,True,put,"UNFILTERED (control, no IV condition)"
put,2003-02-24,2003-04-02,54.59283447265625,48.383575889477164,57.63865280151367,0.2747337233721021,0.26786538028779955,510.62229692355163,0.0,26.786538028779955,1.0,0.05245861410707322,True,True,put,"UNFILTERED (control, no IV condition)"
put,2003-04-03,2003-05-09,57.36392974853516,51.63707169426995,61.308101654052734,0.24976201780761542,0.24351796736242504,598.9445862804243,0.0,24.351796736242505,1.0,0.04065784597448729,True,True,put,"UNFILTERED (control, no IV condition)"
put,2003-05-12,2003-06-18,62.06031036376953,57.682416430736005,66.43618774414062,0.18742792241132022,0.1827422243510372,821.6910364071417,0.0,18.27422243510372,1.0,0.0222397733763874,True,True,put,"UNFILTERED (control, no IV condition)"
put,2003-06-19,2003-07-25,65.4223403930664,60.79728220468628,65.7965087890625,0.19769167388904307,0.192749382041817,865.2159272274977,0.0,19.274938204181698,1.0,0.02227760446568108,True,True,put,"UNFILTERED (control, no IV condition)"
put,2003-07-28,2003-09-03,65.55361938476562,61.20473566404455,67.85124206542969,0.18592166003606003,0.18127361853515853,894.3113774767207,0.0,18.127361853515854,1.0,0.02026963126049206,True,True,put,"UNFILTERED (control, no IV condition)"
put,2003-09-04,2003-10-10,67.88404846191406,63.34920547651762,68.9090347290039,0.1935567904836759,0.188717870721584,923.0684577707952,0.0,18.8717870721584,1.0,0.020444623487334463,True,True,put,"UNFILTERED (control, no IV condition)"
put,2003-10-13,2003-11-19,69.1264877319336,64.74469280724729,69.00789642333984,0.18720091208726863,0.18252088928508692,962.6023510985502,0.0,18.25208892850869,1.0,0.018961192965796174,True,True,put,"UNFILTERED (control, no IV condition)"
put,2003-11-20,2003-12-26,68.3884506225586,63.63166275598921,72.63116455078125,0.20322809296381372,0.19814739063971837,911.9049648582056,0.0,19.814739063971835,1.0,0.021728951839902394,True,True,put,"UNFILTERED (control, no IV condition)"
put,2003-12-29,2004-02-04,73.59783172607422,69.05653245988606,74.71672058105469,0.19396541931613598,0.18911628383323256,1036.7383362859914,0.0,18.911628383323258,1.0,0.018241467226023707,True,True,put,"UNFILTERED (control, no IV condition)"
put,2004-02-05,2004-03-12,74.93519592285156,70.1987239501294,74.53794860839844,0.20197320640302152,0.19692387624294597,1044.7491088091103,0.0,19.692387624294597,1.0,0.018848915455636592,True,True,put,"UNFILTERED (control, no IV condition)"
put,2004-03-15,2004-04-21,73.6242904663086,68.00513327429908,74.85909271240234,0.24121604951446862,0.2351856482766069,934.0886549528816,0.0,23.51856482766069,1.0,0.025178086365739066,True,True,put,"UNFILTERED (control, no IV condition)"
put,2004-04-22,2004-05-28,75.90887451171875,71.96808319196482,74.98529815673828,0.16809147038552386,0.16388918362588575,1140.4872766215708,0.0,16.388918362588576,1.0,0.014370101884114786,True,True,put,"UNFILTERED (control, no IV condition)"
put,2004-06-01,2004-07-08,74.88565826416016,70.48233002619796,74.3121337890625,0.18803623392033053,0.18333532807232225,1075.7138742942154,0.0,18.333532807232224,1.0,0.017043131305953457,True,True,put,"UNFILTERED (control, no IV condition)"
put,2004-07-09,2004-08-13,74.50553894042969,70.36949621527774,71.47808837890625,0.17592504418611288,0.17152691808146006,1093.6591981015445,0.0,17.152691808146006,1.0,0.015683763130160597,True,True,put,"UNFILTERED (control, no IV condition)"
put,2004-08-16,2004-09-22,72.2182846069336,67.63522767460553,74.69512176513672,0.19580194198912437,0.19090689343939626,1005.1506882498053,0.0,19.090689343939626,1.0,0.01899286302751365,True,True,put,"UNFILTERED (control, no IV condition)"
put,2004-09-23,2004-10-29,74.2933578491211,70.38453251719478,75.79996490478516,0.16669552840930368,0.16252814019907108,1111.2374378096981,0.0,16.25281401990711,1.0,0.014625869743861564,True,True,put,"UNFILTERED (control, no IV condition)"
put,2004-11-01,2004-12-08,76.00757598876953,71.54668097741524,79.77884674072266,0.1904944045440855,0.18573204443048336,1092.6352230830094,0.0,18.573204443048336,1.0,0.016998540821923785,True,True,put,"UNFILTERED (control, no IV condition)"
put,2004-12-09,2005-01-14,80.0608901977539,76.41697975959788,79.7845687866211,0.15593543006275112,0.15203704431118234,1252.0304645705937,0.0,15.203704431118235,1.0,0.012143238412599342,True,True,put,"UNFILTERED (control, no IV condition)"
put,2005-01-18,2005-02-24,80.61458587646484,77.02640163723228,81.13409423828125,0.15406414170749905,0.15021253816481156,1268.494547422522,0.0,15.021253816481156,1.0,0.01184179612518093,True,True,put,"UNFILTERED (control, no IV condition)"
put,2005-02-25,2005-04-01,81.93704223632812,78.67311132870874,79.54925537109375,0.14008828132281081,0.13658607428974054,1326.0063613935981,0.0,13.658607428974054,1.0,0.010300559504570712,True,True,put,"UNFILTERED (control, no IV condition)"
put,2005-04-04,2005-05-11,79.68474578857422,75.64687197196976,79.4205551147461,0.17269472250880824,0.16837735444608803,1206.7452695556472,0.0,16.837735444608803,1.0,0.013953015494984178,True,True,put,"UNFILTERED (control, no IV condition)"
put,2005-05-12,2005-06-17,78.54669189453125,74.03469301517514,82.54331970214844,0.1922938159899985,0.18748647059024853,1138.4825970140387,0.0,18.748647059024854,1.0,0.016468101583808105,True,True,put,"UNFILTERED (control, no IV condition)"
put,2005-06-20,2005-07-27,82.5705337524414,79.20825080437116,84.19607543945312,0.14495335449385038,0.1413295206315041,1329.3153323049542,0.0,14.13295206315041,1.0,0.010631752842754553,True,True,put,"UNFILTERED (control, no IV condition)"
put,2005-07-28,2005-09-02,84.72660064697266,81.61990543076723,83.16224670410156,0.1343663399436803,0.1310071814450883,1396.9632094634196,0.0,13.10071814450883,1.0,0.009377997971428954,True,True,put,"UNFILTERED (control, no IV condition)"
put,2005-09-06,2005-10-13,84.1348648071289,80.24399863620951,80.2103042602539,0.1668260322338071,0.1626553814279619,1309.8762171934347,0.03369437595560498,12.896100547235692,0.7928480714268417,0.009845281850270645,False,True,put,"UNFILTERED (control, no IV condition)"
put,2005-10-14,2005-11-18,81.0572509765625,76.8242003129854,85.46979522705078,0.180143440946674,0.17563985492300715,1215.4039386658405,0.0,17.563985492300716,1.0,0.014451150710915793,True,True,put,"UNFILTERED (control, no IV condition)"
put,2005-11-21,2005-12-28,85.90008544921875,82.61499190077053,86.34858703613281,0.14212903471135618,0.13857580884357226,1403.3499350239108,0.0,13.857580884357226,1.0,0.009874643906347647,True,True,put,"UNFILTERED (control, no IV condition)"
put,2005-12-29,2006-02-03,85.96405029296875,82.45928963453072,86.70564270019531,0.1506706870946175,0.14690391991725207,1383.495332007297,0.0,14.690391991725207,1.0,0.01061831699165265,True,True,put,"UNFILTERED (control, no IV condition)"
put,2006-02-06,2006-03-15,86.93225860595703,82.87602022961866,89.78881072998047,0.17386489304384156,0.16951827071774553,1349.9731615570781,0.0,16.951827071774552,1.0,0.012557158582487725,True,True,put,"UNFILTERED (control, no IV condition)"
put,2006-03-16,2006-04-21,89.97416687011719,86.18119493760172,90.41472625732422,0.16280455887161693,0.1587344448998265,1436.0595886407796,0.0,15.87344448998265,1.0,0.011053472025493562,True,True,put,"UNFILTERED (control, no IV condition)"
put,2006-04-24,2006-05-31,90.24928283691406,86.47831707598571,87.9052734375,0.16236192695071416,0.1583028787769463,1443.7193685231414,0.0,15.83028787769463,1.0,0.010964934199011466,True,True,put,"UNFILTERED (control, no IV condition)"
put,2006-06-01,2006-07-07,88.7463607788086,84.16850907080591,87.67066192626953,0.19528474767363413,0.19040262898179328,1336.182307674083,0.0,19.04026289817933,1.0,0.014249749296054565,True,True,put,"UNFILTERED (control, no IV condition)"
put,2006-07-10,2006-08-16,87.83683776855469,83.41542851233234,89.8102798461914,0.18912507699272219,0.18439695006790413,1333.0355247556495,0.0,18.439695006790412,1.0,0.013832860913568286,True,True,put,"UNFILTERED (control, no IV condition)"
put,2006-08-17,2006-09-22,90.03878784179688,86.15556614689199,91.43633270263672,0.1665145405727948,0.16235167705847492,1428.688755051296,0.0,16.23516770584749,1.0,0.011363684111354666,True,True,put,"UNFILTERED (control, no IV condition)"
put,2006-09-25,2006-11-01,92.13880157470705,88.15964109401325,95.18499755859376,0.17106571509407154,0.16678907221671974,1461.5388906464336,0.0,16.678907221671974,1.0,0.011411880537982092,True,True,put,"UNFILTERED (control, no IV condition)"
put,2006-11-02,2006-12-08,95.12938690185548,91.318790915848,98.35645294189452,0.16396514761888703,0.15986601892841484,1537.5147413292027,0.0,15.986601892841485,1.0,0.010397690157442553,True,True,put,"UNFILTERED (control, no IV condition)"
put,2006-12-11,2007-01-17,98.6415786743164,94.91066015879757,100.02342224121094,0.1615278980509096,0.15748970059963688,1615.4886919944083,0.0,15.748970059963687,1.0,0.009748734322937743,True,True,put,"UNFILTERED (control, no IV condition)"
put,2007-01-18,2007-02-23,99.6877670288086,95.90835859316473,101.61801147460938,0.16312316340548882,0.1590450843203516,1631.719005443821,0.0,15.904508432035161,1.0,0.009747087812897784,True,True,put,"UNFILTERED (control, no IV condition)"
put,2007-02-26,2007-04-04,101.52706909179688,97.5165441397289,101.00293731689452,0.17318506245082332,0.16885543588955274,1646.3744302180949,0.0,16.885543588955272,1.0,0.010256198881027597,True,True,put,"UNFILTERED (control, no IV condition)"
put,2007-04-05,2007-05-11,101.27680206298828,96.53553988726885,105.92497253417967,0.2027119541389446,0.197644155285471,1571.17423921637,0.0,19.7644155285471,1.0,0.012579391282792854,True,True,put,"UNFILTERED (control, no IV condition)"
put,2007-05-14,2007-06-20,105.69326782226562,100.39674821652434,106.57894897460938,0.22658030800178608,0.22091580030174143,1606.3049759013588,0.0,22.091580030174143,1.0,0.013753042144302464,True,True,put,"UNFILTERED (control, no IV condition)"
put,2007-06-21,2007-07-27,107.17133331298828,101.76548359628794,102.32682800292967,0.23069891399453724,0.2249314411446738,1625.3348387041985,0.0,22.49314411446738,1.0,0.013839083233089427,True,True,put,"UNFILTERED (control, no IV condition)"
put,2007-07-30,2007-09-05,103.92752075195312,96.09213270375895,104.21662139892578,0.33619085877271715,0.3277860873033992,1327.790218949985,0.0,32.77860873033992,1.0,0.02468658697927539,True,True,put,"UNFILTERED (control, no IV condition)"
put,2007-09-06,2007-10-12,104.45638275146484,95.53492970957541,110.7617416381836,0.3845845058271582,0.3749698931814792,1234.4793401585016,0.0,37.496989318147925,1.0,0.030374740263643035,True,True,put,"UNFILTERED (control, no IV condition)"
put,2007-10-15,2007-11-21,109.82650756835938,102.18616173793598,100.38198852539062,0.3269791812841536,0.3188047017520497,1464.3760385000526,1.8041732125453507,-148.5368510793301,-4.659180064253086,-0.10143354382626683,False,False,put,"UNFILTERED (control, no IV condition)"
put,2007-11-23,2007-12-28,102.11788177490234,92.94006816924453,104.91771697998048,0.3964190033663044,0.3865085282821468,1163.2271277604798,0.0,38.65085282821468,1.0,0.03322726224811126,True,True,put,"UNFILTERED (control, no IV condition)"
put,2007-12-31,2008-02-06,104.14137268066406,95.68585493922672,94.76789855957033,0.3639962493823834,0.3548963431478238,1272.7653137843288,0.9179563796563883,-56.306003650856454,-1.5865478677925826,-0.04423910915944206,False,False,put,"UNFILTERED (control, no IV condition)"
put,2008-02-07,2008-03-14,95.39466857910156,86.04831389547147,92.31765747070312,0.40694876472280406,0.3967750456047339,1012.935407779495,0.0,39.677504560473395,1.0,0.03917081410694526,True,True,put,"UNFILTERED (control, no IV condition)"
put,2008-03-17,2008-04-23,91.38459777832033,80.91170310033255,98.57984924316406,0.46378908910224403,0.4521943618746879,854.3364671907941,0.0,45.219436187468794,1.0,0.052929305869569294,True,True,put,"UNFILTERED (control, no IV condition)"
put,2008-04-24,2008-05-30,99.00933074951172,91.91829220329208,100.46236419677734,0.3032177400454188,0.29563729654428333,1300.6464900226993,0.0,29.563729654428332,1.0,0.02273002686065172,True,True,put,"UNFILTERED (control, no IV condition)"
put,2008-06-02,2008-07-09,99.42449188232422,92.2997237002543,89.77130889892578,0.3051676263285028,0.2975384356702902,1305.7668630065223,2.5284148013285233,-223.0876365658233,-7.497775407175707,-0.1708479843424461,False,False,put,"UNFILTERED (control, no IV condition)"
put,2008-07-10,2008-08-15,90.13819885253906,81.94251405892707,93.64159393310548,0.35476135584625723,0.3458923219501008,1017.7847298845927,0.0,34.58923219501008,1.0,0.033984821327523916,True,True,put,"UNFILTERED (control, no IV condition)"
put,2008-08-18,2008-09-24,92.36111450195312,85.36142188536395,86.05097961425781,0.3003945974432547,0.29288473250717334,1176.5415016308627,0.0,29.288473250717335,1.0,0.024893701760727627,True,True,put,"UNFILTERED (control, no IV condition)"
put,2008-09-25,2008-10-31,87.39675903320312,77.33260308138583,70.06069946289062,0.44546759510963874,0.43433090523189777,816.759121337048,7.271903618495202,-683.7572713263304,-15.742772689897787,-0.8371590270176703,False,False,put,"UNFILTERED (control, no IV condition)"
put,2008-11-03,2008-12-10,70.26326751708984,57.53458040455412,65.19847869873047,0.6116376542362536,0.5963467128803472,634.980475333576,0.0,59.634671288034724,1.0,0.09391575584541663,True,True,put,"UNFILTERED (control, no IV condition)"
put,2008-12-11,2009-01-16,63.62836456298828,51.84922879468115,62.04418563842773,0.5687876357521535,0.5545679448583497,573.9490824326465,0.0,55.45679448583497,1.0,0.09662319565140673,True,True,put,"UNFILTERED (control, no IV condition)"
put,2009-01-20,2009-02-26,58.76907730102539,47.622018462882274,55.15848159790039,0.5421425492154901,0.5285889854851028,529.079083177333,0.0,52.85889854851028,1.0,0.09990736778152579,True,True,put,"UNFILTERED (control, no IV condition)"
put,2009-02-27,2009-04-03,53.9257926940918,45.526078462431435,61.90056610107422,0.3895123987864153,0.3797745888167549,493.2382435059899,0.0,37.97745888167549,1.0,0.07699617655704812,True,True,put,"UNFILTERED (control, no IV condition)"
put,2009-04-06,2009-05-13,61.41569137573242,52.652409517770856,65.14765167236328,0.40046618307335624,0.39045452849652235,565.5695480273608,0.0,39.045452849652236,1.0,0.06903740306711724,True,True,put,"UNFILTERED (control, no IV condition)"
put,2009-05-14,2009-06-19,65.70597076416016,58.45306638555905,67.99797821044922,0.3194858254962716,0.31149867985886476,619.9788454089788,0.0,31.149867985886477,1.0,0.05024343687942768,True,True,put,"UNFILTERED (control, no IV condition)"
put,2009-06-22,2009-07-29,65.95892333984375,58.63523057053388,72.142578125,0.3231669277871365,0.3150877545924581,618.3179653251336,0.0,31.508775459245808,1.0,0.050958854871178405,True,True,put,"UNFILTERED (control, no IV condition)"
put,2009-07-30,2009-09-04,72.89613342285156,66.31568512024654,75.40064239501953,0.2846982214984699,0.27758076596100817,827.6359147926302,0.0,27.758076596100818,1.0,0.033538994743909575,True,True,put,"UNFILTERED (control, no IV condition)"
put,2009-09-08,2009-10-15,76.05076599121094,69.044602281929,81.43843841552734,0.3039573940104683,0.2963584591602066,850.034794812046,0.0,29.63584591602066,1.0,0.03486427390607409,True,True,put,"UNFILTERED (control, no IV condition)"
put,2009-10-16,2009-11-20,80.82970428466797,74.72517329203939,81.2305679321289,0.26112184019351403,0.25459379418867617,1031.600365849369,0.0,25.459379418867616,1.0,0.024679498245336134,True,True,put,"UNFILTERED (control, no IV condition)"
put,2009-11-23,2009-12-30,82.26239013671875,75.97514325138302,83.97398376464844,0.26991076650425505,0.26316299734164866,1042.8394139349666,0.0,26.316299734164865,1.0,0.02523523697178365,True,True,put,"UNFILTERED (control, no IV condition)"
put,2009-12-31,2010-02-05,83.16796875,76.7352799317794,79.60062408447266,0.27586792926782877,0.268971231036133,1046.9876162815535,0.0,26.897123103613303,1.0,0.0256900107368416,True,True,put,"UNFILTERED (control, no IV condition)"
put,2010-02-08,2010-03-17,79.02598571777344,71.50247404560614,87.39203643798828,0.32721660280921316,0.31903618773898285,860.0721659126368,0.0,31.903618773898284,1.0,0.03709411842208011,True,True,put,"UNFILTERED (control, no IV condition)"
put,2010-03-18,2010-04-23,87.34725952148438,82.17084584896473,91.2814712524414,0.22061797120757554,0.21510252192738613,1250.8140753704618,0.0,21.510252192738612,1.0,0.017197002029552457,True,True,put,"UNFILTERED (control, no IV condition)"
put,2010-04-26,2010-06-02,90.93677520751952,85.19906508823885,82.67864990234375,0.24511618411696645,0.23898827951404228,1268.8633201737282,2.5204151858951036,-228.14269063810616,-9.546187415634378,-0.17980083986261788,False,False,put,"UNFILTERED (control, no IV condition)"
put,2010-06-03,2010-07-09,82.96338653564453,74.33248556642556,81.28755950927734,0.37786251461762,0.3684159517521795,833.0192289662115,0.0,36.841595175217954,1.0,0.044226584326197235,True,True,put,"UNFILTERED (control, no IV condition)"
put,2010-07-12,2010-08-18,81.3402328491211,74.18381816653397,82.6654052734375,0.30949722379195244,0.3017597931971536,941.3391680434245,0.0,30.175979319715363,1.0,0.03205643655775654,True,True,put,"UNFILTERED (control, no IV condition)"
put,2010-08-19,2010-09-24,81.227294921875,73.60568736342216,86.91556549072266,0.3306858522392915,0.3224187059333092,894.6270131855474,0.0,32.241870593330916,1.0,0.036039455681676234,True,True,put,"UNFILTERED (control, no IV condition)"
put,2010-09-27,2010-11-03,86.49919891357422,79.46385162749738,90.79881286621094,0.30288700730099727,0.2953148321184723,1055.9807328756476,0.0,29.53148321184723,1.0,0.027965929957289155,True,True,put,"UNFILTERED (control, no IV condition)"
put,2010-11-04,2010-12-10,92.54741668701172,86.4280458244382,94.22792053222656,0.2611334016575082,0.25460506661607046,1264.4717541444895,0.0,25.460506661607045,1.0,0.020135290945137004,True,True,put,"UNFILTERED (control, no IV condition)"
put,2010-12-13,2011-01-19,94.28843688964844,88.31167446795799,97.59225463867188,0.2553417939223763,0.2489582490743169,1312.9883205313554,0.0,24.89582490743169,1.0,0.01896119296579619,True,True,put,"UNFILTERED (control, no IV condition)"
put,2011-01-20,2011-02-25,97.46290588378906,91.20417353840321,100.69690704345705,0.26694484373553706,0.26027122264214864,1349.412005401411,0.0,26.027122264214864,1.0,0.019287750635116476,True,True,put,"UNFILTERED (control, no IV condition)"
put,2011-02-28,2011-04-06,101.32090759277344,94.60287514184645,102.15082550048828,0.2872036224139567,0.2800235318536078,1382.6172599481315,0.0,28.00235318536078,1.0,0.020253148862333224,True,True,put,"UNFILTERED (control, no IV condition)"
put,2011-04-07,2011-05-13,101.89102172851562,95.67165816981365,102.44126892089844,0.26511181983353715,0.25848402433769874,1441.7324811338854,0.0,25.848402433769873,1.0,0.017928709224502435,True,True,put,"UNFILTERED (control, no IV condition)"
put,2011-05-16,2011-06-22,101.79164123535156,95.0831251011758,98.82472229003906,0.28676575047417785,0.2795966067123234,1392.940871960687,0.0,27.95966067123234,1.0,0.020072395917191125,True,True,put,"UNFILTERED (control, no IV condition)"
put,2011-06-23,2011-07-29,98.5405502319336,91.75332659528121,99.3316421508789,0.28990078890103277,0.2826532691785069,1320.3539678912844,0.0,28.265326917850693,1.0,0.02140738590197353,True,True,put,"UNFILTERED (control, no IV condition)"
put,2011-08-01,2011-09-07,98.90921783447266,90.47394020311889,92.38845825195312,0.364104091042325,0.35500148876626686,1170.156742430703,0.0,35.50014887662669,1.0,0.030337943276628192,True,True,put,"UNFILTERED (control, no IV condition)"
put,2011-09-08,2011-10-14,91.42841339111328,80.45300604737514,94.62667083740234,0.48830522800230547,0.4760975973022478,852.1398202039762,0.0,47.60975973022478,1.0,0.05587083082073134,True,True,put,"UNFILTERED (control, no IV condition)"
put,2011-10-17,2011-11-23,92.82014465332033,81.8293057129856,89.98682403564453,0.4886471951145239,0.4764310152366608,865.9361586535223,0.0,47.64310152366608,1.0,0.055019184783492804,True,True,put,"UNFILTERED (control, no IV condition)"
put,2011-11-25,2011-12-30,89.81694793701172,79.12209513569972,97.50318908691406,0.47484312880796864,0.4629720505877694,837.5181564157742,0.0,46.29720505877694,1.0,0.055279046435135835,True,True,put,"UNFILTERED (control, no IV condition)"
put,2012-01-03,2012-02-09,99.05699920654295,90.84976184181475,105.16358947753906,0.3536827310359332,0.34484066276003483,1194.9003139340427,0.0,34.48406627600348,1.0,0.028859366655005304,True,True,put,"UNFILTERED (control, no IV condition)"
put,2012-02-10,2012-03-16,104.3866958618164,96.73594065316709,109.47924041748048,0.3268768931627015,0.31870497083363397,1354.5288934547602,0.0,31.870497083363396,1.0,0.023528842564647615,True,True,put,"UNFILTERED (control, no IV condition)"
put,2012-03-19,2012-04-25,109.90843200683594,103.95813180994904,108.61306762695312,0.25421328786375597,0.24785795566716207,1627.924416014745,0.0,24.785795566716207,1.0,0.015225397028808804,True,True,put,"UNFILTERED (control, no IV condition)"
put,2012-04-26,2012-06-01,109.3700180053711,103.03961589422404,100.00613403320312,0.2697899796356342,0.26304523014474335,1580.6646720071915,3.033481861020917,-277.04366308761735,-10.532168286616383,-0.17527035809297628,False,False,put,"UNFILTERED (control, no IV condition)"
put,2012-06-04,2012-07-11,99.95929718017578,90.57748471304505,105.23053741455078,0.4075882298882032,0.39739852414099813,1100.7445493045425,0.0,39.739852414099815,1.0,0.036102701974956596,True,True,put,"UNFILTERED (control, no IV condition)"
put,2012-07-12,2012-08-17,104.72064971923828,97.86780188286717,111.5210952758789,0.2923763002141406,0.2850668927087871,1437.6349000185332,0.0,28.50668927087871,1.0,0.01982887955106767,True,True,put,"UNFILTERED (control, no IV condition)"
put,2012-08-20,2012-09-26,111.52897644042967,105.91498507532552,112.99176025390624,0.24013758682654718,0.2341341471558835,1692.5938070137665,0.0,23.41341471558835,1.0,0.013832860913568213,True,True,put,"UNFILTERED (control, no IV condition)"
put,2012-09-27,2012-11-02,114.0562515258789,108.0386027843589,111.6274642944336,0.2566186756197233,0.2502032087292302,1704.3804772385006,0.0,25.02032087292302,1.0,0.014680009074887935,True,True,put,"UNFILTERED (control, no IV condition)"
put,2012-11-05,2012-12-12,111.856201171875,104.41116777122069,113.16520690917967,0.31830646650386285,0.31034880484126626,1523.6555638561958,0.0,31.034880484126624,1.0,0.02036869829397724,True,True,put,"UNFILTERED (control, no IV condition)"
put,2012-12-13,2013-01-18,112.47128295898438,105.83047309976267,117.7956085205078,0.2830270441885734,0.27595136808385906,1612.9398100659032,0.0,27.595136808385906,1.0,0.01710859675988678,True,True,put,"UNFILTERED (control, no IV condition)"
put,2013-01-22,2013-02-28,118.43092346191406,113.17741949134022,120.40040588378906,0.2255975882799035,0.21995764857290592,1865.2638370381871,0.0,21.99576485729059,1.0,0.011792307565570563,True,True,put,"UNFILTERED (control, no IV condition)"
put,2013-03-01,2013-04-05,120.79745483398438,114.27475444376194,123.7676239013672,0.27748701251904073,0.2705498372060647,1790.7340413780503,0.0,27.05498372060647,1.0,0.015108320440363351,True,True,put,"UNFILTERED (control, no IV condition)"
put,2013-04-08,2013-05-15,124.60525512695312,118.7208883837668,132.51019287109375,0.2521284486198656,0.24582523740436896,1928.2509519608673,0.0,24.582523740436894,1.0,0.012748612267214783,True,True,put,"UNFILTERED (control, no IV condition)"
put,2013-05-16,2013-06-21,131.88795471191406,125.79200533005513,127.55802917480467,0.26073441179369183,0.2542160514988495,2053.5857612022733,0.0,25.42160514988495,1.0,0.01237913002230881,True,True,put,"UNFILTERED (control, no IV condition)"
put,2013-06-24,2013-07-31,125.94615936279295,116.79396224406177,135.2882843017578,0.39217840620857913,0.38237394605336467,1641.9408699880776,0.0,38.23739460533647,1.0,0.02328792425126376,True,True,put,"UNFILTERED (control, no IV condition)"
put,2013-08-01,2013-09-06,136.8519744873047,130.59271919057775,133.14723205566406,0.2678109361716636,0.261115662767372,2137.225526350138,0.0,26.111566276737204,1.0,0.012217506273813517,True,True,put,"UNFILTERED (control, no IV condition)"
put,2013-09-09,2013-10-16,134.4222412109375,126.85071253465728,138.65518188476562,0.3233657220464057,0.3152815789952455,1962.8201144902525,0.0,31.52815789952455,1.0,0.01606268331304138,True,True,put,"UNFILTERED (control, no IV condition)"
put,2013-10-17,2013-11-22,139.58192443847656,132.91798524235205,145.69796752929688,0.2847555846257812,0.27763669501013666,2153.0082386580934,0.0,27.763669501013666,1.0,0.012895291807298398,True,True,put,"UNFILTERED (control, no IV condition)"
put,2013-11-25,2013-12-31,145.55294799804688,138.97696607182525,149.63246154785156,0.2814805482252165,0.2744435345195861,2280.9051207907332,0.0,27.44435345195861,1.0,0.012032220543414946,True,True,put,"UNFILTERED (control, no IV condition)"
put,2014-01-02,2014-02-07,148.19847106933594,140.71223151886085,145.57345581054688,0.3194721083908938,0.3114853056811214,2246.4939969073216,0.0,31.148530568112143,1.0,0.013865396752002612,True,True,put,"UNFILTERED (control, no IV condition)"
put,2014-02-10,2014-03-19,145.84088134765625,137.8261285750756,151.2285614013672,0.34235891447213085,0.33379994161032756,2148.7223438560914,0.0,33.379994161032755,1.0,0.015534810375327092,True,True,put,"UNFILTERED (control, no IV condition)"
put,2014-03-20,2014-04-25,152.11167907714844,144.2652197546524,151.5948944091797,0.3347189744583563,0.3263510000968974,2290.2227493030555,0.0,32.63510000968974,1.0,0.014249749296054727,True,True,put,"UNFILTERED (control, no IV condition)"
put,2014-04-28,2014-06-04,152.07505798339844,144.44855629101693,157.20986938476562,0.3262493482895277,0.31809311458228945,2310.660301888047,0.0,31.809311458228944,1.0,0.013766329664398298,True,True,put,"UNFILTERED (control, no IV condition)"
put,2014-06-05,2014-07-11,158.23519897460938,151.74240121718924,160.7594757080078,0.2790395676287769,0.27206357843805745,2542.63056159398,0.0,27.206357843805744,1.0,0.010700082919930777,True,True,put,"UNFILTERED (control, no IV condition)"
put,2014-07-14,2014-08-20,161.5690460205078,154.77514506807552,162.6483612060547,0.2924279701284789,0.2851172708752669,2580.502552254454,0.0,28.51172708752669,1.0,0.011048904819961307,True,True,put,"UNFILTERED (control, no IV condition)"
put,2014-08-21,2014-09-26,163.12257385253906,156.380321484371,162.57070922851562,0.28965906140574305,0.2824175848705995,2616.4679987210347,0.0,28.241758487059947,1.0,0.010793848233903454,True,True,put,"UNFILTERED (control, no IV condition)"
put,2014-09-29,2014-11-05,162.27496337890625,152.92462952505923,166.21803283691406,0.3992975070600089,0.3893150693835086,2349.397389131774,0.0,38.931506938350864,1.0,0.01657084796231007,True,True,put,"UNFILTERED (control, no IV condition)"
put,2014-11-06,2014-12-12,166.8834991455078,158.79868612543916,165.02694702148438,0.3453379424926908,0.3367044939303735,2562.859130296328,0.0,33.67044939303735,1.0,0.013137846319764066,True,True,put,"UNFILTERED (control, no IV condition)"
put,2014-12-15,2015-01-21,163.89328002929688,151.80110544407734,167.74673461914062,0.5184244910074973,0.5054638787323099,2119.1945299372146,0.0,50.54638787323099,1.0,0.023851697972591752,True,True,put,"UNFILTERED (control, no IV condition)"
put,2015-01-22,2015-02-27,170.2412567138672,160.2884686084036,174.00784301757812,0.42417238120489387,0.4135680716747715,2450.9031308984627,0.0,41.35680716747715,1.0,0.016874109240015697,True,True,put,"UNFILTERED (control, no IV condition)"
put,2015-03-02,2015-04-08,175.1065216064453,166.93609322603606,172.56105041503906,0.35021380024626936,0.3414584552401126,2719.2334396119927,0.0,34.14584552401126,1.0,0.01255715858248769,True,True,put,"UNFILTERED (control, no IV condition)"
put,2015-04-09,2015-05-15,173.32435607910156,165.30030833812418,176.261474609375,0.3431850633503295,0.33460543676657123,2697.5428911609506,0.0,33.460543676657124,1.0,0.01240408216910931,True,True,put,"UNFILTERED (control, no IV condition)"
put,2015-05-18,2015-06-24,176.80909729003906,168.76573734953766,175.50143432617188,0.34506890463761053,0.33644218202167026,2765.490169952808,0.0,33.644218202167025,1.0,0.012165734150029956,True,True,put,"UNFILTERED (control, no IV condition)"
put,2015-06-25,2015-07-31,174.96783447265625,166.2714110441409,175.50143432617188,0.37123951151364665,0.36195852372580545,2665.910198974171,0.0,36.195852372580546,1.0,0.013577296184435818,True,True,put,"UNFILTERED (control, no IV condition)"
put,2015-08-03,2015-09-09,174.90945434570312,167.06471794552215,162.4034423828125,0.33672611834169075,0.3283079653831485,2746.54624343428,4.661275562709648,-433.29675973264995,-13.197875331077494,-0.15776059142221321,False,False,put,"UNFILTERED (control, no IV condition)"
put,2015-09-10,2015-10-16,163.28721618652344,149.12639938360817,170.35455322265625,0.6110196205773164,0.5957441300628835,1909.237056445231,0.0,59.57441300628835,1.0,0.031203256193449713,True,True,put,"UNFILTERED (control, no IV condition)"
put,2015-10-19,2015-11-25,170.4384002685547,161.24908618569614,175.4249267578125,0.39261205577059854,0.3827967543763336,2528.116272522873,0.0,38.27967543763336,1.0,0.015141580256288242,True,True,put,"UNFILTERED (control, no IV condition)"
put,2015-11-27,2015-12-31,175.62600708007812,166.41312338989692,171.8742218017578,0.39118308806660806,0.38140351086494284,2629.372123669937,0.0,38.140351086494285,1.0,0.01450549762171359,True,True,put,"UNFILTERED (control, no IV condition)"
put,2016-01-04,2016-02-10,169.4715576171875,156.79773268129333,156.1934051513672,0.5436259870513176,0.5300353373750346,2175.052192491836,0.6043275299261381,-7.429219255110353,-0.14016460283389928,-0.0034156510270216137,False,False,put,"UNFILTERED (control, no IV condition)"
put,2016-02-11,2016-03-18,154.16160583496094,138.80747138748333,173.1929473876953,0.6694896619797337,0.6527524204302403,1613.0939139944821,0.0,65.27524204302402,1.0,0.040465865921832066,True,True,put,"UNFILTERED (control, no IV condition)"
put,2016-03-21,2016-04-27,173.43861389160156,164.85760206388443,177.40455627441406,0.3671980613027621,0.35801810977019305,2646.4729060373375,0.0,35.80181097701931,1.0,0.013528122995457638,True,True,put,"UNFILTERED (control, no IV condition)"
put,2016-04-28,2016-06-03,175.79446411132812,166.2743690462623,178.19261169433594,0.40585774293280963,0.3957112993594894,2603.45090565593,0.0,39.57112993594894,1.0,0.015199491509512117,True,True,put,"UNFILTERED (control, no IV condition)"
put,2016-06-06,2016-07-13,179.0993194580078,170.33219806909693,183.07171630859372,0.37526261406408423,0.3658810487124821,2741.8623551403166,0.0,36.58810487124821,1.0,0.01334425296829891,True,True,put,"UNFILTERED (control, no IV condition)"
put,2016-07-14,2016-08-19,184.0938873291016,175.75609588409293,186.15524291992188,0.35686293976743144,0.3479413662732456,2882.8927387084905,0.0,34.79413662732456,1.0,0.012069174881238216,True,True,put,"UNFILTERED (control, no IV condition)"
put,2016-08-22,2016-09-28,186.1467437744141,178.00202510037815,185.46902465820312,0.34994928097930966,0.34120054895482693,2942.5830629801703,0.0,34.120054895482696,1.0,0.011595273324562266,True,True,put,"UNFILTERED (control, no IV condition)"
put,2016-09-29,2016-11-04,183.79098510742188,174.6492366697128,178.5430450439453,0.3902436244458052,0.38048753383466005,2799.6936117609957,0.0,38.04875338346601,1.0,0.01359032760714609,True,True,put,"UNFILTERED (control, no IV condition)"
put,2016-11-07,2016-12-14,182.48117065429688,170.143262515307,193.3794708251953,0.5276640405848276,0.5144724395702069,2467.2798431439696,0.0,51.447243957020696,1.0,0.020851807345640714,True,True,put,"UNFILTERED (control, no IV condition)"
put,2016-12-15,2017-01-20,194.1756591796875,185.4029366560947,195.2598571777344,0.37551057364104423,0.3661228093000181,3042.853212164473,0.0,36.61228093000181,1.0,0.012032220543415038,True,True,put,"UNFILTERED (control, no IV condition)"
put,2017-01-23,2017-03-01,194.75177001953125,186.59950061646975,206.4894256591797,0.35097169760383196,0.34219740516373615,3114.0282006008497,0.0,34.21974051637361,1.0,0.010988898722808912,True,True,put,"UNFILTERED (control, no IV condition)"
put,2017-03-02,2017-04-07,205.1891021728516,196.66969956510374,203.42645263671875,0.36593049894517193,0.3567822364715426,3287.5200063294014,0.0,35.67822364715426,1.0,0.01085262555922508,True,True,put,"UNFILTERED (control, no IV condition)"
put,2017-04-10,2017-05-17,203.54759216308597,193.2788598038867,203.96275329589844,0.43922210378936555,0.4282415511946314,3086.902762461255,0.0,42.82415511946314,1.0,0.01387285522570802,True,True,put,"UNFILTERED (control, no IV condition)"
put,2017-05-18,2017-06-23,204.78439331054688,194.11539353103782,211.31069946289065,0.4550535502244131,0.44367721146880273,3073.155609406913,0.0,44.36772114688027,1.0,0.014437186653051643,True,True,put,"UNFILTERED (control, no IV condition)"
put,2017-06-26,2017-08-02,211.44970703125,204.10830579598488,215.0565948486328,0.31972011769304487,0.31172711475071874,3526.0267285735595,0.0,31.172711475071875,1.0,0.008840747355220042,True,True,put,"UNFILTERED (control, no IV condition)"
put,2017-08-03,2017-09-08,214.63946533203125,206.83409378940954,214.30914306640625,0.33776852748157893,0.32932431429453946,3545.184583807908,0.0,32.93243142945394,1.0,0.009289341824363058,True,True,put,"UNFILTERED (control, no IV condition)"
put,2017-09-11,2017-10-18,216.59494018554688,208.38612112433444,223.35595703125,0.35535111639098815,0.3464673384812134,3545.663631437815,0.0,34.64673384812134,1.0,0.009771579441694421,True,True,put,"UNFILTERED (control, no IV condition)"
put,2017-10-19,2017-11-24,223.4170837402344,215.6222171882759,227.4086761474609,0.33827369858553524,0.32981685612089684,3721.8367052209273,0.0,32.981685612089684,1.0,0.00886166917689418,True,True,put,"UNFILTERED (control, no IV condition)"
put,2017-11-27,2018-01-03,227.2951812744141,219.4298337679451,237.4466857910156,0.3426239063185932,0.33405830866062836,3792.7747057074457,0.0,33.405830866062836,1.0,0.00880775512866426,True,True,put,"UNFILTERED (control, no IV condition)"
put,2018-01-04,2018-02-09,238.44754028320312,230.8801023762296,229.5719451904297,0.33085260674703676,0.32258129157836085,4044.4651441245446,1.3081571857998995,-98.55758942215387,-3.0552791496345173,-0.024368510027915548,False,False,put,"UNFILTERED (control, no IV condition)"
put,2018-02-12,2018-03-21,232.94308471679688,211.4913235095372,238.3624420166016,0.9306437974707862,0.9073777025340165,2604.423343863373,0.0,90.73777025340165,1.0,0.03483986981886065,True,True,put,"UNFILTERED (control, no IV condition)"
put,2018-03-22,2018-04-27,232.4040679931641,213.0792696004921,234.9513092041016,0.8317514048084362,0.8109576196882253,2796.697282564905,0.0,81.09576196882253,1.0,0.02899697528023056,True,True,put,"UNFILTERED (control, no IV condition)"
put,2018-04-30,2018-06-06,233.1444549560547,219.75364986236946,244.5059356689453,0.5718471751115146,0.5575509957337267,3379.5636893259434,0.0,55.75509957337267,1.0,0.01649772121456692,True,True,put,"UNFILTERED (control, no IV condition)"
put,2018-06-07,2018-07-13,244.4795684814453,234.0360729913268,247.54283142089844,0.4480034586514918,0.43680337218520454,3888.9221578355746,0.0,43.68033721852046,1.0,0.011231990625091674,True,True,put,"UNFILTERED (control, no IV condition)"
put,2018-07-16,2018-08-22,247.32147216796875,235.97713195445186,253.36866760253903,0.4865410981024141,0.4743775706498537,3859.433179072672,0.0,47.43775706498537,1.0,0.01229137929429925,True,True,put,"UNFILTERED (control, no IV condition)"
put,2018-08-23,2018-09-28,253.0322113037109,241.95875310013167,258.5623779296875,0.4745546892875083,0.4626908220553206,3999.5674879218273,0.0,46.26908220553206,1.0,0.011568521432694575,True,True,put,"UNFILTERED (control, no IV condition)"
put,2018-10-01,2018-11-07,259.4606628417969,248.3733823268372,249.92637634277344,0.47687082977747863,0.4649490590330417,4126.980111243274,0.0,46.494905903304165,1.0,0.011266084315898806,True,True,put,"UNFILTERED (control, no IV condition)"
put,2018-11-08,2018-12-14,249.47276306152344,234.59781373598116,231.65838623046875,0.6339829988664434,0.6181334238947823,3563.77367106572,2.9394275055124126,-232.12940816176305,-3.7553285292218037,-0.06513584463750373,False,False,put,"UNFILTERED (control, no IV condition)"
put,2018-12-17,2019-01-23,227.11363220214844,207.06046599352922,235.64122009277344,0.8674503362962227,0.8457640778888171,2621.532430969929,0.0,84.57640778888171,1.0,0.03226220159999686,True,True,put,"UNFILTERED (control, no IV condition)"
put,2019-01-24,2019-03-01,235.7664337158203,219.86458389651153,250.8580322265625,0.6788672399417663,0.6618955589432222,3191.333248279851,0.0,66.18955589432221,1.0,0.0207404087084916,True,True,put,"UNFILTERED (control, no IV condition)"
put,2019-03-04,2019-04-10,249.94558715820312,236.7950878532295,259.0343322753906,0.5620435354969295,0.5479924471095062,3738.66105737765,0.0,54.799244710950624,1.0,0.014657451924616989,True,True,put,"UNFILTERED (control, no IV condition)"
put,2019-04-11,2019-05-17,258.9624328613281,247.04113569487222,256.8330078125,0.5099606786528135,0.4972116616864931,4036.8401067496225,0.0,49.72116616864931,1.0,0.012316852997351866,True,True,put,"UNFILTERED (control, no IV condition)"
put,2019-05-20,2019-06-26,255.134765625,240.12326460823584,262.2624816894531,0.6410394266784039,0.6250134410114437,3664.0465549247297,0.0,62.501344101144376,1.0,0.017058010362105875,True,True,put,"UNFILTERED (control, no IV condition)"
put,2019-06-27,2019-08-02,263.1925048828125,248.36177717934538,264.2038269042969,0.6320908429471714,0.6162885718734922,3842.4061844968874,0.0,61.62885718734922,1.0,0.01603913127040178,True,True,put,"UNFILTERED (control, no IV condition)"
put,2019-08-05,2019-09-11,256.25830078125,233.56913405909148,271.0927734375,0.9816545759299622,0.9571132115317131,2951.96066456232,0.0,95.71132115317131,1.0,0.032422966302419275,True,True,put,"UNFILTERED (control, no IV condition)"
put,2019-09-12,2019-10-18,272.0318298339844,258.3001860229225,270.2765197753906,0.5860004041980602,0.5713503940931087,4124.607254982811,0.0,57.13503940931087,1.0,0.013852237528867212,True,True,put,"UNFILTERED (control, no IV condition)"
put,2019-10-21,2019-11-27,272.1088256835937,258.432143112956,286.1591491699219,0.5850370911463116,0.5704111638676538,4131.54937299487,0.0,57.04111638676538,1.0,0.013806228907635568,True,True,put,"UNFILTERED (control, no IV condition)"
put,2019-11-29,2020-01-03,285.0978698730469,272.5518938654228,293.8830261230469,0.5361594921247885,0.5227555048216688,4499.635347180699,0.0,52.27555048216688,1.0,0.011617730426737971,True,True,put,"UNFILTERED (control, no IV condition)"
put,2020-01-06,2020-02-12,295.004150390625,280.3423035875375,307.5649108886719,0.6273403265348136,0.6116568183714433,4495.0640093408965,0.0,61.16568183714433,1.0,0.013607299408871587,True,True,put,"UNFILTERED (control, no IV condition)"
put,2020-02-13,2020-03-20,307.23663330078125,291.8072627940322,209.7819976806641,0.658518164302361,0.6420552101948019,4666.001136360203,82.02526511336814,-8138.320990317334,-126.75422395292358,-1.744174669589938,False,False,put,"UNFILTERED (control, no IV condition)"
put,2020-03-23,2020-04-29,204.41827392578125,162.8210256138301,268.8382568359375,2.064527611164518,2.012914420885405,1829.5016982268414,0.0,201.29144208854052,1.0,0.11002528299571014,True,True,put,"UNFILTERED (control, no IV condition)"
put,2020-04-30,2020-06-05,266.3351135253906,234.51019963472822,292.7963256835937,1.4150838916309674,1.379706794340193,2483.0726757813018,0.0,137.9706794340193,1.0,0.055564495062798216,True,True,put,"UNFILTERED (control, no IV condition)"
put,2020-06-08,2020-07-15,296.3354187011719,268.8403953575741,296.39617919921875,1.1934760888274063,1.163639186606721,3293.569958324332,0.0,116.36391866067211,1.0,0.03533063518707662,True,True,put,"UNFILTERED (control, no IV condition)"
put,2020-07-16,2020-08-21,295.4201354980469,266.1365894706615,312.6318664550781,1.2763211834680135,1.244413153881313,3104.4894226105293,0.0,124.4413153881313,1.0,0.04008430967160134,True,True,put,"UNFILTERED (control, no IV condition)"
put,2020-08-24,2020-09-30,315.7999267578125,290.3046506937757,309.6394958496094,1.0972172669239697,1.0697868352508704,3873.4496122776604,0.0,106.97868352508704,1.0,0.027618452344390143,True,True,put,"UNFILTERED (control, no IV condition)"
put,2020-10-01,2020-11-06,311.6273193359375,282.1110086582179,323.758056640625,1.2815940179632292,1.2495541675141484,3405.870735698203,0.0,124.95541675141484,1.0,0.036688244049226666,True,True,put,"UNFILTERED (control, no IV condition)"
put,2020-11-09,2020-12-16,327.8262939453125,297.47759323695703,342.2593688964844,1.3171273039773652,1.2841991213779311,3650.075720208496,0.0,128.41991213779312,1.0,0.03518280769541341,True,True,put,"UNFILTERED (control, no IV condition)"
put,2020-12-17,2021-01-22,344.1732482910156,317.2506089067332,355.52008056640625,1.1551716568434856,1.1262923654223984,4303.83026393431,0.0,112.62923654223984,1.0,0.026169534957282626,True,True,put,"UNFILTERED (control, no IV condition)"
put,2021-01-25,2021-03-03,356.9221496582031,327.0729495501927,354.1644592285156,1.2869790937369672,1.254804616393543,4279.003444002372,0.0,125.48046163935429,1.0,0.029324692835952935,True,True,put,"UNFILTERED (control, no IV condition)"
put,2021-03-04,2021-04-09,349.7817077636719,314.4374932606699,383.3370361328125,1.5431279908857434,1.5045497911135997,3611.667684084599,0.0,150.45497911135996,1.0,0.04165803508843416,True,True,put,"UNFILTERED (control, no IV condition)"
put,2021-04-12,2021-05-19,383.4768981933594,360.0679371835396,382.750244140625,0.9997576861832371,0.9747637440286562,5426.118237288075,0.0,97.47637440286562,1.0,0.01796429236152868,True,True,put,"UNFILTERED (control, no IV condition)"
put,2021-05-20,2021-06-25,386.8677673339844,358.3235396598609,398.7228393554688,1.2218100671359764,1.191264815457577,5002.059060813098,0.0,119.12648154575768,1.0,0.02381548880120447,True,True,put,"UNFILTERED (control, no IV condition)"
put,2021-06-28,2021-08-04,399.5265808105469,376.83052374774746,410.2841796875,0.9692631351178775,0.9450315567399306,5815.42906560499,0.0,94.50315567399305,1.0,0.016250418431363278,True,True,put,"UNFILTERED (control, no IV condition)"
put,2021-08-05,2021-09-10,412.8824462890625,387.4263680958867,416.3219299316406,1.0852040311024211,1.0580739303248605,5817.8484994961555,0.0,105.80739303248605,1.0,0.01818668757731476,True,True,put,"UNFILTERED (control, no IV condition)"
put,2021-09-13,2021-10-20,417.3874206542969,388.1698714544019,424.19091796875,1.2506090115447392,1.2193437862561207,5547.927871722054,0.0,121.93437862561207,1.0,0.021978364074831443,True,True,put,"UNFILTERED (control, no IV condition)"
put,2021-10-21,2021-11-26,425.2973327636719,402.5930217624503,430.3417663574219,0.9680693176511852,0.9438675847099055,6329.90231362227,0.0,94.38675847099056,1.0,0.014911250410273389,True,True,put,"UNFILTERED (control, no IV condition)"
put,2021-11-29,2022-01-05,435.62060546875,399.54320567785356,440.7076721191406,1.554683893921009,1.5158167965729838,5256.253809942656,0.0,151.5816796572984,1.0,0.02883834859164689,True,True,put,"UNFILTERED (control, no IV condition)"
put,2022-01-06,2022-02-11,440.2936706542969,409.46482523439926,414.4371948242188,1.3173684916344754,1.2844342793436134,5851.432299030537,0.0,128.44342793436135,1.0,0.02195076715757983,True,True,put,"UNFILTERED (control, no IV condition)"
put,2022-02-14,2022-03-23,413.0823669433594,371.1781332082872,418.8771667480469,1.8323799006687693,1.78657040315205,4249.8810056751745,0.0,178.657040315205,1.0,0.042038127673841054,True,True,put,"UNFILTERED (control, no IV condition)"
put,2022-03-24,2022-04-29,425.1914978027344,392.31969433895256,388.8630065917969,1.4096896917299802,1.3744474494367307,5354.094354620179,3.4566877471556836,-208.22402977189532,-1.5149653765025985,-0.03889061641063791,False,False,put,"UNFILTERED (control, no IV condition)"
put,2022-05-02,2022-06-08,391.2036437988281,346.2408001515098,388.1268005371094,1.9918418114470242,1.9420457661608486,3656.6125781311825,0.0,194.20457661608486,1.0,0.0531105148457753,True,True,put,"UNFILTERED (control, no IV condition)"
put,2022-06-09,2022-07-15,378.8960571289063,343.796831132648,365.0721740722656,1.5213966115517366,1.483361696262943,4216.3347125785895,0.0,148.3361696262943,1.0,0.03518130787476693,True,True,put,"UNFILTERED (control, no IV condition)"
put,2022-07-18,2022-08-24,362.0577392578125,329.1055183871414,392.1257629394531,1.4283657623017518,1.392656618244208,4085.19835991356,0.0,139.2656618244208,1.0,0.034090305917817795,True,True,put,"UNFILTERED (control, no IV condition)"
put,2022-08-25,2022-09-30,397.66162109375,366.7644045165965,339.9685974121094,1.3253035935611521,1.2921710037221232,4992.727864531866,26.795807104487153,-2550.363610076503,-19.73704411204192,-0.5108156661600127,False,False,put,"UNFILTERED (control, no IV condition)"
put,2022-10-03,2022-11-09,348.9442138671875,311.4532443214682,356.10186767578125,1.648556650782119,1.607342734512566,3390.521596223079,0.0,160.7342734512566,1.0,0.04740694577209267,True,True,put,"UNFILTERED (control, no IV condition)"
put,2022-11-10,2022-12-16,375.671142578125,344.18526502491915,366.47662353515625,1.355779569987476,1.321885080737789,4497.023604315693,0.0,132.1885080737789,1.0,0.029394666273692794,True,True,put,"UNFILTERED (control, no IV condition)"
put,2022-12-19,2023-01-25,363.3690185546875,333.9690282275568,382.8082275390625,1.2653991238057998,1.2337641457106547,4450.757752951747,0.0,123.37641457106547,1.0,0.027720316723425828,True,True,put,"UNFILTERED (control, no IV condition)"
put,2023-01-26,2023-03-03,387.0154418945313,361.13399768872847,386.4799499511719,1.1047004445670368,1.0770829334528609,5259.872710655629,0.0,107.7082933452861,1.0,0.02047735739442648,True,True,put,"UNFILTERED (control, no IV condition)"
put,2023-03-06,2023-04-12,386.7477111816406,360.7392823839611,391.659912109375,1.1121957214533964,1.0843908284170614,5242.550426706567,0.0,108.43908284170614,1.0,0.02068441388551962,True,True,put,"UNFILTERED (control, no IV condition)"
put,2023-04-13,2023-05-19,396.8621826171875,371.6486995584772,401.8053894042969,1.075229144653413,1.0483484160370777,5520.730188076425,0.0,104.83484160370777,1.0,0.01898930721702868,True,True,put,"UNFILTERED (control, no IV condition)"
put,2023-05-22,2023-06-28,401.9685974121094,376.9886634794167,420.4175720214844,1.0669901127360006,1.0403153599176005,5645.4100909646795,0.0,104.03153599176005,1.0,0.018427631352815204,True,True,put,"UNFILTERED (control, no IV condition)"
put,2023-06-29,2023-08-04,422.0744934082031,401.8299202720208,430.45611572265625,0.8649588397356069,0.8433348687422167,6501.366041420051,0.0,84.33348687422168,1.0,0.012971656469876485,True,True,put,"UNFILTERED (control, no IV condition)"
put,2023-08-07,2023-09-13,434.2134094238281,409.5308283758069,430.1671142578125,1.0540969957760922,1.02774457088169,6318.784540762608,0.0,102.77445708816899,1.0,0.016264909244043512,True,True,put,"UNFILTERED (control, no IV condition)"
put,2023-09-14,2023-10-20,433.8761291503906,414.22545671194877,407.20513916015625,0.841061662556605,0.8200351209926898,6794.458851262895,7.020317551792516,-620.0282430799826,-7.560996196472783,-0.09125498537160721,False,False,put,"UNFILTERED (control, no IV condition)"
put,2023-10-23,2023-11-29,406.4993896484375,376.5804730776109,439.5155334472656,1.2825969902210232,1.2505320654654977,5263.149342432643,0.0,125.05320654654977,1.0,0.023760147852606786,True,True,put,"UNFILTERED (control, no IV condition)"
put,2023-11-30,2024-01-05,441.24609375,421.0974591238369,454.2177734375,0.8621342167120076,0.8405808612942074,6894.116498513115,0.0,84.05808612942074,1.0,0.01219272783503875,True,True,put,"UNFILTERED (control, no IV condition)"
put,2024-01-08,2024-02-14,460.7021179199219,439.13651535929904,483.97021484375,0.9242822034573024,0.9011751483708698,7147.599617173242,0.0,90.11751483708697,1.0,0.012608080987156212,True,True,put,"UNFILTERED (control, no IV condition)"
put,2024-02-15,2024-03-22,487.3094482421875,463.0887146690545,507.5192260742188,1.0339530238038606,1.008104198208764,7424.92602735133,0.0,100.81041982087639,1.0,0.01357729618443595,True,True,put,"UNFILTERED (control, no IV condition)"
put,2024-03-25,2024-05-01,506.1170654296875,482.21615992663135,487.2071533203125,1.0240861061342414,0.9984839534808854,7832.099153636224,0.0,99.84839534808853,1.0,0.012748612267214686,True,True,put,"UNFILTERED (control, no IV condition)"
put,2024-05-02,2024-06-07,491.7641906738281,466.1077448555771,519.98291015625,1.0942741966747036,1.066917341757836,7376.330965827244,0.0,106.6917341757836,1.0,0.014464065491375126,True,True,put,"UNFILTERED (control, no IV condition)"
put,2024-06-10,2024-07-17,521.589599609375,497.84189058810705,544.0602416992188,1.0187719896586174,0.9933026899171519,8156.351359052421,0.0,99.33026899171519,1.0,0.012178272443041867,True,True,put,"UNFILTERED (control, no IV condition)"
put,2024-07-18,2024-08-23,539.8792114257812,509.2406366347649,549.1302490234375,1.3057958108984096,1.2731509156259493,7861.041840976584,0.0,127.31509156259493,1.0,0.01619570206317315,True,True,put,"UNFILTERED (control, no IV condition)"
put,2024-08-26,2024-10-02,547.8212280273438,515.9119052386492,557.4091186523438,1.3626333740843677,1.3285675397322585,7898.349035650645,0.0,132.85675397322586,1.0,0.016820825893304102,True,True,put,"UNFILTERED (control, no IV condition)"
put,2024-10-03,2024-11-08,556.3899536132812,515.6925213194064,586.148681640625,1.7414767744743855,1.6979398551125258,7227.849828389394,0.0,169.79398551125257,1.0,0.023491631611428806,True,True,put,"UNFILTERED (control, no IV condition)"
put,2024-11-11,2024-12-18,586.7072143554688,555.0962600527538,574.4783935546875,1.3505845665853826,1.316819952420748,8704.730852079954,0.0,131.6819952420748,1.0,0.015127635475439199,True,True,put,"UNFILTERED (control, no IV condition)"
put,2024-12-19,2025-01-24,574.302001953125,525.0528732941933,597.73681640625,2.1235466452645326,2.0704579791329194,6768.172971082625,0.0,207.04579791329195,1.0,0.03059109139171029,True,True,put,"UNFILTERED (control, no IV condition)"
put,2025-01-27,2025-03-05,589.2816162109375,551.1752035114849,573.2461547851562,1.6284227284472692,1.5877121602360875,8133.762270297103,0.0,158.77121602360876,1.0,0.019520021700586202,True,True,put,"UNFILTERED (control, no IV condition)"
put,2025-03-06,2025-04-11,563.0703125,513.267468524241,526.5321044921875,2.151674691715648,2.097882824422757,6490.910134866381,0.0,209.7882824422757,1.0,0.032320318427362466,True,True,put,"UNFILTERED (control, no IV condition)"
put,2025-04-14,2025-05-21,531.6401977539062,473.1085687220545,574.7733154296875,2.5803936992074483,2.515883856727262,5031.229437565676,0.0,251.58838567272622,1.0,0.05000534934746595,True,True,put,"UNFILTERED (control, no IV condition)"
put,2025-05-22,2025-06-27,575.0001831054688,533.3696068858355,608.1713256835938,1.7807823304762778,1.7362627722143709,7510.572317367491,0.0,173.62627722143708,1.0,0.023117582773278498,True,True,put,"UNFILTERED (control, no IV condition)"
put,2025-06-30,2025-08-06,611.0791015625,574.1803373109012,625.845458984375,1.575796175145662,1.5364012707670203,8685.345733166823,0.0,153.64012707670202,1.0,0.01768958102496655,True,True,put,"UNFILTERED (control, no IV condition)"
put,2025-08-07,2025-09-12,625.3212280273438,588.3767328030951,650.2054443359375,1.5745534436869306,1.5351896075947573,8965.49399888149,0.0,153.51896075947573,1.0,0.017123313091127867,True,True,put,"UNFILTERED (control, no IV condition)"
put,2025-09-15,2025-10-22,653.6671142578125,616.7032398676605,662.3128051757812,1.5786231917584104,1.5391576119644501,9530.870607337494,0.0,153.915761196445,1.0,0.016149181699933107,True,True,put,"UNFILTERED (control, no IV condition)"
put,2025-10-23,2025-11-28,666.2402954101562,625.1153698060198,677.7747192382812,1.7531930578718544,1.709363231425058,9383.249670931984,0.0,170.93632314250578,1.0,0.018217177325254703,True,True,put,"UNFILTERED (control, no IV condition)"
put,2025-12-01,2026-01-07,674.6802978515625,632.6788325725329,685.9347534179688,1.7940736042352796,1.7492217641293977,9468.381605541228,0.0,174.92217641293976,1.0,0.018474347961489977,True,True,put,"UNFILTERED (control, no IV condition)"
put,2026-01-08,2026-02-13,685.8651123046875,648.1446040968325,678.1461181640625,1.6078798716652187,1.5676828748735883,10102.019712795609,0.0,156.76828748735883,1.0,0.015518509361923939,True,True,put,"UNFILTERED (control, no IV condition)"
put,2026-02-17,2026-03-26,679.2402954101562,629.4423278746069,643.432373046875,2.134508163435399,2.081145459349514,8813.123700583144,0.0,208.11454593495137,1.0,0.02361416371827175,True,True,put,"UNFILTERED (control, no IV condition)"
put,2026-03-27,2026-05-01,632.4606323242188,564.1579703176648,718.7982177734375,2.998254214787778,2.9232978594180836,6111.276231770785,0.0,292.3297859418084,1.0,0.047834490678406755,True,True,put,"UNFILTERED (control, no IV condition)"
put,2026-05-04,2026-06-10,716.1649780273438,668.83628524198,723.56591796875,2.023235456498014,1.9726545700855638,9787.695739019058,0.0,197.26545700855638,1.0,0.020154432899068306,True,True,put,"UNFILTERED (control, no IV condition)"
put,2026-06-11,2026-06-16,735.8642578125,715.3429418835096,748.4019775390625,0.8002207976689419,0.7802152777272183,12743.175091123687,0.0,78.02152777272184,1.0,0.00612261286648004,True,True,put,"UNFILTERED (control, no IV condition)"
call,1994-01-27,1994-03-04,26.86382484436035,28.140145890650526,26.266069412231445,0.04059418717385732,0.039579332494510885,413.60232550764067,0.0,3.9579332494510884,1.0,0.00956941730101073,True,True,call,"UNFILTERED (control, no IV condition)"
call,1994-03-07,1994-04-13,26.40671157836914,28.14572227790301,25.224008560180664,0.05570803712173911,0.05431533619369563,359.66469523336565,0.0,5.431533619369563,1.0,0.015101659104587271,True,True,call,"UNFILTERED (control, no IV condition)"
call,1994-04-14,1994-05-20,25.23284721374512,27.09565495907356,25.78099822998047,0.05976919253072577,0.05827496271745762,324.20366601380437,0.0,5.827496271745762,1.0,0.01797480066588029,True,True,call,"UNFILTERED (control, no IV condition)"
call,1994-05-23,1994-06-29,25.736793518066406,27.342675231490237,25.48867416381836,0.05141456060028693,0.050129196585279756,359.1606186774731,0.0,5.012919658527975,1.0,0.013957319922732359,True,True,call,"UNFILTERED (control, no IV condition)"
call,1994-06-30,1994-08-05,25.3284854888916,27.050999850041336,26.076045989990234,0.05529413732878963,0.05391178389556989,339.7094520524156,0.0,5.3911783895569885,1.0,0.015869968754137445,True,True,call,"UNFILTERED (control, no IV condition)"
call,1994-08-08,1994-09-14,26.13835334777832,27.64326958250981,26.79692649841309,0.048104036791898785,0.04690143587210131,376.96558706962765,0.0,4.690143587210131,1.0,0.012441834873228986,True,True,call,"UNFILTERED (control, no IV condition)"
call,1994-09-15,1994-10-21,27.13511657714844,28.610601048954077,26.682344436645508,0.04719784821759321,0.046017902012153375,399.7556745636206,0.0,4.601790201215337,1.0,0.011511506887897769,True,True,call,"UNFILTERED (control, no IV condition)"
call,1994-10-24,1994-11-30,26.45849227905273,28.52671124882781,26.12720489501953,0.06619118202173357,0.06453640247119023,328.8015888506659,0.0,6.453640247119023,1.0,0.01962776478568088,True,True,call,"UNFILTERED (control, no IV condition)"
call,1994-12-01,1995-01-06,25.867544174194336,27.826102191490346,26.59725952148437,0.06282048118179873,0.06124996915225376,327.6200786695111,0.0,6.124996915225376,1.0,0.018695425933903175,True,True,call,"UNFILTERED (control, no IV condition)"
call,1995-01-09,1995-02-15,26.62433624267578,28.266522488449855,28.13152503967285,0.052567736030842305,0.051253542630071244,373.39345453911534,0.0,5.125354263007124,1.0,0.013726417002497859,True,True,call,"UNFILTERED (control, no IV condition)"
call,1995-02-16,1995-03-24,28.09543800354004,29.59004122284622,29.163976669311523,0.04777417077470192,0.04657981650533437,417.106419790716,0.0,4.657981650533436,1.0,0.011167369835426143,True,True,call,"UNFILTERED (control, no IV condition)"
call,1995-03-27,1995-05-03,29.28194236755371,30.892448580375955,30.36176300048828,0.051409689359523725,0.05012444712553563,429.60067078140344,0.0,5.012444712553563,1.0,0.011667683626835115,True,True,call,"UNFILTERED (control, no IV condition)"
call,1995-05-04,1995-06-09,30.34361267089844,32.09452246366021,30.81545066833496,0.056100069451774814,0.05469756771548044,437.25103091333983,0.0,5.469756771548044,1.0,0.012509419955220443,True,True,call,"UNFILTERED (control, no IV condition)"
call,1995-06-12,1995-07-19,30.987876892089844,32.70319748431693,32.28338623046875,0.0547669512954716,0.05339777751308481,453.5652563703967,0.0,5.339777751308481,1.0,0.011772898554971852,True,True,call,"UNFILTERED (control, no IV condition)"
call,1995-07-20,1995-08-25,32.40201950073242,34.291623192032404,32.88579559326172,0.06055830235936632,0.05904434480038216,464.9844553646885,0.0,5.9044344800382165,1.0,0.012698133049216352,True,True,call,"UNFILTERED (control, no IV condition)"
call,1995-08-28,1995-10-04,32.76713180541992,34.66390536447831,34.171627044677734,0.06063799692650118,0.05912204700333865,471.5774849028935,0.0,5.912204700333866,1.0,0.01253708009734879,True,True,call,"UNFILTERED (control, no IV condition)"
call,1995-10-05,1995-11-10,34.27255630493164,36.72122428638667,34.96075820922852,0.07859049734659918,0.07662573491293419,448.2469014444231,0.0,7.6625734912934185,1.0,0.01709453755642632,True,True,call,"UNFILTERED (control, no IV condition)"
call,1995-11-13,1995-12-20,34.924049377441406,37.05785081476398,35.85087966918945,0.06829398747317317,0.06658663778634384,491.75950759520504,0.0,6.658663778634384,1.0,0.013540488136561878,True,True,call,"UNFILTERED (control, no IV condition)"
call,1995-12-21,1996-01-26,36.03554534912109,37.820941477100156,36.77417755126953,0.05690393051651954,0.055481332253606554,547.7194274098754,0.0,5.5481332253606555,1.0,0.010129516952862832,True,True,call,"UNFILTERED (control, no IV condition)"
call,1996-01-29,1996-03-06,36.92190170288086,39.01157486408641,38.58381271362305,0.06676425100213867,0.0650951447270852,535.9802324097703,0.0,6.509514472708521,1.0,0.012145064461503933,True,True,call,"UNFILTERED (control, no IV condition)"
call,1996-03-07,1996-04-12,38.77766418457031,41.6787821878884,37.81852722167969,0.09306863655968423,0.09074192064569211,494.51567542416666,0.0,9.074192064569212,1.0,0.01834965505751845,True,True,call,"UNFILTERED (control, no IV condition)"
call,1996-04-15,1996-05-22,38.13384246826172,41.090240234093706,40.47081756591797,0.09462957181760245,0.09226383252216239,476.26345603425193,0.0,9.22638325221624,1.0,0.019372435855235334,True,True,call,"UNFILTERED (control, no IV condition)"
call,1996-05-23,1996-06-28,40.30388259887695,43.26119765853319,40.04197692871094,0.0948934350581756,0.0925210991817212,519.5982559300874,0.0,9.25210991817212,1.0,0.01780627593064324,True,True,call,"UNFILTERED (control, no IV condition)"
call,1996-07-01,1996-08-07,40.38691711425781,42.95943588384227,39.706356048583984,0.08238449929208036,0.08032488680977835,558.5189540076886,0.0,8.032488680977835,1.0,0.014381765602295492,True,True,call,"UNFILTERED (control, no IV condition)"
call,1996-08-08,1996-09-13,39.64108276367188,42.5266295123808,40.90899658203125,0.09259799222302956,0.09028304241745382,513.2952846442912,0.0,9.028304241745381,1.0,0.017588909370172594,True,True,call,"UNFILTERED (control, no IV condition)"
call,1996-09-16,1996-10-23,41.05818176269531,43.97922243144933,42.49709701538086,0.09358111608812436,0.09124158818592125,538.1837271970968,0.0,9.124158818592125,1.0,0.016953613343367816,True,True,call,"UNFILTERED (control, no IV condition)"
call,1996-10-24,1996-11-29,42.131595611572266,45.359582871589716,45.58945846557617,0.10351801265045601,0.10093006233419462,529.9261924631198,0.2298755939864563,-12.894553165226169,-1.2775730904168436,-0.024332734159245327,False,False,call,"UNFILTERED (control, no IV condition)"
call,1996-12-02,1997-01-08,45.60820007324219,49.374699074282326,45.013065338134766,0.12040242338597551,0.11739236280132612,547.2533376409626,0.0,11.739236280132612,1.0,0.02145119174738481,True,True,call,"UNFILTERED (control, no IV condition)"
call,1997-01-09,1997-02-14,45.38974380493164,49.70167476642259,48.93051528930664,0.13735909694859139,0.1339251195248766,510.40925961671365,0.0,13.39251195248766,1.0,0.026238771535110124,True,True,call,"UNFILTERED (control, no IV condition)"
call,1997-02-18,1997-03-27,49.3448600769043,53.82531546533397,46.58450698852539,0.14279852500257562,0.13922856187751123,552.7745188828696,0.0,13.922856187751123,1.0,0.025187225011544554,True,True,call,"UNFILTERED (control, no IV condition)"
call,1997-03-31,1997-05-07,45.601375579833984,50.26562826228582,49.30697250366211,0.1478429163517676,0.1441468434429734,517.0709669671556,0.0,14.41468434429734,1.0,0.02787757438567028,True,True,call,"UNFILTERED (control, no IV condition)"
call,1997-05-08,1997-06-13,49.64727783203125,54.444262770841654,54.27926635742188,0.15268993895362115,0.1488726904797806,559.3298967563946,0.0,14.88726904797806,1.0,0.02661625837329758,True,True,call,"UNFILTERED (control, no IV condition)"
call,1997-06-16,1997-07-23,54.29816055297852,59.24611861673981,56.88205337524414,0.15767686790193025,0.153734946204382,607.8346807878363,0.0,15.3734946204382,1.0,0.025292230118413223,True,True,call,"UNFILTERED (control, no IV condition)"
call,1997-07-24,1997-08-29,57.147743225097656,62.589899675039526,54.8891830444336,0.1733437944195373,0.16901019955904886,642.8000167063002,0.0,16.901019955904886,1.0,0.026292811942515988,True,True,call,"UNFILTERED (control, no IV condition)"
call,1997-09-02,1997-10-09,56.67328643798828,63.11786307335415,59.224212646484375,0.20294662554429976,0.19787295990569226,650.9659267241108,0.0,19.787295990569227,1.0,0.030396822903075514,True,True,call,"UNFILTERED (control, no IV condition)"
call,1997-10-10,1997-11-14,59.05279922485352,64.26367637992384,56.72877883911133,0.16673725437354125,0.16256882301420272,676.2251512914594,0.0,16.256882301420273,1.0,0.024040635386561367,True,True,call,"UNFILTERED (control, no IV condition)"
call,1997-11-17,1997-12-24,57.77645492553711,66.35726017230064,57.16491317749024,0.2639601245817582,0.25736112146721424,689.3087138697279,0.0,25.736112146721425,1.0,0.037336118968003186,True,True,call,"UNFILTERED (control, no IV condition)"
call,1997-12-26,1998-01-30,57.39436340332031,65.00902226086971,60.16749572753906,0.2373186839525987,0.23138571685378373,673.2287942940756,0.0,23.138571685378373,1.0,0.03436955145336688,True,True,call,"UNFILTERED (control, no IV condition)"
call,1998-02-02,1998-03-11,61.16201400756836,67.1920774848839,65.52252197265625,0.1914986717668743,0.18671120497270244,690.5918953461093,0.0,18.671120497270245,1.0,0.027036402574508487,True,True,call,"UNFILTERED (control, no IV condition)"
call,1998-03-12,1998-04-17,65.79029846191406,71.23649580910173,68.91387176513672,0.1743599427437541,0.17000094417516023,788.1863289370311,0.0,17.000094417516024,1.0,0.02156862380554456,True,True,call,"UNFILTERED (control, no IV condition)"
call,1998-04-20,1998-05-27,68.89469146728516,75.37269094415856,67.2835464477539,0.20617242997579588,0.20101811922640098,773.8287213642258,0.0,20.1018119226401,1.0,0.025977081707695592,True,True,call,"UNFILTERED (control, no IV condition)"
call,1998-05-28,1998-07-02,67.59042358398438,73.85841174905948,70.71092987060547,0.20016005550680394,0.19515605411913384,758.0997229025082,0.0,19.515605411913384,1.0,0.025742794545808183,True,True,call,"UNFILTERED (control, no IV condition)"
call,1998-07-06,1998-08-12,71.42283630371094,77.55242536439827,66.9204330444336,0.19573461315220175,0.1908412478233967,834.5819447878247,0.0,19.08412478233967,1.0,0.022866687808818363,True,True,call,"UNFILTERED (control, no IV condition)"
call,1998-08-13,1998-09-18,66.11227416992188,75.235904208057,63.08260345458984,0.28302111863754753,0.27594559067160884,779.9536011477309,0.0,27.594559067160883,1.0,0.03537974441884038,True,True,call,"UNFILTERED (control, no IV condition)"
call,1998-09-21,1998-10-28,63.0439682006836,74.69069149714225,65.9982681274414,0.34874414094861805,0.3400255374249026,780.9094687139128,0.0,34.002553742490264,1.0,0.04354224798745159,True,True,call,"UNFILTERED (control, no IV condition)"
call,1998-10-29,1998-12-04,67.60092163085938,76.790603840756,73.14258575439453,0.2854831379793463,0.27834605952986263,795.7406443605464,0.0,27.834605952986262,1.0,0.03497949507826639,True,True,call,"UNFILTERED (control, no IV condition)"
call,1998-12-07,1999-01-13,73.49018096923828,81.97833983571645,76.48528289794922,0.2670100000026743,0.2603347500026074,845.8168733574255,0.0,26.033475000260744,1.0,0.030779091574423476,True,True,call,"UNFILTERED (control, no IV condition)"
call,1999-01-14,1999-02-19,75.1485366821289,86.66115690792387,77.0277328491211,0.35323906487870005,0.3444080882567325,901.052377904912,0.0,34.44080882567325,1.0,0.038222871023051434,True,True,call,"UNFILTERED (control, no IV condition)"
call,1999-02-22,1999-03-31,79.08130645751953,88.58719022746526,79.77801513671875,0.2981445210628735,0.29069090803630165,914.9409930782828,0.0,29.069090803630164,1.0,0.031771547043518464,True,True,call,"UNFILTERED (control, no IV condition)"
call,1999-04-01,1999-05-07,80.38005828857422,88.44587182473134,83.8951187133789,0.2562491775945013,0.24984294815463873,909.4430130627773,0.0,24.984294815463873,1.0,0.027472083964143062,True,True,call,"UNFILTERED (control, no IV condition)"
call,1999-05-10,1999-06-16,83.47759246826172,93.817249754527,82.84644317626953,0.32353077454553514,0.31544250518189676,969.7167480634597,0.0,31.544250518189678,1.0,0.03252934486403794,True,True,call,"UNFILTERED (control, no IV condition)"
call,1999-06-17,1999-07-23,83.62322235107422,91.97155098488273,84.6158447265625,0.265296182749994,0.25866377818124414,945.5818876669516,0.0,25.866377818124413,1.0,0.02735498443391816,True,True,call,"UNFILTERED (control, no IV condition)"
call,1999-07-26,1999-09-01,83.99256134033203,93.72623564209682,83.33030700683594,0.3061169467773581,0.29846402310792414,967.1087587317606,0.0,29.846402310792413,1.0,0.0308614745149575,True,True,call,"UNFILTERED (control, no IV condition)"
call,1999-09-02,1999-10-08,82.3465576171875,91.56691117041775,83.68214416503906,0.29099536614434474,0.28372048199073613,944.0411599032511,0.0,28.372048199073614,1.0,0.030053825409457027,True,True,call,"UNFILTERED (control, no IV condition)"
call,1999-10-11,1999-11-17,83.5454330444336,91.49512115606946,88.52648162841797,0.2528801104066556,0.2465581076464892,939.6070223253436,0.0,24.65581076464892,1.0,0.026240556082297695,True,True,call,"UNFILTERED (control, no IV condition)"
call,1999-11-18,1999-12-23,89.15155029296875,97.02240499123121,91.7886962890625,0.2518462153002421,0.24555005991773604,1020.5005420249023,0.0,24.555005991773605,1.0,0.024061727535245554,True,True,call,"UNFILTERED (control, no IV condition)"
call,1999-12-27,2000-02-02,91.66143798828124,101.44260459324613,88.3913345336914,0.30928421642552983,0.3015521110148916,1044.5812570339506,0.0,30.15521110148916,1.0,0.028868229157312048,True,True,call,"UNFILTERED (control, no IV condition)"
call,2000-02-03,2000-03-10,89.7228775024414,98.70526735295866,87.80387878417969,0.28540369127013854,0.2782685989883851,1014.8795334284251,0.0,27.826859898838507,1.0,0.02741887976086672,True,True,call,"UNFILTERED (control, no IV condition)"
call,2000-03-13,2000-04-19,86.8443832397461,96.02036978523192,89.91167449951172,0.2903185335055003,0.2830605701678628,988.5097548691056,0.0,28.30605701678628,1.0,0.028635081118177183,True,True,call,"UNFILTERED (control, no IV condition)"
call,2000-04-20,2000-05-26,90.34354400634766,101.02757769588752,86.69210815429688,0.3358708992786603,0.3274741267966938,1043.0231896385446,0.0,32.74741267966938,1.0,0.031396629533249266,True,True,call,"UNFILTERED (control, no IV condition)"
call,2000-05-30,2000-07-06,89.5190200805664,99.30707676498305,91.77620697021484,0.3090370669695677,0.30131114029532846,1023.2018816793635,0.0,30.131114029532846,1.0,0.029447868078662218,True,True,call,"UNFILTERED (control, no IV condition)"
call,2000-07-07,2000-08-11,93.25208282470705,101.25749117777302,92.81912994384766,0.2564053705748677,0.24999523631049597,1089.5003448185932,0.0,24.9995236310496,1.0,0.0229458611462965,True,True,call,"UNFILTERED (control, no IV condition)"
call,2000-08-14,2000-09-20,93.99977111816406,101.74094778077387,91.4643325805664,0.24747678420398422,0.2412898645988846,1130.0067425621896,0.0,24.12898645988846,1.0,0.021352957952426133,True,True,call,"UNFILTERED (control, no IV condition)"
call,2000-09-21,2000-10-27,90.07356262207033,98.32645870783871,87.92333984375,0.26331095353027756,0.2567281796920206,1008.9374050475891,0.0,25.67281796920206,1.0,0.02544540210399984,True,True,call,"UNFILTERED (control, no IV condition)"
call,2000-10-30,2000-12-06,88.71239471435547,99.19928166682799,85.54621887207031,0.3293278056275142,0.3210946104868263,1024.1022777169626,0.0,32.10946104868263,1.0,0.031353763923135144,True,True,call,"UNFILTERED (control, no IV condition)"
call,2000-12-07,2001-01-12,84.37246704101562,94.14477115598078,83.58251190185547,0.30768289763368806,0.29999082519284587,971.4467940790926,0.0,29.99908251928459,1.0,0.030880829194277155,True,True,call,"UNFILTERED (control, no IV condition)"
call,2001-01-16,2001-02-22,84.1167984008789,93.98702212487945,79.66301727294922,0.31013170451382166,0.3023784119009761,970.1080624388921,0.0,30.23784119009761,1.0,0.031169559723149207,True,True,call,"UNFILTERED (control, no IV condition)"
call,2001-02-23,2001-03-30,79.12481689453125,88.84325427729131,74.0871353149414,0.30492913652485765,0.2973059081117362,918.1631335840867,0.0,29.73059081117362,1.0,0.03238051030770432,True,True,call,"UNFILTERED (control, no IV condition)"
call,2001-04-02,2001-05-09,72.50624084472656,83.13925853359859,79.77590942382812,0.3275291969518994,0.31934096702810194,863.3266820387963,0.0,31.934096702810194,1.0,0.03698958617541619,True,True,call,"UNFILTERED (control, no IV condition)"
call,2001-05-10,2001-06-15,80.01081085205078,88.7687886399817,77.58329010009766,0.2768188800287934,0.2698984080280736,914.6777272026244,0.0,26.989840802807358,1.0,0.029507486626301573,True,True,call,"UNFILTERED (control, no IV condition)"
call,2001-06-18,2001-07-25,77.2076644897461,85.4833482138637,75.8323745727539,0.2616097411350884,0.25506949760671116,880.3404318993081,0.0,25.506949760671116,1.0,0.02897396147719881,True,True,call,"UNFILTERED (control, no IV condition)"
call,2001-07-26,2001-08-31,76.62824249267578,84.65845841703295,72.68062591552734,0.25450042298929443,0.24813791241456207,871.3983754117857,0.0,24.813791241456208,1.0,0.028475829128933445,True,True,call,"UNFILTERED (control, no IV condition)"
call,2001-09-04,2001-10-11,72.21585845947266,80.889462805048,70.30109405517578,0.27205760034675475,0.26525616033808586,835.4202440842887,0.0,26.525616033808586,1.0,0.03175122487351685,True,True,call,"UNFILTERED (control, no IV condition)"
call,2001-10-12,2001-11-16,69.98150634765625,81.32703198736117,73.08753967285156,0.3460879868801916,0.3374357872081868,847.0138985944302,0.0,33.743578720818675,1.0,0.03983828220152486,True,True,call,"UNFILTERED (control, no IV condition)"
call,2001-11-19,2001-12-26,73.98870849609375,82.37733556989366,73.9802474975586,0.2642207573156483,0.2576152383827571,849.5348795372124,0.0,25.761523838275707,1.0,0.0303242685601201,True,True,call,"UNFILTERED (control, no IV condition)"
call,2001-12-27,2002-02-01,74.42914581298828,81.73476505587598,72.2423324584961,0.23236172563665392,0.22655268249573757,840.0029188083338,0.0,22.65526824957376,1.0,0.02697046372376128,True,True,call,"UNFILTERED (control, no IV condition)"
call,2002-02-04,2002-03-13,70.44669342041016,78.57311480310537,74.41630554199219,0.25565368877183126,0.24926234655253546,810.6573826863073,0.0,24.926234655253545,1.0,0.030748174490997045,True,True,call,"UNFILTERED (control, no IV condition)"
call,2002-03-14,2002-04-19,74.31372833251953,80.7879296274657,72.59718322753906,0.2069495852894514,0.2017758456572151,859.0320217214952,0.0,20.17758456572151,1.0,0.023488745536267376,True,True,call,"UNFILTERED (control, no IV condition)"
call,2002-04-22,2002-05-29,71.38807678222656,77.89336548029189,69.00849151611328,0.20730441396042032,0.2021218036114098,799.1458351640599,0.0,20.21218036114098,1.0,0.025292230118413292,True,True,call,"UNFILTERED (control, no IV condition)"
call,2002-05-30,2002-07-05,68.8155288696289,75.25730937917949,64.09339904785156,0.2053413538168476,0.2002078199714264,772.5938757889376,0.0,20.020781997142638,1.0,0.025913720810559534,True,True,call,"UNFILTERED (control, no IV condition)"
call,2002-07-08,2002-08-14,63.2931022644043,71.63981737838206,59.5176010131836,0.25977843523147204,0.2532839743506852,741.7265712188891,0.0,25.328397435068524,1.0,0.03414789009573438,True,True,call,"UNFILTERED (control, no IV condition)"
call,2002-08-15,2002-09-20,60.34366226196289,68.5260880711344,54.68242645263672,0.25425307524402996,0.24789674836292921,710.0505555476369,0.0,24.78967483629292,1.0,0.034912549032756576,True,True,call,"UNFILTERED (control, no IV condition)"
call,2002-09-23,2002-10-30,54.235130310058594,64.57172193295672,57.97567367553711,0.3081394140741196,0.3004359287222666,675.7608122017939,0.0,30.04359287222666,1.0,0.044458915536012354,True,True,call,"UNFILTERED (control, no IV condition)"
call,2002-10-31,2002-12-06,57.38575744628906,65.65067409933418,59.66122055053711,0.2552868192132811,0.24890464873294907,681.3972058666368,0.0,24.890464873294906,1.0,0.0365285690328564,True,True,call,"UNFILTERED (control, no IV condition)"
call,2002-12-09,2003-01-15,58.02107238769531,66.4042472143454,60.19545364379883,0.2586272315740272,0.25216155078467656,689.2586272219218,0.0,25.216155078467654,1.0,0.0365844605820926,True,True,call,"UNFILTERED (control, no IV condition)"
call,2003-01-16,2003-02-21,59.94789505004883,66.79700499065582,55.49185180664063,0.2158567945635106,0.21046037469942283,689.0160873765005,0.0,21.046037469942284,1.0,0.03054505962274006,True,True,call,"UNFILTERED (control, no IV condition)"
call,2003-02-24,2003-04-02,54.59283447265625,62.81132865497845,57.63865280151367,0.2524452845206131,0.24613415240759776,652.7267017905443,0.0,24.613415240759775,1.0,0.03770860786488563,True,True,call,"UNFILTERED (control, no IV condition)"
call,2003-04-03,2003-05-09,57.36392974853516,64.80075721789332,61.308101654052734,0.2320368260947525,0.2262359054423837,670.6311627231717,0.0,22.62359054423837,1.0,0.033734773750108464,True,True,call,"UNFILTERED (control, no IV condition)"
call,2003-05-12,2003-06-18,62.06031036376953,67.64319254818473,66.43618774414062,0.17799613483011711,0.17354623145936418,700.2726119798074,0.0,17.35462314593642,1.0,0.024782667277064442,True,True,call,"UNFILTERED (control, no IV condition)"
call,2003-06-19,2003-07-25,65.4223403930664,71.30210950032449,65.7965087890625,0.1877381272086316,0.1830446740284158,738.7743645383614,0.0,18.304467402841578,1.0,0.024776803691989917,True,True,call,"UNFILTERED (control, no IV condition)"
call,2003-07-28,2003-09-03,65.55361938476562,71.0975332800639,67.85124206542969,0.17710838394033956,0.17268067434183107,773.9490655996682,0.0,17.268067434183106,1.0,0.02231163289899902,True,True,call,"UNFILTERED (control, no IV condition)"
call,2003-09-04,2003-10-10,67.88404846191406,73.6459531392945,68.9090347290039,0.18433503996376288,0.1797266639646688,799.4631678967039,0.0,17.97266639646688,1.0,0.022480918594099723,True,True,call,"UNFILTERED (control, no IV condition)"
call,2003-10-13,2003-11-19,69.1264877319336,74.71416770816569,69.00789642333984,0.17870954930613436,0.174241810573481,841.1859380728105,0.0,17.4241810573481,1.0,0.02071382826164162,True,True,call,"UNFILTERED (control, no IV condition)"
call,2003-11-20,2003-12-26,68.3884506225586,74.43424848471012,72.63116455078125,0.19315703497709347,0.18832810910266612,782.0220371462855,0.0,18.832810910266613,1.0,0.024082199753590494,True,True,call,"UNFILTERED (control, no IV condition)"
call,2003-12-29,2004-02-04,73.59783172607422,79.39136649406801,74.71672058105469,0.18539269711172324,0.18075787968393014,910.6789456904984,0.0,18.075787968393016,1.0,0.01984869426698728,True,True,call,"UNFILTERED (control, no IV condition)"
call,2004-02-05,2004-03-12,74.93519592285156,80.95451274428407,74.53794860839844,0.19285308157967584,0.18803175454018395,915.5754117677986,0.0,18.803175454018394,1.0,0.020537003519691628,True,True,call,"UNFILTERED (control, no IV condition)"
call,2004-03-15,2004-04-21,73.6242904663086,80.80315691280099,74.85909271240234,0.22810377920185854,0.22240118472181206,830.2716876001912,0.0,22.240118472181205,1.0,0.02678655529789751,True,True,call,"UNFILTERED (control, no IV condition)"
call,2004-04-22,2004-05-28,75.90887451171875,80.94957776328823,74.98529815673828,0.1618048804494272,0.1577597584381915,1029.883140921246,0.0,15.77597584381915,1.0,0.015318219336717467,True,True,call,"UNFILTERED (control, no IV condition)"
call,2004-06-01,2004-07-08,74.88565826416016,80.50983334447415,74.3121337890625,0.18010157343001776,0.1755990340942673,952.8555606612309,0.0,17.55990340942673,1.0,0.018428714838208106,True,True,call,"UNFILTERED (control, no IV condition)"
call,2004-07-09,2004-08-13,74.50553894042969,79.75863035666143,71.47808837890625,0.16892652472890024,0.16470336161067772,981.2719733464876,0.0,16.470336161067774,1.0,0.016784680097300702,True,True,call,"UNFILTERED (control, no IV condition)"
call,2004-08-16,2004-09-22,72.2182846069336,78.06253097045877,74.69512176513672,0.18691054956398023,0.18223778582488073,878.1648343686427,0.0,18.223778582488073,1.0,0.020752116082614572,True,True,call,"UNFILTERED (control, no IV condition)"
call,2004-09-23,2004-10-29,74.2933578491211,79.28957673986196,75.79996490478516,0.16038161379186722,0.15637207344707052,1001.8824752530426,0.0,15.637207344707052,1.0,0.01560782599851106,True,True,call,"UNFILTERED (control, no IV condition)"
call,2004-11-01,2004-12-08,76.00757598876953,81.70560467254857,79.77884674072266,0.18247049575069152,0.17790873335692423,968.1395247331787,0.0,17.79087333569242,1.0,0.018376352665278924,True,True,call,"UNFILTERED (control, no IV condition)"
call,2004-12-09,2005-01-14,80.0608901977539,84.76501991780536,79.7845687866211,0.1507825754914105,0.14701301110412524,1145.5061330603453,0.0,14.701301110412523,1.0,0.012833891226000147,True,True,call,"UNFILTERED (control, no IV condition)"
call,2005-01-18,2005-02-24,80.61458587646484,85.27749238045178,81.13409423828125,0.1490656596509039,0.1453390181596313,1160.534968946567,0.0,14.53390181596313,1.0,0.012523450137099915,True,True,call,"UNFILTERED (control, no IV condition)"
call,2005-02-25,2005-04-01,81.93704223632812,86.18507302928475,79.54925537109375,0.13600827591434417,0.13260806901648556,1227.1985723325483,0.0,13.260806901648555,1.0,0.010805754831056892,True,True,call,"UNFILTERED (control, no IV condition)"
call,2005-04-04,2005-05-11,79.68474578857422,84.87857747980861,79.4205551147461,0.16636848223106337,0.16220927017528677,1090.5326736655738,0.0,16.220927017528677,1.0,0.014874315469160383,True,True,call,"UNFILTERED (control, no IV condition)"
call,2005-05-12,2005-06-17,78.54669189453125,84.29245427059973,82.54331970214844,0.18437416616900748,0.17976481201478228,1014.334081485255,0.0,17.97648120147823,1.0,0.01772244621333819,True,True,call,"UNFILTERED (control, no IV condition)"
call,2005-06-20,2005-07-27,82.5705337524414,86.98034850242935,84.19607543945312,0.14062193888068997,0.1371063904086727,1224.139839090901,0.0,13.710639040867271,1.0,0.01120022288552375,True,True,call,"UNFILTERED (control, no IV condition)"
call,2005-07-28,2005-09-02,84.72660064697266,88.8326536710331,83.16224670410156,0.1307287281876306,0.1274605099829398,1296.672761531703,0.0,12.746050998293981,1.0,0.009829813177565037,True,True,call,"UNFILTERED (control, no IV condition)"
call,2005-09-06,2005-10-13,84.1348648071289,89.17387829473418,80.2103042602539,0.16121721446213222,0.1571867841005789,1194.5146257921087,0.0,15.71867841005789,1.0,0.013159050605708985,True,True,call,"UNFILTERED (control, no IV condition)"
call,2005-10-14,2005-11-18,81.0572509765625,86.44791999275878,85.46979522705078,0.1733825744501889,0.16904801008893416,1098.9829189205152,0.0,16.904801008893415,1.0,0.015382223615903232,True,True,call,"UNFILTERED (control, no IV condition)"
call,2005-11-21,2005-12-28,85.90008544921875,90.24142080266365,86.34858703613281,0.1381192807360545,0.13466629871765315,1297.3348035116499,0.0,13.466629871765315,1.0,0.010380227089656111,True,True,call,"UNFILTERED (control, no IV condition)"
call,2005-12-29,2006-02-03,85.96405029296875,90.53711109722747,86.70564270019531,0.14617537618256193,0.14252099177799787,1276.227024611303,0.0,14.252099177799787,1.0,0.011167369835426036,True,True,call,"UNFILTERED (control, no IV condition)"
call,2006-02-06,2006-03-15,86.93225860595703,92.18151251459633,89.78881072998047,0.16797054149893675,0.16377127796146332,1230.0969090513568,0.0,16.377127796146333,1.0,0.0133136890887534,True,True,call,"UNFILTERED (control, no IV condition)"
call,2006-03-16,2006-04-21,89.97416687011719,94.90585942882647,90.41472625732422,0.15779482404083112,0.15384995343981034,1321.6990768753963,0.0,15.384995343981034,1.0,0.011640316327035962,True,True,call,"UNFILTERED (control, no IV condition)"
call,2006-04-24,2006-05-31,90.24928283691406,95.18100685062282,87.9052734375,0.15739370354882354,0.15345886096010294,1327.1591414634158,0.0,15.345886096010295,1.0,0.011562958515350975,True,True,call,"UNFILTERED (control, no IV condition)"
call,2006-06-01,2006-07-07,88.7463607788086,94.60403517135475,87.67066192626953,0.1880252841866774,0.18332465208201046,1207.4922415297572,0.0,18.332465208201047,1.0,0.015182263353490264,True,True,call,"UNFILTERED (control, no IV condition)"
call,2006-07-10,2006-08-16,87.83683776855469,93.52646888361711,89.8102798461914,0.18224033314334953,0.1776843248147658,1205.5420763463278,0.0,17.76843248147658,1.0,0.01473895671508032,True,True,call,"UNFILTERED (control, no IV condition)"
call,2006-08-17,2006-09-22,90.03878784179688,95.07641165369765,91.43633270263672,0.16128119683735065,0.15724916691641688,1312.7382923375021,0.0,15.724916691641688,1.0,0.011978714099701792,True,True,call,"UNFILTERED (control, no IV condition)"
call,2006-09-25,2006-11-01,92.13880157470705,97.32495056414972,95.18499755859376,0.16566893826741946,0.16152721481073398,1340.3138540309471,0.0,16.1527214810734,1.0,0.012051447078976804,True,True,call,"UNFILTERED (control, no IV condition)"
call,2006-11-02,2006-12-08,95.12938690185548,100.11127269302622,98.35645294189452,0.1591520692775088,0.15517326754557106,1419.9164856745926,0.0,15.517326754557107,1.0,0.010928337624860332,True,True,call,"UNFILTERED (control, no IV condition)"
call,2006-12-11,2007-01-17,98.6415786743164,103.57911720059748,100.02342224121094,0.15701654059259162,0.15309112707777683,1494.3868335659988,0.0,15.309112707777683,1.0,0.010244410860637822,True,True,call,"UNFILTERED (control, no IV condition)"
call,2007-01-18,2007-02-23,99.6877670288086,104.6614250397784,101.61801147460938,0.15857044971545697,0.15460618847257054,1511.850158326449,0.0,15.460618847257054,1.0,0.010226290457495651,True,True,call,"UNFILTERED (control, no IV condition)"
call,2007-02-26,2007-04-04,101.52706909179688,106.80581823974782,101.00293731689452,0.1681523127797604,0.1639485049602664,1519.0613175368696,0.0,16.39485049602664,1.0,0.010792750961897043,True,True,call,"UNFILTERED (control, no IV condition)"
call,2007-04-05,2007-05-11,101.27680206298828,107.3835065462824,105.92497253417967,0.19583445643687192,0.19093859502595012,1433.9594524329482,0.0,19.093859502595013,1.0,0.013315480762164605,True,True,call,"UNFILTERED (control, no IV condition)"
call,2007-05-14,2007-06-20,105.69326782226562,112.5110433904209,106.57894897460938,0.21836673267501006,0.2129075643581348,1453.378556065599,0.0,21.290756435813478,1.0,0.01464914722111292,True,True,call,"UNFILTERED (control, no IV condition)"
call,2007-06-21,2007-07-27,107.17133331298828,114.09767802637377,102.32682800292967,0.22230271826869163,0.21674515031197433,1472.4667099524142,0.0,21.674515031197434,1.0,0.014719867610384135,True,True,call,"UNFILTERED (control, no IV condition)"
call,2007-07-30,2007-09-05,103.92752075195312,113.93391144557022,104.21662139892578,0.3181346289871083,0.3101812632624306,1170.3572407819452,0.0,31.018126326243063,1.0,0.02650312677650379,True,True,call,"UNFILTERED (control, no IV condition)"
call,2007-09-06,2007-10-12,104.45638275146484,115.88523255028394,110.7617416381836,0.36124890966417844,0.352217686922574,1194.074094195097,0.0,35.2217686922574,1.0,0.029497138296095217,True,True,call,"UNFILTERED (control, no IV condition)"
call,2007-10-15,2007-11-21,109.82650756835938,119.56823867616504,100.38198852539062,0.3107467683621401,0.3029780991530866,1252.65485050193,0.0,30.29780991530866,1.0,0.024186877896308422,True,True,call,"UNFILTERED (control, no IV condition)"
call,2007-11-23,2007-12-28,102.11788177490234,113.88853010923947,104.91771697998048,0.3711408996288359,0.361862377138115,1175.0715388062063,0.0,36.1862377138115,1.0,0.030794923133424103,True,True,call,"UNFILTERED (control, no IV condition)"
call,2007-12-31,2008-02-06,104.14137268066406,114.97138982061082,94.76789855957033,0.34296426277312086,0.3343901562037928,1183.1529138264875,0.0,33.43901562037928,1.0,0.02826263218355493,True,True,call,"UNFILTERED (control, no IV condition)"
call,2008-02-07,2008-03-14,95.39466857910156,107.50733946528109,92.31765747070312,0.3786115430944843,0.3691462545171222,1111.9880201045232,0.0,36.91462545171222,1.0,0.03319696326246605,True,True,call,"UNFILTERED (control, no IV condition)"
call,2008-03-17,2008-04-23,91.38459777832033,105.26229421912548,98.57984924316406,0.42586983726926775,0.41522309133753604,1094.1452513250083,0.0,41.5223091337536,1.0,0.03794954013963882,True,True,call,"UNFILTERED (control, no IV condition)"
call,2008-04-24,2008-05-30,99.00933074951172,108.0261968902525,100.46236419677734,0.2877557583746988,0.2805618644153313,1108.3181553440581,0.0,28.056186441533132,1.0,0.025314199091887632,True,True,call,"UNFILTERED (control, no IV condition)"
call,2008-06-02,2008-07-09,99.42449188232422,108.51248729579348,89.77130889892578,0.2895733151798616,0.28233398230036505,1113.3582711879712,0.0,28.233398230036507,1.0,0.02535877170958726,True,True,call,"UNFILTERED (control, no IV condition)"
call,2008-07-10,2008-08-15,90.13819885253906,100.68588344374209,93.64159393310548,0.3318465076228634,0.3235503449322918,1039.21386893065,0.0,32.35503449322918,1.0,0.031134144241668438,True,True,call,"UNFILTERED (control, no IV condition)"
call,2008-08-18,2008-09-24,92.36111450195312,101.30168306203461,86.05097961425781,0.2841782023643109,0.2770737473052031,1040.7242053508664,0.0,27.70737473052031,1.0,0.026623167394457914,True,True,call,"UNFILTERED (control, no IV condition)"
call,2008-09-25,2008-10-31,87.39675903320312,100.7156742876674,70.06069946289062,0.4089018168042422,0.3986792713841361,1047.0246700150876,0.0,39.86792713841361,1.0,0.03807735221543454,True,True,call,"UNFILTERED (control, no IV condition)"
call,2008-11-03,2008-12-10,70.26326751708984,89.1611656511744,65.19847869873047,0.5306155475159988,0.5173501588280989,943.3466723945539,0.0,51.73501588280989,1.0,0.054841997535739186,True,True,call,"UNFILTERED (control, no IV condition)"
call,2008-12-11,2009-01-16,63.62836456298828,81.23475908384846,62.04418563842773,0.4916898096373723,0.479397564396438,860.2873472781283,0.0,47.9397564396438,1.0,0.055725283640775225,True,True,call,"UNFILTERED (control, no IV condition)"
call,2009-01-20,2009-02-26,58.76907730102539,75.61022667942763,55.15848159790039,0.4666356853228075,0.45496979318973735,801.59924611325,0.0,45.496979318973736,1.0,0.05675776211065188,True,True,call,"UNFILTERED (control, no IV condition)"
call,2009-02-27,2009-04-03,53.9257926940918,65.76994412685913,61.90056610107422,0.3457071079966427,0.33706443029672667,691.405884298264,0.0,33.70644302967267,1.0,0.04875058745541732,True,True,call,"UNFILTERED (control, no IV condition)"
call,2009-04-06,2009-05-13,61.41569137573242,73.53225457048339,65.14765167236328,0.3593585014366649,0.35037453890074827,770.3599995949087,0.0,35.03745389007483,1.0,0.04548192261864474,True,True,call,"UNFILTERED (control, no IV condition)"
call,2009-05-14,2009-06-19,65.70597076416016,75.24414774014535,67.99797821044922,0.2943736413942615,0.28701430035940495,781.142907437394,0.0,28.701430035940493,1.0,0.03674286710238205,True,True,call,"UNFILTERED (control, no IV condition)"
call,2009-06-22,2009-07-29,65.95892333984375,75.61847997350152,72.142578125,0.29758666334225037,0.2901469967586941,785.1994994108848,0.0,29.01469967586941,1.0,0.03695200990020804,True,True,call,"UNFILTERED (control, no IV condition)"
call,2009-07-30,2009-09-04,72.89613342285156,81.36007577895933,75.40064239501953,0.2664410262812522,0.2597800006242209,839.5787578520154,0.0,25.97800006242209,1.0,0.03094170715905724,True,True,call,"UNFILTERED (control, no IV condition)"
call,2009-09-08,2009-10-15,76.05076599121094,85.09995645190223,81.43843841552734,0.28403967420622944,0.2769386823510737,878.6934327541296,0.0,27.69386823510737,1.0,0.03151709936912262,True,True,call,"UNFILTERED (control, no IV condition)"
call,2009-10-16,2009-11-20,80.82970428466797,88.57998052242593,81.2305679321289,0.24711524463792855,0.24093736352198034,909.8935415764574,0.0,24.093736352198032,1.0,0.026479731145749055,True,True,call,"UNFILTERED (control, no IV condition)"
call,2009-11-23,2009-12-30,82.26239013671875,90.29516279555679,83.97398376464844,0.255218419369343,0.2488379588851094,927.835423844079,0.0,24.88379588851094,1.0,0.026819191474082602,True,True,call,"UNFILTERED (control, no IV condition)"
call,2009-12-31,2010-02-05,83.16796875,91.36619384197257,79.60062408447266,0.2606960476441138,0.25417864645301097,939.079803065027,0.0,25.417864645301098,1.0,0.027066778097389266,True,True,call,"UNFILTERED (control, no IV condition)"
call,2010-02-08,2010-03-17,79.02598571777344,88.77177691411973,87.39203643798828,0.30505538395744924,0.297428999358513,917.4606690770485,0.0,29.7428999358513,1.0,0.032418719339513714,True,True,call,"UNFILTERED (control, no IV condition)"
call,2010-03-18,2010-04-23,87.34725952148438,93.93319864886713,91.2814712524414,0.21125597576602395,0.20597457637187336,1108.948735328599,0.0,20.597457637187336,1.0,0.01857385917040068,True,True,call,"UNFILTERED (control, no IV condition)"
call,2010-04-26,2010-06-02,90.93677520751952,98.25396619711778,82.67864990234375,0.23404733607368833,0.22819615267184612,1109.8360204577489,0.0,22.819615267184613,1.0,0.020561249451763807,True,True,call,"UNFILTERED (control, no IV condition)"
call,2010-06-03,2010-07-09,82.96338653564453,94.22517812149265,81.28755950927734,0.3499024665560695,0.34115490489216777,976.3672717041433,0.0,34.115490489216775,1.0,0.034941247497646946,True,True,call,"UNFILTERED (control, no IV condition)"
call,2010-07-12,2010-08-18,81.3402328491211,90.55059701864835,82.6654052734375,0.29012872011040347,0.2828755021076434,933.7935203972478,0.0,28.28755021076434,1.0,0.030293153243053615,True,True,call,"UNFILTERED (control, no IV condition)"
call,2010-08-19,2010-09-24,81.227294921875,91.06304405633689,86.91556549072266,0.3086405006350015,0.3009244881191264,940.7228893752815,0.0,30.092448811912643,1.0,0.03198864315069078,True,True,call,"UNFILTERED (control, no IV condition)"
call,2010-09-27,2010-11-03,86.49919891357422,95.51100572253259,90.79881286621094,0.28535575515688905,0.27822186127796683,982.9322433531227,0.0,27.822186127796684,1.0,0.02830529399756545,True,True,call,"UNFILTERED (control, no IV condition)"
call,2010-11-04,2010-12-10,92.54741668701172,100.32246580139345,94.22792053222656,0.24881539437631695,0.24259500951690902,1097.7029232537523,0.0,24.259500951690903,1.0,0.022100242641043707,True,True,call,"UNFILTERED (control, no IV condition)"
call,2010-12-13,2011-01-19,94.28843688964844,101.91002491017112,97.59225463867188,0.2437595864362745,0.2376655967753676,1147.376495418238,0.0,23.766559677536762,1.0,0.02071382826164088,True,True,call,"UNFILTERED (control, no IV condition)"
call,2011-01-20,2011-02-25,97.46290588378906,105.41572586683807,100.69690704345705,0.25470474036842106,0.24833712185921053,1178.8098315568013,0.0,24.83371218592105,1.0,0.021066767107909407,True,True,call,"UNFILTERED (control, no IV condition)"
call,2011-02-28,2011-04-06,101.32090759277344,109.88499693950187,102.15082550048828,0.27359649865895896,0.266756586192485,1196.6848758018739,0.0,26.675658619248498,1.0,0.022291297532588676,True,True,call,"UNFILTERED (control, no IV condition)"
call,2011-04-07,2011-05-13,101.89102172851562,109.79880923679532,102.44126892089844,0.253537320543483,0.2471988875298959,1271.7615724953325,0.0,24.71988875298959,1.0,0.019437518232671962,True,True,call,"UNFILTERED (control, no IV condition)"
call,2011-05-16,2011-06-22,101.79164123535156,110.3437298669093,98.82472229003906,0.27325888474774906,0.26642741262905534,1207.2667028141632,0.0,26.642741262905535,1.0,0.022068645810242895,True,True,call,"UNFILTERED (control, no IV condition)"
call,2011-06-23,2011-07-29,98.5405502319336,107.1660305212056,99.3316421508789,0.27567128260746543,0.2687795005422788,1135.1409257656994,0.0,26.877950054227878,1.0,0.023678073307151347,True,True,call,"UNFILTERED (control, no IV condition)"
call,2011-08-01,2011-09-07,98.90921783447266,109.74296481458873,92.38845825195312,0.342014442857284,0.3334640817858519,1130.7760563244726,0.0,33.34640817858519,1.0,0.02948984283145853,True,True,call,"UNFILTERED (control, no IV condition)"
call,2011-09-08,2011-10-14,91.42841339111328,106.05240348824255,94.62667083740234,0.44647077542167324,0.4353090060361314,1104.0549354860386,0.0,43.53090060361314,1.0,0.039428201626986535,True,True,call,"UNFILTERED (control, no IV condition)"
call,2011-10-17,2011-11-23,92.82014465332033,107.4598057537899,89.98682403564453,0.4473315207508488,0.4361482327320776,1118.2128808111067,0.0,43.61482327320776,1.0,0.039004042988282625,True,True,call,"UNFILTERED (control, no IV condition)"
call,2011-11-25,2011-12-30,89.81694793701172,104.01954981342844,97.50318908691406,0.4345387553769875,0.4236752864925628,1082.5630267835409,0.0,42.36752864925628,1.0,0.03913631594747572,True,True,call,"UNFILTERED (control, no IV condition)"
call,2012-01-03,2012-02-09,99.05699920654295,109.58006483992197,105.16358947753906,0.33283247919927206,0.32451166721929026,1128.2518151211489,0.0,32.45116672192903,1.0,0.02876234390852232,True,True,call,"UNFILTERED (control, no IV condition)"
call,2012-02-10,2012-03-16,104.3866958618164,114.09075327088301,109.47924041748048,0.30985308137909584,0.3021067543446184,1171.1182081432921,0.0,30.21067543446184,1.0,0.025796435598382753,True,True,call,"UNFILTERED (control, no IV condition)"
call,2012-03-19,2012-04-25,109.90843200683594,117.53347851024866,108.61306762695312,0.24429906554250458,0.23819158890394196,1459.4831486858411,0.0,23.819158890394196,1.0,0.01632026989269566,True,True,call,"UNFILTERED (control, no IV condition)"
call,2012-04-26,2012-06-01,109.3700180053711,117.42948351769091,100.00613403320312,0.25859765136371315,0.2521327100796203,1406.6670798834023,0.0,25.213271007962028,1.0,0.017924121043660125,True,True,call,"UNFILTERED (control, no IV condition)"
call,2012-06-04,2012-07-11,99.95929718017578,112.0964624425561,105.23053741455078,0.38037612751250194,0.37086672432468937,1158.05129685803,0.0,37.08667243246894,1.0,0.03202506877984658,True,True,call,"UNFILTERED (control, no IV condition)"
call,2012-07-12,2012-08-17,104.72064971923828,113.42769887881681,111.5210952758789,0.27872268899696984,0.27175462177204557,1250.883540604117,0.0,27.175462177204558,1.0,0.021725013796312413,True,True,call,"UNFILTERED (control, no IV condition)"
call,2012-08-20,2012-09-26,111.52897644042967,118.75326582409988,112.99176025390624,0.23139582819678672,0.22561093249186706,1530.7116836907592,0.0,22.561093249186705,1.0,0.0147389567150809,True,True,call,"UNFILTERED (control, no IV condition)"
call,2012-09-27,2012-11-02,114.0562515258789,121.74683019944,111.6274642944336,0.24687298009261127,0.24070115559029598,1536.1372787204987,0.0,24.0701155590296,1.0,0.015669247724447142,True,True,call,"UNFILTERED (control, no IV condition)"
call,2012-11-05,2012-12-12,111.856201171875,121.34701656020688,113.16520690917967,0.3031696028274329,0.29559036275674705,1317.6015208799865,0.0,29.559036275674703,1.0,0.022433972492634274,True,True,call,"UNFILTERED (control, no IV condition)"
call,2012-12-13,2013-01-18,112.47128295898438,120.92116827075552,117.7956085205078,0.2710591362905035,0.2642826578832409,1430.8653937908978,0.0,26.42826578832409,1.0,0.018470127171295776,True,True,call,"UNFILTERED (control, no IV condition)"
call,2013-01-22,2013-02-28,118.43092346191406,125.26012347707957,120.40040588378906,0.21830136005966772,0.212843826058176,1706.9828503275478,0.0,21.2843826058176,1.0,0.012469007876519325,True,True,call,"UNFILTERED (control, no IV condition)"
call,2013-03-01,2013-04-05,120.79745483398438,129.09095483669748,123.7676239013672,0.2667363121153805,0.260067904312496,1612.6058868396271,0.0,26.0067904312496,1.0,0.01612718311615339,True,True,call,"UNFILTERED (control, no IV condition)"
call,2013-04-08,2013-05-15,124.60525512695312,132.21285759891072,132.51019287109375,0.2434841838593904,0.23739707926290565,1755.084563269594,0.2973352721830338,-5.993819292012814,-0.25248075126379094,-0.003415117093188244,False,False,call,"UNFILTERED (control, no IV condition)"
call,2013-05-16,2013-06-21,131.88795471191406,139.74750203412094,127.55802917480467,0.2519935396914388,0.24569370119915282,1876.3737321375086,0.0,24.56937011991528,1.0,0.013094070599638267,True,True,call,"UNFILTERED (control, no IV condition)"
call,2013-06-24,2013-07-31,125.94615936279295,137.6233285302917,135.2882843017578,0.3718621876948056,0.36256563300243544,1412.4898486031607,0.0,36.25656330024354,1.0,0.02566854787388269,True,True,call,"UNFILTERED (control, no IV condition)"
call,2013-08-01,2013-09-06,136.8519744873047,144.9290730502327,133.14723205566406,0.25892064079768673,0.2524476247777446,1954.5743959310685,0.0,25.244762477774458,1.0,0.012915733742510746,True,True,call,"UNFILTERED (control, no IV condition)"
call,2013-09-09,2013-10-16,134.4222412109375,144.10765408260534,138.65518188476562,0.3102699410851262,0.302513192557998,1750.1548563077665,0.0,30.251319255799803,1.0,0.017284938613729206,True,True,call,"UNFILTERED (control, no IV condition)"
call,2013-10-17,2013-11-22,139.58192443847656,148.15218764968122,145.69796752929688,0.2749151685001454,0.2680422892876418,1961.4163965778296,0.0,26.80422892876418,1.0,0.013665751431226286,True,True,call,"UNFILTERED (control, no IV condition)"
call,2013-11-25,2013-12-31,145.55294799804688,154.0476215129653,149.63246154785156,0.27224300368560783,0.2654369285934676,2088.1353013284424,0.0,26.543692859346763,1.0,0.01271167287026853,True,True,call,"UNFILTERED (control, no IV condition)"
call,2014-01-02,2014-02-07,148.19847106933594,157.78948970913524,145.57345581054688,0.30782898302996387,0.30013325845421474,2034.88088325221,0.0,30.013325845421473,1.0,0.014749426412347656,True,True,call,"UNFILTERED (control, no IV condition)"
call,2014-02-10,2014-03-19,145.84088134765625,156.10412580731116,151.2285614013672,0.3288156256743804,0.32059523503252085,1922.5527044908858,0.0,32.05952350325209,1.0,0.016675497856763213,True,True,call,"UNFILTERED (control, no IV condition)"
call,2014-03-20,2014-04-25,152.11167907714844,162.15176049026906,151.5948944091797,0.32227621995542677,0.3142193144565411,2069.6473716765613,0.0,31.42193144565411,1.0,0.015182263353491042,True,True,call,"UNFILTERED (control, no IV condition)"
call,2014-04-28,2014-06-04,152.07505798339844,161.89153950052318,157.20986938476562,0.314414435582945,0.30655407469337137,2090.5084154248316,0.0,30.65540746933714,1.0,0.014664091875041493,True,True,call,"UNFILTERED (control, no IV condition)"
call,2014-06-05,2014-07-11,158.23519897460938,166.70119338212655,160.7594757080078,0.27066488875688677,0.2638982665379646,2344.494365394267,0.0,26.38982665379646,1.0,0.011256084485986197,True,True,call,"UNFILTERED (control, no IV condition)"
call,2014-07-14,2014-08-20,161.5690460205078,170.4481807430161,162.6483612060547,0.2834272831709139,0.2763416010916411,2371.101608268491,0.0,27.634160109164107,1.0,0.011654565967480445,True,True,call,"UNFILTERED (control, no IV condition)"
call,2014-08-21,2014-09-26,163.12257385253906,171.90698662141745,162.57070922851562,0.2809070248053658,0.27388434918523163,2411.398635081466,0.0,27.388434918523163,1.0,0.011357904296731046,True,True,call,"UNFILTERED (control, no IV condition)"
call,2014-09-29,2014-11-05,162.27496337890625,174.22561415024765,166.21803283691406,0.38277204265815357,0.3732027415916997,2087.7544646031547,0.0,37.32027415916997,1.0,0.017875796599608227,True,True,call,"UNFILTERED (control, no IV condition)"
call,2014-11-06,2014-12-12,166.8834991455078,177.27008012036092,165.02694702148438,0.3332387098965057,0.32490774214909307,2331.502659639755,0.0,32.49077421490931,1.0,0.013935550997797069,True,True,call,"UNFILTERED (control, no IV condition)"
call,2014-12-15,2015-01-21,163.89328002929688,179.3268276046285,167.74673461914062,0.49116526106724834,0.47888612954056714,1841.1568890003416,0.0,47.88861295405671,1.0,0.026010066409961344,True,True,call,"UNFILTERED (control, no IV condition)"
call,2015-01-22,2015-02-27,170.2412567138672,182.90877365632096,174.00784301757812,0.40640573256913726,0.3962455892549088,2177.697998957458,0.0,39.62455892549088,1.0,0.018195617089449768,True,True,call,"UNFILTERED (control, no IV condition)"
call,2015-03-02,2015-04-08,175.1065216064453,185.68002570849885,172.56105041503906,0.33834088433789233,0.329882362229445,2477.768258146498,0.0,32.9882362229445,1.0,0.013313689088753381,True,True,call,"UNFILTERED (control, no IV condition)"
call,2015-04-09,2015-05-15,173.32435607910156,183.6684647392247,176.261474609375,0.33166280345792387,0.3233712333714758,2464.4133789068646,0.0,32.337123337147574,1.0,0.013121631141075566,True,True,call,"UNFILTERED (control, no IV condition)"
call,2015-05-18,2015-06-24,176.80909729003906,187.2408282873641,175.50143432617188,0.33364389144868767,0.3253027941624705,2525.539125484524,0.0,32.53027941624705,1.0,0.012880528790068188,True,True,call,"UNFILTERED (control, no IV condition)"
call,2015-06-25,2015-07-31,174.96783447265625,186.12071605792983,175.50143432617188,0.35791512793394986,0.3489672497356011,2418.9652558993275,0.0,34.89672497356011,1.0,0.014426302688083108,True,True,call,"UNFILTERED (control, no IV condition)"
call,2015-08-03,2015-09-09,174.90945434570312,185.09663433839344,162.4034423828125,0.3257237681449858,0.3175806739413612,2511.229155039167,0.0,31.75806739413612,1.0,0.01264642349759626,True,True,call,"UNFILTERED (control, no IV condition)"
call,2015-09-10,2015-10-16,163.28721618652344,181.44661660149495,170.35455322265625,0.5733755204470228,0.5590411324358472,1870.3702792585343,0.0,55.90411324358472,1.0,0.02988932932881431,True,True,call,"UNFILTERED (control, no IV condition)"
call,2015-10-19,2015-11-25,170.4384002685547,182.21651595485912,175.4249267578125,0.37736022451650797,0.3679262189035953,2267.7490586310105,0.0,36.79262189035953,1.0,0.016224291550393326,True,True,call,"UNFILTERED (control, no IV condition)"
call,2015-11-27,2015-12-31,175.62600708007812,187.30780454597064,171.8742218017578,0.3764703888314962,0.3670586291107088,2381.046257923382,0.0,36.70586291107088,1.0,0.015415854601280917,True,True,call,"UNFILTERED (control, no IV condition)"
call,2016-01-04,2016-02-10,169.4715576171875,185.65320785568662,156.1934051513672,0.5146602169523256,0.5017937115285174,1906.711449709718,0.0,50.179371152851736,1.0,0.02631723387431861,True,True,call,"UNFILTERED (control, no IV condition)"
call,2016-02-11,2016-03-18,154.16160583496094,174.09512417007065,173.1929473876953,0.6220907796086887,0.6065385101184715,1801.6050927125536,0.0,60.65385101184715,1.0,0.033666562809569325,True,True,call,"UNFILTERED (control, no IV condition)"
call,2016-03-21,2016-04-27,173.43861389160156,184.49389025108277,177.40455627441406,0.3540462457639677,0.3451950896198685,2397.764150845897,0.0,34.51950896198685,1.0,0.014396540606301442,True,True,call,"UNFILTERED (control, no IV condition)"
call,2016-04-28,2016-06-03,175.79446411132812,187.9457212419646,178.19261169433594,0.39005738964569403,0.38030595490455166,2338.7941646533695,0.0,38.03059549045516,1.0,0.016260770642076424,True,True,call,"UNFILTERED (control, no IV condition)"
call,2016-06-06,2016-07-13,179.0993194580078,190.40291234732592,183.07171630859372,0.36195597415170866,0.35290707479791594,2486.917807708137,0.0,35.29070747979159,1.0,0.01419054034291321,True,True,call,"UNFILTERED (control, no IV condition)"
call,2016-07-14,2016-08-19,184.0938873291016,194.86212877042703,186.15524291992188,0.34512450264060135,0.3364963900745863,2638.703241456946,0.0,33.64963900745863,1.0,0.012752339284988774,True,True,call,"UNFILTERED (control, no IV condition)"
call,2016-08-22,2016-09-28,186.1467437744141,196.74827674188833,185.46902465820312,0.33877464564319837,0.3303052795021184,2695.81210669107,0.0,33.03052795021184,1.0,0.012252533427025305,True,True,call,"UNFILTERED (control, no IV condition)"
call,2016-09-29,2016-11-04,183.79098510742188,195.51441536875006,178.5430450439453,0.37622733549416765,0.36682165210681345,2540.1588412263004,0.0,36.68216521068135,1.0,0.014440894252491893,True,True,call,"UNFILTERED (control, no IV condition)"
call,2016-11-07,2016-12-14,182.48117065429688,198.20960182958882,193.3794708251953,0.5021858653193689,0.4896312186863847,2125.7434174253817,0.0,48.96312186863847,1.0,0.023033411025654597,True,True,call,"UNFILTERED (control, no IV condition)"
call,2016-12-15,2017-01-20,194.1756591796875,205.50802208928414,195.2598571777344,0.36318717981871984,0.35410750032325183,2785.6876426664116,0.0,35.41075003232518,1.0,0.012711672870268625,True,True,call,"UNFILTERED (control, no IV condition)"
call,2017-01-23,2017-03-01,194.75177001953125,205.41134475668775,206.4894256591797,0.34021407597306563,0.33170872407373897,2862.2487990823493,1.0780809024919336,-74.63721784181946,-2.2500830525406252,-0.02607642559436081,False,False,call,"UNFILTERED (control, no IV condition)"
call,2017-03-02,2017-04-07,205.1891021728516,216.28364220775296,203.42645263671875,0.3548276310718421,0.34595694029504603,3028.9237339963997,0.0,34.59569402950461,1.0,0.011421777855020012,True,True,call,"UNFILTERED (control, no IV condition)"
call,2017-04-10,2017-05-17,203.54759216308597,216.75984377169414,203.96275329589844,0.4231994610410368,0.41261947451501085,2790.9886298524034,0.0,41.26194745150109,1.0,0.01478398980567798,True,True,call,"UNFILTERED (control, no IV condition)"
call,2017-05-18,2017-06-23,204.78439331054688,218.42856009560023,211.31069946289065,0.43797748637313205,0.4270280492138037,2773.973992626982,0.0,42.70280492138037,1.0,0.015394089863452674,True,True,call,"UNFILTERED (control, no IV condition)"
call,2017-06-26,2017-08-02,211.44970703125,221.28255331374274,215.0565948486328,0.3114571474499712,0.3036707187637219,3276.076584252098,0.0,30.367071876372194,1.0,0.009269341267034131,True,True,call,"UNFILTERED (control, no IV condition)"
call,2017-08-03,2017-09-08,214.63946533203125,224.9670968328386,214.30914306640625,0.3286929419636948,0.3204756184146024,3292.073718401352,0.0,32.047561841460244,1.0,0.00973476434088563,True,True,call,"UNFILTERED (control, no IV condition)"
call,2017-09-11,2017-10-18,216.59494018554688,227.4557300037963,223.35595703125,0.34540814385714924,0.3367729402607205,3279.497115912067,0.0,33.677294026072055,1.0,0.010269042123156739,True,True,call,"UNFILTERED (control, no IV condition)"
call,2017-10-19,2017-11-24,223.4170837402344,233.79057359552158,227.4086761474609,0.3295196653582728,0.321281673724316,3463.120856648402,0.0,32.1281673724316,1.0,0.009277229615233569,True,True,call,"UNFILTERED (control, no IV condition)"
call,2017-11-27,2018-01-03,227.2951812744141,237.83504508932148,237.4466857910156,0.3337954874473219,0.32545060026113887,3524.462304023657,0.0,32.54506002611389,1.0,0.00923404968438994,True,True,call,"UNFILTERED (control, no IV condition)"
call,2018-01-04,2018-02-09,238.44754028320312,248.66715403227803,229.5719451904297,0.3229892949395179,0.31491456256602995,3778.4808870131747,0.0,31.491456256602994,1.0,0.008334422536009295,True,True,call,"UNFILTERED (control, no IV condition)"
call,2018-02-12,2018-03-21,232.94308471679688,260.6493935900111,238.3624420166016,0.8696835875601288,0.8479414978711255,2691.2880856872234,0.0,84.79414978711254,1.0,0.03150690193222487,True,True,call,"UNFILTERED (control, no IV condition)"
call,2018-03-22,2018-04-27,232.4040679931641,257.11936911223495,234.9513092041016,0.7826095253450731,0.7630442872114462,2647.4981198434944,0.0,76.30442872114462,1.0,0.028821334432394353,True,True,call,"UNFILTERED (control, no IV condition)"
call,2018-04-30,2018-06-06,233.1444549560547,250.26116513429724,244.5059356689453,0.5482530229624984,0.534546697388436,3004.672751035682,0.0,53.4546697388436,1.0,0.017790513033546927,True,True,call,"UNFILTERED (control, no IV condition)"
call,2018-06-07,2018-07-13,244.4795684814453,258.0403958990852,247.54283142089844,0.43404782718392454,0.4231966315043264,3575.8282910153516,0.0,42.31966315043264,1.0,0.011834925982538168,True,True,call,"UNFILTERED (control, no IV condition)"
call,2018-07-16,2018-08-22,247.32147216796875,262.0237158807862,253.36866760253903,0.47030760735701094,0.45854991717308563,3522.0600637949387,0.0,45.854991717308565,1.0,0.013019366758868067,True,True,call,"UNFILTERED (control, no IV condition)"
call,2018-08-23,2018-09-28,253.0322113037109,267.37763500768153,258.5623779296875,0.4594361966025673,0.4479502916875031,3670.8968848459067,0.0,44.79502916875031,1.0,0.012202747877139205,True,True,call,"UNFILTERED (control, no IV condition)"
call,2018-10-01,2018-11-07,259.4606628417969,273.9265573386726,249.92637634277344,0.4619731364362387,0.4504238080253327,3787.6661879509006,0.0,45.04238080253327,1.0,0.011891855978707793,True,True,call,"UNFILTERED (control, no IV condition)"
call,2018-11-08,2018-12-14,249.47276306152344,268.3952935302266,231.65838623046875,0.6069213309977641,0.59174829772282,3156.377044132437,0.0,59.174829772282,1.0,0.018747706292657703,True,True,call,"UNFILTERED (control, no IV condition)"
call,2018-12-17,2019-01-23,227.11363220214844,252.92880465706094,235.64122009277344,0.8129711788258689,0.7926468993552221,2608.5527365061316,0.0,79.26468993552221,1.0,0.030386462510889663,True,True,call,"UNFILTERED (control, no IV condition)"
call,2019-01-24,2019-03-01,235.7664337158203,255.97187560608515,250.8580322265625,0.6462199056959221,0.630064408053524,2757.7909260952756,0.0,63.006440805352405,1.0,0.022846706836679057,True,True,call,"UNFILTERED (control, no IV condition)"
call,2019-03-04,2019-04-10,249.94558715820312,266.82267615326,259.0343322753906,0.540710180773118,0.52719242625379,3363.922086283757,0.0,52.719242625379,1.0,0.015671957100415426,True,True,call,"UNFILTERED (control, no IV condition)"
call,2019-04-11,2019-05-17,258.9624328613281,274.33770268939327,256.8330078125,0.4929290367298762,0.4806058108116293,3689.782255501212,0.0,48.06058108116293,1.0,0.013025316333913173,True,True,call,"UNFILTERED (control, no IV condition)"
call,2019-05-20,2019-06-26,255.134765625,274.30792559878194,262.2624816894531,0.6139729173391615,0.5986235944056825,3245.241674562375,0.0,59.86235944056825,1.0,0.018446194596166945,True,True,call,"UNFILTERED (control, no IV condition)"
call,2019-06-27,2019-08-02,263.1925048828125,282.09111864979997,264.2038269042969,0.6065327118663077,0.5913693940696501,3433.125660364469,0.0,59.136939406965006,1.0,0.017225393200634227,True,True,call,"UNFILTERED (control, no IV condition)"
call,2019-08-05,2019-09-11,256.25830078125,285.4727379678372,271.0927734375,0.9198325545716095,0.8968367407073192,2944.4110537491038,0.0,89.68367407073193,1.0,0.03045895169987837,True,True,call,"UNFILTERED (control, no IV condition)"
call,2019-09-12,2019-10-18,272.0318298339844,289.6249581153336,270.2765197753906,0.5646584171526214,0.5505419567238059,3736.377964217147,0.0,55.05419567238059,1.0,0.014734643068669217,True,True,call,"UNFILTERED (control, no IV condition)"
call,2019-10-21,2019-11-27,272.1088256835937,289.71020822164957,286.1591491699219,0.5637697391983671,0.5496754957184079,3737.005809438128,0.0,54.96754957184079,1.0,0.014708981568349598,True,True,call,"UNFILTERED (control, no IV condition)"
call,2019-11-29,2020-01-03,285.0978698730469,301.26592498384423,293.8830261230469,0.5190330239660099,0.5060571983668597,4135.757606217889,0.0,50.60571983668597,1.0,0.012236142601926911,True,True,call,"UNFILTERED (control, no IV condition)"
call,2020-01-06,2020-02-12,295.004150390625,313.8876976798274,307.5649108886719,0.6047750827816287,0.589655705712088,4070.6938494634696,0.0,58.9655705712088,1.0,0.014485385723365232,True,True,call,"UNFILTERED (control, no IV condition)"
call,2020-02-13,2020-03-20,307.23663330078125,327.0112161472206,209.7819976806641,0.6346510083966521,0.6187847331867358,4229.1528546903655,0.0,61.87847331867358,1.0,0.014631410933763463,True,True,call,"UNFILTERED (control, no IV condition)"
call,2020-03-23,2020-04-29,204.41827392578125,269.1479213228606,268.8382568359375,1.7538483709340582,1.7100021616607066,2862.479429394677,0.0,171.00021616607066,1.0,0.05973849607793749,True,True,call,"UNFILTERED (control, no IV condition)"
call,2020-04-30,2020-06-05,266.3351135253906,308.7064366039466,292.7963256835937,1.2944243238124429,1.2620637157171317,3213.2707376111794,0.0,126.20637157171318,1.0,0.039276606883594856,True,True,call,"UNFILTERED (control, no IV condition)"
call,2020-06-08,2020-07-15,296.3354187011719,331.8696240221099,296.39617919921875,1.1147093465430515,1.0868416128794751,3427.380401509047,0.0,108.68416128794752,1.0,0.031710562749350725,True,True,call,"UNFILTERED (control, no IV condition)"
call,2020-07-16,2020-08-21,295.4201354980469,333.41791608445413,312.6318664550781,1.1863930676182086,1.1567332409277533,3449.852484937317,0.0,115.67332409277533,1.0,0.03352993340956638,True,True,call,"UNFILTERED (control, no IV condition)"
call,2020-08-24,2020-09-30,315.7999267578125,348.44585626221345,309.6394958496094,1.034174878920247,1.0083205069472407,3585.290613316859,0.0,100.83205069472407,1.0,0.02812381521325027,True,True,call,"UNFILTERED (control, no IV condition)"
call,2020-10-01,2020-11-06,311.6273193359375,349.75163364357815,323.758056640625,1.1953442623235908,1.165460655765501,3614.062402012332,0.0,116.54606557655009,1.0,0.032247939468797365,True,True,call,"UNFILTERED (control, no IV condition)"
call,2020-11-09,2020-12-16,327.8262939453125,367.0410118765941,342.2593688964844,1.2303952136633036,1.199635333321721,3790.3736520981133,0.0,119.96353333217209,1.0,0.03164952702374548,True,True,call,"UNFILTERED (control, no IV condition)"
call,2020-12-17,2021-01-22,344.1732482910156,378.5008710186324,355.52008056640625,1.0909287431692505,1.0636555245900192,3891.374262645326,0.0,106.36555245900192,1.0,0.02733367321669426,True,True,call,"UNFILTERED (control, no IV condition)"
call,2021-01-25,2021-03-03,356.9221496582031,395.21379165798976,354.1644592285156,1.2104044486532857,1.1801443374369536,4070.152350323593,0.0,118.01443374369536,1.0,0.028995090007948414,True,True,call,"UNFILTERED (control, no IV condition)"
call,2021-03-04,2021-04-09,349.7817077636719,395.741244845552,383.3370361328125,1.4322680015603808,1.3964613015213712,4097.058578607657,0.0,139.64613015213712,1.0,0.03408448463033555,True,True,call,"UNFILTERED (control, no IV condition)"
call,2021-04-12,2021-05-19,383.4768981933594,413.34722190505585,382.750244140625,0.9560263733819738,0.9321257140474245,4775.7181641022835,0.0,93.21257140474245,1.0,0.01951802183499748,True,True,call,"UNFILTERED (control, no IV condition)"
call,2021-05-20,2021-06-25,386.8677673339844,423.18957652750277,398.7228393554688,1.1576618619985908,1.128720315448626,4344.7677968198905,0.0,112.87203154486261,1.0,0.025978840946915084,True,True,call,"UNFILTERED (control, no IV condition)"
call,2021-06-28,2021-08-04,399.5265808105469,428.54945139657923,410.2841796875,0.9296897905402162,0.9064475457767107,5178.889312185374,0.0,90.64475457767107,1.0,0.017502740281471862,True,True,call,"UNFILTERED (control, no IV condition)"
call,2021-08-05,2021-09-10,412.8824462890625,445.2437198406901,416.3219299316406,1.0373648843682304,1.0114307622590246,5122.664646844391,0.0,101.14307622590246,1.0,0.019744231410542858,True,True,call,"UNFILTERED (control, no IV condition)"
call,2021-09-13,2021-10-20,417.3874206542969,454.64337053695505,424.19091796875,1.1881470349277237,1.1584433590545304,4737.997760725574,0.0,115.84433590545305,1.0,0.024450061345683862,True,True,call,"UNFILTERED (control, no IV condition)"
call,2021-10-21,2021-11-26,425.2973327636719,454.2963470389905,430.3417663574219,0.9308915926060166,0.9076193027908662,5696.80715802066,0.0,90.76193027908663,1.0,0.01593206997560044,True,True,call,"UNFILTERED (control, no IV condition)"
call,2021-11-29,2022-01-05,435.62060546875,481.8768558390722,440.7076721191406,1.4630711148456612,1.4264943369745196,4961.417992088174,0.0,142.64943369745197,1.0,0.028751746763713677,True,True,call,"UNFILTERED (control, no IV condition)"
call,2022-01-06,2022-02-11,440.2936706542969,479.480117128239,414.4371948242188,1.2516609939068886,1.2203694690592164,5009.265712597648,0.0,122.03694690592164,1.0,0.02436224267341512,True,True,call,"UNFILTERED (control, no IV condition)"
call,2022-02-14,2022-03-23,413.0823669433594,467.72057099075596,418.8771667480469,1.7000703797292118,1.6575686202359814,4842.962571931158,0.0,165.75686202359813,1.0,0.034226335545992394,True,True,call,"UNFILTERED (control, no IV condition)"
call,2022-03-24,2022-04-29,425.1914978027344,467.0846576172723,388.8630065917969,1.3321958949770973,1.29889099760267,4800.7356759329905,0.0,129.889099760267,1.0,0.027056082344092798,True,True,call,"UNFILTERED (control, no IV condition)"
call,2022-05-02,2022-06-08,391.2036437988281,450.81061651446396,388.1268005371094,1.828505305387523,1.782792672752835,4686.385432419923,0.0,178.2792672752835,1.0,0.03804195575591505,True,True,call,"UNFILTERED (control, no IV condition)"
call,2022-06-09,2022-07-15,378.8960571289063,424.1398757563855,365.0721740722656,1.4212698550944083,1.385738108717048,4379.97256843556,0.0,138.5738108717048,1.0,0.031638054509825535,True,True,call,"UNFILTERED (control, no IV condition)"
call,2022-07-18,2022-08-24,362.0577392578125,404.5765022510675,392.1257629394531,1.3358986516525988,1.3025011853612838,4176.015141046804,0.0,130.25011853612838,1.0,0.031190049398019785,True,True,call,"UNFILTERED (control, no IV condition)"
call,2022-08-25,2022-09-30,397.66162109375,437.04607009117086,339.9685974121094,1.25208916860214,1.2207869393870865,4492.539394850418,0.0,122.07869393870865,1.0,0.027173650180706617,True,True,call,"UNFILTERED (control, no IV condition)"
call,2022-10-03,2022-11-09,348.9442138671875,398.17133314205034,356.10186767578125,1.5223711659701564,1.4843118868209024,4130.1445201025945,0.0,148.43118868209024,1.0,0.03593849754158315,True,True,call,"UNFILTERED (control, no IV condition)"
call,2022-11-10,2022-12-16,375.671142578125,415.95857831037245,366.47662353515625,1.2750443573071735,1.2431682483744941,4283.902607941174,0.0,124.31682483744942,1.0,0.02901952640263117,True,True,call,"UNFILTERED (control, no IV condition)"
call,2022-12-19,2023-01-25,363.3690185546875,401.0187746566029,382.8082275390625,1.1925357922551214,1.1627223974487433,4126.459986310904,0.0,116.27223974487433,1.0,0.02817723669455059,True,True,call,"UNFILTERED (control, no IV condition)"
call,2023-01-26,2023-03-03,387.0154418945313,419.9001302755249,386.4799499511719,1.052013581112334,1.0257132415845256,4554.411323949722,0.0,102.57132415845255,1.0,0.02252131326370839,True,True,call,"UNFILTERED (control, no IV condition)"
call,2023-03-06,2023-04-12,386.7477111816406,419.9029891612033,391.659912109375,1.0587736006781796,1.0323042606612252,4522.656851742667,0.0,103.23042606612252,1.0,0.022825173222316402,True,True,call,"UNFILTERED (control, no IV condition)"
call,2023-04-13,2023-05-19,396.8621826171875,428.9030076509045,401.8053894042969,1.026435942771947,1.0007750442026482,4833.2386533923145,0.0,100.07750442026482,1.0,0.02070609618046136,True,True,call,"UNFILTERED (control, no IV condition)"
call,2023-05-22,2023-06-28,401.9685974121094,433.83250404228755,420.4175720214844,1.0195084662628275,0.9940207546062568,4952.383360684997,0.0,99.40207546062568,1.0,0.020071563168905553,True,True,call,"UNFILTERED (control, no IV condition)"
call,2023-06-29,2023-08-04,422.0744934082031,448.1014445235019,430.45611572265625,0.8349373760309504,0.8140639416301766,5920.201150797201,0.0,81.40639416301767,1.0,0.013750612874370943,True,True,call,"UNFILTERED (control, no IV condition)"
call,2023-08-07,2023-09-13,434.2134094238281,465.77578998024836,430.1671142578125,1.0110332837737417,0.9857574516793981,5626.605878002479,0.0,98.57574516793981,1.0,0.017519575265317062,True,True,call,"UNFILTERED (control, no IV condition)"
call,2023-09-14,2023-10-20,433.8761291503906,459.25493440081647,407.20513916015625,0.8133962808497159,0.793061373828473,6218.948195348075,0.0,79.3061373828473,1.0,0.012752339284988774,True,True,call,"UNFILTERED (control, no IV condition)"
call,2023-10-23,2023-11-29,406.4993896484375,444.68340893999505,439.5155334472656,1.2153176407134438,1.1849346996956076,4565.327559369512,0.0,118.49346996956076,1.0,0.02595508612002534,True,True,call,"UNFILTERED (control, no IV condition)"
call,2023-11-30,2024-01-05,441.24609375,467.24994073822063,454.2177734375,0.8335581654156314,0.8127192112802406,6305.8090973059625,0.0,81.27192112802406,1.0,0.01288842079959984,True,True,call,"UNFILTERED (control, no IV condition)"
call,2024-01-08,2024-02-14,460.7021179199219,488.60314360243996,483.97021484375,0.8928527970327522,0.8705314771069333,6510.992937857324,0.0,87.05314771069334,1.0,0.01337018002346986,True,True,call,"UNFILTERED (control, no IV condition)"
call,2024-02-15,2024-03-22,487.3094482421875,518.3717551399703,507.5192260742188,0.9968427856280258,0.9719217159873251,6737.150446664199,0.0,97.19217159873251,1.0,0.014426302688083177,True,True,call,"UNFILTERED (control, no IV condition)"
call,2024-03-25,2024-05-01,506.1170654296875,537.0173467552216,487.2071533203125,0.9889751478610549,0.9642507691645285,7128.738252956789,0.0,96.42507691645285,1.0,0.0135262473519011,True,True,call,"UNFILTERED (control, no IV condition)"
call,2024-05-02,2024-06-07,491.7641906738281,524.5726990938734,519.98291015625,1.053156162885415,1.0268272588132794,6657.115697353361,0.0,102.68272588132794,1.0,0.015424506730767958,True,True,call,"UNFILTERED (control, no IV condition)"
call,2024-06-10,2024-07-17,521.589599609375,552.3866211379569,544.0602416992188,0.9850150368855566,0.9603896609634176,7448.128805425649,0.0,96.03896609634177,1.0,0.01289437503099858,True,True,call,"UNFILTERED (control, no IV condition)"
call,2024-07-18,2024-08-23,539.8792114257812,578.9116033859189,549.1302490234375,1.252637307132332,1.2213213744540237,7016.477169947268,0.0,122.13213744540236,1.0,0.017406475427371802,True,True,call,"UNFILTERED (control, no IV condition)"
call,2024-08-26,2024-10-02,547.8212280273438,588.5896385100842,557.4091186523438,1.3056516430677405,1.273010351991047,7006.884547471933,0.0,127.30103519910469,1.0,0.01816799382616267,True,True,call,"UNFILTERED (control, no IV condition)"
call,2024-10-03,2024-11-08,556.3899536132812,608.1646855078836,586.148681640625,1.6508200394318564,1.6095495384460599,6242.601808923442,0.0,160.954953844606,1.0,0.025783312594843084,True,True,call,"UNFILTERED (control, no IV condition)"
call,2024-11-11,2024-12-18,586.7072143554688,627.2249699151903,574.4783935546875,1.298152640024611,1.2656988240239957,7808.938613539623,0.0,126.56988240239957,1.0,0.016208333637422228,True,True,call,"UNFILTERED (control, no IV condition)"
call,2024-12-19,2025-01-24,574.302001953125,637.4095058668498,597.73681640625,1.994174720672035,1.9443203526552342,6568.527093934023,0.0,194.4320352655234,1.0,0.029600553135432705,True,True,call,"UNFILTERED (control, no IV condition)"
call,2025-01-27,2025-03-05,589.2816162109375,637.8651757644825,573.2461547851562,1.553119304224083,1.5142913216184808,7078.705501026098,0.0,151.4291321618481,1.0,0.021392206829327423,True,True,call,"UNFILTERED (control, no IV condition)"
call,2025-03-06,2025-04-11,563.0703125,627.0266737655384,526.5321044921875,2.016479401045096,1.9660674160189686,6466.87347925728,0.0,196.60674160189686,1.0,0.03040213207085615,True,True,call,"UNFILTERED (control, no IV condition)"
call,2025-04-14,2025-05-21,531.6401977539062,608.7483148902063,574.7733154296875,2.3779046485856057,2.3184570323709655,6319.3288521391605,0.0,231.84570323709656,1.0,0.03668834280694449,True,True,call,"UNFILTERED (control, no IV condition)"
call,2025-05-22,2025-06-27,575.0001831054688,627.9491836389842,608.1713256835938,1.6890048688337131,1.6467797471128702,6444.169811101129,0.0,164.67797471128702,1.0,0.025554567855676686,True,True,call,"UNFILTERED (control, no IV condition)"
call,2025-06-30,2025-08-06,611.0791015625,658.1743468428472,625.845458984375,1.5075855653393901,1.4698959262059053,7659.047095835874,0.0,146.9895926205905,1.0,0.019191629295569532,True,True,call,"UNFILTERED (control, no IV condition)"
call,2025-08-07,2025-09-12,625.3212280273438,672.3293132094842,650.2054443359375,1.5079334926211772,1.4702351553056476,7952.639557863394,0.0,147.02351553056477,1.0,0.01848738578692293,True,True,call,"UNFILTERED (control, no IV condition)"
call,2025-09-15,2025-10-22,653.6671142578125,700.9434969467607,662.3128051757812,1.5144511464028056,1.4765898677427354,8493.363003035707,0.0,147.65898677427353,1.0,0.017385220285709806,True,True,call,"UNFILTERED (control, no IV condition)"
call,2025-10-23,2025-11-28,666.2402954101562,718.519760673582,677.7747192382812,1.6758194330503073,1.6339239472240497,8260.251776582953,0.0,163.39239472240496,1.0,0.019780558649024144,True,True,call,"UNFILTERED (control, no IV condition)"
call,2025-12-01,2026-01-07,674.6802978515625,728.2549188567039,685.9347534179688,1.7141002928055968,1.6712477854854568,8303.26863506566,0.0,167.1247785485457,1.0,0.020127589012688147,True,True,call,"UNFILTERED (control, no IV condition)"
call,2026-01-08,2026-02-13,685.8651123046875,733.9780845205223,678.1461181640625,1.5443567440761115,1.5057478254742087,9056.579807057691,0.0,150.57478254742088,1.0,0.016626009570420795,True,True,call,"UNFILTERED (control, no IV condition)"
call,2026-02-17,2026-03-26,679.2402954101562,742.7891426554932,643.432373046875,2.0229694811978476,1.9723952441679014,7625.130950971722,0.0,197.23952441679015,1.0,0.025867034374229936,True,True,call,"UNFILTERED (control, no IV condition)"
call,2026-03-27,2026-05-01,632.4606323242188,721.8205830558459,718.7982177734375,2.7680322161206448,2.6988314107176286,7488.088971630222,0.0,269.88314107176285,1.0,0.03604165790420716,True,True,call,"UNFILTERED (control, no IV condition)"
call,2026-05-04,2026-06-10,716.1649780273438,776.4996198330056,723.56591796875,1.9276846436682433,1.8794925275765373,8477.784632738345,0.0,187.94925275765374,1.0,0.02216961870343546,True,True,call,"UNFILTERED (control, no IV condition)"
call,2026-06-11,2026-06-16,735.8642578125,758.3005709950595,748.4019775390625,0.7852380844210103,0.765607132310485,12550.214551225097,0.0,76.56071323104851,1.0,0.006100350947671647,True,True,call,"UNFILTERED (control, no IV condition)"
