entry_time,exit_time,side,reason,entry_mid,exit_mid,risk_price,gross_R,cost_R,net_R,ret_frac,cell
2018-01-04 13:36:00+00:00,2018-01-04 13:58:00+00:00,long,target,1313.721,1315.8614999999998,1.0995000000000346,1.9467939972711958,0.43747157798998176,1.509322419281214,0.01509322419281214,XAUUSD in-regime 2018-2025
2018-01-15 15:23:00+00:00,2018-01-15 23:01:00+00:00,long,stop,1340.944,1339.74,1.2039999999999509,-1.0,0.28239202657808465,-1.2823920265780846,-0.012823920265780846,XAUUSD in-regime 2018-2025
2018-01-22 15:23:00+00:00,2018-01-22 16:59:00+00:00,long,stop,1333.315,1331.9115,1.4035000000001219,-1.0,0.25650160313499737,-1.2565016031349974,-0.012565016031349975,XAUUSD in-regime 2018-2025
2018-01-30 07:10:00+00:00,2018-01-30 08:56:00+00:00,long,target,1335.577,1337.0660000000003,0.7819999999999254,1.9040920716117675,0.6265984654732056,1.2774936061385618,0.012774936061385618,XAUUSD in-regime 2018-2025
2018-02-06 07:54:00+00:00,2018-02-06 08:21:00+00:00,long,stop,1343.0790000000002,1342.036,1.04300000000012,-1.0,0.456375838926122,-1.4563758389261219,-0.014563758389261218,XAUUSD in-regime 2018-2025
2018-02-13 14:59:00+00:00,2018-02-13 23:16:00+00:00,long,target,1325.8380000000002,1330.4060000000002,2.276500000000169,2.0065890621566633,0.1664836371622982,1.8401054249943651,0.018401054249943653,XAUUSD in-regime 2018-2025
2018-03-07 07:50:00+00:00,2018-03-07 07:54:00+00:00,long,stop,1333.44,1332.545,0.8949999999999818,-1.0,0.5798882681564363,-1.5798882681564363,-0.015798882681564364,XAUUSD in-regime 2018-2025
2018-04-02 07:05:00+00:00,2018-04-02 13:16:00+00:00,long,target,1331.0245,1336.0929999999994,2.5484999999998763,1.9888169511475964,0.18952324896999156,1.7992937021776048,0.017992937021776047,XAUUSD in-regime 2018-2025
2018-04-12 15:55:00+00:00,2018-04-12 16:52:00+00:00,long,stop,1337.9455,1336.7735,1.1720000000000255,-1.0,0.3310580204778085,-1.3310580204778084,-0.013310580204778084,XAUUSD in-regime 2018-2025
2018-04-20 13:54:00+00:00,2018-04-20 14:16:00+00:00,long,stop,1337.035,1336.108,0.9270000000001346,-1.0,0.5523193096007828,-1.5523193096007828,-0.015523193096007828,XAUUSD in-regime 2018-2025
2018-08-03 13:38:00+00:00,2018-08-03 14:00:00+00:00,short,stop,1215.546,1217.28,1.7339999999999236,-1.0,0.2727797001153523,-1.2727797001153522,-0.012727797001153522,XAUUSD in-regime 2018-2025
2019-01-17 08:24:00+00:00,2019-01-17 13:15:00+00:00,long,stop,1293.8665,1292.2935,1.5730000000000928,-1.0,0.27145581691034637,-1.2714558169103465,-0.012714558169103465,XAUUSD in-regime 2018-2025
2019-01-24 13:39:00+00:00,2019-01-24 13:56:00+00:00,long,target,1278.5465,1281.6674999999996,1.5679999999999836,1.9904336734691788,0.36798469387755484,1.622448979591624,0.01622448979591624,XAUUSD in-regime 2018-2025
2019-02-01 15:51:00+00:00,2019-02-01 16:49:00+00:00,long,stop,1317.9635,1317.0384999999999,0.9250000000001819,-1.0,0.4291891891891048,-1.4291891891891049,-0.014291891891891048,XAUUSD in-regime 2018-2025
2019-02-13 13:48:00+00:00,2019-02-13 15:03:00+00:00,long,target,1310.9015,1315.1725000000001,2.127999999999929,2.0070488721806052,0.2664473684210615,1.7406015037595437,0.017406015037595438,XAUUSD in-regime 2018-2025
2019-02-21 07:22:00+00:00,2019-02-21 08:15:00+00:00,long,target,1338.4135,1340.0749999999998,0.8285000000000764,2.005431502715211,0.6843693421846079,1.321062160530603,0.01321062160530603,XAUUSD in-regime 2018-2025
2019-03-01 09:58:00+00:00,2019-03-01 10:19:00+00:00,long,target,1307.435,1309.7885,1.1865000000000236,1.9835651074590144,0.3093131057732766,1.6742520016857378,0.01674252001685738,XAUUSD in-regime 2018-2025
2019-03-12 09:03:00+00:00,2019-03-12 09:17:00+00:00,long,stop,1295.915,1295.2265,0.6884999999999764,-1.0,0.6100217864923957,-1.6100217864923958,-0.01610021786492396,XAUUSD in-regime 2018-2025
2019-03-20 15:28:00+00:00,2019-03-20 15:38:00+00:00,long,stop,1303.8835,1303.175,0.7084999999999582,-1.0,0.4897671136203536,-1.4897671136203536,-0.014897671136203536,XAUUSD in-regime 2018-2025
2019-04-08 08:33:00+00:00,2019-04-08 10:06:00+00:00,long,stop,1297.2665,1296.6100000000001,0.6564999999998236,-1.0,0.6351865955828059,-1.6351865955828058,-0.01635186595582806,XAUUSD in-regime 2018-2025
2019-05-14 15:18:00+00:00,2019-05-14 15:25:00+00:00,long,stop,1296.5515,1295.8284999999998,0.7230000000001837,-1.0,0.6044260027660981,-1.6044260027660981,-0.016044260027660982,XAUUSD in-regime 2018-2025
2019-06-25 13:43:00+00:00,2019-06-25 16:37:00+00:00,long,stop,1432.3835,1425.1935,7.189999999999827,-1.0,0.0774687065368586,-1.0774687065368587,-0.010774687065368587,XAUUSD in-regime 2018-2025
2019-07-15 15:31:00+00:00,2019-07-16 12:50:00+00:00,long,stop,1412.1235,1408.2685,3.855000000000018,-1.0,0.10557717250324206,-1.1055771725032422,-0.011055771725032422,XAUUSD in-regime 2018-2025
2019-07-24 13:31:00+00:00,2019-07-24 14:36:00+00:00,long,stop,1426.5465,1424.66,1.8864999999998417,-1.0,0.30055658627089715,-1.3005565862708972,-0.013005565862708972,XAUUSD in-regime 2018-2025
2019-08-01 07:26:00+00:00,2019-08-01 07:52:00+00:00,long,stop,1406.96,1405.9550000000002,1.0049999999998818,-1.0,0.5611940298508123,-1.5611940298508125,-0.015611940298508126,XAUUSD in-regime 2018-2025
2019-08-08 07:31:00+00:00,2019-08-08 08:47:00+00:00,long,stop,1498.72,1496.68,2.0399999999999636,-1.0,0.2843137254902012,-1.2843137254902013,-0.012843137254902014,XAUUSD in-regime 2018-2025
2019-08-15 13:37:00+00:00,2019-08-16 09:07:00+00:00,long,stop,1516.1815000000001,1510.021,6.160500000000184,-1.0,0.0952844736628492,-1.0952844736628493,-0.010952844736628494,XAUUSD in-regime 2018-2025
2019-08-26 09:39:00+00:00,2019-08-26 09:52:00+00:00,long,target,1527.38,1529.5849999999998,1.1549999999999727,1.9090909090906942,0.38095238095239,1.5281385281383042,0.015281385281383042,XAUUSD in-regime 2018-2025
2019-09-04 08:11:00+00:00,2019-09-04 08:14:00+00:00,long,stop,1537.2385,1536.3700000000001,0.8684999999998126,-1.0,0.49510650546930657,-1.4951065054693067,-0.014951065054693067,XAUUSD in-regime 2018-2025
2019-09-18 08:40:00+00:00,2019-09-18 10:52:00+00:00,long,stop,1501.6599999999999,1500.825,0.834999999999809,-1.0,0.4874251497007103,-1.4874251497007103,-0.014874251497007104,XAUUSD in-regime 2018-2025
2019-09-26 08:17:00+00:00,2019-09-26 08:46:00+00:00,long,stop,1508.19,1506.3300000000002,1.8599999999999,-1.0,0.21344086021506525,-1.2134408602150653,-0.012134408602150653,XAUUSD in-regime 2018-2025
2019-10-07 07:14:00+00:00,2019-10-07 07:19:00+00:00,long,stop,1506.6615000000002,1505.45,1.2115000000001146,-1.0,0.4597606273214587,-1.4597606273214587,-0.014597606273214587,XAUUSD in-regime 2018-2025
2019-10-22 07:12:00+00:00,2019-10-22 12:36:00+00:00,long,stop,1486.3665,1484.67,1.6965000000000146,-1.0,0.33421750663129685,-1.334217506631297,-0.013342175066312969,XAUUSD in-regime 2018-2025
2019-11-04 09:05:00+00:00,2019-11-04 10:16:00+00:00,long,stop,1510.6064999999999,1509.835,0.7714999999998327,-1.0,0.5055087491899994,-1.5055087491899994,-0.015055087491899995,XAUUSD in-regime 2018-2025
2019-12-13 14:48:00+00:00,2019-12-13 15:02:00+00:00,long,stop,1472.8665,1468.4135,4.4529999999999745,-1.0,0.08690770267235622,-1.0869077026723561,-0.010869077026723562,XAUUSD in-regime 2018-2025
2019-12-23 13:34:00+00:00,2019-12-24 01:46:00+00:00,long,target,1482.875,1486.7184999999997,1.8864999999998417,2.037370792472857,0.28995494301619185,1.747415849456665,0.01747415849456665,XAUUSD in-regime 2018-2025
2019-12-31 15:08:00+00:00,2019-12-31 20:39:00+00:00,long,stop,1520.7065,1518.26,2.4465000000000146,-1.0,0.17739628040057118,-1.177396280400571,-0.011773962804005712,XAUUSD in-regime 2018-2025
2020-01-08 09:53:00+00:00,2020-01-08 09:54:00+00:00,long,stop,1584.9685,1583.5715000000002,1.3969999999997071,-1.0,0.298496778811802,-1.298496778811802,-0.01298496778811802,XAUUSD in-regime 2018-2025
2020-01-17 07:06:00+00:00,2020-01-17 08:54:00+00:00,long,stop,1556.6185,1554.3715,2.247000000000071,-1.0,0.2403204272363075,-1.2403204272363075,-0.012403204272363076,XAUUSD in-regime 2018-2025
2020-01-24 09:17:00+00:00,2020-01-24 09:54:00+00:00,long,target,1559.2514999999999,1561.3175,1.0179999999998017,2.0294695481342444,0.402750491159214,1.6267190569750305,0.016267190569750307,XAUUSD in-regime 2018-2025
2020-02-07 13:38:00+00:00,2020-02-11 16:01:00+00:00,long,stop,1567.3215,1562.4385,4.883000000000038,-1.0,0.12226090518124008,-1.12226090518124,-0.0112226090518124,XAUUSD in-regime 2018-2025
2020-02-14 14:06:00+00:00,2020-02-20 00:00:00+00:00,long,target,1579.8715000000002,1589.3925000000002,4.753000000000156,2.003155901535797,0.1108773406269688,1.8922785609088284,0.018922785609088284,XAUUSD in-regime 2018-2025
2020-03-03 07:12:00+00:00,2020-03-03 11:07:00+00:00,long,target,1596.335,1601.4899999999998,2.5550000000000637,2.0176125244616894,0.22465753424656976,1.7929549902151196,0.017929549902151197,XAUUSD in-regime 2018-2025
2020-03-11 15:58:00+00:00,2020-03-11 16:53:00+00:00,long,stop,1649.2785,1644.7175,4.560999999999922,-1.0,0.09581232185924304,-1.095812321859243,-0.01095812321859243,XAUUSD in-regime 2018-2025
2020-03-25 08:56:00+00:00,2020-03-25 09:49:00+00:00,long,target,1606.8435,1617.8155000000002,5.598499999999831,1.9598106635706956,0.3120478699651787,1.6477627936055168,0.01647762793605517,XAUUSD in-regime 2018-2025
2020-04-15 08:17:00+00:00,2020-04-15 13:59:00+00:00,long,target,1714.5135,1726.6699999999996,6.098499999999831,1.9933590227104916,0.12363695990817757,1.8697220628023141,0.01869722062802314,XAUUSD in-regime 2018-2025
2020-04-23 13:36:00+00:00,2020-04-23 17:22:00+00:00,long,stop,1730.504,1722.275,8.228999999999814,-1.0,0.07096852594483087,-1.070968525944831,-0.01070968525944831,XAUUSD in-regime 2018-2025
2020-05-06 07:26:00+00:00,2020-05-06 08:27:00+00:00,long,stop,1705.165,1702.25,2.9149999999999636,-1.0,0.3077186963979455,-1.3077186963979455,-0.013077186963979455,XAUUSD in-regime 2018-2025
2020-05-20 07:02:00+00:00,2020-05-20 09:06:00+00:00,long,stop,1750.4885,1746.8965,3.591999999999871,-1.0,0.20796213808464004,-1.20796213808464,-0.0120796213808464,XAUUSD in-regime 2018-2025
2020-06-03 09:22:00+00:00,2020-06-03 09:39:00+00:00,long,stop,1719.0735,1717.4785,1.5950000000000273,-1.0,0.4746081504702114,-1.4746081504702113,-0.014746081504702113,XAUUSD in-regime 2018-2025
2020-06-12 15:46:00+00:00,2020-06-12 16:04:00+00:00,long,stop,1734.33,1732.5185,1.8115000000000236,-1.0,0.3312172232956071,-1.331217223295607,-0.01331217223295607,XAUUSD in-regime 2018-2025
2020-06-23 07:52:00+00:00,2020-06-23 08:03:00+00:00,long,target,1754.3265000000001,1756.5425,1.0480000000000018,2.1145038167937886,0.6841603053435104,1.4303435114502783,0.014303435114502784,XAUUSD in-regime 2018-2025
2020-07-03 07:10:00+00:00,2020-07-03 07:25:00+00:00,long,stop,1776.0335,1775.1035,0.9300000000000637,-1.0,0.9752688172042343,-1.9752688172042343,-0.019752688172042343,XAUUSD in-regime 2018-2025
2020-07-15 07:37:00+00:00,2020-07-15 07:59:00+00:00,long,target,1809.025,1811.977,1.4685000000001764,2.0102145045962843,0.5223016683690215,1.4879128362272627,0.014879128362272627,XAUUSD in-regime 2018-2025
2020-08-04 07:09:00+00:00,2020-08-04 11:18:00+00:00,long,stop,1974.6,1971.8165000000001,2.7834999999997763,-1.0,0.26944494341658354,-1.2694449434165835,-0.012694449434165835,XAUUSD in-regime 2018-2025
2020-08-20 09:12:00+00:00,2020-08-20 09:34:00+00:00,long,stop,1935.5935,1927.6035,7.990000000000009,-1.0,0.08347934918648302,-1.083479349186483,-0.010834793491864829,XAUUSD in-regime 2018-2025
2020-09-10 07:36:00+00:00,2020-09-10 07:52:00+00:00,long,stop,1946.1615000000002,1943.0935000000002,3.0679999999999836,-1.0,0.2066492829204705,-1.2066492829204705,-0.012066492829204705,XAUUSD in-regime 2018-2025
2020-09-17 14:03:00+00:00,2020-09-17 15:04:00+00:00,long,target,1938.0465,1946.9075,4.4379999999998745,1.9966200991438383,0.16606579540333954,1.8305543037404988,0.01830554303740499,XAUUSD in-regime 2018-2025
2020-10-01 09:51:00+00:00,2020-10-01 11:45:00+00:00,long,target,1896.0915,1900.8395,2.36649999999986,2.006338474540599,0.26072258609762794,1.7456158884429713,0.017456158884429713,XAUUSD in-regime 2018-2025
2020-10-12 08:07:00+00:00,2020-10-12 08:16:00+00:00,long,stop,1925.835,1924.7935,1.0415000000000418,-1.0,0.5184829572731429,-1.5184829572731429,-0.015184829572731429,XAUUSD in-regime 2018-2025
2020-10-20 08:18:00+00:00,2020-10-20 09:15:00+00:00,long,target,1901.8049999999998,1905.4899999999996,1.8499999999996817,1.9918918918920823,0.25783783783788217,1.7340540540542002,0.017340540540542,XAUUSD in-regime 2018-2025
2020-10-28 08:59:00+00:00,2020-10-28 09:01:00+00:00,long,stop,1904.3400000000001,1903.0485,1.2915000000000418,-1.0,0.34610917537745683,-1.3461091753774568,-0.013461091753774568,XAUUSD in-regime 2018-2025
2020-12-21 08:23:00+00:00,2020-12-21 09:12:00+00:00,long,stop,1896.6550000000002,1893.3685,3.28650000000016,-1.0,0.1664384603681647,-1.1664384603681648,-0.011664384603681648,XAUUSD in-regime 2018-2025
2020-12-30 07:01:00+00:00,2020-12-30 07:35:00+00:00,long,stop,1882.2785,1880.1465,2.1319999999998345,-1.0,0.3034709193246014,-1.3034709193246015,-0.013034709193246015,XAUUSD in-regime 2018-2025
2021-01-07 09:38:00+00:00,2021-01-07 09:48:00+00:00,long,stop,1920.9215,1917.025,3.8964999999998327,-1.0,0.13268317721032266,-1.1326831772103227,-0.011326831772103228,XAUUSD in-regime 2018-2025
2021-01-21 08:09:00+00:00,2021-01-21 08:48:00+00:00,long,target,1869.221,1872.7354999999998,1.7609999999999673,1.995741056217965,0.2788188529244799,1.716922203293485,0.01716922203293485,XAUUSD in-regime 2018-2025
2021-02-10 13:49:00+00:00,2021-02-10 15:22:00+00:00,long,stop,1852.935,1838.155,14.779999999999973,-1.0,0.05006765899864691,-1.0500676589986468,-0.010500676589986468,XAUUSD in-regime 2018-2025
2021-04-21 13:34:00+00:00,2021-04-21 13:42:00+00:00,short,stop,1786.3984999999998,1787.33,0.9315000000001419,-1.0,0.5732689210949208,-1.573268921094921,-0.01573268921094921,XAUUSD in-regime 2018-2025
2021-05-24 13:46:00+00:00,2021-05-24 14:03:00+00:00,long,stop,1882.32,1879.1650000000002,3.1549999999997453,-1.0,0.19873217115690986,-1.1987321711569099,-0.0119873217115691,XAUUSD in-regime 2018-2025
2021-06-03 08:18:00+00:00,2021-06-03 08:47:00+00:00,long,stop,1893.9,1892.8735000000001,1.0264999999999418,-1.0,0.36434486117878345,-1.3643448611787834,-0.013643448611787835,XAUUSD in-regime 2018-2025
2021-06-11 14:50:00+00:00,2021-06-11 15:19:00+00:00,long,stop,1881.7585,1878.91,2.848499999999831,-1.0,0.1453396524486658,-1.1453396524486659,-0.011453396524486658,XAUUSD in-regime 2018-2025
2021-07-15 13:35:00+00:00,2021-07-15 14:11:00+00:00,long,stop,1826.19,1823.3550000000002,2.834999999999809,-1.0,0.2342151675485167,-1.2342151675485167,-0.012342151675485167,XAUUSD in-regime 2018-2025
2021-07-30 07:06:00+00:00,2021-07-30 07:15:00+00:00,long,target,1828.005,1830.1779999999994,1.0715000000000146,2.027998133457107,0.6570228651423149,1.370975268314792,0.01370975268314792,XAUUSD in-regime 2018-2025
2021-11-18 07:46:00+00:00,2021-11-18 09:31:00+00:00,long,stop,1866.3600000000001,1863.57,2.790000000000191,-1.0,0.17849462365590177,-1.1784946236559017,-0.011784946236559018,XAUUSD in-regime 2018-2025
2022-01-17 13:45:00+00:00,2022-01-17 15:00:00+00:00,long,stop,1820.51,1819.3770000000002,1.1329999999998108,-1.0,0.5454545454546367,-1.5454545454546367,-0.015454545454546368,XAUUSD in-regime 2018-2025
2022-01-27 07:08:00+00:00,2022-01-27 08:00:00+00:00,long,stop,1812.895,1810.32,2.5750000000000455,-1.0,0.26330097087378174,-1.2633009708737817,-0.012633009708737817,XAUUSD in-regime 2018-2025
2022-02-04 08:33:00+00:00,2022-02-04 08:55:00+00:00,long,stop,1809.66,1808.1135000000002,1.5464999999999236,-1.0,0.30197219527967867,-1.3019721952796788,-0.013019721952796787,XAUUSD in-regime 2018-2025
2022-02-15 14:18:00+00:00,2022-02-15 16:06:00+00:00,long,stop,1855.605,1846.88,8.724999999999909,-1.0,0.06830945558739328,-1.0683094555873933,-0.010683094555873933,XAUUSD in-regime 2018-2025
2022-02-23 09:46:00+00:00,2022-02-23 10:16:00+00:00,long,target,1891.49,1894.5550000000003,1.5399999999999636,1.9902597402599704,0.3142857142857217,1.6759740259742486,0.016759740259742487,XAUUSD in-regime 2018-2025
2022-03-03 14:20:00+00:00,2022-03-03 16:21:00+00:00,long,stop,1929.9,1924.4624999999999,5.437500000000227,-1.0,0.11843678160919047,-1.1184367816091905,-0.011184367816091905,XAUUSD in-regime 2018-2025
2022-03-16 07:31:00+00:00,2022-03-16 07:43:00+00:00,long,stop,1917.63,1914.356,3.2740000000001146,-1.0,0.21502748930970536,-1.2150274893097053,-0.012150274893097054,XAUUSD in-regime 2018-2025
2022-03-23 07:41:00+00:00,2022-03-23 08:41:00+00:00,long,target,1919.855,1924.3424999999997,2.285000000000082,1.9638949671770531,0.3168490153172753,1.647045951859778,0.01647045951859778,XAUUSD in-regime 2018-2025
2022-04-05 08:26:00+00:00,2022-04-05 08:38:00+00:00,long,stop,1928.75,1927.6200000000001,1.1299999999998818,-1.0,0.5079646017699647,-1.5079646017699648,-0.01507964601769965,XAUUSD in-regime 2018-2025
2022-04-13 07:41:00+00:00,2022-04-13 07:44:00+00:00,long,target,1967.1999999999998,1969.1939999999995,0.9894999999996799,2.0151591712989716,0.6457806973220886,1.3693784739768828,0.013693784739768828,XAUUSD in-regime 2018-2025
2022-04-20 08:57:00+00:00,2022-04-20 19:59:00+00:00,long,target,1946.4575,1958.1635,5.8754999999998745,1.9923410773551835,0.07539783848183294,1.9169432388733505,0.019169432388733504,XAUUSD in-regime 2018-2025
2022-09-26 13:48:00+00:00,2022-09-26 13:57:00+00:00,short,stop,1645.6635,1647.6384999999998,1.9749999999996817,-1.0,0.3037974683544794,-1.3037974683544795,-0.013037974683544796,XAUUSD in-regime 2018-2025
2023-02-21 13:33:00+00:00,2023-02-22 12:35:00+00:00,long,target,1835.53,1845.9350000000004,5.210000000000036,1.9971209213052505,0.11516314779270555,1.881957773512545,0.01881957773512545,XAUUSD in-regime 2018-2025
2023-03-06 07:39:00+00:00,2023-03-06 08:32:00+00:00,long,stop,1857.05,1853.0735,3.9764999999999873,-1.0,0.15088645794040034,-1.1508864579404003,-0.011508864579404003,XAUUSD in-regime 2018-2025
2023-03-15 07:01:00+00:00,2023-03-15 07:24:00+00:00,long,stop,1901.2645,1899.0305,2.2339999999999236,-1.0,0.27752909579231033,-1.2775290957923104,-0.012775290957923105,XAUUSD in-regime 2018-2025
2023-03-31 08:16:00+00:00,2023-03-31 08:38:00+00:00,long,stop,1977.9535,1974.4135,3.5399999999999636,-1.0,0.1271186440677979,-1.1271186440677978,-0.01127118644067798,XAUUSD in-regime 2018-2025
2023-04-11 07:29:00+00:00,2023-04-11 13:06:00+00:00,long,stop,2002.4165,1997.9585,4.458000000000084,-1.0,0.13167339614176513,-1.131673396141765,-0.011316733961417651,XAUUSD in-regime 2018-2025
2023-04-25 09:03:00+00:00,2023-04-25 09:47:00+00:00,long,stop,1989.4405,1987.323,2.1174999999998363,-1.0,0.27579693034240627,-1.2757969303424064,-0.012757969303424065,XAUUSD in-regime 2018-2025
2023-05-08 08:30:00+00:00,2023-05-08 09:30:00+00:00,long,target,2021.5994999999998,2023.7795,1.1349999999997635,1.9207048458156346,0.3268722466961033,1.5938325991195312,0.015938325991195313,XAUUSD in-regime 2018-2025
2023-05-17 14:33:00+00:00,2023-05-17 14:54:00+00:00,long,stop,1983.7395000000001,1982.7045,1.0350000000000819,-1.0,0.3971014492753309,-1.3971014492753309,-0.013971014492753309,XAUUSD in-regime 2018-2025
2023-05-31 08:26:00+00:00,2023-05-31 08:47:00+00:00,long,stop,1959.5149999999999,1956.115,3.3999999999998636,-1.0,0.14117647058824095,-1.141176470588241,-0.011411764705882411,XAUUSD in-regime 2018-2025
2023-06-07 08:29:00+00:00,2023-06-07 10:03:00+00:00,long,target,1959.3,1965.8129999999999,3.2864999999999327,1.9817434961205092,0.15213753232922875,1.8296059637912805,0.018296059637912806,XAUUSD in-regime 2018-2025
2023-06-19 07:35:00+00:00,2023-06-19 07:36:00+00:00,long,stop,1954.3265000000001,1953.2749999999999,1.0515000000002601,-1.0,0.5611031859247305,-1.5611031859247304,-0.015611031859247304,XAUUSD in-regime 2018-2025
2023-07-17 13:54:00+00:00,2023-07-17 15:00:00+00:00,long,target,1948.65,1954.4270000000001,2.858500000000049,2.020990029735856,0.20990029735875101,1.811089732377105,0.01811089732377105,XAUUSD in-regime 2018-2025
2023-07-24 14:15:00+00:00,2023-07-24 14:18:00+00:00,long,stop,1961.5,1959.445,2.0550000000000637,-1.0,0.2968369829683607,-1.2968369829683608,-0.012968369829683609,XAUUSD in-regime 2018-2025
2023-08-31 07:06:00+00:00,2023-08-31 12:19:00+00:00,long,target,1944.78,1947.5445,1.3799999999998818,2.0032608695653877,0.4057971014493102,1.5974637681160775,0.015974637681160773,XAUUSD in-regime 2018-2025
2023-09-19 15:02:00+00:00,2023-09-19 16:44:00+00:00,long,stop,1934.6,1931.3815000000002,3.2184999999997217,-1.0,0.13049557247165955,-1.1304955724716597,-0.011304955724716596,XAUUSD in-regime 2018-2025
2023-10-18 07:08:00+00:00,2023-10-18 09:30:00+00:00,long,target,1937.4,1941.125,1.8700000000001182,1.991978609625494,0.30481283422457967,1.6871657754009142,0.01687165775400914,XAUUSD in-regime 2018-2025
2023-10-27 09:01:00+00:00,2023-10-27 09:53:00+00:00,long,stop,1986.8184999999999,1985.75,1.0684999999998581,-1.0,0.4277023865232201,-1.4277023865232201,-0.014277023865232202,XAUUSD in-regime 2018-2025
2023-11-23 08:46:00+00:00,2023-11-23 09:09:00+00:00,long,stop,1995.46,1994.03,1.4300000000000637,-1.0,0.3426573426573274,-1.3426573426573274,-0.013426573426573274,XAUUSD in-regime 2018-2025
2023-12-26 14:22:00+00:00,2023-12-26 14:36:00+00:00,long,stop,2061.0950000000003,2058.845,2.2500000000004547,-1.0,0.24888888888883862,-1.2488888888888385,-0.012488888888888385,XAUUSD in-regime 2018-2025
2024-01-02 14:56:00+00:00,2024-01-02 15:36:00+00:00,long,stop,2068.52,2063.3,5.2199999999998,-1.0,0.08237547892720622,-1.0823754789272062,-0.010823754789272062,XAUUSD in-regime 2018-2025
2024-01-10 14:35:00+00:00,2024-01-10 14:42:00+00:00,long,stop,2031.68,2028.965,2.7150000000001455,-1.0,0.16574585635358227,-1.1657458563535823,-0.011657458563535823,XAUUSD in-regime 2018-2025
2024-01-22 15:00:00+00:00,2024-01-22 15:01:00+00:00,long,stop,2022.7649999999999,2021.67,1.0949999999998,-1.0,0.4292237442923159,-1.429223744292316,-0.01429223744292316,XAUUSD in-regime 2018-2025
2024-02-01 08:48:00+00:00,2024-02-01 10:06:00+00:00,long,stop,2041.375,2039.74,1.634999999999991,-1.0,0.25688073394495553,-1.2568807339449555,-0.012568807339449555,XAUUSD in-regime 2018-2025
2024-02-09 13:36:00+00:00,2024-02-09 14:00:00+00:00,long,stop,2030.8600000000001,2026.2050000000002,4.654999999999973,-1.0,0.14607948442534993,-1.14607948442535,-0.011460794844253499,XAUUSD in-regime 2018-2025
2024-02-16 15:39:00+00:00,2024-02-26 00:00:00+00:00,long,target,2007.97,2032.4750000000004,12.259999999999991,1.9987765089722964,0.03866231647634587,1.9601141924959506,0.019601141924959507,XAUUSD in-regime 2018-2025
2024-02-26 09:42:00+00:00,2024-02-26 09:49:00+00:00,long,stop,2034.115,2032.8665,1.2484999999999218,-1.0,0.35242290748900884,-1.3524229074890088,-0.01352422907489009,XAUUSD in-regime 2018-2025
2024-04-10 08:34:00+00:00,2024-04-10 09:20:00+00:00,long,stop,2355.195,2352.745,2.450000000000273,-1.0,0.21510204081630258,-1.2151020408163027,-0.012151020408163028,XAUUSD in-regime 2018-2025
2024-04-30 07:15:00+00:00,2024-04-30 07:22:00+00:00,long,stop,2321.1835,2319.37,1.8135000000002037,-1.0,0.3457402812241134,-1.3457402812241135,-0.013457402812241136,XAUUSD in-regime 2018-2025
2024-05-13 07:57:00+00:00,2024-05-13 08:25:00+00:00,long,stop,2348.7885,2346.8599999999997,1.9285000000004402,-1.0,0.3266787658801433,-1.3266787658801433,-0.013266787658801434,XAUUSD in-regime 2018-2025
2024-05-22 13:45:00+00:00,2024-05-22 14:06:00+00:00,long,stop,2409.6,2406.535,3.0650000000000546,-1.0,0.21761827079934362,-1.2176182707993437,-0.012176182707993437,XAUUSD in-regime 2018-2025
2024-06-18 09:18:00+00:00,2024-06-18 09:58:00+00:00,long,stop,2313.815,2311.0299999999997,2.7850000000003092,-1.0,0.1795332136445043,-1.1795332136445043,-0.011795332136445043,XAUUSD in-regime 2018-2025
2024-07-10 07:09:00+00:00,2024-07-10 13:47:00+00:00,long,target,2372.555,2382.795,5.210000000000036,1.9654510556622198,0.12092130518234083,1.844529750479879,0.01844529750479879,XAUUSD in-regime 2018-2025
2024-07-18 09:43:00+00:00,2024-07-18 10:00:00+00:00,long,stop,2466.7664999999997,2465.2135,1.5529999999998836,-1.0,0.3348358016742041,-1.3348358016742041,-0.013348358016742041,XAUUSD in-regime 2018-2025
2024-10-10 07:12:00+00:00,2024-10-10 07:15:00+00:00,long,stop,2612.18,2610.7135,1.4664999999999964,-1.0,0.47732696897374816,-1.477326968973748,-0.014773269689737481,XAUUSD in-regime 2018-2025
2024-11-08 07:47:00+00:00,2024-11-08 11:45:00+00:00,long,target,2685.3199999999997,2694.5850000000005,4.639999999999873,1.9967672413795337,0.13146551724138295,1.8653017241381507,0.018653017241381506,XAUUSD in-regime 2018-2025
2024-12-16 14:36:00+00:00,2024-12-16 14:40:00+00:00,long,stop,2659.7155000000002,2656.988,2.7275000000004184,-1.0,0.1968835930338836,-1.1968835930338837,-0.011968835930338838,XAUUSD in-regime 2018-2025
2024-12-24 13:57:00+00:00,2024-12-24 14:48:00+00:00,long,stop,2614.1099999999997,2611.7934999999998,2.3164999999999054,-1.0,0.34534858622923925,-1.3453485862292394,-0.013453485862292393,XAUUSD in-regime 2018-2025
2025-01-06 07:10:00+00:00,2025-01-06 07:21:00+00:00,long,stop,2632.6800000000003,2630.4049999999997,2.2750000000005457,-1.0,0.332747252747173,-1.3327472527471729,-0.01332747252747173,XAUUSD in-regime 2018-2025
2025-01-13 09:34:00+00:00,2025-01-13 09:42:00+00:00,long,stop,2686.465,2684.933,1.5320000000001528,-1.0,0.5633159268928942,-1.5633159268928942,-0.015633159268928942,XAUUSD in-regime 2018-2025
2025-01-28 07:27:00+00:00,2025-01-28 07:37:00+00:00,long,stop,2742.385,2740.855,1.5300000000002,-1.0,0.46405228758163863,-1.4640522875816386,-0.014640522875816386,XAUUSD in-regime 2018-2025
2025-02-13 09:19:00+00:00,2025-02-13 10:46:00+00:00,long,target,2913.4700000000003,2918.685000000001,2.5250000000005457,2.0653465346532567,0.2336633663365832,1.8316831683166734,0.018316831683166734,XAUUSD in-regime 2018-2025
2025-02-27 07:51:00+00:00,2025-02-27 08:01:00+00:00,long,stop,2892.9300000000003,2889.705,3.225000000000364,-1.0,0.21395348837206887,-1.2139534883720688,-0.012139534883720689,XAUUSD in-regime 2018-2025
2025-03-10 09:10:00+00:00,2025-03-10 11:39:00+00:00,long,stop,2904.5105,2897.317,7.193499999999858,-1.0,0.09772711475637923,-1.0977271147563792,-0.010977271147563791,XAUUSD in-regime 2018-2025
2025-04-01 15:03:00+00:00,2025-04-01 15:17:00+00:00,long,stop,3129.585,3127.765,1.8200000000001637,-1.0,0.42142857142853357,-1.4214285714285335,-0.014214285714285336,XAUUSD in-regime 2018-2025
2025-04-17 13:46:00+00:00,2025-04-17 13:49:00+00:00,long,stop,3327.055,3320.66,6.394999999999982,-1.0,0.13760750586395662,-1.1376075058639565,-0.011376075058639565,XAUUSD in-regime 2018-2025
2025-05-05 14:09:00+00:00,2025-05-05 14:18:00+00:00,long,stop,3323.175,3311.8099999999995,11.365000000000691,-1.0,0.10734711834579197,-1.107347118345792,-0.011073471183457919,XAUUSD in-regime 2018-2025
2025-05-22 07:31:00+00:00,2025-05-22 08:16:00+00:00,long,stop,3329.55,3323.1584999999995,6.391500000000633,-1.0,0.1387780646170558,-1.1387780646170558,-0.011387780646170558,XAUUSD in-regime 2018-2025
2025-05-30 07:01:00+00:00,2025-05-30 07:13:00+00:00,long,stop,3298.6835,3290.9264999999996,7.757000000000517,-1.0,0.11563748871985823,-1.1156374887198581,-0.011156374887198582,XAUUSD in-regime 2018-2025
2025-06-16 07:07:00+00:00,2025-06-16 07:09:00+00:00,long,stop,3417.4685,3414.8385,2.630000000000109,-1.0,0.31444866920150794,-1.314448669201508,-0.013144486692015081,XAUUSD in-regime 2018-2025
2025-06-25 14:08:00+00:00,2025-06-25 19:35:00+00:00,long,target,3320.4915,3335.496000000001,7.381500000000415,2.0327169274537797,0.11881053986316477,1.913906387590615,0.01913906387590615,XAUUSD in-regime 2018-2025
2025-07-09 08:52:00+00:00,2025-07-09 10:37:00+00:00,long,target,3286.96,3295.4695000000006,4.1850000000004,2.0333333333332755,0.15937873357226673,1.8739545997610088,0.018739545997610088,XAUUSD in-regime 2018-2025
2025-07-16 14:51:00+00:00,2025-07-16 14:56:00+00:00,long,target,3326.4035000000003,3339.3535000000006,6.460000000000491,2.004643962848187,0.09226006191949765,1.9123839009286896,0.019123839009286898,XAUUSD in-regime 2018-2025
2025-07-24 13:31:00+00:00,2025-07-24 13:33:00+00:00,long,stop,3358.4235,3356.6369999999997,1.78650000000016,-1.0,0.42317380352641043,-1.4231738035264105,-0.014231738035264105,XAUUSD in-regime 2018-2025
2025-08-15 09:27:00+00:00,2025-08-15 10:08:00+00:00,long,stop,3343.1935000000003,3339.725,3.468500000000404,-1.0,0.19230214790252917,-1.192302147902529,-0.01192302147902529,XAUUSD in-regime 2018-2025
2025-09-01 08:25:00+00:00,2025-09-01 09:54:00+00:00,long,stop,3478.31,3468.615,9.695000000000164,-1.0,0.07735946364105079,-1.0773594636410508,-0.010773594636410509,XAUUSD in-regime 2018-2025
2025-09-10 08:48:00+00:00,2025-09-10 09:36:00+00:00,long,target,3644.865,3649.1745,2.175000000000182,1.981379310344799,0.2804597701149191,1.7009195402298798,0.0170091954022988,XAUUSD in-regime 2018-2025
2025-09-23 13:43:00+00:00,2025-09-23 13:47:00+00:00,long,stop,3784.25,3781.725,2.525000000000091,-1.0,0.37504950495048156,-1.3750495049504816,-0.013750495049504817,XAUUSD in-regime 2018-2025
2025-10-10 13:40:00+00:00,2025-10-10 13:50:00+00:00,long,stop,3993.7,3980.88,12.819999999999709,-1.0,0.07644305772231062,-1.0764430577223105,-0.010764430577223106,XAUUSD in-regime 2018-2025
2025-10-28 07:52:00+00:00,2025-10-28 08:05:00+00:00,long,stop,3932.4700000000003,3924.455,8.015000000000327,-1.0,0.12351840299438048,-1.1235184029943805,-0.011235184029943805,XAUUSD in-regime 2018-2025
2025-11-14 14:24:00+00:00,2025-11-14 14:32:00+00:00,long,stop,4058.295,4042.46,15.835000000000036,-1.0,0.054310072623934204,-1.0543100726239343,-0.010543100726239343,XAUUSD in-regime 2018-2025
2025-11-27 13:39:00+00:00,2025-11-28 00:08:00+00:00,long,target,4155.79,4168.7055,6.385000000000218,2.0227877838683828,0.13782302270947064,1.8849647611589122,0.018849647611589124,XAUUSD in-regime 2018-2025
2025-12-04 13:40:00+00:00,2025-12-04 14:22:00+00:00,long,target,4194.08,4209.461000000001,7.875,1.9531428571430123,0.10158730158730159,1.8515555555557106,0.018515555555557107,XAUUSD in-regime 2018-2025
2025-12-24 15:15:00+00:00,2025-12-24 15:24:00+00:00,long,stop,4474.76,4463.8885,10.871500000000196,-1.0,0.08830428183783126,-1.0883042818378312,-0.010883042818378312,XAUUSD in-regime 2018-2025
2017-01-04 14:31:00+00:00,2017-01-04 14:35:00+00:00,long,stop,1164.8925,1163.434,1.4584999999999582,-1.0,0.2283167637984296,-1.2283167637984296,-0.012283167637984297,"XAUUSD out-of-regime 2017 (1yr, not a full regime test)"
2017-01-12 14:47:00+00:00,2017-01-12 15:40:00+00:00,long,stop,1203.5394999999999,1201.1305,2.408999999999878,-1.0,0.15815691158157713,-1.158156911581577,-0.011581569115815772,"XAUUSD out-of-regime 2017 (1yr, not a full regime test)"
2017-01-24 07:14:00+00:00,2017-01-24 07:52:00+00:00,long,stop,1215.3255,1214.4955000000002,0.8299999999996999,-1.0,0.6421686746990274,-1.6421686746990274,-0.016421686746990273,"XAUUSD out-of-regime 2017 (1yr, not a full regime test)"
2017-02-03 13:40:00+00:00,2017-02-03 14:03:00+00:00,long,target,1213.0705,1217.31,2.1655000000000655,1.9577464788731374,0.23689679057953567,1.7208496882936017,0.017208496882936016,"XAUUSD out-of-regime 2017 (1yr, not a full regime test)"
2017-02-13 15:55:00+00:00,2017-02-13 18:52:00+00:00,long,target,1222.1100000000001,1226.5494999999996,2.2250000000001364,1.9952808988760564,0.1658426966292033,1.8294382022468532,0.018294382022468532,"XAUUSD out-of-regime 2017 (1yr, not a full regime test)"
2017-02-21 08:27:00+00:00,2017-02-21 08:40:00+00:00,long,stop,1234.22,1233.3595,0.8605000000000018,-1.0,0.47646717024985374,-1.4764671702498537,-0.014764671702498539,"XAUUSD out-of-regime 2017 (1yr, not a full regime test)"
2017-02-28 09:14:00+00:00,2017-02-28 09:40:00+00:00,long,stop,1252.9299999999998,1251.2815,1.6484999999997854,-1.0,0.2511373976342456,-1.2511373976342455,-0.012511373976342456,"XAUUSD out-of-regime 2017 (1yr, not a full regime test)"
2017-03-17 09:27:00+00:00,2017-03-17 11:46:00+00:00,long,target,1227.839,1230.6100000000001,1.3704999999997654,2.021889821233608,0.2998905508938857,1.7219992703397224,0.017219992703397226,"XAUUSD out-of-regime 2017 (1yr, not a full regime test)"
2017-03-29 15:31:00+00:00,2017-03-29 15:49:00+00:00,long,stop,1252.6664999999998,1251.375,1.2914999999998145,-1.0,0.2710027100271392,-1.2710027100271393,-0.012710027100271392,"XAUUSD out-of-regime 2017 (1yr, not a full regime test)"
2017-04-06 07:14:00+00:00,2017-04-06 08:24:00+00:00,long,target,1253.67,1255.0885,0.7250000000001364,1.9565517241375554,0.7227586206895192,1.2337931034480363,0.012337931034480363,"XAUUSD out-of-regime 2017 (1yr, not a full regime test)"
2017-04-13 14:44:00+00:00,2017-04-13 17:05:00+00:00,long,target,1284.02,1287.6875,1.8464999999998781,1.9861900893583864,0.20092066070946357,1.7852694286489228,0.017852694286489227,"XAUUSD out-of-regime 2017 (1yr, not a full regime test)"
2017-04-25 07:07:00+00:00,2017-04-25 07:10:00+00:00,long,stop,1272.725,1271.9850000000001,0.7399999999997817,-1.0,0.6878378378380408,-1.6878378378380408,-0.016878378378380406,"XAUUSD out-of-regime 2017 (1yr, not a full regime test)"
2017-05-02 07:25:00+00:00,2017-05-02 07:28:00+00:00,long,stop,1256.7334999999998,1255.9820000000002,0.7514999999996235,-1.0,0.6240851630076314,-1.6240851630076314,-0.016240851630076315,"XAUUSD out-of-regime 2017 (1yr, not a full regime test)"
2017-05-24 07:05:00+00:00,2017-05-24 12:35:00+00:00,long,target,1250.6215,1253.865999999999,1.6214999999997417,2.0009250693799716,0.29663891458530783,1.7042861547946637,0.01704286154794664,"XAUUSD out-of-regime 2017 (1yr, not a full regime test)"
2017-06-01 07:30:00+00:00,2017-06-01 08:11:00+00:00,long,stop,1267.9,1266.4660000000001,1.433999999999969,-1.0,0.3410041841004258,-1.3410041841004259,-0.013410041841004259,"XAUUSD out-of-regime 2017 (1yr, not a full regime test)"
2017-06-12 08:53:00+00:00,2017-06-12 12:40:00+00:00,long,stop,1269.54,1266.8135,2.7264999999999873,-1.0,0.12543554006968702,-1.125435540069687,-0.01125435540069687,"XAUUSD out-of-regime 2017 (1yr, not a full regime test)"
2017-07-24 07:23:00+00:00,2017-07-24 09:19:00+00:00,long,target,1253.897,1257.3504999999996,1.7274999999999636,1.9991316931980865,0.2969609261939281,1.7021707670041584,0.017021707670041585,"XAUUSD out-of-regime 2017 (1yr, not a full regime test)"
2017-07-31 09:55:00+00:00,2017-07-31 11:32:00+00:00,long,target,1267.3515,1269.1105000000002,0.8599999999999,2.0453488372098216,0.41162790697679214,1.6337209302330296,0.016337209302330295,"XAUUSD out-of-regime 2017 (1yr, not a full regime test)"
2017-08-07 13:38:00+00:00,2017-08-08 08:15:00+00:00,long,target,1257.9,1261.3254999999997,1.7149999999999181,1.9973760932943236,0.3032069970845626,1.694169096209761,0.016941690962097612,"XAUUSD out-of-regime 2017 (1yr, not a full regime test)"
2017-08-16 08:05:00+00:00,2017-08-16 09:39:00+00:00,long,stop,1270.4385,1269.8015,0.6369999999999436,-1.0,0.4521193092622065,-1.4521193092622064,-0.014521193092622064,"XAUUSD out-of-regime 2017 (1yr, not a full regime test)"
2017-08-23 14:11:00+00:00,2017-08-23 15:33:00+00:00,long,stop,1288.585,1287.355,1.2300000000000182,-1.0,0.3804878048780432,-1.3804878048780431,-0.01380487804878043,"XAUUSD out-of-regime 2017 (1yr, not a full regime test)"
2017-09-01 08:24:00+00:00,2017-09-01 08:35:00+00:00,long,stop,1319.675,1318.965,0.7100000000000364,-1.0,0.5112676056337767,-1.5112676056337766,-0.015112676056337766,"XAUUSD out-of-regime 2017 (1yr, not a full regime test)"
2017-09-08 14:14:00+00:00,2017-09-08 14:47:00+00:00,long,stop,1347.4920000000002,1345.055,2.4370000000001255,-1.0,0.21337710299547527,-1.2133771029954752,-0.012133771029954752,"XAUUSD out-of-regime 2017 (1yr, not a full regime test)"
2017-09-18 13:32:00+00:00,2017-09-18 14:34:00+00:00,long,stop,1311.9065,1310.566,1.34050000000002,-1.0,0.3580753450205094,-1.3580753450205094,-0.013580753450205095,"XAUUSD out-of-regime 2017 (1yr, not a full regime test)"
2017-10-11 14:24:00+00:00,2017-10-11 14:26:00+00:00,long,stop,1290.0529999999999,1289.2250000000001,0.8279999999997472,-1.0,0.5917874396137074,-1.5917874396137073,-0.015917874396137073,"XAUUSD out-of-regime 2017 (1yr, not a full regime test)"
2017-11-10 09:40:00+00:00,2017-11-10 16:08:00+00:00,long,stop,1284.705,1283.3300000000002,1.3749999999997726,-1.0,0.26181818181822514,-1.2618181818182252,-0.012618181818182252,"XAUUSD out-of-regime 2017 (1yr, not a full regime test)"
2017-11-17 14:00:00+00:00,2017-11-17 16:19:00+00:00,long,target,1284.04,1288.565,2.2549999999998818,2.0066518847008106,0.20753880266076477,1.7991130820400458,0.01799113082040046,"XAUUSD out-of-regime 2017 (1yr, not a full regime test)"
2017-11-27 07:39:00+00:00,2017-11-27 08:03:00+00:00,long,target,1290.625,1292.0285,0.7295000000001437,1.9239204934881673,0.6031528444138634,1.3207676490743039,0.01320767649074304,"XAUUSD out-of-regime 2017 (1yr, not a full regime test)"
2017-12-26 09:56:00+00:00,2017-12-26 13:05:00+00:00,long,target,1278.005,1279.6979999999994,0.8315000000000055,2.03607937462332,0.4209260372820177,1.6151533373413023,0.016151533373413022,"XAUUSD out-of-regime 2017 (1yr, not a full regime test)"
2018-01-03 09:49:00+00:00,2018-01-03 10:18:00+00:00,long,stop,1.2041650000000002,1.2034299999999998,0.0007350000000003742,-1.0,0.1473071088434624,-1.1473071088434623,-0.011473071088434624,EURUSD in-regime 2018-2025
2018-01-15 08:09:00+00:00,2018-01-15 09:48:00+00:00,long,target,1.2218849999999999,1.22542,0.0017449999999998855,2.0257879656162165,0.06270631805158004,1.9630816475646364,0.019630816475646365,EURUSD in-regime 2018-2025
2018-01-24 07:23:00+00:00,2018-01-24 08:10:00+00:00,long,target,1.2310249999999998,1.2325949999999999,0.0007399999999997409,2.121621621622461,0.16218462837843517,1.9594369932440256,0.019594369932440257,EURUSD in-regime 2018-2025
2018-02-01 15:44:00+00:00,2018-02-01 20:01:00+00:00,long,target,1.246335,1.25074,0.002194999999999947,2.0068337129840996,0.05057484054669826,1.9562588724374013,0.019562588724374014,EURUSD in-regime 2018-2025
2018-02-12 14:18:00+00:00,2018-02-12 14:38:00+00:00,long,target,1.224375,1.2256200000000006,0.0006150000000002542,2.0243902439025887,0.17818597560968244,1.8462042682929063,0.018462042682929062,EURUSD in-regime 2018-2025
2018-02-19 15:10:00+00:00,2018-02-19 17:49:00+00:00,long,target,1.238245,1.2409899999999998,0.0013799999999999368,1.989130434782537,0.22535331521740162,1.7637771195651353,0.017637771195651353,EURUSD in-regime 2018-2025
2018-02-27 07:07:00+00:00,2018-02-27 07:48:00+00:00,long,target,1.232965,1.23446,0.000740000000000185,2.020270270269498,0.16235503378374322,1.8579152364857547,0.01857915236485755,EURUSD in-regime 2018-2025
2018-03-07 14:42:00+00:00,2018-03-07 14:51:00+00:00,long,stop,1.241775,1.24082,0.0009550000000000392,-1.0,0.3474524869109806,-1.3474524869109805,-0.013474524869109805,EURUSD in-regime 2018-2025
2018-03-15 14:52:00+00:00,2018-03-15 15:53:00+00:00,long,stop,1.233685,1.2325549999999998,0.0011300000000000754,-1.0,0.10636241150441769,-1.1063624115044177,-0.011063624115044177,EURUSD in-regime 2018-2025
2018-03-22 15:49:00+00:00,2018-03-22 16:09:00+00:00,long,stop,1.23078,1.2299749999999998,0.0008050000000001667,-1.0,0.1242244720496637,-1.1242244720496637,-0.011242244720496637,EURUSD in-regime 2018-2025
2018-04-10 07:30:00+00:00,2018-04-10 11:31:00+00:00,long,target,1.232625,1.2354250000000002,0.0014000000000000679,2.0,0.07151473214285368,1.9284852678571462,0.019284852678571465,EURUSD in-regime 2018-2025
2018-04-17 13:46:00+00:00,2018-04-17 14:03:00+00:00,long,stop,1.235815,1.234695,0.0011200000000000099,-1.0,0.2771576116071405,-1.2771576116071404,-0.012771576116071404,EURUSD in-regime 2018-2025
2018-05-30 09:42:00+00:00,2018-05-30 09:45:00+00:00,short,stop,1.1603050000000001,1.1609800000000001,0.0006749999999999812,-1.0,0.15617751851852288,-1.1561775185185228,-0.011561775185185228,EURUSD in-regime 2018-2025
2018-12-05 08:02:00+00:00,2018-12-05 08:05:00+00:00,short,stop,1.1325699999999999,1.1331650000000002,0.0005950000000003453,-1.0,0.17414630252090735,-1.1741463025209073,-0.011741463025209073,EURUSD in-regime 2018-2025
2019-03-08 13:38:00+00:00,2019-03-08 16:16:00+00:00,short,stop,1.1225049999999999,1.124095,0.0015900000000002024,-1.0,0.06475649371068358,-1.0647564937106835,-0.010647564937106835,EURUSD in-regime 2018-2025
2020-06-12 13:31:00+00:00,2020-06-12 13:33:00+00:00,long,stop,1.13042,1.1297,0.0007200000000000539,-1.0,0.4245120833333015,-1.4245120833333016,-0.014245120833333015,EURUSD in-regime 2018-2025
2020-06-24 14:12:00+00:00,2020-06-24 18:00:00+00:00,long,stop,1.1270099999999998,1.1260549999999998,0.0009550000000000392,-1.0,0.31921188481674073,-1.3192118848167407,-0.013192118848167407,EURUSD in-regime 2018-2025
2020-07-02 07:03:00+00:00,2020-07-02 07:08:00+00:00,long,stop,1.127265,1.126635,0.0006299999999999084,-1.0,0.14805115079367231,-1.1480511507936724,-0.011480511507936724,EURUSD in-regime 2018-2025
2020-07-09 07:59:00+00:00,2020-07-09 08:41:00+00:00,long,stop,1.1337899999999999,1.133065,0.0007249999999998646,-1.0,0.1430294482758888,-1.1430294482758887,-0.011430294482758887,EURUSD in-regime 2018-2025
2020-07-17 07:11:00+00:00,2020-07-17 08:31:00+00:00,long,target,1.1388449999999999,1.1401700000000008,0.0006700000000001705,1.9776119402993608,0.12541033582086358,1.8522016044784972,0.018522016044784973,EURUSD in-regime 2018-2025
2020-07-24 08:36:00+00:00,2020-07-24 08:47:00+00:00,long,stop,1.1609850000000002,1.1596749999999998,0.0013100000000003664,-1.0,0.08050688931295458,-1.0805068893129546,-0.010805068893129545,EURUSD in-regime 2018-2025
2020-08-03 14:03:00+00:00,2020-08-04 03:00:00+00:00,long,target,1.1725249999999998,1.177355,0.0023999999999999577,2.012500000000082,0.1314764062500023,1.8810235937500797,0.018810235937500797,EURUSD in-regime 2018-2025
2020-08-11 13:59:00+00:00,2020-08-11 17:30:00+00:00,long,stop,1.17862,1.1759249999999999,0.002695000000000114,-1.0,0.1176162152133531,-1.117616215213353,-0.011176162152133531,EURUSD in-regime 2018-2025
2020-08-19 13:42:00+00:00,2020-08-19 14:37:00+00:00,long,stop,1.194415,1.1926149999999998,0.0018000000000002458,-1.0,0.17815973611108676,-1.1781597361110867,-0.011781597361110868,EURUSD in-regime 2018-2025
2020-08-27 07:01:00+00:00,2020-08-27 07:05:00+00:00,long,stop,1.18344,1.1826,0.0008399999999999519,-1.0,0.13919476190476987,-1.1391947619047698,-0.011391947619047698,EURUSD in-regime 2018-2025
2020-09-03 07:27:00+00:00,2020-09-03 18:04:00+00:00,long,target,1.181165,1.1853500000000003,0.002100000000000213,1.9928571428570967,0.060369392857136744,1.93248774999996,0.0193248774999996,EURUSD in-regime 2018-2025
2020-09-10 08:23:00+00:00,2020-09-10 11:45:00+00:00,long,target,1.18259,1.1845750000000002,0.0009850000000000136,2.0152284263960385,0.10849578680202895,1.9067326395940096,0.019067326395940096,EURUSD in-regime 2018-2025
2020-09-18 07:02:00+00:00,2020-09-18 07:56:00+00:00,long,stop,1.186375,1.18491,0.0014650000000000496,-1.0,0.07994155290102119,-1.0799415529010212,-0.010799415529010212,EURUSD in-regime 2018-2025
2020-10-06 09:22:00+00:00,2020-10-06 11:30:00+00:00,long,target,1.1779199999999999,1.1790900000000002,0.0005999999999999339,1.9500000000007771,0.19427466666668805,1.755725333334089,0.01755725333334089,EURUSD in-regime 2018-2025
2020-10-19 15:50:00+00:00,2020-10-19 17:49:00+00:00,long,stop,1.17872,1.17796,0.0007600000000000939,-1.0,0.11396947368419644,-1.1139694736841965,-0.011139694736841966,EURUSD in-regime 2018-2025
2020-11-05 08:13:00+00:00,2020-11-05 08:25:00+00:00,long,target,1.174915,1.1770000000000005,0.0010499999999999954,1.9857142857148264,0.10130426190476234,1.884410023810064,0.018844100238100642,EURUSD in-regime 2018-2025
2020-11-12 08:15:00+00:00,2020-11-13 10:00:00+00:00,long,target,1.1787,1.1827650000000003,0.0020700000000000163,1.9637681159421136,0.046674154589371616,1.917093961352742,0.01917093961352742,EURUSD in-regime 2018-2025
2020-11-20 09:45:00+00:00,2020-11-20 09:57:00+00:00,long,stop,1.1865700000000001,1.18571,0.0008600000000000829,-1.0,0.1245663372092903,-1.1245663372092902,-0.011245663372092903,EURUSD in-regime 2018-2025
2020-12-01 13:31:00+00:00,2020-12-01 15:17:00+00:00,long,target,1.197975,1.2009000000000005,0.0014550000000002061,2.0103092783505816,0.06726348797249906,1.9430457903780824,0.019430457903780826,EURUSD in-regime 2018-2025
2020-12-09 13:41:00+00:00,2020-12-09 14:46:00+00:00,long,stop,1.211295,1.2106649999999999,0.0006300000000001305,-1.0,0.17259392857139283,-1.1725939285713929,-0.01172593928571393,EURUSD in-regime 2018-2025
2020-12-16 15:21:00+00:00,2020-12-16 15:22:00+00:00,long,stop,1.2195049999999998,1.2188649999999999,0.0006399999999999739,-1.0,0.4790369921875195,-1.4790369921875195,-0.014790369921875195,EURUSD in-regime 2018-2025
2020-12-29 09:46:00+00:00,2020-12-29 14:50:00+00:00,long,target,1.224735,1.2268649999999997,0.0010649999999998716,2.0,0.11230776995306518,1.8876922300469348,0.018876922300469348,EURUSD in-regime 2018-2025
2021-01-05 14:12:00+00:00,2021-01-05 14:55:00+00:00,long,stop,1.226855,1.226005,0.0008500000000000174,-1.0,0.14087714705882065,-1.1408771470588206,-0.011408771470588205,EURUSD in-regime 2018-2025
2021-01-12 15:17:00+00:00,2021-01-12 17:29:00+00:00,long,target,1.2155049999999998,1.21727,0.0009049999999999336,1.9502762430943292,0.3598272651933965,1.5904489779009328,0.015904489779009327,EURUSD in-regime 2018-2025
2021-01-22 14:54:00+00:00,2021-01-22 15:09:00+00:00,long,target,1.2164199999999998,1.2179450000000003,0.0007699999999999374,1.9805194805202164,0.42319311688315125,1.5573263636370651,0.015573263636370651,EURUSD in-regime 2018-2025
2021-02-10 07:34:00+00:00,2021-02-10 09:33:00+00:00,long,stop,1.213035,1.212265,0.0007700000000001594,-1.0,0.15434711038957843,-1.1543471103895784,-0.011543471103895784,EURUSD in-regime 2018-2025
2021-02-22 14:58:00+00:00,2021-02-22 18:43:00+00:00,long,target,1.214455,1.2169050000000006,0.0012100000000001554,2.024793388429911,0.26065861570244586,1.7641347727274654,0.017641347727274655,EURUSD in-regime 2018-2025
2021-04-14 07:32:00+00:00,2021-04-14 07:36:00+00:00,long,stop,1.196805,1.196185,0.0006199999999998429,-1.0,0.17385858870972143,-1.1738585887097215,-0.011738585887097214,EURUSD in-regime 2018-2025
2021-04-21 08:21:00+00:00,2021-04-21 08:57:00+00:00,long,stop,1.20138,1.200525,0.0008549999999998281,-1.0,0.11472479532166047,-1.1147247953216604,-0.011147247953216604,EURUSD in-regime 2018-2025
2021-04-29 15:29:00+00:00,2021-04-30 07:26:00+00:00,long,stop,1.21169,1.21058,0.0011099999999999444,-1.0,0.09798184684685175,-1.0979818468468518,-0.010979818468468518,EURUSD in-regime 2018-2025
2021-05-10 07:06:00+00:00,2021-05-10 07:11:00+00:00,long,stop,1.215965,1.21535,0.0006150000000000322,-1.0,0.19355727642275405,-1.193557276422754,-0.01193557276422754,EURUSD in-regime 2018-2025
2021-05-17 07:23:00+00:00,2021-05-17 07:45:00+00:00,long,stop,1.214475,1.2137649999999998,0.0007100000000002105,-1.0,0.16752235915487992,-1.16752235915488,-0.0116752235915488,EURUSD in-regime 2018-2025
2021-05-27 14:01:00+00:00,2021-05-28 05:42:00+00:00,long,stop,1.2192150000000002,1.2180699999999998,0.0011450000000003957,-1.0,0.26769914847152326,-1.2676991484715232,-0.012676991484715232,EURUSD in-regime 2018-2025
2021-06-08 14:01:00+00:00,2021-06-08 19:47:00+00:00,long,stop,1.218095,1.217335,0.0007599999999998719,-1.0,0.41612148026322804,-1.416121480263228,-0.01416121480263228,EURUSD in-regime 2018-2025
2021-06-16 14:01:00+00:00,2021-06-16 18:00:00+00:00,long,stop,1.21219,1.211155,0.0010350000000001192,-1.0,0.30421705314006164,-1.3042170531400616,-0.013042170531400617,EURUSD in-regime 2018-2025
2021-11-23 08:16:00+00:00,2021-11-23 08:22:00+00:00,short,stop,1.12535,1.12599,0.0006399999999999739,-1.0,0.16116835937500656,-1.1611683593750066,-0.011611683593750066,EURUSD in-regime 2018-2025
2022-09-20 07:50:00+00:00,2022-09-20 08:07:00+00:00,short,target,1.00356,1.002114999999999,0.0006850000000002687,2.109489051095565,0.1828195620437239,1.9266694890518412,0.019266694890518413,EURUSD in-regime 2018-2025
2022-12-21 15:16:00+00:00,2022-12-21 16:51:00+00:00,long,stop,1.06116,1.0598349999999999,0.0013250000000002427,-1.0,0.225941584905619,-1.225941584905619,-0.012259415849056191,EURUSD in-regime 2018-2025
2023-01-02 08:37:00+00:00,2023-01-02 15:49:00+00:00,long,stop,1.06834,1.06639,0.0019500000000001183,-1.0,0.08689338461537935,-1.0868933846153794,-0.010868933846153795,EURUSD in-regime 2018-2025
2023-01-12 07:46:00+00:00,2023-01-12 07:49:00+00:00,long,stop,1.07617,1.075585,0.0005850000000000577,-1.0,0.18795051282049433,-1.1879505128204944,-0.011879505128204943,EURUSD in-regime 2018-2025
2023-01-20 07:25:00+00:00,2023-01-20 12:00:00+00:00,long,stop,1.08419,1.082425,0.0017650000000000166,-1.0,0.05692484419263402,-1.056924844192634,-0.01056924844192634,EURUSD in-regime 2018-2025
2023-01-27 14:56:00+00:00,2023-01-27 15:44:00+00:00,long,stop,1.086665,1.084585,0.002080000000000082,-1.0,0.1468107091346096,-1.1468107091346096,-0.011468107091346096,EURUSD in-regime 2018-2025
2023-02-06 09:41:00+00:00,2023-02-06 09:49:00+00:00,long,stop,1.077795,1.0771399999999998,0.0006550000000002942,-1.0,0.1680254580151917,-1.1680254580151916,-0.011680254580151917,EURUSD in-regime 2018-2025
2023-02-14 07:06:00+00:00,2023-02-14 07:25:00+00:00,long,stop,1.074335,1.0735049999999997,0.0008300000000003305,-1.0,0.13232743975898345,-1.1323274397589835,-0.011323274397589836,EURUSD in-regime 2018-2025
2023-03-07 07:27:00+00:00,2023-03-07 08:11:00+00:00,long,stop,1.0689199999999999,1.0675299999999999,0.0013900000000000023,-1.0,0.08595669064748186,-1.0859566906474818,-0.010859566906474818,EURUSD in-regime 2018-2025
2023-03-15 07:22:00+00:00,2023-03-15 07:38:00+00:00,long,stop,1.073915,1.0730949999999997,0.000820000000000265,-1.0,0.12171277439020457,-1.1217127743902047,-0.011217127743902046,EURUSD in-regime 2018-2025
2023-03-23 08:54:00+00:00,2023-03-23 08:56:00+00:00,long,stop,1.090585,1.089675,0.0009099999999999664,-1.0,0.11086596153846562,-1.1108659615384657,-0.011108659615384658,EURUSD in-regime 2018-2025
2023-03-31 09:11:00+00:00,2023-03-31 10:47:00+00:00,long,stop,1.0883349999999998,1.0874949999999999,0.0008399999999999519,-1.0,0.11993068452381637,-1.1199306845238164,-0.011199306845238163,EURUSD in-regime 2018-2025
2023-04-10 07:20:00+00:00,2023-04-10 11:20:00+00:00,long,stop,1.0909550000000001,1.089495,0.0014600000000000168,-1.0,0.07596717465753337,-1.0759671746575334,-0.010759671746575335,EURUSD in-regime 2018-2025
2023-04-18 14:00:00+00:00,2023-04-19 09:26:00+00:00,long,stop,1.095785,1.0944299999999998,0.0013550000000002171,-1.0,0.21956418819184673,-1.2195641881918466,-0.012195641881918467,EURUSD in-regime 2018-2025
2023-04-27 07:01:00+00:00,2023-04-27 07:05:00+00:00,long,stop,1.1056499999999998,1.10497,0.0006799999999997919,-1.0,0.13509889705886488,-1.135098897058865,-0.011350988970588649,EURUSD in-regime 2018-2025
2023-05-05 07:34:00+00:00,2023-05-05 07:39:00+00:00,long,stop,1.103895,1.103235,0.000660000000000105,-1.0,0.15417147727270278,-1.1541714772727028,-0.011541714772727028,EURUSD in-regime 2018-2025
2023-06-15 07:55:00+00:00,2023-06-15 08:48:00+00:00,long,target,1.081995,1.0836899999999994,0.0008399999999999519,2.017857142856468,0.11944008928572115,1.8984170535707465,0.018984170535707466,EURUSD in-regime 2018-2025
2023-06-23 08:29:00+00:00,2023-06-23 08:41:00+00:00,long,stop,1.087065,1.0861249999999998,0.0009400000000001629,-1.0,0.10708428191487507,-1.107084281914875,-0.01107084281914875,EURUSD in-regime 2018-2025
2023-07-03 08:18:00+00:00,2023-07-03 11:18:00+00:00,long,target,1.08827,1.0904749999999996,0.0010950000000000681,2.0136986301364668,0.10113018264839554,1.9125684474880713,0.019125684474880715,EURUSD in-regime 2018-2025
2023-07-11 13:35:00+00:00,2023-07-12 00:28:00+00:00,long,target,1.0990799999999998,1.1018150000000007,0.0013750000000001261,1.9890909090913231,0.20238821818179958,1.7867026909095236,0.017867026909095238,EURUSD in-regime 2018-2025
2023-07-18 14:12:00+00:00,2023-07-18 16:05:00+00:00,long,stop,1.123265,1.12204,0.0012250000000000316,-1.0,0.23181002040815726,-1.2318100204081572,-0.012318100204081573,EURUSD in-regime 2018-2025
2023-07-25 15:16:00+00:00,2023-07-26 18:40:00+00:00,long,target,1.10456,1.1093349999999997,0.002394999999999925,1.9937369519832573,0.046679081419625686,1.9470578705636317,0.019470578705636316,EURUSD in-regime 2018-2025
2023-08-02 07:38:00+00:00,2023-08-02 08:06:00+00:00,long,stop,1.0993499999999998,1.098495,0.0008549999999998281,-1.0,0.11866403508774313,-1.118664035087743,-0.01118664035087743,EURUSD in-regime 2018-2025
2023-08-10 15:28:00+00:00,2023-08-10 17:02:00+00:00,long,stop,1.1018050000000001,1.1009049999999998,0.000900000000000345,-1.0,0.09068591666663191,-1.0906859166666318,-0.01090685916666632,EURUSD in-regime 2018-2025
2023-11-29 08:21:00+00:00,2023-11-29 09:05:00+00:00,long,stop,1.09927,1.0983699999999998,0.0009000000000001229,-1.0,0.12383616666664975,-1.1238361666666496,-0.011238361666666497,EURUSD in-regime 2018-2025
2023-12-07 13:46:00+00:00,2023-12-07 15:00:00+00:00,long,stop,1.0787499999999999,1.0769199999999999,0.0018299999999999983,-1.0,0.05470969945355196,-1.0547096994535519,-0.010547096994535519,EURUSD in-regime 2018-2025
2023-12-15 07:17:00+00:00,2023-12-15 08:12:00+00:00,long,target,1.098675,1.0998699999999997,0.0005900000000000905,2.025423728812593,0.1718879237287872,1.8535358050838058,0.018535358050838058,EURUSD in-regime 2018-2025
2023-12-22 07:26:00+00:00,2023-12-22 10:26:00+00:00,long,target,1.100075,1.101515,0.0007200000000000539,2.0,0.12709010416665714,1.8729098958333428,0.01872909895833343,EURUSD in-regime 2018-2025
2023-12-29 14:19:00+00:00,2023-12-29 14:48:00+00:00,long,target,1.105265,1.106500000000001,0.000580000000000247,2.129310344828378,0.1755900431033735,1.9537203017250047,0.019537203017250048,EURUSD in-regime 2018-2025
2024-01-10 15:05:00+00:00,2024-01-10 15:31:00+00:00,long,target,1.09379,1.0950550000000008,0.0006250000000003197,2.024000000000145,0.44326503999977324,1.5807349600003715,0.015807349600003715,EURUSD in-regime 2018-2025
2024-02-23 14:34:00+00:00,2024-02-23 14:45:00+00:00,long,stop,1.0834700000000002,1.0827099999999998,0.000760000000000316,-1.0,0.3613361184209025,-1.3613361184209025,-0.013613361184209026,EURUSD in-regime 2018-2025
2024-03-01 15:33:00+00:00,2024-03-07 14:56:00+00:00,long,target,1.08382,1.0917800000000002,0.003980000000000095,2.0,0.022725703517587396,1.9772742964824126,0.019772742964824126,EURUSD in-regime 2018-2025
2024-03-11 14:57:00+00:00,2024-03-11 15:31:00+00:00,long,stop,1.09229,1.0916849999999998,0.0006050000000001887,-1.0,0.15041132231400264,-1.1504113223140027,-0.011504113223140027,EURUSD in-regime 2018-2025
2024-04-09 07:14:00+00:00,2024-04-09 07:57:00+00:00,long,stop,1.085845,1.08516,0.0006850000000000467,-1.0,0.13223346715327566,-1.1322334671532757,-0.011322334671532756,EURUSD in-regime 2018-2025
2024-06-06 09:02:00+00:00,2024-06-06 11:18:00+00:00,long,stop,1.08771,1.0870849999999999,0.0006250000000000977,-1.0,0.14512183999997733,-1.1451218399999774,-0.011451218399999774,EURUSD in-regime 2018-2025
2024-07-18 14:49:00+00:00,2024-07-18 18:10:00+00:00,long,stop,1.09105,1.09048,0.0005700000000001815,-1.0,0.15950570175433518,-1.159505701754335,-0.011595057017543351,EURUSD in-regime 2018-2025
2024-07-26 13:54:00+00:00,2024-07-26 14:25:00+00:00,long,stop,1.08648,1.0858999999999999,0.0005800000000000249,-1.0,0.4746944827586004,-1.4746944827586004,-0.014746944827586005,EURUSD in-regime 2018-2025
2024-08-06 07:20:00+00:00,2024-08-06 07:26:00+00:00,long,stop,1.0938599999999998,1.0932549999999999,0.0006049999999999667,-1.0,0.1671089256198439,-1.167108925619844,-0.01167108925619844,EURUSD in-regime 2018-2025
2024-08-21 07:10:00+00:00,2024-08-21 07:47:00+00:00,long,stop,1.11238,1.1113549999999999,0.0010250000000000536,-1.0,0.09005336585365384,-1.0900533658536538,-0.010900533658536538,EURUSD in-regime 2018-2025
2024-08-28 09:19:00+00:00,2024-08-28 09:50:00+00:00,long,stop,1.1142850000000002,1.1136349999999997,0.0006500000000004835,-1.0,0.142197730769125,-1.1421977307691251,-0.01142197730769125,EURUSD in-regime 2018-2025
2024-09-04 09:38:00+00:00,2024-09-04 10:55:00+00:00,long,stop,1.105615,1.1050449999999998,0.0005700000000001815,-1.0,0.16116662280696625,-1.1611666228069661,-0.011611666228069662,EURUSD in-regime 2018-2025
2024-09-11 14:18:00+00:00,2024-09-11 14:26:00+00:00,long,stop,1.10124,1.100615,0.0006250000000000977,-1.0,0.4620662399999278,-1.4620662399999278,-0.014620662399999278,EURUSD in-regime 2018-2025
2024-09-20 15:44:00+00:00,2024-09-23 07:11:00+00:00,long,stop,1.115345,1.1138449999999998,0.0015000000000002789,-1.0,0.06166494999998853,-1.0616649499999886,-0.010616649499999886,EURUSD in-regime 2018-2025
2024-09-30 07:56:00+00:00,2024-09-30 08:44:00+00:00,long,target,1.1173199999999999,1.1199650000000005,0.0013300000000000534,1.9887218045117057,0.06964345864661375,1.919078345865092,0.01919078345865092,EURUSD in-regime 2018-2025
2024-11-27 08:45:00+00:00,2024-11-27 13:30:00+00:00,short,stop,1.052035,1.05387,0.001835000000000031,-1.0,0.059063910081742874,-1.059063910081743,-0.01059063910081743,EURUSD in-regime 2018-2025
2025-03-28 07:16:00+00:00,2025-03-28 07:29:00+00:00,long,target,1.0788099999999998,1.0799250000000002,0.0005800000000000249,1.9224137931040919,0.2243493965517145,1.6980643965523774,0.016980643965523776,EURUSD in-regime 2018-2025
2025-04-04 09:59:00+00:00,2025-04-04 10:05:00+00:00,long,stop,1.098465,1.0972899999999999,0.0011750000000001481,-1.0,0.12034061702126143,-1.1203406170212615,-0.011203406170212616,EURUSD in-regime 2018-2025
2025-04-11 15:37:00+00:00,2025-04-11 16:00:00+00:00,long,stop,1.13436,1.13176,0.0025999999999999357,-1.0,0.05143592307692435,-1.0514359230769244,-0.010514359230769243,EURUSD in-regime 2018-2025
2025-04-21 07:01:00+00:00,2025-04-21 07:21:00+00:00,long,target,1.15114,1.1523200000000002,0.0006050000000001887,1.9504132231401865,0.22284975206604618,1.7275634710741403,0.017275634710741405,EURUSD in-regime 2018-2025
2025-04-30 07:58:00+00:00,2025-04-30 08:00:00+00:00,long,stop,1.13814,1.1374149999999998,0.0007250000000000867,-1.0,0.18479875862066758,-1.1847987586206676,-0.011847987586206676,EURUSD in-regime 2018-2025
2025-05-07 14:02:00+00:00,2025-05-07 14:08:00+00:00,long,stop,1.1364450000000001,1.1356749999999998,0.0007700000000003815,-1.0,0.41177217532447136,-1.4117721753244714,-0.014117721753244715,EURUSD in-regime 2018-2025
2025-05-15 15:13:00+00:00,2025-05-15 15:35:00+00:00,long,stop,1.11916,1.1177899999999998,0.0013700000000000934,-1.0,0.08229591240875352,-1.0822959124087534,-0.010822959124087535,EURUSD in-regime 2018-2025
2025-05-27 08:49:00+00:00,2025-05-27 08:54:00+00:00,long,stop,1.135465,1.1347099999999999,0.0007550000000000612,-1.0,0.1639804304635629,-1.1639804304635628,-0.011639804304635628,EURUSD in-regime 2018-2025
2025-06-05 09:16:00+00:00,2025-06-05 12:30:00+00:00,long,target,1.1418249999999999,1.1436100000000002,0.0008999999999999009,1.9833333333339624,0.13802069444445964,1.845312638889503,0.01845312638889503,EURUSD in-regime 2018-2025
2025-06-17 07:58:00+00:00,2025-06-17 12:30:00+00:00,long,target,1.15586,1.157655,0.0008600000000000829,2.0872093023253697,0.14550104651161389,1.9417082558137557,0.01941708255813756,EURUSD in-regime 2018-2025
2025-06-30 07:01:00+00:00,2025-06-30 08:00:00+00:00,long,stop,1.174015,1.1720749999999998,0.0019400000000002748,-1.0,0.06510874999999076,-1.0651087499999907,-0.010651087499999908,EURUSD in-regime 2018-2025
2025-07-09 08:41:00+00:00,2025-07-09 10:40:00+00:00,long,stop,1.171735,1.1703399999999997,0.0013950000000002571,-1.0,0.08327080645159757,-1.0832708064515977,-0.010832708064515978,EURUSD in-regime 2018-2025
2025-07-17 07:22:00+00:00,2025-07-17 08:14:00+00:00,long,target,1.15816,1.159685,0.000740000000000185,2.0608108108102936,0.12875729729726515,1.9320535135130283,0.019320535135130285,EURUSD in-regime 2018-2025
2025-08-07 15:37:00+00:00,2025-08-08 00:00:00+00:00,long,target,1.16356,1.1678900000000003,0.0021500000000000963,2.013953488372184,0.049130883720928026,1.9648226046512558,0.01964822604651256,EURUSD in-regime 2018-2025
2025-08-18 07:26:00+00:00,2025-08-18 07:49:00+00:00,long,stop,1.17007,1.1693999999999998,0.0006700000000001705,-1.0,0.1433649999999635,-1.1433649999999635,-0.011433649999999636,EURUSD in-regime 2018-2025
2025-08-29 07:04:00+00:00,2025-08-29 08:30:00+00:00,long,target,1.1667399999999999,1.167975,0.0006099999999999994,2.024590163934587,0.18989852459016407,1.834691639344423,0.01834691639344423,EURUSD in-regime 2018-2025
2025-09-09 15:37:00+00:00,2025-09-09 17:29:00+00:00,long,stop,1.1723599999999998,1.1716499999999999,0.0007099999999999884,-1.0,0.13549774647887547,-1.1354977464788756,-0.011354977464788757,EURUSD in-regime 2018-2025
2025-09-19 07:21:00+00:00,2025-09-19 07:45:00+00:00,long,stop,1.177295,1.17661,0.0006850000000000467,-1.0,0.19930536496349005,-1.19930536496349,-0.0119930536496349,EURUSD in-regime 2018-2025
2025-09-29 07:18:00+00:00,2025-09-29 08:20:00+00:00,long,stop,1.1731,1.1717099999999998,0.0013900000000002244,-1.0,0.06205143884891084,-1.0620514388489108,-0.010620514388489108,EURUSD in-regime 2018-2025
2025-10-17 07:16:00+00:00,2025-10-17 07:20:00+00:00,long,stop,1.1712600000000002,1.170215,0.0010450000000001847,-1.0,0.13983913875595613,-1.139839138755956,-0.011398391387559562,EURUSD in-regime 2018-2025
2025-12-01 07:13:00+00:00,2025-12-01 07:49:00+00:00,long,target,1.15984,1.16127,0.0006999999999999229,2.0428571428574283,0.13627085714287213,1.9065862857145561,0.019065862857145562,EURUSD in-regime 2018-2025
2025-12-08 15:56:00+00:00,2025-12-08 16:24:00+00:00,long,stop,1.162385,1.16173,0.0006550000000000722,-1.0,0.17641988549616378,-1.1764198854961638,-0.011764198854961638,EURUSD in-regime 2018-2025
2025-12-17 07:40:00+00:00,2025-12-17 10:53:00+00:00,long,target,1.17104,1.1722900000000003,0.000640000000000196,1.9531249999997073,0.150183749999954,1.8029412499997532,0.018029412499997535,EURUSD in-regime 2018-2025
2025-12-25 07:30:00+00:00,2025-12-25 07:40:00+00:00,long,stop,1.1782050000000002,1.1775849999999999,0.000620000000000287,-1.0,2.5751343951600982,-3.5751343951600982,-0.03575134395160098,EURUSD in-regime 2018-2025
2013-01-16 07:30:00+00:00,2013-01-16 07:30:00+00:00,long,stop,1.32883,1.3280699999999999,0.0007600000000000939,-1.0,0.16628151315787418,-1.166281513157874,-0.011662815131578741,EURUSD out-of-regime 2013-2017 (full 5yr)
2013-01-29 13:53:00+00:00,2013-01-29 14:34:00+00:00,long,target,1.344425,1.34761,0.0015849999999999476,2.0094637223975385,0.0803707413249238,1.9290929810726147,0.019290929810726148,EURUSD out-of-regime 2013-2017 (full 5yr)
2013-02-05 15:13:00+00:00,2013-02-06 13:04:00+00:00,long,stop,1.3547500000000001,1.3503999999999998,0.004350000000000298,-1.0,0.08238304597700585,-1.0823830459770059,-0.010823830459770058,EURUSD out-of-regime 2013-2017 (full 5yr)
2013-02-13 14:03:00+00:00,2013-02-13 14:20:00+00:00,long,stop,1.3478750000000002,1.346805,0.0010700000000001264,-1.0,0.11926343457942519,-1.1192634345794252,-0.011192634345794253,EURUSD out-of-regime 2013-2017 (full 5yr)
2013-06-24 13:41:00+00:00,2013-06-24 14:03:00+00:00,short,target,1.309695,1.3081249999999998,0.0007099999999999884,2.211267605634252,0.48982862676057143,1.7214389788736806,0.017214389788736805,EURUSD out-of-regime 2013-2017 (full 5yr)
2013-08-02 07:02:00+00:00,2013-08-02 07:06:00+00:00,long,stop,1.321955,1.3212149999999998,0.000740000000000185,-1.0,0.17017172297293043,-1.1701717229729305,-0.011701717229729305,EURUSD out-of-regime 2013-2017 (full 5yr)
2013-08-09 08:23:00+00:00,2013-08-09 09:55:00+00:00,long,target,1.3375599999999999,1.3389599999999997,0.0006999999999999229,2.0,0.15277342857144538,1.8472265714285547,0.01847226571428555,EURUSD out-of-regime 2013-2017 (full 5yr)
2013-08-19 07:39:00+00:00,2013-08-19 10:00:00+00:00,long,target,1.3328099999999998,1.3344300000000004,0.0008250000000000757,1.9636363636369363,0.14137290909089612,1.82226345454604,0.0182226345454604,EURUSD out-of-regime 2013-2017 (full 5yr)
2013-08-30 08:16:00+00:00,2013-08-30 09:55:00+00:00,long,stop,1.3245,1.3233399999999997,0.001160000000000272,-1.0,0.1000797413792869,-1.1000797413792869,-0.01100079741379287,EURUSD out-of-regime 2013-2017 (full 5yr)
2013-09-10 09:49:00+00:00,2013-09-10 11:49:00+00:00,long,stop,1.3243399999999999,1.3235599999999998,0.0007800000000000029,-1.0,0.12318217948717901,-1.123182179487179,-0.011231821794871791,EURUSD out-of-regime 2013-2017 (full 5yr)
2013-09-17 15:33:00+00:00,2013-09-18 00:54:00+00:00,long,stop,1.335655,1.3347449999999998,0.0009100000000001884,-1.0,0.11738195054942623,-1.1173819505494262,-0.011173819505494263,EURUSD out-of-regime 2013-2017 (full 5yr)
2013-09-25 13:46:00+00:00,2013-09-25 15:17:00+00:00,long,target,1.3504200000000002,1.3520800000000004,0.000860000000000305,1.9302325581391027,0.39226593023241907,1.5379666279066835,0.015379666279066836,EURUSD out-of-regime 2013-2017 (full 5yr)
2013-10-03 13:53:00+00:00,2013-10-03 14:04:00+00:00,long,target,1.3601,1.3624100000000006,0.001140000000000141,2.0263157894738533,0.2891434210525959,1.7371723684212574,0.017371723684212574,EURUSD out-of-regime 2013-2017 (full 5yr)
2013-10-11 07:52:00+00:00,2013-10-11 16:28:00+00:00,long,stop,1.3556599999999999,1.35333,0.0023299999999999432,-1.0,0.042110686695279995,-1.04211068669528,-0.0104211068669528,EURUSD out-of-regime 2013-2017 (full 5yr)
2013-10-25 08:38:00+00:00,2013-10-25 09:31:00+00:00,long,stop,1.3820299999999999,1.380835,0.001194999999999835,-1.0,0.09190958158997081,-1.0919095815899709,-0.010919095815899709,EURUSD out-of-regime 2013-2017 (full 5yr)
2013-11-19 07:09:00+00:00,2013-11-19 08:03:00+00:00,long,target,1.351635,1.353515,0.0009699999999999154,1.9381443298971834,0.12150131443300027,1.8166430154641833,0.018166430154641835,EURUSD out-of-regime 2013-2017 (full 5yr)
2013-11-26 07:19:00+00:00,2013-11-26 08:18:00+00:00,long,target,1.353545,1.3551300000000002,0.0008000000000001339,1.9812499999998803,0.12247553124997948,1.8587744687499008,0.01858774468749901,EURUSD out-of-regime 2013-2017 (full 5yr)
2013-12-03 15:06:00+00:00,2013-12-03 16:49:00+00:00,long,target,1.3585699999999998,1.3612199999999999,0.0013099999999999223,2.02290076335893,0.2666137022900921,1.7562870610688381,0.017562870610688383,EURUSD out-of-regime 2013-2017 (full 5yr)
2013-12-11 07:36:00+00:00,2013-12-11 08:08:00+00:00,long,stop,1.3770250000000002,1.376205,0.000820000000000265,-1.0,0.14573978658531878,-1.1457397865853187,-0.011457397865853187,EURUSD out-of-regime 2013-2017 (full 5yr)
2013-12-19 13:42:00+00:00,2013-12-19 15:11:00+00:00,long,stop,1.3666749999999999,1.3658599999999999,0.0008150000000000102,-1.0,0.14580843558282025,-1.1458084355828202,-0.011458084355828202,EURUSD out-of-regime 2013-2017 (full 5yr)
2013-12-26 15:22:00+00:00,2013-12-27 00:47:00+00:00,long,target,1.36883,1.3703250000000007,0.0007550000000000612,1.9801324503318796,0.46579476821188276,1.5143376821199968,0.015143376821199967,EURUSD out-of-regime 2013-2017 (full 5yr)
2014-01-03 07:27:00+00:00,2014-01-03 07:52:00+00:00,long,stop,1.36582,1.3648449999999999,0.0009750000000001702,-1.0,0.13208030769228465,-1.1320803076922847,-0.011320803076922847,EURUSD out-of-regime 2013-2017 (full 5yr)
2014-01-10 13:53:00+00:00,2014-01-17 13:15:00+00:00,long,stop,1.364115,1.357635,0.006480000000000041,-1.0,0.018312881944444328,-1.0183128819444442,-0.010183128819444442,EURUSD out-of-regime 2013-2017 (full 5yr)
2014-01-23 13:44:00+00:00,2014-01-23 13:54:00+00:00,long,target,1.36439,1.3665349999999998,0.0010799999999999699,1.9861111111110197,0.10063458333333615,1.8854765277776835,0.018854765277776835,EURUSD out-of-regime 2013-2017 (full 5yr)
2014-02-11 08:07:00+00:00,2014-02-11 13:33:00+00:00,long,stop,1.367115,1.36608,0.0010350000000001192,-1.0,0.09551929951689721,-1.0955192995168972,-0.010955192995168972,EURUSD out-of-regime 2013-2017 (full 5yr)
2014-02-18 09:01:00+00:00,2014-02-18 13:30:00+00:00,long,target,1.3718,1.3743199999999995,0.001274999999999915,1.9764705882351383,0.08562117647059393,1.8908494117645445,0.018908494117645443,EURUSD out-of-regime 2013-2017 (full 5yr)
2014-02-25 14:40:00+00:00,2014-02-25 15:06:00+00:00,long,stop,1.37608,1.37503,0.0010499999999999954,-1.0,0.32702742857143,-1.32702742857143,-0.013270274285714301,EURUSD out-of-regime 2013-2017 (full 5yr)
2014-03-05 14:39:00+00:00,2014-03-05 14:50:00+00:00,long,stop,1.37257,1.37173,0.0008400000000001739,-1.0,0.41970708333324647,-1.4197070833332464,-0.014197070833332465,EURUSD out-of-regime 2013-2017 (full 5yr)
2014-03-13 13:48:00+00:00,2014-03-13 14:31:00+00:00,long,stop,1.394935,1.39383,0.0011050000000001337,-1.0,0.30571015837100374,-1.3057101583710038,-0.013057101583710038,EURUSD out-of-regime 2013-2017 (full 5yr)
2014-03-20 14:10:00+00:00,2014-03-21 13:48:00+00:00,long,target,1.376825,1.3805300000000003,0.0018600000000001948,1.9919354838709158,0.18470638440858278,1.807229099462333,0.01807229099462333,EURUSD out-of-regime 2013-2017 (full 5yr)
2014-04-08 07:54:00+00:00,2014-04-08 13:27:00+00:00,long,target,1.376195,1.3806050000000005,0.0021900000000001363,2.013698630137075,0.05454460045661761,1.9591540296804575,0.019591540296804575,EURUSD out-of-regime 2013-2017 (full 5yr)
2014-04-15 08:29:00+00:00,2014-04-15 08:35:00+00:00,long,stop,1.380585,1.37973,0.0008550000000000502,-1.0,0.12834856725145444,-1.1283485672514544,-0.011283485672514543,EURUSD out-of-regime 2013-2017 (full 5yr)
2014-04-22 15:55:00+00:00,2014-04-23 06:07:00+00:00,long,target,1.38032,1.382635,0.0011499999999999844,2.013043478260955,0.09540939130434911,1.917634086956606,0.01917634086956606,EURUSD out-of-regime 2013-2017 (full 5yr)
2014-04-30 09:02:00+00:00,2014-04-30 09:20:00+00:00,long,target,1.3802400000000001,1.3829650000000002,0.0013850000000001916,1.9675090252705498,0.07921703971118038,1.8882919855593694,0.018882919855593695,EURUSD out-of-regime 2013-2017 (full 5yr)
2014-05-08 08:22:00+00:00,2014-05-08 11:45:00+00:00,long,target,1.3933499999999999,1.3950099999999996,0.0008299999999998864,2.0,0.13321415662652425,1.8667858433734756,0.018667858433734755,EURUSD out-of-regime 2013-2017 (full 5yr)
2014-06-30 09:26:00+00:00,2014-06-30 09:38:00+00:00,long,stop,1.365955,1.36521,0.0007449999999999957,-1.0,0.1326001006711417,-1.1326001006711417,-0.011326001006711417,EURUSD out-of-regime 2013-2017 (full 5yr)
2014-07-15 14:02:00+00:00,2014-07-15 14:04:00+00:00,short,stop,1.3599350000000001,1.3606300000000002,0.0006950000000001122,-1.0,0.5029996043164656,-1.5029996043164657,-0.015029996043164658,EURUSD out-of-regime 2013-2017 (full 5yr)
2015-06-29 15:10:00+00:00,2015-06-29 15:17:00+00:00,short,stop,1.115895,1.1168600000000002,0.0009650000000001047,-1.0,0.09588930051812432,-1.0958893005181243,-0.010958893005181243,EURUSD out-of-regime 2013-2017 (full 5yr)
2016-03-22 09:52:00+00:00,2016-03-22 10:18:00+00:00,long,stop,1.1208,1.1198499999999998,0.0009500000000002284,-1.0,0.08721263157892639,-1.0872126315789263,-0.010872126315789264,EURUSD out-of-regime 2013-2017 (full 5yr)
2016-03-29 09:58:00+00:00,2016-03-29 16:21:00+00:00,long,target,1.1201050000000001,1.1249099999999999,0.002395000000000147,2.006263048016464,0.03875024008350494,1.967512807932959,0.019675128079329588,EURUSD out-of-regime 2013-2017 (full 5yr)
2016-04-07 14:03:00+00:00,2016-04-07 14:50:00+00:00,long,target,1.136095,1.1385400000000003,0.0012750000000001371,1.9176470588235213,0.23292731372546513,1.6847197450980562,0.016847197450980563,EURUSD out-of-regime 2013-2017 (full 5yr)
2016-04-15 07:41:00+00:00,2016-04-15 07:53:00+00:00,long,stop,1.125765,1.12516,0.0006049999999999667,-1.0,0.15400780991736385,-1.1540078099173638,-0.011540078099173639,EURUSD out-of-regime 2013-2017 (full 5yr)
2016-04-22 08:16:00+00:00,2016-04-22 08:40:00+00:00,long,stop,1.12881,1.1278399999999997,0.0009700000000003595,-1.0,0.09626046391749009,-1.09626046391749,-0.0109626046391749,EURUSD out-of-regime 2013-2017 (full 5yr)
2016-04-29 08:48:00+00:00,2016-04-29 10:55:00+00:00,long,target,1.138325,1.1398450000000002,0.0007750000000001922,1.9612903225804013,0.12127887096771187,1.8400114516126893,0.018400114516126893,EURUSD out-of-regime 2013-2017 (full 5yr)
2016-05-06 14:50:00+00:00,2016-05-06 18:04:00+00:00,long,stop,1.14282,1.1403449999999997,0.002475000000000227,-1.0,0.04617507070706647,-1.0461750707070665,-0.010461750707070665,EURUSD out-of-regime 2013-2017 (full 5yr)
2016-06-07 07:42:00+00:00,2016-06-07 11:17:00+00:00,long,stop,1.13685,1.1354999999999997,0.0013500000000001844,-1.0,0.06955203703702754,-1.0695520370370275,-0.010695520370370274,EURUSD out-of-regime 2013-2017 (full 5yr)
2016-06-17 13:41:00+00:00,2016-06-17 14:59:00+00:00,long,stop,1.12717,1.1246949999999998,0.002475000000000227,-1.0,0.11510503030301975,-1.1151050303030197,-0.011151050303030197,EURUSD out-of-regime 2013-2017 (full 5yr)
2016-08-23 07:06:00+00:00,2016-08-23 09:25:00+00:00,long,stop,1.13387,1.13292,0.0009500000000000064,-1.0,0.09863321052631513,-1.098633210526315,-0.01098633210526315,EURUSD out-of-regime 2013-2017 (full 5yr)
2016-09-06 14:22:00+00:00,2016-09-16 15:03:00+00:00,long,stop,1.1222400000000001,1.1159949999999998,0.006245000000000278,-1.0,0.045432570056042815,-1.0454325700560427,-0.010454325700560428,EURUSD out-of-regime 2013-2017 (full 5yr)
2016-09-23 13:49:00+00:00,2016-09-23 14:47:00+00:00,long,stop,1.121705,1.12058,0.0011250000000000426,-1.0,0.24320059999999077,-1.2432005999999909,-0.012432005999999909,EURUSD out-of-regime 2013-2017 (full 5yr)
2016-10-05 07:32:00+00:00,2016-10-05 07:39:00+00:00,long,stop,1.1222349999999999,1.12156,0.0006749999999999812,-1.0,0.15251151851852274,-1.1525115185185228,-0.011525115185185229,EURUSD out-of-regime 2013-2017 (full 5yr)
2017-05-18 08:23:00+00:00,2017-05-18 08:56:00+00:00,long,stop,1.11346,1.1128799999999999,0.0005800000000000249,-1.0,0.15926706896551043,-1.1592670689655105,-0.011592670689655105,EURUSD out-of-regime 2013-2017 (full 5yr)
2017-05-26 07:02:00+00:00,2017-05-26 11:51:00+00:00,long,stop,1.120905,1.119435,0.0014700000000000824,-1.0,0.08357743197278442,-1.0835774319727844,-0.010835774319727844,EURUSD out-of-regime 2013-2017 (full 5yr)
2017-06-02 07:43:00+00:00,2017-06-02 07:53:00+00:00,long,stop,1.1225550000000002,1.121965,0.0005900000000000905,-1.0,0.15756961864404365,-1.1575696186440436,-0.011575696186440436,EURUSD out-of-regime 2013-2017 (full 5yr)
2017-06-09 07:46:00+00:00,2017-06-09 07:59:00+00:00,long,stop,1.119645,1.118985,0.000660000000000105,-1.0,0.15572261363633885,-1.1557226136363388,-0.011557226136363388,EURUSD out-of-regime 2013-2017 (full 5yr)
2017-06-19 08:02:00+00:00,2017-06-19 11:00:00+00:00,long,target,1.11924,1.121195000000001,0.0009850000000002357,1.9847715736046412,0.1144676142131706,1.8703039593914705,0.018703039593914707,EURUSD out-of-regime 2013-2017 (full 5yr)
2017-06-30 09:48:00+00:00,2017-06-30 14:00:00+00:00,long,target,1.140475,1.1423900000000002,0.0009799999999999809,1.9540816326534391,0.1164600765306145,1.8376215561228246,0.018376215561228246,EURUSD out-of-regime 2013-2017 (full 5yr)
2017-07-10 07:24:00+00:00,2017-07-10 07:43:00+00:00,long,stop,1.14069,1.139765,0.0009250000000000647,-1.0,0.11258902702701915,-1.1125890270270191,-0.011125890270270191,EURUSD out-of-regime 2013-2017 (full 5yr)
2017-07-18 07:53:00+00:00,2017-07-18 09:35:00+00:00,long,target,1.152475,1.1551649999999998,0.0013600000000000279,1.9779411764704442,0.06978740808823386,1.9081537683822103,0.019081537683822102,EURUSD out-of-regime 2013-2017 (full 5yr)
2017-07-25 08:04:00+00:00,2017-07-25 12:16:00+00:00,long,target,1.166205,1.1696749999999998,0.0017050000000000676,2.0351906158356154,0.06205473607037878,1.9731358797652367,0.01973135879765237,EURUSD out-of-regime 2013-2017 (full 5yr)
2017-08-01 13:40:00+00:00,2017-08-01 14:02:00+00:00,long,target,1.181565,1.1833100000000003,0.0008650000000001157,2.017341040462539,0.34412459537567647,1.6732164450868627,0.016732164450868628,EURUSD out-of-regime 2013-2017 (full 5yr)
2017-08-08 15:43:00+00:00,2017-08-08 15:55:00+00:00,long,stop,1.174075,1.17343,0.0006450000000000067,-1.0,0.16482926356588978,-1.1648292635658897,-0.011648292635658896,EURUSD out-of-regime 2013-2017 (full 5yr)
2017-08-16 07:27:00+00:00,2017-08-16 07:56:00+00:00,long,stop,1.1743800000000002,1.1728849999999997,0.0014950000000004682,-1.0,0.07781585284278501,-1.077815852842785,-0.010778158528427851,EURUSD out-of-regime 2013-2017 (full 5yr)
2017-08-24 07:13:00+00:00,2017-08-24 08:32:00+00:00,long,stop,1.1794250000000002,1.17873,0.0006950000000001122,-1.0,0.16785989208630384,-1.167859892086304,-0.011678598920863039,EURUSD out-of-regime 2013-2017 (full 5yr)
2017-09-01 07:28:00+00:00,2017-09-01 07:45:00+00:00,long,stop,1.18886,1.1881599999999999,0.000700000000000145,-1.0,0.13896557142854268,-1.1389655714285427,-0.011389655714285428,EURUSD out-of-regime 2013-2017 (full 5yr)
2017-09-18 08:45:00+00:00,2017-09-18 10:48:00+00:00,long,target,1.1934749999999998,1.1954100000000003,0.0009749999999999481,1.9846153846159662,0.10007782051282584,1.8845375641031403,0.018845375641031403,EURUSD out-of-regime 2013-2017 (full 5yr)
2017-09-25 13:33:00+00:00,2017-09-25 14:57:00+00:00,long,stop,1.187865,1.1867599999999998,0.0011050000000001337,-1.0,0.27072242081444686,-1.270722420814447,-0.01270722420814447,EURUSD out-of-regime 2013-2017 (full 5yr)
2017-10-12 07:54:00+00:00,2017-10-12 08:07:00+00:00,long,stop,1.186665,1.1860349999999997,0.0006300000000003525,-1.0,0.15417972222213597,-1.154179722222136,-0.011541797222221359,EURUSD out-of-regime 2013-2017 (full 5yr)
2017-11-15 07:12:00+00:00,2017-11-15 09:44:00+00:00,long,target,1.1810900000000002,1.1850000000000003,0.001955000000000373,1.9999999999996592,0.044384066496155214,1.955615933503504,0.01955615933503504,EURUSD out-of-regime 2013-2017 (full 5yr)
2017-11-23 08:13:00+00:00,2017-11-24 08:52:00+00:00,long,target,1.1839149999999998,1.1864249999999998,0.0012399999999999078,2.0241935483872573,0.07818909274194129,1.946004455645316,0.01946004455645316,EURUSD out-of-regime 2013-2017 (full 5yr)
2017-12-01 08:11:00+00:00,2017-12-01 09:46:00+00:00,long,stop,1.1923149999999998,1.1907699999999999,0.0015449999999999076,-1.0,0.06310710355987433,-1.0631071035598743,-0.010631071035598743,EURUSD out-of-regime 2013-2017 (full 5yr)
2017-12-11 07:27:00+00:00,2017-12-11 08:00:00+00:00,long,stop,1.1786400000000001,1.1777849999999999,0.0008550000000002722,-1.0,0.12469192982452171,-1.1246919298245217,-0.011246919298245218,EURUSD out-of-regime 2013-2017 (full 5yr)
2017-12-19 07:15:00+00:00,2017-12-19 08:43:00+00:00,long,target,1.17991,1.1817100000000003,0.0009000000000001229,2.0,0.10743794444442976,1.8925620555555702,0.018925620555555703,EURUSD out-of-regime 2013-2017 (full 5yr)
2017-12-26 14:20:00+00:00,2017-12-27 09:56:00+00:00,long,target,1.186445,1.1889249999999998,0.0012399999999999078,2.0,0.09445074596774895,1.905549254032251,0.01905549254032251,EURUSD out-of-regime 2013-2017 (full 5yr)
2018-01-03 14:17:00+00:00,2018-01-03 14:39:00+00:00,long,target,2697.5,2700.6000000000004,1.550000000000182,2.0,0.5402177419354205,1.4597822580645796,0.014597822580645797,SPX500 in-regime 2018-2025
2018-01-11 14:44:00+00:00,2018-01-11 17:28:00+00:00,long,target,2754.6005,2759.6515000000004,2.5855000000001382,1.9535873138658346,0.3826459553277691,1.5709413585380654,0.015709413585380656,SPX500 in-regime 2018-2025
2018-01-18 14:44:00+00:00,2018-01-18 15:10:00+00:00,long,stop,2801.6,2798.68,2.9200000000000728,-1.0,0.7532109589040908,-1.753210958904091,-0.01753210958904091,SPX500 in-regime 2018-2025
2018-01-26 07:08:00+00:00,2018-01-26 20:08:00+00:00,long,target,2843.275,2864.6500000000005,11.925000000000637,1.7924528301886218,0.06262581761005954,1.7298270125785622,0.017298270125785623,SPX500 in-regime 2018-2025
2018-02-05 08:39:00+00:00,2018-02-05 09:40:00+00:00,long,target,2747.875,2753.5750000000007,3.600000000000364,1.5833333333333754,0.2335032986110875,1.349830034722288,0.01349830034722288,SPX500 in-regime 2018-2025
2018-02-15 13:49:00+00:00,2018-02-15 15:41:00+00:00,long,stop,2713.1,2704.6499999999996,8.450000000000273,-1.0,0.09921319526626898,-1.099213195266269,-0.010992131952662689,SPX500 in-regime 2018-2025
2018-02-23 15:47:00+00:00,2018-02-23 19:50:00+00:00,long,target,2721.4,2735.9000000000005,7.550000000000637,1.9205298013244017,0.08462132450330412,1.8359084768210976,0.018359084768210975,SPX500 in-regime 2018-2025
2018-03-12 15:43:00+00:00,2018-03-12 18:44:00+00:00,long,stop,2785.0,2779.85,5.150000000000091,-1.0,0.12485922330096866,-1.1248592233009687,-0.011248592233009686,SPX500 in-regime 2018-2025
2018-04-19 09:12:00+00:00,2018-04-19 10:10:00+00:00,long,stop,2706.3495000000003,2703.75,2.599500000000262,-1.0,0.3215667311021026,-1.3215667311021027,-0.013215667311021027,SPX500 in-regime 2018-2025
2018-04-30 07:13:00+00:00,2018-04-30 10:00:00+00:00,long,target,2680.3,2683.3,1.6500000000005457,1.8181818181812168,0.5067996969695294,1.3113821212116874,0.013113821212116874,SPX500 in-regime 2018-2025
2018-05-09 13:34:00+00:00,2018-05-09 13:39:00+00:00,long,stop,2680.4505,2677.75,2.70049999999992,-1.0,0.4043347037585753,-1.4043347037585754,-0.014043347037585753,SPX500 in-regime 2018-2025
2018-05-17 07:25:00+00:00,2018-05-17 08:04:00+00:00,long,stop,2718.3500000000004,2716.6499999999996,1.7000000000007276,-1.0,0.49217220588214233,-1.4921722058821423,-0.014921722058821424,SPX500 in-regime 2018-2025
2018-05-24 13:33:00+00:00,2018-05-24 13:44:00+00:00,long,stop,2727.8,2725.75,2.050000000000182,-1.0,0.5370892682926354,-1.5370892682926354,-0.015370892682926353,SPX500 in-regime 2018-2025
2018-06-04 13:51:00+00:00,2018-06-04 14:30:00+00:00,long,stop,2747.1,2742.45,4.650000000000091,-1.0,0.23797172043010284,-1.2379717204301028,-0.01237971720430103,SPX500 in-regime 2018-2025
2018-06-13 09:10:00+00:00,2018-06-13 14:29:00+00:00,long,target,2787.1495,2790.4000000000005,1.399499999999989,2.3226152197217447,0.6010466005716374,1.7215686191501072,0.017215686191501073,SPX500 in-regime 2018-2025
2018-06-20 15:26:00+00:00,2018-06-21 01:57:00+00:00,long,target,2769.0,2776.2,4.050000000000182,1.7777777777776531,0.15802098765431388,1.6197567901233392,0.016197567901233393,SPX500 in-regime 2018-2025
2018-07-09 09:10:00+00:00,2018-07-09 13:34:00+00:00,long,target,2769.9505,2773.3010000000013,1.9010000000002947,1.7624934245138641,0.44189730799572313,1.320596116518141,0.01320596116518141,SPX500 in-regime 2018-2025
2018-07-17 13:37:00+00:00,2018-07-17 14:00:00+00:00,long,target,2791.3,2795.2010000000005,2.2505000000005566,1.7333925794264962,0.49675872028425844,1.2366338591422377,0.012366338591422377,SPX500 in-regime 2018-2025
2018-07-26 07:16:00+00:00,2018-07-26 13:36:00+00:00,long,target,2835.2495,2838.5989999999997,1.8989999999998872,1.7638230647709352,0.44512439046869423,1.318698674302241,0.01318698674302241,SPX500 in-regime 2018-2025
2018-08-03 09:39:00+00:00,2018-08-03 11:11:00+00:00,long,target,2828.6000000000004,2831.6000000000004,1.6500000000005457,1.8181818181812168,0.5114296969695278,1.306752121211689,0.01306752121211689,SPX500 in-regime 2018-2025
2018-08-10 13:32:00+00:00,2018-08-10 13:57:00+00:00,long,stop,2836.8975,2834.45,2.4475000000002183,-1.0,0.46115256894786494,-1.461152568947865,-0.014611525689478651,SPX500 in-regime 2018-2025
2018-08-20 13:38:00+00:00,2018-08-20 13:50:00+00:00,long,stop,2856.45,2854.0495,2.400499999999738,-1.0,0.471262549468912,-1.471262549468912,-0.01471262549468912,SPX500 in-regime 2018-2025
2018-08-28 09:13:00+00:00,2018-08-28 13:02:00+00:00,long,target,2898.05,2902.2985000000012,1.9000000000005457,2.2360526315788625,0.446512236841977,1.7895403947368855,0.017895403947368854,SPX500 in-regime 2018-2025
2018-09-06 14:31:00+00:00,2018-09-06 14:35:00+00:00,long,stop,2881.7,2878.8499999999995,2.850000000000364,-1.0,0.227828245614006,-1.227828245614006,-0.01227828245614006,SPX500 in-regime 2018-2025
2018-09-17 08:17:00+00:00,2018-09-17 10:22:00+00:00,long,stop,2903.1005,2900.0505,3.050000000000182,-1.0,0.278590666393426,-1.2785906663934261,-0.012785906663934261,SPX500 in-regime 2018-2025
2018-09-26 13:35:00+00:00,2018-09-26 14:10:00+00:00,long,stop,2918.2995,2916.5494999999996,1.7500000000004547,-1.0,0.6558859328569725,-1.6558859328569726,-0.016558859328569726,SPX500 in-regime 2018-2025
2018-10-04 07:15:00+00:00,2018-10-04 07:21:00+00:00,long,stop,2913.1,2910.5499999999997,2.550000000000182,-1.0,0.3330790196078194,-1.3330790196078195,-0.013330790196078196,SPX500 in-regime 2018-2025
2018-11-08 09:09:00+00:00,2018-11-08 09:15:00+00:00,long,stop,2812.3005000000003,2810.85,1.4505000000003747,-1.0,0.5810406980350101,-1.58104069803501,-0.0158104069803501,SPX500 in-regime 2018-2025
2019-03-01 08:37:00+00:00,2019-03-01 08:48:00+00:00,long,target,2796.5995000000003,2799.7985000000012,1.4495000000006257,2.2069679199721266,0.5814273663329674,1.6255405536391592,0.01625540553639159,SPX500 in-regime 2018-2025
2019-03-08 08:38:00+00:00,2019-03-08 10:17:00+00:00,long,stop,2741.1495,2736.2495,4.900000000000091,-1.0,0.17126014642856827,-1.1712601464285683,-0.011712601464285684,SPX500 in-regime 2018-2025
2019-03-18 14:07:00+00:00,2019-03-18 15:33:00+00:00,long,stop,2834.0,2824.5499999999997,9.450000000000273,-1.0,0.11925820105819761,-1.1192582010581975,-0.011192582010581976,SPX500 in-regime 2018-2025
2019-04-01 07:12:00+00:00,2019-04-01 08:35:00+00:00,long,target,2852.7995,2856.4985000000006,1.849500000000262,2.0,0.45711379697208987,1.5428862030279102,0.015428862030279102,SPX500 in-regime 2018-2025
2019-04-09 08:46:00+00:00,2019-04-09 12:19:00+00:00,long,stop,2892.2995,2889.85,2.449500000000171,-1.0,0.34660112982238855,-1.3466011298223886,-0.013466011298223887,SPX500 in-regime 2018-2025
2019-04-17 08:16:00+00:00,2019-04-17 12:47:00+00:00,long,target,2911.8500000000004,2915.7000000000007,1.7000000000007276,2.2647058823521857,0.4995707352939038,1.765135147058282,0.01765135147058282,SPX500 in-regime 2018-2025
2019-05-02 13:51:00+00:00,2019-05-02 15:17:00+00:00,long,stop,2926.3,2919.1504999999997,7.149500000000444,-1.0,0.16066585075878434,-1.1606658507587844,-0.011606658507587844,SPX500 in-regime 2018-2025
2019-05-17 09:41:00+00:00,2019-05-17 11:10:00+00:00,long,stop,2866.8,2860.35,6.450000000000273,-1.0,0.13152589147286264,-1.1315258914728625,-0.011315258914728626,SPX500 in-regime 2018-2025
2019-06-11 07:14:00+00:00,2019-06-11 09:15:00+00:00,long,target,2894.6,2899.2000000000007,2.450000000000273,1.8775510204082884,0.34618326530608384,1.5313677551022045,0.015313677551022045,SPX500 in-regime 2018-2025
2019-06-19 07:07:00+00:00,2019-06-19 07:13:00+00:00,long,stop,2922.6,2920.5499999999997,2.050000000000182,-1.0,0.4146190243902071,-1.414619024390207,-0.01414619024390207,SPX500 in-regime 2018-2025
2019-06-26 14:53:00+00:00,2019-06-26 17:28:00+00:00,long,stop,2924.9,2919.95,4.950000000000273,-1.0,0.13133707070706346,-1.1313370707070636,-0.011313370707070636,SPX500 in-regime 2018-2025
2019-07-08 14:11:00+00:00,2019-07-08 14:32:00+00:00,long,stop,2977.35,2973.95,3.400000000000091,-1.0,0.34137566176469675,-1.3413756617646968,-0.013413756617646969,SPX500 in-regime 2018-2025
2019-07-15 14:26:00+00:00,2019-07-15 14:46:00+00:00,long,stop,3012.75,3010.85,1.900000000000091,-1.0,0.6152611842104969,-1.615261184210497,-0.01615261184210497,SPX500 in-regime 2018-2025
2019-07-31 07:20:00+00:00,2019-07-31 13:48:00+00:00,long,stop,3015.8,3013.4494999999997,2.3505000000004657,-1.0,0.36461476281634986,-1.3646147628163499,-0.0136461476281635,SPX500 in-regime 2018-2025
2019-08-20 07:38:00+00:00,2019-08-20 09:17:00+00:00,long,stop,2926.3995,2922.95,3.449500000000171,-1.0,0.2470549260762307,-1.2470549260762307,-0.012470549260762307,SPX500 in-regime 2018-2025
2019-08-30 07:12:00+00:00,2019-08-30 08:53:00+00:00,long,target,2929.3505,2940.3,5.700500000000375,1.9207964213664506,0.14918126173141727,1.7716151596350334,0.017716151596350333,SPX500 in-regime 2018-2025
2019-09-06 07:16:00+00:00,2019-09-06 13:35:00+00:00,long,stop,2980.6,2975.35,5.25,-1.0,0.16261695238095233,-1.1626169523809524,-0.011626169523809524,SPX500 in-regime 2018-2025
2019-09-13 09:31:00+00:00,2019-09-13 10:59:00+00:00,long,target,3017.25,3022.100000000001,2.200000000000273,2.204545454545553,0.3891460227272245,1.8153994318183286,0.01815399431818329,SPX500 in-regime 2018-2025
2019-10-16 09:59:00+00:00,2019-10-16 11:42:00+00:00,long,target,2988.6005,2992.6000000000004,2.150500000000193,1.859800046500811,0.3972374017669953,1.4625626447338158,0.014625626447338159,SPX500 in-regime 2018-2025
2019-10-24 14:43:00+00:00,2019-10-25 14:19:00+00:00,long,target,3004.7495,3013.100000000001,4.399500000000444,1.8980565973406247,0.14895072565062709,1.7491058716899976,0.017491058716899977,SPX500 in-regime 2018-2025
2019-11-04 07:31:00+00:00,2019-11-04 08:10:00+00:00,long,target,3072.6005,3075.6000000000004,1.6505000000001928,1.8173280823992743,0.5208839942441076,1.2964440881551669,0.01296444088155167,SPX500 in-regime 2018-2025
2019-11-11 14:35:00+00:00,2019-11-11 17:26:00+00:00,long,target,3078.7495,3084.999,2.899000000000342,2.1557433597789446,0.40893623059670925,1.7468071291822354,0.017468071291822353,SPX500 in-regime 2018-2025
2019-11-18 15:50:00+00:00,2019-11-19 09:44:00+00:00,long,target,3118.3,3130.499999999999,6.25,1.9519999999998254,0.10603032000000001,1.8459696799998255,0.018459696799998256,SPX500 in-regime 2018-2025
2019-11-28 07:04:00+00:00,2019-11-28 08:17:00+00:00,long,stop,3146.2,3144.1499999999996,2.050000000000182,-1.0,0.42170878048776744,-1.4217087804877675,-0.014217087804877675,SPX500 in-regime 2018-2025
2019-12-06 13:36:00+00:00,2019-12-06 16:25:00+00:00,long,target,3132.0,3148.5064999999995,8.54950000000008,1.9306977016199018,0.10112638165974523,1.8295713199601567,0.018295713199601566,SPX500 in-regime 2018-2025
2019-12-16 08:29:00+00:00,2019-12-16 13:17:00+00:00,long,target,3181.5,3187.1985000000004,2.850000000000364,1.9994736842104193,0.3044903508771541,1.6949833333332651,0.01694983333333265,SPX500 in-regime 2018-2025
2019-12-26 13:33:00+00:00,2019-12-26 14:29:00+00:00,long,stop,3228.85,3227.1499999999996,1.7000000000002728,-1.0,0.5122795588234472,-1.5122795588234472,-0.015122795588234473,SPX500 in-regime 2018-2025
2020-01-13 08:11:00+00:00,2020-01-13 09:58:00+00:00,long,target,3273.7484999999997,3277.5805,1.699999999999818,2.2541176470592617,0.5434080308824111,1.7107096161768505,0.017107096161768504,SPX500 in-regime 2018-2025
2020-01-20 09:55:00+00:00,2020-01-20 23:03:00+00:00,long,target,3320.9515,3325.3345000000004,2.4030000000002474,1.8239700374531063,0.38446185913437575,1.4395081783187305,0.014395081783187305,SPX500 in-regime 2018-2025
2020-01-28 09:39:00+00:00,2020-01-28 10:28:00+00:00,long,stop,3249.95,3247.2785,2.6714999999999236,-1.0,0.34746275500656054,-1.3474627550065605,-0.013474627550065605,SPX500 in-regime 2018-2025
2020-02-05 07:49:00+00:00,2020-02-05 08:00:00+00:00,long,stop,3294.4515,3292.774,1.6775000000002365,-1.0,0.547922114754021,-1.547922114754021,-0.01547922114754021,SPX500 in-regime 2018-2025
2020-02-13 08:30:00+00:00,2020-02-13 09:05:00+00:00,long,stop,3365.624,3363.453,2.1709999999998217,-1.0,0.3978652970981441,-1.3978652970981442,-0.013978652970981442,SPX500 in-regime 2018-2025
2020-02-20 14:05:00+00:00,2020-02-20 14:32:00+00:00,long,target,3378.7045,3381.8925,2.061999999999898,1.5460717749758774,0.42367400218236817,1.1223977727935093,0.011223977727935094,SPX500 in-regime 2018-2025
2020-03-25 08:18:00+00:00,2020-03-25 08:20:00+00:00,short,stop,2478.1454999999996,2479.9170000000004,1.7715000000007421,-1.0,0.48889610922926163,-1.4888961092292616,-0.014888961092292617,SPX500 in-regime 2018-2025
2020-06-10 07:03:00+00:00,2020-06-10 08:56:00+00:00,long,stop,3220.3485,3216.6274999999996,3.7210000000004584,-1.0,0.24330090096745186,-1.2433009009674518,-0.012433009009674518,SPX500 in-regime 2018-2025
2020-06-17 14:57:00+00:00,2020-06-17 19:42:00+00:00,long,stop,3129.5745,3111.3199999999997,18.254500000000462,-1.0,0.040287180832122564,-1.0402871808321226,-0.010402871808321225,SPX500 in-regime 2018-2025
2020-06-26 07:01:00+00:00,2020-06-26 07:10:00+00:00,long,stop,3077.8469999999998,3075.2754999999997,2.5715000000000146,-1.0,0.3531246568150865,-1.3531246568150865,-0.013531246568150865,SPX500 in-regime 2018-2025
2020-07-06 14:43:00+00:00,2020-07-06 15:13:00+00:00,long,target,3170.75,3179.6135000000013,4.209000000000287,2.1058446186744333,0.16894719648371379,1.9368974221907196,0.019368974221907195,SPX500 in-regime 2018-2025
2020-07-14 13:36:00+00:00,2020-07-14 13:51:00+00:00,long,stop,3148.3015,3139.756,8.545500000000175,-1.0,0.1460243230355128,-1.1460243230355127,-0.011460243230355128,SPX500 in-regime 2018-2025
2020-07-21 13:56:00+00:00,2020-07-21 14:27:00+00:00,long,stop,3276.1225,3267.2439999999997,8.878500000000258,-1.0,0.1385243889733586,-1.1385243889733585,-0.011385243889733585,SPX500 in-regime 2018-2025
2020-08-03 07:03:00+00:00,2020-08-03 07:11:00+00:00,long,stop,3269.2484999999997,3266.8424999999997,2.405999999999949,-1.0,0.3651293235660925,-1.3651293235660926,-0.013651293235660927,SPX500 in-regime 2018-2025
2020-08-11 07:05:00+00:00,2020-08-11 07:44:00+00:00,long,target,3367.4985,3375.3405000000002,3.7575000000001637,2.0870259481037277,0.2514670399201487,1.835558908183579,0.01835558908183579,SPX500 in-regime 2018-2025
2020-08-20 13:40:00+00:00,2020-08-20 15:36:00+00:00,long,target,3363.9985,3378.9390000000003,7.322500000000673,2.0403550699895914,0.17815495356775418,1.8622001164218371,0.01862200116421837,SPX500 in-regime 2018-2025
2020-08-28 07:48:00+00:00,2020-08-28 08:23:00+00:00,long,target,3493.5315,3501.495500000001,4.181500000000142,1.9045796962813777,0.2250578853282238,1.6795218109531538,0.016795218109531537,SPX500 in-regime 2018-2025
2020-09-08 09:24:00+00:00,2020-09-08 09:32:00+00:00,long,stop,3408.1000000000004,3403.1454999999996,4.954500000000735,-1.0,0.18942910485414485,-1.1894291048541448,-0.011894291048541448,SPX500 in-regime 2018-2025
2020-09-29 14:08:00+00:00,2020-09-29 14:34:00+00:00,long,stop,3354.4030000000002,3347.9545,6.448500000000422,-1.0,0.202416795378757,-1.202416795378757,-0.01202416795378757,SPX500 in-regime 2018-2025
2020-10-13 08:07:00+00:00,2020-10-13 08:57:00+00:00,long,target,3526.594,3535.777500000001,4.766500000000633,1.9266757578935874,0.18781676492182547,1.738858992971762,0.01738858992971762,SPX500 in-regime 2018-2025
2020-10-23 07:34:00+00:00,2020-10-23 15:46:00+00:00,long,stop,3460.9515,3448.2425,12.709000000000287,-1.0,0.0742750686521346,-1.0742750686521345,-0.010742750686521346,SPX500 in-regime 2018-2025
2020-11-09 08:11:00+00:00,2020-11-09 11:45:00+00:00,long,target,3556.3015,3566.2020000000007,4.762000000000171,2.0790634187316868,0.19574960048298326,1.8833138182487035,0.018833138182487035,SPX500 in-regime 2018-2025
2020-11-18 15:26:00+00:00,2020-11-18 17:57:00+00:00,long,stop,3614.243,3610.8469999999998,3.3960000000001855,-1.0,0.4055792417549837,-1.4055792417549837,-0.014055792417549838,SPX500 in-regime 2018-2025
2020-11-26 13:31:00+00:00,2020-11-26 15:54:00+00:00,long,stop,3631.776,3627.853,3.9229999999997744,-1.0,0.23809978078002897,-1.238099780780029,-0.01238099780780029,SPX500 in-regime 2018-2025
2020-12-10 07:09:00+00:00,2020-12-10 08:32:00+00:00,long,target,3669.0495,3674.4389999999994,2.9234999999998763,1.8435094920470478,0.32135735163332974,1.5221521404137182,0.015221521404137182,SPX500 in-regime 2018-2025
2020-12-17 14:12:00+00:00,2020-12-17 14:45:00+00:00,long,stop,3719.206,3715.817,3.3890000000001237,-1.0,0.28526066391264815,-1.285260663912648,-0.01285260663912648,SPX500 in-regime 2018-2025
2020-12-28 09:53:00+00:00,2020-12-28 11:12:00+00:00,long,target,3728.0249999999996,3734.3030000000012,3.1720000000000255,1.979192938209824,0.29833594735182606,1.6808569908579978,0.016808569908579978,SPX500 in-regime 2018-2025
2021-01-05 14:43:00+00:00,2021-01-05 15:37:00+00:00,long,stop,3716.702,3703.5514999999996,13.150500000000648,-1.0,0.10565567621002483,-1.105655676210025,-0.01105655676210025,SPX500 in-regime 2018-2025
2021-01-13 07:38:00+00:00,2021-01-13 08:02:00+00:00,long,stop,3808.799,3806.653,2.1460000000001855,-1.0,0.42244731360667365,-1.4224473136066735,-0.014224473136066736,SPX500 in-regime 2018-2025
2021-01-21 08:07:00+00:00,2021-01-21 08:12:00+00:00,long,stop,3864.1045,3861.3514999999998,2.7530000000001564,-1.0,0.3316987985833448,-1.3316987985833448,-0.013316987985833448,SPX500 in-regime 2018-2025
2021-01-29 08:32:00+00:00,2021-01-29 13:48:00+00:00,long,target,3745.503,3780.1595000000007,17.044000000000324,2.033354846280207,0.05664501848157602,1.9767098277986308,0.019767098277986308,SPX500 in-regime 2018-2025
2021-02-05 14:07:00+00:00,2021-02-05 14:37:00+00:00,long,stop,3889.3065,3885.6755,3.631000000000313,-1.0,0.26433624965571945,-1.2643362496557193,-0.012643362496557193,SPX500 in-regime 2018-2025
2021-02-17 14:59:00+00:00,2021-02-17 15:06:00+00:00,long,stop,3919.2985,3916.54,2.7584999999999127,-1.0,0.5187729372847727,-1.5187729372847727,-0.015187729372847727,SPX500 in-regime 2018-2025
2021-03-09 13:45:00+00:00,2021-03-09 14:29:00+00:00,long,target,3856.8715,3862.451000000001,3.0515000000004875,1.8284450270358328,0.2971314591184189,1.531313567917414,0.015313135679174139,SPX500 in-regime 2018-2025
2021-03-17 08:15:00+00:00,2021-03-17 08:19:00+00:00,long,stop,3963.4955,3960.674,2.8215000000000146,-1.0,0.34188453216374093,-1.341884532163741,-0.01341884532163741,SPX500 in-regime 2018-2025
2021-03-24 08:29:00+00:00,2021-03-24 15:04:00+00:00,long,target,3917.9030000000002,3939.120499999999,10.351500000000215,2.0497029416025114,0.09377034197942133,1.95593259962309,0.019559325996230902,SPX500 in-regime 2018-2025
2021-03-31 08:59:00+00:00,2021-03-31 12:40:00+00:00,long,target,3958.206,3966.263000000001,3.5875000000005457,2.2458536585364386,0.2754796905922926,1.970373967944146,0.019703739679441463,SPX500 in-regime 2018-2025
2021-04-07 13:35:00+00:00,2021-04-08 01:45:00+00:00,long,target,4075.397,4092.874500000001,8.75,1.9974285714286713,0.161224948,1.8362036234286712,0.018362036234286713,SPX500 in-regime 2018-2025
2021-04-14 13:55:00+00:00,2021-04-14 17:58:00+00:00,long,stop,4146.1945,4139.2545,6.9399999999996,-1.0,0.21604549099424875,-1.2160454909942486,-0.012160454909942487,SPX500 in-regime 2018-2025
2021-04-21 14:02:00+00:00,2021-04-21 15:44:00+00:00,long,target,4145.4905,4157.418500000002,6.1469999999999345,1.9404587603712102,0.2429136599154085,1.6975451004558018,0.01697545100455802,SPX500 in-regime 2018-2025
2021-05-04 09:46:00+00:00,2021-05-04 11:39:00+00:00,long,stop,4187.5025,4183.054499999999,4.44800000000032,-1.0,0.22216449246850914,-1.2221644924685091,-0.012221644924685091,SPX500 in-regime 2018-2025
2021-05-17 13:34:00+00:00,2021-05-17 13:37:00+00:00,long,target,4160.754,4169.033,3.91150000000016,2.1165793173974468,0.3650203732583258,1.7515589441391208,0.01751558944139121,SPX500 in-regime 2018-2025
2021-05-25 13:34:00+00:00,2021-05-25 13:35:00+00:00,long,stop,4211.7315,4208.142499999999,3.5890000000008513,-1.0,0.41871187029803386,-1.418711870298034,-0.01418711870298034,SPX500 in-regime 2018-2025
2021-06-14 09:13:00+00:00,2021-06-14 11:29:00+00:00,long,stop,4250.4015,4247.8545,2.5469999999995707,-1.0,0.38605264919519655,-1.3860526491951966,-0.013860526491951965,SPX500 in-regime 2018-2025
2021-06-22 14:09:00+00:00,2021-06-22 15:07:00+00:00,long,target,4224.6955,4236.788,6.039499999999862,2.0022352843778495,0.24038470775727017,1.7618505766205792,0.017618505766205793,SPX500 in-regime 2018-2025
2021-07-02 09:24:00+00:00,2021-07-02 12:30:00+00:00,long,target,4321.506,4326.977999999999,2.854500000000371,1.9169732002095399,0.3439824452618225,1.5729907549477173,0.015729907549477173,SPX500 in-regime 2018-2025
2021-07-13 07:31:00+00:00,2021-07-13 08:55:00+00:00,long,target,4379.945,4384.514500000001,2.199999999999818,2.0770454545462744,0.45486201136367393,1.6221834431826005,0.016221834431826006,SPX500 in-regime 2018-2025
2021-07-20 13:52:00+00:00,2021-07-20 16:04:00+00:00,long,target,4283.8045,4327.1894999999995,21.2470000000003,2.041935332046816,0.07110152292088195,1.9708338091259339,0.01970833809125934,SPX500 in-regime 2018-2025
2021-07-28 14:22:00+00:00,2021-07-28 17:15:00+00:00,long,stop,4401.195,4394.751499999999,6.443500000000313,-1.0,0.23966490649490568,-1.2396649064949057,-0.012396649064949057,SPX500 in-regime 2018-2025
2021-08-05 07:06:00+00:00,2021-08-05 07:19:00+00:00,long,target,4405.603,4411.369999999999,3.042500000000473,1.895480690221206,0.3264960377978128,1.5689846524233932,0.015689846524233934,SPX500 in-regime 2018-2025
2021-08-12 08:54:00+00:00,2021-08-12 12:47:00+00:00,long,stop,4446.9525,4444.553,2.399500000000444,-1.0,0.418858892477522,-1.418858892477522,-0.01418858892477522,SPX500 in-regime 2018-2025
2021-08-19 09:58:00+00:00,2021-08-19 15:50:00+00:00,long,target,4373.242,4415.53,20.89800000000014,2.023542922767694,0.04556707483969728,1.977975847927997,0.01977975847927997,SPX500 in-regime 2018-2025
2021-08-27 13:35:00+00:00,2021-08-27 14:02:00+00:00,long,target,4482.4905,4490.477500000001,4.140500000000429,1.9289940828402756,0.36743998732033384,1.5615540955199418,0.015615540955199418,SPX500 in-regime 2018-2025
2021-09-06 13:54:00+00:00,2021-09-06 16:29:00+00:00,long,stop,4548.0935,4545.31,2.783499999999549,-1.0,0.5661224977547171,-1.566122497754717,-0.01566122497754717,SPX500 in-regime 2018-2025
2021-09-16 08:48:00+00:00,2021-09-16 08:54:00+00:00,long,stop,4481.654,4479.0485,2.605500000000575,-1.0,0.386608140471993,-1.386608140471993,-0.01386608140471993,SPX500 in-regime 2018-2025
2021-10-18 07:01:00+00:00,2021-10-18 07:21:00+00:00,long,stop,4459.598,4455.4455,4.1525000000001455,-1.0,0.24223332209511483,-1.2422333220951147,-0.012422333220951147,SPX500 in-regime 2018-2025
2021-10-25 08:15:00+00:00,2021-10-25 13:37:00+00:00,long,stop,4552.178,4546.751499999999,5.4265000000004875,-1.0,0.17707390951808968,-1.1770739095180898,-0.011770739095180898,SPX500 in-regime 2018-2025
2021-11-01 08:43:00+00:00,2021-11-01 13:09:00+00:00,long,stop,4620.4955,4611.95,8.545500000000175,-1.0,0.11226168246445267,-1.1122616824644527,-0.011122616824644526,SPX500 in-regime 2018-2025
2021-11-11 15:57:00+00:00,2021-11-11 17:16:00+00:00,long,stop,4656.567,4650.88,5.686999999999898,-1.0,0.13551553631088692,-1.1355155363108869,-0.011355155363108868,SPX500 in-regime 2018-2025
2021-11-22 08:25:00+00:00,2021-11-22 12:20:00+00:00,long,stop,4714.348,4710.4484999999995,3.899500000000444,-1.0,0.25757984869852174,-1.2575798486985217,-0.012575798486985217,SPX500 in-regime 2018-2025
2021-11-29 09:30:00+00:00,2021-11-29 09:32:00+00:00,long,stop,4632.395,4629.218,3.1770000000005894,-1.0,0.32203515108587033,-1.3220351510858703,-0.013220351510858704,SPX500 in-regime 2018-2025
2021-12-08 07:51:00+00:00,2021-12-08 08:03:00+00:00,long,target,4695.7955,4700.861000000001,2.535000000000764,1.9982248520706447,0.4064010680472148,1.59182378402343,0.0159182378402343,SPX500 in-regime 2018-2025
2021-12-16 14:27:00+00:00,2021-12-16 14:31:00+00:00,long,stop,4729.924,4726.581499999999,3.342500000000655,-1.0,0.30170383246067384,-1.3017038324606738,-0.013017038324606739,SPX500 in-regime 2018-2025
2021-12-23 14:41:00+00:00,2021-12-27 14:42:00+00:00,long,target,4721.0985,4751.511999999999,14.754500000000007,2.0613033311870095,0.10976028652275571,1.9515430446642537,0.019515430446642536,SPX500 in-regime 2018-2025
2021-12-30 14:41:00+00:00,2021-12-30 14:42:00+00:00,long,stop,4803.504000000001,4796.849999999999,6.654000000001361,-1.0,0.20150637811838384,-1.201506378118384,-0.01201506378118384,SPX500 in-regime 2018-2025
2022-01-06 14:45:00+00:00,2022-01-06 14:50:00+00:00,long,stop,4716.9,4697.8515,19.048499999999876,-1.0,0.08449334593275114,-1.084493345932751,-0.010844933459327511,SPX500 in-regime 2018-2025
2022-03-15 15:25:00+00:00,2022-03-15 15:25:00+00:00,short,stop,4224.429,4227.3245,2.895499999999629,-1.0,0.23505021067176216,-1.2350502106717622,-0.012350502106717622,SPX500 in-regime 2018-2025
2022-03-30 08:32:00+00:00,2022-03-30 08:47:00+00:00,long,stop,4615.8075,4612.517,3.2905000000000655,-1.0,0.303305724813852,-1.303305724813852,-0.01303305724813852,SPX500 in-regime 2018-2025
2022-04-06 09:06:00+00:00,2022-04-06 09:15:00+00:00,long,stop,4509.027,4503.150000000001,5.876999999999498,-1.0,0.17272192530203956,-1.1727219253020396,-0.011727219253020395,SPX500 in-regime 2018-2025
2022-04-21 07:13:00+00:00,2022-04-21 07:16:00+00:00,long,target,4478.8,4483.502500000002,2.248500000000604,2.0913942628422877,0.44790838336656863,1.643485879475719,0.01643485879475719,SPX500 in-regime 2018-2025
2022-06-15 13:35:00+00:00,2022-06-15 13:35:00+00:00,short,stop,3776.0254999999997,3778.0215000000003,1.9960000000005493,-1.0,0.698580156562934,-1.698580156562934,-0.01698580156562934,SPX500 in-regime 2018-2025
2022-09-21 13:47:00+00:00,2022-09-21 13:47:00+00:00,short,stop,3876.9775,3880.844,3.8665000000000873,-1.0,0.3527970289667578,-1.3527970289667577,-0.013527970289667577,SPX500 in-regime 2018-2025
2022-09-30 08:44:00+00:00,2022-09-30 08:48:00+00:00,short,stop,3670.58,3672.911,2.331000000000131,-1.0,0.33015345345343483,-1.330153453453435,-0.01330153453453435,SPX500 in-regime 2018-2025
2023-02-06 07:29:00+00:00,2023-02-06 08:23:00+00:00,long,stop,4117.530000000001,4114.727,2.803000000000793,-1.0,0.28171225472699846,-1.2817122547269983,-0.012817122547269983,SPX500 in-regime 2018-2025
2023-02-14 08:36:00+00:00,2023-02-14 08:42:00+00:00,long,stop,4136.565500000001,4132.785499999999,3.7800000000015643,-1.0,0.21160760780414525,-1.2116076078041453,-0.012116076078041453,SPX500 in-regime 2018-2025
2023-02-21 09:24:00+00:00,2023-02-21 09:27:00+00:00,long,target,4041.9844999999996,4047.1425,2.208499999999731,2.335521847408189,0.3530581808920512,1.9824636665161377,0.019824636665161377,SPX500 in-regime 2018-2025
2023-03-07 08:20:00+00:00,2023-03-07 09:09:00+00:00,long,target,4053.9,4060.1839999999993,2.9470000000001164,2.132337970817424,0.26484679334915817,1.8674911774682657,0.018674911774682657,SPX500 in-regime 2018-2025
2023-03-20 13:42:00+00:00,2023-03-20 13:43:00+00:00,short,target,3930.121,3922.7484999999997,3.318000000000211,2.2219710669077553,0.43507487492462577,1.7868961919831294,0.017868961919831294,SPX500 in-regime 2018-2025
2023-03-31 07:04:00+00:00,2023-03-31 07:17:00+00:00,long,stop,4056.6285,4053.4384999999997,3.1900000000000546,-1.0,0.24942973432601456,-1.2494297343260146,-0.012494297343260146,SPX500 in-regime 2018-2025
2023-04-10 07:54:00+00:00,2023-04-10 09:45:00+00:00,long,target,4101.88,4106.792999999998,2.081500000000233,2.360317079028195,0.38655882776839307,1.9737582512598018,0.01973758251259802,SPX500 in-regime 2018-2025
2023-04-20 13:49:00+00:00,2023-04-20 17:11:00+00:00,long,target,4130.617,4146.3785,7.9025000000001455,1.9944954128439512,0.18863587409047422,1.8058595387534768,0.01805859538753477,SPX500 in-regime 2018-2025
2023-05-08 07:16:00+00:00,2023-05-08 13:46:00+00:00,long,stop,4138.597,4133.577,5.019999999999527,-1.0,0.15478263047810223,-1.1547826304781021,-0.011547826304781022,SPX500 in-regime 2018-2025
2023-05-16 13:38:00+00:00,2023-05-16 13:39:00+00:00,long,stop,4127.2455,4123.687,3.5585000000000946,-1.0,0.42037450962483075,-1.4203745096248308,-0.014203745096248308,SPX500 in-regime 2018-2025
2023-05-23 13:41:00+00:00,2023-05-23 13:49:00+00:00,long,target,4177.323,4184.070500000003,3.7060000000010405,1.8206961683759402,0.4051999203992387,1.4154962479767015,0.014154962479767014,SPX500 in-regime 2018-2025
2023-05-31 07:10:00+00:00,2023-05-31 12:09:00+00:00,long,stop,4192.5015,4187.2085,5.293000000000575,-1.0,0.15086200595124002,-1.15086200595124,-0.011508620059512401,SPX500 in-regime 2018-2025
2023-06-08 07:17:00+00:00,2023-06-08 08:20:00+00:00,long,target,4263.8330000000005,4269.171,3.0620000000008076,1.7433050293920085,0.2583765986282794,1.4849284307637292,0.014849284307637291,SPX500 in-regime 2018-2025
2023-06-15 08:01:00+00:00,2023-06-15 08:42:00+00:00,long,stop,4367.6375,4362.354,5.283499999999549,-1.0,0.14874542206871716,-1.1487454220687172,-0.011487454220687173,SPX500 in-regime 2018-2025
2023-06-22 08:02:00+00:00,2023-06-22 09:48:00+00:00,long,target,4353.2744999999995,4359.780500000001,2.8375000000005457,2.292863436123338,0.2840397682818837,2.008823667841454,0.020088236678414542,SPX500 in-regime 2018-2025
2023-06-29 13:44:00+00:00,2023-06-30 08:44:00+00:00,long,target,4382.323,4406.185000000001,11.584500000000844,2.05982131296122,0.13404513833138132,1.9257761746298385,0.019257761746298386,SPX500 in-regime 2018-2025
2023-07-06 15:27:00+00:00,2023-07-06 15:45:00+00:00,long,target,4389.1085,4394.833000000002,3.248500000000604,1.7621979375099328,0.24143206172074932,1.5207658757891835,0.015207658757891835,SPX500 in-regime 2018-2025
2023-07-14 07:26:00+00:00,2023-07-14 10:47:00+00:00,long,target,4506.026,4512.352499999999,2.763500000000022,2.2893070381759233,0.2941529545865727,1.9951540835893506,0.019951540835893507,SPX500 in-regime 2018-2025
2023-07-21 07:40:00+00:00,2023-07-21 12:15:00+00:00,long,target,4544.55,4550.771000000001,3.2905000000000655,1.8905941346300972,0.23139211366053336,1.659202020969564,0.01659202020969564,SPX500 in-regime 2018-2025
2023-08-01 08:59:00+00:00,2023-08-01 09:23:00+00:00,long,stop,4578.787,4575.509999999999,3.277000000000953,-1.0,0.23302445987176626,-1.2330244598717663,-0.012330244598717663,SPX500 in-regime 2018-2025
2023-08-08 14:55:00+00:00,2023-08-08 14:56:00+00:00,long,stop,4471.1155,4468.090999999999,3.024500000000444,-1.0,0.2660348842783541,-1.266034884278354,-0.01266034884278354,SPX500 in-regime 2018-2025
2023-08-24 07:09:00+00:00,2023-08-24 07:14:00+00:00,long,stop,4471.621499999999,4465.363,6.258499999999003,-1.0,0.1261732679556005,-1.1261732679556005,-0.011261732679556005,SPX500 in-regime 2018-2025
2023-08-31 07:09:00+00:00,2023-08-31 09:11:00+00:00,long,stop,4518.6,4515.37,3.230000000000473,-1.0,0.23613281733742672,-1.2361328173374266,-0.012361328173374266,SPX500 in-regime 2018-2025
2023-09-07 08:01:00+00:00,2023-09-07 08:25:00+00:00,long,stop,4455.29,4448.7474999999995,6.542500000000473,-1.0,0.12190964463124836,-1.1219096446312484,-0.011219096446312485,SPX500 in-regime 2018-2025
2023-09-14 08:56:00+00:00,2023-09-14 12:18:00+00:00,long,target,4477.3615,4486.9259999999995,4.454499999999825,2.147154562801633,0.18206947973959633,1.9650850830620366,0.019650850830620365,SPX500 in-regime 2018-2025
2023-11-06 07:42:00+00:00,2023-11-06 08:02:00+00:00,long,stop,4365.6044999999995,4362.836,2.7684999999992215,-1.0,0.2838231145025179,-1.2838231145025178,-0.012838231145025178,SPX500 in-regime 2018-2025
2023-11-13 13:34:00+00:00,2023-11-13 13:36:00+00:00,long,stop,4409.357,4406.503,2.854000000000269,-1.0,0.2784191327960494,-1.2784191327960495,-0.012784191327960494,SPX500 in-regime 2018-2025
2023-11-24 15:06:00+00:00,2023-11-24 15:17:00+00:00,long,stop,4558.422500000001,4554.009999999999,4.412500000001273,-1.0,0.35653921529734756,-1.3565392152973477,-0.013565392152973477,SPX500 in-regime 2018-2025
2023-12-05 08:04:00+00:00,2023-12-05 09:27:00+00:00,long,target,4554.249,4562.073500000002,3.557499999999891,2.1994378074498058,0.23022521011947295,1.969212597330333,0.019692125973303328,SPX500 in-regime 2018-2025
2023-12-12 13:38:00+00:00,2023-12-12 13:40:00+00:00,long,stop,4630.987,4628.227,2.7600000000002183,-1.0,0.29855585326084594,-1.2985558532608459,-0.012985558532608459,SPX500 in-regime 2018-2025
2023-12-21 13:40:00+00:00,2023-12-21 17:00:00+00:00,long,stop,4735.1314999999995,4721.336,13.795499999999265,-1.0,0.06130865481497916,-1.061308654814979,-0.01061308654814979,SPX500 in-regime 2018-2025
2023-12-28 14:44:00+00:00,2023-12-28 18:03:00+00:00,long,stop,4787.904,4784.413,3.491000000000895,-1.0,0.4566477914636469,-1.4566477914636469,-0.014566477914636469,SPX500 in-regime 2018-2025
2024-01-04 14:49:00+00:00,2024-01-04 15:01:00+00:00,long,target,4702.7605,4710.501000000002,3.6820000000006985,2.102254209668722,0.43811752240621776,1.664136687262504,0.01664136687262504,SPX500 in-regime 2018-2025
2024-01-15 08:16:00+00:00,2024-01-15 08:31:00+00:00,long,stop,4785.7255000000005,4782.9255,2.800000000000182,-1.0,0.29895434196426635,-1.2989543419642664,-0.012989543419642664,SPX500 in-regime 2018-2025
2024-01-23 09:32:00+00:00,2024-01-23 13:38:00+00:00,long,target,4851.326999999999,4860.257500000001,4.092499999999745,2.182162492364535,0.204113929138681,1.9780485632258538,0.019780485632258538,SPX500 in-regime 2018-2025
2024-01-30 14:28:00+00:00,2024-01-30 14:50:00+00:00,long,target,4919.8544999999995,4927.230000000001,3.2789999999995416,2.2493138151884575,0.2396433493443458,2.0096704658441116,0.020096704658441118,SPX500 in-regime 2018-2025
2024-02-12 14:57:00+00:00,2024-02-12 16:17:00+00:00,long,target,5027.886,5038.226999999999,5.550000000000182,1.8632432432429173,0.2968564342342245,1.566386809008693,0.01566386809008693,SPX500 in-regime 2018-2025
2024-02-20 15:28:00+00:00,2024-02-20 15:30:00+00:00,long,stop,4975.4155,4969.33,6.085500000000138,-1.0,0.2775815697148898,-1.2775815697148898,-0.012775815697148899,SPX500 in-regime 2018-2025
2024-02-28 14:44:00+00:00,2024-02-28 14:53:00+00:00,long,stop,5063.924,5059.436000000001,4.487999999999374,-1.0,0.37968407754015987,-1.3796840775401598,-0.013796840775401598,SPX500 in-regime 2018-2025
2024-03-08 07:42:00+00:00,2024-03-08 08:47:00+00:00,long,target,5160.8985,5169.1555,3.793999999999869,2.1763310490247476,0.22626737018978113,1.9500636788349666,0.019500636788349665,SPX500 in-regime 2018-2025
2024-03-19 07:34:00+00:00,2024-03-19 07:47:00+00:00,long,stop,5147.076,5143.9185,3.1575000000002547,-1.0,0.27634519081549636,-1.2763451908154964,-0.012763451908154963,SPX500 in-regime 2018-2025
2024-03-27 08:21:00+00:00,2024-03-27 12:57:00+00:00,long,target,5224.870999999999,5232.766000000001,4.299999999999272,1.836046511628742,0.1985154918604987,1.6375310197682433,0.016375310197682433,SPX500 in-regime 2018-2025
2024-04-03 14:05:00+00:00,2024-04-04 18:30:00+00:00,long,stop,5218.874,5193.074,25.800000000000182,-1.0,0.06699361976744139,-1.0669936197674414,-0.010669936197674415,SPX500 in-regime 2018-2025
2024-04-12 15:23:00+00:00,2024-04-12 16:19:00+00:00,long,stop,5148.5185,5138.496,10.022500000000036,-1.0,0.08497417834871508,-1.084974178348715,-0.01084974178348715,SPX500 in-regime 2018-2025
2024-04-29 08:01:00+00:00,2024-04-29 09:18:00+00:00,long,stop,5111.6375,5108.0575,3.5799999999999272,-1.0,0.23303252444134556,-1.2330325244413456,-0.012330325244413456,SPX500 in-regime 2018-2025
2024-05-20 13:41:00+00:00,2024-05-20 13:56:00+00:00,long,target,5310.38,5321.705999999998,5.3015000000004875,2.136376497217233,0.33064968405165307,1.80572681316558,0.0180572681316558,SPX500 in-regime 2018-2025
2024-05-28 08:04:00+00:00,2024-05-28 08:15:00+00:00,long,target,5314.377,5319.5740000000005,3.0140000000001237,1.7242866622428346,0.28912890013270215,1.4351577621101324,0.014351577621101324,SPX500 in-regime 2018-2025
2024-06-05 07:58:00+00:00,2024-06-05 08:23:00+00:00,long,stop,5297.5830000000005,5294.6815,2.9015000000008513,-1.0,0.27618228330165945,-1.2761822833016594,-0.012761822833016594,SPX500 in-regime 2018-2025
2024-06-12 09:49:00+00:00,2024-06-12 10:22:00+00:00,long,stop,5383.4155,5380.363,3.0524999999997817,-1.0,0.2682791179361371,-1.268279117936137,-0.01268279117936137,SPX500 in-regime 2018-2025
2024-06-25 08:23:00+00:00,2024-06-25 17:04:00+00:00,long,stop,5453.4655,5446.409999999999,7.055500000001302,-1.0,0.12564315179644764,-1.1256431517964476,-0.011256431517964476,SPX500 in-regime 2018-2025
2024-07-03 08:31:00+00:00,2024-07-03 12:13:00+00:00,long,stop,5509.6044999999995,5506.5755,3.0289999999995416,-1.0,0.28693439831631945,-1.2869343983163195,-0.012869343983163195,SPX500 in-regime 2018-2025
2024-07-19 08:09:00+00:00,2024-07-19 08:22:00+00:00,long,stop,5535.5555,5529.9845,5.571000000000822,-1.0,0.1374638498474039,-1.137463849847404,-0.01137463849847404,SPX500 in-regime 2018-2025
2024-07-29 07:01:00+00:00,2024-07-29 07:05:00+00:00,long,stop,5486.627,5483.802999999999,2.8240000000014334,-1.0,0.3093593325069251,-1.309359332506925,-0.01309359332506925,SPX500 in-regime 2018-2025
2024-08-14 14:28:00+00:00,2024-08-14 14:32:00+00:00,long,stop,5430.8755,5425.954,4.921500000000378,-1.0,0.364371785532838,-1.364371785532838,-0.01364371785532838,SPX500 in-regime 2018-2025
2024-08-26 07:11:00+00:00,2024-08-26 08:06:00+00:00,long,target,5634.6285,5641.538500000001,3.8209999999999127,1.8084271133213614,0.23037185357236853,1.578055259748993,0.01578055259748993,SPX500 in-regime 2018-2025
2024-09-05 07:25:00+00:00,2024-09-05 12:15:00+00:00,long,stop,5520.532999999999,5510.2715,10.261499999999614,-1.0,0.08622858695122869,-1.0862285869512287,-0.010862285869512288,SPX500 in-regime 2018-2025
2024-09-12 08:48:00+00:00,2024-09-12 12:38:00+00:00,long,stop,5564.601500000001,5558.7985,5.803000000000793,-1.0,0.15193849689813538,-1.1519384968981354,-0.011519384968981354,SPX500 in-regime 2018-2025
2024-09-19 13:31:00+00:00,2024-09-19 13:36:00+00:00,long,stop,5712.075500000001,5703.143999999999,8.931500000001506,-1.0,0.20817754492522944,-1.2081775449252294,-0.012081775449252295,SPX500 in-regime 2018-2025
2024-09-27 08:03:00+00:00,2024-09-27 08:24:00+00:00,long,target,5738.3330000000005,5744.810999999999,3.0770000000002256,2.1052973675650866,0.29119000487485686,1.8141073626902298,0.018141073626902298,SPX500 in-regime 2018-2025
2024-10-04 15:14:00+00:00,2024-10-04 15:27:00+00:00,long,stop,5718.216,5703.9585,14.257500000000618,-1.0,0.06275181763983596,-1.062751817639836,-0.01062751817639836,SPX500 in-regime 2018-2025
2024-10-14 07:26:00+00:00,2024-10-14 08:20:00+00:00,long,target,5814.6075,5820.400500000002,3.285000000000764,1.763470319634745,0.2724351560121132,1.4910351636226318,0.014910351636226319,SPX500 in-regime 2018-2025
2024-10-23 07:10:00+00:00,2024-10-23 08:44:00+00:00,long,stop,5848.823,5844.723,4.100000000000364,-1.0,0.21516426707315164,-1.2151642670731517,-0.012151642670731518,SPX500 in-regime 2018-2025
2024-10-30 14:14:00+00:00,2024-10-30 14:51:00+00:00,long,stop,5843.1885,5838.366999999999,4.821500000000924,-1.0,0.3926473706314709,-1.392647370631471,-0.01392647370631471,SPX500 in-regime 2018-2025
2024-11-07 08:11:00+00:00,2024-11-07 14:09:00+00:00,long,target,5937.1715,5947.477999999997,4.771499999999833,2.1600125746614944,0.17917136068322959,1.9808412139782647,0.019808412139782648,SPX500 in-regime 2018-2025
2024-11-14 14:32:00+00:00,2024-11-14 14:39:00+00:00,long,stop,5988.923,5984.1140000000005,4.808999999999287,-1.0,0.40203720212108274,-1.4020372021210827,-0.014020372021210828,SPX500 in-regime 2018-2025
2024-11-25 13:40:00+00:00,2024-11-25 13:50:00+00:00,long,target,6001.1785,6010.016499999998,4.798499999999876,1.841825570490392,0.17903023913723498,1.6627953313531572,0.016627953313531573,SPX500 in-regime 2018-2025
2024-12-03 08:12:00+00:00,2024-12-03 10:34:00+00:00,long,stop,6051.48,6047.44,4.039999999999964,-1.0,0.2223629207920812,-1.2223629207920812,-0.012223629207920812,SPX500 in-regime 2018-2025
2024-12-17 09:14:00+00:00,2024-12-17 11:19:00+00:00,long,target,6057.692499999999,6063.913500000001,3.516999999998916,1.7688370770552417,0.2606625000000804,1.5081745770551613,0.015081745770551614,SPX500 in-regime 2018-2025
2024-12-27 15:58:00+00:00,2024-12-27 16:04:00+00:00,long,stop,5963.91,5953.688499999999,10.22150000000056,-1.0,0.0873310326273004,-1.0873310326273005,-0.010873310326273004,SPX500 in-regime 2018-2025
2025-01-07 08:17:00+00:00,2025-01-07 08:46:00+00:00,long,target,5971.5185,5979.754999999999,3.936000000000604,2.0926067073165155,0.22996664189528992,1.8626400654212256,0.018626400654212255,SPX500 in-regime 2018-2025
2025-01-20 13:36:00+00:00,2025-01-21 00:53:00+00:00,long,stop,6007.744,5987.86,19.884000000000015,-1.0,0.045740462683564645,-1.0457404626835647,-0.010457404626835648,SPX500 in-regime 2018-2025
2025-01-28 07:21:00+00:00,2025-01-28 08:04:00+00:00,long,target,6011.5599999999995,6021.292000000002,4.531500000000051,2.147633234029039,0.19678945161646036,1.9508437824125788,0.01950843782412579,SPX500 in-regime 2018-2025
2025-02-07 09:43:00+00:00,2025-02-07 13:30:00+00:00,long,stop,6082.9985,6076.077,6.921499999999469,-1.0,0.1321093552698216,-1.1321093552698216,-0.011321093552698216,SPX500 in-regime 2018-2025
2025-02-14 13:37:00+00:00,2025-02-14 14:30:00+00:00,long,target,6110.0425,6118.501499999999,4.409499999999753,1.9183580904865194,0.20504655006237688,1.7133115404241426,0.017133115404241426,SPX500 in-regime 2018-2025
2025-02-24 07:59:00+00:00,2025-02-24 08:07:00+00:00,long,stop,6039.8785,6036.047,3.831500000000233,-1.0,0.22382672647786714,-1.223826726477867,-0.01223826726477867,SPX500 in-regime 2018-2025
2025-04-23 07:17:00+00:00,2025-04-23 07:25:00+00:00,short,target,5374.8575,5368.552499999998,3.5770000000002256,1.762650265586165,0.23857023693037357,1.5240800286557916,0.015240800286557917,SPX500 in-regime 2018-2025
2025-05-29 07:32:00+00:00,2025-05-29 09:59:00+00:00,long,stop,5981.154500000001,5973.4725,7.6820000000006985,-1.0,0.11660700891693812,-1.1166070089169382,-0.011166070089169382,SPX500 in-regime 2018-2025
2025-06-05 14:28:00+00:00,2025-06-05 14:35:00+00:00,long,stop,5968.1345,5953.5785000000005,14.555999999999585,-1.0,0.13180211648117987,-1.1318021164811798,-0.011318021164811799,SPX500 in-regime 2018-2025
2025-06-13 15:18:00+00:00,2025-06-13 18:27:00+00:00,long,stop,6002.994500000001,5981.933,21.061500000000706,-1.0,0.040604640813805826,-1.0406046408138059,-0.010406046408138058,SPX500 in-regime 2018-2025
2025-06-24 13:45:00+00:00,2025-06-24 13:56:00+00:00,long,stop,6074.1345,6067.831499999999,6.303000000000793,-1.0,0.30785683127078467,-1.3078568312707848,-0.013078568312707848,SPX500 in-regime 2018-2025
2025-07-03 09:25:00+00:00,2025-07-03 10:02:00+00:00,long,stop,6230.603,6226.9255,3.6774999999997817,-1.0,0.251254709721293,-1.251254709721293,-0.01251254709721293,SPX500 in-regime 2018-2025
2025-07-16 14:32:00+00:00,2025-07-16 14:58:00+00:00,long,stop,6246.746999999999,6238.0644999999995,8.68249999999989,-1.0,0.10481296343219251,-1.1048129634321926,-0.011048129634321927,SPX500 in-regime 2018-2025
2025-07-24 08:15:00+00:00,2025-07-24 11:42:00+00:00,long,target,6362.290499999999,6370.118,4.308999999999287,1.8165467625905156,0.20458317068928888,1.6119635919012267,0.01611963591901227,SPX500 in-regime 2018-2025
2025-08-01 08:20:00+00:00,2025-08-01 08:26:00+00:00,long,stop,6294.136,6285.8285000000005,8.30749999999989,-1.0,0.10341484682515936,-1.1034148468251594,-0.011034148468251594,SPX500 in-regime 2018-2025
2025-08-08 13:33:00+00:00,2025-08-08 13:47:00+00:00,long,target,6360.536,6371.921999999999,6.08600000000024,1.870851133749286,0.3116539533355119,1.559197180413774,0.01559197180413774,SPX500 in-regime 2018-2025
2025-08-25 14:04:00+00:00,2025-08-25 19:48:00+00:00,long,stop,6454.936,6448.16,6.77599999999984,-1.0,0.2995734887839504,-1.2995734887839503,-0.012995734887839503,SPX500 in-regime 2018-2025
2025-09-03 07:33:00+00:00,2025-09-03 08:13:00+00:00,long,target,6424.032999999999,6436.726500000001,6.582999999999629,1.9282242138845416,0.13953549217682695,1.7886887217077145,0.017886887217077145,SPX500 in-regime 2018-2025
2025-09-10 07:37:00+00:00,2025-09-10 08:08:00+00:00,long,stop,6535.0830000000005,6531.5255,3.5575000000008004,-1.0,0.24927066619811677,-1.2492706661981168,-0.012492706661981169,SPX500 in-regime 2018-2025
2025-09-18 07:03:00+00:00,2025-09-18 08:32:00+00:00,long,target,6629.6044999999995,6648.088999999998,9.428999999999178,1.9603881641743848,0.09851779536537078,1.861870368809014,0.01861870368809014,SPX500 in-regime 2018-2025
2025-09-25 14:14:00+00:00,2025-09-25 17:22:00+00:00,long,stop,6605.1939999999995,6592.444,12.74999999999909,-1.0,0.16338985019609006,-1.16338985019609,-0.0116338985019609,SPX500 in-regime 2018-2025
2025-10-03 13:44:00+00:00,2025-10-03 17:46:00+00:00,long,stop,6732.303,6721.260499999999,11.042500000000473,-1.0,0.1913598555580629,-1.191359855558063,-0.01191359855558063,SPX500 in-regime 2018-2025
2025-10-10 15:48:00+00:00,2025-10-10 16:48:00+00:00,long,stop,6644.294,6620.5515000000005,23.74249999999938,-1.0,0.04055508518479626,-1.0405550851847962,-0.010405550851847963,SPX500 in-regime 2018-2025
2025-10-20 09:30:00+00:00,2025-10-20 10:46:00+00:00,long,stop,6687.1105,6680.45,6.660499999999956,-1.0,0.17095746302830228,-1.1709574630283024,-0.011709574630283024,SPX500 in-regime 2018-2025
2025-10-27 09:56:00+00:00,2025-10-27 11:52:00+00:00,long,stop,6852.496999999999,6845.5485,6.9484999999995125,-1.0,0.15851080161186978,-1.1585108016118697,-0.011585108016118697,SPX500 in-regime 2018-2025
2025-11-04 14:58:00+00:00,2025-11-04 18:19:00+00:00,long,stop,6803.903,6773.047,30.856000000000677,-1.0,0.0666942314298663,-1.0666942314298664,-0.010666942314298664,SPX500 in-regime 2018-2025
2025-11-11 15:01:00+00:00,2025-11-11 15:06:00+00:00,long,stop,6823.6715,6816.1815,7.490000000000691,-1.0,0.28378675600798453,-1.2837867560079845,-0.012837867560079846,SPX500 in-regime 2018-2025
2025-11-20 08:13:00+00:00,2025-11-20 08:45:00+00:00,long,target,6725.093999999999,6731.883500000001,3.5424999999995634,1.9165843330988053,0.32127907127738603,1.5953052618214192,0.01595305261821419,SPX500 in-regime 2018-2025
2025-11-28 14:47:00+00:00,2025-11-28 15:16:00+00:00,long,target,6825.433,6833.372999999998,3.5784999999996217,2.2188067626096464,0.5932588388990427,1.6255479237106036,0.016255479237106036,SPX500 in-regime 2018-2025
2025-12-08 07:21:00+00:00,2025-12-08 08:09:00+00:00,long,stop,6883.903,6879.844,4.0590000000001965,-1.0,0.28515735279624144,-1.2851573527962414,-0.012851573527962415,SPX500 in-regime 2018-2025
2025-12-16 07:21:00+00:00,2025-12-16 07:37:00+00:00,long,stop,6781.3315,6777.348499999999,3.983000000001084,-1.0,0.2874181640722291,-1.287418164072229,-0.012874181640722291,SPX500 in-regime 2018-2025
2025-12-23 14:33:00+00:00,2025-12-23 18:21:00+00:00,long,target,6876.903,6905.4015,14.560500000000502,1.9572473472750738,0.14622246523127136,1.8110248820438024,0.018110248820438025,SPX500 in-regime 2018-2025
2025-12-30 14:52:00+00:00,2025-12-30 15:13:00+00:00,long,stop,6906.93,6896.3485,10.581500000000233,-1.0,0.20215740206964541,-1.2021574020696455,-0.012021574020696455,SPX500 in-regime 2018-2025
2017-01-06 08:57:00+00:00,2017-01-06 13:34:00+00:00,long,target,2268.3795,2271.366000000002,1.485000000000582,2.011111111111533,0.7437337828279913,1.2673773282835417,0.012673773282835418,"SPX500 out-of-regime 2017 (1yr, not a full regime test)"
2017-01-20 14:34:00+00:00,2017-01-20 17:05:00+00:00,long,stop,2273.413,2269.2039999999997,4.209000000000287,-1.0,0.34432217985267305,-1.344322179852673,-0.01344322179852673,"SPX500 out-of-regime 2017 (1yr, not a full regime test)"
2017-01-31 14:40:00+00:00,2017-01-31 14:45:00+00:00,long,stop,2275.0705,2273.124,1.9465000000000146,-1.0,0.6193894515797541,-1.619389451579754,-0.01619389451579754,"SPX500 out-of-regime 2017 (1yr, not a full regime test)"
2017-02-08 14:01:00+00:00,2017-02-08 14:28:00+00:00,long,stop,2289.395,2288.1894999999995,1.2055000000004839,-1.0,0.6933311281623099,-1.6933311281623098,-0.0169333112816231,"SPX500 out-of-regime 2017 (1yr, not a full regime test)"
2017-02-16 14:04:00+00:00,2017-02-16 14:51:00+00:00,long,stop,2349.0460000000003,2346.5545,2.4915000000000873,-1.0,0.16965201284366255,-1.1696520128436625,-0.011696520128436624,"SPX500 out-of-regime 2017 (1yr, not a full regime test)"
2017-02-23 14:09:00+00:00,2017-02-23 14:46:00+00:00,long,stop,2367.7115000000003,2364.9425,2.769000000000233,-1.0,0.22206617822316657,-1.2220661782231665,-0.012220661782231666,"SPX500 out-of-regime 2017 (1yr, not a full regime test)"
2017-03-06 08:46:00+00:00,2017-03-06 09:24:00+00:00,long,target,2371.1855,2373.7905000000005,1.3085000000000946,1.9908291937334999,0.3317745949560326,1.6590545987774672,0.016590545987774673,"SPX500 out-of-regime 2017 (1yr, not a full regime test)"
2017-03-16 14:05:00+00:00,2017-03-16 14:12:00+00:00,long,stop,2386.973,2384.9889999999996,1.9840000000003783,-1.0,0.4898884349797452,-1.4898884349797452,-0.014898884349797453,"SPX500 out-of-regime 2017 (1yr, not a full regime test)"
2017-03-23 14:12:00+00:00,2017-03-23 14:55:00+00:00,long,target,2347.6585,2355.3735000000006,3.848500000000513,2.004677146940255,0.42008568208387276,1.5845914648563824,0.015845914648563823,"SPX500 out-of-regime 2017 (1yr, not a full regime test)"
2017-04-03 13:45:00+00:00,2017-04-03 13:52:00+00:00,long,stop,2364.6499999999996,2362.97,1.6799999999998363,-1.0,0.6641028273810171,-1.6641028273810172,-0.01664102827381017,"SPX500 out-of-regime 2017 (1yr, not a full regime test)"
2017-04-11 07:14:00+00:00,2017-04-11 13:30:00+00:00,long,stop,2353.6255,2351.0144999999998,2.611000000000331,-1.0,0.3197953494829162,-1.3197953494829162,-0.013197953494829162,"SPX500 out-of-regime 2017 (1yr, not a full regime test)"
2017-04-18 14:02:00+00:00,2017-04-18 15:35:00+00:00,long,stop,2346.75,2339.2155,7.534500000000207,-1.0,0.1345127413896041,-1.1345127413896041,-0.01134512741389604,"SPX500 out-of-regime 2017 (1yr, not a full regime test)"
2017-04-26 09:42:00+00:00,2017-04-26 11:28:00+00:00,long,stop,2388.5,2386.8199999999997,1.680000000000291,-1.0,0.426936011904688,-1.4269360119046879,-0.014269360119046878,"SPX500 out-of-regime 2017 (1yr, not a full regime test)"
2017-05-11 13:36:00+00:00,2017-05-11 13:44:00+00:00,long,stop,2393.4975,2391.45,2.0475000000001273,-1.0,0.49937578144075045,-1.4993757814407505,-0.014993757814407505,"SPX500 out-of-regime 2017 (1yr, not a full regime test)"
2017-05-19 13:31:00+00:00,2017-05-19 13:42:00+00:00,long,target,2371.2645,2375.0689999999995,1.6990000000005239,2.239258387285525,0.5987328766919874,1.6405255105935375,0.016405255105935376,"SPX500 out-of-regime 2017 (1yr, not a full regime test)"
2017-05-30 13:41:00+00:00,2017-05-30 14:12:00+00:00,long,stop,2411.9,2410.05,1.849999999999909,-1.0,0.5550251351351625,-1.5550251351351625,-0.015550251351351626,"SPX500 out-of-regime 2017 (1yr, not a full regime test)"
2017-06-06 13:45:00+00:00,2017-06-07 14:40:00+00:00,long,stop,2431.4,2427.85,3.550000000000182,-1.0,0.2910926760563231,-1.291092676056323,-0.01291092676056323,"SPX500 out-of-regime 2017 (1yr, not a full regime test)"
2017-06-20 14:21:00+00:00,2017-06-20 14:29:00+00:00,long,stop,2447.105,2445.3999999999996,1.705000000000382,-1.0,0.6669030351904665,-1.6669030351904666,-0.016669030351904666,"SPX500 out-of-regime 2017 (1yr, not a full regime test)"
2017-07-05 09:00:00+00:00,2017-07-05 12:22:00+00:00,long,target,2426.8999999999996,2430.38,1.9200000000000728,1.8125000000001776,0.37382734374998583,1.438672656250192,0.014386726562501919,"SPX500 out-of-regime 2017 (1yr, not a full regime test)"
2017-07-13 14:05:00+00:00,2017-07-13 14:28:00+00:00,long,stop,2446.25,2442.58,3.6700000000000728,-1.0,0.3097735013623917,-1.3097735013623917,-0.013097735013623917,"SPX500 out-of-regime 2017 (1yr, not a full regime test)"
2017-08-01 15:38:00+00:00,2017-08-01 16:03:00+00:00,long,target,2473.1000000000004,2475.800000000001,1.3500000000003638,2.0,0.4612974074072831,1.538702592592717,0.015387025925927169,"SPX500 out-of-regime 2017 (1yr, not a full regime test)"
2017-08-10 09:52:00+00:00,2017-08-10 10:44:00+00:00,long,stop,2465.12,2463.5699999999997,1.550000000000182,-1.0,0.46595664516123564,-1.4659566451612356,-0.014659566451612356,"SPX500 out-of-regime 2017 (1yr, not a full regime test)"
2017-08-17 13:56:00+00:00,2017-08-17 13:59:00+00:00,long,stop,2463.4750000000004,2459.8855,3.5895000000004984,-1.0,0.1869108859172327,-1.1869108859172326,-0.011869108859172327,"SPX500 out-of-regime 2017 (1yr, not a full regime test)"
2017-08-25 15:51:00+00:00,2017-08-25 19:11:00+00:00,long,target,2445.1899999999996,2449.8010000000004,2.275499999999738,2.026367831246459,0.26365078004837134,1.7627170511980874,0.017627170511980875,"SPX500 out-of-regime 2017 (1yr, not a full regime test)"
2017-09-11 13:46:00+00:00,2017-09-12 08:12:00+00:00,long,target,2481.3050000000003,2491.2340000000004,4.919500000000426,2.018294542128108,0.18784564996441105,1.8304488921636972,0.018304488921636972,"SPX500 out-of-regime 2017 (1yr, not a full regime test)"
2017-09-25 08:47:00+00:00,2017-09-25 13:04:00+00:00,long,stop,2499.9755,2497.495,2.48050000000012,-1.0,0.21467381878652453,-1.2146738187865245,-0.012146738187865245,"SPX500 out-of-regime 2017 (1yr, not a full regime test)"
2017-10-02 14:03:00+00:00,2017-10-03 06:20:00+00:00,long,target,2524.285,2531.7840000000006,4.04950000000008,1.851833559698866,0.218349666625505,1.633483893073361,0.016334838930733613,"SPX500 out-of-regime 2017 (1yr, not a full regime test)"
2017-10-10 07:05:00+00:00,2017-10-18 09:48:00+00:00,long,target,2548.3154999999997,2561.401499999999,6.730499999999665,1.9442834856251365,0.10365359297229546,1.840629892652841,0.01840629892652841,"SPX500 out-of-regime 2017 (1yr, not a full regime test)"
2017-10-24 07:12:00+00:00,2017-10-24 08:22:00+00:00,long,stop,2568.2245000000003,2566.35,1.8745000000003529,-1.0,0.44221637369957006,-1.4422163736995701,-0.014422163736995702,"SPX500 out-of-regime 2017 (1yr, not a full regime test)"
2017-10-31 14:30:00+00:00,2017-11-01 06:05:00+00:00,long,target,2574.0745,2578.124500000001,2.1150000000002365,1.9148936170213635,0.21622451182030675,1.6986691052010567,0.016986691052010568,"SPX500 out-of-regime 2017 (1yr, not a full regime test)"
2017-11-07 14:55:00+00:00,2017-11-07 15:31:00+00:00,long,stop,2596.09,2592.35,3.7400000000002365,-1.0,0.2866527139037252,-1.2866527139037252,-0.012866527139037251,"SPX500 out-of-regime 2017 (1yr, not a full regime test)"
2017-11-16 14:37:00+00:00,2017-11-16 15:41:00+00:00,long,target,2577.2755,2583.331000000001,2.99100000000044,2.024573721163476,0.35695745319285954,1.6676162679706161,0.01667616267970616,"SPX500 out-of-regime 2017 (1yr, not a full regime test)"
2017-11-24 09:11:00+00:00,2017-11-24 11:28:00+00:00,long,target,2598.79,2601.3235000000013,1.3650000000002365,1.8560439560446367,0.6072683882782831,1.2487755677663537,0.012487755677663538,"SPX500 out-of-regime 2017 (1yr, not a full regime test)"
2017-12-04 14:27:00+00:00,2017-12-04 15:45:00+00:00,long,stop,2659.87,2656.8149999999996,3.055000000000291,-1.0,0.29587284779047923,-1.2958728477904793,-0.012958728477904793,"SPX500 out-of-regime 2017 (1yr, not a full regime test)"
2017-12-12 14:01:00+00:00,2017-12-12 14:30:00+00:00,long,stop,2663.8755,2662.3255,1.550000000000182,-1.0,0.6226786499999268,-1.6226786499999268,-0.016226786499999268,"SPX500 out-of-regime 2017 (1yr, not a full regime test)"
2017-12-26 15:11:00+00:00,2017-12-26 16:46:00+00:00,long,stop,2683.95,2681.79,2.1599999999998545,-1.0,0.5512630787037409,-1.551263078703741,-0.015512630787037409,"SPX500 out-of-regime 2017 (1yr, not a full regime test)"
2018-01-06 14:13:00+00:00,2018-01-06 16:37:00+00:00,long,target,16303.03,16709.02,203.01000000000022,1.9998522240283698,0.1927459389014277,1.8071062851269422,0.018071062851269422,BTCUSDT in-regime 2018-2025 (no out-of-regime window -- see docstring)
2018-03-02 15:18:00+00:00,2018-03-02 20:17:00+00:00,long,target,10841.95,10975.91,67.01000000000022,1.9991046112520323,0.3559718581026493,1.643132753149383,0.01643132753149383,BTCUSDT in-regime 2018-2025 (no out-of-regime window -- see docstring)
2018-11-01 15:37:00+00:00,2018-11-01 15:38:00+00:00,short,target,6366.85,6361.77,4.670000000000073,1.0877944325481474,2.999546602433599,-1.9117521698854516,-0.019117521698854518,BTCUSDT in-regime 2018-2025 (no out-of-regime window -- see docstring)
2018-11-23 07:27:00+00:00,2018-11-23 08:58:00+00:00,short,stop,4389.97,4410.06,20.090000000000146,-1.0,0.5244643027609504,-1.5244643027609504,-0.015244643027609504,BTCUSDT in-regime 2018-2025 (no out-of-regime window -- see docstring)
2019-04-29 08:05:00+00:00,2019-04-29 09:30:00+00:00,long,stop,5304.65,5299.99,4.6599999999998545,-1.0,2.504486543606104,-3.504486543606104,-0.03504486543606104,BTCUSDT in-regime 2018-2025 (no out-of-regime window -- see docstring)
2019-05-06 13:33:00+00:00,2019-05-06 16:01:00+00:00,long,target,5696.74,5743.8600000000015,23.590000000000146,1.9974565493853929,0.5796058990302511,1.4178506503551418,0.014178506503551418,BTCUSDT in-regime 2018-2025 (no out-of-regime window -- see docstring)
2019-05-18 08:14:00+00:00,2019-05-18 09:03:00+00:00,long,stop,7347.85,7283.7699999999995,64.08000000000084,-1.0,0.25228166174382244,-1.2522816617438224,-0.012522816617438225,BTCUSDT in-regime 2018-2025 (no out-of-regime window -- see docstring)
2019-05-25 14:36:00+00:00,2019-05-25 16:13:00+00:00,long,stop,8018.0,7993.37,24.63000000000011,-1.0,0.7162250597737171,-1.7162250597737172,-0.017162250597737173,BTCUSDT in-regime 2018-2025 (no out-of-regime window -- see docstring)
2019-06-05 13:31:00+00:00,2019-06-05 14:22:00+00:00,long,stop,7775.63,7736.2699999999995,39.36000000000058,-1.0,0.474149009267712,-1.474149009267712,-0.01474149009267712,BTCUSDT in-regime 2018-2025 (no out-of-regime window -- see docstring)
2019-06-15 13:54:00+00:00,2019-06-15 14:02:00+00:00,long,target,8610.89,8632.829999999996,10.849999999998545,2.0221198156681854,1.9048143342653374,0.11730548140284802,0.0011730548140284802,BTCUSDT in-regime 2018-2025 (no out-of-regime window -- see docstring)
2019-07-01 07:50:00+00:00,2019-07-01 08:32:00+00:00,long,target,10955.11,11065.43,55.159999999999854,2.0,0.47667986327552164,1.5233201367244784,0.015233201367244785,BTCUSDT in-regime 2018-2025 (no out-of-regime window -- see docstring)
2019-07-14 07:55:00+00:00,2019-07-14 08:01:00+00:00,long,stop,11150.52,11106.02,44.5,-1.0,0.6014083732755845,-1.6014083732755844,-0.016014083732755844,BTCUSDT in-regime 2018-2025 (no out-of-regime window -- see docstring)
2019-08-04 14:21:00+00:00,2019-08-04 15:01:00+00:00,long,target,10693.05,10795.829999999998,51.38999999999942,2.0,0.4994101152775423,1.5005898847224577,0.015005898847224577,BTCUSDT in-regime 2018-2025 (no out-of-regime window -- see docstring)
2019-09-03 07:47:00+00:00,2019-09-03 08:14:00+00:00,long,target,10371.54,10392.66,9.360000000000582,2.2564102564100073,2.6595106488401687,-0.4031003924301615,-0.004031003924301615,BTCUSDT in-regime 2018-2025 (no out-of-regime window -- see docstring)
2019-10-26 14:27:00+00:00,2019-10-26 16:20:00+00:00,long,stop,9174.9,9053.59,121.30999999999949,-1.0,0.18152610166879068,-1.1815261016687906,-0.011815261016687907,BTCUSDT in-regime 2018-2025 (no out-of-regime window -- see docstring)
2019-11-08 07:07:00+00:00,2019-11-08 07:16:00+00:00,long,stop,9201.58,9185.85,15.729999999999563,-1.0,1.4040029696705627,-2.4040029696705627,-0.024040029696705628,BTCUSDT in-regime 2018-2025 (no out-of-regime window -- see docstring)
2020-02-01 09:28:00+00:00,2020-02-01 11:13:00+00:00,long,stop,9373.11,9355.52,17.590000000000146,-1.0,1.1723728957114703,-2.1723728957114705,-0.021723728957114705,BTCUSDT in-regime 2018-2025 (no out-of-regime window -- see docstring)
2020-02-09 15:59:00+00:00,2020-02-09 15:59:00+00:00,long,stop,10104.73,10095.5,9.229999999999563,-1.0,2.4086343573860924,-3.4086343573860924,-0.03408634357386092,BTCUSDT in-regime 2018-2025 (no out-of-regime window -- see docstring)
2020-02-17 14:37:00+00:00,2020-02-17 16:01:00+00:00,long,target,9528.27,9664.460000000001,68.31999999999971,1.9934133489461519,0.3068415037762526,1.6865718451698992,0.016865718451698992,BTCUSDT in-regime 2018-2025 (no out-of-regime window -- see docstring)
2020-05-17 08:55:00+00:00,2020-05-17 08:57:00+00:00,long,stop,9500.97,9489.68,11.289999999999054,-1.0,1.8514921448119341,-2.8514921448119344,-0.028514921448119346,BTCUSDT in-regime 2018-2025 (no out-of-regime window -- see docstring)
2020-06-06 08:55:00+00:00,2020-06-06 09:02:00+00:00,long,target,9600.62,9632.829999999998,15.670000000000073,2.0555201021057536,1.3479636076575168,0.7075564944482369,0.0070755649444823685,BTCUSDT in-regime 2018-2025 (no out-of-regime window -- see docstring)
2020-06-14 07:15:00+00:00,2020-06-14 08:03:00+00:00,long,stop,9406.72,9388.52,18.19999999999891,-1.0,1.2405125757873643,-2.2405125757873643,-0.022405125757873644,BTCUSDT in-regime 2018-2025 (no out-of-regime window -- see docstring)
2020-06-21 09:29:00+00:00,2020-06-21 09:59:00+00:00,long,stop,9375.01,9364.650000000001,10.359999999998763,-1.0,1.9909477442472305,-2.9909477442472303,-0.029909477442472302,BTCUSDT in-regime 2018-2025 (no out-of-regime window -- see docstring)
2020-07-11 07:27:00+00:00,2020-07-11 07:36:00+00:00,long,stop,9275.27,9266.08,9.19000000000051,-1.0,2.422397423313051,-3.422397423313051,-0.03422397423313051,BTCUSDT in-regime 2018-2025 (no out-of-regime window -- see docstring)
2020-07-23 14:29:00+00:00,2020-07-23 16:58:00+00:00,long,target,9498.95,9582.830000000002,41.94000000000051,2.0,0.5436025335747745,1.4563974664252255,0.014563974664252256,BTCUSDT in-regime 2018-2025 (no out-of-regime window -- see docstring)
2020-08-08 14:34:00+00:00,2020-08-08 16:07:00+00:00,long,stop,11734.67,11710.490000000002,24.179999999998472,-1.0,1.067732526185265,-2.067732526185265,-0.02067732526185265,BTCUSDT in-regime 2018-2025 (no out-of-regime window -- see docstring)
2020-08-19 15:57:00+00:00,2020-08-19 16:23:00+00:00,long,stop,11743.53,11704.45,39.07999999999993,-1.0,0.6611378061004011,-1.6611378061004012,-0.01661137806100401,BTCUSDT in-regime 2018-2025 (no out-of-regime window -- see docstring)
2020-08-28 14:52:00+00:00,2020-08-28 15:18:00+00:00,long,target,11426.19,11474.17,23.98999999999978,2.0,1.0478982014219658,0.9521017985780342,0.009521017985780342,BTCUSDT in-regime 2018-2025 (no out-of-regime window -- see docstring)
2020-09-19 07:04:00+00:00,2020-09-19 07:20:00+00:00,long,stop,10947.77,10930.810000000001,16.959999999999127,-1.0,1.5492950868832853,-2.5492950868832853,-0.025492950868832853,BTCUSDT in-regime 2018-2025 (no out-of-regime window -- see docstring)
2020-10-01 14:48:00+00:00,2020-10-01 15:49:00+00:00,long,stop,10857.73,10837.01,20.719999999999345,-1.0,1.1529146764430789,-2.152914676443079,-0.02152914676443079,BTCUSDT in-regime 2018-2025 (no out-of-regime window -- see docstring)
2020-10-13 14:43:00+00:00,2020-10-14 13:42:00+00:00,long,target,11371.66,11498.309999999996,63.33999999999833,1.9995263656457112,0.394996907145287,1.6045294585004242,0.01604529458500424,BTCUSDT in-regime 2018-2025 (no out-of-regime window -- see docstring)
2020-10-24 07:19:00+00:00,2020-10-24 07:40:00+00:00,long,stop,12963.45,12937.59,25.860000000000582,-1.0,1.2031684216780576,-2.2031684216780576,-0.022031684216780575,BTCUSDT in-regime 2018-2025 (no out-of-regime window -- see docstring)
2020-11-07 08:25:00+00:00,2020-11-07 13:34:00+00:00,long,stop,15489.58,15403.480000000001,86.09999999999854,-1.0,0.3958078278478417,-1.3958078278478416,-0.013958078278478416,BTCUSDT in-regime 2018-2025 (no out-of-regime window -- see docstring)
2020-12-10 15:07:00+00:00,2020-12-10 15:08:00+00:00,long,stop,18105.48,18055.87,49.61000000000058,-1.0,0.8029503325304936,-1.8029503325304936,-0.018029503325304938,BTCUSDT in-regime 2018-2025 (no out-of-regime window -- see docstring)
2021-02-07 14:46:00+00:00,2021-02-07 14:47:00+00:00,long,stop,38526.85,38433.049999999996,93.80000000000291,-1.0,0.9036672168920638,-1.9036672168920639,-0.01903667216892064,BTCUSDT in-regime 2018-2025 (no out-of-regime window -- see docstring)
2021-02-27 09:22:00+00:00,2021-02-27 09:39:00+00:00,long,stop,46663.75,46371.42,292.33000000000175,-1.0,0.35119972277463585,-1.351199722774636,-0.01351199722774636,BTCUSDT in-regime 2018-2025 (no out-of-regime window -- see docstring)
2021-03-16 13:34:00+00:00,2021-03-16 13:38:00+00:00,long,stop,55739.52,55485.1,254.41999999999825,-1.0,0.5258311427556671,-1.525831142755667,-0.01525831142755667,BTCUSDT in-regime 2018-2025 (no out-of-regime window -- see docstring)
2021-03-24 07:01:00+00:00,2021-03-24 12:02:00+00:00,long,target,54796.87,56859.470000000016,1036.070000000007,1.9907921279450222,0.12694073002279446,1.8638513979222278,0.01863851397922228,BTCUSDT in-regime 2018-2025 (no out-of-regime window -- see docstring)
2021-04-03 07:05:00+00:00,2021-04-03 08:10:00+00:00,long,target,59366.52,59651.57000000001,142.51000000000204,2.0002105115430924,0.9998402148192479,1.0003702967238444,0.010003702967238444,BTCUSDT in-regime 2018-2025 (no out-of-regime window -- see docstring)
2021-04-11 14:12:00+00:00,2021-04-11 14:15:00+00:00,long,stop,59400.02,59299.939999999995,100.08000000000175,-1.0,1.4245367422127477,-2.424536742212748,-0.02424536742212748,BTCUSDT in-regime 2018-2025 (no out-of-regime window -- see docstring)
2021-05-01 09:37:00+00:00,2021-05-01 09:50:00+00:00,long,stop,57753.92,57508.329999999994,245.59000000000378,-1.0,0.5173907690882061,-1.5173907690882062,-0.015173907690882062,BTCUSDT in-regime 2018-2025 (no out-of-regime window -- see docstring)
2021-05-10 14:48:00+00:00,2021-05-10 14:51:00+00:00,long,stop,57397.41,57227.39,170.02000000000407,-1.0,0.7427456873736304,-1.7427456873736304,-0.017427456873736306,BTCUSDT in-regime 2018-2025 (no out-of-regime window -- see docstring)
2021-08-17 07:44:00+00:00,2021-08-17 08:27:00+00:00,long,target,45874.0,46272.08,199.04000000000087,2.0,0.5531725449378465,1.4468274550621536,0.014468274550621536,BTCUSDT in-regime 2018-2025 (no out-of-regime window -- see docstring)
2021-10-06 09:36:00+00:00,2021-10-06 09:41:00+00:00,long,stop,50604.89,50445.36,159.52999999999884,-1.0,0.697907663412296,-1.697907663412296,-0.01697907663412296,BTCUSDT in-regime 2018-2025 (no out-of-regime window -- see docstring)
2021-10-24 08:48:00+00:00,2021-10-24 08:56:00+00:00,long,stop,60636.05,60516.85,119.20000000000437,-1.0,1.1191866096854128,-2.119186609685413,-0.02119186609685413,BTCUSDT in-regime 2018-2025 (no out-of-regime window -- see docstring)
2021-11-12 08:01:00+00:00,2021-11-12 08:02:00+00:00,long,stop,64444.02,64235.93,208.0899999999965,-1.0,0.6813641557643084,-1.6813641557643084,-0.016813641557643085,BTCUSDT in-regime 2018-2025 (no out-of-regime window -- see docstring)
2022-04-30 14:08:00+00:00,2022-04-30 14:16:00+00:00,short,target,38569.99,38464.74999999999,52.62000000000262,2.0,1.7592721555011297,0.2407278444988703,0.002407278444988703,BTCUSDT in-regime 2018-2025 (no out-of-regime window -- see docstring)
2022-09-18 07:37:00+00:00,2022-09-18 07:56:00+00:00,short,target,20076.3,20047.820000000007,13.159999999999854,2.1641337386012616,3.6615260815586796,-1.497392342957418,-0.014973923429574182,BTCUSDT in-regime 2018-2025 (no out-of-regime window -- see docstring)
2023-02-22 07:14:00+00:00,2023-02-22 08:34:00+00:00,long,stop,24016.9,23938.04,78.86000000000058,-1.0,0.730961508865807,-1.730961508865807,-0.01730961508865807,BTCUSDT in-regime 2018-2025 (no out-of-regime window -- see docstring)
2023-03-02 13:31:00+00:00,2023-03-02 14:08:00+00:00,long,stop,23352.51,23274.0,78.5099999999984,-1.0,0.7139090883208796,-1.7139090883208796,-0.017139090883208797,BTCUSDT in-regime 2018-2025 (no out-of-regime window -- see docstring)
2023-03-14 08:05:00+00:00,2023-03-14 08:11:00+00:00,long,stop,24218.99,24167.2,51.79000000000087,-1.0,1.028864041358295,-2.028864041358295,-0.02028864041358295,BTCUSDT in-regime 2018-2025 (no out-of-regime window -- see docstring)
2023-03-24 09:07:00+00:00,2023-03-24 10:08:00+00:00,long,stop,28080.73,27969.96,110.77000000000044,-1.0,0.5577429608079155,-1.5577429608079156,-0.015577429608079157,BTCUSDT in-regime 2018-2025 (no out-of-regime window -- see docstring)
2023-04-02 09:16:00+00:00,2023-04-02 09:50:00+00:00,long,target,28391.86,28438.620000000003,23.38000000000102,2.0,2.671758634610722,-0.6717586346107218,-0.006717586346107219,BTCUSDT in-regime 2018-2025 (no out-of-regime window -- see docstring)
2023-04-15 07:15:00+00:00,2023-04-15 08:50:00+00:00,long,stop,30410.44,30374.440000000002,35.99999999999636,-1.0,2.027470515711411,-3.027470515711411,-0.030274705157114112,BTCUSDT in-regime 2018-2025 (no out-of-regime window -- see docstring)
2023-04-25 08:19:00+00:00,2023-04-25 08:21:00+00:00,long,stop,27281.37,27229.2,52.169999999998254,-1.0,1.1505175187825987,-2.150517518782599,-0.02150517518782599,BTCUSDT in-regime 2018-2025 (no out-of-regime window -- see docstring)
2023-05-05 07:57:00+00:00,2023-05-05 07:57:00+00:00,long,stop,29068.05,29037.690000000002,30.359999999996944,-1.0,2.2979917212859076,-3.2979917212859076,-0.032979917212859075,BTCUSDT in-regime 2018-2025 (no out-of-regime window -- see docstring)
2023-05-30 14:09:00+00:00,2023-05-30 14:23:00+00:00,long,stop,27825.66,27786.010000000002,39.64999999999782,-1.0,1.6843667267809188,-2.684366726780919,-0.02684366726780919,BTCUSDT in-regime 2018-2025 (no out-of-regime window -- see docstring)
2023-06-22 07:04:00+00:00,2023-06-22 07:29:00+00:00,long,stop,30137.99,30072.63,65.36000000000058,-1.0,1.106717016661899,-2.106717016661899,-0.021067170166618993,BTCUSDT in-regime 2018-2025 (no out-of-regime window -- see docstring)
2023-06-30 07:10:00+00:00,2023-06-30 12:04:00+00:00,long,target,30740.3,30965.639999999996,112.66999999999825,2.0,0.6548384395833814,1.3451615604166185,0.013451615604166186,BTCUSDT in-regime 2018-2025 (no out-of-regime window -- see docstring)
2023-07-08 07:26:00+00:00,2023-07-08 08:17:00+00:00,long,target,30212.88,30287.540000000005,37.330000000001746,2.0,1.9425333420657114,0.05746665793428862,0.0005746665793428862,BTCUSDT in-regime 2018-2025 (no out-of-regime window -- see docstring)
2023-07-15 14:37:00+00:00,2023-07-15 14:56:00+00:00,long,stop,30311.86,30283.82,28.040000000000873,-1.0,2.3783866559051026,-3.3783866559051026,-0.03378386655905102,BTCUSDT in-regime 2018-2025 (no out-of-regime window -- see docstring)
2023-07-24 09:19:00+00:00,2023-07-24 09:29:00+00:00,long,stop,29767.27,29743.96,23.31000000000131,-1.0,2.809600752373824,-3.809600752373824,-0.03809600752373824,BTCUSDT in-regime 2018-2025 (no out-of-regime window -- see docstring)
2023-07-31 09:57:00+00:00,2023-07-31 12:33:00+00:00,long,target,29371.96,29441.719999999994,34.87999999999738,2.0,1.8526967311321505,0.1473032688678495,0.001473032688678495,BTCUSDT in-regime 2018-2025 (no out-of-regime window -- see docstring)
2023-08-09 15:41:00+00:00,2023-08-09 16:30:00+00:00,long,stop,29754.54,29697.010000000002,57.529999999998836,-1.0,1.1379070264452413,-2.1379070264452413,-0.021379070264452415,BTCUSDT in-regime 2018-2025 (no out-of-regime window -- see docstring)
2023-10-06 07:01:00+00:00,2023-10-06 07:11:00+00:00,long,target,27487.99,27517.370000000006,14.690000000002328,2.0,4.491128985197187,-2.4911289851971867,-0.024911289851971868,BTCUSDT in-regime 2018-2025 (no out-of-regime window -- see docstring)
2023-10-18 09:04:00+00:00,2023-10-18 09:58:00+00:00,long,stop,28542.74,28472.64,70.10000000000218,-1.0,0.8958298422608371,-1.895829842260837,-0.01895829842260837,BTCUSDT in-regime 2018-2025 (no out-of-regime window -- see docstring)
2023-10-31 13:32:00+00:00,2023-10-31 13:36:00+00:00,long,stop,34324.37,34269.96,54.41000000000349,-1.0,1.5141126407040806,-2.514112640704081,-0.025141126407040807,BTCUSDT in-regime 2018-2025 (no out-of-regime window -- see docstring)
2023-11-10 07:07:00+00:00,2023-11-10 07:07:00+00:00,long,stop,36661.11,36627.28,33.830000000001746,-1.0,2.600985430738761,-3.600985430738761,-0.036009854307387616,BTCUSDT in-regime 2018-2025 (no out-of-regime window -- see docstring)
2023-11-21 07:48:00+00:00,2023-11-21 07:58:00+00:00,long,stop,37304.79,37258.409999999996,46.38000000000466,-1.0,1.9304928723988917,-2.930492872398892,-0.02930492872398892,BTCUSDT in-regime 2018-2025 (no out-of-regime window -- see docstring)
2023-12-02 08:34:00+00:00,2023-12-02 09:17:00+00:00,long,target,38712.0,38756.3,22.150000000001455,2.0,3.84520733392031,-1.8452073339203099,-0.0184520733392031,BTCUSDT in-regime 2018-2025 (no out-of-regime window -- see docstring)
2023-12-25 09:09:00+00:00,2023-12-25 09:35:00+00:00,long,stop,43151.11,43107.939999999995,43.17000000000553,-1.0,2.1991649725471967,-3.1991649725471967,-0.031991649725471964,BTCUSDT in-regime 2018-2025 (no out-of-regime window -- see docstring)
2024-01-06 07:25:00+00:00,2024-01-06 14:16:00+00:00,long,target,43577.98,43861.409999999996,141.70000000000437,2.000211714890503,0.7381278561458308,1.2620838587446723,0.012620838587446724,BTCUSDT in-regime 2018-2025 (no out-of-regime window -- see docstring)
2024-01-18 13:40:00+00:00,2024-01-18 14:58:00+00:00,long,target,42476.63,42690.54000000001,106.94000000000233,2.0002805311390137,0.9533321243125437,1.04694840682647,0.0104694840682647,BTCUSDT in-regime 2018-2025 (no out-of-regime window -- see docstring)
2024-01-29 09:30:00+00:00,2024-01-29 13:31:00+00:00,long,stop,42171.6,41964.649999999994,206.95000000000437,-1.0,0.4483348880683913,-1.4483348880683913,-0.014483348880683913,BTCUSDT in-regime 2018-2025 (no out-of-regime window -- see docstring)
2024-02-10 07:01:00+00:00,2024-02-10 07:27:00+00:00,long,stop,47344.44,47266.159999999996,78.28000000000611,-1.0,1.4516185651157834,-2.4516185651157834,-0.024516185651157835,BTCUSDT in-regime 2018-2025 (no out-of-regime window -- see docstring)
2024-02-17 09:22:00+00:00,2024-02-17 10:02:00+00:00,long,stop,51747.0,51657.38,89.62000000000262,-1.0,1.270363811042816,-2.2703638110428157,-0.022703638110428158,BTCUSDT in-regime 2018-2025 (no out-of-regime window -- see docstring)
2024-02-26 08:29:00+00:00,2024-02-26 08:44:00+00:00,long,stop,51322.62,51285.78,36.84000000000378,-1.0,3.0650467729190676,-4.065046772919068,-0.04065046772919068,BTCUSDT in-regime 2018-2025 (no out-of-regime window -- see docstring)
2024-03-17 07:36:00+00:00,2024-03-17 08:33:00+00:00,long,target,65065.44,65956.42000000001,445.49000000000524,2.0,0.3505474434997419,1.649452556500258,0.01649452556500258,BTCUSDT in-regime 2018-2025 (no out-of-regime window -- see docstring)
2024-03-27 14:43:00+00:00,2024-03-27 16:13:00+00:00,long,stop,69988.01,68691.23,1296.7799999999988,-1.0,0.11874223468346207,-1.1187422346834621,-0.01118742234683462,BTCUSDT in-regime 2018-2025 (no out-of-regime window -- see docstring)
2024-04-10 13:34:00+00:00,2024-04-10 13:35:00+00:00,long,target,67655.98,67754.39999999998,49.20999999999185,2.0,3.2997967062666236,-1.2997967062666236,-0.012997967062666236,BTCUSDT in-regime 2018-2025 (no out-of-regime window -- see docstring)
2024-04-26 14:17:00+00:00,2024-04-26 15:06:00+00:00,long,stop,64697.81,63735.96,961.8499999999985,-1.0,0.16144202408641306,-1.161442024086413,-0.01161442024086413,BTCUSDT in-regime 2018-2025 (no out-of-regime window -- see docstring)
2024-05-16 13:49:00+00:00,2024-05-16 14:07:00+00:00,long,stop,66180.23,66061.52,118.70999999999185,-1.0,1.338059189654634,-2.338059189654634,-0.023380591896546343,BTCUSDT in-regime 2018-2025 (no out-of-regime window -- see docstring)
2024-05-25 07:23:00+00:00,2024-05-25 08:17:00+00:00,long,target,68709.34,68837.69000000002,64.19000000000233,1.9995326374827187,2.569110270611689,-0.5695776331289701,-0.005695776331289702,BTCUSDT in-regime 2018-2025 (no out-of-regime window -- see docstring)
2024-06-02 08:16:00+00:00,2024-06-02 09:19:00+00:00,long,stop,67756.56,67675.22,81.33999999999651,-1.0,1.8327155474036065,-2.8327155474036063,-0.028327155474036064,BTCUSDT in-regime 2018-2025 (no out-of-regime window -- see docstring)
2024-06-10 08:09:00+00:00,2024-06-10 09:25:00+00:00,long,stop,69400.74,69297.69,103.05000000000291,-1.0,1.4817126423079947,-2.4817126423079947,-0.024817126423079948,BTCUSDT in-regime 2018-2025 (no out-of-regime window -- see docstring)
2024-07-20 13:33:00+00:00,2024-07-20 13:34:00+00:00,long,stop,66584.0,66477.51,106.49000000000524,-1.0,1.5007051145261139,-2.500705114526114,-0.02500705114526114,BTCUSDT in-regime 2018-2025 (no out-of-regime window -- see docstring)
2024-07-28 15:32:00+00:00,2024-07-28 15:37:00+00:00,long,stop,67720.0,67647.01,72.99000000000524,-1.0,2.0412747663326223,-3.0412747663326223,-0.030412747663326224,BTCUSDT in-regime 2018-2025 (no out-of-regime window -- see docstring)
2024-08-27 13:58:00+00:00,2024-08-27 14:04:00+00:00,long,stop,62250.99,62144.95,106.04000000000087,-1.0,1.4089996731463914,-2.4089996731463916,-0.024089996731463916,BTCUSDT in-regime 2018-2025 (no out-of-regime window -- see docstring)
2024-09-14 07:01:00+00:00,2024-09-14 09:43:00+00:00,long,stop,60038.0,59906.329999999994,131.67000000000553,-1.0,1.0943940391813678,-2.094394039181368,-0.02094394039181368,BTCUSDT in-regime 2018-2025 (no out-of-regime window -- see docstring)
2024-09-22 14:28:00+00:00,2024-09-22 14:31:00+00:00,long,stop,62517.55,62479.5,38.05000000000291,-1.0,3.943498116407842,-4.9434981164078415,-0.04943498116407841,BTCUSDT in-regime 2018-2025 (no out-of-regime window -- see docstring)
2024-10-05 14:43:00+00:00,2024-10-05 15:13:00+00:00,long,stop,62174.0,62138.17,35.830000000001746,-1.0,3.817771061219312,-4.817771061219312,-0.04817771061219312,BTCUSDT in-regime 2018-2025 (no out-of-regime window -- see docstring)
2024-10-13 08:15:00+00:00,2024-10-13 10:45:00+00:00,long,stop,62900.0,62729.759999999995,170.24000000000524,-1.0,0.8128996352074651,-1.812899635207465,-0.018128996352074652,BTCUSDT in-regime 2018-2025 (no out-of-regime window -- see docstring)
2024-10-21 08:10:00+00:00,2024-10-21 08:26:00+00:00,long,stop,68612.55,68513.94,98.61000000000058,-1.0,1.530842402746426,-2.5308424027464262,-0.025308424027464263,BTCUSDT in-regime 2018-2025 (no out-of-regime window -- see docstring)
2024-10-28 15:48:00+00:00,2024-10-28 15:58:00+00:00,long,stop,68668.23,68475.53,192.6999999999971,-1.0,0.7840107574304972,-1.7840107574304973,-0.017840107574304973,BTCUSDT in-regime 2018-2025 (no out-of-regime window -- see docstring)
2024-11-06 08:48:00+00:00,2024-11-06 09:01:00+00:00,long,target,73250.0,73550.1,150.0500000000029,2.0,1.0740377104844192,0.9259622895155808,0.009259622895155807,BTCUSDT in-regime 2018-2025 (no out-of-regime window -- see docstring)
2024-11-14 14:07:00+00:00,2024-11-14 14:28:00+00:00,long,target,90807.33,91198.07000000002,195.3700000000099,2.0,1.115571337019685,0.8844286629803151,0.00884428662980315,BTCUSDT in-regime 2018-2025 (no out-of-regime window -- see docstring)
2024-11-21 15:59:00+00:00,2024-11-21 17:59:00+00:00,long,target,96808.55,98033.71999999999,612.6000000000058,1.9999510284034803,0.34768389213852907,1.6522671362649513,0.016522671362649514,BTCUSDT in-regime 2018-2025 (no out-of-regime window -- see docstring)
2024-12-02 07:01:00+00:00,2024-12-02 07:18:00+00:00,long,stop,96307.97,96177.41,130.55999999999767,-1.0,1.7704613085655672,-2.770461308565567,-0.02770461308565567,BTCUSDT in-regime 2018-2025 (no out-of-regime window -- see docstring)
2024-12-12 08:13:00+00:00,2024-12-12 09:05:00+00:00,long,target,100684.18,101111.47999999998,213.64999999999418,2.0,1.0368268086035626,0.9631731913964374,0.009631731913964374,BTCUSDT in-regime 2018-2025 (no out-of-regime window -- see docstring)
2024-12-29 13:51:00+00:00,2024-12-29 14:01:00+00:00,long,target,94907.1,95019.54000000004,56.220000000015716,2.0,4.05174600414738,-2.05174600414738,-0.020517460041473798,BTCUSDT in-regime 2018-2025 (no out-of-regime window -- see docstring)
2025-01-07 08:35:00+00:00,2025-01-07 09:46:00+00:00,long,stop,101814.48,101645.73999999999,168.74000000000524,-1.0,1.3275148567233785,-2.3275148567233783,-0.023275148567233783,BTCUSDT in-regime 2018-2025 (no out-of-regime window -- see docstring)
2025-01-22 07:11:00+00:00,2025-01-22 07:32:00+00:00,long,stop,105486.9,105319.95,166.9499999999971,-1.0,1.5165141319213062,-2.5165141319213062,-0.025165141319213064,BTCUSDT in-regime 2018-2025 (no out-of-regime window -- see docstring)
2025-01-29 14:16:00+00:00,2025-01-29 14:34:00+00:00,long,target,101951.61,102351.84000000003,200.13000000000466,1.9998500974367448,1.2226897100234533,0.7771603874132915,0.0077716038741329155,BTCUSDT in-regime 2018-2025 (no out-of-regime window -- see docstring)
2025-02-21 08:40:00+00:00,2025-02-21 09:16:00+00:00,long,target,98233.3,98398.10000000002,82.40000000000873,2.0,2.622885915669296,-0.6228859156692961,-0.0062288591566929605,BTCUSDT in-regime 2018-2025 (no out-of-regime window -- see docstring)
2025-04-24 08:07:00+00:00,2025-04-24 08:08:00+00:00,long,stop,92280.0,92142.92,137.08000000000175,-1.0,1.4810896505556352,-2.481089650555635,-0.02481089650555635,BTCUSDT in-regime 2018-2025 (no out-of-regime window -- see docstring)
2025-05-03 07:54:00+00:00,2025-05-03 08:11:00+00:00,long,stop,96346.02,96157.05,188.97000000000116,-1.0,1.22370084267072,-2.22370084267072,-0.0222370084267072,BTCUSDT in-regime 2018-2025 (no out-of-regime window -- see docstring)
2025-05-11 08:06:00+00:00,2025-05-11 09:14:00+00:00,long,target,103617.33,104162.0,272.320000000007,2.0001101645122805,0.8371451233346717,1.1629650411776087,0.011629650411776087,BTCUSDT in-regime 2018-2025 (no out-of-regime window -- see docstring)
2025-05-20 07:17:00+00:00,2025-05-20 07:35:00+00:00,long,stop,105545.47,105399.95,145.52000000000407,-1.0,1.7408094653828978,-2.740809465382898,-0.02740809465382898,BTCUSDT in-regime 2018-2025 (no out-of-regime window -- see docstring)
2025-05-28 08:42:00+00:00,2025-05-28 09:16:00+00:00,long,stop,109031.75,108681.76,349.99000000000524,-1.0,0.6854017816232102,-1.6854017816232103,-0.016854017816232105,BTCUSDT in-regime 2018-2025 (no out-of-regime window -- see docstring)
2025-06-04 09:49:00+00:00,2025-06-04 11:34:00+00:00,long,stop,105700.01,105329.5,370.50999999999476,-1.0,0.6276578716594152,-1.6276578716594152,-0.016276578716594152,BTCUSDT in-regime 2018-2025 (no out-of-regime window -- see docstring)
2025-06-14 08:41:00+00:00,2025-06-14 09:51:00+00:00,long,stop,105044.09,104871.01,173.08000000000175,-1.0,1.335280866629392,-2.3352808666293923,-0.023352808666293922,BTCUSDT in-regime 2018-2025 (no out-of-regime window -- see docstring)
2025-06-21 14:40:00+00:00,2025-06-21 15:25:00+00:00,long,stop,103708.79,103399.11,309.679999999993,-1.0,0.7368011454608713,-1.7368011454608712,-0.01736801145460871,BTCUSDT in-regime 2018-2025 (no out-of-regime window -- see docstring)
2025-07-01 09:58:00+00:00,2025-07-01 10:27:00+00:00,long,stop,106581.99,106509.95,72.04000000000815,-1.0,3.255052528450546,-4.2550525284505465,-0.04255052528450547,BTCUSDT in-regime 2018-2025 (no out-of-regime window -- see docstring)
2025-07-10 13:31:00+00:00,2025-07-10 13:33:00+00:00,long,stop,110996.15,110792.92,203.22999999999593,-1.0,1.3108543064260119,-2.3108543064260116,-0.023108543064260117,BTCUSDT in-regime 2018-2025 (no out-of-regime window -- see docstring)
2025-07-18 08:20:00+00:00,2025-07-18 08:23:00+00:00,long,stop,119347.5,119205.33,142.16999999999825,-1.0,1.8469419654899366,-2.8469419654899366,-0.028469419654899367,BTCUSDT in-regime 2018-2025 (no out-of-regime window -- see docstring)
2025-07-25 15:11:00+00:00,2025-07-25 16:56:00+00:00,long,target,115367.92,116148.81000000003,390.4600000000064,1.9999231675460116,0.6500644010689819,1.3498587664770296,0.013498587664770297,BTCUSDT in-regime 2018-2025 (no out-of-regime window -- see docstring)
2025-08-04 07:01:00+00:00,2025-08-04 13:27:00+00:00,long,stop,114422.9,114211.65,211.25,-1.0,1.3000216429576563,-2.300021642957656,-0.023000216429576562,BTCUSDT in-regime 2018-2025 (no out-of-regime window -- see docstring)
2025-08-11 13:40:00+00:00,2025-08-11 14:35:00+00:00,long,target,119844.06,120500.23999999999,328.0899999999965,2.0,0.8767138545227195,1.1232861454772805,0.011232861454772805,BTCUSDT in-regime 2018-2025 (no out-of-regime window -- see docstring)
2025-08-23 09:57:00+00:00,2025-08-23 10:19:00+00:00,long,stop,115748.42,115623.73999999999,124.68000000000757,-1.0,2.0425192581724727,-3.0425192581724727,-0.030425192581724728,BTCUSDT in-regime 2018-2025 (no out-of-regime window -- see docstring)
2025-09-11 10:00:00+00:00,2025-09-11 12:00:00+00:00,long,target,113895.3,114119.96999999999,112.35000000000582,1.999732977302822,2.230388974289476,-0.23065599698665373,-0.0023065599698665375,BTCUSDT in-regime 2018-2025 (no out-of-regime window -- see docstring)
2025-09-19 07:02:00+00:00,2025-09-19 07:08:00+00:00,long,stop,116790.71,116667.97,122.74000000000524,-1.0,2.283791816204934,-3.283791816204934,-0.03283791816204934,BTCUSDT in-regime 2018-2025 (no out-of-regime window -- see docstring)
2025-10-04 13:31:00+00:00,2025-10-04 15:00:00+00:00,long,stop,122329.14,121969.91,359.2299999999959,-1.0,0.8173191420838648,-1.8173191420838648,-0.018173191420838647,BTCUSDT in-regime 2018-2025 (no out-of-regime window -- see docstring)
2025-10-27 09:17:00+00:00,2025-10-27 09:20:00+00:00,long,target,114988.61,115182.63000000002,97.01000000000931,2.0,2.607871541677499,-0.6078715416774991,-0.006078715416774991,BTCUSDT in-regime 2018-2025 (no out-of-regime window -- see docstring)
2025-12-06 07:44:00+00:00,2025-12-06 07:45:00+00:00,short,stop,89637.25,89685.69,48.44000000000233,-1.0,4.441388195313307,-5.441388195313307,-0.05441388195313307,BTCUSDT in-regime 2018-2025 (no out-of-regime window -- see docstring)
2025-12-21 07:16:00+00:00,2025-12-21 07:57:00+00:00,short,stop,88103.66,88148.44,44.779999999998836,-1.0,4.7221981565496005,-5.7221981565496005,-0.05722198156549601,BTCUSDT in-regime 2018-2025 (no out-of-regime window -- see docstring)
2025-12-30 07:39:00+00:00,2025-12-30 08:01:00+00:00,short,stop,87526.36,87575.56,49.19999999999709,-1.0,4.2698055553245355,-5.2698055553245355,-0.05269805555324536,BTCUSDT in-regime 2018-2025 (no out-of-regime window -- see docstring)
