date,orb_gold_ret,us30_breakout_ret,combined_ret
2017-01-10 00:00:00+00:00,0.008710757413144882,0.0,0.004355378706572441
2017-01-11 00:00:00+00:00,0.0,0.0,0.0
2017-01-12 00:00:00+00:00,-0.011327888988480521,0.0,-0.0056639444942402604
2017-01-13 00:00:00+00:00,0.0,0.0,0.0
2017-01-15 00:00:00+00:00,0.0,0.0,0.0
2017-01-16 00:00:00+00:00,0.0,0.0,0.0
2017-01-17 00:00:00+00:00,-0.005990556267703176,0.0,-0.002995278133851588
2017-01-18 00:00:00+00:00,0.00871528807194383,0.0,0.004357644035971915
2017-01-20 00:00:00+00:00,0.008760359246560987,0.0,0.004380179623280494
2017-01-22 00:00:00+00:00,0.0,0.0,0.0
2017-01-23 00:00:00+00:00,0.00871427211524079,0.0,0.004357136057620395
2017-01-24 00:00:00+00:00,0.0,0.0,0.0
2017-01-25 00:00:00+00:00,0.008688132775650718,0.0,0.004344066387825359
2017-01-26 00:00:00+00:00,0.0,0.0,0.0
2017-01-27 00:00:00+00:00,0.0,0.0,0.0
2017-01-29 00:00:00+00:00,0.0,0.0,0.0
2017-01-30 00:00:00+00:00,0.008653957953764979,0.0,0.004326978976882489
2017-01-31 00:00:00+00:00,0.0,0.0,0.0
2017-02-01 00:00:00+00:00,-0.01130371700693848,0.0,-0.00565185850346924
2017-02-02 00:00:00+00:00,0.008852873204388125,0.0,0.004426436602194063
2017-02-03 00:00:00+00:00,0.0,0.0,0.0
2017-02-05 00:00:00+00:00,0.0,0.0,0.0
2017-02-06 00:00:00+00:00,0.0,0.0,0.0
2017-02-07 00:00:00+00:00,0.008698367319281792,0.0,0.004349183659640896
2017-02-08 00:00:00+00:00,-0.004383571368357804,0.0,-0.002191785684178902
2017-02-09 00:00:00+00:00,0.008444866726533402,0.0,0.004222433363266701
2017-02-10 00:00:00+00:00,0.008786029082414562,0.0,0.004393014541207281
2017-02-12 00:00:00+00:00,0.0,0.0,0.0
2017-02-13 00:00:00+00:00,0.0,0.0,0.0
2017-02-14 00:00:00+00:00,0.008002396004816212,0.0,0.004001198002408106
2017-02-15 00:00:00+00:00,0.008985250650838526,0.0,0.004492625325419263
2017-02-16 00:00:00+00:00,-0.003355977986977166,0.0,-0.001677988993488583
2017-02-17 00:00:00+00:00,0.008664684658750744,0.0,0.004332342329375372
2017-02-19 00:00:00+00:00,0.0,0.0,0.0
2017-02-20 00:00:00+00:00,0.0,0.0,0.0
2017-02-21 00:00:00+00:00,0.008732785962768667,0.0,0.004366392981384333
2017-02-22 00:00:00+00:00,0.0,0.0,0.0
2017-02-23 00:00:00+00:00,0.0,0.0,0.0
2017-02-24 00:00:00+00:00,0.0,0.0,0.0
2017-02-26 00:00:00+00:00,0.0,0.0,0.0
2017-02-27 00:00:00+00:00,0.0,0.0,0.0
2017-02-28 00:00:00+00:00,0.0,0.0,0.0
2017-03-01 00:00:00+00:00,0.008660598577207957,0.0,0.0043302992886039785
2017-03-02 00:00:00+00:00,-0.011109811223207948,0.0,-0.005554905611603974
2017-03-03 00:00:00+00:00,0.008786572049730976,0.0,0.004393286024865488
2017-03-05 00:00:00+00:00,0.0,0.0,0.0
2017-03-06 00:00:00+00:00,0.008823057506401865,0.0,0.004411528753200933
2017-03-07 00:00:00+00:00,-0.01128222102981862,0.0,-0.00564111051490931
2017-03-08 00:00:00+00:00,0.0,0.0,0.0
2017-03-09 00:00:00+00:00,0.00883202814414,0.0,0.00441601407207
2017-03-10 00:00:00+00:00,0.0,0.0,0.0
2017-03-12 00:00:00+00:00,0.0,0.0,0.0
2017-03-13 00:00:00+00:00,-0.0027601006947133295,0.0,-0.0013800503473566648
2017-03-14 00:00:00+00:00,0.008305493730534512,0.0,0.004152746865267256
2017-03-15 00:00:00+00:00,-0.011823787000349684,0.0,-0.005911893500174842
2017-03-16 00:00:00+00:00,0.0,0.0,0.0
2017-03-17 00:00:00+00:00,0.0,0.0,0.0
2017-03-19 00:00:00+00:00,0.0,0.0,0.0
2017-03-20 00:00:00+00:00,0.0,0.0,0.0
2017-03-21 00:00:00+00:00,0.008157141600753292,0.0,0.004078570800376646
2017-03-22 00:00:00+00:00,0.0,0.0,0.0
2017-03-23 00:00:00+00:00,0.0,0.0,0.0
2017-03-26 00:00:00+00:00,0.0,0.0,0.0
2017-03-27 00:00:00+00:00,0.00840024807286341,0.0,0.004200124036431705
2017-03-28 00:00:00+00:00,0.0,0.0,0.0
2017-03-29 00:00:00+00:00,-0.003935091747606515,0.0,-0.0019675458738032574
2017-03-30 00:00:00+00:00,0.0,0.0,0.0
2017-03-31 00:00:00+00:00,0.008235133911220055,0.0,0.004117566955610027
2017-04-02 00:00:00+00:00,0.0,0.0,0.0
2017-04-03 00:00:00+00:00,0.0,0.0,0.0
2017-04-04 00:00:00+00:00,-0.004462167619218406,0.0,-0.002231083809609203
2017-04-05 00:00:00+00:00,0.0,0.0,0.0
2017-04-06 00:00:00+00:00,0.0,0.0,0.0
2017-04-07 00:00:00+00:00,0.00876539692488869,0.0,0.004382698462444345
2017-04-09 00:00:00+00:00,0.0,0.0,0.0
2017-04-10 00:00:00+00:00,0.0,0.0,0.0
2017-04-12 00:00:00+00:00,-0.011219383654851724,0.0,-0.005609691827425862
2017-04-13 00:00:00+00:00,0.0,0.0,0.0
2017-04-17 00:00:00+00:00,-0.01151650772151309,0.0,-0.005758253860756545
2017-04-18 00:00:00+00:00,0.0,0.0,0.0
2017-04-19 00:00:00+00:00,0.0,0.0,0.0
2017-04-20 00:00:00+00:00,0.0,0.0,0.0
2017-04-21 00:00:00+00:00,-0.011524234629270474,0.0,-0.005762117314635237
2017-04-23 00:00:00+00:00,0.0,0.0,0.0
2017-04-24 00:00:00+00:00,0.008870873005451392,0.0,0.004435436502725696
2017-04-25 00:00:00+00:00,-0.01136228504395494,0.0,-0.00568114252197747
2017-04-26 00:00:00+00:00,0.0,0.0,0.0
2017-04-27 00:00:00+00:00,0.0,0.0,0.0
2017-04-28 00:00:00+00:00,0.0024301135249629726,0.0,0.0012150567624814863
2017-04-30 00:00:00+00:00,0.0,0.0,0.0
2017-05-01 00:00:00+00:00,-0.011109764305506139,0.0,-0.0055548821527530694
2017-05-02 00:00:00+00:00,0.0038146531119543263,0.0,0.0019073265559771632
2017-05-03 00:00:00+00:00,0.008327697706579642,0.0,0.004163848853289821
2017-05-04 00:00:00+00:00,0.0,0.0,0.0
2017-05-05 00:00:00+00:00,0.0,0.0,0.0
2017-05-07 00:00:00+00:00,0.0,0.0,0.0
2017-05-08 00:00:00+00:00,-0.011300460403622313,0.0,-0.005650230201811156
2017-05-09 00:00:00+00:00,0.008382729652184305,0.0,0.0041913648260921525
2017-05-10 00:00:00+00:00,0.0,0.0,0.0
2017-05-11 00:00:00+00:00,0.0,0.0,0.0
2017-05-12 00:00:00+00:00,0.0,0.0,0.0
2017-05-14 00:00:00+00:00,0.0,0.0,0.0
2017-05-15 00:00:00+00:00,0.0,0.0,0.0
2017-05-16 00:00:00+00:00,0.0,0.0,0.0
2017-05-17 00:00:00+00:00,0.0,0.0,0.0
2017-05-18 00:00:00+00:00,0.008785628341713307,0.0,0.004392814170856654
2017-05-19 00:00:00+00:00,-0.011476775546898403,0.0,-0.0057383877734492016
2017-05-21 00:00:00+00:00,0.0,0.0,0.0
2017-05-22 00:00:00+00:00,-5.556053836593369e-05,0.0,-2.7780269182966846e-05
2017-05-23 00:00:00+00:00,0.008559859982862635,0.0,0.004279929991431317
2017-05-24 00:00:00+00:00,0.0,0.0,0.0
2017-05-25 00:00:00+00:00,0.0,0.0,0.0
2017-05-26 00:00:00+00:00,0.0,0.0,0.0
2017-05-28 00:00:00+00:00,0.0,0.0,0.0
2017-05-29 00:00:00+00:00,0.0,0.0,0.0
2017-05-30 00:00:00+00:00,0.0,0.0,0.0
2017-05-31 00:00:00+00:00,0.00838845820083212,0.0,0.00419422910041606
2017-06-01 00:00:00+00:00,0.0,0.0,0.0
2017-06-02 00:00:00+00:00,0.004001515060713873,0.0,0.0020007575303569365
2017-06-04 00:00:00+00:00,0.0,0.0,0.0
2017-06-05 00:00:00+00:00,-0.0007470276154079665,0.0,-0.00037351380770398325
2017-06-06 00:00:00+00:00,-0.003926713210359248,0.0,-0.001963356605179624
2017-06-07 00:00:00+00:00,0.0,0.0,0.0
2017-06-08 00:00:00+00:00,-0.011447317145724181,0.0,-0.005723658572862091
2017-06-09 00:00:00+00:00,0.0,0.0,0.0
2017-06-11 00:00:00+00:00,0.0,0.0,0.0
2017-06-12 00:00:00+00:00,0.0,0.0,0.0
2017-06-13 00:00:00+00:00,0.00840346612572462,0.0,0.00420173306286231
2017-06-14 00:00:00+00:00,0.0,0.0,0.0
2017-06-15 00:00:00+00:00,0.0,0.0,0.0
2017-06-16 00:00:00+00:00,0.0,0.0,0.0
2017-06-19 00:00:00+00:00,0.0,0.0,0.0
2017-06-20 00:00:00+00:00,0.0,0.0,0.0
2017-06-21 00:00:00+00:00,0.0,0.0,0.0
2017-06-23 00:00:00+00:00,0.0,0.0,0.0
2017-06-25 00:00:00+00:00,0.0,0.0,0.0
2017-06-27 00:00:00+00:00,0.0,0.0,0.0
2017-06-29 00:00:00+00:00,0.008265402996122096,0.0,0.004132701498061048
2017-06-30 00:00:00+00:00,-0.00710764184113272,0.0,-0.00355382092056636
2017-07-02 00:00:00+00:00,0.0,0.0,0.0
2017-07-03 00:00:00+00:00,0.008759465198918103,0.0,0.004379732599459052
2017-07-04 00:00:00+00:00,0.0,0.0,0.0
2017-07-05 00:00:00+00:00,0.008296653374284648,0.0,0.004148326687142324
2017-07-07 00:00:00+00:00,0.0,0.0,0.0
2017-07-09 00:00:00+00:00,0.0,0.0,0.0
2017-07-10 00:00:00+00:00,0.008449714899595031,0.0,0.0042248574497975155
2017-07-11 00:00:00+00:00,0.0,0.0,0.0
2017-07-13 00:00:00+00:00,-0.0003988220798078117,0.0,-0.00019941103990390584
2017-07-14 00:00:00+00:00,0.0,0.0,0.0
2017-07-17 00:00:00+00:00,0.0,0.0,0.0
2017-07-19 00:00:00+00:00,4.025145891354248e-05,0.0,2.012572945677124e-05
2017-07-20 00:00:00+00:00,0.0,0.0,0.0
2017-07-21 00:00:00+00:00,0.0,0.0,0.0
2017-07-23 00:00:00+00:00,0.0,0.0,0.0
2017-07-24 00:00:00+00:00,0.0,0.0,0.0
2017-07-25 00:00:00+00:00,0.0,0.0,0.0
2017-07-26 00:00:00+00:00,0.0,0.0,0.0
2017-07-27 00:00:00+00:00,0.0,0.0,0.0
2017-07-28 00:00:00+00:00,0.0,0.0,0.0
2017-07-30 00:00:00+00:00,0.0,0.0,0.0
2017-07-31 00:00:00+00:00,0.0025480217748640554,0.0,0.0012740108874320277
2017-08-01 00:00:00+00:00,0.0,0.0,0.0
2017-08-03 00:00:00+00:00,0.008393739053599898,0.0,0.004196869526799949
2017-08-04 00:00:00+00:00,0.0,0.0,0.0
2017-08-06 00:00:00+00:00,0.0,0.0,0.0
2017-08-07 00:00:00+00:00,0.0,0.0,0.0
2017-08-08 00:00:00+00:00,0.002986103135408138,0.0,0.001493051567704069
2017-08-11 00:00:00+00:00,0.0,0.0,0.0
2017-08-13 00:00:00+00:00,0.0,0.0,0.0
2017-08-14 00:00:00+00:00,0.0,0.0,0.0
2017-08-15 00:00:00+00:00,0.0,0.0,0.0
2017-08-16 00:00:00+00:00,0.008960534869187568,0.0,0.004480267434593784
2017-08-17 00:00:00+00:00,-0.011448615907341473,0.0,-0.005724307953670737
2017-08-18 00:00:00+00:00,0.0,0.0,0.0
2017-08-20 00:00:00+00:00,0.0,0.0,0.0
2017-08-21 00:00:00+00:00,0.0,0.0,0.0
2017-08-22 00:00:00+00:00,0.0,0.0,0.0
2017-08-23 00:00:00+00:00,0.0,0.0,0.0
2017-08-24 00:00:00+00:00,0.0026749306801507502,0.0,0.0013374653400753751
2017-08-25 00:00:00+00:00,-0.011086362322726234,0.0,-0.005543181161363117
2017-08-27 00:00:00+00:00,0.0,0.0,0.0
2017-08-29 00:00:00+00:00,0.0,0.0,0.0
2017-08-30 00:00:00+00:00,0.0,0.0,0.0
2017-08-31 00:00:00+00:00,0.0,0.0,0.0
2017-09-01 00:00:00+00:00,0.0,0.0,0.0
2017-09-03 00:00:00+00:00,0.0,0.0,0.0
2017-09-04 00:00:00+00:00,0.0,0.0,0.0
2017-09-07 00:00:00+00:00,0.008514680920570387,0.0,0.004257340460285194
2017-09-08 00:00:00+00:00,-0.003903437833629619,0.0,-0.0019517189168148095
2017-09-10 00:00:00+00:00,0.0,0.0,0.0
2017-09-11 00:00:00+00:00,0.0,0.0,0.0
2017-09-12 00:00:00+00:00,0.0,0.0,0.0
2017-09-13 00:00:00+00:00,0.0,0.0,0.0
2017-09-14 00:00:00+00:00,0.0,0.0,0.0
2017-09-15 00:00:00+00:00,0.008555787613159569,0.0,0.004277893806579784
2017-09-17 00:00:00+00:00,0.0,0.0,0.0
2017-09-18 00:00:00+00:00,0.0,0.0,0.0
2017-09-19 00:00:00+00:00,0.0,0.0,0.0
2017-09-20 00:00:00+00:00,0.0,0.0,0.0
2017-09-21 00:00:00+00:00,0.0,0.0,0.0
2017-09-22 00:00:00+00:00,0.0,0.0,0.0
2017-09-24 00:00:00+00:00,0.0,0.0,0.0
2017-09-25 00:00:00+00:00,0.0,0.0,0.0
2017-09-26 00:00:00+00:00,0.0,0.0,0.0
2017-09-27 00:00:00+00:00,0.0,0.0,0.0
2017-09-28 00:00:00+00:00,0.0,0.0,0.0
2017-09-29 00:00:00+00:00,0.0036435628114728246,0.0,0.0018217814057364123
2017-10-01 00:00:00+00:00,0.0,0.0,0.0
2017-10-02 00:00:00+00:00,0.008490512154946872,0.0,0.004245256077473436
2017-10-03 00:00:00+00:00,-0.0031559177386783206,0.0,-0.0015779588693391603
2017-10-04 00:00:00+00:00,-0.004045528674724313,0.0,-0.0020227643373621567
2017-10-06 00:00:00+00:00,0.008922645300711502,0.0,0.004461322650355751
2017-10-08 00:00:00+00:00,0.0,0.0,0.0
2017-10-09 00:00:00+00:00,-0.011405665221304389,0.0,-0.005702832610652194
2017-10-11 00:00:00+00:00,0.0,0.0,0.0
2017-10-12 00:00:00+00:00,-0.011301221560466757,0.0,-0.005650610780233378
2017-10-13 00:00:00+00:00,0.0,0.0,0.0
2017-10-15 00:00:00+00:00,0.0,0.0,0.0
2017-10-17 00:00:00+00:00,0.0,0.0,0.0
2017-10-18 00:00:00+00:00,0.0,0.0,0.0
2017-10-19 00:00:00+00:00,-0.0009624911755472306,0.0,-0.0004812455877736153
2017-10-20 00:00:00+00:00,0.0,0.0,0.0
2017-10-22 00:00:00+00:00,0.0,0.0,0.0
2017-10-23 00:00:00+00:00,0.0,0.0,0.0
2017-10-24 00:00:00+00:00,-0.011543518494239822,0.0,-0.005771759247119911
2017-10-25 00:00:00+00:00,0.0,0.0,0.0
2017-10-26 00:00:00+00:00,0.0,0.0,0.0
2017-10-27 00:00:00+00:00,0.0,0.0,0.0
2017-10-29 00:00:00+00:00,0.0,0.0,0.0
2017-10-31 00:00:00+00:00,0.0,0.0,0.0
2017-11-01 00:00:00+00:00,0.0,0.0,0.0
2017-11-02 00:00:00+00:00,0.008479205243925645,0.0,0.004239602621962823
2017-11-03 00:00:00+00:00,0.008430067497696772,0.0,0.004215033748848386
2017-11-05 00:00:00+00:00,0.0,0.0,0.0
2017-11-06 00:00:00+00:00,0.0,0.0,0.0
2017-11-07 00:00:00+00:00,0.0,0.0,0.0
2017-11-08 00:00:00+00:00,0.0,0.0,0.0
2017-11-09 00:00:00+00:00,0.0,0.0,0.0
2017-11-10 00:00:00+00:00,0.0,0.0,0.0
2017-11-13 00:00:00+00:00,0.0,0.0,0.0
2017-11-14 00:00:00+00:00,0.008718840927851234,0.0,0.004359420463925617
2017-11-16 00:00:00+00:00,0.0,0.0,0.0
2017-11-17 00:00:00+00:00,0.0,0.0,0.0
2017-11-19 00:00:00+00:00,0.0,0.0,0.0
2017-11-20 00:00:00+00:00,0.0,0.0,0.0
2017-11-21 00:00:00+00:00,-0.011028228374195646,0.0,-0.005514114187097823
2017-11-22 00:00:00+00:00,0.008857710011217297,0.0,0.004428855005608649
2017-11-23 00:00:00+00:00,0.0,0.0,0.0
2017-11-24 00:00:00+00:00,0.0,0.0,0.0
2017-11-26 00:00:00+00:00,0.0,0.0,0.0
2017-11-27 00:00:00+00:00,0.0,0.0,0.0
2017-11-28 00:00:00+00:00,-0.011166374173143328,0.0,-0.005583187086571664
2017-11-29 00:00:00+00:00,0.0,0.0,0.0
2017-11-30 00:00:00+00:00,0.0,0.0,0.0
2017-12-01 00:00:00+00:00,-0.01109345892400345,0.0,-0.005546729462001725
2017-12-03 00:00:00+00:00,0.0,0.0,0.0
2017-12-04 00:00:00+00:00,-0.00797633154668944,0.0,-0.00398816577334472
2017-12-05 00:00:00+00:00,0.008828215990429924,0.0,0.004414107995214962
2017-12-06 00:00:00+00:00,0.0,0.0,0.0
2017-12-07 00:00:00+00:00,0.0,0.0,0.0
2017-12-08 00:00:00+00:00,0.003158451238307894,0.0,0.001579225619153947
2017-12-10 00:00:00+00:00,0.0,0.0,0.0
2017-12-12 00:00:00+00:00,0.0,0.0,0.0
2017-12-13 00:00:00+00:00,0.0,0.0,0.0
2017-12-14 00:00:00+00:00,0.0,0.0,0.0
2017-12-15 00:00:00+00:00,0.0,0.0,0.0
2017-12-17 00:00:00+00:00,0.0,0.0,0.0
2017-12-18 00:00:00+00:00,0.0,0.0,0.0
2017-12-19 00:00:00+00:00,-0.007586974081144826,0.0,-0.003793487040572413
2017-12-20 00:00:00+00:00,0.008857731394429972,0.0,0.004428865697214986
2017-12-21 00:00:00+00:00,0.0,0.0,0.0
2017-12-22 00:00:00+00:00,0.0,0.0,0.0
2017-12-25 00:00:00+00:00,0.0,0.0,0.0
2017-12-26 00:00:00+00:00,0.0,0.0,0.0
2017-12-27 00:00:00+00:00,0.0,0.0,0.0
2017-12-28 00:00:00+00:00,0.0,0.0,0.0
2017-12-29 00:00:00+00:00,0.0,0.0,0.0
2018-01-01 00:00:00+00:00,0.0,0.0,0.0
2018-01-02 00:00:00+00:00,-0.011005859895908757,0.0,-0.005502929947954378
2018-01-03 00:00:00+00:00,0.008933605147557847,0.0,0.004466802573778923
2018-01-04 00:00:00+00:00,0.009046009894609157,0.0,0.004523004947304578
2018-01-05 00:00:00+00:00,0.0,0.0,0.0
2018-01-07 00:00:00+00:00,0.0,0.0,0.0
2018-01-08 00:00:00+00:00,0.0,0.0,0.0
2018-01-09 00:00:00+00:00,0.008975527767085021,0.0,0.0044877638835425105
2018-01-10 00:00:00+00:00,-0.011176358231399973,0.0,-0.0055881791156999865
2018-01-11 00:00:00+00:00,0.0,0.002387088229544998,0.001193544114772499
2018-01-12 00:00:00+00:00,0.0,0.002382613293452852,0.001191306646726426
2018-01-14 00:00:00+00:00,0.0,0.0,0.0
2018-01-15 00:00:00+00:00,0.0,0.0023215524160763385,0.0011607762080381692
2018-01-16 00:00:00+00:00,0.0089960286940993,-0.00775180342489977,0.0006221126345997653
2018-01-17 00:00:00+00:00,0.0,0.0,0.0
2018-01-18 00:00:00+00:00,0.0,0.0,0.0
2018-01-19 00:00:00+00:00,-0.007238086815822254,0.0,-0.003619043407911127
2018-01-21 00:00:00+00:00,0.0,0.0,0.0
2018-01-22 00:00:00+00:00,0.0,0.0,0.0
2018-01-23 00:00:00+00:00,0.0,0.002366444010902746,0.001183222005451373
2018-01-24 00:00:00+00:00,0.0,0.0,0.0
2018-01-25 00:00:00+00:00,0.009136440550894957,0.0024118189291430403,0.005774129740018999
2018-01-26 00:00:00+00:00,0.0,0.0,0.0
2018-01-28 00:00:00+00:00,0.0,0.0,0.0
2018-01-29 00:00:00+00:00,0.0,0.0,0.0
2018-01-30 00:00:00+00:00,0.009019136498302414,0.0,0.004509568249151207
2018-01-31 00:00:00+00:00,-0.010960892350679565,0.0,-0.0054804461753397826
2018-02-01 00:00:00+00:00,0.0,0.0024260346733696097,0.0012130173366848049
2018-02-02 00:00:00+00:00,0.009035800415191557,0.0,0.004517900207595778
2018-02-04 00:00:00+00:00,0.0,0.0,0.0
2018-02-05 00:00:00+00:00,0.0,0.0049111817901392515,0.0024555908950696257
2018-02-06 00:00:00+00:00,0.008977620411507806,0.002475136497361276,0.005726378454434541
2018-02-07 00:00:00+00:00,0.0,0.0,0.0
2018-02-08 00:00:00+00:00,-0.011068334607877813,0.0,-0.005534167303938907
2018-02-09 00:00:00+00:00,0.0,0.0,0.0
2018-02-11 00:00:00+00:00,0.0,0.0,0.0
2018-02-12 00:00:00+00:00,0.0,0.0,0.0
2018-02-13 00:00:00+00:00,0.0,0.0,0.0
2018-02-14 00:00:00+00:00,0.0,0.0,0.0
2018-02-15 00:00:00+00:00,0.009074213062617043,0.002464083618167422,0.005769148340392233
2018-02-16 00:00:00+00:00,0.0,0.0024542110399947805,0.0012271055199973902
2018-02-18 00:00:00+00:00,0.0,0.0,0.0
2018-02-19 00:00:00+00:00,0.0,0.0,0.0
2018-02-20 00:00:00+00:00,0.0,0.0,0.0
2018-02-21 00:00:00+00:00,0.0,0.0,0.0
2018-02-22 00:00:00+00:00,0.0,0.0,0.0
2018-02-23 00:00:00+00:00,0.0,0.0,0.0
2018-02-25 00:00:00+00:00,0.0,0.0,0.0
2018-02-26 00:00:00+00:00,0.0,0.004872866193528476,0.002436433096764238
2018-02-27 00:00:00+00:00,0.0,0.0,0.0
2018-02-28 00:00:00+00:00,0.0,0.0,0.0
2018-03-01 00:00:00+00:00,0.0,-0.007599608704394247,-0.0037998043521971234
2018-03-02 00:00:00+00:00,0.0,0.002470597433012084,0.001235298716506042
2018-03-04 00:00:00+00:00,0.0,0.0,0.0
2018-03-05 00:00:00+00:00,0.0,0.0,0.0
2018-03-07 00:00:00+00:00,0.0,0.0,0.0
2018-03-09 00:00:00+00:00,0.0,0.0,0.0
2018-03-12 00:00:00+00:00,0.0,-0.0009808841034744428,-0.0004904420517372214
2018-03-14 00:00:00+00:00,0.0,0.0,0.0
2018-03-15 00:00:00+00:00,0.0,0.0,0.0
2018-03-18 00:00:00+00:00,0.0,0.0,0.0
2018-03-19 00:00:00+00:00,0.0,0.0,0.0
2018-03-21 00:00:00+00:00,0.0,0.0,0.0
2018-03-22 00:00:00+00:00,0.0,0.004928661430365277,0.0024643307151826386
2018-03-23 00:00:00+00:00,0.0,0.0,0.0
2018-03-26 00:00:00+00:00,0.0,-0.005310208503587649,-0.0026551042517938247
2018-03-27 00:00:00+00:00,0.0,0.0,0.0
2018-03-28 00:00:00+00:00,0.0,0.0,0.0
2018-03-29 00:00:00+00:00,0.0,0.0,0.0
2018-04-01 00:00:00+00:00,0.0,0.0,0.0
2018-04-02 00:00:00+00:00,0.0,0.0,0.0
2018-04-03 00:00:00+00:00,0.0,0.0,0.0
2018-04-04 00:00:00+00:00,0.0,0.0,0.0
2018-04-05 00:00:00+00:00,0.0,0.0,0.0
2018-04-06 00:00:00+00:00,0.0,-0.005333476945910655,-0.0026667384729553273
2018-04-08 00:00:00+00:00,0.0,0.0,0.0
2018-04-09 00:00:00+00:00,0.0,0.0,0.0
2018-04-10 00:00:00+00:00,0.0,0.0,0.0
2018-04-11 00:00:00+00:00,0.0,0.0,0.0
2018-04-12 00:00:00+00:00,0.0,0.0,0.0
2018-04-13 00:00:00+00:00,-0.0006725384831136821,0.0,-0.00033626924155684103
2018-04-15 00:00:00+00:00,0.0,0.0,0.0
2018-04-16 00:00:00+00:00,-0.011455824725819049,0.0,-0.005727912362909524
2018-04-17 00:00:00+00:00,0.008410023994792343,0.002415076148745123,0.005412550071768733
2018-04-18 00:00:00+00:00,0.0,0.0,0.0
2018-04-19 00:00:00+00:00,0.0,0.0,0.0
2018-04-20 00:00:00+00:00,0.0,0.0024301714804285603,0.0012150857402142801
2018-04-22 00:00:00+00:00,0.0,0.0,0.0
2018-04-23 00:00:00+00:00,0.0,0.0,0.0
2018-04-24 00:00:00+00:00,0.0,0.002441295658338474,0.001220647829169237
2018-04-25 00:00:00+00:00,0.0,0.0,0.0
2018-04-26 00:00:00+00:00,0.008399757997428717,0.0,0.004199878998714358
2018-04-27 00:00:00+00:00,0.0,0.0,0.0
2018-04-29 00:00:00+00:00,0.0,0.0,0.0
2018-04-30 00:00:00+00:00,0.0,0.0,0.0
2018-05-01 00:00:00+00:00,0.0,-0.010120579770009156,-0.005060289885004578
2018-05-02 00:00:00+00:00,0.0,0.0,0.0
2018-05-03 00:00:00+00:00,0.0,0.0024505373842880628,0.0012252686921440314
2018-05-04 00:00:00+00:00,0.008416184217001042,0.0,0.004208092108500521
2018-05-06 00:00:00+00:00,0.0,0.0,0.0
2018-05-07 00:00:00+00:00,0.0,0.0024582545727813983,0.0012291272863906991
2018-05-08 00:00:00+00:00,0.0,0.0,0.0
2018-05-09 00:00:00+00:00,0.0,0.0,0.0
2018-05-10 00:00:00+00:00,0.0,0.002452851654612396,0.001226425827306198
2018-05-11 00:00:00+00:00,0.008445438560609168,0.0,0.004222719280304584
2018-05-13 00:00:00+00:00,0.0,0.0,0.0
2018-05-14 00:00:00+00:00,0.008542793511795675,0.0024438392469260514,0.005493316379360864
2018-05-15 00:00:00+00:00,0.0,0.0,0.0
2018-05-16 00:00:00+00:00,0.0,0.0,0.0
2018-05-17 00:00:00+00:00,0.0,-0.005436906077708656,-0.002718453038854328
2018-05-18 00:00:00+00:00,0.0,0.0,0.0
2018-05-20 00:00:00+00:00,0.0,0.0,0.0
2018-05-21 00:00:00+00:00,0.0,0.0,0.0
2018-05-22 00:00:00+00:00,9.129466668970909e-05,0.0,4.5647333344854546e-05
2018-05-23 00:00:00+00:00,0.0,0.0,0.0
2018-05-24 00:00:00+00:00,0.0,0.0,0.0
2018-05-25 00:00:00+00:00,0.0,-0.004085395278408154,-0.002042697639204077
2018-05-27 00:00:00+00:00,0.0,0.0,0.0
2018-05-28 00:00:00+00:00,0.0,0.0,0.0
2018-05-29 00:00:00+00:00,0.0,0.0023909381463257276,0.0011954690731628638
2018-05-30 00:00:00+00:00,0.0,0.0,0.0
2018-05-31 00:00:00+00:00,-0.01160504345777919,0.0,-0.005802521728889595
2018-06-01 00:00:00+00:00,0.0,0.0,0.0
2018-06-03 00:00:00+00:00,0.0,0.0,0.0
2018-06-04 00:00:00+00:00,0.0,0.0,0.0
2018-06-05 00:00:00+00:00,-0.011109037259624732,0.0,-0.005554518629812366
2018-06-06 00:00:00+00:00,0.0,0.0,0.0
2018-06-07 00:00:00+00:00,0.0,0.0,0.0
2018-06-08 00:00:00+00:00,0.0,0.0,0.0
2018-06-10 00:00:00+00:00,0.0,0.0,0.0
2018-06-11 00:00:00+00:00,0.0,0.0,0.0
2018-06-12 00:00:00+00:00,0.0026360077893257923,0.0,0.0013180038946628962
2018-06-13 00:00:00+00:00,0.0,0.0,0.0
2018-06-14 00:00:00+00:00,0.0,0.0,0.0
2018-06-15 00:00:00+00:00,0.0,0.0,0.0
2018-06-17 00:00:00+00:00,0.0,0.0,0.0
2018-06-18 00:00:00+00:00,-0.011564201332381119,0.0,-0.005782100666190559
2018-06-19 00:00:00+00:00,-0.01155115372946103,0.0,-0.005775576864730515
2018-06-20 00:00:00+00:00,0.0,0.0,0.0
2018-06-21 00:00:00+00:00,0.008733803999332204,0.0024332485280811047,0.005583526263706654
2018-06-22 00:00:00+00:00,0.0,0.0,0.0
2018-06-24 00:00:00+00:00,0.0,0.0,0.0
2018-06-25 00:00:00+00:00,0.0,0.0,0.0
2018-06-26 00:00:00+00:00,0.0,0.0,0.0
2018-06-27 00:00:00+00:00,0.0,0.0,0.0
2018-06-28 00:00:00+00:00,0.0,0.0,0.0
2018-06-29 00:00:00+00:00,0.0,0.0,0.0
2018-07-01 00:00:00+00:00,0.0,0.0,0.0
2018-07-02 00:00:00+00:00,0.0,0.0,0.0
2018-07-03 00:00:00+00:00,0.0,0.0,0.0
2018-07-04 00:00:00+00:00,0.0,0.0,0.0
2018-07-05 00:00:00+00:00,0.00852244827772875,0.0,0.004261224138864375
2018-07-06 00:00:00+00:00,0.0,0.0,0.0
2018-07-08 00:00:00+00:00,0.0,0.0,0.0
2018-07-09 00:00:00+00:00,0.0,0.0,0.0
2018-07-10 00:00:00+00:00,0.0,0.0,0.0
2018-07-11 00:00:00+00:00,0.0,0.0,0.0
2018-07-13 00:00:00+00:00,0.0,0.0,0.0
2018-07-15 00:00:00+00:00,0.0,0.0,0.0
2018-07-16 00:00:00+00:00,0.0,0.0,0.0
2018-07-17 00:00:00+00:00,-0.011622429767043425,0.0,-0.005811214883521713
2018-07-18 00:00:00+00:00,0.0,0.0,0.0
2018-07-19 00:00:00+00:00,0.0,0.0,0.0
2018-07-20 00:00:00+00:00,0.0,0.0,0.0
2018-07-22 00:00:00+00:00,0.0,0.0,0.0
2018-07-23 00:00:00+00:00,0.0,0.0,0.0
2018-07-24 00:00:00+00:00,0.0,0.0,0.0
2018-07-25 00:00:00+00:00,-0.005569971548949061,0.002418037878786514,-0.0015759668350812733
2018-07-26 00:00:00+00:00,0.008415034344999132,0.002396017147480463,0.005405525746239797
2018-07-27 00:00:00+00:00,0.0,0.0,0.0
2018-07-29 00:00:00+00:00,0.0,0.0,0.0
2018-07-30 00:00:00+00:00,0.0,-0.003062308926061853,-0.0015311544630309266
2018-07-31 00:00:00+00:00,0.008855315099047975,0.0,0.004427657549523988
2018-08-01 00:00:00+00:00,-0.011188141559517842,0.0,-0.005594070779758921
2018-08-02 00:00:00+00:00,0.0,0.002383859009769392,0.001191929504884696
2018-08-03 00:00:00+00:00,0.008385846072670655,0.0,0.004192923036335327
2018-08-05 00:00:00+00:00,0.0,0.0,0.0
2018-08-06 00:00:00+00:00,-0.009606933124621169,0.0,-0.0048034665623105845
2018-08-07 00:00:00+00:00,0.0,0.002348719049807468,0.001174359524903734
2018-08-08 00:00:00+00:00,-0.011686907489249054,0.0,-0.005843453744624527
2018-08-09 00:00:00+00:00,0.0,0.0,0.0
2018-08-10 00:00:00+00:00,-0.01159259574597606,-0.007707169693195544,-0.009649882719585803
2018-08-12 00:00:00+00:00,0.0,0.0,0.0
2018-08-13 00:00:00+00:00,0.0,0.0,0.0
2018-08-14 00:00:00+00:00,0.0,0.0,0.0
2018-08-15 00:00:00+00:00,0.008776457828466862,0.002344629740488251,0.005560543784477557
2018-08-16 00:00:00+00:00,0.0,0.002415095097313278,0.001207547548656639
2018-08-17 00:00:00+00:00,0.0,0.0,0.0
2018-08-19 00:00:00+00:00,0.0,0.0,0.0
2018-08-20 00:00:00+00:00,0.0,0.0023835246722879937,0.0011917623361439968
2018-08-21 00:00:00+00:00,0.0,0.0023806244161897845,0.0011903122080948922
2018-08-22 00:00:00+00:00,0.0,0.0,0.0
2018-08-23 00:00:00+00:00,0.0,0.0,0.0
2018-08-24 00:00:00+00:00,0.0,0.0,0.0
2018-08-26 00:00:00+00:00,0.0,0.0,0.0
2018-08-27 00:00:00+00:00,0.008400703293210228,-0.004283565542216539,0.0020585688754968445
2018-08-28 00:00:00+00:00,0.008326562153816853,0.0,0.004163281076908426
2018-08-29 00:00:00+00:00,0.0,0.0024224317058032106,0.0012112158529016053
2018-08-30 00:00:00+00:00,0.0,0.0,0.0
2018-08-31 00:00:00+00:00,-0.011609061944313635,-0.010124284972125084,-0.010866673458219359
2018-09-02 00:00:00+00:00,0.0,0.0,0.0
2018-09-03 00:00:00+00:00,0.0,0.0,0.0
2018-09-04 00:00:00+00:00,0.0,0.0,0.0
2018-09-05 00:00:00+00:00,0.0,0.0,0.0
2018-09-06 00:00:00+00:00,0.0,0.0,0.0
2018-09-07 00:00:00+00:00,0.0,0.0,0.0
2018-09-09 00:00:00+00:00,0.0,0.0,0.0
2018-09-10 00:00:00+00:00,0.0,0.0,0.0
2018-09-11 00:00:00+00:00,0.008373417474251724,0.0,0.004186708737125862
2018-09-12 00:00:00+00:00,0.0,-0.010116906061187599,-0.005058453030593799
2018-09-13 00:00:00+00:00,0.008436751218706115,0.0,0.0042183756093530575
2018-09-14 00:00:00+00:00,0.0,0.0,0.0
2018-09-16 00:00:00+00:00,0.0,0.0,0.0
2018-09-17 00:00:00+00:00,-0.006477346134951417,-0.0007711944998026233,-0.0036242703173770202
2018-09-18 00:00:00+00:00,0.0,0.0,0.0
2018-09-19 00:00:00+00:00,0.0,0.002345699280425339,0.0011728496402126695
2018-09-20 00:00:00+00:00,-0.011583115641132884,0.0024316127759249143,-0.004575751432603985
2018-09-21 00:00:00+00:00,0.00832681257796101,0.0,0.004163406288980505
2018-09-23 00:00:00+00:00,0.0,0.0,0.0
2018-09-25 00:00:00+00:00,0.0,0.0,0.0
2018-09-26 00:00:00+00:00,0.0,0.0,0.0
2018-09-27 00:00:00+00:00,-0.011666651906338572,0.0,-0.005833325953169286
2018-09-28 00:00:00+00:00,0.0,0.0,0.0
2018-09-30 00:00:00+00:00,0.0,0.0,0.0
2018-10-01 00:00:00+00:00,0.0,0.0,0.0
2018-10-02 00:00:00+00:00,0.0,0.0023664567666676593,0.0011832283833338297
2018-10-03 00:00:00+00:00,0.0,0.002417181082137289,0.0012085905410686446
2018-10-04 00:00:00+00:00,0.0,0.0,0.0
2018-10-05 00:00:00+00:00,0.0,0.0,0.0
2018-10-07 00:00:00+00:00,0.0,0.0,0.0
2018-10-08 00:00:00+00:00,-0.01169035876770487,0.0,-0.005845179383852435
2018-10-09 00:00:00+00:00,0.0,-0.002517999366423291,-0.0012589996832116455
2018-10-10 00:00:00+00:00,0.0,0.0024549366913087425,0.0012274683456543712
2018-10-11 00:00:00+00:00,0.0,0.0,0.0
2018-10-12 00:00:00+00:00,0.0,0.0,0.0
2018-10-14 00:00:00+00:00,0.0,0.0,0.0
2018-10-15 00:00:00+00:00,0.0,-0.0018701672019167676,-0.0009350836009583838
2018-10-16 00:00:00+00:00,0.0,0.0,0.0
2018-10-18 00:00:00+00:00,0.0,0.0,0.0
2018-10-19 00:00:00+00:00,0.0,0.0,0.0
2018-10-21 00:00:00+00:00,0.0,0.0,0.0
2018-10-22 00:00:00+00:00,0.0,0.0,0.0
2018-10-23 00:00:00+00:00,0.0,0.0024232003456947445,0.0012116001728473722
2018-10-24 00:00:00+00:00,0.0,0.0,0.0
2018-10-25 00:00:00+00:00,-0.0010793167794750167,0.0,-0.0005396583897375084
2018-10-26 00:00:00+00:00,0.0,0.0,0.0
2018-10-28 00:00:00+00:00,0.0,0.0,0.0
2018-10-29 00:00:00+00:00,-0.01143273108271101,0.0,-0.005716365541355505
2018-10-30 00:00:00+00:00,-0.00012580363196670912,0.0,-6.290181598335456e-05
2018-10-31 00:00:00+00:00,0.004696174543622798,0.0,0.002348087271811399
2018-11-01 00:00:00+00:00,0.008125360429510172,0.0,0.004062680214755086
2018-11-02 00:00:00+00:00,0.0,0.0,0.0
2018-11-04 00:00:00+00:00,0.0,0.0,0.0
2018-11-05 00:00:00+00:00,0.0,0.0,0.0
2018-11-06 00:00:00+00:00,0.0,0.0,0.0
2018-11-07 00:00:00+00:00,0.0,0.0,0.0
2018-11-09 00:00:00+00:00,0.0,0.0,0.0
2018-11-13 00:00:00+00:00,0.0,0.0,0.0
2018-11-18 00:00:00+00:00,0.0,0.0,0.0
2018-11-19 00:00:00+00:00,0.0,0.0,0.0
2018-11-23 00:00:00+00:00,0.0,0.0010219953188915912,0.0005109976594457956
2018-11-25 00:00:00+00:00,0.0,0.0,0.0
2018-11-26 00:00:00+00:00,0.0,0.0,0.0
2018-11-27 00:00:00+00:00,0.0,0.0,0.0
2018-11-30 00:00:00+00:00,0.002798500966900144,0.0,0.001399250483450072
2018-12-04 00:00:00+00:00,0.0,0.0,0.0
2018-12-05 00:00:00+00:00,-0.0030192682519575467,0.0,-0.0015096341259787734
2018-12-06 00:00:00+00:00,0.0,0.0,0.0
2018-12-07 00:00:00+00:00,0.0,0.0,0.0
2018-12-10 00:00:00+00:00,0.0,0.0,0.0
2018-12-11 00:00:00+00:00,0.008659394067015052,0.0,0.004329697033507526
2018-12-12 00:00:00+00:00,0.0,0.0,0.0
2018-12-14 00:00:00+00:00,0.0,0.0,0.0
2018-12-17 00:00:00+00:00,0.0,0.004921151865878541,0.0024605759329392705
2018-12-18 00:00:00+00:00,0.00307687006994672,0.0,0.00153843503497336
2018-12-19 00:00:00+00:00,-0.011272764081643034,0.0,-0.005636382040821517
2018-12-20 00:00:00+00:00,-0.01122749152828647,0.0024582180565940683,-0.004384636735846201
2018-12-21 00:00:00+00:00,0.0,0.002466402289847123,0.0012332011449235616
2018-12-23 00:00:00+00:00,0.0,0.0,0.0
2018-12-24 00:00:00+00:00,0.0,0.004935562969917104,0.002467781484958552
2018-12-25 00:00:00+00:00,0.0,0.0,0.0
2018-12-26 00:00:00+00:00,-0.011463862080369007,0.0,-0.005731931040184503
2018-12-27 00:00:00+00:00,-0.011362220356405769,0.0,-0.005681110178202884
2018-12-28 00:00:00+00:00,0.0,0.0,0.0
2018-12-30 00:00:00+00:00,0.0,0.0,0.0
2018-12-31 00:00:00+00:00,0.0036640362967629626,0.00134812705862736,0.0025060816776951616
2019-01-01 00:00:00+00:00,0.0,0.0,0.0
2019-01-02 00:00:00+00:00,0.0,0.0,0.0
2019-01-03 00:00:00+00:00,0.008560432924977646,0.0,0.004280216462488823
2019-01-04 00:00:00+00:00,0.0,0.0,0.0
2019-01-06 00:00:00+00:00,0.0,0.0,0.0
2019-01-07 00:00:00+00:00,0.0,0.0,0.0
2019-01-08 00:00:00+00:00,0.0,0.0024341695810181506,0.0012170847905090753
2019-01-09 00:00:00+00:00,0.0,0.0024456793974661577,0.0012228396987330789
2019-01-10 00:00:00+00:00,0.0,0.0,0.0
2019-01-11 00:00:00+00:00,0.0,0.0,0.0
2019-01-13 00:00:00+00:00,0.0,0.0,0.0
2019-01-14 00:00:00+00:00,0.0,0.0,0.0
2019-01-15 00:00:00+00:00,0.0,0.0,0.0
2019-01-16 00:00:00+00:00,0.0,0.002377421258253752,0.001188710629126876
2019-01-17 00:00:00+00:00,0.0,0.002443400617681167,0.0012217003088405836
2019-01-18 00:00:00+00:00,-0.009812729121458764,0.004853484042293535,-0.0024796225395826146
2019-01-20 00:00:00+00:00,0.0,0.0,0.0
2019-01-21 00:00:00+00:00,0.0,0.0,0.0
2019-01-22 00:00:00+00:00,0.0,0.0,0.0
2019-01-23 00:00:00+00:00,0.0,0.0,0.0
2019-01-24 00:00:00+00:00,0.0,0.0,0.0
2019-01-25 00:00:00+00:00,0.0,0.0,0.0
2019-01-27 00:00:00+00:00,0.0,0.0,0.0
2019-01-28 00:00:00+00:00,0.0,0.0,0.0
2019-01-29 00:00:00+00:00,0.0,-0.0055704045295536676,-0.0027852022647768338
2019-01-30 00:00:00+00:00,0.0,0.0,0.0
2019-01-31 00:00:00+00:00,0.008769333111591586,0.0,0.004384666555795793
2019-02-01 00:00:00+00:00,0.008737466918113638,0.0,0.004368733459056819
2019-02-03 00:00:00+00:00,0.0,0.0,0.0
2019-02-04 00:00:00+00:00,0.0,0.0,0.0
2019-02-05 00:00:00+00:00,0.0,0.0023705822074514865,0.0011852911037257433
2019-02-06 00:00:00+00:00,0.0,0.0024101493023770044,0.0012050746511885022
2019-02-07 00:00:00+00:00,0.0,0.0,0.0
2019-02-08 00:00:00+00:00,-0.004526001322681216,0.0,-0.002263000661340608
2019-02-10 00:00:00+00:00,0.0,0.0,0.0
2019-02-11 00:00:00+00:00,0.0,0.0,0.0
2019-02-12 00:00:00+00:00,0.0,-0.0026795071883406935,-0.0013397535941703468
2019-02-13 00:00:00+00:00,0.008618009332242091,0.0024126958488853638,0.0055153525905637275
2019-02-14 00:00:00+00:00,-0.011242998114506273,0.0,-0.0056214990572531365
2019-02-15 00:00:00+00:00,0.0,0.002427204698907966,0.001213602349453983
2019-02-17 00:00:00+00:00,0.0,0.0,0.0
2019-02-18 00:00:00+00:00,0.0,0.0024545291297987577,0.0012272645648993788
2019-02-19 00:00:00+00:00,0.0,0.0,0.0
2019-02-20 00:00:00+00:00,-0.011142300441377184,0.0,-0.005571150220688592
2019-02-21 00:00:00+00:00,0.008677306831372064,0.002352365635598126,0.005514836233485095
2019-02-22 00:00:00+00:00,0.00874570763933985,0.0,0.004372853819669925
2019-02-24 00:00:00+00:00,0.0,0.0,0.0
2019-02-25 00:00:00+00:00,0.0,0.002367138164941405,0.0011835690824707026
2019-02-26 00:00:00+00:00,-0.011077907907564133,0.0,-0.0055389539537820665
2019-02-27 00:00:00+00:00,0.0,0.0,0.0
2019-02-28 00:00:00+00:00,0.0,0.0,0.0
2019-03-01 00:00:00+00:00,-0.01115200992500862,0.0,-0.00557600496250431
2019-03-03 00:00:00+00:00,0.0,0.0,0.0
2019-03-04 00:00:00+00:00,0.0,0.0,0.0
2019-03-05 00:00:00+00:00,-0.011351856466483954,0.0,-0.005675928233241977
2019-03-06 00:00:00+00:00,0.0,0.002420273669634619,0.0012101368348173096
2019-03-07 00:00:00+00:00,0.0,0.002377269312829967,0.0011886346564149834
2019-03-08 00:00:00+00:00,0.0,0.002439068843188417,0.0012195344215942085
2019-03-10 00:00:00+00:00,0.0,0.0,0.0
2019-03-11 00:00:00+00:00,-0.002448894403023648,0.0,-0.001224447201511824
2019-03-12 00:00:00+00:00,0.0,0.0,0.0
2019-03-13 00:00:00+00:00,0.0,0.0,0.0
2019-03-14 00:00:00+00:00,-0.00038593453855608443,0.0,-0.00019296726927804222
2019-03-15 00:00:00+00:00,-0.011584777552560916,0.002362834771411776,-0.00461097139057457
2019-03-17 00:00:00+00:00,0.0,0.0,0.0
2019-03-18 00:00:00+00:00,0.0,0.0,0.0
2019-03-19 00:00:00+00:00,0.0,0.004731196543980504,0.002365598271990252
2019-03-20 00:00:00+00:00,0.008447450446453713,0.0,0.0042237252232268565
2019-03-21 00:00:00+00:00,0.008256929903517854,0.0,0.004128464951758927
2019-03-22 00:00:00+00:00,0.0,0.0,0.0
2019-03-24 00:00:00+00:00,0.0,0.0,0.0
2019-03-25 00:00:00+00:00,0.0,0.0,0.0
2019-03-26 00:00:00+00:00,0.0,0.0,0.0
2019-03-27 00:00:00+00:00,-0.0022063427004856955,0.0,-0.0011031713502428478
2019-03-28 00:00:00+00:00,0.0,-0.0026909177240186082,-0.0013454588620093041
2019-03-29 00:00:00+00:00,0.0,0.0,0.0
2019-03-31 00:00:00+00:00,0.0,0.0,0.0
2019-04-01 00:00:00+00:00,0.0,0.0048042518766511395,0.0024021259383255698
2019-04-02 00:00:00+00:00,0.0,0.0,0.0
2019-04-03 00:00:00+00:00,-0.001303990699956573,0.0,-0.0006519953499782865
2019-04-04 00:00:00+00:00,0.0,0.0,0.0
2019-04-05 00:00:00+00:00,0.0,0.002414433428374342,0.001207216714187171
2019-04-07 00:00:00+00:00,0.0,0.0,0.0
2019-04-08 00:00:00+00:00,0.008277974174993907,0.0,0.0041389870874969535
2019-04-09 00:00:00+00:00,-0.003907509990268848,0.0,-0.001953754995134424
2019-04-10 00:00:00+00:00,0.0,0.0023913475066202608,0.0011956737533101304
2019-04-11 00:00:00+00:00,0.0083756019731658,0.0,0.0041878009865829
2019-04-12 00:00:00+00:00,-0.009992974294113584,0.0,-0.004996487147056792
2019-04-14 00:00:00+00:00,0.0,0.0,0.0
2019-04-15 00:00:00+00:00,0.008319279998225905,0.00240151121172398,0.005360395604974943
2019-04-16 00:00:00+00:00,0.0,0.0,0.0
2019-04-17 00:00:00+00:00,-0.00017885838926253424,0.0,-8.942919463126712e-05
2019-04-18 00:00:00+00:00,0.0,0.0023771643117208524,0.0011885821558604262
2019-04-21 00:00:00+00:00,0.0,0.0,0.0
2019-04-22 00:00:00+00:00,0.0,0.0,0.0
2019-04-23 00:00:00+00:00,0.0,0.0023078965646761095,0.0011539482823380548
2019-04-24 00:00:00+00:00,0.008240451010110688,0.0,0.004120225505055344
2019-04-25 00:00:00+00:00,0.00280917988683464,0.0,0.00140458994341732
2019-04-26 00:00:00+00:00,0.0,0.0,0.0
2019-04-28 00:00:00+00:00,0.0,0.0,0.0
2019-04-29 00:00:00+00:00,0.0,0.0,0.0
2019-04-30 00:00:00+00:00,0.0,0.0,0.0
2019-05-01 00:00:00+00:00,-0.011819673899792578,0.0023372752272552513,-0.004741199336268664
2019-05-02 00:00:00+00:00,0.0,0.002345485324986631,0.0011727426624933155
2019-05-03 00:00:00+00:00,-0.0035669285828503383,0.0,-0.0017834642914251692
2019-05-05 00:00:00+00:00,0.0,0.0,0.0
2019-05-06 00:00:00+00:00,0.0,0.0024406781475819488,0.0012203390737909744
2019-05-07 00:00:00+00:00,0.008200588395120601,0.002401725756035685,0.0053011570755781435
2019-05-08 00:00:00+00:00,0.008226168909953592,0.0,0.004113084454976796
2019-05-09 00:00:00+00:00,-0.011846880687698829,0.0,-0.0059234403438494145
2019-05-10 00:00:00+00:00,0.0,0.0,0.0
2019-05-12 00:00:00+00:00,0.0,0.0,0.0
2019-05-13 00:00:00+00:00,0.0,-0.0013996586118799849,-0.0006998293059399924
2019-05-14 00:00:00+00:00,0.008261807535249285,0.0,0.004130903767624643
2019-05-15 00:00:00+00:00,0.008355517043995661,0.0,0.0041777585219978305
2019-05-16 00:00:00+00:00,0.008295597606089406,0.0,0.004147798803044703
2019-05-17 00:00:00+00:00,0.008197281315890918,-0.005310502624163775,0.0014433893458635715
2019-05-19 00:00:00+00:00,0.0,0.0,0.0
2019-05-20 00:00:00+00:00,0.0,0.0,0.0
2019-05-21 00:00:00+00:00,0.006859704268605388,0.0,0.003429852134302694
2019-05-22 00:00:00+00:00,0.0,0.0,0.0
2019-05-23 00:00:00+00:00,-0.0032034760128640052,0.0024033620742632002,-0.0004000569693004025
2019-05-24 00:00:00+00:00,0.0,0.0,0.0
2019-05-26 00:00:00+00:00,0.0,0.0,0.0
2019-05-27 00:00:00+00:00,0.0,0.0,0.0
2019-05-28 00:00:00+00:00,0.0,0.0,0.0
2019-05-29 00:00:00+00:00,0.0,0.0023598653769797274,0.0011799326884898637
2019-05-30 00:00:00+00:00,0.0,0.0,0.0
2019-05-31 00:00:00+00:00,-0.011749271137026234,0.0024466000545322283,-0.004651335541247003
2019-06-02 00:00:00+00:00,0.0,0.0,0.0
2019-06-03 00:00:00+00:00,0.0,0.0024403279144559705,0.0012201639572279853
2019-06-04 00:00:00+00:00,0.0,0.0,0.0
2019-06-05 00:00:00+00:00,0.008243564755645654,0.0024446904048017622,0.005344127580223708
2019-06-06 00:00:00+00:00,0.0,0.004799830269167773,0.0023999151345838864
2019-06-07 00:00:00+00:00,0.0,0.0024038383923248715,0.0012019191961624358
2019-06-09 00:00:00+00:00,0.0,0.0,0.0
2019-06-10 00:00:00+00:00,0.0,0.0,0.0
2019-06-11 00:00:00+00:00,0.008771533997872078,0.0,0.004385766998936039
2019-06-12 00:00:00+00:00,0.0,0.0,0.0
2019-06-13 00:00:00+00:00,0.008312430081981053,0.0,0.0041562150409905265
2019-06-14 00:00:00+00:00,0.0,0.0,0.0
2019-06-16 00:00:00+00:00,0.0,0.0,0.0
2019-06-17 00:00:00+00:00,-0.00280215125197322,0.0,-0.00140107562598661
2019-06-18 00:00:00+00:00,0.0,0.00475785866644754,0.00237892933322377
2019-06-19 00:00:00+00:00,0.0,0.0,0.0
2019-06-20 00:00:00+00:00,-0.011554799629540796,0.0023527529448118863,-0.004601023342364455
2019-06-21 00:00:00+00:00,0.0,0.0,0.0
2019-06-23 00:00:00+00:00,0.0,0.0,0.0
2019-06-24 00:00:00+00:00,0.0,0.0,0.0
2019-06-25 00:00:00+00:00,-0.01155384223758865,-0.0014763309513512494,-0.00651508659446995
2019-06-26 00:00:00+00:00,-0.011556734173765877,0.0,-0.005778367086882939
2019-06-27 00:00:00+00:00,0.0,0.0023085472699530467,0.0011542736349765233
2019-06-28 00:00:00+00:00,0.0,0.0,0.0
2019-06-30 00:00:00+00:00,0.0,0.0,0.0
2019-07-01 00:00:00+00:00,-0.01159187968952599,0.0,-0.005795939844762995
2019-07-02 00:00:00+00:00,-0.011515062764062351,0.0,-0.0057575313820311756
2019-07-03 00:00:00+00:00,0.0,0.002390063887266335,0.0011950319436331675
2019-07-04 00:00:00+00:00,0.0,0.0,0.0
2019-07-05 00:00:00+00:00,0.0,0.0,0.0
2019-07-07 00:00:00+00:00,0.0,0.0,0.0
2019-07-08 00:00:00+00:00,0.0,0.0,0.0
2019-07-09 00:00:00+00:00,-0.011179009179377242,0.0,-0.005589504589688621
2019-07-10 00:00:00+00:00,0.0,0.0,0.0
2019-07-11 00:00:00+00:00,0.0,-0.010154590689864398,-0.005077295344932199
2019-07-12 00:00:00+00:00,0.0,0.004830574367258535,0.0024152871836292675
2019-07-14 00:00:00+00:00,0.0,0.0,0.0
2019-07-15 00:00:00+00:00,0.008449952889336018,0.0,0.004224976444668009
2019-07-16 00:00:00+00:00,0.0,0.0,0.0
2019-07-17 00:00:00+00:00,0.00871443776296597,0.0,0.004357218881482985
2019-07-18 00:00:00+00:00,0.0,-0.0052456712222980414,-0.0026228356111490207
2019-07-19 00:00:00+00:00,0.0,0.0,0.0
2019-07-21 00:00:00+00:00,0.0,0.0,0.0
2019-07-22 00:00:00+00:00,0.0,0.0,0.0
2019-07-23 00:00:00+00:00,-0.01122579656615672,0.0,-0.00561289828307836
2019-07-24 00:00:00+00:00,0.0,0.0,0.0
2019-07-25 00:00:00+00:00,0.008680200033065646,0.0,0.004340100016532823
2019-07-26 00:00:00+00:00,0.0,0.0,0.0
2019-07-28 00:00:00+00:00,0.0,0.0,0.0
2019-07-29 00:00:00+00:00,0.0,0.0,0.0
2019-07-30 00:00:00+00:00,-0.011729343091368952,0.0,-0.005864671545684476
2019-07-31 00:00:00+00:00,0.008439725103093307,0.0,0.004219862551546653
2019-08-01 00:00:00+00:00,0.008237039933178134,0.0,0.004118519966589067
2019-08-02 00:00:00+00:00,0.008454612924929389,0.0,0.004227306462464694
2019-08-04 00:00:00+00:00,0.0,0.0,0.0
2019-08-05 00:00:00+00:00,0.0,0.0,0.0
2019-08-06 00:00:00+00:00,0.0,0.0,0.0
2019-08-08 00:00:00+00:00,0.0,0.0,0.0
2019-08-09 00:00:00+00:00,0.008414578405303382,0.0,0.004207289202651691
2019-08-11 00:00:00+00:00,0.0,0.0,0.0
2019-08-12 00:00:00+00:00,0.0,0.0,0.0
2019-08-14 00:00:00+00:00,0.0,0.0,0.0
2019-08-15 00:00:00+00:00,0.0,0.0,0.0
2019-08-16 00:00:00+00:00,0.0,0.0,0.0
2019-08-19 00:00:00+00:00,0.008451985012279018,0.0,0.004225992506139509
2019-08-21 00:00:00+00:00,0.0,0.0,0.0
2019-08-22 00:00:00+00:00,0.0,0.0,0.0
2019-08-23 00:00:00+00:00,0.0,0.0,0.0
2019-08-26 00:00:00+00:00,0.0,0.0,0.0
2019-08-27 00:00:00+00:00,0.0,0.0,0.0
2019-08-28 00:00:00+00:00,0.0,0.0,0.0
2019-08-29 00:00:00+00:00,0.0,0.0,0.0
2019-08-30 00:00:00+00:00,0.0,0.0,0.0
2019-09-01 00:00:00+00:00,0.0,0.0,0.0
2019-09-02 00:00:00+00:00,0.0,0.0,0.0
2019-09-03 00:00:00+00:00,0.0,0.0,0.0
2019-09-04 00:00:00+00:00,0.008611660051907596,0.0,0.004305830025953798
2019-09-05 00:00:00+00:00,0.008401607301772288,0.0,0.004200803650886144
2019-09-06 00:00:00+00:00,0.008457630998726593,0.0,0.004228815499363297
2019-09-09 00:00:00+00:00,0.0,0.0,0.0
2019-09-11 00:00:00+00:00,0.0,0.0,0.0
2019-09-12 00:00:00+00:00,0.0,0.0,0.0
2019-09-13 00:00:00+00:00,0.0,0.0,0.0
2019-09-16 00:00:00+00:00,-0.011569095501313654,0.0,-0.005784547750656827
2019-09-17 00:00:00+00:00,0.0,0.0,0.0
2019-09-18 00:00:00+00:00,-0.01144631182177127,0.0,-0.005723155910885635
2019-09-19 00:00:00+00:00,0.0,0.0,0.0
2019-09-22 00:00:00+00:00,0.0,0.0,0.0
2019-09-24 00:00:00+00:00,0.008579004862632179,0.0,0.004289502431316089
2019-09-26 00:00:00+00:00,0.008435494130285569,0.0,0.004217747065142784
2019-09-27 00:00:00+00:00,0.0,0.0,0.0
2019-10-01 00:00:00+00:00,0.0,0.0,0.0
2019-10-03 00:00:00+00:00,0.0,0.0,0.0
2019-10-04 00:00:00+00:00,0.0,0.002451552873487802,0.001225776436743901
2019-10-07 00:00:00+00:00,-0.011483000079874288,-0.005658460908631158,-0.008570730494252722
2019-10-11 00:00:00+00:00,0.0,0.0,0.0
2019-10-15 00:00:00+00:00,0.00852748184589709,0.0,0.004263740922948545
2019-10-16 00:00:00+00:00,0.0,0.0,0.0
2019-10-22 00:00:00+00:00,0.0,0.0,0.0
2019-10-24 00:00:00+00:00,0.0,0.0,0.0
2019-10-25 00:00:00+00:00,0.008439690053685283,0.0,0.004219845026842642
2019-10-28 00:00:00+00:00,0.0,0.0,0.0
2019-10-29 00:00:00+00:00,0.0,0.0,0.0
2019-10-30 00:00:00+00:00,0.0,0.002417154533386482,0.001208577266693241
2019-10-31 00:00:00+00:00,0.0,0.0,0.0
2019-11-01 00:00:00+00:00,0.0,0.0023212099303413594,0.0011606049651706797
2019-11-03 00:00:00+00:00,0.0,0.0,0.0
2019-11-04 00:00:00+00:00,0.0,0.002430527164828868,0.001215263582414434
2019-11-05 00:00:00+00:00,0.0,0.0024018933608173335,0.0012009466804086667
2019-11-06 00:00:00+00:00,0.0,0.0,0.0
2019-11-07 00:00:00+00:00,0.0,0.002359282728937555,0.0011796413644687776
2019-11-08 00:00:00+00:00,0.0,0.0,0.0
2019-11-10 00:00:00+00:00,0.0,0.0,0.0
2019-11-11 00:00:00+00:00,0.009029896786087777,-0.0020967382045042273,0.0034665792907917752
2019-11-12 00:00:00+00:00,0.0,0.0,0.0
2019-11-13 00:00:00+00:00,-0.011056709387852593,0.0,-0.005528354693926297
2019-11-14 00:00:00+00:00,0.0,0.0,0.0
2019-11-15 00:00:00+00:00,0.0006942604506486455,0.004716340383095101,0.0027053004168718733
2019-11-17 00:00:00+00:00,0.0,0.0,0.0
2019-11-18 00:00:00+00:00,-0.011026688453159034,0.0,-0.005513344226579517
2019-11-19 00:00:00+00:00,0.0,0.002351849877112936,0.001175924938556468
2019-11-20 00:00:00+00:00,-0.01108069961008383,0.0,-0.005540349805041915
2019-11-21 00:00:00+00:00,0.0,0.0023794286921679777,0.0011897143460839889
2019-11-22 00:00:00+00:00,0.008916291355205613,0.0,0.0044581456776028065
2019-11-24 00:00:00+00:00,0.0,0.0,0.0
2019-11-25 00:00:00+00:00,0.0,0.0,0.0
2019-11-26 00:00:00+00:00,0.00879912888754541,0.004625096497587882,0.006712112692566646
2019-11-27 00:00:00+00:00,-0.0024877733157450017,0.0,-0.0012438866578725009
2019-11-28 00:00:00+00:00,0.0,0.0,0.0
2019-11-29 00:00:00+00:00,0.0,0.0,0.0
2019-12-01 00:00:00+00:00,0.0,0.0,0.0
2019-12-02 00:00:00+00:00,0.008822091267381836,0.0,0.004411045633690918
2019-12-03 00:00:00+00:00,0.0,0.0048195801571005335,0.0024097900785502667
2019-12-04 00:00:00+00:00,-0.004532782432889205,0.0,-0.0022663912164446027
2019-12-05 00:00:00+00:00,0.0,0.0,0.0
2019-12-06 00:00:00+00:00,-0.0018444998950742436,0.0,-0.0009222499475371218
2019-12-08 00:00:00+00:00,0.0,0.0,0.0
2019-12-09 00:00:00+00:00,0.00017244169571733719,0.0,8.622084785866859e-05
2019-12-10 00:00:00+00:00,0.0,-0.0013322074561931308,-0.0006661037280965654
2019-12-11 00:00:00+00:00,0.008918786426275964,0.0,0.004459393213137982
2019-12-12 00:00:00+00:00,0.0,0.0,0.0
2019-12-13 00:00:00+00:00,0.008765285204839574,0.0,0.004382642602419787
2019-12-15 00:00:00+00:00,0.0,0.0,0.0
2019-12-16 00:00:00+00:00,0.0,5.201648190626776e-05,2.600824095313388e-05
2019-12-17 00:00:00+00:00,-0.0009308952549745667,0.0,-0.00046544762748728334
2019-12-18 00:00:00+00:00,-0.0015581705722555739,0.0,-0.0007790852861277869
2019-12-19 00:00:00+00:00,0.0,0.0,0.0
2019-12-20 00:00:00+00:00,0.0,0.00395054659764506,0.00197527329882253
2019-12-22 00:00:00+00:00,0.0,0.0,0.0
2019-12-23 00:00:00+00:00,0.0,0.0,0.0
2019-12-24 00:00:00+00:00,0.0,0.0,0.0
2019-12-25 00:00:00+00:00,0.0,0.0,0.0
2019-12-26 00:00:00+00:00,0.0,0.0,0.0
2019-12-27 00:00:00+00:00,0.008888344824848168,0.0039855035915561665,0.006436924208202167
2019-12-29 00:00:00+00:00,0.0,0.0,0.0
2019-12-30 00:00:00+00:00,0.0,-0.010250904064837566,-0.005125452032418783
2019-12-31 00:00:00+00:00,-0.011016665298415584,0.0023690664303625216,-0.004323799434026531
2020-01-01 00:00:00+00:00,0.0,0.0,0.0
2020-01-02 00:00:00+00:00,0.0,0.0,0.0
2020-01-03 00:00:00+00:00,0.008741753658231724,0.0,0.004370876829115862
2020-01-05 00:00:00+00:00,0.0,0.0,0.0
2020-01-06 00:00:00+00:00,0.0,0.0,0.0
2020-01-07 00:00:00+00:00,0.0,0.0,0.0
2020-01-08 00:00:00+00:00,0.009065607943605504,0.0,0.004532803971802752
2020-01-09 00:00:00+00:00,0.0,0.0,0.0
2020-01-10 00:00:00+00:00,0.008978503217747054,0.0,0.004489251608873527
2020-01-12 00:00:00+00:00,0.0,0.0,0.0
2020-01-13 00:00:00+00:00,0.0,0.0,0.0
2020-01-14 00:00:00+00:00,0.0,0.0,0.0
2020-01-15 00:00:00+00:00,0.0,0.0,0.0
2020-01-17 00:00:00+00:00,-0.011072035585411442,0.0,-0.005536017792705721
2020-01-19 00:00:00+00:00,0.0,0.0,0.0
2020-01-20 00:00:00+00:00,0.0,0.0,0.0
2020-01-21 00:00:00+00:00,0.0,0.0,0.0
2020-01-22 00:00:00+00:00,0.0,0.0,0.0
2020-01-23 00:00:00+00:00,-0.011007037440898034,0.0,-0.005503518720449017
2020-01-24 00:00:00+00:00,0.0,0.0,0.0
2020-01-26 00:00:00+00:00,0.0,0.0,0.0
2020-01-27 00:00:00+00:00,0.0,0.0,0.0
2020-01-28 00:00:00+00:00,0.009016753616431658,0.0,0.004508376808215829
2020-01-29 00:00:00+00:00,0.008939423804467361,0.0,0.0044697119022336805
2020-01-30 00:00:00+00:00,0.0,0.0,0.0
2020-02-02 00:00:00+00:00,0.0,0.0,0.0
2020-02-03 00:00:00+00:00,-0.011092487654730719,0.0,-0.0055462438273653596
2020-02-05 00:00:00+00:00,0.0,0.0,0.0
2020-02-06 00:00:00+00:00,0.0,0.0,0.0
2020-02-07 00:00:00+00:00,0.0,0.0,0.0
2020-02-09 00:00:00+00:00,0.0,0.0,0.0
2020-02-10 00:00:00+00:00,0.0,0.0,0.0
2020-02-11 00:00:00+00:00,0.008912929330859624,0.0,0.004456464665429812
2020-02-12 00:00:00+00:00,-0.011091919063736962,0.0,-0.005545959531868481
2020-02-13 00:00:00+00:00,0.00034396122757352545,0.0,0.00017198061378676272
2020-02-14 00:00:00+00:00,0.0,0.0,0.0
2020-02-16 00:00:00+00:00,0.0,0.0,0.0
2020-02-17 00:00:00+00:00,0.0,0.0,0.0
2020-02-20 00:00:00+00:00,0.008986131327521914,0.0,0.004493065663760957
2020-02-21 00:00:00+00:00,0.0,0.0,0.0
2020-02-23 00:00:00+00:00,0.0,0.0,0.0
2020-02-24 00:00:00+00:00,0.0,0.0024466420395611965,0.0012233210197805983
2020-02-26 00:00:00+00:00,0.0,0.0,0.0
2020-02-27 00:00:00+00:00,0.0,0.0024639642726451065,0.0012319821363225532
2020-03-01 00:00:00+00:00,0.0,0.0,0.0
2020-03-02 00:00:00+00:00,0.0,0.0024743272197100185,0.0012371636098550093
2020-03-03 00:00:00+00:00,0.0,0.0,0.0
2020-03-04 00:00:00+00:00,0.0,0.0,0.0
2020-03-05 00:00:00+00:00,0.0,0.0,0.0
2020-03-06 00:00:00+00:00,0.0,0.0,0.0
2020-03-08 00:00:00+00:00,0.0,0.0,0.0
2020-03-09 00:00:00+00:00,0.0,0.002483641096438584,0.001241820548219292
2020-03-11 00:00:00+00:00,0.0,0.0,0.0
2020-03-12 00:00:00+00:00,0.008595366158348515,0.0024841337514650446,0.00553974995490678
2020-03-13 00:00:00+00:00,0.008815229787012694,0.0,0.004407614893506347
2020-03-15 00:00:00+00:00,0.0,0.0,0.0
2020-03-16 00:00:00+00:00,0.008138223995772438,-0.0026123875306856715,0.0027629182325433835
2020-03-17 00:00:00+00:00,0.0,0.0,0.0
2020-03-18 00:00:00+00:00,0.007770020113414553,0.0,0.0038850100567072764
2020-03-20 00:00:00+00:00,0.0082431317179905,0.0005949604678850109,0.004419046092937755
2020-03-22 00:00:00+00:00,0.0,0.0,0.0
2020-03-24 00:00:00+00:00,0.0,0.00015698562900896297,7.849281450448149e-05
2020-03-25 00:00:00+00:00,0.0,0.0,0.0
2020-03-26 00:00:00+00:00,0.0,0.0,0.0
2020-03-27 00:00:00+00:00,0.0,0.0,0.0
2020-03-29 00:00:00+00:00,0.0,0.0,0.0
2020-03-30 00:00:00+00:00,0.0,-0.0028504798206848442,-0.0014252399103424221
2020-03-31 00:00:00+00:00,0.0,0.0,0.0
2020-04-01 00:00:00+00:00,0.0,0.0,0.0
2020-04-02 00:00:00+00:00,0.0,0.0,0.0
2020-04-03 00:00:00+00:00,0.0,0.0,0.0
2020-04-05 00:00:00+00:00,0.0,0.0,0.0
2020-04-06 00:00:00+00:00,0.0,0.002440254648828071,0.0012201273244140355
2020-04-07 00:00:00+00:00,0.007229789449469139,0.0,0.0036148947247345697
2020-04-08 00:00:00+00:00,0.0,0.0,0.0
2020-04-09 00:00:00+00:00,0.0,0.002452203741322818,0.001226101870661409
2020-04-12 00:00:00+00:00,0.0,0.0,0.0
2020-04-13 00:00:00+00:00,0.0,0.0,0.0
2020-04-14 00:00:00+00:00,0.006584769602838564,0.0,0.003292384801419282
2020-04-15 00:00:00+00:00,0.007145702944980437,0.0,0.0035728514724902185
2020-04-16 00:00:00+00:00,-0.01333736154875294,0.0,-0.00666868077437647
2020-04-17 00:00:00+00:00,0.00673497600921001,0.0,0.003367488004605005
2020-04-19 00:00:00+00:00,0.0,0.0,0.0
2020-04-20 00:00:00+00:00,-0.012762507972766462,-0.0010720448960762745,-0.006917276434421369
2020-04-21 00:00:00+00:00,0.007561111000618386,0.0,0.003780555500309193
2020-04-22 00:00:00+00:00,0.0,0.0,0.0
2020-04-23 00:00:00+00:00,0.0,0.0,0.0
2020-04-24 00:00:00+00:00,0.007901331335703123,-0.004815422466660099,0.0015429544345215117
2020-04-26 00:00:00+00:00,0.0,0.0,0.0
2020-04-27 00:00:00+00:00,0.0,0.002433618799502537,0.0012168093997512684
2020-04-28 00:00:00+00:00,0.0,0.002427582686650657,0.0012137913433253285
2020-04-29 00:00:00+00:00,0.0,0.0,0.0
2020-04-30 00:00:00+00:00,0.0,0.0024595871480866615,0.0012297935740433307
2020-05-01 00:00:00+00:00,0.0,0.0,0.0
2020-05-03 00:00:00+00:00,0.0,0.0,0.0
2020-05-04 00:00:00+00:00,0.0,0.002449363662363335,0.0012246818311816676
2020-05-05 00:00:00+00:00,0.0,0.0,0.0
2020-05-06 00:00:00+00:00,0.007547600958966112,0.0,0.003773800479483056
2020-05-07 00:00:00+00:00,0.00761310883452795,0.0,0.003806554417263975
2020-05-08 00:00:00+00:00,0.0,0.0,0.0
2020-05-10 00:00:00+00:00,0.0,0.0,0.0
2020-05-11 00:00:00+00:00,0.0,0.0024210888800217235,0.0012105444400108618
2020-05-12 00:00:00+00:00,0.0,0.0,0.0
2020-05-13 00:00:00+00:00,0.0,0.0024250022219636704,0.0012125011109818352
2020-05-14 00:00:00+00:00,0.0,0.002467727289690148,0.001233863644845074
2020-05-15 00:00:00+00:00,-0.012357477913033484,0.0,-0.006178738956516742
2020-05-17 00:00:00+00:00,0.0,0.0,0.0
2020-05-18 00:00:00+00:00,0.0,0.0024353583873575366,0.0012176791936787683
2020-05-19 00:00:00+00:00,0.0,0.0,0.0
2020-05-20 00:00:00+00:00,0.0,0.0,0.0
2020-05-21 00:00:00+00:00,0.008235769541623382,0.0,0.004117884770811691
2020-05-22 00:00:00+00:00,0.0,0.0,0.0
2020-05-24 00:00:00+00:00,0.0,0.0,0.0
2020-05-25 00:00:00+00:00,0.0,0.0,0.0
2020-05-26 00:00:00+00:00,0.0,0.0024422437125035217,0.0012211218562517608
2020-05-27 00:00:00+00:00,0.0,0.004812363989557817,0.0024061819947789084
2020-05-28 00:00:00+00:00,0.0,0.002418413913968883,0.0012092069569844416
2020-05-29 00:00:00+00:00,0.0,0.0,0.0
2020-05-31 00:00:00+00:00,0.0,0.0,0.0
2020-06-01 00:00:00+00:00,0.0,0.0,0.0
2020-06-02 00:00:00+00:00,0.0,0.0,0.0
2020-06-03 00:00:00+00:00,0.0,0.002415017156230009,0.0012075085781150046
2020-06-04 00:00:00+00:00,0.0,0.0024536253234127055,0.0012268126617063528
2020-06-05 00:00:00+00:00,0.0,0.002405271974605993,0.0012026359873029966
2020-06-07 00:00:00+00:00,0.0,0.0,0.0
2020-06-08 00:00:00+00:00,0.008872722513970577,0.0,0.004436361256985289
2020-06-09 00:00:00+00:00,0.0,0.002065253517797126,0.001032626758898563
2020-06-10 00:00:00+00:00,0.0,0.0,0.0
2020-06-11 00:00:00+00:00,0.008771971632314714,0.002435127075232817,0.005603549353773766
2020-06-12 00:00:00+00:00,0.00814280869117204,0.0,0.00407140434558602
2020-06-14 00:00:00+00:00,0.0,0.0,0.0
2020-06-15 00:00:00+00:00,0.008462491191355814,0.0,0.004231245595677907
2020-06-16 00:00:00+00:00,0.0,-0.010028798362485904,-0.005014399181242952
2020-06-17 00:00:00+00:00,0.0,0.0,0.0
2020-06-18 00:00:00+00:00,0.0,0.0,0.0
2020-06-19 00:00:00+00:00,0.008110292654021935,0.0,0.004055146327010968
2020-06-21 00:00:00+00:00,0.0,0.0,0.0
2020-06-22 00:00:00+00:00,0.0,0.0,0.0
2020-06-23 00:00:00+00:00,0.0,-0.0054762799551009555,-0.0027381399775504777
2020-06-24 00:00:00+00:00,0.0,0.0,0.0
2020-06-25 00:00:00+00:00,-0.012083613217083436,0.0,-0.006041806608541718
2020-06-26 00:00:00+00:00,0.0,0.002468622372618973,0.0012343111863094866
2020-06-28 00:00:00+00:00,0.0,0.0,0.0
2020-06-29 00:00:00+00:00,0.0,0.0,0.0
2020-06-30 00:00:00+00:00,0.0,0.0,0.0
2020-07-01 00:00:00+00:00,0.0,0.0,0.0
2020-07-03 00:00:00+00:00,0.0,0.0,0.0
2020-07-05 00:00:00+00:00,0.0,0.0,0.0
2020-07-06 00:00:00+00:00,0.0,0.0,0.0
2020-07-07 00:00:00+00:00,0.008260280605319368,0.0,0.004130140302659684
2020-07-08 00:00:00+00:00,0.0,0.0,0.0
2020-07-09 00:00:00+00:00,0.0,0.0,0.0
2020-07-10 00:00:00+00:00,0.00840997348015393,0.0,0.004204986740076965
2020-07-12 00:00:00+00:00,0.0,0.0,0.0
2020-07-13 00:00:00+00:00,0.0,0.0,0.0
2020-07-14 00:00:00+00:00,0.0,0.0,0.0
2020-07-15 00:00:00+00:00,0.0,0.0,0.0
2020-07-16 00:00:00+00:00,0.0,0.0,0.0
2020-07-17 00:00:00+00:00,0.0,0.0,0.0
2020-07-19 00:00:00+00:00,0.0,0.0,0.0
2020-07-20 00:00:00+00:00,0.0,0.0,0.0
2020-07-21 00:00:00+00:00,0.0,0.0,0.0
2020-07-22 00:00:00+00:00,0.008649310922378457,0.0,0.0043246554611892285
2020-07-23 00:00:00+00:00,0.0,0.0,0.0
2020-07-24 00:00:00+00:00,0.0,0.0,0.0
2020-07-26 00:00:00+00:00,0.0,0.0,0.0
2020-07-27 00:00:00+00:00,0.0,0.0,0.0
2020-07-28 00:00:00+00:00,0.0,0.0,0.0
2020-07-29 00:00:00+00:00,0.0,0.0,0.0
2020-07-30 00:00:00+00:00,0.0,0.0,0.0
2020-07-31 00:00:00+00:00,0.0,0.0,0.0
2020-08-02 00:00:00+00:00,0.0,0.0,0.0
2020-08-03 00:00:00+00:00,0.0,0.0,0.0
2020-08-04 00:00:00+00:00,0.0,0.0,0.0
2020-08-05 00:00:00+00:00,0.0,0.002451076893371311,0.0012255384466856555
2020-08-07 00:00:00+00:00,0.0,0.0,0.0
2020-08-09 00:00:00+00:00,0.0,0.0,0.0
2020-08-10 00:00:00+00:00,0.0,0.0024356061116593834,0.0012178030558296917
2020-08-11 00:00:00+00:00,0.0,0.0024416347430625315,0.0012208173715312657
2020-08-12 00:00:00+00:00,0.0,0.0,0.0
2020-08-13 00:00:00+00:00,0.0,0.0,0.0
2020-08-14 00:00:00+00:00,0.0,0.0,0.0
2020-08-16 00:00:00+00:00,0.0,0.0,0.0
2020-08-17 00:00:00+00:00,0.0,0.0,0.0
2020-08-19 00:00:00+00:00,0.0,0.0,0.0
2020-08-20 00:00:00+00:00,0.008456715199909063,0.0,0.004228357599954532
2020-08-21 00:00:00+00:00,0.0,0.0,0.0
2020-08-24 00:00:00+00:00,0.0,0.002410953456099251,0.0012054767280496256
2020-08-25 00:00:00+00:00,0.0,0.002403648475915864,0.001201824237957932
2020-08-28 00:00:00+00:00,0.0,0.0,0.0
2020-08-30 00:00:00+00:00,0.0,0.0,0.0
2020-08-31 00:00:00+00:00,0.0,0.0,0.0
2020-09-01 00:00:00+00:00,0.0,0.0,0.0
2020-09-02 00:00:00+00:00,0.0,0.002395956083829272,0.001197978041914636
2020-09-03 00:00:00+00:00,0.0,-0.010087770860077335,-0.0050438854300386676
2020-09-06 00:00:00+00:00,0.0,0.0,0.0
2020-09-07 00:00:00+00:00,0.0,0.0,0.0
2020-09-08 00:00:00+00:00,0.00835661205238172,0.0,0.00417830602619086
2020-09-09 00:00:00+00:00,0.0,0.0,0.0
2020-09-10 00:00:00+00:00,0.0,0.0,0.0
2020-09-11 00:00:00+00:00,0.0089992653744792,0.0,0.0044996326872396
2020-09-13 00:00:00+00:00,0.0,0.0,0.0
2020-09-14 00:00:00+00:00,0.0,0.0,0.0
2020-09-15 00:00:00+00:00,0.008490893272931538,0.0,0.004245446636465769
2020-09-16 00:00:00+00:00,0.0,0.0,0.0
2020-09-17 00:00:00+00:00,0.008585008765170413,0.0,0.0042925043825852065
2020-09-18 00:00:00+00:00,0.0,0.0,0.0
2020-09-20 00:00:00+00:00,0.0,0.0,0.0
2020-09-21 00:00:00+00:00,0.00848515242761386,0.0,0.00424257621380693
2020-09-22 00:00:00+00:00,0.0,0.0,0.0
2020-09-23 00:00:00+00:00,0.008691790398828171,0.0024615372814072467,0.005576663840117709
2020-09-24 00:00:00+00:00,0.0,0.0,0.0
2020-09-27 00:00:00+00:00,0.0,0.0,0.0
2020-09-28 00:00:00+00:00,0.0,0.0,0.0
2020-09-29 00:00:00+00:00,0.0,0.0,0.0
2020-09-30 00:00:00+00:00,0.009139974215074578,0.0,0.004569987107537289
2020-10-01 00:00:00+00:00,0.0,0.0,0.0
2020-10-02 00:00:00+00:00,-0.011435756960351358,0.0,-0.005717878480175679
2020-10-04 00:00:00+00:00,0.0,0.0,0.0
2020-10-05 00:00:00+00:00,0.0,0.0,0.0
2020-10-06 00:00:00+00:00,0.0,0.0,0.0
2020-10-07 00:00:00+00:00,0.0,0.0,0.0
2020-10-09 00:00:00+00:00,-0.011068076083797214,0.0,-0.005534038041898607
2020-10-11 00:00:00+00:00,0.0,0.0,0.0
2020-10-12 00:00:00+00:00,-0.011421464846540472,0.0,-0.005710732423270236
2020-10-13 00:00:00+00:00,0.008611965721680116,0.0,0.004305982860840058
2020-10-14 00:00:00+00:00,0.0,0.0,0.0
2020-10-15 00:00:00+00:00,0.0,0.0,0.0
2020-10-16 00:00:00+00:00,0.00894115422592912,0.0,0.00447057711296456
2020-10-18 00:00:00+00:00,0.0,0.0,0.0
2020-10-20 00:00:00+00:00,-0.01131405767955103,0.0,-0.005657028839775515
2020-10-21 00:00:00+00:00,0.008822791442814937,0.0,0.004411395721407469
2020-10-22 00:00:00+00:00,0.008708000820650926,0.0,0.004354000410325463
2020-10-23 00:00:00+00:00,0.0,0.0,0.0
2020-10-25 00:00:00+00:00,0.0,0.0,0.0
2020-10-26 00:00:00+00:00,-0.011392920544266895,0.0,-0.005696460272133447
2020-10-27 00:00:00+00:00,0.0,0.0,0.0
2020-10-28 00:00:00+00:00,0.0,0.004881155116994204,0.002440577558497102
2020-10-29 00:00:00+00:00,0.0,0.0,0.0
2020-10-30 00:00:00+00:00,0.0,0.002454973189848238,0.001227486594924119
2020-11-01 00:00:00+00:00,0.0,0.0,0.0
2020-11-02 00:00:00+00:00,0.0,-0.005608598597920316,-0.002804299298960158
2020-11-03 00:00:00+00:00,0.0,0.0024419720295849033,0.0012209860147924516
2020-11-04 00:00:00+00:00,0.0,0.002422110471901486,0.001211055235950743
2020-11-05 00:00:00+00:00,0.009178997855209434,0.0,0.004589498927604717
2020-11-06 00:00:00+00:00,0.0,0.0,0.0
2020-11-08 00:00:00+00:00,0.0,0.0,0.0
2020-11-09 00:00:00+00:00,0.0,0.0024315579812229,0.00121577899061145
2020-11-10 00:00:00+00:00,-0.01100607305172839,0.0,-0.005503036525864195
2020-11-11 00:00:00+00:00,-0.01087510250068064,0.0,-0.00543755125034032
2020-11-12 00:00:00+00:00,0.0,0.0,0.0
2020-11-13 00:00:00+00:00,0.0,0.0,0.0
2020-11-15 00:00:00+00:00,0.0,0.0,0.0
2020-11-16 00:00:00+00:00,0.0,0.0024333472527716077,0.0012166736263858038
2020-11-17 00:00:00+00:00,0.008941828394359773,0.0,0.0044709141971798864
2020-11-18 00:00:00+00:00,0.0,0.0,0.0
2020-11-19 00:00:00+00:00,0.0,0.0,0.0
2020-11-20 00:00:00+00:00,0.0,0.0,0.0
2020-11-22 00:00:00+00:00,0.0,0.0,0.0
2020-11-23 00:00:00+00:00,0.008485745477060753,-0.00247736534124133,0.0030041900679097116
2020-11-24 00:00:00+00:00,0.0,0.0,0.0
2020-11-25 00:00:00+00:00,0.0,0.0,0.0
2020-11-26 00:00:00+00:00,0.0,0.0,0.0
2020-11-27 00:00:00+00:00,0.0,0.0,0.0
2020-11-29 00:00:00+00:00,0.0,0.0,0.0
2020-11-30 00:00:00+00:00,0.0,0.0,0.0
2020-12-01 00:00:00+00:00,0.0,0.0,0.0
2020-12-02 00:00:00+00:00,0.008944795782260807,0.0,0.004472397891130403
2020-12-03 00:00:00+00:00,0.0,0.0,0.0
2020-12-04 00:00:00+00:00,0.009029104335174017,0.0,0.004514552167587008
2020-12-06 00:00:00+00:00,0.0,0.0,0.0
2020-12-07 00:00:00+00:00,0.008785477410741219,0.0,0.004392738705370609
2020-12-08 00:00:00+00:00,0.0,-0.002209646893829792,-0.001104823446914896
2020-12-09 00:00:00+00:00,0.0,0.0,0.0
2020-12-10 00:00:00+00:00,0.0,0.0,0.0
2020-12-11 00:00:00+00:00,0.0,0.0,0.0
2020-12-13 00:00:00+00:00,0.0,0.0,0.0
2020-12-14 00:00:00+00:00,0.0,-0.003579615562893832,-0.001789807781446916
2020-12-15 00:00:00+00:00,-0.010918228901038106,0.0,-0.005459114450519053
2020-12-16 00:00:00+00:00,0.0,0.0,0.0
2020-12-17 00:00:00+00:00,0.0,0.0,0.0
2020-12-18 00:00:00+00:00,-0.011011782386183739,0.0,-0.0055058911930918695
2020-12-20 00:00:00+00:00,0.0,0.0,0.0
2020-12-21 00:00:00+00:00,0.0,0.0,0.0
2020-12-22 00:00:00+00:00,0.008895876274073648,0.0,0.004447938137036824
2020-12-23 00:00:00+00:00,0.0,0.0,0.0
2020-12-24 00:00:00+00:00,0.0,-0.004760407209810079,-0.0023802036049050397
2020-12-27 00:00:00+00:00,0.0,0.0,0.0
2020-12-28 00:00:00+00:00,0.0,0.002364579954956993,0.0011822899774784966
2020-12-29 00:00:00+00:00,0.0,0.0024136665518299442,0.0012068332759149721
2020-12-30 00:00:00+00:00,0.0,0.0,0.0
2020-12-31 00:00:00+00:00,0.0,0.0,0.0
2021-01-03 00:00:00+00:00,0.0,0.0,0.0
2021-01-04 00:00:00+00:00,0.0,-0.005368594121626456,-0.002684297060813228
2021-01-05 00:00:00+00:00,0.0,0.0,0.0
2021-01-06 00:00:00+00:00,0.008974833352053692,0.0,0.004487416676026846
2021-01-07 00:00:00+00:00,0.0,0.0,0.0
2021-01-08 00:00:00+00:00,0.0,0.0,0.0
2021-01-10 00:00:00+00:00,0.0,0.0,0.0
2021-01-11 00:00:00+00:00,0.008841022276951745,0.0,0.0044205111384758725
2021-01-12 00:00:00+00:00,-0.011102399485546897,0.0,-0.005551199742773448
2021-01-13 00:00:00+00:00,0.0,0.0,0.0
2021-01-14 00:00:00+00:00,-0.011201666933281975,0.0,-0.0056008334666409875
2021-01-17 00:00:00+00:00,0.0,0.0,0.0
2021-01-18 00:00:00+00:00,0.0,0.0,0.0
2021-01-19 00:00:00+00:00,0.0,0.0,0.0
2021-01-20 00:00:00+00:00,0.008921156196689518,0.0,0.004460578098344759
2021-01-21 00:00:00+00:00,0.0,0.0,0.0
2021-01-22 00:00:00+00:00,0.008778855944715678,0.0,0.004389427972357839
2021-01-24 00:00:00+00:00,0.0,0.0,0.0
2021-01-25 00:00:00+00:00,0.0,0.0,0.0
2021-01-26 00:00:00+00:00,-0.003809531016354875,0.0,-0.0019047655081774375
2021-01-27 00:00:00+00:00,0.008605792034258942,0.0,0.004302896017129471
2021-01-28 00:00:00+00:00,0.0,0.0,0.0
2021-01-29 00:00:00+00:00,0.008797422013924092,0.002427255826152231,0.005612338920038162
2021-01-31 00:00:00+00:00,0.0,0.0,0.0
2021-02-01 00:00:00+00:00,0.008732218831922312,0.002462218739339645,0.005597218785630979
2021-02-02 00:00:00+00:00,0.0,0.0,0.0
2021-02-03 00:00:00+00:00,0.0,0.0,0.0
2021-02-04 00:00:00+00:00,0.0,0.0,0.0
2021-02-05 00:00:00+00:00,0.008865604296966872,0.0,0.004432802148483436
2021-02-07 00:00:00+00:00,0.0,0.0,0.0
2021-02-08 00:00:00+00:00,-0.011159686296137436,0.0,-0.005579843148068718
2021-02-09 00:00:00+00:00,0.0,0.0,0.0
2021-02-10 00:00:00+00:00,0.008537569709222486,0.0,0.004268784854611243
2021-02-11 00:00:00+00:00,0.009003727863262718,0.0,0.004501863931631359
2021-02-12 00:00:00+00:00,0.0004975766479486616,0.0,0.0002487883239743308
2021-02-14 00:00:00+00:00,0.0,0.0,0.0
2021-02-15 00:00:00+00:00,0.0,0.0,0.0
2021-02-16 00:00:00+00:00,0.0,0.0,0.0
2021-02-17 00:00:00+00:00,0.008696210609192779,0.0,0.0043481053045963895
2021-02-18 00:00:00+00:00,0.0,-0.0006954642070599458,-0.0003477321035299729
2021-02-19 00:00:00+00:00,0.0,0.0,0.0
2021-02-21 00:00:00+00:00,0.0,0.0,0.0
2021-02-22 00:00:00+00:00,0.0,0.0,0.0
2021-02-23 00:00:00+00:00,-0.01126097232580537,0.0,-0.005630486162902685
2021-02-25 00:00:00+00:00,0.008732502380771801,0.0,0.0043662511903859004
2021-03-01 00:00:00+00:00,0.0,0.0,0.0
2021-03-02 00:00:00+00:00,-0.010892302410349322,0.0,-0.005446151205174661
2021-03-03 00:00:00+00:00,0.0,0.0,0.0
2021-03-05 00:00:00+00:00,0.0,0.0,0.0
2021-03-10 00:00:00+00:00,0.0,0.0,0.0
2021-03-11 00:00:00+00:00,0.0,0.0,0.0
2021-03-12 00:00:00+00:00,0.0,0.0,0.0
2021-03-16 00:00:00+00:00,0.00853661599939622,0.0,0.00426830799969811
2021-03-17 00:00:00+00:00,0.0,0.0,0.0
2021-03-26 00:00:00+00:00,0.0,0.0,0.0
2021-03-28 00:00:00+00:00,0.0,0.0,0.0
2021-03-29 00:00:00+00:00,0.0,0.0,0.0
2021-03-30 00:00:00+00:00,0.0,0.0,0.0
2021-03-31 00:00:00+00:00,0.0,0.0,0.0
2021-04-05 00:00:00+00:00,0.0,0.0,0.0
2021-04-07 00:00:00+00:00,0.0,0.0,0.0
2021-04-11 00:00:00+00:00,0.0,0.0,0.0
2021-04-12 00:00:00+00:00,0.0,0.0,0.0
2021-04-13 00:00:00+00:00,0.0,0.0,0.0
2021-04-14 00:00:00+00:00,0.0,0.0,0.0
2021-04-15 00:00:00+00:00,0.0,0.0024061833394345873,0.0012030916697172937
2021-04-16 00:00:00+00:00,-0.0023687511733281124,0.0024168185385030497,2.4033682587468663e-05
2021-04-18 00:00:00+00:00,0.0,0.0,0.0
2021-04-19 00:00:00+00:00,-0.011474577904893098,0.0,-0.005737288952446549
2021-04-20 00:00:00+00:00,0.0,0.0,0.0
2021-04-21 00:00:00+00:00,0.0,0.0,0.0
2021-04-22 00:00:00+00:00,0.0,0.0,0.0
2021-04-23 00:00:00+00:00,0.008591889327441869,0.0,0.0042959446637209344
2021-04-25 00:00:00+00:00,0.0,0.0,0.0
2021-04-26 00:00:00+00:00,-0.011609635267694835,0.0,-0.005804817633847418
2021-04-27 00:00:00+00:00,0.0,0.0,0.0
2021-04-28 00:00:00+00:00,0.0,0.0,0.0
2021-04-29 00:00:00+00:00,0.0,0.0,0.0
2021-04-30 00:00:00+00:00,-0.011322703388295009,0.0,-0.0056613516941475045
2021-05-02 00:00:00+00:00,0.0,0.0,0.0
2021-05-03 00:00:00+00:00,0.00867485032110897,0.0,0.004337425160554485
2021-05-04 00:00:00+00:00,-0.011410513057412365,0.0,-0.005705256528706183
2021-05-05 00:00:00+00:00,0.0,0.0,0.0
2021-05-06 00:00:00+00:00,0.0,0.00242362973676186,0.00121181486838093
2021-05-07 00:00:00+00:00,0.0,0.004837567967322548,0.002418783983661274
2021-05-09 00:00:00+00:00,0.0,0.0,0.0
2021-05-10 00:00:00+00:00,0.0,0.0023448002760193664,0.0011724001380096832
2021-05-11 00:00:00+00:00,0.0,-0.01007257514966609,-0.005036287574833045
2021-05-12 00:00:00+00:00,0.0,0.0024069268425708696,0.0012034634212854348
2021-05-13 00:00:00+00:00,0.0,0.0024574902850582887,0.0012287451425291444
2021-05-14 00:00:00+00:00,0.0,0.0,0.0
2021-05-16 00:00:00+00:00,0.0,0.0,0.0
2021-05-17 00:00:00+00:00,0.008677166032898509,0.0,0.004338583016449254
2021-05-18 00:00:00+00:00,0.0,0.0,0.0
2021-05-19 00:00:00+00:00,0.008915281796738363,0.002428130356060222,0.005671706076399293
2021-05-20 00:00:00+00:00,0.0,0.0,0.0
2021-05-21 00:00:00+00:00,0.0,0.0,0.0
2021-05-23 00:00:00+00:00,0.0,0.0,0.0
2021-05-24 00:00:00+00:00,0.0,0.0,0.0
2021-05-25 00:00:00+00:00,0.0,0.0,0.0
2021-05-26 00:00:00+00:00,0.0,0.0,0.0
2021-05-27 00:00:00+00:00,0.0,0.0,0.0
2021-05-28 00:00:00+00:00,0.0,0.0,0.0
2021-05-30 00:00:00+00:00,0.0,0.0,0.0
2021-05-31 00:00:00+00:00,0.0,-0.0012131022762357719,-0.0006065511381178859
2021-06-01 00:00:00+00:00,0.0,0.0023079320391751618,0.0011539660195875809
2021-06-02 00:00:00+00:00,0.0,0.0,0.0
2021-06-03 00:00:00+00:00,0.0,0.0,0.0
2021-06-04 00:00:00+00:00,0.0,0.0,0.0
2021-06-06 00:00:00+00:00,0.0,0.0,0.0
2021-06-07 00:00:00+00:00,0.0,0.0,0.0
2021-06-08 00:00:00+00:00,0.0,0.0,0.0
2021-06-09 00:00:00+00:00,0.0,0.0,0.0
2021-06-10 00:00:00+00:00,0.008947963263215144,-0.006615051796555577,0.0011664557333297835
2021-06-11 00:00:00+00:00,0.0,0.0,0.0
2021-06-13 00:00:00+00:00,0.0,0.0,0.0
2021-06-14 00:00:00+00:00,0.0,0.0,0.0
2021-06-15 00:00:00+00:00,0.0,0.0,0.0
2021-06-16 00:00:00+00:00,-0.011342065361163958,0.0024128933558295,-0.004464586002667229
2021-06-17 00:00:00+00:00,0.008531483841270029,0.0023905110436635247,0.005460997442466777
2021-06-18 00:00:00+00:00,0.0,0.002423525589724902,0.001211762794862451
2021-06-20 00:00:00+00:00,0.0,0.0,0.0
2021-06-21 00:00:00+00:00,0.0,-0.007643250326046852,-0.003821625163023426
2021-06-22 00:00:00+00:00,0.0,0.0,0.0
2021-06-23 00:00:00+00:00,0.0,0.0,0.0
2021-06-24 00:00:00+00:00,0.008733747372497738,0.0023972873762741925,0.005565517374385965
2021-06-25 00:00:00+00:00,0.0,0.0,0.0
2021-06-27 00:00:00+00:00,0.0,0.0,0.0
2021-06-28 00:00:00+00:00,0.0,0.0,0.0
2021-06-29 00:00:00+00:00,-0.011650669159389913,-0.0030122557934879673,-0.007331462476438941
2021-06-30 00:00:00+00:00,0.0,0.0,0.0
2021-07-01 00:00:00+00:00,0.0,0.0,0.0
2021-07-02 00:00:00+00:00,0.0,0.002324878090039784,0.001162439045019892
2021-07-04 00:00:00+00:00,0.0,0.0,0.0
2021-07-05 00:00:00+00:00,0.0,0.0,0.0
2021-07-06 00:00:00+00:00,0.0,0.001722260064229798,0.000861130032114899
2021-07-07 00:00:00+00:00,0.0,0.0,0.0
2021-07-08 00:00:00+00:00,0.0,0.004784785334117685,0.0023923926670588423
2021-07-09 00:00:00+00:00,0.0,0.0,0.0
2021-07-12 00:00:00+00:00,0.0,0.0,0.0
2021-07-13 00:00:00+00:00,0.0,0.002064957008584345,0.0010324785042921726
2021-07-14 00:00:00+00:00,0.0,0.0,0.0
2021-07-15 00:00:00+00:00,-0.011565224396784398,0.0,-0.005782612198392199
2021-07-16 00:00:00+00:00,0.0,0.0,0.0
2021-07-18 00:00:00+00:00,0.0,0.0,0.0
2021-07-19 00:00:00+00:00,0.0,0.004830234866538227,0.0024151174332691133
2021-07-20 00:00:00+00:00,0.0,0.0,0.0
2021-07-21 00:00:00+00:00,0.0,0.0,0.0
2021-07-22 00:00:00+00:00,0.0,0.0,0.0
2021-07-23 00:00:00+00:00,0.0,0.0,0.0
2021-07-25 00:00:00+00:00,0.0,0.0,0.0
2021-07-26 00:00:00+00:00,0.0,0.0,0.0
2021-07-27 00:00:00+00:00,0.0,0.0,0.0
2021-07-28 00:00:00+00:00,0.0,0.0,0.0
2021-07-29 00:00:00+00:00,0.0,0.0,0.0
2021-07-30 00:00:00+00:00,0.0,0.0,0.0
2021-08-01 00:00:00+00:00,0.0,0.0,0.0
2021-08-02 00:00:00+00:00,0.008534717701448707,0.0,0.0042673588507243536
2021-08-04 00:00:00+00:00,0.008394334231142579,0.0,0.004197167115571289
2021-08-05 00:00:00+00:00,0.0,0.0,0.0
2021-08-06 00:00:00+00:00,0.009083505365123317,0.0,0.004541752682561659
2021-08-08 00:00:00+00:00,0.0,0.0,0.0
2021-08-09 00:00:00+00:00,0.0,0.0,0.0
2021-08-10 00:00:00+00:00,-0.011450239527742538,0.0,-0.005725119763871269
2021-08-11 00:00:00+00:00,0.009143493470282775,0.0,0.004571746735141388
2021-08-12 00:00:00+00:00,0.0,0.0,0.0
2021-08-13 00:00:00+00:00,0.0,0.0024494900972913836,0.0012247450486456918
2021-08-15 00:00:00+00:00,0.0,0.0,0.0
2021-08-16 00:00:00+00:00,0.0,0.0,0.0
2021-08-17 00:00:00+00:00,0.0,0.0,0.0
2021-08-18 00:00:00+00:00,0.00881867369783715,0.0,0.004409336848918575
2021-08-19 00:00:00+00:00,0.0,0.0,0.0
2021-08-20 00:00:00+00:00,0.0,0.0,0.0
2021-08-23 00:00:00+00:00,0.0,0.0,0.0
2021-08-24 00:00:00+00:00,-0.01154873681153811,0.0,-0.005774368405769055
2021-08-25 00:00:00+00:00,0.0,0.0,0.0
2021-08-26 00:00:00+00:00,0.00857327905979537,0.0,0.004286639529897685
2021-08-27 00:00:00+00:00,0.0,0.0,0.0
2021-08-29 00:00:00+00:00,0.0,0.0,0.0
2021-08-30 00:00:00+00:00,0.0,0.0,0.0
2021-08-31 00:00:00+00:00,0.0,0.0,0.0
2021-09-01 00:00:00+00:00,-0.005076388505873549,0.0,-0.0025381942529367745
2021-09-02 00:00:00+00:00,-0.0025203604778740304,0.0,-0.0012601802389370152
2021-09-03 00:00:00+00:00,0.008849730741137644,0.0,0.004424865370568822
2021-09-05 00:00:00+00:00,0.0,0.0,0.0
2021-09-06 00:00:00+00:00,0.0,0.0,0.0
2021-09-07 00:00:00+00:00,0.0,0.0,0.0
2021-09-09 00:00:00+00:00,0.008682827559988388,0.0,0.004341413779994194
2021-09-10 00:00:00+00:00,-0.01137902456847004,0.0,-0.00568951228423502
2021-09-12 00:00:00+00:00,0.0,0.0,0.0
2021-09-16 00:00:00+00:00,0.0,0.0,0.0
2021-09-17 00:00:00+00:00,-0.011082795687281778,0.0,-0.005541397843640889
2021-09-19 00:00:00+00:00,0.0,0.0,0.0
2021-09-21 00:00:00+00:00,0.008772003943106578,0.0,0.004386001971553289
2021-09-22 00:00:00+00:00,0.0,0.0,0.0
2021-09-23 00:00:00+00:00,0.0,0.0,0.0
2021-09-24 00:00:00+00:00,0.008659022329857016,0.0,0.004329511164928508
2021-09-26 00:00:00+00:00,0.0,0.0,0.0
2021-09-27 00:00:00+00:00,0.0,0.0,0.0
2021-09-28 00:00:00+00:00,0.0,0.0,0.0
2021-09-29 00:00:00+00:00,0.0,0.0,0.0
2021-10-01 00:00:00+00:00,0.0,0.0,0.0
2021-10-04 00:00:00+00:00,0.0,0.0,0.0
2021-10-06 00:00:00+00:00,0.0,0.0,0.0
2021-10-07 00:00:00+00:00,0.0,0.0024512933941966126,0.0012256466970983063
2021-10-10 00:00:00+00:00,0.0,0.0,0.0
2021-10-11 00:00:00+00:00,-0.011425634650425343,0.0,-0.005712817325212671
2021-10-13 00:00:00+00:00,0.0,0.0,0.0
2021-10-15 00:00:00+00:00,0.0,0.0024217365689798882,0.0012108682844899441
2021-10-17 00:00:00+00:00,0.0,0.0,0.0
2021-10-19 00:00:00+00:00,0.0,0.0,0.0
2021-10-20 00:00:00+00:00,0.008644004631487512,0.0024306687202298163,0.0055373366758586645
2021-10-21 00:00:00+00:00,0.0,0.0,0.0
2021-10-24 00:00:00+00:00,0.0,0.0,0.0
2021-10-25 00:00:00+00:00,0.0,0.0,0.0
2021-10-26 00:00:00+00:00,0.0,0.0,0.0
2021-10-27 00:00:00+00:00,0.0,0.0,0.0
2021-10-28 00:00:00+00:00,0.0,0.0,0.0
2021-10-29 00:00:00+00:00,0.0,-0.0008021476488770012,-0.0004010738244385006
2021-10-31 00:00:00+00:00,0.0,0.0,0.0
2021-11-02 00:00:00+00:00,0.00020345595653681022,0.0,0.00010172797826840511
2021-11-03 00:00:00+00:00,0.008667946615921745,0.0,0.004333973307960873
2021-11-04 00:00:00+00:00,-0.01139864033451559,0.002348000674635104,-0.004525319829940243
2021-11-05 00:00:00+00:00,0.0,0.0,0.0
2021-11-08 00:00:00+00:00,-0.010975549467526293,0.002428304729835265,-0.004273622368845514
2021-11-09 00:00:00+00:00,0.009093041310160973,0.0,0.0045465206550804865
2021-11-10 00:00:00+00:00,0.0,0.0,0.0
2021-11-11 00:00:00+00:00,0.0,0.0,0.0
2021-11-12 00:00:00+00:00,0.0,0.0,0.0
2021-11-14 00:00:00+00:00,0.0,0.0,0.0
2021-11-15 00:00:00+00:00,0.0,0.0,0.0
2021-11-16 00:00:00+00:00,0.0,0.0,0.0
2021-11-17 00:00:00+00:00,0.0,0.0,0.0
2021-11-18 00:00:00+00:00,-0.0010662367325001715,0.0,-0.0005331183662500858
2021-11-19 00:00:00+00:00,0.008882394045464391,0.0,0.0044411970227321955
2021-11-21 00:00:00+00:00,0.0,0.0,0.0
2021-11-22 00:00:00+00:00,0.0,0.0,0.0
2021-11-23 00:00:00+00:00,0.009154616314898712,0.0,0.004577308157449356
2021-11-24 00:00:00+00:00,0.0,0.0,0.0
2021-11-25 00:00:00+00:00,0.0,0.0,0.0
2021-11-26 00:00:00+00:00,0.0,0.0,0.0
2021-11-28 00:00:00+00:00,0.0,0.0,0.0
2021-11-29 00:00:00+00:00,0.0,0.0,0.0
2021-11-30 00:00:00+00:00,-0.011101695408374024,0.002453195262245152,-0.004324250073064436
2021-12-01 00:00:00+00:00,-0.01117097261678299,0.0,-0.005585486308391495
2021-12-02 00:00:00+00:00,0.0,0.0,0.0
2021-12-03 00:00:00+00:00,-0.011252794902888632,0.0,-0.005626397451444316
2021-12-06 00:00:00+00:00,0.0088159232484595,0.0,0.00440796162422975
2021-12-07 00:00:00+00:00,0.0,0.0,0.0
2021-12-08 00:00:00+00:00,0.003733056727547556,0.0,0.001866528363773778
2021-12-09 00:00:00+00:00,0.0,0.0,0.0
2021-12-10 00:00:00+00:00,0.0,0.0,0.0
2021-12-12 00:00:00+00:00,0.0,0.0,0.0
2021-12-13 00:00:00+00:00,0.0,0.0,0.0
2021-12-14 00:00:00+00:00,0.0,0.0,0.0
2021-12-15 00:00:00+00:00,0.0090319518243004,0.0,0.0045159759121502
2021-12-16 00:00:00+00:00,0.0,0.0,0.0
2021-12-17 00:00:00+00:00,-0.011001828115156036,0.0,-0.005500914057578018
2021-12-19 00:00:00+00:00,0.0,0.0,0.0
2021-12-20 00:00:00+00:00,0.0,0.0,0.0
2021-12-21 00:00:00+00:00,0.0,0.0,0.0
2021-12-22 00:00:00+00:00,0.0,0.0,0.0
2021-12-23 00:00:00+00:00,0.0,0.0,0.0
2021-12-26 00:00:00+00:00,0.0,0.0,0.0
2021-12-27 00:00:00+00:00,0.004141740547407833,0.0,0.0020708702737039166
2021-12-28 00:00:00+00:00,0.0,0.0,0.0
2021-12-29 00:00:00+00:00,0.008855995991534575,0.002394954830853383,0.0056254754111939795
2021-12-30 00:00:00+00:00,0.008989344160103814,0.0,0.004494672080051907
2021-12-31 00:00:00+00:00,0.0,0.0,0.0
2022-01-02 00:00:00+00:00,0.0,0.0,0.0
2022-01-04 00:00:00+00:00,0.008880164330914764,0.0,0.004440082165457382
2022-01-05 00:00:00+00:00,0.0,0.0,0.0
2022-01-06 00:00:00+00:00,0.0,0.0,0.0
2022-01-07 00:00:00+00:00,0.0,0.0,0.0
2022-01-09 00:00:00+00:00,0.0,0.0,0.0
2022-01-10 00:00:00+00:00,0.0,0.0,0.0
2022-01-11 00:00:00+00:00,0.0,0.0,0.0
2022-01-12 00:00:00+00:00,0.0,0.0,0.0
2022-01-13 00:00:00+00:00,0.0,0.0,0.0
2022-01-14 00:00:00+00:00,0.0,0.0,0.0
2022-01-16 00:00:00+00:00,0.0,0.0,0.0
2022-01-17 00:00:00+00:00,0.0,0.0,0.0
2022-01-18 00:00:00+00:00,0.0,0.0,0.0
2022-01-19 00:00:00+00:00,0.0,0.0,0.0
2022-01-20 00:00:00+00:00,0.0,0.0,0.0
2022-01-21 00:00:00+00:00,0.009078246842886757,0.0,0.004539123421443378
2022-01-23 00:00:00+00:00,0.0,0.0,0.0
2022-01-24 00:00:00+00:00,0.0,0.0,0.0
2022-01-25 00:00:00+00:00,-0.01080737496009672,0.0,-0.00540368748004836
2022-01-27 00:00:00+00:00,0.009079265970370804,0.0,0.004539632985185402
2022-01-28 00:00:00+00:00,0.0,0.0,0.0
2022-01-30 00:00:00+00:00,0.0,0.0,0.0
2022-01-31 00:00:00+00:00,-0.011062804623311497,0.0,-0.0055314023116557485
2022-02-01 00:00:00+00:00,0.0,0.0,0.0
2022-02-02 00:00:00+00:00,0.009171478020076134,0.0,0.004585739010038067
2022-02-03 00:00:00+00:00,0.0,0.0,0.0
2022-02-04 00:00:00+00:00,0.0,0.0,0.0
2022-02-06 00:00:00+00:00,0.0,0.0,0.0
2022-02-07 00:00:00+00:00,0.0,0.0,0.0
2022-02-08 00:00:00+00:00,0.0,0.0,0.0
2022-02-09 00:00:00+00:00,0.0,0.0,0.0
2022-02-10 00:00:00+00:00,0.0,0.0,0.0
2022-02-11 00:00:00+00:00,0.00905267063933819,0.0,0.004526335319669095
2022-02-13 00:00:00+00:00,0.0,0.0,0.0
2022-02-14 00:00:00+00:00,0.0,0.0,0.0
2022-02-15 00:00:00+00:00,0.0,0.0,0.0
2022-02-16 00:00:00+00:00,0.0,0.0,0.0
2022-02-17 00:00:00+00:00,0.0,0.0,0.0
2022-02-20 00:00:00+00:00,0.0,0.0,0.0
2022-02-21 00:00:00+00:00,0.0,0.0,0.0
2022-02-22 00:00:00+00:00,0.0,0.0,0.0
2022-02-23 00:00:00+00:00,0.0,0.0,0.0
2022-02-24 00:00:00+00:00,0.0,0.0,0.0
2022-02-25 00:00:00+00:00,0.00908047170318517,0.0,0.004540235851592585
2022-02-27 00:00:00+00:00,0.0,0.0,0.0
2022-02-28 00:00:00+00:00,0.0,0.0,0.0
2022-03-01 00:00:00+00:00,0.00922373220836772,0.0,0.00461186610418386
2022-03-02 00:00:00+00:00,-0.01103553436161897,0.0,-0.005517767180809485
2022-03-03 00:00:00+00:00,0.0,0.0,0.0
2022-03-04 00:00:00+00:00,0.0,0.0,0.0
2022-03-06 00:00:00+00:00,0.0,0.0,0.0
2022-03-07 00:00:00+00:00,0.008944448850967613,0.0,0.0044722244254838065
2022-03-08 00:00:00+00:00,0.00907910849865295,0.0,0.004539554249326475
2022-03-09 00:00:00+00:00,0.008824745426271723,0.0,0.0044123727131358615
2022-03-10 00:00:00+00:00,0.0,0.0,0.0
2022-03-11 00:00:00+00:00,-0.010970972965482925,0.0,-0.005485486482741463
2022-03-13 00:00:00+00:00,0.0,0.0,0.0
2022-03-14 00:00:00+00:00,0.0,0.0,0.0
2022-03-15 00:00:00+00:00,0.008641161483398696,0.0,0.004320580741699348
2022-03-16 00:00:00+00:00,0.0,0.0,0.0
2022-03-17 00:00:00+00:00,0.0,0.0,0.0
2022-03-18 00:00:00+00:00,-0.011051692276699424,0.0,-0.005525846138349712
2022-03-20 00:00:00+00:00,0.0,0.0,0.0
2022-03-21 00:00:00+00:00,0.008599370130946438,0.0,0.004299685065473219
2022-03-23 00:00:00+00:00,0.0,0.0,0.0
2022-03-24 00:00:00+00:00,0.008663430834078441,0.0,0.004331715417039221
2022-03-25 00:00:00+00:00,0.0,0.0,0.0
2022-03-27 00:00:00+00:00,0.0,0.0,0.0
2022-03-28 00:00:00+00:00,0.0,0.0,0.0
2022-03-29 00:00:00+00:00,0.008801601705412982,0.0,0.004400800852706491
2022-03-30 00:00:00+00:00,-0.001812153211196782,0.0,-0.000906076605598391
2022-03-31 00:00:00+00:00,0.0,0.0,0.0
2022-04-01 00:00:00+00:00,0.008869006997499458,0.0,0.004434503498749729
2022-04-04 00:00:00+00:00,0.0,0.0,0.0
2022-04-05 00:00:00+00:00,0.0,0.0,0.0
2022-04-06 00:00:00+00:00,0.0,0.0,0.0
2022-04-07 00:00:00+00:00,0.008716550750843705,0.0,0.0043582753754218525
2022-04-08 00:00:00+00:00,0.008730605216419184,0.0,0.004365302608209592
2022-04-10 00:00:00+00:00,0.0,0.0,0.0
2022-04-11 00:00:00+00:00,0.0,0.0,0.0
2022-04-12 00:00:00+00:00,0.0,0.0,0.0
2022-04-13 00:00:00+00:00,-0.010920874002323378,0.0,-0.005460437001161689
2022-04-14 00:00:00+00:00,0.0,0.0,0.0
2022-04-17 00:00:00+00:00,0.0,0.0,0.0
2022-04-18 00:00:00+00:00,0.0,0.0,0.0
2022-04-19 00:00:00+00:00,0.0,0.0,0.0
2022-04-20 00:00:00+00:00,0.0,0.0024131270259835406,0.0012065635129917703
2022-04-21 00:00:00+00:00,0.008662100656342575,0.0,0.004331050328171287
2022-04-22 00:00:00+00:00,0.0,0.0,0.0
2022-04-24 00:00:00+00:00,0.0,0.0,0.0
2022-04-25 00:00:00+00:00,0.0,0.0,0.0
2022-04-26 00:00:00+00:00,0.0,0.0024430091109100306,0.0012215045554550153
2022-04-27 00:00:00+00:00,0.0,0.0,0.0
2022-04-28 00:00:00+00:00,0.0,0.0,0.0
2022-04-29 00:00:00+00:00,0.0,0.0,0.0
2022-05-02 00:00:00+00:00,0.0,0.0,0.0
2022-05-04 00:00:00+00:00,0.0,0.0,0.0
2022-05-05 00:00:00+00:00,0.0,0.0,0.0
2022-05-06 00:00:00+00:00,0.0,-0.010052347466043207,-0.005026173733021604
2022-05-08 00:00:00+00:00,0.0,0.0,0.0
2022-05-09 00:00:00+00:00,0.0,0.0,0.0
2022-05-10 00:00:00+00:00,0.008887303044148052,0.0,0.004443651522074026
2022-05-11 00:00:00+00:00,0.0,0.0,0.0
2022-05-12 00:00:00+00:00,-0.01136837259110541,0.002450320308650454,-0.004459026141227477
2022-05-13 00:00:00+00:00,0.0,0.0,0.0
2022-05-15 00:00:00+00:00,0.0,0.0,0.0
2022-05-16 00:00:00+00:00,0.008511130623988655,0.0,0.004255565311994327
2022-05-18 00:00:00+00:00,0.008916230928720695,0.0,0.004458115464360347
2022-05-19 00:00:00+00:00,0.008633671684230447,0.0,0.004316835842115224
2022-05-20 00:00:00+00:00,-0.011498622949569888,0.002470117144462801,-0.004514252902553544
2022-05-22 00:00:00+00:00,0.0,0.0,0.0
2022-05-23 00:00:00+00:00,-0.01144087874219254,0.0,-0.00572043937109627
2022-05-24 00:00:00+00:00,0.0,0.0,0.0
2022-05-25 00:00:00+00:00,0.008708403759042692,0.0,0.004354201879521346
2022-05-26 00:00:00+00:00,0.0,0.0,0.0
2022-05-27 00:00:00+00:00,0.0,0.002422759946001867,0.0012113799730009336
2022-05-30 00:00:00+00:00,0.0,0.0,0.0
2022-05-31 00:00:00+00:00,0.0,0.0,0.0
2022-06-01 00:00:00+00:00,0.008429590505963628,0.0,0.004214795252981814
2022-06-02 00:00:00+00:00,0.003848348506355216,0.0,0.001924174253177608
2022-06-03 00:00:00+00:00,0.0,0.0,0.0
2022-06-05 00:00:00+00:00,0.0,0.0,0.0
2022-06-06 00:00:00+00:00,0.008509327520648192,0.0,0.004254663760324096
2022-06-07 00:00:00+00:00,0.0,0.0,0.0
2022-06-08 00:00:00+00:00,-0.007562651110198813,0.0,-0.0037813255550994064
2022-06-09 00:00:00+00:00,0.0,0.0,0.0
2022-06-10 00:00:00+00:00,0.0,0.002443874434021449,0.0012219372170107245
2022-06-12 00:00:00+00:00,0.0,0.0,0.0
2022-06-13 00:00:00+00:00,0.00873387792254298,0.004911777067435593,0.006822827494989287
2022-06-14 00:00:00+00:00,0.008722064086833533,0.0,0.004361032043416767
2022-06-15 00:00:00+00:00,0.0,0.0,0.0
2022-06-16 00:00:00+00:00,0.0,0.0,0.0
2022-06-17 00:00:00+00:00,0.0,0.0,0.0
2022-06-19 00:00:00+00:00,0.0,0.0,0.0
2022-06-20 00:00:00+00:00,0.0,-0.0004421767510977851,-0.00022108837554889256
2022-06-21 00:00:00+00:00,0.0,0.0,0.0
2022-06-22 00:00:00+00:00,0.0,0.0024108282218752515,0.0012054141109376258
2022-06-23 00:00:00+00:00,0.008923372274820138,0.0,0.004461686137410069
2022-06-24 00:00:00+00:00,0.0,0.0024500051242714463,0.0012250025621357232
2022-06-26 00:00:00+00:00,0.0,0.0,0.0
2022-06-27 00:00:00+00:00,0.0,0.0,0.0
2022-06-28 00:00:00+00:00,0.0,0.0009334681417472299,0.0004667340708736149
2022-06-29 00:00:00+00:00,0.0,0.0,0.0
2022-06-30 00:00:00+00:00,0.0,0.0024429120255669164,0.0012214560127834582
2022-07-01 00:00:00+00:00,0.0,0.0,0.0
2022-07-03 00:00:00+00:00,0.0,0.0,0.0
2022-07-04 00:00:00+00:00,0.0,0.0,0.0
2022-07-05 00:00:00+00:00,0.0,0.0,0.0
2022-07-06 00:00:00+00:00,0.0,0.0,0.0
2022-07-07 00:00:00+00:00,0.0,0.0024182126360719476,0.0012091063180359738
2022-07-08 00:00:00+00:00,0.008882255227952815,0.0,0.0044411276139764075
2022-07-10 00:00:00+00:00,0.0,0.0,0.0
2022-07-11 00:00:00+00:00,0.0,0.0,0.0
2022-07-12 00:00:00+00:00,-0.01112690854981246,0.0,-0.00556345427490623
2022-07-13 00:00:00+00:00,0.008854892299150686,0.0,0.004427446149575343
2022-07-14 00:00:00+00:00,0.0,0.002456563265535955,0.0012282816327679775
2022-07-15 00:00:00+00:00,0.0,0.0,0.0
2022-07-17 00:00:00+00:00,0.0,0.0,0.0
2022-07-18 00:00:00+00:00,0.00851268313535952,0.002421206454319306,0.0054669447948394135
2022-07-19 00:00:00+00:00,0.0,0.0,0.0
2022-07-20 00:00:00+00:00,0.0,0.0,0.0
2022-07-21 00:00:00+00:00,0.0,0.0,0.0
2022-07-22 00:00:00+00:00,0.0,0.0,0.0
2022-07-24 00:00:00+00:00,0.0,0.0,0.0
2022-07-25 00:00:00+00:00,0.0,0.0,0.0
2022-07-26 00:00:00+00:00,0.0,0.0,0.0
2022-07-27 00:00:00+00:00,0.00920651172314937,0.0,0.004603255861574685
2022-07-28 00:00:00+00:00,0.0,0.0,0.0
2022-07-29 00:00:00+00:00,0.0,0.0,0.0
2022-08-01 00:00:00+00:00,0.0,0.0,0.0
2022-08-02 00:00:00+00:00,-0.01146274022619749,0.0,-0.005731370113098745
2022-08-03 00:00:00+00:00,0.008839410184628995,0.0,0.0044197050923144975
2022-08-04 00:00:00+00:00,0.008659350636976577,0.0,0.0043296753184882885
2022-08-05 00:00:00+00:00,-0.005075442995762053,0.0,-0.0025377214978810265
2022-08-07 00:00:00+00:00,0.0,0.0,0.0
2022-08-08 00:00:00+00:00,0.0,0.0,0.0
2022-08-09 00:00:00+00:00,0.008645759087669314,0.0,0.004322879543834657
2022-08-10 00:00:00+00:00,0.0,0.0,0.0
2022-08-11 00:00:00+00:00,0.0,0.0,0.0
2022-08-12 00:00:00+00:00,0.0,0.0,0.0
2022-08-14 00:00:00+00:00,0.0,0.0,0.0
2022-08-16 00:00:00+00:00,0.0,0.0,0.0
2022-08-17 00:00:00+00:00,0.0,0.0,0.0
2022-08-19 00:00:00+00:00,0.0,0.0,0.0
2022-08-23 00:00:00+00:00,0.008643939892006876,0.0,0.004321969946003438
2022-08-24 00:00:00+00:00,0.008784238371703636,0.0,0.004392119185851818
2022-08-25 00:00:00+00:00,0.0,0.0,0.0
2022-08-26 00:00:00+00:00,0.0,0.0,0.0
2022-08-28 00:00:00+00:00,0.0,0.0,0.0
2022-09-01 00:00:00+00:00,0.008437474184099559,0.0,0.0042187370920497794
2022-09-02 00:00:00+00:00,0.0,0.0,0.0
2022-09-04 00:00:00+00:00,0.0,0.0,0.0
2022-09-06 00:00:00+00:00,0.008500710551922967,0.0,0.004250355275961484
2022-09-07 00:00:00+00:00,0.008577850371554164,0.0,0.004288925185777082
2022-09-08 00:00:00+00:00,0.008791420017193638,0.0,0.004395710008596819
2022-09-09 00:00:00+00:00,-0.003916529689089382,0.0,-0.001958264844544691
2022-09-11 00:00:00+00:00,0.0,0.0,0.0
2022-09-12 00:00:00+00:00,0.00878553502820598,0.0,0.00439276751410299
2022-09-13 00:00:00+00:00,0.0,-0.010099468444279716,-0.005049734222139858
2022-09-14 00:00:00+00:00,0.0,0.0,0.0
2022-09-15 00:00:00+00:00,0.0,0.0,0.0
2022-09-16 00:00:00+00:00,0.0,0.00486477000261382,0.00243238500130691
2022-09-18 00:00:00+00:00,0.0,0.0,0.0
2022-09-19 00:00:00+00:00,0.009064912738675768,0.0,0.004532456369337884
2022-09-20 00:00:00+00:00,0.0,0.0,0.0
2022-09-21 00:00:00+00:00,0.0,0.0024366707487688682,0.0012183353743844341
2022-09-22 00:00:00+00:00,0.0,0.0,0.0
2022-09-23 00:00:00+00:00,0.0,0.00244503860061031,0.001222519300305155
2022-09-25 00:00:00+00:00,0.0,0.0,0.0
2022-09-26 00:00:00+00:00,-0.011296311187511454,0.0,-0.005648155593755727
2022-09-27 00:00:00+00:00,0.0,0.0,0.0
2022-09-28 00:00:00+00:00,0.0,0.002432147506271033,0.0012160737531355164
2022-09-29 00:00:00+00:00,0.008667043126001958,0.0,0.004333521563000979
2022-09-30 00:00:00+00:00,0.0,0.0,0.0
2022-10-02 00:00:00+00:00,0.0,0.0,0.0
2022-10-03 00:00:00+00:00,0.008736512253348405,0.0,0.004368256126674202
2022-10-04 00:00:00+00:00,0.008728290052726862,-0.004875577535169289,0.0019263562587787868
2022-10-05 00:00:00+00:00,0.0,0.0,0.0
2022-10-06 00:00:00+00:00,0.0,0.0,0.0
2022-10-07 00:00:00+00:00,-0.011435330579729782,0.002464646636291912,-0.004485341971718935
2022-10-09 00:00:00+00:00,0.0,0.0,0.0
2022-10-10 00:00:00+00:00,0.0,0.0,0.0
2022-10-11 00:00:00+00:00,-0.011245500359971228,0.0,-0.005622750179985614
2022-10-12 00:00:00+00:00,0.0,0.0,0.0
2022-10-13 00:00:00+00:00,0.0,0.004909459767543031,0.0024547298837715153
2022-10-14 00:00:00+00:00,0.0,0.0,0.0
2022-10-16 00:00:00+00:00,0.0,0.0,0.0
2022-10-17 00:00:00+00:00,0.0,-0.002368791094114926,-0.001184395547057463
2022-10-18 00:00:00+00:00,0.0,0.0,0.0
2022-10-19 00:00:00+00:00,0.0,0.0,0.0
2022-10-20 00:00:00+00:00,0.0,0.0,0.0
2022-10-21 00:00:00+00:00,0.0,-0.003634598431480822,-0.001817299215740411
2022-10-23 00:00:00+00:00,0.0,0.0,0.0
2022-10-24 00:00:00+00:00,0.0,-0.010045506345102375,-0.005022753172551187
2022-10-25 00:00:00+00:00,0.0,0.00246600654458058,0.00123300327229029
2022-10-26 00:00:00+00:00,0.0,0.0,0.0
2022-10-27 00:00:00+00:00,-0.011669397378216255,0.0,-0.0058346986891081275
2022-10-28 00:00:00+00:00,0.0,0.0024632767123861795,0.0012316383561930897
2022-10-30 00:00:00+00:00,0.0,0.0,0.0
2022-10-31 00:00:00+00:00,-0.011669407317690799,0.0,-0.005834703658845399
2022-11-01 00:00:00+00:00,0.008535624450707614,0.0008678898316838994,0.0047017571411957565
2022-11-02 00:00:00+00:00,0.008392864706558681,-0.010066525102247086,-0.0008368301978442022
2022-11-03 00:00:00+00:00,0.0,0.0024156463750159497,0.0012078231875079749
2022-11-04 00:00:00+00:00,0.0,0.0,0.0
2022-11-06 00:00:00+00:00,0.0,0.0,0.0
2022-11-07 00:00:00+00:00,0.005952050935820512,0.0,0.002976025467910256
2022-11-08 00:00:00+00:00,0.0,0.0024477068439054963,0.0012238534219527481
2022-11-09 00:00:00+00:00,0.0,0.0,0.0
2022-11-10 00:00:00+00:00,0.0,0.0,0.0
2022-11-11 00:00:00+00:00,0.0,0.0024626033253610617,0.0012313016626805309
2022-11-13 00:00:00+00:00,0.0,0.0,0.0
2022-11-14 00:00:00+00:00,0.0,-0.0014220907937866633,-0.0007110453968933317
2022-11-15 00:00:00+00:00,0.0,0.0,0.0
2022-11-16 00:00:00+00:00,0.0,0.0,0.0
2022-11-17 00:00:00+00:00,-0.011258164799717054,0.0,-0.005629082399858527
2022-11-18 00:00:00+00:00,-0.011306613021172711,0.0,-0.005653306510586356
2022-11-20 00:00:00+00:00,0.0,0.0,0.0
2022-11-21 00:00:00+00:00,0.008887346730000533,-0.004848114442410324,0.0020196161437951044
2022-11-22 00:00:00+00:00,0.00868215970835323,0.0,0.004341079854176615
2022-11-23 00:00:00+00:00,0.0,0.002439363318275869,0.0012196816591379346
2022-11-24 00:00:00+00:00,0.0,0.0,0.0
2022-11-25 00:00:00+00:00,0.0,0.0012253605773794953,0.0006126802886897477
2022-11-27 00:00:00+00:00,0.0,0.0,0.0
2022-11-28 00:00:00+00:00,0.00877603258641331,0.0,0.004388016293206655
2022-11-29 00:00:00+00:00,0.0,0.002396198481437786,0.001198099240718893
2022-11-30 00:00:00+00:00,0.0,-0.010072703482124735,-0.005036351741062367
2022-12-01 00:00:00+00:00,0.0,0.0,0.0
2022-12-02 00:00:00+00:00,0.0,0.0,0.0
2022-12-04 00:00:00+00:00,0.0,0.0,0.0
2022-12-05 00:00:00+00:00,0.0,0.0,0.0
2022-12-06 00:00:00+00:00,0.00870584163695249,0.0024440303733313357,0.005574936005141913
2022-12-07 00:00:00+00:00,0.0,0.0,0.0
2022-12-08 00:00:00+00:00,-0.011169198861704577,0.0,-0.005584599430852289
2022-12-09 00:00:00+00:00,0.0,0.0,0.0
2022-12-11 00:00:00+00:00,0.0,0.0,0.0
2022-12-12 00:00:00+00:00,0.0,0.0,0.0
2022-12-13 00:00:00+00:00,0.0,0.002381431890260371,0.0011907159451301854
2022-12-14 00:00:00+00:00,0.0,0.0,0.0
2022-12-15 00:00:00+00:00,0.0,0.0,0.0
2022-12-16 00:00:00+00:00,0.0,0.0024682660183844465,0.0012341330091922233
2022-12-18 00:00:00+00:00,0.0,0.0,0.0
2022-12-20 00:00:00+00:00,0.0,0.0,0.0
2022-12-21 00:00:00+00:00,0.0,0.0,0.0
2022-12-22 00:00:00+00:00,0.0,0.0,0.0
2022-12-23 00:00:00+00:00,0.0,0.0,0.0
2022-12-26 00:00:00+00:00,0.0,0.0,0.0
2022-12-27 00:00:00+00:00,0.00890186677125076,0.0,0.00445093338562538
2022-12-28 00:00:00+00:00,0.00891383858311349,0.0,0.004456919291556745
2022-12-30 00:00:00+00:00,-0.01124973115928518,0.0,-0.00562486557964259
2023-01-02 00:00:00+00:00,0.0,0.0,0.0
2023-01-03 00:00:00+00:00,0.0,0.0,0.0
2023-01-04 00:00:00+00:00,0.0,0.0,0.0
2023-01-05 00:00:00+00:00,0.0,0.0,0.0
2023-01-13 00:00:00+00:00,0.0,0.0,0.0
2023-01-15 00:00:00+00:00,0.0,0.0,0.0
2023-01-18 00:00:00+00:00,0.0,0.0,0.0
2023-01-19 00:00:00+00:00,0.0,0.0,0.0
2023-01-25 00:00:00+00:00,0.0,0.0,0.0
2023-01-26 00:00:00+00:00,0.0,0.0,0.0
2023-01-30 00:00:00+00:00,0.0,0.0,0.0
2023-02-05 00:00:00+00:00,0.0,0.0,0.0
2023-02-07 00:00:00+00:00,0.0,0.0,0.0
2023-02-13 00:00:00+00:00,0.0,0.0,0.0
2023-02-15 00:00:00+00:00,0.0,0.0,0.0
2023-02-20 00:00:00+00:00,0.0,0.0,0.0
2023-02-21 00:00:00+00:00,0.0,0.002386195557109031,0.0011930977785545155
2023-02-22 00:00:00+00:00,0.008953383881621169,0.0,0.0044766919408105845
2023-02-23 00:00:00+00:00,0.0,0.0024001644685441733,0.0012000822342720866
2023-02-24 00:00:00+00:00,0.0,0.0,0.0
2023-02-26 00:00:00+00:00,0.0,0.0,0.0
2023-02-27 00:00:00+00:00,0.0,0.0,0.0
2023-02-28 00:00:00+00:00,0.0,-0.003123901870425175,-0.0015619509352125876
2023-03-01 00:00:00+00:00,0.0,0.0,0.0
2023-03-02 00:00:00+00:00,0.0,0.0,0.0
2023-03-03 00:00:00+00:00,0.0,-0.010118886518573568,-0.005059443259286784
2023-03-05 00:00:00+00:00,0.0,0.0,0.0
2023-03-06 00:00:00+00:00,0.008833073611175244,0.002367832787807791,0.005600453199491518
2023-03-07 00:00:00+00:00,0.0,0.0,0.0
2023-03-08 00:00:00+00:00,0.0,0.0,0.0
2023-03-09 00:00:00+00:00,0.0,0.002426113184074687,0.0012130565920373435
2023-03-10 00:00:00+00:00,0.0,0.0024366254283049817,0.0012183127141524909
2023-03-12 00:00:00+00:00,0.0,0.0,0.0
2023-03-13 00:00:00+00:00,0.0,0.0,0.0
2023-03-14 00:00:00+00:00,0.0,0.0,0.0
2023-03-15 00:00:00+00:00,0.0,0.0,0.0
2023-03-16 00:00:00+00:00,0.0,0.0,0.0
2023-03-17 00:00:00+00:00,0.0,0.0,0.0
2023-03-19 00:00:00+00:00,0.0,0.0,0.0
2023-03-20 00:00:00+00:00,0.0,0.0,0.0
2023-03-21 00:00:00+00:00,0.008571787161452628,0.0,0.004285893580726314
2023-03-22 00:00:00+00:00,0.0,0.0,0.0
2023-03-23 00:00:00+00:00,0.0,0.0,0.0
2023-03-24 00:00:00+00:00,0.0,-0.002309562448731165,-0.0011547812243655824
2023-03-26 00:00:00+00:00,0.0,0.0,0.0
2023-03-27 00:00:00+00:00,0.0,0.0,0.0
2023-03-28 00:00:00+00:00,0.0,0.0,0.0
2023-03-29 00:00:00+00:00,0.0,0.0,0.0
2023-03-30 00:00:00+00:00,-0.010991207359765538,0.002411274812559861,-0.004289966273602838
2023-03-31 00:00:00+00:00,0.008787008558412726,0.004818761683401562,0.006802885120907144
2023-04-02 00:00:00+00:00,0.0,0.0,0.0
2023-04-03 00:00:00+00:00,0.0,0.002341033795262762,0.001170516897631381
2023-04-04 00:00:00+00:00,0.0,0.0,0.0
2023-04-05 00:00:00+00:00,0.0,0.0,0.0
2023-04-06 00:00:00+00:00,0.0,0.0,0.0
2023-04-07 00:00:00+00:00,0.0,0.0,0.0
2023-04-09 00:00:00+00:00,0.0,0.0,0.0
2023-04-10 00:00:00+00:00,0.0,0.0,0.0
2023-04-11 00:00:00+00:00,0.0,0.0022952249793756103,0.0011476124896878052
2023-04-12 00:00:00+00:00,0.0,0.002391135118636505,0.0011955675593182525
2023-04-13 00:00:00+00:00,0.0,0.0,0.0
2023-04-14 00:00:00+00:00,0.008712312644951389,0.0,0.0043561563224756945
2023-04-16 00:00:00+00:00,0.0,0.0,0.0
2023-04-17 00:00:00+00:00,0.0,-0.0016582955353794493,-0.0008291477676897246
2023-04-18 00:00:00+00:00,0.008746560913991014,0.0,0.004373280456995507
2023-04-19 00:00:00+00:00,0.0019699573970370695,0.0,0.0009849786985185347
2023-04-20 00:00:00+00:00,0.0,0.0,0.0
2023-04-21 00:00:00+00:00,0.0,0.0,0.0
2023-04-23 00:00:00+00:00,0.0,0.0,0.0
2023-04-24 00:00:00+00:00,0.0,0.0,0.0
2023-04-25 00:00:00+00:00,0.0,0.0,0.0
2023-04-26 00:00:00+00:00,0.0,0.0023556976267213115,0.0011778488133606557
2023-04-27 00:00:00+00:00,0.0,0.0,0.0
2023-04-28 00:00:00+00:00,0.0,-0.010115468954587226,-0.005057734477293613
2023-04-30 00:00:00+00:00,0.0,0.0,0.0
2023-05-01 00:00:00+00:00,0.0,0.002444070920637563,0.0012220354603187816
2023-05-02 00:00:00+00:00,0.0,-0.010083480855725073,-0.0050417404278625365
2023-05-03 00:00:00+00:00,0.0,0.0,0.0
2023-05-04 00:00:00+00:00,0.0,0.002391078741281969,0.0011955393706409845
2023-05-05 00:00:00+00:00,0.0,0.0,0.0
2023-05-07 00:00:00+00:00,0.0,0.0,0.0
2023-05-08 00:00:00+00:00,0.0,-0.006793677042588011,-0.0033968385212940055
2023-05-09 00:00:00+00:00,0.009190388871885205,0.0,0.004595194435942603
2023-05-10 00:00:00+00:00,0.0,0.0,0.0
2023-05-11 00:00:00+00:00,0.0,0.0,0.0
2023-05-12 00:00:00+00:00,0.0,0.0,0.0
2023-05-14 00:00:00+00:00,0.0,0.0,0.0
2023-05-15 00:00:00+00:00,0.0,0.0,0.0
2023-05-16 00:00:00+00:00,0.0,0.0,0.0
2023-05-17 00:00:00+00:00,0.0,0.0,0.0
2023-05-18 00:00:00+00:00,-0.011217799765262484,-0.010129886121944716,-0.0106738429436036
2023-05-19 00:00:00+00:00,0.0,0.0,0.0
2023-05-21 00:00:00+00:00,0.0,0.0,0.0
2023-05-22 00:00:00+00:00,0.0,-0.002394651753731592,-0.001197325876865796
2023-05-23 00:00:00+00:00,0.0,0.002393168324418628,0.001196584162209314
2023-05-24 00:00:00+00:00,0.00863862076661272,0.002369198275744682,0.005503909521178701
2023-05-25 00:00:00+00:00,0.0,0.002436526756922962,0.001218263378461481
2023-05-26 00:00:00+00:00,-0.011209918253616318,0.0,-0.005604959126808159
2023-05-28 00:00:00+00:00,0.0,0.0,0.0
2023-05-29 00:00:00+00:00,0.0,-0.008892902695619044,-0.004446451347809522
2023-05-30 00:00:00+00:00,0.0,0.0,0.0
2023-05-31 00:00:00+00:00,0.0,0.0,0.0
2023-06-01 00:00:00+00:00,0.0,0.0,0.0
2023-06-02 00:00:00+00:00,0.0,0.0024052128233981378,0.0012026064116990689
2023-06-04 00:00:00+00:00,0.0,0.0,0.0
2023-06-05 00:00:00+00:00,0.0,0.0,0.0
2023-06-06 00:00:00+00:00,0.0,0.0,0.0
2023-06-07 00:00:00+00:00,0.0,0.0,0.0
2023-06-08 00:00:00+00:00,0.0,0.0,0.0
2023-06-09 00:00:00+00:00,-0.009187541986318805,0.0,-0.004593770993159402
2023-06-11 00:00:00+00:00,0.0,0.0,0.0
2023-06-12 00:00:00+00:00,0.0,0.0,0.0
2023-06-13 00:00:00+00:00,0.008792059428628731,0.0023424627456038734,0.0055672610871163025
2023-06-14 00:00:00+00:00,0.0,0.0,0.0
2023-06-15 00:00:00+00:00,0.0,0.004831659187262885,0.0024158295936314426
2023-06-16 00:00:00+00:00,-0.011265474552957367,0.0,-0.005632737276478683
2023-06-18 00:00:00+00:00,0.0,0.0,0.0
2023-06-19 00:00:00+00:00,0.0,0.0,0.0
2023-06-20 00:00:00+00:00,-0.011201406474130923,0.0,-0.005600703237065461
2023-06-21 00:00:00+00:00,0.009011970792033832,0.0,0.004505985396016916
2023-06-22 00:00:00+00:00,0.00870776461515612,0.0,0.00435388230757806
2023-06-23 00:00:00+00:00,0.008778543775748939,0.0023691133164851306,0.005573828546117035
2023-06-25 00:00:00+00:00,0.0,0.0,0.0
2023-06-26 00:00:00+00:00,0.0,0.0,0.0
2023-06-27 00:00:00+00:00,0.0,0.0,0.0
2023-06-28 00:00:00+00:00,-0.0055535313391857554,0.0,-0.0027767656695928777
2023-06-29 00:00:00+00:00,0.008757827398011554,0.0,0.004378913699005777
2023-06-30 00:00:00+00:00,0.0,0.004806541091230415,0.0024032705456152074
2023-07-02 00:00:00+00:00,0.0,0.0,0.0
2023-07-03 00:00:00+00:00,-0.011197697079679306,0.0,-0.005598848539839653
2023-07-04 00:00:00+00:00,0.0,0.0,0.0
2023-07-05 00:00:00+00:00,0.0,0.0,0.0
2023-07-06 00:00:00+00:00,0.008596344209919855,0.0,0.004298172104959927
2023-07-07 00:00:00+00:00,0.0,0.0,0.0
2023-07-09 00:00:00+00:00,0.0,0.0,0.0
2023-07-10 00:00:00+00:00,0.0,0.0008416403272157209,0.00042082016360786047
2023-07-11 00:00:00+00:00,-0.0043019425959535205,-0.010145451961493118,-0.007223697278723319
2023-07-12 00:00:00+00:00,0.0,0.002383688783354103,0.0011918443916770515
2023-07-13 00:00:00+00:00,0.0,0.0,0.0
2023-07-14 00:00:00+00:00,0.0,0.0,0.0
2023-07-16 00:00:00+00:00,0.0,0.0,0.0
2023-07-17 00:00:00+00:00,0.0,0.0,0.0
2023-07-18 00:00:00+00:00,0.008802986548561325,0.0,0.004401493274280663
2023-07-19 00:00:00+00:00,0.0,0.002436216490205651,0.0012181082451028255
2023-07-20 00:00:00+00:00,0.008783458071122064,0.002418875654485128,0.005601166862803596
2023-07-21 00:00:00+00:00,0.0,0.0,0.0
2023-07-23 00:00:00+00:00,0.0,0.0,0.0
2023-07-24 00:00:00+00:00,0.008774982071352197,-0.002520086109578186,0.0031274479808870055
2023-07-25 00:00:00+00:00,-0.011247478840151452,0.0,-0.005623739420075726
2023-07-26 00:00:00+00:00,0.0,0.002399679059974447,0.0011998395299872234
2023-07-27 00:00:00+00:00,0.0,0.0023146173467953573,0.0011573086733976787
2023-07-28 00:00:00+00:00,0.0,0.0,0.0
2023-07-30 00:00:00+00:00,0.0,0.0,0.0
2023-07-31 00:00:00+00:00,0.0,0.0,0.0
2023-08-01 00:00:00+00:00,0.0,0.0,0.0
2023-08-02 00:00:00+00:00,0.0,0.0,0.0
2023-08-03 00:00:00+00:00,0.0,0.002375647047983842,0.001187823523991921
2023-08-04 00:00:00+00:00,0.0,0.0,0.0
2023-08-06 00:00:00+00:00,0.0,0.0,0.0
2023-08-07 00:00:00+00:00,-0.007633054850945919,0.0,-0.0038165274254729595
2023-08-08 00:00:00+00:00,0.0,0.0,0.0
2023-08-09 00:00:00+00:00,0.0,0.0,0.0
2023-08-10 00:00:00+00:00,0.0,0.0,0.0
2023-08-11 00:00:00+00:00,0.0,0.0,0.0
2023-08-13 00:00:00+00:00,0.0,0.0,0.0
2023-08-14 00:00:00+00:00,0.0,0.0,0.0
2023-08-15 00:00:00+00:00,0.0,0.0,0.0
2023-08-16 00:00:00+00:00,0.0,0.0023590952292881747,0.0011795476146440873
2023-08-17 00:00:00+00:00,0.0,0.002393089375377454,0.001196544687688727
2023-08-18 00:00:00+00:00,0.0024464197841641993,0.0,0.0012232098920820997
2023-08-20 00:00:00+00:00,0.0,0.0,0.0
2023-08-21 00:00:00+00:00,0.0,-0.000658027566170216,-0.000329013783085108
2023-08-22 00:00:00+00:00,0.0,0.0,0.0
2023-08-23 00:00:00+00:00,0.0,0.0,0.0
2023-08-24 00:00:00+00:00,0.0,0.0,0.0
2023-08-25 00:00:00+00:00,0.0,0.0,0.0
2023-08-27 00:00:00+00:00,0.0,0.0,0.0
2023-08-28 00:00:00+00:00,0.0,-0.003996315910642074,-0.001998157955321037
2023-08-29 00:00:00+00:00,0.0,0.0,0.0
2023-08-30 00:00:00+00:00,0.0,0.0024183669330353286,0.0012091834665176643
2023-08-31 00:00:00+00:00,0.0,0.0023998025789316525,0.0011999012894658263
2023-09-01 00:00:00+00:00,0.0,0.0,0.0
2023-09-03 00:00:00+00:00,0.0,0.0,0.0
2023-09-04 00:00:00+00:00,0.0,0.0,0.0
2023-09-05 00:00:00+00:00,0.0,0.0,0.0
2023-09-06 00:00:00+00:00,0.0,0.004718482677653068,0.002359241338826534
2023-09-07 00:00:00+00:00,0.0,0.0,0.0
2023-09-08 00:00:00+00:00,0.0,0.0,0.0
2023-09-10 00:00:00+00:00,0.0,0.0,0.0
2023-09-11 00:00:00+00:00,0.0,0.0,0.0
2023-09-12 00:00:00+00:00,0.0015303867547798939,0.0023526277377716883,0.001941507246275791
2023-09-13 00:00:00+00:00,0.004881302029255133,0.0,0.0024406510146275664
2023-09-14 00:00:00+00:00,-0.011261814062760006,0.0,-0.005630907031380003
2023-09-15 00:00:00+00:00,-0.010224020219686651,0.0,-0.005112010109843326
2023-09-17 00:00:00+00:00,0.0,0.0,0.0
2023-09-18 00:00:00+00:00,-0.011185329981830113,-0.004409778785428521,-0.0077975543836293175
2023-09-19 00:00:00+00:00,0.0,0.0,0.0
2023-09-20 00:00:00+00:00,0.0,0.0,0.0
2023-09-21 00:00:00+00:00,0.0,0.0024248591872985227,0.0012124295936492614
2023-09-22 00:00:00+00:00,0.0,0.0,0.0
2023-09-24 00:00:00+00:00,0.0,0.0,0.0
2023-09-25 00:00:00+00:00,0.0,0.00026150758988561113,0.00013075379494280557
2023-09-26 00:00:00+00:00,0.0,0.0024040910254622353,0.0012020455127311177
2023-09-27 00:00:00+00:00,0.0,0.004850357056325664,0.002425178528162832
2023-09-28 00:00:00+00:00,0.0,0.0,0.0
2023-09-29 00:00:00+00:00,0.0,0.0,0.0
2023-10-01 00:00:00+00:00,0.0,0.0,0.0
2023-10-02 00:00:00+00:00,0.0,0.0,0.0
2023-10-03 00:00:00+00:00,0.0,0.0,0.0
2023-10-04 00:00:00+00:00,0.0,0.0,0.0
2023-10-05 00:00:00+00:00,0.0,0.0,0.0
2023-10-06 00:00:00+00:00,0.0,0.0,0.0
2023-10-08 00:00:00+00:00,0.0,0.0,0.0
2023-10-09 00:00:00+00:00,0.0,0.0,0.0
2023-10-10 00:00:00+00:00,0.0,0.0024070213810598994,0.0012035106905299497
2023-10-11 00:00:00+00:00,0.0,0.0,0.0
2023-10-12 00:00:00+00:00,0.008825369875008674,0.0,0.004412684937504337
2023-10-13 00:00:00+00:00,0.0,0.0,0.0
2023-10-15 00:00:00+00:00,0.0,0.0,0.0
2023-10-16 00:00:00+00:00,0.0,0.0,0.0
2023-10-17 00:00:00+00:00,0.0,0.0,0.0
2023-10-18 00:00:00+00:00,0.0,0.0,0.0
2023-10-19 00:00:00+00:00,0.0,0.0,0.0
2023-10-20 00:00:00+00:00,0.0,-0.006194047010843985,-0.0030970235054219924
2023-10-22 00:00:00+00:00,0.0,0.0,0.0
2023-10-23 00:00:00+00:00,0.0,0.0,0.0
2023-10-24 00:00:00+00:00,0.0,0.0,0.0
2023-10-25 00:00:00+00:00,0.0,0.0,0.0
2023-10-26 00:00:00+00:00,0.0,0.002409797113086725,0.0012048985565433624
2023-10-27 00:00:00+00:00,-0.011188845006850967,0.002401471389784334,-0.004393686808533317
2023-10-29 00:00:00+00:00,0.0,0.0,0.0
2023-10-30 00:00:00+00:00,0.0,0.0,0.0
2023-10-31 00:00:00+00:00,0.0,0.0,0.0
2023-11-01 00:00:00+00:00,0.0,0.0024286579729283155,0.0012143289864641577
2023-11-02 00:00:00+00:00,0.0,0.0024175004192504806,0.0012087502096252403
2023-11-03 00:00:00+00:00,0.0,0.0023674666163286005,0.0011837333081643002
2023-11-05 00:00:00+00:00,0.0,0.0,0.0
2023-11-06 00:00:00+00:00,0.0,0.0,0.0
2023-11-07 00:00:00+00:00,0.0,-0.00041223241331563026,-0.00020611620665781513
2023-11-08 00:00:00+00:00,0.0,0.0,0.0
2023-11-09 00:00:00+00:00,0.0,0.0,0.0
2023-11-10 00:00:00+00:00,0.0,0.0,0.0
2023-11-12 00:00:00+00:00,0.0,0.0,0.0
2023-11-13 00:00:00+00:00,0.0,0.0,0.0
2023-11-14 00:00:00+00:00,0.0,0.0013355372337723946,0.0006677686168861973
2023-11-15 00:00:00+00:00,0.0,0.0,0.0
2023-11-16 00:00:00+00:00,0.0,0.0,0.0
2023-11-17 00:00:00+00:00,0.0,0.0,0.0
2023-11-19 00:00:00+00:00,0.0,0.0,0.0
2023-11-20 00:00:00+00:00,0.0,0.0,0.0
2023-11-21 00:00:00+00:00,0.0,0.0,0.0
2023-11-22 00:00:00+00:00,0.0,0.002371663454984864,0.001185831727492432
2023-11-23 00:00:00+00:00,0.0,0.0,0.0
2023-11-24 00:00:00+00:00,0.0,0.0,0.0
2023-11-26 00:00:00+00:00,0.0,0.0,0.0
2023-11-27 00:00:00+00:00,0.0,0.0004621215750323253,0.00023106078751616266
2023-11-28 00:00:00+00:00,0.0,0.0,0.0
2023-11-29 00:00:00+00:00,0.0,0.0023525265035956,0.0011762632517978
2023-11-30 00:00:00+00:00,0.0,0.00235120352075042,0.00117560176037521
2023-12-01 00:00:00+00:00,0.0,0.0023624357057523467,0.0011812178528761734
2023-12-03 00:00:00+00:00,0.0,0.0,0.0
2023-12-04 00:00:00+00:00,0.0,0.0,0.0
2023-12-05 00:00:00+00:00,0.0,-0.001253050211347298,-0.000626525105673649
2023-12-06 00:00:00+00:00,0.0,0.0,0.0
2023-12-07 00:00:00+00:00,0.0,0.0,0.0
2023-12-08 00:00:00+00:00,0.0,0.0,0.0
2023-12-10 00:00:00+00:00,0.0,0.0,0.0
2023-12-11 00:00:00+00:00,0.0,0.0,0.0
2023-12-12 00:00:00+00:00,0.0,0.004743238158763607,0.0023716190793818034
2023-12-13 00:00:00+00:00,0.0,0.0,0.0
2023-12-14 00:00:00+00:00,0.0,0.002423213727738212,0.001211606863869106
2023-12-15 00:00:00+00:00,0.0,0.0,0.0
2023-12-17 00:00:00+00:00,0.0,0.0,0.0
2023-12-18 00:00:00+00:00,0.0,-0.0007486442513714301,-0.00037432212568571505
2023-12-19 00:00:00+00:00,0.0,0.0,0.0
2023-12-20 00:00:00+00:00,0.0,0.0023954855931292937,0.0011977427965646468
2023-12-21 00:00:00+00:00,0.0,0.0,0.0
2023-12-22 00:00:00+00:00,0.0,0.0,0.0
2023-12-25 00:00:00+00:00,0.0,0.0,0.0
2023-12-26 00:00:00+00:00,0.009088162113135831,0.0,0.0045440810565679154
2023-12-27 00:00:00+00:00,0.0,0.0,0.0
2023-12-28 00:00:00+00:00,0.0,0.0,0.0
2023-12-29 00:00:00+00:00,0.0,0.0022564274536782235,0.0011282137268391118
2024-01-01 00:00:00+00:00,0.0,0.0,0.0
2024-01-02 00:00:00+00:00,0.0,0.0,0.0
2024-01-03 00:00:00+00:00,-0.010862859300005408,0.0,-0.005431429650002704
2024-01-04 00:00:00+00:00,0.009098441381540581,0.0,0.0045492206907702904
2024-01-05 00:00:00+00:00,-0.010897858801944065,0.0024096585023290844,-0.00424410014980749
2024-01-07 00:00:00+00:00,0.0,0.0,0.0
2024-01-08 00:00:00+00:00,0.0,0.0,0.0
2024-01-09 00:00:00+00:00,0.0,0.0,0.0
2024-01-10 00:00:00+00:00,0.009072289153653844,0.0,0.004536144576826922
2024-01-11 00:00:00+00:00,0.0,0.0,0.0
2024-01-12 00:00:00+00:00,0.0,0.0,0.0
2024-01-14 00:00:00+00:00,0.0,0.0,0.0
2024-01-15 00:00:00+00:00,0.0,0.0,0.0
2024-01-16 00:00:00+00:00,0.0,0.0,0.0
2024-01-17 00:00:00+00:00,0.0,0.002363279906668196,0.001181639953334098
2024-01-18 00:00:00+00:00,0.0,0.0,0.0
2024-01-19 00:00:00+00:00,0.0,0.0023997450537099965,0.0011998725268549983
2024-01-21 00:00:00+00:00,0.0,0.0,0.0
2024-01-22 00:00:00+00:00,-0.007061172371013453,0.0024406181229816755,-0.0023102771240158886
2024-01-23 00:00:00+00:00,0.0,0.0,0.0
2024-01-24 00:00:00+00:00,0.0,0.0,0.0
2024-01-25 00:00:00+00:00,0.0,0.0,0.0
2024-01-26 00:00:00+00:00,0.0,-0.0010342541438429283,-0.0005171270719214642
2024-01-28 00:00:00+00:00,0.0,0.0,0.0
2024-01-29 00:00:00+00:00,-0.010870565249112759,0.0,-0.005435282624556379
2024-01-30 00:00:00+00:00,0.0,0.003699311111287875,0.0018496555556439375
2024-01-31 00:00:00+00:00,0.0,0.0,0.0
2024-02-01 00:00:00+00:00,-0.010879844951767373,0.0,-0.0054399224758836864
2024-02-02 00:00:00+00:00,-0.0009370602925615812,0.002376677550310373,0.0007198086288743959
2024-02-04 00:00:00+00:00,0.0,0.0,0.0
2024-02-05 00:00:00+00:00,0.0,0.0,0.0
2024-02-06 00:00:00+00:00,0.009016275718241687,-0.00510322592466762,0.001956524896787034
2024-02-07 00:00:00+00:00,0.0,0.0,0.0
2024-02-08 00:00:00+00:00,0.0,0.0,0.0
2024-02-09 00:00:00+00:00,0.0,0.0,0.0
2024-02-11 00:00:00+00:00,0.0,0.0,0.0
2024-02-12 00:00:00+00:00,0.0,0.0,0.0
2024-02-13 00:00:00+00:00,-0.010957552519848639,0.0024336661989826226,-0.004261943160433008
2024-02-14 00:00:00+00:00,-0.010886088089742604,0.0,-0.005443044044871302
2024-02-15 00:00:00+00:00,0.0,0.0,0.0
2024-02-16 00:00:00+00:00,0.009066247444427218,0.0,0.004533123722213609
2024-02-18 00:00:00+00:00,0.0,0.0,0.0
2024-02-19 00:00:00+00:00,0.0,0.0,0.0
2024-02-20 00:00:00+00:00,0.0,0.0,0.0
2024-02-21 00:00:00+00:00,0.0,0.0,0.0
2024-02-22 00:00:00+00:00,0.0,0.0023786667976539934,0.0011893333988269967
2024-02-23 00:00:00+00:00,0.0,0.00240725951343218,0.00120362975671609
2024-02-25 00:00:00+00:00,0.0,0.0,0.0
2024-02-26 00:00:00+00:00,0.0,0.0,0.0
2024-02-27 00:00:00+00:00,0.0,-0.002803786258779436,-0.001401893129389718
2024-02-28 00:00:00+00:00,0.0,0.002340898278698381,0.0011704491393491904
2024-02-29 00:00:00+00:00,0.0,0.0,0.0
2024-03-01 00:00:00+00:00,0.0,0.0,0.0
2024-03-03 00:00:00+00:00,0.0,0.0,0.0
2024-03-04 00:00:00+00:00,0.0,0.0,0.0
2024-03-05 00:00:00+00:00,0.0,0.0023884401324596994,0.0011942200662298497
2024-03-06 00:00:00+00:00,0.0,0.0,0.0
2024-03-07 00:00:00+00:00,0.0,0.0,0.0
2024-03-08 00:00:00+00:00,0.0,0.0,0.0
2024-03-10 00:00:00+00:00,0.0,0.0,0.0
2024-03-11 00:00:00+00:00,0.0,0.0,0.0
2024-03-12 00:00:00+00:00,0.0,0.0,0.0
2024-03-13 00:00:00+00:00,0.0,0.0024229482630905366,0.0012114741315452683
2024-03-14 00:00:00+00:00,0.0,0.0,0.0
2024-03-15 00:00:00+00:00,0.0,0.0,0.0
2024-03-17 00:00:00+00:00,0.0,0.0,0.0
2024-03-18 00:00:00+00:00,0.0,0.0,0.0
2024-03-19 00:00:00+00:00,0.0,0.0,0.0
2024-03-20 00:00:00+00:00,0.0,0.0,0.0
2024-03-21 00:00:00+00:00,0.0,0.0024098709404627946,0.0012049354702313973
2024-03-22 00:00:00+00:00,0.0,0.0,0.0
2024-03-24 00:00:00+00:00,0.0,0.0,0.0
2024-03-25 00:00:00+00:00,0.0,-0.005545343556488049,-0.0027726717782440243
2024-03-26 00:00:00+00:00,0.0,0.0,0.0
2024-03-27 00:00:00+00:00,0.0,0.0,0.0
2024-03-28 00:00:00+00:00,0.0,0.0,0.0
2024-03-31 00:00:00+00:00,0.0,0.0,0.0
2024-04-01 00:00:00+00:00,0.0,0.0,0.0
2024-04-02 00:00:00+00:00,0.0,-0.007761211336605756,-0.003880605668302878
2024-04-03 00:00:00+00:00,0.0,0.0,0.0
2024-04-04 00:00:00+00:00,0.0,0.0,0.0
2024-04-05 00:00:00+00:00,0.0,0.0,0.0
2024-04-07 00:00:00+00:00,0.0,0.0,0.0
2024-04-08 00:00:00+00:00,0.0,-0.002602487210114495,-0.0013012436050572475
2024-04-09 00:00:00+00:00,0.0,0.0,0.0
2024-04-10 00:00:00+00:00,0.0,0.0,0.0
2024-04-11 00:00:00+00:00,0.008975028491004877,0.0,0.004487514245502438
2024-04-12 00:00:00+00:00,0.0,0.004882991217391193,0.0024414956086955967
2024-04-14 00:00:00+00:00,0.0,0.0,0.0
2024-04-15 00:00:00+00:00,0.008963818354967736,0.0,0.004481909177483868
2024-04-16 00:00:00+00:00,0.0,0.0,0.0
2024-04-17 00:00:00+00:00,0.0,0.0,0.0
2024-04-18 00:00:00+00:00,-0.010820029774489688,0.0,-0.005410014887244844
2024-04-19 00:00:00+00:00,0.0,0.002417507458942723,0.0012087537294713615
2024-04-21 00:00:00+00:00,0.0,0.0,0.0
2024-04-22 00:00:00+00:00,0.0,-0.005667976922048647,-0.0028339884610243237
2024-04-23 00:00:00+00:00,0.0,0.0024152592426870145,0.0012076296213435072
2024-04-24 00:00:00+00:00,0.0,0.0,0.0
2024-04-25 00:00:00+00:00,0.008847299433327283,0.0,0.004423649716663642
2024-04-26 00:00:00+00:00,0.0,0.0,0.0
2024-04-28 00:00:00+00:00,0.0,0.0,0.0
2024-04-29 00:00:00+00:00,0.0,-0.006083467347014949,-0.0030417336735074746
2024-04-30 00:00:00+00:00,0.00892336344732079,0.0,0.004461681723660395
2024-05-01 00:00:00+00:00,0.0,-0.010172837723562311,-0.005086418861781156
2024-05-02 00:00:00+00:00,0.00881528224920404,0.0,0.00440764112460202
2024-05-03 00:00:00+00:00,0.0,0.002403956783422588,0.001201978391711294
2024-05-05 00:00:00+00:00,0.0,0.0,0.0
2024-05-06 00:00:00+00:00,0.0,0.0024415713921186943,0.0012207856960593472
2024-05-07 00:00:00+00:00,0.0,0.0,0.0
2024-05-08 00:00:00+00:00,0.0,0.0,0.0
2024-05-09 00:00:00+00:00,0.008921358288606733,0.0047338935866172325,0.006827625937611983
2024-05-10 00:00:00+00:00,0.0,0.0,0.0
2024-05-12 00:00:00+00:00,0.0,0.0,0.0
2024-05-13 00:00:00+00:00,0.008972838324581386,0.002347429825715239,0.005660134075148313
2024-05-14 00:00:00+00:00,0.0,0.0,0.0
2024-05-15 00:00:00+00:00,0.0,0.0,0.0
2024-05-16 00:00:00+00:00,0.0,0.0024159100021338936,0.0012079550010669468
2024-05-17 00:00:00+00:00,0.0,0.0,0.0
2024-05-19 00:00:00+00:00,0.0,0.0,0.0
2024-05-20 00:00:00+00:00,0.0,0.0005390738274265489,0.00026953691371327444
2024-05-21 00:00:00+00:00,0.0,0.0,0.0
2024-05-22 00:00:00+00:00,0.0,0.0,0.0
2024-05-23 00:00:00+00:00,0.0,0.004769988830953394,0.002384994415476697
2024-05-24 00:00:00+00:00,0.0,0.0,0.0
2024-05-26 00:00:00+00:00,0.0,0.0,0.0
2024-05-27 00:00:00+00:00,0.0,0.0,0.0
2024-05-28 00:00:00+00:00,-0.011138891662930526,0.002375200759106102,-0.004381845451912212
2024-05-29 00:00:00+00:00,0.0,0.0023248900415719772,0.0011624450207859886
2024-05-30 00:00:00+00:00,0.0,0.0,0.0
2024-05-31 00:00:00+00:00,0.0,0.0,0.0
2024-06-02 00:00:00+00:00,0.0,0.0,0.0
2024-06-03 00:00:00+00:00,0.0,0.0,0.0
2024-06-04 00:00:00+00:00,0.0,0.0,0.0
2024-06-05 00:00:00+00:00,0.0,0.0,0.0
2024-06-06 00:00:00+00:00,0.0,0.0,0.0
2024-06-07 00:00:00+00:00,0.0,0.0,0.0
2024-06-09 00:00:00+00:00,0.0,0.0,0.0
2024-06-10 00:00:00+00:00,0.0,0.0,0.0
2024-06-11 00:00:00+00:00,-0.011122979177374535,0.0,-0.0055614895886872675
2024-06-12 00:00:00+00:00,0.0,0.0,0.0
2024-06-13 00:00:00+00:00,0.0,0.0024142465035829957,0.0012071232517914979
2024-06-14 00:00:00+00:00,0.0,0.0,0.0
2024-06-16 00:00:00+00:00,0.0,0.0,0.0
2024-06-17 00:00:00+00:00,0.0,-0.006809626672843916,-0.003404813336421958
2024-06-18 00:00:00+00:00,0.0018498073296359153,0.0,0.0009249036648179577
2024-06-19 00:00:00+00:00,0.0,0.0,0.0
2024-06-20 00:00:00+00:00,0.0,0.0,0.0
2024-06-21 00:00:00+00:00,0.0,0.0,0.0
2024-06-23 00:00:00+00:00,0.0,0.0,0.0
2024-06-24 00:00:00+00:00,0.0,0.0013304567538747786,0.0006652283769373893
2024-06-25 00:00:00+00:00,0.0,0.0,0.0
2024-06-26 00:00:00+00:00,0.0,0.0,0.0
2024-06-27 00:00:00+00:00,0.008950529283781362,0.0,0.004475264641890681
2024-06-28 00:00:00+00:00,0.0,0.0,0.0
2024-06-30 00:00:00+00:00,0.0,0.0,0.0
2024-07-01 00:00:00+00:00,0.0,0.0,0.0
2024-07-02 00:00:00+00:00,0.0,0.0,0.0
2024-07-03 00:00:00+00:00,0.0,0.0,0.0
2024-07-04 00:00:00+00:00,0.0,0.0,0.0
2024-07-05 00:00:00+00:00,0.0,0.0,0.0
2024-07-07 00:00:00+00:00,0.0,0.0,0.0
2024-07-08 00:00:00+00:00,0.0,0.0,0.0
2024-07-09 00:00:00+00:00,0.0,0.0,0.0
2024-07-10 00:00:00+00:00,0.0,0.0,0.0
2024-07-11 00:00:00+00:00,0.0,0.0023608509592969286,0.0011804254796484643
2024-07-12 00:00:00+00:00,0.0,0.004830191488921648,0.002415095744460824
2024-07-14 00:00:00+00:00,0.0,0.0,0.0
2024-07-15 00:00:00+00:00,0.0,0.0,0.0
2024-07-16 00:00:00+00:00,0.0,0.004871680397222387,0.0024358401986111933
2024-07-17 00:00:00+00:00,0.0,0.0,0.0
2024-07-18 00:00:00+00:00,0.0,0.0,0.0
2024-07-19 00:00:00+00:00,0.0,-0.010055691968470209,-0.005027845984235104
2024-07-21 00:00:00+00:00,0.0,0.0,0.0
2024-07-22 00:00:00+00:00,0.0,0.0,0.0
2024-07-23 00:00:00+00:00,0.0,0.0,0.0
2024-07-24 00:00:00+00:00,0.0,0.004800742975879565,0.0024003714879397824
2024-07-25 00:00:00+00:00,0.0,0.0,0.0
2024-07-26 00:00:00+00:00,0.0,0.0,0.0
2024-07-28 00:00:00+00:00,0.0,0.0,0.0
2024-07-29 00:00:00+00:00,0.0,0.0,0.0
2024-07-30 00:00:00+00:00,0.0,-0.001959878258716441,-0.0009799391293582205
2024-07-31 00:00:00+00:00,0.0,0.002441646905225291,0.0012208234526126455
2024-08-01 00:00:00+00:00,0.0,0.0,0.0
2024-08-02 00:00:00+00:00,0.0,0.0024542322016695923,0.0012271161008347961
2024-08-04 00:00:00+00:00,0.0,0.0,0.0
2024-08-05 00:00:00+00:00,0.0,0.004923197688071713,0.0024615988440358566
2024-08-06 00:00:00+00:00,0.0,0.0,0.0
2024-08-07 00:00:00+00:00,0.0,0.0,0.0
2024-08-08 00:00:00+00:00,0.0,0.0,0.0
2024-08-09 00:00:00+00:00,0.0,0.0,0.0
2024-08-11 00:00:00+00:00,0.0,0.0,0.0
2024-08-12 00:00:00+00:00,0.0,0.0,0.0
2024-08-13 00:00:00+00:00,0.0,0.0,0.0
2024-08-14 00:00:00+00:00,0.0,0.0024018429878625135,0.0012009214939312568
2024-08-15 00:00:00+00:00,0.0,0.002438649996693969,0.0012193249983469844
2024-08-16 00:00:00+00:00,0.0,0.0,0.0
2024-08-18 00:00:00+00:00,0.0,0.0,0.0
2024-08-19 00:00:00+00:00,0.0,0.002416645716166299,0.0012083228580831494
2024-08-20 00:00:00+00:00,0.0,0.0,0.0
2024-08-21 00:00:00+00:00,0.0,0.0024135620207397313,0.0012067810103698656
2024-08-22 00:00:00+00:00,0.0,0.0,0.0
2024-08-23 00:00:00+00:00,0.0,0.002411682305350977,0.0012058411526754886
2024-08-25 00:00:00+00:00,0.0,0.0,0.0
2024-08-26 00:00:00+00:00,0.0,0.0,0.0
2024-08-27 00:00:00+00:00,0.0,0.0,0.0
2024-08-28 00:00:00+00:00,0.0,0.0,0.0
2024-08-29 00:00:00+00:00,0.0,0.0,0.0
2024-08-30 00:00:00+00:00,0.0,0.0,0.0
2024-09-01 00:00:00+00:00,0.0,0.0,0.0
2024-09-02 00:00:00+00:00,0.0,0.0011132674531839726,0.0005566337265919863
2024-09-03 00:00:00+00:00,0.0,0.0,0.0
2024-09-04 00:00:00+00:00,0.0,0.0,0.0
2024-09-05 00:00:00+00:00,0.0,0.0023902044912769726,0.0011951022456384863
2024-09-06 00:00:00+00:00,0.0,0.0024490559031188092,0.0012245279515594046
2024-09-08 00:00:00+00:00,0.0,0.0,0.0
2024-09-09 00:00:00+00:00,0.0,0.0,0.0
2024-09-10 00:00:00+00:00,0.0,0.0,0.0
2024-09-11 00:00:00+00:00,0.0,0.0,0.0
2024-09-12 00:00:00+00:00,0.0,0.0,0.0
2024-09-13 00:00:00+00:00,0.0,-0.01005456186780777,-0.005027280933903885
2024-09-15 00:00:00+00:00,0.0,0.0,0.0
2024-09-16 00:00:00+00:00,0.0,0.0,0.0
2024-09-17 00:00:00+00:00,0.0,0.0007042651908027421,0.00035213259540137106
2024-09-18 00:00:00+00:00,0.0,0.0,0.0
2024-09-19 00:00:00+00:00,0.0,0.0,0.0
2024-09-20 00:00:00+00:00,0.0,0.0,0.0
2024-09-22 00:00:00+00:00,0.0,0.0,0.0
2024-09-23 00:00:00+00:00,0.0,0.0,0.0
2024-09-24 00:00:00+00:00,0.0,0.0,0.0
2024-09-25 00:00:00+00:00,0.0,0.0,0.0
2024-09-26 00:00:00+00:00,0.0,0.0,0.0
2024-09-27 00:00:00+00:00,0.0,0.0,0.0
2024-09-29 00:00:00+00:00,0.0,0.0,0.0
2024-09-30 00:00:00+00:00,0.0,0.0,0.0
2024-10-01 00:00:00+00:00,0.0,-0.0034040895697370326,-0.0017020447848685163
2024-10-02 00:00:00+00:00,0.0,0.0,0.0
2024-10-03 00:00:00+00:00,0.0,0.0,0.0
2024-10-04 00:00:00+00:00,0.0,0.0,0.0
2024-10-06 00:00:00+00:00,0.0,0.0,0.0
2024-10-07 00:00:00+00:00,0.0,0.0,0.0
2024-10-08 00:00:00+00:00,0.0,0.0,0.0
2024-10-09 00:00:00+00:00,0.0,0.002371597863581292,0.001185798931790646
2024-10-10 00:00:00+00:00,-0.010969563580330402,0.0,-0.005484781790165201
2024-10-11 00:00:00+00:00,0.0,0.0,0.0
2024-10-13 00:00:00+00:00,0.0,0.0,0.0
2024-10-14 00:00:00+00:00,0.0,0.002439647214986296,0.001219823607493148
2024-10-15 00:00:00+00:00,0.0,0.0,0.0
2024-10-16 00:00:00+00:00,0.0,0.0,0.0
2024-10-17 00:00:00+00:00,0.0,0.0024249262982626715,0.0012124631491313357
2024-10-18 00:00:00+00:00,0.0,0.0,0.0
2024-10-20 00:00:00+00:00,0.0,0.0,0.0
2024-10-21 00:00:00+00:00,0.0,0.0012847408387484983,0.0006423704193742492
2024-10-22 00:00:00+00:00,0.0,0.0023589065833239074,0.0011794532916619537
2024-10-23 00:00:00+00:00,0.0,0.0024179804476187274,0.0012089902238093637
2024-10-24 00:00:00+00:00,0.0,0.0,0.0
2024-10-25 00:00:00+00:00,0.0,0.0024194373929695267,0.0012097186964847633
2024-10-27 00:00:00+00:00,0.0,0.0,0.0
2024-10-28 00:00:00+00:00,0.0,0.0,0.0
2024-10-29 00:00:00+00:00,0.0,-0.0026973011295671205,-0.0013486505647835603
2024-10-30 00:00:00+00:00,0.0,0.0,0.0
2024-10-31 00:00:00+00:00,0.0,0.0024123240614286412,0.0012061620307143206
2024-11-01 00:00:00+00:00,0.0,0.0,0.0
2024-11-03 00:00:00+00:00,0.0,0.0,0.0
2024-11-04 00:00:00+00:00,0.0,-0.0014000154822623578,-0.0007000077411311789
2024-11-05 00:00:00+00:00,0.0,0.0,0.0
2024-11-06 00:00:00+00:00,0.0,0.0024339046278656204,0.0012169523139328102
2024-11-07 00:00:00+00:00,0.0,0.0,0.0
2024-11-08 00:00:00+00:00,0.0,0.0,0.0
2024-11-10 00:00:00+00:00,0.0,0.0,0.0
2024-11-11 00:00:00+00:00,0.009220716264893031,0.0024360712581680765,0.005828393761530554
2024-11-12 00:00:00+00:00,0.0,0.0,0.0
2024-11-13 00:00:00+00:00,0.009189582988931737,0.0,0.004594791494465868
2024-11-14 00:00:00+00:00,0.009142646311791087,0.0,0.004571323155895543
2024-11-15 00:00:00+00:00,0.0,0.0023772866424929466,0.0011886433212464733
2024-11-17 00:00:00+00:00,0.0,0.0,0.0
2024-11-18 00:00:00+00:00,0.0,0.002425322121256143,0.0012126610606280714
2024-11-19 00:00:00+00:00,0.0,0.004820498067158731,0.0024102490335793656
2024-11-20 00:00:00+00:00,0.0,0.0,0.0
2024-11-21 00:00:00+00:00,0.0,0.0,0.0
2024-11-22 00:00:00+00:00,0.0,0.0024540477199747877,0.0012270238599873938
2024-11-24 00:00:00+00:00,0.0,0.0,0.0
2024-11-25 00:00:00+00:00,0.0,0.004850207156422636,0.002425103578211318
2024-11-26 00:00:00+00:00,0.0,0.0,0.0
2024-11-27 00:00:00+00:00,0.0,0.0,0.0
2024-11-28 00:00:00+00:00,0.0,0.0,0.0
2024-11-29 00:00:00+00:00,0.0,0.002390758305959146,0.001195379152979573
2024-12-01 00:00:00+00:00,0.0,0.0,0.0
2024-12-02 00:00:00+00:00,0.0,0.0,0.0
2024-12-03 00:00:00+00:00,0.0,0.0,0.0
2024-12-04 00:00:00+00:00,0.0,0.0,0.0
2024-12-05 00:00:00+00:00,0.0,0.0,0.0
2024-12-06 00:00:00+00:00,0.0,0.0,0.0
2024-12-08 00:00:00+00:00,0.0,0.0,0.0
2024-12-09 00:00:00+00:00,0.0,0.0,0.0
2024-12-10 00:00:00+00:00,0.0,0.004640741618438462,0.002320370809219231
2024-12-11 00:00:00+00:00,0.0,0.0,0.0
2024-12-12 00:00:00+00:00,0.0,0.002352896010571392,0.001176448005285696
2024-12-13 00:00:00+00:00,0.0,0.0,0.0
2024-12-15 00:00:00+00:00,0.0,0.0,0.0
2024-12-16 00:00:00+00:00,0.0,0.0007522020751120437,0.0003761010375560219
2024-12-17 00:00:00+00:00,0.009081039243182076,0.0023393647552069716,0.005710201999194524
2024-12-18 00:00:00+00:00,0.009042869873532958,0.0,0.004521434936766479
2024-12-19 00:00:00+00:00,-0.011077150104647944,0.002442998514011063,-0.0043170757953184405
2024-12-20 00:00:00+00:00,0.0,0.0,0.0
2024-12-22 00:00:00+00:00,0.0,0.0,0.0
2024-12-23 00:00:00+00:00,0.0032145034477864595,-0.0057821162870075335,-0.001283806419610537
2024-12-24 00:00:00+00:00,0.0,0.0,0.0
2024-12-25 00:00:00+00:00,0.0,0.0,0.0
2024-12-26 00:00:00+00:00,0.0,0.0,0.0
2024-12-27 00:00:00+00:00,0.0,0.0,0.0
2024-12-29 00:00:00+00:00,0.0,0.0,0.0
2024-12-30 00:00:00+00:00,0.009057403946161521,0.0,0.0045287019730807605
2024-12-31 00:00:00+00:00,0.009225348077694385,0.0,0.004612674038847193
2025-01-01 00:00:00+00:00,0.0,0.0,0.0
2025-01-02 00:00:00+00:00,0.0,0.0024504883848137705,0.0012252441924068852
2025-01-03 00:00:00+00:00,0.0,0.0,0.0
2025-01-05 00:00:00+00:00,0.0,0.0,0.0
2025-01-06 00:00:00+00:00,0.0,0.0,0.0
2025-01-07 00:00:00+00:00,0.0,0.0,0.0
2025-01-08 00:00:00+00:00,0.0,0.0,0.0
2025-01-09 00:00:00+00:00,0.0,0.0,0.0
2025-01-10 00:00:00+00:00,0.0,-0.006245227595297297,-0.0031226137976486483
2025-01-12 00:00:00+00:00,0.0,0.0,0.0
2025-01-13 00:00:00+00:00,0.0,0.002450095094408662,0.001225047547204331
2025-01-14 00:00:00+00:00,0.0,0.0,0.0
2025-01-15 00:00:00+00:00,0.0,0.002428125632413955,0.0012140628162069776
2025-01-16 00:00:00+00:00,0.0,0.0,0.0
2025-01-17 00:00:00+00:00,0.0,0.0,0.0
2025-01-19 00:00:00+00:00,0.0,0.0,0.0
2025-01-20 00:00:00+00:00,0.0,0.0,0.0
2025-01-21 00:00:00+00:00,0.0,0.001922232491392733,0.0009611162456963665
2025-01-22 00:00:00+00:00,0.0,0.002424171221481797,0.0012120856107408985
2025-01-23 00:00:00+00:00,0.009082808723580912,0.004816246881235239,0.006949527802408075
2025-01-24 00:00:00+00:00,0.0,0.0,0.0
2025-01-26 00:00:00+00:00,0.0,0.0,0.0
2025-01-27 00:00:00+00:00,0.0,0.0023775026073993956,0.0011887513036996978
2025-01-28 00:00:00+00:00,0.0,0.0024172585043202195,0.0012086292521601098
2025-01-29 00:00:00+00:00,0.009042495951915915,0.0,0.004521247975957958
2025-01-30 00:00:00+00:00,0.0,0.0,0.0
2025-01-31 00:00:00+00:00,0.0,0.0,0.0
2025-02-02 00:00:00+00:00,0.0,0.0,0.0
2025-02-03 00:00:00+00:00,0.0,0.0,0.0
2025-02-04 00:00:00+00:00,0.0,0.0,0.0
2025-02-05 00:00:00+00:00,0.009150618934235638,-0.010091102690947863,-0.0004702418783561124
2025-02-06 00:00:00+00:00,0.0,0.0,0.0
2025-02-07 00:00:00+00:00,0.0,0.0,0.0
2025-02-09 00:00:00+00:00,0.0,0.0,0.0
2025-02-10 00:00:00+00:00,0.0,0.0,0.0
2025-02-11 00:00:00+00:00,0.0,0.0,0.0
2025-02-12 00:00:00+00:00,0.0,0.0,0.0
2025-02-13 00:00:00+00:00,0.009003237421785173,0.0,0.004501618710892587
2025-02-14 00:00:00+00:00,0.0,0.0,0.0
2025-02-16 00:00:00+00:00,0.0,0.0,0.0
2025-02-17 00:00:00+00:00,0.0,-0.0017622777457794796,-0.0008811388728897398
2025-02-18 00:00:00+00:00,0.0,0.0,0.0
2025-02-19 00:00:00+00:00,0.009208514338769189,0.0,0.0046042571693845945
2025-02-20 00:00:00+00:00,-0.0037278277580315325,0.0,-0.0018639138790157662
2025-02-21 00:00:00+00:00,0.0,0.004876346555544465,0.0024381732777722324
2025-02-23 00:00:00+00:00,0.0,0.0,0.0
2025-02-24 00:00:00+00:00,0.0,0.0,0.0
2025-02-25 00:00:00+00:00,0.0,0.0,0.0
2025-02-26 00:00:00+00:00,0.0,0.0,0.0
2025-02-27 00:00:00+00:00,0.0,0.0,0.0
2025-02-28 00:00:00+00:00,0.0,0.0,0.0
2025-03-02 00:00:00+00:00,0.0,0.0,0.0
2025-03-03 00:00:00+00:00,0.0,-0.007510836737890311,-0.0037554183689451556
2025-03-04 00:00:00+00:00,0.0,-0.010059239326100712,-0.005029619663050356
2025-03-05 00:00:00+00:00,0.009236251324048126,0.0,0.004618125662024063
2025-03-06 00:00:00+00:00,0.0,0.0,0.0
2025-03-07 00:00:00+00:00,0.0,0.0,0.0
2025-03-09 00:00:00+00:00,0.0,0.0,0.0
2025-03-10 00:00:00+00:00,0.0,0.0,0.0
2025-03-11 00:00:00+00:00,0.0,0.0024516474106528858,0.0012258237053264429
2025-03-12 00:00:00+00:00,0.0,0.0024682255127562065,0.0012341127563781033
2025-03-13 00:00:00+00:00,0.0,0.0,0.0
2025-03-14 00:00:00+00:00,-0.002125188342302866,0.0,-0.001062594171151433
2025-03-16 00:00:00+00:00,0.0,0.0,0.0
2025-03-17 00:00:00+00:00,0.0,-0.0028414827815103115,-0.0014207413907551558
2025-03-18 00:00:00+00:00,0.0,0.0,0.0
2025-03-19 00:00:00+00:00,0.0,0.0,0.0
2025-03-20 00:00:00+00:00,0.0,0.0,0.0
2025-03-21 00:00:00+00:00,0.0,0.0,0.0
2025-03-23 00:00:00+00:00,0.0,0.0,0.0
2025-03-24 00:00:00+00:00,0.0,0.0024278375568229584,0.0012139187784114792
2025-03-25 00:00:00+00:00,0.0,0.0,0.0
2025-03-26 00:00:00+00:00,-0.0030000895252177556,0.0,-0.0015000447626088778
2025-03-27 00:00:00+00:00,0.0,0.0,0.0
2025-03-28 00:00:00+00:00,0.0,0.0,0.0
2025-03-30 00:00:00+00:00,0.0,0.0,0.0
2025-03-31 00:00:00+00:00,0.009217813715604449,0.00246038422866032,0.005839098972132384
2025-04-01 00:00:00+00:00,0.0,0.0,0.0
2025-04-02 00:00:00+00:00,0.0,0.0,0.0
2025-04-03 00:00:00+00:00,0.0,0.002464407221129985,0.0012322036105649925
2025-04-04 00:00:00+00:00,0.008915033566149038,0.002480023154877118,0.005697528360513078
2025-04-06 00:00:00+00:00,0.0,0.0,0.0
2025-04-07 00:00:00+00:00,0.0,0.0024830136708771005,0.0012415068354385502
2025-04-08 00:00:00+00:00,0.0,0.0,0.0
2025-04-09 00:00:00+00:00,0.0,0.0,0.0
2025-04-10 00:00:00+00:00,0.0,0.0,0.0
2025-04-11 00:00:00+00:00,0.0,0.0,0.0
2025-04-13 00:00:00+00:00,0.0,0.0,0.0
2025-04-14 00:00:00+00:00,0.0,0.0,0.0
2025-04-15 00:00:00+00:00,0.0,0.0,0.0
2025-04-16 00:00:00+00:00,0.0,0.0,0.0
2025-04-17 00:00:00+00:00,0.008780211651394185,0.0,0.004390105825697092
2025-04-20 00:00:00+00:00,0.0,0.0,0.0
2025-04-21 00:00:00+00:00,-0.011062167434354961,0.002451230454596443,-0.004305468489879259
2025-04-22 00:00:00+00:00,0.0,0.0,0.0
2025-04-23 00:00:00+00:00,0.008532653054985798,0.0,0.004266326527492899
2025-04-24 00:00:00+00:00,-0.011231646058732643,0.0,-0.005615823029366322
2025-04-25 00:00:00+00:00,0.0,0.0,0.0
2025-04-27 00:00:00+00:00,0.0,0.0,0.0
2025-04-28 00:00:00+00:00,0.008897422422005499,0.0,0.004448711211002749
2025-04-29 00:00:00+00:00,0.0,0.0,0.0
2025-04-30 00:00:00+00:00,-0.011755376217981435,0.0,-0.005877688108990717
2025-05-01 00:00:00+00:00,0.0,0.002429315196317112,0.001214657598158556
2025-05-02 00:00:00+00:00,0.0,0.0,0.0
2025-05-04 00:00:00+00:00,0.0,0.0,0.0
2025-05-05 00:00:00+00:00,0.0,-0.0005582849768045929,-0.00027914248840229643
2025-05-06 00:00:00+00:00,0.0,0.0,0.0
2025-05-07 00:00:00+00:00,0.0,0.0,0.0
2025-05-08 00:00:00+00:00,0.008474178753535204,0.0,0.004237089376767602
2025-05-09 00:00:00+00:00,-0.010936782213147969,0.0,-0.005468391106573984
2025-05-11 00:00:00+00:00,0.0,0.0,0.0
2025-05-12 00:00:00+00:00,0.0,0.002394839357102315,0.0011974196785511575
2025-05-13 00:00:00+00:00,0.0,0.0,0.0
2025-05-14 00:00:00+00:00,0.0,0.0,0.0
2025-05-15 00:00:00+00:00,0.00863622998917741,0.0,0.004318114994588705
2025-05-16 00:00:00+00:00,0.0,0.001421555907846649,0.0007107779539233244
2025-05-18 00:00:00+00:00,0.0,0.0,0.0
2025-05-19 00:00:00+00:00,-0.011091538868241642,0.0,-0.005545769434120821
2025-05-20 00:00:00+00:00,0.00896991129280729,0.0024428047763431567,0.005706358034575223
2025-05-21 00:00:00+00:00,0.0,0.0,0.0
2025-05-22 00:00:00+00:00,-0.01101007688601813,0.0,-0.005505038443009065
2025-05-23 00:00:00+00:00,0.0,0.002436193366946371,0.0012180966834731855
2025-05-25 00:00:00+00:00,0.0,0.0,0.0
2025-05-26 00:00:00+00:00,0.0,-0.0059422738472518725,-0.0029711369236259362
2025-05-27 00:00:00+00:00,0.0,0.0,0.0
2025-05-28 00:00:00+00:00,0.0,0.0024310244060295454,0.0012155122030147727
2025-05-29 00:00:00+00:00,0.0,0.0,0.0
2025-05-30 00:00:00+00:00,-0.011095480532169067,0.0,-0.0055477402660845335
2025-06-01 00:00:00+00:00,0.0,0.0,0.0
2025-06-02 00:00:00+00:00,0.0,0.0,0.0
2025-06-03 00:00:00+00:00,-0.011149361640354565,0.0,-0.005574680820177282
2025-06-04 00:00:00+00:00,0.0,0.0,0.0
2025-06-05 00:00:00+00:00,0.009126750996808711,0.0,0.004563375498404356
2025-06-06 00:00:00+00:00,0.00888707839680054,0.0024097039265217344,0.005648391161661137
2025-06-08 00:00:00+00:00,0.0,0.0,0.0
2025-06-09 00:00:00+00:00,0.0,0.0024268010852501742,0.0012134005426250871
2025-06-10 00:00:00+00:00,0.008954106016433363,0.0,0.004477053008216682
2025-06-11 00:00:00+00:00,0.0,0.0,0.0
2025-06-12 00:00:00+00:00,0.0,0.0,0.0
2025-06-13 00:00:00+00:00,0.0,-0.007648197036532336,-0.003824098518266168
2025-06-15 00:00:00+00:00,0.0,0.0,0.0
2025-06-16 00:00:00+00:00,0.0,0.0,0.0
2025-06-17 00:00:00+00:00,0.009035528725336707,0.0,0.004517764362668353
2025-06-18 00:00:00+00:00,0.0,0.0,0.0
2025-06-19 00:00:00+00:00,0.0,0.0,0.0
2025-06-20 00:00:00+00:00,0.0,0.0,0.0
2025-06-22 00:00:00+00:00,0.0,0.0,0.0
2025-06-23 00:00:00+00:00,0.0,0.0,0.0
2025-06-24 00:00:00+00:00,0.0,0.002418276979548012,0.001209138489774006
2025-06-25 00:00:00+00:00,0.008963111016598838,0.0,0.004481555508299419
2025-06-26 00:00:00+00:00,0.002106455300159827,0.002416414211675036,0.0022614347559174316
2025-06-27 00:00:00+00:00,0.0,0.002360017635885089,0.0011800088179425444
2025-06-29 00:00:00+00:00,0.0,0.0,0.0
2025-06-30 00:00:00+00:00,0.0,0.0024374037668442807,0.0012187018834221403
2025-07-01 00:00:00+00:00,0.0,0.0,0.0
2025-07-02 00:00:00+00:00,0.0,0.0,0.0
2025-07-03 00:00:00+00:00,0.0,0.00245305166691691,0.001226525833458455
2025-07-04 00:00:00+00:00,0.0,0.0,0.0
2025-07-06 00:00:00+00:00,0.0,0.0,0.0
2025-07-07 00:00:00+00:00,0.0,-0.0019744557620518847,-0.0009872278810259423
2025-07-08 00:00:00+00:00,0.0,0.0,0.0
2025-07-09 00:00:00+00:00,0.0,0.0,0.0
2025-07-10 00:00:00+00:00,0.0,0.0,0.0
2025-07-11 00:00:00+00:00,0.0,0.0,0.0
2025-07-13 00:00:00+00:00,0.0,0.0,0.0
2025-07-14 00:00:00+00:00,0.008998461923668481,0.0,0.004499230961834241
2025-07-15 00:00:00+00:00,0.0,0.0,0.0
2025-07-16 00:00:00+00:00,0.0,0.002386253952043956,0.001193126976021978
2025-07-17 00:00:00+00:00,0.009036685717210082,0.0,0.004518342858605041
2025-07-18 00:00:00+00:00,0.0,0.0,0.0
2025-07-20 00:00:00+00:00,0.0,0.0,0.0
2025-07-21 00:00:00+00:00,0.0,0.0,0.0
2025-07-22 00:00:00+00:00,0.0,0.0,0.0
2025-07-23 00:00:00+00:00,0.0,0.002405252266004929,0.0012026261330024646
2025-07-24 00:00:00+00:00,-0.0030294430670206804,0.0,-0.0015147215335103402
2025-07-25 00:00:00+00:00,0.009093259787958156,0.0,0.004546629893979078
2025-07-27 00:00:00+00:00,0.0,0.0,0.0
2025-07-28 00:00:00+00:00,0.0,0.0,0.0
2025-07-29 00:00:00+00:00,0.0,0.0,0.0
2025-07-30 00:00:00+00:00,0.0,0.0024067443864723547,0.0012033721932361774
2025-07-31 00:00:00+00:00,0.0,0.002386616667772123,0.0011933083338860615
2025-08-01 00:00:00+00:00,0.0,0.00485283364299968,0.00242641682149984
2025-08-03 00:00:00+00:00,0.0,0.0,0.0
2025-08-04 00:00:00+00:00,0.0,0.0,0.0
2025-08-05 00:00:00+00:00,0.0,0.0,0.0
2025-08-06 00:00:00+00:00,0.0,0.0,0.0
2025-08-07 00:00:00+00:00,0.0,0.0,0.0
2025-08-08 00:00:00+00:00,0.0,0.0,0.0
2025-08-10 00:00:00+00:00,0.0,0.0,0.0
2025-08-11 00:00:00+00:00,0.0,0.0,0.0
2025-08-12 00:00:00+00:00,0.008898258020187618,0.0,0.004449129010093809
2025-08-13 00:00:00+00:00,0.0,0.0023893927395825586,0.0011946963697912793
2025-08-14 00:00:00+00:00,0.0,0.0,0.0
2025-08-15 00:00:00+00:00,0.0,0.0023763487203565113,0.0011881743601782557
2025-08-17 00:00:00+00:00,0.0,0.0,0.0
2025-08-18 00:00:00+00:00,0.0015468854690191681,0.0,0.0007734427345095841
2025-08-19 00:00:00+00:00,0.00933125325481261,0.0,0.004665626627406305
2025-08-20 00:00:00+00:00,0.0,0.0,0.0
2025-08-21 00:00:00+00:00,0.0,0.0,0.0
2025-08-22 00:00:00+00:00,0.0,0.0,0.0
2025-08-24 00:00:00+00:00,0.0,0.0,0.0
2025-08-25 00:00:00+00:00,0.0,0.0,0.0
2025-08-26 00:00:00+00:00,0.0,-0.002246472338713819,-0.0011232361693569095
2025-08-27 00:00:00+00:00,0.0,0.0,0.0
2025-08-28 00:00:00+00:00,0.0,0.0,0.0
2025-08-29 00:00:00+00:00,0.00899694227767292,0.0,0.00449847113883646
2025-08-31 00:00:00+00:00,0.0,0.0,0.0
2025-09-01 00:00:00+00:00,0.0,0.0,0.0
2025-09-02 00:00:00+00:00,0.0,0.0024196620544862696,0.0012098310272431348
2025-09-03 00:00:00+00:00,0.009112716457874263,0.0,0.004556358228937131
2025-09-04 00:00:00+00:00,-0.011196707361302634,0.0,-0.005598353680651317
2025-09-05 00:00:00+00:00,0.0,0.0,0.0
2025-09-07 00:00:00+00:00,0.0,0.0,0.0
2025-09-08 00:00:00+00:00,0.0,0.0,0.0
2025-09-09 00:00:00+00:00,0.0,0.0,0.0
2025-09-10 00:00:00+00:00,0.0,0.0,0.0
2025-09-11 00:00:00+00:00,0.0,0.0,0.0
2025-09-12 00:00:00+00:00,0.0,0.0,0.0
2025-09-14 00:00:00+00:00,0.0,0.0,0.0
2025-09-15 00:00:00+00:00,0.0,-0.002312812828339028,-0.001156406414169514
2025-09-16 00:00:00+00:00,0.0,0.0,0.0
2025-09-17 00:00:00+00:00,0.008917075343098107,0.002393461628231259,0.005655268485664684
2025-09-18 00:00:00+00:00,0.0,0.0,0.0
2025-09-19 00:00:00+00:00,0.0,0.0,0.0
2025-09-21 00:00:00+00:00,0.0,0.0,0.0
2025-09-22 00:00:00+00:00,0.0,0.0,0.0
2025-09-23 00:00:00+00:00,0.0,0.0,0.0
2025-09-24 00:00:00+00:00,0.0,0.0,0.0
2025-09-25 00:00:00+00:00,0.0,0.0,0.0
2025-09-26 00:00:00+00:00,0.0,0.0,0.0
2025-09-28 00:00:00+00:00,0.0,0.0,0.0
2025-09-29 00:00:00+00:00,0.0,0.0,0.0
2025-09-30 00:00:00+00:00,0.0,0.0,0.0
2025-10-01 00:00:00+00:00,0.0,0.0,0.0
2025-10-02 00:00:00+00:00,0.0,0.0,0.0
2025-10-03 00:00:00+00:00,0.0,0.00241464908301085,0.001207324541505425
2025-10-05 00:00:00+00:00,0.0,0.0,0.0
2025-10-06 00:00:00+00:00,0.0,0.0,0.0
2025-10-07 00:00:00+00:00,0.0,-0.0037844040755873197,-0.0018922020377936599
2025-10-08 00:00:00+00:00,0.0,0.0,0.0
2025-10-09 00:00:00+00:00,0.0,0.0,0.0
2025-10-10 00:00:00+00:00,0.0,0.0048716462464843974,0.0024358231232421987
2025-10-12 00:00:00+00:00,0.0,0.0,0.0
2025-10-13 00:00:00+00:00,0.0,0.0,0.0
2025-10-14 00:00:00+00:00,0.0,0.0,0.0
2025-10-15 00:00:00+00:00,0.0,0.0,0.0
2025-10-16 00:00:00+00:00,0.009117113176111418,0.0,0.004558556588055709
2025-10-17 00:00:00+00:00,0.0,0.0,0.0
2025-10-19 00:00:00+00:00,0.0,0.0,0.0
2025-10-20 00:00:00+00:00,-0.010930336734218034,0.0,-0.005465168367109017
2025-10-21 00:00:00+00:00,0.0,0.00244704685294007,0.001223523426470035
2025-10-22 00:00:00+00:00,0.0,0.0,0.0
2025-10-23 00:00:00+00:00,0.0,0.0,0.0
2025-10-24 00:00:00+00:00,0.009155371581894403,0.002448912061993097,0.00580214182194375
2025-10-26 00:00:00+00:00,0.0,0.0,0.0
2025-10-27 00:00:00+00:00,0.0,0.0024409087368391182,0.0012204543684195591
2025-10-28 00:00:00+00:00,0.009157445944574164,0.002430332936757762,0.005793889440665963
2025-10-29 00:00:00+00:00,0.0,0.0,0.0
2025-10-30 00:00:00+00:00,0.0,0.0,0.0
2025-10-31 00:00:00+00:00,0.0,0.0,0.0
2025-11-02 00:00:00+00:00,0.0,0.0,0.0
2025-11-03 00:00:00+00:00,0.0,0.0,0.0
2025-11-04 00:00:00+00:00,0.0,0.0,0.0
2025-11-05 00:00:00+00:00,-0.011065075938302164,0.0,-0.005532537969151082
2025-11-06 00:00:00+00:00,0.0,0.0024335800752189043,0.0012167900376094522
2025-11-07 00:00:00+00:00,0.0,0.0,0.0
2025-11-09 00:00:00+00:00,0.0,0.0,0.0
2025-11-10 00:00:00+00:00,0.0,0.0,0.0
2025-11-11 00:00:00+00:00,0.0,-0.004804894090513695,-0.0024024470452568476
2025-11-12 00:00:00+00:00,0.0,0.002419099619730509,0.0012095498098652546
2025-11-13 00:00:00+00:00,0.0,0.0,0.0
2025-11-14 00:00:00+00:00,0.009304622059640895,-0.007606888974190452,0.0008488665427252213
2025-11-16 00:00:00+00:00,0.0,0.0,0.0
2025-11-17 00:00:00+00:00,0.0,0.0,0.0
2025-11-18 00:00:00+00:00,0.0,0.002458691522555998,0.001229345761277999
2025-11-19 00:00:00+00:00,0.0,0.0,0.0
2025-11-20 00:00:00+00:00,0.00920774874738157,0.0,0.004603874373690785
2025-11-21 00:00:00+00:00,0.0,0.0,0.0
2025-11-23 00:00:00+00:00,0.0,0.0,0.0
2025-11-24 00:00:00+00:00,0.0,0.0,0.0
2025-11-25 00:00:00+00:00,0.0,0.0,0.0
2025-11-26 00:00:00+00:00,-0.010714709987106217,0.0024548183708750556,-0.004129945808115581
2025-11-27 00:00:00+00:00,0.0,0.0,0.0
2025-11-28 00:00:00+00:00,-0.011001304079360515,0.0024466084957580013,-0.004277347791801256
2025-11-30 00:00:00+00:00,0.0,0.0,0.0
2025-12-01 00:00:00+00:00,0.0,0.0,0.0
2025-12-02 00:00:00+00:00,0.0,-0.007892885034556152,-0.003946442517278076
2025-12-03 00:00:00+00:00,0.0,0.0,0.0
2025-12-04 00:00:00+00:00,0.0,0.0,0.0
2025-12-05 00:00:00+00:00,0.0,0.0,0.0
2025-12-07 00:00:00+00:00,0.0,0.0,0.0
2025-12-08 00:00:00+00:00,0.009275439780048285,0.0,0.004637719890024142
2025-12-09 00:00:00+00:00,0.0,0.0,0.0
2025-12-10 00:00:00+00:00,-0.010687126166384722,-0.010093577196068864,-0.010390351681226793
2025-12-11 00:00:00+00:00,0.0,0.0,0.0
2025-12-12 00:00:00+00:00,0.0,0.0024581031110952,0.0012290515555476
2025-12-14 00:00:00+00:00,0.0,0.0,0.0
2025-12-15 00:00:00+00:00,0.0,0.0,0.0
2025-12-16 00:00:00+00:00,0.0,0.0,0.0
2025-12-17 00:00:00+00:00,0.0,0.0,0.0
2025-12-18 00:00:00+00:00,0.0,0.0,0.0
2025-12-19 00:00:00+00:00,0.0,0.0,0.0
2025-12-21 00:00:00+00:00,0.0,0.0,0.0
2025-12-22 00:00:00+00:00,0.0,0.0,0.0
2025-12-23 00:00:00+00:00,0.0,0.0,0.0
2025-12-24 00:00:00+00:00,0.0,0.00482229230257241,0.002411146151286205
2025-12-25 00:00:00+00:00,0.0,0.0,0.0
2025-12-26 00:00:00+00:00,0.0,0.0,0.0
2025-12-28 00:00:00+00:00,0.0,0.0,0.0
2025-12-29 00:00:00+00:00,0.0089928106928248,0.0,0.0044964053464124
2025-12-30 00:00:00+00:00,0.0,0.0,0.0
2025-12-31 00:00:00+00:00,0.0,0.0,0.0
