date,orb_gold_ret,nas100_macross_ret,combined_fixed_ret,combined_rp_ret
2017-01-10 00:00:00+00:00,0.008710757413144882,0.0,0.004355378706572441,0.005149268366495667
2017-01-11 00:00:00+00:00,0.0,0.0,0.0,0.0
2017-01-12 00:00:00+00:00,-0.011327888988480521,0.0,-0.0056639444942402604,-0.0066963568907951136
2017-01-13 00:00:00+00:00,0.0,0.0,0.0,0.0
2017-01-15 00:00:00+00:00,0.0,0.0,0.0,0.0
2017-01-16 00:00:00+00:00,0.0,0.0,0.0,0.0
2017-01-17 00:00:00+00:00,-0.005990556267703176,0.0,-0.002995278133851588,-0.003541251400302686
2017-01-18 00:00:00+00:00,0.00871528807194383,0.0,0.004357644035971915,0.005151946615576235
2017-01-20 00:00:00+00:00,0.008760359246560987,0.0,0.004380179623280494,0.005178589944358037
2017-01-22 00:00:00+00:00,0.0,0.0,0.0,0.0
2017-01-23 00:00:00+00:00,0.00871427211524079,0.0,0.004357136057620395,0.00515134604395375
2017-01-24 00:00:00+00:00,0.0,0.0,0.0,0.0
2017-01-25 00:00:00+00:00,0.008688132775650718,0.0,0.004344066387825359,0.005135894061067723
2017-01-26 00:00:00+00:00,0.0,0.0,0.0,0.0
2017-01-27 00:00:00+00:00,0.0,0.0,0.0,0.0
2017-01-29 00:00:00+00:00,0.0,0.0,0.0,0.0
2017-01-30 00:00:00+00:00,0.008653957953764979,0.0,0.004326978976882489,0.005115691991268223
2017-01-31 00:00:00+00:00,0.0,0.0,0.0,0.0
2017-02-01 00:00:00+00:00,-0.01130371700693848,0.0,-0.00565185850346924,-0.006682067889964702
2017-02-02 00:00:00+00:00,0.008852873204388125,0.0,0.004426436602194063,0.005233278552237269
2017-02-03 00:00:00+00:00,0.0,0.0,0.0,0.0
2017-02-05 00:00:00+00:00,0.0,0.0,0.0,0.0
2017-02-06 00:00:00+00:00,0.0,0.0,0.0,0.0
2017-02-07 00:00:00+00:00,0.008698367319281792,0.0,0.004349183659640896,0.005141944098884812
2017-02-08 00:00:00+00:00,-0.004383571368357804,0.0,-0.002191785684178902,-0.0025912999649489303
2017-02-09 00:00:00+00:00,0.008444866726533402,0.0,0.004222433363266701,0.004992090013732885
2017-02-10 00:00:00+00:00,0.008786029082414562,0.0,0.004393014541207281,0.005193764385278006
2017-02-12 00:00:00+00:00,0.0,0.0,0.0,0.0
2017-02-13 00:00:00+00:00,0.0,0.0,0.0,0.0
2017-02-14 00:00:00+00:00,0.008002396004816212,0.0,0.004001198002408106,0.004730528316813093
2017-02-15 00:00:00+00:00,0.008985250650838526,0.0,0.004492625325419263,0.0053115320226434
2017-02-16 00:00:00+00:00,-0.003355977986977166,0.0,-0.001677988993488583,-0.0019838494481455612
2017-02-17 00:00:00+00:00,0.008664684658750744,0.0,0.004332342329375372,0.005122032964852975
2017-02-19 00:00:00+00:00,0.0,0.0,0.0,0.0
2017-02-20 00:00:00+00:00,0.0,0.0,0.0,0.0
2017-02-21 00:00:00+00:00,0.008732785962768667,0.0,0.004366392981384333,0.005162290301140107
2017-02-22 00:00:00+00:00,0.0,0.0,0.0,0.0
2017-02-23 00:00:00+00:00,0.0,0.0,0.0,0.0
2017-02-24 00:00:00+00:00,0.0,0.0,0.0,0.0
2017-02-26 00:00:00+00:00,0.0,0.0,0.0,0.0
2017-02-27 00:00:00+00:00,0.0,0.0,0.0,0.0
2017-02-28 00:00:00+00:00,0.0,0.0,0.0,0.0
2017-03-01 00:00:00+00:00,0.008660598577207957,0.0,0.0043302992886039785,0.005119617522723977
2017-03-02 00:00:00+00:00,-0.011109811223207948,0.0,-0.005554905611603974,-0.00656744262021061
2017-03-03 00:00:00+00:00,0.008786572049730976,0.0,0.004393286024865488,0.005194085354430726
2017-03-05 00:00:00+00:00,0.0,0.0,0.0,0.0
2017-03-06 00:00:00+00:00,0.008823057506401865,0.0,0.004411528753200933,0.0052156533305505815
2017-03-07 00:00:00+00:00,-0.01128222102981862,0.0,-0.00564111051490931,-0.006669360779693994
2017-03-08 00:00:00+00:00,0.0,0.0,0.0,0.0
2017-03-09 00:00:00+00:00,0.00883202814414,0.0,0.00441601407207,0.005220956224310723
2017-03-10 00:00:00+00:00,0.0,0.0,0.0,0.0
2017-03-12 00:00:00+00:00,0.0,0.0,0.0,0.0
2017-03-13 00:00:00+00:00,-0.0027601006947133295,0.0,-0.0013800503473566648,-0.0016316031455752438
2017-03-14 00:00:00+00:00,0.008305493730534512,0.0,0.004152746865267256,0.004909701201210357
2017-03-15 00:00:00+00:00,-0.011823787000349684,0.0,-0.005911893500174842,-0.006989501542220331
2017-03-16 00:00:00+00:00,0.0,0.0,0.0,0.0
2017-03-17 00:00:00+00:00,0.0,0.0,0.0,0.0
2017-03-19 00:00:00+00:00,0.0,0.0,0.0,0.0
2017-03-20 00:00:00+00:00,0.0,0.0,0.0,0.0
2017-03-21 00:00:00+00:00,0.008157141600753292,0.0,0.004078570800376646,0.0048220044725846775
2017-03-22 00:00:00+00:00,0.0,0.0,0.0,0.0
2017-03-23 00:00:00+00:00,0.0,0.0,0.0,0.0
2017-03-26 00:00:00+00:00,0.0,0.0,0.0,0.0
2017-03-27 00:00:00+00:00,0.00840024807286341,0.0,0.004200124036431705,0.004965714187728156
2017-03-28 00:00:00+00:00,0.0,0.0,0.0,0.0
2017-03-29 00:00:00+00:00,-0.003935091747606515,0.0,-0.0019675458738032574,-0.002326186173504377
2017-03-30 00:00:00+00:00,0.0,0.0,0.0,0.0
2017-03-31 00:00:00+00:00,0.008235133911220055,0.0,0.004117566955610027,0.004868108768464893
2017-04-02 00:00:00+00:00,0.0,0.0,0.0,0.0
2017-04-03 00:00:00+00:00,0.0,0.0,0.0,0.0
2017-04-04 00:00:00+00:00,-0.004462167619218406,0.0,-0.002231083809609203,-0.0026377612735454625
2017-04-05 00:00:00+00:00,0.0,0.0,0.0,0.0
2017-04-06 00:00:00+00:00,0.0,0.0,0.0,0.0
2017-04-07 00:00:00+00:00,0.00876539692488869,0.0,0.004382698462444345,0.0051815679124523235
2017-04-09 00:00:00+00:00,0.0,0.0,0.0,0.0
2017-04-10 00:00:00+00:00,0.0,0.0,0.0,0.0
2017-04-12 00:00:00+00:00,-0.011219383654851724,0.0,-0.005609691827425862,-0.006632215157125929
2017-04-13 00:00:00+00:00,0.0,0.0,0.0,0.0
2017-04-17 00:00:00+00:00,-0.01151650772151309,0.0,-0.005758253860756545,-0.006807856778723051
2017-04-18 00:00:00+00:00,0.0,0.0,0.0,0.0
2017-04-19 00:00:00+00:00,0.0,0.0,0.0,0.0
2017-04-20 00:00:00+00:00,0.0,0.0,0.0,0.0
2017-04-21 00:00:00+00:00,-0.011524234629270474,0.0,-0.005762117314635237,-0.006812424455194661
2017-04-23 00:00:00+00:00,0.0,0.0,0.0,0.0
2017-04-24 00:00:00+00:00,0.008870873005451392,0.0,0.004435436502725696,0.005243918936514121
2017-04-25 00:00:00+00:00,-0.01136228504395494,0.0,-0.00568114252197747,-0.006716689740395469
2017-04-26 00:00:00+00:00,0.0,0.0,0.0,0.0
2017-04-27 00:00:00+00:00,0.0,0.0,0.0,0.0
2017-04-28 00:00:00+00:00,0.0024301135249629726,0.0,0.0012150567624814863,0.0014365348623073847
2017-04-30 00:00:00+00:00,0.0,0.0,0.0,0.0
2017-05-01 00:00:00+00:00,-0.011109764305506139,0.0,-0.0055548821527530694,-0.0065674148853276035
2017-05-02 00:00:00+00:00,0.0038146531119543263,0.0,0.0019073265559771632,0.002254990199692519
2017-05-03 00:00:00+00:00,0.008327697706579642,0.0,0.004163848853289821,0.004922826837252877
2017-05-04 00:00:00+00:00,0.0,0.0,0.0,0.0
2017-05-05 00:00:00+00:00,0.0,0.0,0.0,0.0
2017-05-07 00:00:00+00:00,0.0,0.0,0.0,0.0
2017-05-08 00:00:00+00:00,-0.011300460403622313,0.0,-0.005650230201811156,-0.0066801427847594
2017-05-09 00:00:00+00:00,0.008382729652184305,0.0,0.0041913648260921525,0.004955358366166904
2017-05-10 00:00:00+00:00,0.0,0.0,0.0,0.0
2017-05-11 00:00:00+00:00,0.0,0.0,0.0,0.0
2017-05-12 00:00:00+00:00,0.0,0.0,0.0,0.0
2017-05-14 00:00:00+00:00,0.0,0.0,0.0,0.0
2017-05-15 00:00:00+00:00,0.0,0.0,0.0,0.0
2017-05-16 00:00:00+00:00,0.0,0.0,0.0,0.0
2017-05-17 00:00:00+00:00,0.0,0.0,0.0,0.0
2017-05-18 00:00:00+00:00,0.008785628341713307,0.0,0.004392814170856654,0.005193527491823365
2017-05-19 00:00:00+00:00,-0.011476775546898403,0.0,-0.0057383877734492016,-0.006784369541026963
2017-05-21 00:00:00+00:00,0.0,0.0,0.0,0.0
2017-05-22 00:00:00+00:00,-5.556053836593369e-05,0.0,-2.7780269182966846e-05,-3.284400070669408e-05
2017-05-23 00:00:00+00:00,0.008559859982862635,0.0,0.004279929991431317,0.00506006701149463
2017-05-24 00:00:00+00:00,0.0,0.0,0.0,0.0
2017-05-25 00:00:00+00:00,0.0,0.0,0.0,0.0
2017-05-26 00:00:00+00:00,0.0,0.0,0.0,0.0
2017-05-28 00:00:00+00:00,0.0,0.0,0.0,0.0
2017-05-29 00:00:00+00:00,0.0,0.0,0.0,0.0
2017-05-30 00:00:00+00:00,0.0,0.0,0.0,0.0
2017-05-31 00:00:00+00:00,0.00838845820083212,0.0,0.00419422910041606,0.004958744734646597
2017-06-01 00:00:00+00:00,0.0,0.0,0.0,0.0
2017-06-02 00:00:00+00:00,0.004001515060713873,0.0,0.0020007575303569365,0.0023654515839341772
2017-06-04 00:00:00+00:00,0.0,0.0,0.0,0.0
2017-06-05 00:00:00+00:00,-0.0007470276154079665,0.0,-0.00037351380770398325,-0.00044159715240309536
2017-06-06 00:00:00+00:00,-0.003926713210359248,0.0,-0.001963356605179624,-0.0023212332934322323
2017-06-07 00:00:00+00:00,0.0,0.0,0.0,0.0
2017-06-08 00:00:00+00:00,-0.011447317145724181,0.0,-0.005723658572862091,-0.006766955531417988
2017-06-09 00:00:00+00:00,0.0,0.0,0.0,0.0
2017-06-11 00:00:00+00:00,0.0,0.0,0.0,0.0
2017-06-12 00:00:00+00:00,0.0,0.0,0.0,0.0
2017-06-13 00:00:00+00:00,0.00840346612572462,0.0,0.00420173306286231,0.00496761650425633
2017-06-14 00:00:00+00:00,0.0,0.0,0.0,0.0
2017-06-15 00:00:00+00:00,0.0,0.0,0.0,0.0
2017-06-16 00:00:00+00:00,0.0,0.0,0.0,0.0
2017-06-19 00:00:00+00:00,0.0,0.0,0.0,0.0
2017-06-20 00:00:00+00:00,0.0,0.0,0.0,0.0
2017-06-21 00:00:00+00:00,0.0,0.0,0.0,0.0
2017-06-23 00:00:00+00:00,0.0,0.0,0.0,0.0
2017-06-25 00:00:00+00:00,0.0,0.0,0.0,0.0
2017-06-27 00:00:00+00:00,0.0,0.0,0.0,0.0
2017-06-29 00:00:00+00:00,0.008265402996122096,0.0,0.004132701498061048,0.004886002004836468
2017-06-30 00:00:00+00:00,-0.00710764184113272,0.0,-0.00355382092056636,-0.004201604241405707
2017-07-02 00:00:00+00:00,0.0,0.0,0.0,0.0
2017-07-03 00:00:00+00:00,0.008759465198918103,0.0,0.004379732599459052,0.005178061437934624
2017-07-04 00:00:00+00:00,0.0,0.0,0.0,0.0
2017-07-05 00:00:00+00:00,0.008296653374284648,0.0,0.004148326687142324,0.004904475321918014
2017-07-07 00:00:00+00:00,0.0,0.0,0.0,0.0
2017-07-09 00:00:00+00:00,0.0,0.0,0.0,0.0
2017-07-10 00:00:00+00:00,0.008449714899595031,0.0,0.0042248574497975155,0.004994955957874995
2017-07-11 00:00:00+00:00,0.0,0.0,0.0,0.0
2017-07-13 00:00:00+00:00,-0.0003988220798078117,0.0,-0.00019941103990390584,-0.0002357592826905439
2017-07-14 00:00:00+00:00,0.0,0.0,0.0,0.0
2017-07-17 00:00:00+00:00,0.0,0.0,0.0,0.0
2017-07-19 00:00:00+00:00,4.025145891354248e-05,0.0,2.012572945677124e-05,2.379420689365454e-05
2017-07-20 00:00:00+00:00,0.0,0.0,0.0,0.0
2017-07-21 00:00:00+00:00,0.0,0.0,0.0,0.0
2017-07-23 00:00:00+00:00,0.0,0.0,0.0,0.0
2017-07-24 00:00:00+00:00,0.0,0.0,0.0,0.0
2017-07-25 00:00:00+00:00,0.0,0.0,0.0,0.0
2017-07-26 00:00:00+00:00,0.0,0.0,0.0,0.0
2017-07-27 00:00:00+00:00,0.0,0.0,0.0,0.0
2017-07-28 00:00:00+00:00,0.0,0.0,0.0,0.0
2017-07-30 00:00:00+00:00,0.0,0.0,0.0,0.0
2017-07-31 00:00:00+00:00,0.0025480217748640554,0.0,0.0012740108874320277,0.0015062350264341358
2017-08-01 00:00:00+00:00,0.0,0.0,0.0,0.0
2017-08-03 00:00:00+00:00,0.008393739053599898,0.0,0.004196869526799949,0.004961866452634542
2017-08-04 00:00:00+00:00,0.0,0.0,0.0,0.0
2017-08-06 00:00:00+00:00,0.0,0.0,0.0,0.0
2017-08-07 00:00:00+00:00,0.0,0.0,0.0,0.0
2017-08-08 00:00:00+00:00,0.002986103135408138,0.0,0.001493051567704069,0.001765202000809629
2017-08-11 00:00:00+00:00,0.0,0.0,0.0,0.0
2017-08-13 00:00:00+00:00,0.0,0.0,0.0,0.0
2017-08-14 00:00:00+00:00,0.0,0.0,0.0,0.0
2017-08-15 00:00:00+00:00,0.0,0.0,0.0,0.0
2017-08-16 00:00:00+00:00,0.008960534869187568,0.0,0.004480267434593784,0.005296921560364146
2017-08-17 00:00:00+00:00,-0.011448615907341473,0.0,-0.005724307953670737,-0.006767723280052733
2017-08-18 00:00:00+00:00,0.0,0.0,0.0,0.0
2017-08-20 00:00:00+00:00,0.0,0.0,0.0,0.0
2017-08-21 00:00:00+00:00,0.0,0.0,0.0,0.0
2017-08-22 00:00:00+00:00,0.0,0.0,0.0,0.0
2017-08-23 00:00:00+00:00,0.0,0.0,0.0,0.0
2017-08-24 00:00:00+00:00,0.0026749306801507502,0.0,0.0013374653400753751,0.0015812558289229335
2017-08-25 00:00:00+00:00,-0.011086362322726234,0.0,-0.005543181161363117,-0.006553581060790141
2017-08-27 00:00:00+00:00,0.0,0.0,0.0,0.0
2017-08-29 00:00:00+00:00,0.0,0.0,0.0,0.0
2017-08-30 00:00:00+00:00,0.0,0.0,0.0,0.0
2017-08-31 00:00:00+00:00,0.0,0.0,0.0,0.0
2017-09-01 00:00:00+00:00,0.0,0.0,0.0,0.0
2017-09-03 00:00:00+00:00,0.0,0.0,0.0,0.0
2017-09-04 00:00:00+00:00,0.0,0.0,0.0,0.0
2017-09-07 00:00:00+00:00,0.008514680920570387,0.0,0.004257340460285194,0.005033359906101206
2017-09-08 00:00:00+00:00,-0.003903437833629619,0.0,-0.0019517189168148095,-0.002307474310667853
2017-09-10 00:00:00+00:00,0.0,0.0,0.0,0.0
2017-09-11 00:00:00+00:00,0.0,0.0,0.0,0.0
2017-09-12 00:00:00+00:00,0.0,0.0,0.0,0.0
2017-09-13 00:00:00+00:00,0.0,0.0,0.0,0.0
2017-09-14 00:00:00+00:00,0.0,0.0,0.0,0.0
2017-09-15 00:00:00+00:00,0.008555787613159569,0.0,0.004277893806579784,0.005057659674968757
2017-09-17 00:00:00+00:00,0.0,0.0,0.0,0.0
2017-09-18 00:00:00+00:00,0.0,0.0,0.0,0.0
2017-09-19 00:00:00+00:00,0.0,0.0,0.0,0.0
2017-09-20 00:00:00+00:00,0.0,0.0,0.0,0.0
2017-09-21 00:00:00+00:00,0.0,0.0,0.0,0.0
2017-09-22 00:00:00+00:00,0.0,0.0,0.0,0.0
2017-09-24 00:00:00+00:00,0.0,0.0,0.0,0.0
2017-09-25 00:00:00+00:00,0.0,0.0,0.0,0.0
2017-09-26 00:00:00+00:00,0.0,0.0,0.0,0.0
2017-09-27 00:00:00+00:00,0.0,0.0,0.0,0.0
2017-09-28 00:00:00+00:00,0.0,0.0,0.0,0.0
2017-09-29 00:00:00+00:00,0.0036435628114728246,0.0,0.0018217814057364123,0.002153852051733745
2017-10-01 00:00:00+00:00,0.0,0.0,0.0,0.0
2017-10-02 00:00:00+00:00,0.008490512154946872,0.0,0.004245256077473436,0.005019072806325632
2017-10-03 00:00:00+00:00,-0.0031559177386783206,0.0,-0.0015779588693391603,-0.0018655860344033812
2017-10-04 00:00:00+00:00,-0.004045528674724313,0.0,-0.0020227643373621567,-0.0023914697474037632
2017-10-06 00:00:00+00:00,0.008922645300711502,0.0,0.004461322650355751,0.005274523559005555
2017-10-08 00:00:00+00:00,0.0,0.0,0.0,0.0
2017-10-09 00:00:00+00:00,-0.011405665221304389,0.0,-0.005702832610652194,-0.006742333454755073
2017-10-11 00:00:00+00:00,0.0,0.0,0.0,0.0
2017-10-12 00:00:00+00:00,-0.011301221560466757,0.0,-0.005650610780233378,-0.006680592734250029
2017-10-13 00:00:00+00:00,0.0,0.0,0.0,0.0
2017-10-15 00:00:00+00:00,0.0,0.0,0.0,0.0
2017-10-17 00:00:00+00:00,0.0,0.0,0.0,0.0
2017-10-18 00:00:00+00:00,0.0,0.0,0.0,0.0
2017-10-19 00:00:00+00:00,-0.0009624911755472306,0.0,-0.0004812455877736153,-0.0005689660643972924
2017-10-20 00:00:00+00:00,0.0,0.0,0.0,0.0
2017-10-22 00:00:00+00:00,0.0,0.0,0.0,0.0
2017-10-23 00:00:00+00:00,0.0,0.0,0.0,0.0
2017-10-24 00:00:00+00:00,-0.011543518494239822,0.0,-0.005771759247119911,-0.006823823899716051
2017-10-25 00:00:00+00:00,0.0,0.0,0.0,0.0
2017-10-26 00:00:00+00:00,0.0,0.0,0.0,0.0
2017-10-27 00:00:00+00:00,0.0,0.0,0.0,0.0
2017-10-29 00:00:00+00:00,0.0,0.0,0.0,0.0
2017-10-31 00:00:00+00:00,0.0,0.0,0.0,0.0
2017-11-01 00:00:00+00:00,0.0,0.0,0.0,0.0
2017-11-02 00:00:00+00:00,0.008479205243925645,0.0,0.004239602621962823,0.005012388850329277
2017-11-03 00:00:00+00:00,0.008430067497696772,0.0,0.004215033748848386,0.004983341612499487
2017-11-05 00:00:00+00:00,0.0,0.0,0.0,0.0
2017-11-06 00:00:00+00:00,0.0,0.0,0.0,0.0
2017-11-07 00:00:00+00:00,0.0,0.0,0.0,0.0
2017-11-08 00:00:00+00:00,0.0,0.0,0.0,0.0
2017-11-09 00:00:00+00:00,0.0,0.0,0.0,0.0
2017-11-10 00:00:00+00:00,0.0,0.0,0.0,0.0
2017-11-13 00:00:00+00:00,0.0,0.0,0.0,0.0
2017-11-14 00:00:00+00:00,0.008718840927851234,0.0,0.004359420463925617,0.005154046847240029
2017-11-16 00:00:00+00:00,0.0,0.0,0.0,0.0
2017-11-17 00:00:00+00:00,0.0,0.0,0.0,0.0
2017-11-19 00:00:00+00:00,0.0,0.0,0.0,0.0
2017-11-20 00:00:00+00:00,0.0,0.0,0.0,0.0
2017-11-21 00:00:00+00:00,-0.011028228374195646,0.0,-0.005514114187097823,-0.006519215816989836
2017-11-22 00:00:00+00:00,0.008857710011217297,0.0,0.004428855005608649,0.005236137777356169
2017-11-23 00:00:00+00:00,0.0,0.0,0.0,0.0
2017-11-24 00:00:00+00:00,0.0,0.0,0.0,0.0
2017-11-26 00:00:00+00:00,0.0,0.0,0.0,0.0
2017-11-27 00:00:00+00:00,0.0,0.0,0.0,0.0
2017-11-28 00:00:00+00:00,-0.011166374173143328,0.0,-0.005583187086571664,-0.006600879185483156
2017-11-29 00:00:00+00:00,0.0,0.0,0.0,0.0
2017-11-30 00:00:00+00:00,0.0,0.0,0.0,0.0
2017-12-01 00:00:00+00:00,-0.01109345892400345,0.0,-0.005546729462001725,-0.006557776138523711
2017-12-03 00:00:00+00:00,0.0,0.0,0.0,0.0
2017-12-04 00:00:00+00:00,-0.00797633154668944,0.0,-0.00398816577334472,-0.004715120599279885
2017-12-05 00:00:00+00:00,0.008828215990429924,0.0,0.004414107995214962,0.0052187027116049394
2017-12-06 00:00:00+00:00,0.0,0.0,0.0,0.0
2017-12-07 00:00:00+00:00,0.0,0.0,0.0,0.0
2017-12-08 00:00:00+00:00,0.003158451238307894,0.0,0.001579225619153947,0.0018670836848234704
2017-12-10 00:00:00+00:00,0.0,0.0,0.0,0.0
2017-12-12 00:00:00+00:00,0.0,0.0,0.0,0.0
2017-12-13 00:00:00+00:00,0.0,0.0,0.0,0.0
2017-12-14 00:00:00+00:00,0.0,0.0,0.0,0.0
2017-12-15 00:00:00+00:00,0.0,0.0,0.0,0.0
2017-12-17 00:00:00+00:00,0.0,0.0,0.0,0.0
2017-12-18 00:00:00+00:00,0.0,0.0,0.0,0.0
2017-12-19 00:00:00+00:00,-0.007586974081144826,0.0,-0.003793487040572413,-0.004484956219135131
2017-12-20 00:00:00+00:00,0.008857731394429972,0.0,0.004428865697214986,0.005236150417806979
2017-12-21 00:00:00+00:00,0.0,0.0,0.0,0.0
2017-12-22 00:00:00+00:00,0.0,0.0,0.0,0.0
2017-12-25 00:00:00+00:00,0.0,0.0,0.0,0.0
2017-12-26 00:00:00+00:00,0.0,0.0,0.0,0.0
2017-12-27 00:00:00+00:00,0.0,0.0,0.0,0.0
2017-12-28 00:00:00+00:00,0.0,0.0,0.0,0.0
2017-12-29 00:00:00+00:00,0.0,0.0,0.0,0.0
2018-01-01 00:00:00+00:00,0.0,0.0,0.0,0.0
2018-01-02 00:00:00+00:00,-0.011005859895908757,0.0,-0.005502929947954378,-0.006505992937257758
2018-01-03 00:00:00+00:00,0.008933605147557847,0.0,0.004466802573778923,0.005281002351835023
2018-01-04 00:00:00+00:00,0.009046009894609157,0.0,0.004523004947304578,0.00534744918082854
2018-01-05 00:00:00+00:00,0.0,0.0,0.0,0.0
2018-01-07 00:00:00+00:00,0.0,0.0,0.0,0.0
2018-01-08 00:00:00+00:00,0.0,0.0,0.0,0.0
2018-01-09 00:00:00+00:00,0.008975527767085021,0.0,0.0044877638835425105,0.005305784446931157
2018-01-10 00:00:00+00:00,-0.011176358231399973,0.0,-0.0055881791156999865,-0.006606781151628214
2018-01-11 00:00:00+00:00,0.0,0.0,0.0,0.0
2018-01-12 00:00:00+00:00,0.0,0.0,0.0,0.0
2018-01-14 00:00:00+00:00,0.0,0.0,0.0,0.0
2018-01-15 00:00:00+00:00,0.0,0.0,0.0,0.0
2018-01-16 00:00:00+00:00,0.0089960286940993,0.0,0.00449801434704965,0.00531790334428435
2018-01-17 00:00:00+00:00,0.0,0.0,0.0,0.0
2018-01-18 00:00:00+00:00,0.0,0.0,0.0,0.0
2018-01-19 00:00:00+00:00,-0.007238086815822254,0.0,-0.003619043407911127,-0.004278715352400892
2018-01-21 00:00:00+00:00,0.0,0.0,0.0,0.0
2018-01-22 00:00:00+00:00,0.0,0.0,0.0,0.0
2018-01-23 00:00:00+00:00,0.0,0.0,0.0,0.0
2018-01-24 00:00:00+00:00,0.0,0.0,0.0,0.0
2018-01-25 00:00:00+00:00,0.009136440550894957,0.0,0.004568220275447479,0.005400906267932267
2018-01-26 00:00:00+00:00,0.0,0.0,0.0,0.0
2018-01-28 00:00:00+00:00,0.0,0.0,0.0,0.0
2018-01-29 00:00:00+00:00,0.0,0.0,0.0,0.0
2018-01-30 00:00:00+00:00,0.009019136498302414,0.0,0.004509568249151207,0.00533156326839413
2018-01-31 00:00:00+00:00,-0.010960892350679565,0.0,-0.0054804461753397826,-0.006479410867848016
2018-02-01 00:00:00+00:00,0.0,0.0,0.0,0.0
2018-02-02 00:00:00+00:00,0.009035800415191557,0.0,0.004517900207595778,0.005341413959445368
2018-02-04 00:00:00+00:00,0.0,0.0,0.0,0.0
2018-02-05 00:00:00+00:00,0.0,0.0,0.0,0.0
2018-02-06 00:00:00+00:00,0.008977620411507806,-0.010428619865733615,-0.0007254997271129047,0.0010431654719475943
2018-02-07 00:00:00+00:00,0.0,0.0,0.0,0.0
2018-02-08 00:00:00+00:00,-0.011068334607877813,0.0,-0.005534167303938907,-0.006542924175586441
2018-02-09 00:00:00+00:00,0.0,0.0,0.0,0.0
2018-02-11 00:00:00+00:00,0.0,0.0,0.0,0.0
2018-02-12 00:00:00+00:00,0.0,0.0,0.0,0.0
2018-02-13 00:00:00+00:00,0.0,0.0,0.0,0.0
2018-02-14 00:00:00+00:00,0.0,0.0,0.0,0.0
2018-02-15 00:00:00+00:00,0.009074213062617043,0.0,0.0045371065313085214,0.005364121173167441
2018-02-16 00:00:00+00:00,0.0,0.0,0.0,0.0
2018-02-18 00:00:00+00:00,0.0,0.0,0.0,0.0
2018-02-19 00:00:00+00:00,0.0,0.0,0.0,0.0
2018-02-20 00:00:00+00:00,0.0,0.0,0.0,0.0
2018-02-22 00:00:00+00:00,0.0,0.0,0.0,0.0
2018-02-23 00:00:00+00:00,0.0,0.0,0.0,0.0
2018-02-25 00:00:00+00:00,0.0,0.0,0.0,0.0
2018-02-26 00:00:00+00:00,0.0,0.0,0.0,0.0
2018-02-27 00:00:00+00:00,0.0,0.0,0.0,0.0
2018-02-28 00:00:00+00:00,0.0,0.0,0.0,0.0
2018-03-01 00:00:00+00:00,0.0,-0.01030043933333107,-0.005150219666665535,-0.004211447997159737
2018-03-04 00:00:00+00:00,0.0,0.0,0.0,0.0
2018-03-05 00:00:00+00:00,0.0,0.0,0.0,0.0
2018-03-07 00:00:00+00:00,0.0,0.0,0.0,0.0
2018-03-09 00:00:00+00:00,0.0,0.0,0.0,0.0
2018-03-12 00:00:00+00:00,0.0,0.0,0.0,0.0
2018-03-13 00:00:00+00:00,0.0,0.0,0.0,0.0
2018-03-14 00:00:00+00:00,0.0,0.0,0.0,0.0
2018-03-15 00:00:00+00:00,0.0,0.0,0.0,0.0
2018-03-16 00:00:00+00:00,0.0,0.0,0.0,0.0
2018-03-18 00:00:00+00:00,0.0,0.0,0.0,0.0
2018-03-19 00:00:00+00:00,0.0,0.0,0.0,0.0
2018-03-20 00:00:00+00:00,0.0,0.0,0.0,0.0
2018-03-21 00:00:00+00:00,0.0,0.0,0.0,0.0
2018-03-23 00:00:00+00:00,0.0,0.0,0.0,0.0
2018-03-28 00:00:00+00:00,0.0,0.0,0.0,0.0
2018-04-01 00:00:00+00:00,0.0,0.0,0.0,0.0
2018-04-02 00:00:00+00:00,0.0,0.0,0.0,0.0
2018-04-03 00:00:00+00:00,0.0,0.0,0.0,0.0
2018-04-05 00:00:00+00:00,0.0,0.0,0.0,0.0
2018-04-06 00:00:00+00:00,0.0,0.0,0.0,0.0
2018-04-08 00:00:00+00:00,0.0,0.0,0.0,0.0
2018-04-10 00:00:00+00:00,0.0,0.0,0.0,0.0
2018-04-11 00:00:00+00:00,0.0,0.0,0.0,0.0
2018-04-12 00:00:00+00:00,0.0,0.0,0.0,0.0
2018-04-13 00:00:00+00:00,-0.0006725384831136821,0.0,-0.00033626924155684103,-0.0003975637217404695
2018-04-15 00:00:00+00:00,0.0,0.0,0.0,0.0
2018-04-16 00:00:00+00:00,-0.011455824725819049,0.0,-0.005727912362909524,-0.006771984693749133
2018-04-17 00:00:00+00:00,0.008410023994792343,0.0,0.0042050119973961715,0.0049714931163740185
2018-04-18 00:00:00+00:00,0.0,0.0,0.0,0.0
2018-04-19 00:00:00+00:00,0.0,0.0,0.0,0.0
2018-04-20 00:00:00+00:00,0.0,0.0,0.0,0.0
2018-04-22 00:00:00+00:00,0.0,0.0,0.0,0.0
2018-04-23 00:00:00+00:00,0.0,0.0,0.0,0.0
2018-04-25 00:00:00+00:00,0.0,0.0,0.0,0.0
2018-04-26 00:00:00+00:00,0.008399757997428717,0.0,0.004199878998714358,0.00496542448502914
2018-04-27 00:00:00+00:00,0.0,0.0,0.0,0.0
2018-04-29 00:00:00+00:00,0.0,0.0,0.0,0.0
2018-04-30 00:00:00+00:00,0.0,0.0,0.0,0.0
2018-05-01 00:00:00+00:00,0.0,0.0,0.0,0.0
2018-05-02 00:00:00+00:00,0.0,-0.010712222793679567,-0.0053561113968397835,-0.0043798101973754585
2018-05-03 00:00:00+00:00,0.0,0.0,0.0,0.0
2018-05-04 00:00:00+00:00,0.008416184217001042,0.0,0.004208092108500521,0.0049751346639278484
2018-05-06 00:00:00+00:00,0.0,0.0,0.0,0.0
2018-05-07 00:00:00+00:00,0.0,0.0,0.0,0.0
2018-05-10 00:00:00+00:00,0.0,0.0,0.0,0.0
2018-05-11 00:00:00+00:00,0.008445438560609168,0.0,0.004222719280304584,0.004992428047152664
2018-05-13 00:00:00+00:00,0.0,0.0,0.0,0.0
2018-05-14 00:00:00+00:00,0.008542793511795675,0.0,0.004271396755897838,0.0050499783549720414
2018-05-15 00:00:00+00:00,0.0,0.0,0.0,0.0
2018-05-16 00:00:00+00:00,0.0,0.0,0.0,0.0
2018-05-18 00:00:00+00:00,0.0,0.0,0.0,0.0
2018-05-20 00:00:00+00:00,0.0,0.0,0.0,0.0
2018-05-21 00:00:00+00:00,0.0,0.0,0.0,0.0
2018-05-22 00:00:00+00:00,9.129466668970909e-05,0.0,4.5647333344854546e-05,5.3967837343935665e-05
2018-05-23 00:00:00+00:00,0.0,0.0,0.0,0.0
2018-05-24 00:00:00+00:00,0.0,0.0,0.0,0.0
2018-05-28 00:00:00+00:00,0.0,0.0,0.0,0.0
2018-05-29 00:00:00+00:00,0.0,0.0,0.0,0.0
2018-05-30 00:00:00+00:00,0.0,0.0,0.0,0.0
2018-05-31 00:00:00+00:00,-0.01160504345777919,0.0,-0.005802521728889595,-0.0068601937047142935
2018-06-01 00:00:00+00:00,0.0,0.0,0.0,0.0
2018-06-03 00:00:00+00:00,0.0,0.0,0.0,0.0
2018-06-04 00:00:00+00:00,0.0,0.0,0.0,0.0
2018-06-05 00:00:00+00:00,-0.011109037259624732,0.0,-0.005554518629812366,-0.006566985100157319
2018-06-06 00:00:00+00:00,0.0,0.0,0.0,0.0
2018-06-07 00:00:00+00:00,0.0,0.0,0.0,0.0
2018-06-08 00:00:00+00:00,0.0,0.0,0.0,0.0
2018-06-10 00:00:00+00:00,0.0,0.0,0.0,0.0
2018-06-11 00:00:00+00:00,0.0,0.0,0.0,0.0
2018-06-12 00:00:00+00:00,0.0026360077893257923,0.0,0.0013180038946628962,0.0015582469904314527
2018-06-13 00:00:00+00:00,0.0,0.0,0.0,0.0
2018-06-14 00:00:00+00:00,0.0,0.0,0.0,0.0
2018-06-15 00:00:00+00:00,0.0,0.0,0.0,0.0
2018-06-17 00:00:00+00:00,0.0,0.0,0.0,0.0
2018-06-18 00:00:00+00:00,-0.011564201332381119,0.0,-0.005782100666190559,-0.006836050331829707
2018-06-19 00:00:00+00:00,-0.01155115372946103,0.0,-0.005775576864730515,-0.00682833738497693
2018-06-20 00:00:00+00:00,0.0,0.0,0.0,0.0
2018-06-21 00:00:00+00:00,0.008733803999332204,0.0,0.004366901999666102,0.005162892102249232
2018-06-22 00:00:00+00:00,0.0,0.0,0.0,0.0
2018-06-24 00:00:00+00:00,0.0,0.0,0.0,0.0
2018-06-25 00:00:00+00:00,0.0,0.0,0.0,0.0
2018-06-26 00:00:00+00:00,0.0,0.0,0.0,0.0
2018-06-27 00:00:00+00:00,0.0,0.0,0.0,0.0
2018-06-28 00:00:00+00:00,0.0,0.0,0.0,0.0
2018-06-29 00:00:00+00:00,0.0,0.0,0.0,0.0
2018-07-01 00:00:00+00:00,0.0,0.0,0.0,0.0
2018-07-02 00:00:00+00:00,0.0,0.0,0.0,0.0
2018-07-03 00:00:00+00:00,0.0,0.0,0.0,0.0
2018-07-04 00:00:00+00:00,0.0,0.0,0.0,0.0
2018-07-05 00:00:00+00:00,0.00852244827772875,0.0,0.004261224138864375,0.005037951493790983
2018-07-06 00:00:00+00:00,0.0,0.0,0.0,0.0
2018-07-08 00:00:00+00:00,0.0,0.0,0.0,0.0
2018-07-09 00:00:00+00:00,0.0,0.0,0.0,0.0
2018-07-10 00:00:00+00:00,0.0,0.0,0.0,0.0
2018-07-11 00:00:00+00:00,0.0,0.0,0.0,0.0
2018-07-12 00:00:00+00:00,0.0,0.0,0.0,0.0
2018-07-13 00:00:00+00:00,0.0,0.0,0.0,0.0
2018-07-15 00:00:00+00:00,0.0,0.0,0.0,0.0
2018-07-16 00:00:00+00:00,0.0,0.0,0.0,0.0
2018-07-17 00:00:00+00:00,-0.011622429767043425,0.0,-0.005811214883521713,-0.0068704714300667795
2018-07-18 00:00:00+00:00,0.0,0.0,0.0,0.0
2018-07-19 00:00:00+00:00,0.0,0.0,0.0,0.0
2018-07-20 00:00:00+00:00,0.0,0.0,0.0,0.0
2018-07-22 00:00:00+00:00,0.0,0.0,0.0,0.0
2018-07-23 00:00:00+00:00,0.0,0.0,0.0,0.0
2018-07-24 00:00:00+00:00,0.0,0.03972136054211225,0.019860680271056124,0.0162405154659981
2018-07-25 00:00:00+00:00,-0.005569971548949061,0.0,-0.0027849857744745303,-0.0032926273731378485
2018-07-26 00:00:00+00:00,0.008415034344999132,0.0,0.004207517172499566,0.004974454929750425
2018-07-29 00:00:00+00:00,0.0,0.0,0.0,0.0
2018-07-30 00:00:00+00:00,0.0,0.0,0.0,0.0
2018-07-31 00:00:00+00:00,0.008855315099047975,0.0,0.004427657549523988,0.005234722051387791
2018-08-01 00:00:00+00:00,-0.011188141559517842,0.0,-0.005594070779758921,-0.006613746736347383
2018-08-02 00:00:00+00:00,0.0,0.0,0.0,0.0
2018-08-03 00:00:00+00:00,0.008385846072670655,0.0,0.004192923036335327,0.004957200603835335
2018-08-05 00:00:00+00:00,0.0,0.0,0.0,0.0
2018-08-06 00:00:00+00:00,-0.009606933124621169,0.0,-0.0048034665623105845,-0.005679032774233954
2018-08-07 00:00:00+00:00,0.0,0.0,0.0,0.0
2018-08-08 00:00:00+00:00,-0.011686907489249054,0.0,-0.005843453744624527,-0.006908586725849914
2018-08-09 00:00:00+00:00,0.0,0.0,0.0,0.0
2018-08-10 00:00:00+00:00,-0.01159259574597606,0.0,-0.00579629787298803,-0.0068528353768923765
2018-08-12 00:00:00+00:00,0.0,0.0,0.0,0.0
2018-08-13 00:00:00+00:00,0.0,0.0,0.0,0.0
2018-08-14 00:00:00+00:00,0.0,0.0,0.0,0.0
2018-08-15 00:00:00+00:00,0.008776457828466862,0.0,0.004388228914233431,0.005188106443856493
2018-08-16 00:00:00+00:00,0.0,0.0,0.0,0.0
2018-08-17 00:00:00+00:00,0.0,0.0,0.0,0.0
2018-08-19 00:00:00+00:00,0.0,0.0,0.0,0.0
2018-08-20 00:00:00+00:00,0.0,0.0,0.0,0.0
2018-08-21 00:00:00+00:00,0.0,0.0,0.0,0.0
2018-08-22 00:00:00+00:00,0.0,0.0,0.0,0.0
2018-08-24 00:00:00+00:00,0.0,0.0,0.0,0.0
2018-08-26 00:00:00+00:00,0.0,0.0,0.0,0.0
2018-08-27 00:00:00+00:00,0.008400703293210228,0.0,0.004200351646605114,0.00496598328622562
2018-08-28 00:00:00+00:00,0.008326562153816853,0.0,0.004163281076908426,0.00492215556773605
2018-08-29 00:00:00+00:00,0.0,0.0,0.0,0.0
2018-08-30 00:00:00+00:00,0.0,0.0,0.0,0.0
2018-08-31 00:00:00+00:00,-0.011609061944313635,0.0,-0.005804530972156817,-0.00686256918879812
2018-09-02 00:00:00+00:00,0.0,0.0,0.0,0.0
2018-09-03 00:00:00+00:00,0.0,0.03936446029229244,0.01968223014614622,0.016094592870500093
2018-09-04 00:00:00+00:00,0.0,0.0,0.0,0.0
2018-09-05 00:00:00+00:00,0.0,0.0,0.0,0.0
2018-09-06 00:00:00+00:00,0.0,0.0,0.0,0.0
2018-09-07 00:00:00+00:00,0.0,0.0,0.0,0.0
2018-09-09 00:00:00+00:00,0.0,0.0,0.0,0.0
2018-09-10 00:00:00+00:00,0.0,0.0,0.0,0.0
2018-09-11 00:00:00+00:00,0.008373417474251724,0.0,0.004186708737125862,0.004949853574680109
2018-09-12 00:00:00+00:00,0.0,-0.010754999477506766,-0.005377499738753383,-0.00439729991539615
2018-09-13 00:00:00+00:00,0.008436751218706115,0.0,0.0042183756093530575,0.004987292620607227
2018-09-14 00:00:00+00:00,0.0,0.0,0.0,0.0
2018-09-16 00:00:00+00:00,0.0,0.0,0.0,0.0
2018-09-17 00:00:00+00:00,-0.006477346134951417,-0.01061122843317925,-0.008544287284065333,-0.00816752941373935
2018-09-18 00:00:00+00:00,0.0,0.0,0.0,0.0
2018-09-19 00:00:00+00:00,0.0,0.0,0.0,0.0
2018-09-20 00:00:00+00:00,-0.011583115641132884,0.0,-0.005791557820566442,-0.006847231317260735
2018-09-21 00:00:00+00:00,0.00832681257796101,-0.010442295132259034,-0.0010577412771490121,0.0006528563012709078
2018-09-23 00:00:00+00:00,0.0,0.0,0.0,0.0
2018-09-24 00:00:00+00:00,0.0,0.0,0.0,0.0
2018-09-25 00:00:00+00:00,0.0,0.0,0.0,0.0
2018-09-26 00:00:00+00:00,0.0,0.0,0.0,0.0
2018-09-27 00:00:00+00:00,-0.011666651906338572,0.0,-0.005833325953169286,-0.006896612860963206
2018-09-28 00:00:00+00:00,0.0,0.0,0.0,0.0
2018-09-30 00:00:00+00:00,0.0,0.0,0.0,0.0
2018-10-01 00:00:00+00:00,0.0,0.03897978603941975,0.019489893019709874,0.01593731456814872
2018-10-02 00:00:00+00:00,0.0,0.0,0.0,0.0
2018-10-03 00:00:00+00:00,0.0,0.0,0.0,0.0
2018-10-04 00:00:00+00:00,0.0,0.0,0.0,0.0
2018-10-05 00:00:00+00:00,0.0,0.0,0.0,0.0
2018-10-07 00:00:00+00:00,0.0,0.0,0.0,0.0
2018-10-08 00:00:00+00:00,-0.01169035876770487,0.0,-0.005845179383852435,-0.006910626911121252
2018-10-09 00:00:00+00:00,0.0,0.0,0.0,0.0
2018-10-10 00:00:00+00:00,0.0,0.0,0.0,0.0
2018-10-11 00:00:00+00:00,0.0,0.0,0.0,0.0
2018-10-12 00:00:00+00:00,0.0,0.0,0.0,0.0
2018-10-14 00:00:00+00:00,0.0,0.0,0.0,0.0
2018-10-15 00:00:00+00:00,0.0,0.0,0.0,0.0
2018-10-16 00:00:00+00:00,0.0,0.0,0.0,0.0
2018-10-17 00:00:00+00:00,0.0,0.0,0.0,0.0
2018-10-18 00:00:00+00:00,0.0,0.0,0.0,0.0
2018-10-19 00:00:00+00:00,0.0,-0.010576221228162971,-0.005288110614081486,-0.0043242044603607225
2018-10-21 00:00:00+00:00,0.0,0.0,0.0,0.0
2018-10-22 00:00:00+00:00,0.0,0.0,0.0,0.0
2018-10-23 00:00:00+00:00,0.0,0.0,0.0,0.0
2018-10-24 00:00:00+00:00,0.0,0.0,0.0,0.0
2018-10-25 00:00:00+00:00,-0.0010793167794750167,0.0,-0.0005396583897375084,-0.0006380262342734863
2018-10-26 00:00:00+00:00,0.0,0.0,0.0,0.0
2018-10-28 00:00:00+00:00,0.0,0.0,0.0,0.0
2018-10-29 00:00:00+00:00,-0.01143273108271101,0.0,-0.005716365541355505,-0.0067583331408148355
2018-10-30 00:00:00+00:00,-0.00012580363196670912,0.0,-6.290181598335456e-05,-7.43674323313019e-05
2018-10-31 00:00:00+00:00,0.004696174543622798,0.0,0.002348087271811399,0.002776091891220355
2018-11-01 00:00:00+00:00,0.008125360429510172,0.0,0.004062680214755086,0.004803217383015931
2018-11-02 00:00:00+00:00,0.0,0.0,0.0,0.0
2018-11-04 00:00:00+00:00,0.0,0.0,0.0,0.0
2018-11-05 00:00:00+00:00,0.0,0.0,0.0,0.0
2018-11-06 00:00:00+00:00,0.0,-0.01057834078530546,-0.00528917039265273,-0.0043250710646281455
2018-11-07 00:00:00+00:00,0.0,0.0,0.0,0.0
2018-11-08 00:00:00+00:00,0.0,0.0,0.0,0.0
2018-11-09 00:00:00+00:00,0.0,0.0,0.0,0.0
2018-11-11 00:00:00+00:00,0.0,0.0,0.0,0.0
2018-11-12 00:00:00+00:00,0.0,0.0,0.0,0.0
2018-11-13 00:00:00+00:00,0.0,-0.01026134356930892,-0.00513067178465446,-0.004195463263716793
2018-11-14 00:00:00+00:00,0.0,0.0,0.0,0.0
2018-11-15 00:00:00+00:00,0.0,0.0,0.0,0.0
2018-11-16 00:00:00+00:00,0.0,0.0,0.0,0.0
2018-11-18 00:00:00+00:00,0.0,0.0,0.0,0.0
2018-11-19 00:00:00+00:00,0.0,0.0,0.0,0.0
2018-11-20 00:00:00+00:00,0.0,0.0,0.0,0.0
2018-11-21 00:00:00+00:00,0.0,0.0,0.0,0.0
2018-11-22 00:00:00+00:00,0.0,0.0,0.0,0.0
2018-11-23 00:00:00+00:00,0.0,0.0,0.0,0.0
2018-11-25 00:00:00+00:00,0.0,0.0,0.0,0.0
2018-11-26 00:00:00+00:00,0.0,0.0,0.0,0.0
2018-11-27 00:00:00+00:00,0.0,0.0,0.0,0.0
2018-11-28 00:00:00+00:00,0.0,0.0,0.0,0.0
2018-11-29 00:00:00+00:00,0.0,0.0,0.0,0.0
2018-11-30 00:00:00+00:00,0.002798500966900144,0.0,0.001399250483450072,0.0016543030438111882
2018-12-02 00:00:00+00:00,0.0,0.0,0.0,0.0
2018-12-03 00:00:00+00:00,0.0,0.0,0.0,0.0
2018-12-04 00:00:00+00:00,0.0,0.0,0.0,0.0
2018-12-05 00:00:00+00:00,-0.0030192682519575467,0.0,-0.0015096341259787734,-0.0017848071944132648
2018-12-06 00:00:00+00:00,0.0,0.03934828003710997,0.019674140018554984,0.01608797739507457
2018-12-07 00:00:00+00:00,0.0,0.0,0.0,0.0
2018-12-09 00:00:00+00:00,0.0,0.0,0.0,0.0
2018-12-10 00:00:00+00:00,0.0,0.0,0.0,0.0
2018-12-11 00:00:00+00:00,0.008659394067015052,0.0,0.004329697033507526,0.005118905489781344
2018-12-12 00:00:00+00:00,0.0,0.0,0.0,0.0
2018-12-13 00:00:00+00:00,0.0,0.0,0.0,0.0
2018-12-14 00:00:00+00:00,0.0,0.0,0.0,0.0
2018-12-16 00:00:00+00:00,0.0,0.0,0.0,0.0
2018-12-17 00:00:00+00:00,0.0,0.0,0.0,0.0
2018-12-18 00:00:00+00:00,0.00307687006994672,0.0,0.00153843503497336,0.0018188578751011117
2018-12-19 00:00:00+00:00,-0.011272764081643034,0.0,-0.005636382040821517,-0.006663770408871516
2018-12-20 00:00:00+00:00,-0.01122749152828647,0.0,-0.005613745764143235,-0.0066370080372644665
2018-12-21 00:00:00+00:00,0.0,0.0,0.0,0.0
2018-12-23 00:00:00+00:00,0.0,0.0,0.0,0.0
2018-12-24 00:00:00+00:00,0.0,0.0,0.0,0.0
2018-12-25 00:00:00+00:00,0.0,0.0,0.0,0.0
2018-12-26 00:00:00+00:00,-0.011463862080369007,0.0,-0.005731931040184503,-0.006776735887425122
2018-12-27 00:00:00+00:00,-0.011362220356405769,0.0,-0.005681110178202884,-0.006716651501062785
2018-12-28 00:00:00+00:00,0.0,0.0,0.0,0.0
2018-12-30 00:00:00+00:00,0.0,0.0,0.0,0.0
2018-12-31 00:00:00+00:00,0.0036640362967629626,0.0,0.0018320181483814813,0.002165954727213759
2019-01-01 00:00:00+00:00,0.0,0.0,0.0,0.0
2019-01-02 00:00:00+00:00,0.0,0.0,0.0,0.0
2019-01-03 00:00:00+00:00,0.008560432924977646,0.0,0.004280216462488823,0.0050604056999196114
2019-01-04 00:00:00+00:00,0.0,0.0,0.0,0.0
2019-01-06 00:00:00+00:00,0.0,0.0,0.0,0.0
2019-01-07 00:00:00+00:00,0.0,0.0,0.0,0.0
2019-01-08 00:00:00+00:00,0.0,0.0,0.0,0.0
2019-01-10 00:00:00+00:00,0.0,0.0,0.0,0.0
2019-01-11 00:00:00+00:00,0.0,0.0,0.0,0.0
2019-01-13 00:00:00+00:00,0.0,0.0,0.0,0.0
2019-01-15 00:00:00+00:00,0.0,0.0,0.0,0.0
2019-01-16 00:00:00+00:00,0.0,0.0,0.0,0.0
2019-01-17 00:00:00+00:00,0.0,0.0,0.0,0.0
2019-01-18 00:00:00+00:00,-0.009812729121458764,0.0,-0.004906364560729382,-0.005800686812592105
2019-01-20 00:00:00+00:00,0.0,0.0,0.0,0.0
2019-01-21 00:00:00+00:00,0.0,0.0,0.0,0.0
2019-01-22 00:00:00+00:00,0.0,0.0,0.0,0.0
2019-01-23 00:00:00+00:00,0.0,0.0,0.0,0.0
2019-01-24 00:00:00+00:00,0.0,0.0,0.0,0.0
2019-01-25 00:00:00+00:00,0.0,0.0,0.0,0.0
2019-01-27 00:00:00+00:00,0.0,0.0,0.0,0.0
2019-01-28 00:00:00+00:00,0.0,0.0,0.0,0.0
2019-01-29 00:00:00+00:00,0.0,0.0,0.0,0.0
2019-01-30 00:00:00+00:00,0.0,-0.010276679537926402,-0.005138339768963201,-0.004201733543287257
2019-01-31 00:00:00+00:00,0.008769333111591586,0.0,0.004384666555795793,0.005183894745896595
2019-02-01 00:00:00+00:00,0.008737466918113638,0.0,0.004368733459056819,0.00516505739636956
2019-02-03 00:00:00+00:00,0.0,0.0,0.0,0.0
2019-02-05 00:00:00+00:00,0.0,0.0,0.0,0.0
2019-02-06 00:00:00+00:00,0.0,0.0,0.0,0.0
2019-02-07 00:00:00+00:00,0.0,0.0,0.0,0.0
2019-02-08 00:00:00+00:00,-0.004526001322681216,0.0,-0.002263000661340608,-0.0026754958647374175
2019-02-13 00:00:00+00:00,0.008618009332242091,0.0,0.0043090046661210454,0.005094441359337228
2019-02-14 00:00:00+00:00,-0.011242998114506273,0.0395958247487634,0.014176413317128564,0.009543014190100549
2019-02-15 00:00:00+00:00,0.0,0.0,0.0,0.0
2019-02-18 00:00:00+00:00,0.0,0.0,0.0,0.0
2019-02-19 00:00:00+00:00,0.0,0.0,0.0,0.0
2019-02-20 00:00:00+00:00,-0.011142300441377184,0.0,-0.005571150220688592,-0.006586648263926341
2019-02-21 00:00:00+00:00,0.008677306831372064,0.0,0.004338653415686032,0.005129494423267295
2019-02-22 00:00:00+00:00,0.00874570763933985,0.0,0.004372853819669925,0.005169928808017784
2019-02-24 00:00:00+00:00,0.0,0.0,0.0,0.0
2019-02-25 00:00:00+00:00,0.0,0.0,0.0,0.0
2019-02-26 00:00:00+00:00,-0.011077907907564133,0.0,-0.0055389539537820665,-0.0065485833263238214
2019-02-27 00:00:00+00:00,0.0,0.0,0.0,0.0
2019-02-28 00:00:00+00:00,0.0,0.0,0.0,0.0
2019-03-01 00:00:00+00:00,-0.01115200992500862,0.0,-0.00557600496250431,-0.006592387918303917
2019-03-03 00:00:00+00:00,0.0,0.0,0.0,0.0
2019-03-04 00:00:00+00:00,0.0,0.0,0.0,0.0
2019-03-05 00:00:00+00:00,-0.011351856466483954,0.0,-0.005675928233241977,-0.006710525001609625
2019-03-06 00:00:00+00:00,0.0,0.0,0.0,0.0
2019-03-07 00:00:00+00:00,0.0,0.0,0.0,0.0
2019-03-08 00:00:00+00:00,0.0,0.0,0.0,0.0
2019-03-10 00:00:00+00:00,0.0,0.0,0.0,0.0
2019-03-11 00:00:00+00:00,-0.002448894403023648,0.0,-0.001224447201511824,-0.0014476369716540315
2019-03-12 00:00:00+00:00,0.0,0.0,0.0,0.0
2019-03-13 00:00:00+00:00,0.0,0.0,0.0,0.0
2019-03-14 00:00:00+00:00,-0.00038593453855608443,0.0,-0.00019296726927804222,-0.00022814095453124
2019-03-15 00:00:00+00:00,-0.011584777552560916,0.0,-0.005792388776280458,-0.006848213737908952
2019-03-17 00:00:00+00:00,0.0,0.0,0.0,0.0
2019-03-18 00:00:00+00:00,0.0,0.0,0.0,0.0
2019-03-19 00:00:00+00:00,0.0,0.03917558185866042,0.01958779092933021,0.016017367843946882
2019-03-20 00:00:00+00:00,0.008447450446453713,0.0,0.0042237252232268565,0.004993617351325075
2019-03-21 00:00:00+00:00,0.008256929903517854,0.0,0.004128464951758927,0.004880993229405807
2019-03-22 00:00:00+00:00,0.0,0.0,0.0,0.0
2019-03-24 00:00:00+00:00,0.0,0.0,0.0,0.0
2019-03-25 00:00:00+00:00,0.0,0.0,0.0,0.0
2019-03-26 00:00:00+00:00,0.0,-0.010477078089407461,-0.005238539044703731,-0.004283668696823635
2019-03-27 00:00:00+00:00,-0.0022063427004856955,0.0,-0.0011031713502428478,-0.0013042552024368555
2019-03-28 00:00:00+00:00,0.0,0.0,0.0,0.0
2019-03-29 00:00:00+00:00,0.0,0.0,0.0,0.0
2019-03-31 00:00:00+00:00,0.0,0.0,0.0,0.0
2019-04-01 00:00:00+00:00,0.0,0.0,0.0,0.0
2019-04-02 00:00:00+00:00,0.0,0.0,0.0,0.0
2019-04-03 00:00:00+00:00,-0.001303990699956573,0.0,-0.0006519953499782865,-0.0007708397494066736
2019-04-04 00:00:00+00:00,0.0,0.0,0.0,0.0
2019-04-05 00:00:00+00:00,0.0,0.0,0.0,0.0
2019-04-07 00:00:00+00:00,0.0,0.0,0.0,0.0
2019-04-08 00:00:00+00:00,0.008277974174993907,0.0,0.0041389870874969535,0.004893433318857048
2019-04-09 00:00:00+00:00,-0.003907509990268848,0.0,-0.001953754995134424,-0.0023098815212433824
2019-04-10 00:00:00+00:00,0.0,0.0,0.0,0.0
2019-04-11 00:00:00+00:00,0.0083756019731658,0.0,0.0041878009865829,0.004951144917168642
2019-04-12 00:00:00+00:00,-0.009992974294113584,0.0,-0.004996487147056792,-0.0059072367624695326
2019-04-14 00:00:00+00:00,0.0,0.0,0.0,0.0
2019-04-15 00:00:00+00:00,0.008319279998225905,0.0,0.004159639999112953,0.0049178508016122936
2019-04-16 00:00:00+00:00,0.0,0.0,0.0,0.0
2019-04-17 00:00:00+00:00,-0.00017885838926253424,0.0,-8.942919463126712e-05,-0.00010573016813923957
2019-04-18 00:00:00+00:00,0.0,0.0,0.0,0.0
2019-04-21 00:00:00+00:00,0.0,0.0,0.0,0.0
2019-04-22 00:00:00+00:00,0.0,0.0,0.0,0.0
2019-04-23 00:00:00+00:00,0.0,0.0,0.0,0.0
2019-04-24 00:00:00+00:00,0.008240451010110688,0.0,0.004120225505055344,0.004871251912949407
2019-04-25 00:00:00+00:00,0.00280917988683464,0.0,0.00140458994341732,0.0016606157697888469
2019-04-26 00:00:00+00:00,0.0,0.0,0.0,0.0
2019-04-28 00:00:00+00:00,0.0,0.0,0.0,0.0
2019-04-29 00:00:00+00:00,0.0,0.0,0.0,0.0
2019-04-30 00:00:00+00:00,0.0,0.0,0.0,0.0
2019-05-01 00:00:00+00:00,-0.011819673899792578,0.0,-0.005909836949896289,-0.006987070128098413
2019-05-02 00:00:00+00:00,0.0,0.0,0.0,0.0
2019-05-03 00:00:00+00:00,-0.0035669285828503383,0.0,-0.0017834642914251692,-0.002108550570987526
2019-05-05 00:00:00+00:00,0.0,0.0,0.0,0.0
2019-05-06 00:00:00+00:00,0.0,0.0,0.0,0.0
2019-05-07 00:00:00+00:00,0.008200588395120601,0.0,0.004100294197560301,0.004847687566861144
2019-05-08 00:00:00+00:00,0.008226168909953592,0.0,0.004113084454976796,0.004862809206642941
2019-05-09 00:00:00+00:00,-0.011846880687698829,0.0,-0.0059234403438494145,-0.00700315312130727
2019-05-10 00:00:00+00:00,0.0,0.0,0.0,0.0
2019-05-12 00:00:00+00:00,0.0,0.0,0.0,0.0
2019-05-13 00:00:00+00:00,0.0,0.0,0.0,0.0
2019-05-14 00:00:00+00:00,0.008261807535249285,0.0,0.004130903767624643,0.004883876587716322
2019-05-15 00:00:00+00:00,0.008355517043995661,0.0,0.0041777585219978305,0.004939271932362173
2019-05-16 00:00:00+00:00,0.008295597606089406,0.0,0.004147798803044703,0.004903851216170114
2019-05-17 00:00:00+00:00,0.008197281315890918,0.0,0.004098640657945459,0.00484573262337515
2019-05-19 00:00:00+00:00,0.0,0.0,0.0,0.0
2019-05-20 00:00:00+00:00,0.0,0.0,0.0,0.0
2019-05-21 00:00:00+00:00,0.006859704268605388,0.0,0.003429852134302694,0.004055038674425949
2019-05-22 00:00:00+00:00,0.0,0.0,0.0,0.0
2019-05-23 00:00:00+00:00,-0.0032034760128640052,0.0,-0.0016017380064320026,-0.0018936995847199042
2019-05-24 00:00:00+00:00,0.0,0.0,0.0,0.0
2019-05-27 00:00:00+00:00,0.0,0.0,0.0,0.0
2019-05-29 00:00:00+00:00,0.0,0.0,0.0,0.0
2019-05-30 00:00:00+00:00,0.0,0.0,0.0,0.0
2019-05-31 00:00:00+00:00,-0.011749271137026234,0.0,-0.005874635568513117,-0.006945452309804039
2019-06-02 00:00:00+00:00,0.0,0.0,0.0,0.0
2019-06-03 00:00:00+00:00,0.0,0.0,0.0,0.0
2019-06-04 00:00:00+00:00,0.0,0.0,0.0,0.0
2019-06-05 00:00:00+00:00,0.008243564755645654,0.0,0.004121782377822827,0.00487309256934977
2019-06-07 00:00:00+00:00,0.0,0.0,0.0,0.0
2019-06-09 00:00:00+00:00,0.0,0.0,0.0,0.0
2019-06-10 00:00:00+00:00,0.0,0.0,0.0,0.0
2019-06-11 00:00:00+00:00,0.008771533997872078,0.0,0.004385766998936039,0.005185195775596412
2019-06-12 00:00:00+00:00,0.0,0.0,0.0,0.0
2019-06-13 00:00:00+00:00,0.008312430081981053,0.0,0.0041562150409905265,0.004913801549020374
2019-06-14 00:00:00+00:00,0.0,0.0,0.0,0.0
2019-06-16 00:00:00+00:00,0.0,0.0,0.0,0.0
2019-06-17 00:00:00+00:00,-0.00280215125197322,0.0,-0.00140107562598661,-0.0016564608696538776
2019-06-18 00:00:00+00:00,0.0,0.0,0.0,0.0
2019-06-19 00:00:00+00:00,0.0,0.0,0.0,0.0
2019-06-20 00:00:00+00:00,-0.011554799629540796,0.0,-0.005777399814770398,-0.006830492618679089
2019-06-23 00:00:00+00:00,0.0,0.0,0.0,0.0
2019-06-24 00:00:00+00:00,0.0,0.0,0.0,0.0
2019-06-25 00:00:00+00:00,-0.01155384223758865,0.0,-0.005776921118794325,-0.006829926666964479
2019-06-26 00:00:00+00:00,-0.011556734173765877,0.0,-0.005778367086882939,-0.006831636203204445
2019-06-27 00:00:00+00:00,0.0,0.0,0.0,0.0
2019-06-28 00:00:00+00:00,0.0,0.0,0.0,0.0
2019-07-01 00:00:00+00:00,-0.01159187968952599,0.0,-0.005795939844762995,-0.006852412088003467
2019-07-02 00:00:00+00:00,-0.011515062764062351,0.0,-0.0057575313820311756,-0.006807002608030524
2019-07-03 00:00:00+00:00,0.0,0.0,0.0,0.0
2019-07-04 00:00:00+00:00,0.0,0.0,0.0,0.0
2019-07-05 00:00:00+00:00,0.0,0.0,0.0,0.0
2019-07-07 00:00:00+00:00,0.0,0.0,0.0,0.0
2019-07-08 00:00:00+00:00,0.0,0.0,0.0,0.0
2019-07-09 00:00:00+00:00,-0.011179009179377242,0.0,-0.005589504589688621,-0.006608348230346304
2019-07-10 00:00:00+00:00,0.0,0.0,0.0,0.0
2019-07-12 00:00:00+00:00,0.0,0.0,0.0,0.0
2019-07-14 00:00:00+00:00,0.0,0.0,0.0,0.0
2019-07-15 00:00:00+00:00,0.008449952889336018,0.0,0.004224976444668009,0.004995096642890854
2019-07-16 00:00:00+00:00,0.0,0.0,0.0,0.0
2019-07-17 00:00:00+00:00,0.00871443776296597,0.0,0.004357218881482985,0.005151443964783225
2019-07-18 00:00:00+00:00,0.0,0.0,0.0,0.0
2019-07-19 00:00:00+00:00,0.0,0.0,0.0,0.0
2019-07-21 00:00:00+00:00,0.0,0.0,0.0,0.0
2019-07-22 00:00:00+00:00,0.0,0.0,0.0,0.0
2019-07-23 00:00:00+00:00,-0.01122579656615672,0.0,-0.00561289828307836,-0.006636006079057714
2019-07-24 00:00:00+00:00,0.0,0.0,0.0,0.0
2019-07-25 00:00:00+00:00,0.008680200033065646,0.0,0.004340100016532823,0.005131204707603325
2019-07-26 00:00:00+00:00,0.0,0.0,0.0,0.0
2019-07-28 00:00:00+00:00,0.0,0.0,0.0,0.0
2019-07-29 00:00:00+00:00,0.0,0.0,0.0,0.0
2019-07-30 00:00:00+00:00,-0.011729343091368952,0.0,-0.005864671545684476,-0.0069336720649593965
2019-07-31 00:00:00+00:00,0.008439725103093307,0.0,0.004219862551546653,0.004989050599629519
2019-08-01 00:00:00+00:00,0.008237039933178134,0.0,0.004118519966589067,0.004869235492366051
2019-08-02 00:00:00+00:00,0.008454612924929389,0.0,0.004227306462464694,0.00499785137163941
2019-08-04 00:00:00+00:00,0.0,0.0,0.0,0.0
2019-08-05 00:00:00+00:00,0.0,0.0,0.0,0.0
2019-08-06 00:00:00+00:00,0.0,0.0,0.0,0.0
2019-08-07 00:00:00+00:00,0.0,0.0,0.0,0.0
2019-08-08 00:00:00+00:00,0.0,0.0,0.0,0.0
2019-08-09 00:00:00+00:00,0.008414578405303382,-0.010473198817367687,-0.0010293102060321526,0.0006921027922662769
2019-08-11 00:00:00+00:00,0.0,0.0,0.0,0.0
2019-08-12 00:00:00+00:00,0.0,0.0,0.0,0.0
2019-08-13 00:00:00+00:00,0.0,-0.010539209776308631,-0.0052696048881543155,-0.004309071920889367
2019-08-14 00:00:00+00:00,0.0,-0.010484955774448369,-0.0052424778872241845,-0.004286889575061365
2019-08-15 00:00:00+00:00,0.0,0.0,0.0,0.0
2019-08-16 00:00:00+00:00,0.0,-0.01045839970975618,-0.00522919985487809,-0.0042760318357124745
2019-08-18 00:00:00+00:00,0.0,0.0,0.0,0.0
2019-08-19 00:00:00+00:00,0.008451985012279018,0.0,0.004225992506139509,0.00499629791000127
2019-08-20 00:00:00+00:00,0.0,0.0,0.0,0.0
2019-08-21 00:00:00+00:00,0.0,0.0,0.0,0.0
2019-08-22 00:00:00+00:00,0.0,0.0,0.0,0.0
2019-08-23 00:00:00+00:00,0.0,-0.01058201137614494,-0.00529100568807247,-0.00432657182609463
2019-08-25 00:00:00+00:00,0.0,0.0,0.0,0.0
2019-08-26 00:00:00+00:00,0.0,-0.010235951108809238,-0.005117975554404619,-0.004185081276749664
2019-08-27 00:00:00+00:00,0.0,0.0,0.0,0.0
2019-08-28 00:00:00+00:00,0.0,0.0,0.0,0.0
2019-08-29 00:00:00+00:00,0.0,0.0,0.0,0.0
2019-08-30 00:00:00+00:00,0.0,0.0,0.0,0.0
2019-09-01 00:00:00+00:00,0.0,0.0,0.0,0.0
2019-09-02 00:00:00+00:00,0.0,-0.010411048301882764,-0.005205524150941382,-0.004256671691412038
2019-09-03 00:00:00+00:00,0.0,-0.010705707858696923,-0.005352853929348461,-0.00437714649449868
2019-09-04 00:00:00+00:00,0.008611660051907596,-0.010707671693999913,-0.0010480058210461584,0.000712738621975263
2019-09-05 00:00:00+00:00,0.008401607301772288,0.0,0.004200803650886144,0.0049665176809367655
2019-09-06 00:00:00+00:00,0.008457630998726593,0.0,0.004228815499363297,0.004999635472745044
2019-09-10 00:00:00+00:00,0.0,0.0,0.0,0.0
2019-09-13 00:00:00+00:00,0.0,0.0,0.0,0.0
2019-09-16 00:00:00+00:00,-0.011569095501313654,0.0,-0.005784547750656827,-0.006838943465924631
2019-09-18 00:00:00+00:00,-0.01144631182177127,0.0,-0.005723155910885635,-0.0067663612452287065
2019-09-24 00:00:00+00:00,0.008579004862632179,0.0,0.004289502431316089,0.005071384296444949
2019-09-25 00:00:00+00:00,0.0,0.0,0.0,0.0
2019-09-26 00:00:00+00:00,0.008435494130285569,0.0,0.004217747065142784,0.0049865495066240455
2019-09-27 00:00:00+00:00,0.0,0.0,0.0,0.0
2019-09-30 00:00:00+00:00,0.0,-0.010633455049171976,-0.005316727524585988,-0.004347605138046207
2019-10-03 00:00:00+00:00,0.0,0.0,0.0,0.0
2019-10-07 00:00:00+00:00,-0.011483000079874288,0.0,-0.005741500039937144,-0.0067880491051829535
2019-10-15 00:00:00+00:00,0.00852748184589709,0.0,0.004263740922948545,0.005040927032209803
2019-10-22 00:00:00+00:00,0.0,0.0,0.0,0.0
2019-10-25 00:00:00+00:00,0.008439690053685283,0.0,0.004219845026842642,0.004989029880557751
2019-10-28 00:00:00+00:00,0.0,0.0,0.0,0.0
2019-10-29 00:00:00+00:00,0.0,0.0,0.0,0.0
2019-10-30 00:00:00+00:00,0.0,0.0,0.0,0.0
2019-10-31 00:00:00+00:00,0.0,0.0,0.0,0.0
2019-11-01 00:00:00+00:00,0.0,0.0,0.0,0.0
2019-11-03 00:00:00+00:00,0.0,0.0,0.0,0.0
2019-11-04 00:00:00+00:00,0.0,0.0,0.0,0.0
2019-11-05 00:00:00+00:00,0.0,0.0,0.0,0.0
2019-11-06 00:00:00+00:00,0.0,0.0,0.0,0.0
2019-11-07 00:00:00+00:00,0.0,0.0,0.0,0.0
2019-11-08 00:00:00+00:00,0.0,0.0,0.0,0.0
2019-11-10 00:00:00+00:00,0.0,0.0,0.0,0.0
2019-11-11 00:00:00+00:00,0.009029896786087777,0.0,0.004514948393043889,0.005337924094081222
2019-11-12 00:00:00+00:00,0.0,0.0,0.0,0.0
2019-11-13 00:00:00+00:00,-0.011056709387852593,0.0,-0.005528354693926297,-0.006536052054725965
2019-11-14 00:00:00+00:00,0.0,0.0,0.0,0.0
2019-11-15 00:00:00+00:00,0.0006942604506486455,0.0,0.00034713022532432275,0.00041040442375761484
2019-11-17 00:00:00+00:00,0.0,0.0,0.0,0.0
2019-11-18 00:00:00+00:00,-0.011026688453159034,0.0,-0.005513344226579517,-0.006518305509618774
2019-11-19 00:00:00+00:00,0.0,0.0,0.0,0.0
2019-11-20 00:00:00+00:00,-0.01108069961008383,0.0,-0.005540349805041915,-0.0065502336105403985
2019-11-21 00:00:00+00:00,0.0,0.0,0.0,0.0
2019-11-22 00:00:00+00:00,0.008916291355205613,0.0,0.0044581456776028065,0.0052707674940568805
2019-11-24 00:00:00+00:00,0.0,0.0,0.0,0.0
2019-11-25 00:00:00+00:00,0.0,0.0,0.0,0.0
2019-11-26 00:00:00+00:00,0.00879912888754541,0.03959030502877362,0.024194716958159515,0.02138844016775003
2019-11-27 00:00:00+00:00,-0.0024877733157450017,0.0,-0.0012438866578725009,-0.0014706198129736286
2019-11-28 00:00:00+00:00,0.0,0.0,0.0,0.0
2019-11-29 00:00:00+00:00,0.0,0.0,0.0,0.0
2019-12-01 00:00:00+00:00,0.0,0.0,0.0,0.0
2019-12-02 00:00:00+00:00,0.008822091267381836,0.0,0.004411045633690918,0.00521508214898917
2019-12-03 00:00:00+00:00,0.0,0.0,0.0,0.0
2019-12-04 00:00:00+00:00,-0.004532782432889205,0.0,-0.0022663912164446027,-0.002679504443397986
2019-12-05 00:00:00+00:00,0.0,0.0,0.0,0.0
2019-12-06 00:00:00+00:00,-0.0018444998950742436,0.0,-0.0009222499475371218,-0.0010903558107791846
2019-12-08 00:00:00+00:00,0.0,0.0,0.0,0.0
2019-12-09 00:00:00+00:00,0.00017244169571733719,0.0,8.622084785866859e-05,0.0001019370103777894
2019-12-10 00:00:00+00:00,0.0,-0.010436686289937474,-0.005218343144968737,-0.004267154065022532
2019-12-11 00:00:00+00:00,0.008918786426275964,0.0,0.004459393213137982,0.0052722424278571645
2019-12-12 00:00:00+00:00,0.0,0.0,0.0,0.0
2019-12-13 00:00:00+00:00,0.008765285204839574,0.0,0.004382642602419787,0.0051815018703749785
2019-12-15 00:00:00+00:00,0.0,0.0,0.0,0.0
2019-12-16 00:00:00+00:00,0.0,0.0,0.0,0.0
2019-12-17 00:00:00+00:00,-0.0009308952549745667,0.0,-0.00046544762748728334,-0.0005502884837233532
2019-12-18 00:00:00+00:00,-0.0015581705722555739,0.0,-0.0007790852861277869,-0.000921095383188193
2019-12-19 00:00:00+00:00,0.0,0.0,0.0,0.0
2019-12-20 00:00:00+00:00,0.0,0.0,0.0,0.0
2019-12-22 00:00:00+00:00,0.0,0.0,0.0,0.0
2019-12-23 00:00:00+00:00,0.0,0.0,0.0,0.0
2019-12-24 00:00:00+00:00,0.0,0.0,0.0,0.0
2019-12-25 00:00:00+00:00,0.0,0.0,0.0,0.0
2019-12-26 00:00:00+00:00,0.0,0.0,0.0,0.0
2019-12-27 00:00:00+00:00,0.008888344824848168,0.0,0.004444172412424084,0.0052542472102402584
2019-12-29 00:00:00+00:00,0.0,0.0,0.0,0.0
2019-12-30 00:00:00+00:00,0.0,0.0,0.0,0.0
2019-12-31 00:00:00+00:00,-0.011016665298415584,0.0,-0.005508332649207792,-0.006512380432015871
2020-01-01 00:00:00+00:00,0.0,0.0,0.0,0.0
2020-01-02 00:00:00+00:00,0.0,0.0,0.0,0.0
2020-01-03 00:00:00+00:00,0.008741753658231724,0.03877681484864716,0.02375928425343944,0.021021919018327985
2020-01-05 00:00:00+00:00,0.0,0.0,0.0,0.0
2020-01-06 00:00:00+00:00,0.0,0.0,0.0,0.0
2020-01-07 00:00:00+00:00,0.0,0.0,0.0,0.0
2020-01-08 00:00:00+00:00,0.009065607943605504,0.0,0.004532803971802752,0.005359034351779306
2020-01-09 00:00:00+00:00,0.0,0.0,0.0,0.0
2020-01-10 00:00:00+00:00,0.008978503217747054,0.0,0.004489251608873527,0.0053075433518395805
2020-01-12 00:00:00+00:00,0.0,0.0,0.0,0.0
2020-01-13 00:00:00+00:00,0.0,0.0,0.0,0.0
2020-01-14 00:00:00+00:00,0.0,0.0,0.0,0.0
2020-01-15 00:00:00+00:00,0.0,0.0,0.0,0.0
2020-01-16 00:00:00+00:00,0.0,0.0,0.0,0.0
2020-01-17 00:00:00+00:00,-0.011072035585411442,0.0,-0.005536017792705721,-0.00654511196771922
2020-01-19 00:00:00+00:00,0.0,0.0,0.0,0.0
2020-01-20 00:00:00+00:00,0.0,0.0,0.0,0.0
2020-01-21 00:00:00+00:00,0.0,0.0,0.0,0.0
2020-01-22 00:00:00+00:00,0.0,0.0,0.0,0.0
2020-01-23 00:00:00+00:00,-0.011007037440898034,0.0,-0.005503518720449017,-0.00650668903001707
2020-01-24 00:00:00+00:00,0.0,0.0,0.0,0.0
2020-01-26 00:00:00+00:00,0.0,0.0,0.0,0.0
2020-01-27 00:00:00+00:00,0.0,0.0,0.0,0.0
2020-01-28 00:00:00+00:00,0.009016753616431658,0.0,0.004508376808215829,0.005330154654004334
2020-01-29 00:00:00+00:00,0.008939423804467361,0.0,0.0044697119022336805,0.005284441986821808
2020-01-30 00:00:00+00:00,0.0,-0.010533497183644778,-0.005266748591822389,-0.004306736264500913
2020-01-31 00:00:00+00:00,0.0,-0.010600452491070958,-0.005300226245535479,-0.004334111678911321
2020-02-02 00:00:00+00:00,0.0,0.0,0.0,0.0
2020-02-03 00:00:00+00:00,-0.011092487654730719,0.0,-0.0055462438273653596,-0.006557201983383783
2020-02-04 00:00:00+00:00,0.0,0.0,0.0,0.0
2020-02-05 00:00:00+00:00,0.0,0.0,0.0,0.0
2020-02-06 00:00:00+00:00,0.0,0.0,0.0,0.0
2020-02-07 00:00:00+00:00,0.0,0.03945320025593639,0.019726600127968195,0.016130875181386294
2020-02-09 00:00:00+00:00,0.0,0.0,0.0,0.0
2020-02-10 00:00:00+00:00,0.0,0.0,0.0,0.0
2020-02-11 00:00:00+00:00,0.008912929330859624,0.0,0.004456464665429812,0.0052687800703701574
2020-02-12 00:00:00+00:00,-0.011091919063736962,0.0,-0.005545959531868481,-0.0065568658670762375
2020-02-13 00:00:00+00:00,0.00034396122757352545,0.0,0.00017198061378676272,0.00020332889373921004
2020-02-14 00:00:00+00:00,0.0,0.0,0.0,0.0
2020-02-16 00:00:00+00:00,0.0,0.0,0.0,0.0
2020-02-17 00:00:00+00:00,0.0,0.0,0.0,0.0
2020-02-18 00:00:00+00:00,0.0,0.0,0.0,0.0
2020-02-19 00:00:00+00:00,0.0,0.0,0.0,0.0
2020-02-20 00:00:00+00:00,0.008986131327521914,0.0,0.004493065663760957,0.00531205262497128
2020-02-21 00:00:00+00:00,0.0,0.0,0.0,0.0
2020-02-23 00:00:00+00:00,0.0,0.0,0.0,0.0
2020-02-24 00:00:00+00:00,0.0,0.0,0.0,0.0
2020-02-25 00:00:00+00:00,0.0,0.0,0.0,0.0
2020-02-26 00:00:00+00:00,0.0,0.0,0.0,0.0
2020-02-27 00:00:00+00:00,0.0,0.0,0.0,0.0
2020-02-28 00:00:00+00:00,0.0,0.0,0.0,0.0
2020-03-01 00:00:00+00:00,0.0,0.0,0.0,0.0
2020-03-02 00:00:00+00:00,0.0,0.0,0.0,0.0
2020-03-03 00:00:00+00:00,0.0,0.0,0.0,0.0
2020-03-04 00:00:00+00:00,0.0,0.0,0.0,0.0
2020-03-05 00:00:00+00:00,0.0,0.0,0.0,0.0
2020-03-06 00:00:00+00:00,0.0,0.0,0.0,0.0
2020-03-08 00:00:00+00:00,0.0,0.0,0.0,0.0
2020-03-09 00:00:00+00:00,0.0,0.0,0.0,0.0
2020-03-11 00:00:00+00:00,0.0,0.03970333775194285,0.019851668875971423,0.016233146649862605
2020-03-12 00:00:00+00:00,0.008595366158348515,0.0,0.0042976830791742575,0.005081056096320799
2020-03-13 00:00:00+00:00,0.008815229787012694,0.0,0.004407614893506347,0.0052110260603924615
2020-03-15 00:00:00+00:00,0.0,0.0,0.0,0.0
2020-03-16 00:00:00+00:00,0.008138223995772438,0.0,0.004069111997886219,0.004810821538624104
2020-03-17 00:00:00+00:00,0.0,0.0,0.0,0.0
2020-03-18 00:00:00+00:00,0.007770020113414553,0.0,0.0038850100567072764,0.004593161866345177
2020-03-20 00:00:00+00:00,0.0082431317179905,0.0,0.00412156585899525,0.00487283658390632
2020-03-22 00:00:00+00:00,0.0,0.0,0.0,0.0
2020-03-24 00:00:00+00:00,0.0,0.0,0.0,0.0
2020-03-25 00:00:00+00:00,0.0,0.0,0.0,0.0
2020-03-26 00:00:00+00:00,0.0,0.0,0.0,0.0
2020-03-27 00:00:00+00:00,0.0,0.0,0.0,0.0
2020-03-29 00:00:00+00:00,0.0,0.0,0.0,0.0
2020-03-30 00:00:00+00:00,0.0,0.0,0.0,0.0
2020-04-01 00:00:00+00:00,0.0,0.0,0.0,0.0
2020-04-02 00:00:00+00:00,0.0,0.0,0.0,0.0
2020-04-03 00:00:00+00:00,0.0,0.0,0.0,0.0
2020-04-05 00:00:00+00:00,0.0,0.0,0.0,0.0
2020-04-06 00:00:00+00:00,0.0,0.0,0.0,0.0
2020-04-07 00:00:00+00:00,0.007229789449469139,0.0,0.0036148947247345697,0.0042738104556093864
2020-04-08 00:00:00+00:00,0.0,0.0,0.0,0.0
2020-04-09 00:00:00+00:00,0.0,0.0,0.0,0.0
2020-04-12 00:00:00+00:00,0.0,0.0,0.0,0.0
2020-04-13 00:00:00+00:00,0.0,0.0,0.0,0.0
2020-04-14 00:00:00+00:00,0.006584769602838564,0.0,0.003292384801419282,0.0038925140729315017
2020-04-15 00:00:00+00:00,0.007145702944980437,0.0,0.0035728514724902185,0.00422410364401118
2020-04-16 00:00:00+00:00,-0.01333736154875294,0.0,-0.00666868077437647,-0.007884234476771428
2020-04-17 00:00:00+00:00,0.00673497600921001,0.0,0.003367488004605005,0.003981306936753689
2020-04-19 00:00:00+00:00,0.0,0.0,0.0,0.0
2020-04-20 00:00:00+00:00,-0.012762507972766462,0.0,-0.006381253986383231,-0.007544416112672893
2020-04-21 00:00:00+00:00,0.007561111000618386,0.0,0.003780555500309193,0.00446966754375382
2020-04-22 00:00:00+00:00,0.0,-0.010436625266518484,-0.005218312633259242,-0.004267129114926001
2020-04-23 00:00:00+00:00,0.0,-0.010214795107164405,-0.005107397553582202,-0.0041764314126155454
2020-04-24 00:00:00+00:00,0.007901331335703123,-0.01057981005252784,-0.0013392393584123587,0.00034511325936977845
2020-04-26 00:00:00+00:00,0.0,0.0,0.0,0.0
2020-04-27 00:00:00+00:00,0.0,0.0,0.0,0.0
2020-04-28 00:00:00+00:00,0.0,0.0,0.0,0.0
2020-04-29 00:00:00+00:00,0.0,0.0,0.0,0.0
2020-04-30 00:00:00+00:00,0.0,0.0,0.0,0.0
2020-05-01 00:00:00+00:00,0.0,0.0,0.0,0.0
2020-05-03 00:00:00+00:00,0.0,0.0,0.0,0.0
2020-05-04 00:00:00+00:00,0.0,0.0,0.0,0.0
2020-05-05 00:00:00+00:00,0.0,0.0,0.0,0.0
2020-05-06 00:00:00+00:00,0.007547600958966112,0.0,0.003773800479483056,0.004461681231334521
2020-05-07 00:00:00+00:00,0.00761310883452795,0.0,0.003806554417263975,0.004500405490935401
2020-05-08 00:00:00+00:00,0.0,0.0,0.0,0.0
2020-05-10 00:00:00+00:00,0.0,0.0,0.0,0.0
2020-05-11 00:00:00+00:00,0.0,0.03955301418632115,0.019776507093160575,0.016171685205464324
2020-05-12 00:00:00+00:00,0.0,0.0,0.0,0.0
2020-05-13 00:00:00+00:00,0.0,0.0,0.0,0.0
2020-05-14 00:00:00+00:00,0.0,0.0,0.0,0.0
2020-05-15 00:00:00+00:00,-0.012357477913033484,0.0,-0.006178738956516742,-0.007304987050980093
2020-05-17 00:00:00+00:00,0.0,0.0,0.0,0.0
2020-05-18 00:00:00+00:00,0.0,0.0,0.0,0.0
2020-05-19 00:00:00+00:00,0.0,0.0,0.0,0.0
2020-05-20 00:00:00+00:00,0.0,0.0,0.0,0.0
2020-05-21 00:00:00+00:00,0.008235769541623382,0.0,0.004117884770811691,0.004868484514381511
2020-05-22 00:00:00+00:00,0.0,0.0,0.0,0.0
2020-05-24 00:00:00+00:00,0.0,0.0,0.0,0.0
2020-05-25 00:00:00+00:00,0.0,0.0,0.0,0.0
2020-05-26 00:00:00+00:00,0.0,0.0,0.0,0.0
2020-05-27 00:00:00+00:00,0.0,0.0,0.0,0.0
2020-05-28 00:00:00+00:00,0.0,0.0,0.0,0.0
2020-05-29 00:00:00+00:00,0.0,0.0,0.0,0.0
2020-05-31 00:00:00+00:00,0.0,0.0,0.0,0.0
2020-06-02 00:00:00+00:00,0.0,0.0,0.0,0.0
2020-06-03 00:00:00+00:00,0.0,0.0,0.0,0.0
2020-06-04 00:00:00+00:00,0.0,0.03961509454076167,0.019807547270380834,0.016197067441688508
2020-06-05 00:00:00+00:00,0.0,0.0,0.0,0.0
2020-06-07 00:00:00+00:00,0.0,0.0,0.0,0.0
2020-06-08 00:00:00+00:00,0.008872722513970577,0.0,0.004436361256985289,0.005245012253117914
2020-06-09 00:00:00+00:00,0.0,0.0,0.0,0.0
2020-06-10 00:00:00+00:00,0.0,0.0,0.0,0.0
2020-06-11 00:00:00+00:00,0.008771971632314714,0.0,0.004385985816157357,0.005185454478380185
2020-06-12 00:00:00+00:00,0.00814280869117204,0.0,0.00407140434558602,0.004813531730846374
2020-06-14 00:00:00+00:00,0.0,0.0,0.0,0.0
2020-06-15 00:00:00+00:00,0.008462491191355814,0.0,0.004231245595677907,0.005002508522122237
2020-06-16 00:00:00+00:00,0.0,0.0,0.0,0.0
2020-06-17 00:00:00+00:00,0.0,0.0,0.0,0.0
2020-06-18 00:00:00+00:00,0.0,0.0,0.0,0.0
2020-06-19 00:00:00+00:00,0.008110292654021935,0.0,0.004055146327010968,0.004794310233385297
2020-06-21 00:00:00+00:00,0.0,0.0,0.0,0.0
2020-06-22 00:00:00+00:00,0.0,0.0,0.0,0.0
2020-06-23 00:00:00+00:00,0.0,0.0,0.0,0.0
2020-06-24 00:00:00+00:00,0.0,0.0,0.0,0.0
2020-06-25 00:00:00+00:00,-0.012083613217083436,0.0,-0.006041806608541718,-0.007143094950365802
2020-06-26 00:00:00+00:00,0.0,0.0,0.0,0.0
2020-06-28 00:00:00+00:00,0.0,0.0,0.0,0.0
2020-06-29 00:00:00+00:00,0.0,0.0,0.0,0.0
2020-06-30 00:00:00+00:00,0.0,0.0,0.0,0.0
2020-07-01 00:00:00+00:00,0.0,0.0,0.0,0.0
2020-07-03 00:00:00+00:00,0.0,0.0,0.0,0.0
2020-07-05 00:00:00+00:00,0.0,0.0,0.0,0.0
2020-07-06 00:00:00+00:00,0.0,0.0,0.0,0.0
2020-07-07 00:00:00+00:00,0.008260280605319368,0.03969204501458073,0.023976162809950047,0.021111503449789258
2020-07-08 00:00:00+00:00,0.0,0.0,0.0,0.0
2020-07-09 00:00:00+00:00,0.0,0.0,0.0,0.0
2020-07-10 00:00:00+00:00,0.00840997348015393,0.0,0.004204986740076965,0.00497146325520153
2020-07-12 00:00:00+00:00,0.0,0.0,0.0,0.0
2020-07-13 00:00:00+00:00,0.0,0.0,0.0,0.0
2020-07-14 00:00:00+00:00,0.0,0.0,0.0,0.0
2020-07-15 00:00:00+00:00,0.0,0.0,0.0,0.0
2020-07-16 00:00:00+00:00,0.0,0.0,0.0,0.0
2020-07-17 00:00:00+00:00,0.0,0.0,0.0,0.0
2020-07-19 00:00:00+00:00,0.0,0.0,0.0,0.0
2020-07-20 00:00:00+00:00,0.0,0.0,0.0,0.0
2020-07-21 00:00:00+00:00,0.0,0.0,0.0,0.0
2020-07-22 00:00:00+00:00,0.008649310922378457,0.0,0.0043246554611892285,0.0051129449498134106
2020-07-23 00:00:00+00:00,0.0,0.0,0.0,0.0
2020-07-24 00:00:00+00:00,0.0,0.0,0.0,0.0
2020-07-26 00:00:00+00:00,0.0,0.0,0.0,0.0
2020-07-28 00:00:00+00:00,0.0,0.0,0.0,0.0
2020-07-29 00:00:00+00:00,0.0,0.0,0.0,0.0
2020-07-31 00:00:00+00:00,0.0,0.0,0.0,0.0
2020-08-02 00:00:00+00:00,0.0,0.0,0.0,0.0
2020-08-03 00:00:00+00:00,0.0,0.03960334667661334,0.01980167333830667,0.016192264198124102
2020-08-04 00:00:00+00:00,0.0,0.0,0.0,0.0
2020-08-05 00:00:00+00:00,0.0,0.0,0.0,0.0
2020-08-06 00:00:00+00:00,0.0,0.0,0.0,0.0
2020-08-07 00:00:00+00:00,0.0,0.0,0.0,0.0
2020-08-09 00:00:00+00:00,0.0,0.0,0.0,0.0
2020-08-10 00:00:00+00:00,0.0,0.0,0.0,0.0
2020-08-12 00:00:00+00:00,0.0,0.0,0.0,0.0
2020-08-17 00:00:00+00:00,0.0,0.0,0.0,0.0
2020-08-19 00:00:00+00:00,0.0,0.0,0.0,0.0
2020-08-20 00:00:00+00:00,0.008456715199909063,0.0,0.004228357599954532,0.004999094108354151
2020-08-21 00:00:00+00:00,0.0,0.0,0.0,0.0
2020-08-27 00:00:00+00:00,0.0,0.0,0.0,0.0
2020-08-30 00:00:00+00:00,0.0,0.0,0.0,0.0
2020-08-31 00:00:00+00:00,0.0,0.0,0.0,0.0
2020-09-04 00:00:00+00:00,0.0,0.0,0.0,0.0
2020-09-06 00:00:00+00:00,0.0,0.0,0.0,0.0
2020-09-07 00:00:00+00:00,0.0,0.0,0.0,0.0
2020-09-08 00:00:00+00:00,0.00835661205238172,0.0,0.00417830602619086,0.004939919234516963
2020-09-09 00:00:00+00:00,0.0,0.0,0.0,0.0
2020-09-10 00:00:00+00:00,0.0,0.0,0.0,0.0
2020-09-11 00:00:00+00:00,0.0089992653744792,0.0,0.0044996326872396,0.005319816672265166
2020-09-13 00:00:00+00:00,0.0,0.0,0.0,0.0
2020-09-14 00:00:00+00:00,0.0,0.0,0.0,0.0
2020-09-15 00:00:00+00:00,0.008490893272931538,0.0,0.004245446636465769,0.005019298100027347
2020-09-16 00:00:00+00:00,0.0,-0.010201075212522344,-0.005100537606261172,-0.004170821882677868
2020-09-17 00:00:00+00:00,0.008585008765170413,0.0,0.0042925043825852065,0.005074933437346176
2020-09-18 00:00:00+00:00,0.0,0.0,0.0,0.0
2020-09-20 00:00:00+00:00,0.0,0.0,0.0,0.0
2020-09-21 00:00:00+00:00,0.00848515242761386,0.0,0.00424257621380693,0.005015904462506613
2020-09-22 00:00:00+00:00,0.0,0.0,0.0,0.0
2020-09-23 00:00:00+00:00,0.008691790398828171,-0.010244372695257969,-0.0007762911482148988,0.0009495316896854034
2020-09-24 00:00:00+00:00,0.0,0.0,0.0,0.0
2020-09-25 00:00:00+00:00,0.0,0.0,0.0,0.0
2020-09-27 00:00:00+00:00,0.0,0.0,0.0,0.0
2020-09-28 00:00:00+00:00,0.0,0.0,0.0,0.0
2020-09-29 00:00:00+00:00,0.0,0.0,0.0,0.0
2020-09-30 00:00:00+00:00,0.009139974215074578,0.0,0.004569987107537289,0.005402995154617423
2020-10-01 00:00:00+00:00,0.0,0.0,0.0,0.0
2020-10-02 00:00:00+00:00,-0.011435756960351358,0.0,-0.005717878480175679,-0.006760121855076447
2020-10-04 00:00:00+00:00,0.0,0.0,0.0,0.0
2020-10-05 00:00:00+00:00,0.0,0.0,0.0,0.0
2020-10-06 00:00:00+00:00,0.0,0.0,0.0,0.0
2020-10-07 00:00:00+00:00,0.0,0.0,0.0,0.0
2020-10-08 00:00:00+00:00,0.0,0.0,0.0,0.0
2020-10-09 00:00:00+00:00,-0.011068076083797214,0.03969807754494241,0.014315000730572597,0.009688224604410257
2020-10-11 00:00:00+00:00,0.0,0.0,0.0,0.0
2020-10-12 00:00:00+00:00,-0.011421464846540472,0.0,-0.005710732423270236,-0.006751673229308763
2020-10-13 00:00:00+00:00,0.008611965721680116,0.0,0.004305982860840058,0.005090868745474829
2020-10-14 00:00:00+00:00,0.0,0.0,0.0,0.0
2020-10-15 00:00:00+00:00,0.0,0.0,0.0,0.0
2020-10-16 00:00:00+00:00,0.00894115422592912,0.0,0.00447057711296456,0.005285464906422381
2020-10-18 00:00:00+00:00,0.0,0.0,0.0,0.0
2020-10-19 00:00:00+00:00,0.0,0.0,0.0,0.0
2020-10-20 00:00:00+00:00,-0.01131405767955103,0.0,-0.005657028839775515,-0.006688180664761041
2020-10-21 00:00:00+00:00,0.008822791442814937,0.0,0.004411395721407469,0.0052154960499897
2020-10-22 00:00:00+00:00,0.008708000820650926,0.0,0.004354000410325463,0.005147638837184355
2020-10-23 00:00:00+00:00,0.0,0.0,0.0,0.0
2020-10-25 00:00:00+00:00,0.0,0.0,0.0,0.0
2020-10-26 00:00:00+00:00,-0.011392920544266895,0.0,-0.005696460272133447,-0.006734799579203523
2020-10-27 00:00:00+00:00,0.0,0.0,0.0,0.0
2020-10-28 00:00:00+00:00,0.0,0.0,0.0,0.0
2020-10-29 00:00:00+00:00,0.0,0.0,0.0,0.0
2020-10-30 00:00:00+00:00,0.0,0.0,0.0,0.0
2020-11-01 00:00:00+00:00,0.0,0.0,0.0,0.0
2020-11-02 00:00:00+00:00,0.0,0.0,0.0,0.0
2020-11-03 00:00:00+00:00,0.0,0.0,0.0,0.0
2020-11-04 00:00:00+00:00,0.0,-0.010289932449864585,-0.005144966224932292,-0.00420715214220643
2020-11-05 00:00:00+00:00,0.009178997855209434,0.0,0.004589498927604717,0.005426063549954514
2020-11-06 00:00:00+00:00,0.0,0.0,0.0,0.0
2020-11-08 00:00:00+00:00,0.0,0.0,0.0,0.0
2020-11-09 00:00:00+00:00,0.0,0.0,0.0,0.0
2020-11-10 00:00:00+00:00,-0.01100607305172839,0.0,-0.005503036525864195,-0.0065061189419743535
2020-11-11 00:00:00+00:00,-0.01087510250068064,0.0,-0.00543755125034032,-0.006428697142299967
2020-11-12 00:00:00+00:00,0.0,0.0,0.0,0.0
2020-11-13 00:00:00+00:00,0.0,0.0,0.0,0.0
2020-11-15 00:00:00+00:00,0.0,0.0,0.0,0.0
2020-11-16 00:00:00+00:00,0.0,0.0,0.0,0.0
2020-11-17 00:00:00+00:00,0.008941828394359773,0.0,0.0044709141971798864,0.005285863433669669
2020-11-18 00:00:00+00:00,0.0,0.0,0.0,0.0
2020-11-19 00:00:00+00:00,0.0,0.0,0.0,0.0
2020-11-20 00:00:00+00:00,0.0,0.0,0.0,0.0
2020-11-22 00:00:00+00:00,0.0,0.0,0.0,0.0
2020-11-23 00:00:00+00:00,0.008485745477060753,0.0,0.004242872738530377,0.0050162550371595175
2020-11-24 00:00:00+00:00,0.0,0.0,0.0,0.0
2020-11-25 00:00:00+00:00,0.0,0.0,0.0,0.0
2020-11-26 00:00:00+00:00,0.0,0.0,0.0,0.0
2020-11-27 00:00:00+00:00,0.0,0.0,0.0,0.0
2020-11-29 00:00:00+00:00,0.0,0.0,0.0,0.0
2020-11-30 00:00:00+00:00,0.0,0.0,0.0,0.0
2020-12-01 00:00:00+00:00,0.0,0.0,0.0,0.0
2020-12-02 00:00:00+00:00,0.008944795782260807,0.0,0.004472397891130403,0.0052876175723656745
2020-12-03 00:00:00+00:00,0.0,0.0,0.0,0.0
2020-12-04 00:00:00+00:00,0.009029104335174017,0.0,0.004514552167587008,0.005337455645445967
2020-12-06 00:00:00+00:00,0.0,0.0,0.0,0.0
2020-12-07 00:00:00+00:00,0.008785477410741219,0.0,0.004392738705370609,0.005193438270640494
2020-12-08 00:00:00+00:00,0.0,0.0,0.0,0.0
2020-12-09 00:00:00+00:00,0.0,0.0,0.0,0.0
2020-12-10 00:00:00+00:00,0.0,0.0,0.0,0.0
2020-12-11 00:00:00+00:00,0.0,0.0,0.0,0.0
2020-12-13 00:00:00+00:00,0.0,0.0,0.0,0.0
2020-12-14 00:00:00+00:00,0.0,0.0,0.0,0.0
2020-12-15 00:00:00+00:00,-0.010918228901038106,0.0,-0.005459114450519053,-0.006454190839184052
2020-12-16 00:00:00+00:00,0.0,0.0,0.0,0.0
2020-12-17 00:00:00+00:00,0.0,0.0,0.0,0.0
2020-12-18 00:00:00+00:00,-0.011011782386183739,0.0,-0.0055058911930918695,-0.006509493952195658
2020-12-20 00:00:00+00:00,0.0,0.0,0.0,0.0
2020-12-21 00:00:00+00:00,0.0,0.0,0.0,0.0
2020-12-22 00:00:00+00:00,0.008895876274073648,0.0,0.004447938137036824,0.005258699343552123
2020-12-23 00:00:00+00:00,0.0,0.0,0.0,0.0
2020-12-24 00:00:00+00:00,0.0,0.0,0.0,0.0
2020-12-27 00:00:00+00:00,0.0,0.0,0.0,0.0
2020-12-28 00:00:00+00:00,0.0,0.0,0.0,0.0
2020-12-29 00:00:00+00:00,0.0,0.0,0.0,0.0
2020-12-30 00:00:00+00:00,0.0,0.0,0.0,0.0
2021-01-03 00:00:00+00:00,0.0,0.0,0.0,0.0
2021-01-04 00:00:00+00:00,0.0,0.0,0.0,0.0
2021-01-05 00:00:00+00:00,0.0,0.0,0.0,0.0
2021-01-06 00:00:00+00:00,0.008974833352053692,0.0,0.004487416676026846,0.005305373951128731
2021-01-07 00:00:00+00:00,0.0,0.0,0.0,0.0
2021-01-08 00:00:00+00:00,0.0,0.0,0.0,0.0
2021-01-10 00:00:00+00:00,0.0,0.0,0.0,0.0
2021-01-11 00:00:00+00:00,0.008841022276951745,0.0,0.0044205111384758725,0.0052262730069250205
2021-01-12 00:00:00+00:00,-0.011102399485546897,-0.010199061122766348,-0.010650730304156622,-0.010733059652984687
2021-01-13 00:00:00+00:00,0.0,0.0,0.0,0.0
2021-01-14 00:00:00+00:00,-0.011201666933281975,0.0,-0.0056008334666409875,-0.006621742112175847
2021-01-15 00:00:00+00:00,0.0,0.0,0.0,0.0
2021-01-17 00:00:00+00:00,0.0,0.0,0.0,0.0
2021-01-18 00:00:00+00:00,0.0,0.0,0.0,0.0
2021-01-19 00:00:00+00:00,0.0,0.0,0.0,0.0
2021-01-20 00:00:00+00:00,0.008921156196689518,0.03951024192752,0.02421569906210476,0.02142784058821759
2021-01-21 00:00:00+00:00,0.0,0.0,0.0,0.0
2021-01-22 00:00:00+00:00,0.008778855944715678,0.0,0.004389427972357839,0.0051895240638811955
2021-01-24 00:00:00+00:00,0.0,0.0,0.0,0.0
2021-01-25 00:00:00+00:00,0.0,0.0,0.0,0.0
2021-01-26 00:00:00+00:00,-0.003809531016354875,0.0,-0.0019047655081774375,-0.002251962329257209
2021-01-27 00:00:00+00:00,0.008605792034258942,0.0,0.004302896017129471,0.005087219238108855
2021-01-28 00:00:00+00:00,0.0,0.0,0.0,0.0
2021-01-29 00:00:00+00:00,0.008797422013924092,0.0,0.004398711006962046,0.005200499191339204
2021-01-31 00:00:00+00:00,0.0,0.0,0.0,0.0
2021-02-01 00:00:00+00:00,0.008732218831922312,0.0,0.004366109415961156,0.005161955047982627
2021-02-02 00:00:00+00:00,0.0,0.0,0.0,0.0
2021-02-03 00:00:00+00:00,0.0,0.0,0.0,0.0
2021-02-04 00:00:00+00:00,0.0,-0.010213508929772725,-0.005106754464886363,-0.004175905544832154
2021-02-05 00:00:00+00:00,0.008865604296966872,0.0,0.004432802148483436,0.005240804397485553
2021-02-07 00:00:00+00:00,0.0,0.0,0.0,0.0
2021-02-08 00:00:00+00:00,-0.011159686296137436,0.0,-0.005579843148068718,-0.006596925720603801
2021-02-09 00:00:00+00:00,0.0,0.0,0.0,0.0
2021-02-10 00:00:00+00:00,0.008537569709222486,0.0,0.004268784854611243,0.005046890361578683
2021-02-11 00:00:00+00:00,0.009003727863262718,0.0,0.004501863931631359,0.005322454623391452
2021-02-12 00:00:00+00:00,0.0004975766479486616,0.0,0.0002487883239743308,0.0002941369586670614
2021-02-14 00:00:00+00:00,0.0,0.0,0.0,0.0
2021-02-15 00:00:00+00:00,0.0,0.0,0.0,0.0
2021-02-16 00:00:00+00:00,0.0,0.0,0.0,0.0
2021-02-17 00:00:00+00:00,0.008696210609192779,0.0,0.0043481053045963895,0.005140669183454346
2021-02-18 00:00:00+00:00,0.0,0.0,0.0,0.0
2021-02-19 00:00:00+00:00,0.0,0.0,0.0,0.0
2021-02-21 00:00:00+00:00,0.0,0.0,0.0,0.0
2021-02-22 00:00:00+00:00,0.0,0.0,0.0,0.0
2021-02-23 00:00:00+00:00,-0.01126097232580537,0.0,-0.005630486162902685,-0.006656799842198554
2021-02-24 00:00:00+00:00,0.0,0.0,0.0,0.0
2021-02-25 00:00:00+00:00,0.008732502380771801,0.0,0.0043662511903859004,0.005162122664764013
2021-02-26 00:00:00+00:00,0.0,0.0,0.0,0.0
2021-02-28 00:00:00+00:00,0.0,0.0,0.0,0.0
2021-03-01 00:00:00+00:00,0.0,0.0,0.0,0.0
2021-03-02 00:00:00+00:00,-0.010892302410349322,0.0,-0.005446151205174661,-0.006438864679583219
2021-03-03 00:00:00+00:00,0.0,0.0,0.0,0.0
2021-03-04 00:00:00+00:00,0.0,0.03962932992970838,0.01981466496485419,0.016202887737146628
2021-03-05 00:00:00+00:00,0.0,0.0,0.0,0.0
2021-03-07 00:00:00+00:00,0.0,0.0,0.0,0.0
2021-03-08 00:00:00+00:00,0.0,0.0,0.0,0.0
2021-03-09 00:00:00+00:00,0.0,0.0,0.0,0.0
2021-03-10 00:00:00+00:00,0.0,0.0,0.0,0.0
2021-03-11 00:00:00+00:00,0.0,0.0,0.0,0.0
2021-03-12 00:00:00+00:00,0.0,0.0,0.0,0.0
2021-03-14 00:00:00+00:00,0.0,0.0,0.0,0.0
2021-03-15 00:00:00+00:00,0.0,0.0,0.0,0.0
2021-03-16 00:00:00+00:00,0.00853661599939622,0.0,0.00426830799969811,0.0050463265865122574
2021-03-17 00:00:00+00:00,0.0,0.0,0.0,0.0
2021-03-18 00:00:00+00:00,0.0,0.0,0.0,0.0
2021-03-19 00:00:00+00:00,0.0,0.0,0.0,0.0
2021-03-21 00:00:00+00:00,0.0,0.0,0.0,0.0
2021-03-22 00:00:00+00:00,0.0,-0.010328799968993328,-0.005164399984496664,-0.00422304355521244
2021-03-23 00:00:00+00:00,0.0,0.0,0.0,0.0
2021-03-24 00:00:00+00:00,0.0,-0.010387788401585578,-0.005193894200792789,-0.004247161625156539
2021-03-25 00:00:00+00:00,0.0,0.0,0.0,0.0
2021-03-26 00:00:00+00:00,0.0,-0.01045311922270335,-0.005226559611351675,-0.0042738728504592245
2021-03-28 00:00:00+00:00,0.0,0.0,0.0,0.0
2021-03-29 00:00:00+00:00,0.0,0.0,0.0,0.0
2021-03-30 00:00:00+00:00,0.0,0.0,0.0,0.0
2021-03-31 00:00:00+00:00,0.0,-0.010269191996351235,-0.005134595998175617,-0.0041986721794997585
2021-04-01 00:00:00+00:00,0.0,0.0,0.0,0.0
2021-04-02 00:00:00+00:00,0.0,0.0,0.0,0.0
2021-04-04 00:00:00+00:00,0.0,0.0,0.0,0.0
2021-04-05 00:00:00+00:00,0.0,0.0,0.0,0.0
2021-04-06 00:00:00+00:00,0.0,0.0,0.0,0.0
2021-04-07 00:00:00+00:00,0.0,0.0,0.0,0.0
2021-04-08 00:00:00+00:00,0.0,0.0,0.0,0.0
2021-04-09 00:00:00+00:00,0.0,0.0,0.0,0.0
2021-04-11 00:00:00+00:00,0.0,0.0,0.0,0.0
2021-04-12 00:00:00+00:00,0.0,0.0,0.0,0.0
2021-04-13 00:00:00+00:00,0.0,0.0,0.0,0.0
2021-04-14 00:00:00+00:00,0.0,0.0,0.0,0.0
2021-04-15 00:00:00+00:00,0.0,0.0,0.0,0.0
2021-04-16 00:00:00+00:00,-0.0023687511733281124,0.0,-0.0011843755866640562,-0.0014002611835466428
2021-04-18 00:00:00+00:00,0.0,0.0,0.0,0.0
2021-04-19 00:00:00+00:00,-0.011474577904893098,0.0,-0.005737288952446549,-0.006783070429144715
2021-04-20 00:00:00+00:00,0.0,0.0,0.0,0.0
2021-04-21 00:00:00+00:00,0.0,0.0,0.0,0.0
2021-04-22 00:00:00+00:00,0.0,-0.010275093759480547,-0.0051375468797402735,-0.004201085180315193
2021-04-23 00:00:00+00:00,0.008591889327441869,0.0,0.0042959446637209344,0.005079000805999405
2021-04-25 00:00:00+00:00,0.0,0.0,0.0,0.0
2021-04-26 00:00:00+00:00,-0.011609635267694835,0.0,-0.005804817633847418,-0.006862908102604414
2021-04-27 00:00:00+00:00,0.0,0.0,0.0,0.0
2021-04-28 00:00:00+00:00,0.0,0.0,0.0,0.0
2021-04-29 00:00:00+00:00,0.0,0.0,0.0,0.0
2021-04-30 00:00:00+00:00,-0.011322703388295009,-0.010488250605941496,-0.010905476997118253,-0.010981528183505895
2021-05-02 00:00:00+00:00,0.0,0.0,0.0,0.0
2021-05-03 00:00:00+00:00,0.00867485032110897,0.0,0.004337425160554485,0.005128042284263788
2021-05-04 00:00:00+00:00,-0.011410513057412365,0.0,-0.005705256528706183,-0.0067451991997107405
2021-05-05 00:00:00+00:00,0.0,0.0,0.0,0.0
2021-05-06 00:00:00+00:00,0.0,0.0,0.0,0.0
2021-05-10 00:00:00+00:00,0.0,0.0,0.0,0.0
2021-05-11 00:00:00+00:00,0.0,0.0,0.0,0.0
2021-05-12 00:00:00+00:00,0.0,0.0,0.0,0.0
2021-05-13 00:00:00+00:00,0.0,0.0,0.0,0.0
2021-05-14 00:00:00+00:00,0.0,0.0,0.0,0.0
2021-05-16 00:00:00+00:00,0.0,0.0,0.0,0.0
2021-05-17 00:00:00+00:00,0.008677166032898509,0.0,0.004338583016449254,0.005129411191799406
2021-05-18 00:00:00+00:00,0.0,0.0,0.0,0.0
2021-05-19 00:00:00+00:00,0.008915281796738363,0.0,0.004457640898369182,0.005270170704681058
2021-05-20 00:00:00+00:00,0.0,0.0,0.0,0.0
2021-05-23 00:00:00+00:00,0.0,0.0,0.0,0.0
2021-05-24 00:00:00+00:00,0.0,0.0,0.0,0.0
2021-05-25 00:00:00+00:00,0.0,0.0,0.0,0.0
2021-05-26 00:00:00+00:00,0.0,0.0,0.0,0.0
2021-05-27 00:00:00+00:00,0.0,0.0,0.0,0.0
2021-05-30 00:00:00+00:00,0.0,0.0,0.0,0.0
2021-05-31 00:00:00+00:00,0.0,0.0,0.0,0.0
2021-06-01 00:00:00+00:00,0.0,0.0,0.0,0.0
2021-06-02 00:00:00+00:00,0.0,0.0,0.0,0.0
2021-06-03 00:00:00+00:00,0.0,-0.020803714924100176,-0.010401857462050088,-0.008505827830767905
2021-06-04 00:00:00+00:00,0.0,0.0,0.0,0.0
2021-06-06 00:00:00+00:00,0.0,0.0,0.0,0.0
2021-06-07 00:00:00+00:00,0.0,0.0,0.0,0.0
2021-06-08 00:00:00+00:00,0.0,0.0,0.0,0.0
2021-06-09 00:00:00+00:00,0.0,0.0,0.0,0.0
2021-06-10 00:00:00+00:00,0.008947963263215144,0.0,0.004473981631607572,0.0052894899938677395
2021-06-11 00:00:00+00:00,0.0,0.0,0.0,0.0
2021-06-13 00:00:00+00:00,0.0,0.0,0.0,0.0
2021-06-14 00:00:00+00:00,0.0,0.03971747444326156,0.01985873722163078,0.016238926591709165
2021-06-15 00:00:00+00:00,0.0,0.0,0.0,0.0
2021-06-16 00:00:00+00:00,-0.011342065361163958,0.0,-0.005671032680581979,-0.006704737097469257
2021-06-17 00:00:00+00:00,0.008531483841270029,0.0,0.004265741920635014,0.005043292767725022
2021-06-18 00:00:00+00:00,0.0,-0.010278131122590071,-0.005139065561295036,-0.004202327039654421
2021-06-20 00:00:00+00:00,0.0,0.0,0.0,0.0
2021-06-21 00:00:00+00:00,0.0,0.0,0.0,0.0
2021-06-22 00:00:00+00:00,0.0,0.0,0.0,0.0
2021-06-23 00:00:00+00:00,0.0,0.0,0.0,0.0
2021-06-24 00:00:00+00:00,0.008733747372497738,0.0,0.004366873686248869,0.005162858627919323
2021-06-25 00:00:00+00:00,0.0,0.0,0.0,0.0
2021-06-27 00:00:00+00:00,0.0,0.0,0.0,0.0
2021-06-28 00:00:00+00:00,0.0,0.0,0.0,0.0
2021-06-29 00:00:00+00:00,-0.011650669159389913,0.0,-0.005825334579694957,-0.006887164836024727
2021-06-30 00:00:00+00:00,0.0,0.0,0.0,0.0
2021-07-01 00:00:00+00:00,0.0,0.0,0.0,0.0
2021-07-02 00:00:00+00:00,0.0,0.0,0.0,0.0
2021-07-04 00:00:00+00:00,0.0,0.0,0.0,0.0
2021-07-05 00:00:00+00:00,0.0,0.0,0.0,0.0
2021-07-06 00:00:00+00:00,0.0,0.0,0.0,0.0
2021-07-07 00:00:00+00:00,0.0,0.0,0.0,0.0
2021-07-08 00:00:00+00:00,0.0,0.0,0.0,0.0
2021-07-09 00:00:00+00:00,0.0,0.0,0.0,0.0
2021-07-11 00:00:00+00:00,0.0,0.0,0.0,0.0
2021-07-12 00:00:00+00:00,0.0,0.0,0.0,0.0
2021-07-13 00:00:00+00:00,0.0,0.0,0.0,0.0
2021-07-14 00:00:00+00:00,0.0,0.0,0.0,0.0
2021-07-15 00:00:00+00:00,-0.011565224396784398,0.0,-0.005782612198392199,-0.006836655105090955
2021-07-16 00:00:00+00:00,0.0,0.0,0.0,0.0
2021-07-18 00:00:00+00:00,0.0,0.0,0.0,0.0
2021-07-19 00:00:00+00:00,0.0,0.0,0.0,0.0
2021-07-20 00:00:00+00:00,0.0,0.0,0.0,0.0
2021-07-21 00:00:00+00:00,0.0,0.0,0.0,0.0
2021-07-22 00:00:00+00:00,0.0,0.0,0.0,0.0
2021-07-23 00:00:00+00:00,0.0,0.0,0.0,0.0
2021-07-25 00:00:00+00:00,0.0,0.0,0.0,0.0
2021-07-26 00:00:00+00:00,0.0,0.0,0.0,0.0
2021-07-27 00:00:00+00:00,0.0,0.0,0.0,0.0
2021-07-28 00:00:00+00:00,0.0,0.0,0.0,0.0
2021-07-29 00:00:00+00:00,0.0,0.0,0.0,0.0
2021-07-30 00:00:00+00:00,0.0,0.0,0.0,0.0
2021-08-01 00:00:00+00:00,0.0,0.0,0.0,0.0
2021-08-02 00:00:00+00:00,0.008534717701448707,0.0,0.0042673588507243536,0.005045204428574928
2021-08-03 00:00:00+00:00,0.0,0.0,0.0,0.0
2021-08-04 00:00:00+00:00,0.008394334231142579,0.0,0.004197167115571289,0.004962218285287849
2021-08-05 00:00:00+00:00,0.0,0.0,0.0,0.0
2021-08-06 00:00:00+00:00,0.009083505365123317,0.0,0.004541752682561659,0.0053696142155147415
2021-08-08 00:00:00+00:00,0.0,0.0,0.0,0.0
2021-08-09 00:00:00+00:00,0.0,0.0,0.0,0.0
2021-08-10 00:00:00+00:00,-0.011450239527742538,0.0,-0.005725119763871269,-0.006768683065381823
2021-08-11 00:00:00+00:00,0.009143493470282775,0.0,0.004571746735141388,0.0054050755235977195
2021-08-12 00:00:00+00:00,0.0,0.0,0.0,0.0
2021-08-13 00:00:00+00:00,0.0,0.0,0.0,0.0
2021-08-15 00:00:00+00:00,0.0,0.0,0.0,0.0
2021-08-16 00:00:00+00:00,0.0,0.0,0.0,0.0
2021-08-17 00:00:00+00:00,0.0,0.0,0.0,0.0
2021-08-18 00:00:00+00:00,0.00881867369783715,0.0,0.004409336848918575,0.005213061890369616
2021-08-19 00:00:00+00:00,0.0,-0.010484518731548301,-0.0052422593657741505,-0.0042867108852611925
2021-08-20 00:00:00+00:00,0.0,0.0,0.0,0.0
2021-08-22 00:00:00+00:00,0.0,0.0,0.0,0.0
2021-08-23 00:00:00+00:00,0.0,0.0,0.0,0.0
2021-08-24 00:00:00+00:00,-0.01154873681153811,0.0,-0.005774368405769055,-0.006826908650549528
2021-08-25 00:00:00+00:00,0.0,0.0,0.0,0.0
2021-08-26 00:00:00+00:00,0.00857327905979537,0.0,0.004286639529897685,0.00506799955112121
2021-08-27 00:00:00+00:00,0.0,0.0,0.0,0.0
2021-08-29 00:00:00+00:00,0.0,0.0,0.0,0.0
2021-08-30 00:00:00+00:00,0.0,0.039493635588568325,0.019746817794284163,0.01614740761219982
2021-08-31 00:00:00+00:00,0.0,0.0,0.0,0.0
2021-09-01 00:00:00+00:00,-0.005076388505873549,0.0,-0.0025381942529367745,-0.0030008511900344093
2021-09-02 00:00:00+00:00,-0.0025203604778740304,0.0,-0.0012601802389370152,-0.0014898833551831333
2021-09-03 00:00:00+00:00,0.008849730741137644,0.0,0.004424865370568822,0.005231420919675472
2021-09-05 00:00:00+00:00,0.0,0.0,0.0,0.0
2021-09-06 00:00:00+00:00,0.0,0.0,0.0,0.0
2021-09-07 00:00:00+00:00,0.0,0.0,0.0,0.0
2021-09-08 00:00:00+00:00,0.0,0.0,0.0,0.0
2021-09-09 00:00:00+00:00,0.008682827559988388,0.0,0.004341413779994194,0.005132757941222823
2021-09-10 00:00:00+00:00,-0.01137902456847004,0.0,-0.00568951228423502,-0.006726585126062588
2021-09-12 00:00:00+00:00,0.0,0.0,0.0,0.0
2021-09-13 00:00:00+00:00,0.0,0.0,0.0,0.0
2021-09-14 00:00:00+00:00,0.0,0.0,0.0,0.0
2021-09-15 00:00:00+00:00,0.0,0.0,0.0,0.0
2021-09-16 00:00:00+00:00,0.0,0.0,0.0,0.0
2021-09-17 00:00:00+00:00,-0.011082795687281778,-0.010681558332002196,-0.010882177009641987,-0.010918745378203223
2021-09-19 00:00:00+00:00,0.0,0.0,0.0,0.0
2021-09-20 00:00:00+00:00,0.0,0.0,0.0,0.0
2021-09-21 00:00:00+00:00,0.008772003943106578,0.0,0.004386001971553289,0.005185473578549153
2021-09-22 00:00:00+00:00,0.0,0.0,0.0,0.0
2021-09-23 00:00:00+00:00,0.0,0.0,0.0,0.0
2021-09-24 00:00:00+00:00,0.008659022329857016,-0.010500427230007141,-0.000920702450075063,0.0008254704914929722
2021-09-26 00:00:00+00:00,0.0,0.0,0.0,0.0
2021-09-27 00:00:00+00:00,0.0,0.0,0.0,0.0
2021-09-28 00:00:00+00:00,0.0,0.03937588263144825,0.019687941315724124,0.016099263019588295
2021-09-29 00:00:00+00:00,0.0,0.0,0.0,0.0
2021-09-30 00:00:00+00:00,0.0,0.0,0.0,0.0
2021-10-01 00:00:00+00:00,0.0,0.0,0.0,0.0
2021-10-03 00:00:00+00:00,0.0,0.0,0.0,0.0
2021-10-04 00:00:00+00:00,0.0,0.0,0.0,0.0
2021-10-05 00:00:00+00:00,0.0,0.0,0.0,0.0
2021-10-06 00:00:00+00:00,0.0,0.0,0.0,0.0
2021-10-07 00:00:00+00:00,0.0,0.0,0.0,0.0
2021-10-08 00:00:00+00:00,0.0,0.0,0.0,0.0
2021-10-10 00:00:00+00:00,0.0,0.0,0.0,0.0
2021-10-11 00:00:00+00:00,-0.011425634650425343,0.0,-0.005712817325212671,-0.006754138162978761
2021-10-12 00:00:00+00:00,0.0,0.0,0.0,0.0
2021-10-13 00:00:00+00:00,0.0,0.0,0.0,0.0
2021-10-14 00:00:00+00:00,0.0,-0.010414458033309246,-0.005207229016654623,-0.004258065797636268
2021-10-15 00:00:00+00:00,0.0,0.0,0.0,0.0
2021-10-17 00:00:00+00:00,0.0,0.0,0.0,0.0
2021-10-18 00:00:00+00:00,0.0,0.0,0.0,0.0
2021-10-19 00:00:00+00:00,0.0,0.0,0.0,0.0
2021-10-20 00:00:00+00:00,0.008644004631487512,0.0,0.004322002315743756,0.0051098081943589495
2021-10-21 00:00:00+00:00,0.0,0.0,0.0,0.0
2021-10-22 00:00:00+00:00,0.0,0.0,0.0,0.0
2021-10-24 00:00:00+00:00,0.0,0.0,0.0,0.0
2021-10-25 00:00:00+00:00,0.0,0.0,0.0,0.0
2021-10-26 00:00:00+00:00,0.0,0.0,0.0,0.0
2021-10-27 00:00:00+00:00,0.0,0.0,0.0,0.0
2021-10-28 00:00:00+00:00,0.0,0.0,0.0,0.0
2021-10-29 00:00:00+00:00,0.0,0.0,0.0,0.0
2021-10-31 00:00:00+00:00,0.0,0.0,0.0,0.0
2021-11-01 00:00:00+00:00,0.0,0.0,0.0,0.0
2021-11-02 00:00:00+00:00,0.00020345595653681022,0.0,0.00010172797826840511,0.00012027074929089054
2021-11-03 00:00:00+00:00,0.008667946615921745,0.0,0.004333973307960873,0.005123961234930633
2021-11-04 00:00:00+00:00,-0.01139864033451559,0.0,-0.005699320167257795,-0.006738180770251979
2021-11-05 00:00:00+00:00,0.0,0.0,0.0,0.0
2021-11-07 00:00:00+00:00,0.0,0.0,0.0,0.0
2021-11-08 00:00:00+00:00,-0.010975549467526293,0.0,-0.0054877747337631465,-0.006488075261142794
2021-11-09 00:00:00+00:00,0.009093041310160973,0.0,0.0045465206550804865,0.0053752512844627235
2021-11-10 00:00:00+00:00,0.0,0.0,0.0,0.0
2021-11-11 00:00:00+00:00,0.0,0.0,0.0,0.0
2021-11-12 00:00:00+00:00,0.0,0.0,0.0,0.0
2021-11-14 00:00:00+00:00,0.0,0.0,0.0,0.0
2021-11-15 00:00:00+00:00,0.0,-0.010672936740544273,-0.005336468370272136,-0.004363747662134116
2021-11-16 00:00:00+00:00,0.0,0.0,0.0,0.0
2021-11-17 00:00:00+00:00,0.0,0.0,0.0,0.0
2021-11-18 00:00:00+00:00,-0.0010662367325001715,0.0,-0.0005331183662500858,-0.0006302941084748491
2021-11-19 00:00:00+00:00,0.008882394045464391,0.0,0.0044411970227321955,0.005250729472507069
2021-11-21 00:00:00+00:00,0.0,0.0,0.0,0.0
2021-11-22 00:00:00+00:00,0.0,0.0,0.0,0.0
2021-11-23 00:00:00+00:00,0.009154616314898712,0.0,0.004577308157449356,0.005411650670764585
2021-11-24 00:00:00+00:00,0.0,0.0,0.0,0.0
2021-11-25 00:00:00+00:00,0.0,0.0,0.0,0.0
2021-11-26 00:00:00+00:00,0.0,0.0,0.0,0.0
2021-11-28 00:00:00+00:00,0.0,0.0,0.0,0.0
2021-11-29 00:00:00+00:00,0.0,0.0,0.0,0.0
2021-11-30 00:00:00+00:00,-0.011101695408374024,-0.010422270356278237,-0.01076198288232613,-0.010823904997472822
2021-12-01 00:00:00+00:00,-0.01117097261678299,-0.01030120935277874,-0.010736090984780865,-0.010815360332912645
2021-12-02 00:00:00+00:00,0.0,0.0,0.0,0.0
2021-12-03 00:00:00+00:00,-0.011252794902888632,0.0,-0.005626397451444316,-0.006651965848649259
2021-12-05 00:00:00+00:00,0.0,0.0,0.0,0.0
2021-12-06 00:00:00+00:00,0.0088159232484595,0.0,0.00440796162422975,0.005211435992493892
2021-12-07 00:00:00+00:00,0.0,0.0,0.0,0.0
2021-12-08 00:00:00+00:00,0.003733056727547556,0.0,0.001866528363773778,0.002206755395172287
2021-12-09 00:00:00+00:00,0.0,0.0,0.0,0.0
2021-12-10 00:00:00+00:00,0.0,-0.010236313656655043,-0.005118156828327522,-0.004185229508426943
2021-12-12 00:00:00+00:00,0.0,0.0,0.0,0.0
2021-12-13 00:00:00+00:00,0.0,0.0,0.0,0.0
2021-12-14 00:00:00+00:00,0.0,0.0,0.0,0.0
2021-12-15 00:00:00+00:00,0.0090319518243004,0.0,0.0045159759121502,0.00533913890730105
2021-12-16 00:00:00+00:00,0.0,-0.010326018414887943,-0.005163009207443971,-0.004221906286200214
2021-12-17 00:00:00+00:00,-0.011001828115156036,0.0,-0.005500914057578018,-0.0065036095944431245
2021-12-19 00:00:00+00:00,0.0,0.0,0.0,0.0
2021-12-20 00:00:00+00:00,0.0,0.0,0.0,0.0
2021-12-21 00:00:00+00:00,0.0,0.0,0.0,0.0
2021-12-22 00:00:00+00:00,0.0,-0.010189369351661206,-0.005094684675830603,-0.004166035812619755
2021-12-23 00:00:00+00:00,0.0,0.0,0.0,0.0
2021-12-26 00:00:00+00:00,0.0,0.0,0.0,0.0
2021-12-27 00:00:00+00:00,0.004141740547407833,0.0,0.0020708702737039166,0.00244834433694783
2021-12-28 00:00:00+00:00,0.0,0.039807519345614446,0.019903759672807223,0.016275742441149817
2021-12-29 00:00:00+00:00,0.008855995991534575,0.0,0.0044279979957672876,0.0052351245534867415
2021-12-30 00:00:00+00:00,0.008989344160103814,0.0,0.004494672080051907,0.005313951855588799
2021-12-31 00:00:00+00:00,0.0,0.0,0.0,0.0
2022-01-02 00:00:00+00:00,0.0,0.0,0.0,0.0
2022-01-03 00:00:00+00:00,0.0,0.0,0.0,0.0
2022-01-04 00:00:00+00:00,0.008880164330914764,0.0,0.004440082165457382,0.005249411401293263
2022-01-05 00:00:00+00:00,0.0,0.0,0.0,0.0
2022-01-06 00:00:00+00:00,0.0,0.0,0.0,0.0
2022-01-07 00:00:00+00:00,0.0,0.0,0.0,0.0
2022-01-09 00:00:00+00:00,0.0,0.0,0.0,0.0
2022-01-10 00:00:00+00:00,0.0,0.0,0.0,0.0
2022-01-11 00:00:00+00:00,0.0,0.0,0.0,0.0
2022-01-12 00:00:00+00:00,0.0,0.0,0.0,0.0
2022-01-13 00:00:00+00:00,0.0,0.0,0.0,0.0
2022-01-14 00:00:00+00:00,0.0,0.0,0.0,0.0
2022-01-16 00:00:00+00:00,0.0,0.0,0.0,0.0
2022-01-17 00:00:00+00:00,0.0,0.0,0.0,0.0
2022-01-18 00:00:00+00:00,0.0,0.0,0.0,0.0
2022-01-19 00:00:00+00:00,0.0,0.039748985629461886,0.019874492814730943,0.0162518102870271
2022-01-20 00:00:00+00:00,0.0,0.0,0.0,0.0
2022-01-21 00:00:00+00:00,0.009078246842886757,0.0,0.004539123421443378,0.005366505697974536
2022-01-23 00:00:00+00:00,0.0,0.0,0.0,0.0
2022-01-24 00:00:00+00:00,0.0,0.0,0.0,0.0
2022-01-25 00:00:00+00:00,-0.01080737496009672,0.0,-0.00540368748004836,-0.006388660752152876
2022-01-26 00:00:00+00:00,0.0,0.0,0.0,0.0
2022-01-27 00:00:00+00:00,0.009079265970370804,0.0,0.004539632985185402,0.0053671081439693145
2022-01-28 00:00:00+00:00,0.0,0.0,0.0,0.0
2022-01-30 00:00:00+00:00,0.0,0.0,0.0,0.0
2022-01-31 00:00:00+00:00,-0.011062804623311497,0.0,-0.0055314023116557485,-0.0065396551860779535
2022-02-01 00:00:00+00:00,0.0,0.0,0.0,0.0
2022-02-02 00:00:00+00:00,0.009171478020076134,0.0,0.004585739010038067,0.0054216182821854066
2022-02-03 00:00:00+00:00,0.0,0.0,0.0,0.0
2022-02-04 00:00:00+00:00,0.0,-0.01012210468576299,-0.005061052342881495,-0.004138533913592983
2022-02-06 00:00:00+00:00,0.0,0.0,0.0,0.0
2022-02-07 00:00:00+00:00,0.0,0.0,0.0,0.0
2022-02-08 00:00:00+00:00,0.0,0.0,0.0,0.0
2022-02-09 00:00:00+00:00,0.0,0.0,0.0,0.0
2022-02-10 00:00:00+00:00,0.0,0.0,0.0,0.0
2022-02-11 00:00:00+00:00,0.00905267063933819,-0.01035580589997822,-0.0006515676303200145,0.0011173013794143457
2022-02-13 00:00:00+00:00,0.0,0.0,0.0,0.0
2022-02-14 00:00:00+00:00,0.0,0.0,0.0,0.0
2022-02-15 00:00:00+00:00,0.0,0.0,0.0,0.0
2022-02-16 00:00:00+00:00,0.0,0.0,0.0,0.0
2022-02-17 00:00:00+00:00,0.0,0.0,0.0,0.0
2022-02-18 00:00:00+00:00,0.0,0.0,0.0,0.0
2022-02-20 00:00:00+00:00,0.0,0.0,0.0,0.0
2022-02-21 00:00:00+00:00,0.0,0.0,0.0,0.0
2022-02-22 00:00:00+00:00,0.0,0.0,0.0,0.0
2022-02-23 00:00:00+00:00,0.0,0.0,0.0,0.0
2022-02-24 00:00:00+00:00,0.0,0.0,0.0,0.0
2022-02-25 00:00:00+00:00,0.00908047170318517,0.0,0.004540235851592585,0.005367820899651167
2022-02-27 00:00:00+00:00,0.0,0.0,0.0,0.0
2022-02-28 00:00:00+00:00,0.0,0.0,0.0,0.0
2022-03-01 00:00:00+00:00,0.00922373220836772,0.0,0.00461186610418386,0.005452507770438258
2022-03-02 00:00:00+00:00,-0.01103553436161897,0.0,-0.005517767180809485,-0.006523534671038988
2022-03-03 00:00:00+00:00,0.0,0.0,0.0,0.0
2022-03-04 00:00:00+00:00,0.0,0.0,0.0,0.0
2022-03-06 00:00:00+00:00,0.0,0.0,0.0,0.0
2022-03-07 00:00:00+00:00,0.008944448850967613,0.0,0.0044722244254838065,0.005287412487750335
2022-03-08 00:00:00+00:00,0.00907910849865295,0.03979367158184251,0.024436390040247728,0.021637095686807526
2022-03-09 00:00:00+00:00,0.008824745426271723,0.0,0.0044123727131358615,0.005216651125802912
2022-03-10 00:00:00+00:00,0.0,0.0,0.0,0.0
2022-03-11 00:00:00+00:00,-0.010970972965482925,0.0,-0.005485486482741463,-0.006485369912332878
2022-03-13 00:00:00+00:00,0.0,0.0,0.0,0.0
2022-03-14 00:00:00+00:00,0.0,0.0,0.0,0.0
2022-03-15 00:00:00+00:00,0.008641161483398696,0.0,0.004320580741699348,0.005108127498660443
2022-03-16 00:00:00+00:00,0.0,0.0,0.0,0.0
2022-03-17 00:00:00+00:00,0.0,0.0,0.0,0.0
2022-03-18 00:00:00+00:00,-0.011051692276699424,0.0,-0.005525846138349712,-0.006533086244690523
2022-03-20 00:00:00+00:00,0.0,0.0,0.0,0.0
2022-03-21 00:00:00+00:00,0.008599370130946438,0.0,0.004299685065473219,0.005083423000650805
2022-03-22 00:00:00+00:00,0.0,0.0,0.0,0.0
2022-03-23 00:00:00+00:00,0.0,0.0,0.0,0.0
2022-03-24 00:00:00+00:00,0.008663430834078441,0.0,0.004331715417039221,0.0051212917801986444
2022-03-25 00:00:00+00:00,0.0,0.0,0.0,0.0
2022-03-27 00:00:00+00:00,0.0,0.0,0.0,0.0
2022-03-28 00:00:00+00:00,0.0,0.0,0.0,0.0
2022-03-29 00:00:00+00:00,0.008801601705412982,0.0,0.004400800852706491,0.005202969969957488
2022-03-30 00:00:00+00:00,-0.001812153211196782,0.0,-0.000906076605598391,-0.0010712344246411778
2022-03-31 00:00:00+00:00,0.0,0.0,0.0,0.0
2022-04-01 00:00:00+00:00,0.008869006997499458,0.0,0.004434503498749729,0.0052428158664522655
2022-04-03 00:00:00+00:00,0.0,0.0,0.0,0.0
2022-04-04 00:00:00+00:00,0.0,0.0,0.0,0.0
2022-04-05 00:00:00+00:00,0.0,-0.010224547719675963,-0.005112273859837982,-0.0041804188755867585
2022-04-06 00:00:00+00:00,0.0,0.0,0.0,0.0
2022-04-07 00:00:00+00:00,0.008716550750843705,0.0,0.0043582753754218525,0.005152693034309738
2022-04-08 00:00:00+00:00,0.008730605216419184,0.0,0.004365302608209592,0.005161001176938828
2022-04-10 00:00:00+00:00,0.0,0.0,0.0,0.0
2022-04-11 00:00:00+00:00,0.0,0.0,0.0,0.0
2022-04-12 00:00:00+00:00,0.0,0.0,0.0,0.0
2022-04-13 00:00:00+00:00,-0.010920874002323378,0.0,-0.005460437001161689,-0.006455754461694522
2022-04-14 00:00:00+00:00,0.0,0.0,0.0,0.0
2022-04-17 00:00:00+00:00,0.0,0.0,0.0,0.0
2022-04-18 00:00:00+00:00,0.0,0.0,0.0,0.0
2022-04-19 00:00:00+00:00,0.0,0.0,0.0,0.0
2022-04-20 00:00:00+00:00,0.0,0.0,0.0,0.0
2022-04-21 00:00:00+00:00,0.008662100656342575,-0.010251345864231454,-0.0007946226039444396,0.0009291298683188932
2022-04-22 00:00:00+00:00,0.0,0.0,0.0,0.0
2022-04-24 00:00:00+00:00,0.0,0.0,0.0,0.0
2022-04-25 00:00:00+00:00,0.0,0.0,0.0,0.0
2022-04-26 00:00:00+00:00,0.0,0.039759665755682495,0.019879832877841248,0.01625617697418729
2022-04-27 00:00:00+00:00,0.0,0.0,0.0,0.0
2022-04-28 00:00:00+00:00,0.0,0.0,0.0,0.0
2022-04-29 00:00:00+00:00,0.0,0.0,0.0,0.0
2022-05-01 00:00:00+00:00,0.0,0.0,0.0,0.0
2022-05-02 00:00:00+00:00,0.0,0.0,0.0,0.0
2022-05-03 00:00:00+00:00,0.0,0.0,0.0,0.0
2022-05-04 00:00:00+00:00,0.0,0.0,0.0,0.0
2022-05-05 00:00:00+00:00,0.0,0.0,0.0,0.0
2022-05-06 00:00:00+00:00,0.0,0.0,0.0,0.0
2022-05-08 00:00:00+00:00,0.0,0.0,0.0,0.0
2022-05-09 00:00:00+00:00,0.0,0.0,0.0,0.0
2022-05-10 00:00:00+00:00,0.008887303044148052,0.039785161976503974,0.024336232510326013,0.021520232757750207
2022-05-11 00:00:00+00:00,0.0,0.0,0.0,0.0
2022-05-12 00:00:00+00:00,-0.01136837259110541,0.0,-0.005684186295552705,-0.006720288326888552
2022-05-13 00:00:00+00:00,0.0,0.0,0.0,0.0
2022-05-15 00:00:00+00:00,0.0,0.0,0.0,0.0
2022-05-16 00:00:00+00:00,0.008511130623988655,0.0,0.004255565311994327,0.005031261187354612
2022-05-17 00:00:00+00:00,0.0,0.0,0.0,0.0
2022-05-18 00:00:00+00:00,0.008916230928720695,0.0,0.004458115464360347,0.005270731773605429
2022-05-19 00:00:00+00:00,0.008633671684230447,0.0,0.004316835842115224,0.005103699986321474
2022-05-20 00:00:00+00:00,-0.011498622949569888,-0.010264526793515201,-0.010881574871542544,-0.010994049152615318
2022-05-22 00:00:00+00:00,0.0,0.0,0.0,0.0
2022-05-23 00:00:00+00:00,-0.01144087874219254,0.0,-0.00572043937109627,-0.00676314954003701
2022-05-24 00:00:00+00:00,0.0,0.0,0.0,0.0
2022-05-25 00:00:00+00:00,0.008708403759042692,0.0,0.004354201879521346,0.0051478770297795524
2022-05-26 00:00:00+00:00,0.0,0.0,0.0,0.0
2022-05-27 00:00:00+00:00,0.0,0.0,0.0,0.0
2022-05-29 00:00:00+00:00,0.0,0.0,0.0,0.0
2022-05-30 00:00:00+00:00,0.0,0.0,0.0,0.0
2022-05-31 00:00:00+00:00,0.0,0.0,0.0,0.0
2022-06-01 00:00:00+00:00,0.008429590505963628,0.0,0.004214795252981814,0.004983059644086631
2022-06-02 00:00:00+00:00,0.003848348506355216,0.0,0.001924174253177608,0.0022749088612113518
2022-06-03 00:00:00+00:00,0.0,0.0,0.0,0.0
2022-06-05 00:00:00+00:00,0.0,0.0,0.0,0.0
2022-06-06 00:00:00+00:00,0.008509327520648192,0.0,0.004254663760324096,0.005030195302661445
2022-06-07 00:00:00+00:00,0.0,-0.010380724721583297,-0.005190362360791649,-0.0042442735618385095
2022-06-08 00:00:00+00:00,-0.007562651110198813,0.0,-0.0037813255550994064,-0.004470577962580483
2022-06-09 00:00:00+00:00,0.0,0.0,0.0,0.0
2022-06-10 00:00:00+00:00,0.0,0.03980743779527769,0.019903718897638846,0.016275709098397022
2022-06-12 00:00:00+00:00,0.0,0.0,0.0,0.0
2022-06-13 00:00:00+00:00,0.00873387792254298,0.0,0.00436693896127149,0.005162935801141619
2022-06-14 00:00:00+00:00,0.008722064086833533,0.0,0.004361032043416767,0.005155952182195483
2022-06-15 00:00:00+00:00,0.0,0.0,0.0,0.0
2022-06-16 00:00:00+00:00,0.0,0.0,0.0,0.0
2022-06-17 00:00:00+00:00,0.0,0.0,0.0,0.0
2022-06-19 00:00:00+00:00,0.0,0.0,0.0,0.0
2022-06-20 00:00:00+00:00,0.0,0.0,0.0,0.0
2022-06-21 00:00:00+00:00,0.0,0.0,0.0,0.0
2022-06-22 00:00:00+00:00,0.0,-0.010426449472134005,-0.005213224736067002,-0.004262968629388132
2022-06-23 00:00:00+00:00,0.008923372274820138,0.0,0.004461686137410069,0.005274953301748156
2022-06-24 00:00:00+00:00,0.0,0.0,0.0,0.0
2022-06-26 00:00:00+00:00,0.0,0.0,0.0,0.0
2022-06-27 00:00:00+00:00,0.0,0.0,0.0,0.0
2022-06-28 00:00:00+00:00,0.0,0.0,0.0,0.0
2022-06-29 00:00:00+00:00,0.0,0.0,0.0,0.0
2022-06-30 00:00:00+00:00,0.0,0.0,0.0,0.0
2022-07-01 00:00:00+00:00,0.0,0.0,0.0,0.0
2022-07-03 00:00:00+00:00,0.0,0.0,0.0,0.0
2022-07-04 00:00:00+00:00,0.0,0.0,0.0,0.0
2022-07-05 00:00:00+00:00,0.0,-0.010326294685669164,-0.005163147342834582,-0.004222019242549996
2022-07-06 00:00:00+00:00,0.0,0.0,0.0,0.0
2022-07-07 00:00:00+00:00,0.0,0.0,0.0,0.0
2022-07-08 00:00:00+00:00,0.008882255227952815,0.0,0.0044411276139764075,0.005250647412063049
2022-07-10 00:00:00+00:00,0.0,0.0,0.0,0.0
2022-07-11 00:00:00+00:00,0.0,0.0,0.0,0.0
2022-07-12 00:00:00+00:00,-0.01112690854981246,0.0,-0.00556345427490623,-0.0065775495166446
2022-07-13 00:00:00+00:00,0.008854892299150686,-0.010344784461261197,-0.0007449460810552552,0.0010048931270666287
2022-07-14 00:00:00+00:00,0.0,0.0,0.0,0.0
2022-07-15 00:00:00+00:00,0.0,0.0,0.0,0.0
2022-07-17 00:00:00+00:00,0.0,0.0,0.0,0.0
2022-07-18 00:00:00+00:00,0.00851268313535952,-0.010146066591816284,-0.0008166917282283817,0.000883847934734428
2022-07-19 00:00:00+00:00,0.0,0.0,0.0,0.0
2022-07-20 00:00:00+00:00,0.0,0.0,0.0,0.0
2022-07-21 00:00:00+00:00,0.0,0.0,0.0,0.0
2022-07-22 00:00:00+00:00,0.0,0.0,0.0,0.0
2022-07-24 00:00:00+00:00,0.0,0.0,0.0,0.0
2022-07-25 00:00:00+00:00,0.0,0.0,0.0,0.0
2022-07-26 00:00:00+00:00,0.0,0.0,0.0,0.0
2022-07-27 00:00:00+00:00,0.00920651172314937,0.0,0.004603255861574685,0.005442328070145291
2022-07-28 00:00:00+00:00,0.0,-0.010330999018676599,-0.0051654995093382994,-0.004223942660880128
2022-07-29 00:00:00+00:00,0.0,0.0,0.0,0.0
2022-07-31 00:00:00+00:00,0.0,0.0,0.0,0.0
2022-08-01 00:00:00+00:00,0.0,0.0,0.0,0.0
2022-08-02 00:00:00+00:00,-0.01146274022619749,0.0,-0.005731370113098745,-0.006776072715679747
2022-08-03 00:00:00+00:00,0.008839410184628995,0.0,0.0044197050923144975,0.005225320036292538
2022-08-04 00:00:00+00:00,0.008659350636976577,0.0,0.0043296753184882885,0.005118879816592129
2022-08-05 00:00:00+00:00,-0.005075442995762053,0.0,-0.0025377214978810265,-0.003000292262139117
2022-08-07 00:00:00+00:00,0.0,0.0,0.0,0.0
2022-08-08 00:00:00+00:00,0.0,0.0,0.0,0.0
2022-08-09 00:00:00+00:00,0.008645759087669314,0.0,0.004322879543834657,0.005110845321819728
2022-08-10 00:00:00+00:00,0.0,0.0,0.0,0.0
2022-08-11 00:00:00+00:00,0.0,0.0,0.0,0.0
2022-08-12 00:00:00+00:00,0.0,0.0,0.0,0.0
2022-08-14 00:00:00+00:00,0.0,0.0,0.0,0.0
2022-08-15 00:00:00+00:00,0.0,0.0,0.0,0.0
2022-08-16 00:00:00+00:00,0.0,0.0,0.0,0.0
2022-08-17 00:00:00+00:00,0.0,0.0,0.0,0.0
2022-08-18 00:00:00+00:00,0.0,0.0,0.0,0.0
2022-08-19 00:00:00+00:00,0.0,-0.010220948036629873,-0.005110474018314937,-0.0041789471055520755
2022-08-21 00:00:00+00:00,0.0,0.0,0.0,0.0
2022-08-22 00:00:00+00:00,0.0,0.0,0.0,0.0
2022-08-23 00:00:00+00:00,0.008643939892006876,0.0,0.004321969946003438,0.005109769924327551
2022-08-24 00:00:00+00:00,0.008784238371703636,0.0,0.004392119185851818,0.005192705826351385
2022-08-25 00:00:00+00:00,0.0,0.0,0.0,0.0
2022-08-26 00:00:00+00:00,0.0,0.0,0.0,0.0
2022-08-28 00:00:00+00:00,0.0,0.0,0.0,0.0
2022-08-29 00:00:00+00:00,0.0,0.0,0.0,0.0
2022-08-30 00:00:00+00:00,0.0,0.0,0.0,0.0
2022-09-01 00:00:00+00:00,0.008437474184099559,0.0,0.0042187370920497794,0.004987719993641966
2022-09-02 00:00:00+00:00,0.0,0.0,0.0,0.0
2022-09-04 00:00:00+00:00,0.0,0.0,0.0,0.0
2022-09-05 00:00:00+00:00,0.0,0.0,0.0,0.0
2022-09-06 00:00:00+00:00,0.008500710551922967,0.0,0.004250355275961484,0.005025101476445492
2022-09-07 00:00:00+00:00,0.008577850371554164,0.0,0.004288925185777082,0.005070701831751529
2022-09-08 00:00:00+00:00,0.008791420017193638,0.0,0.004395710008596819,0.00519695117703527
2022-09-09 00:00:00+00:00,-0.003916529689089382,0.0,-0.001958264844544691,-0.0023152134169223747
2022-09-11 00:00:00+00:00,0.0,0.0,0.0,0.0
2022-09-12 00:00:00+00:00,0.00878553502820598,0.0,0.00439276751410299,0.005193472330570599
2022-09-13 00:00:00+00:00,0.0,0.0,0.0,0.0
2022-09-14 00:00:00+00:00,0.0,0.0,0.0,0.0
2022-09-15 00:00:00+00:00,0.0,-0.010334313245930222,-0.005167156622965111,-0.004225297719172082
2022-09-16 00:00:00+00:00,0.0,0.0,0.0,0.0
2022-09-18 00:00:00+00:00,0.0,0.0,0.0,0.0
2022-09-19 00:00:00+00:00,0.009064912738675768,0.0,0.004532456369337884,0.0053586233890371305
2022-09-20 00:00:00+00:00,0.0,0.0,0.0,0.0
2022-09-21 00:00:00+00:00,0.0,0.0,0.0,0.0
2022-09-22 00:00:00+00:00,0.0,0.0,0.0,0.0
2022-09-23 00:00:00+00:00,0.0,0.0,0.0,0.0
2022-09-25 00:00:00+00:00,0.0,0.0,0.0,0.0
2022-09-26 00:00:00+00:00,-0.011296311187511454,0.0,-0.005648155593755727,-0.006677690021325401
2022-09-27 00:00:00+00:00,0.0,0.0,0.0,0.0
2022-09-28 00:00:00+00:00,0.0,0.0,0.0,0.0
2022-09-29 00:00:00+00:00,0.008667043126001958,0.0,0.004333521563000979,0.005123427146809158
2022-09-30 00:00:00+00:00,0.0,0.0,0.0,0.0
2022-10-02 00:00:00+00:00,0.0,0.0,0.0,0.0
2022-10-03 00:00:00+00:00,0.008736512253348405,0.0,0.004368256126674202,0.005164493056801475
2022-10-04 00:00:00+00:00,0.008728290052726862,0.0,0.004364145026363431,0.005159632593404849
2022-10-05 00:00:00+00:00,0.0,0.0,0.0,0.0
2022-10-06 00:00:00+00:00,0.0,0.0,0.0,0.0
2022-10-07 00:00:00+00:00,-0.011435330579729782,0.0,-0.005717665289864891,-0.006759869804865124
2022-10-09 00:00:00+00:00,0.0,0.0,0.0,0.0
2022-10-10 00:00:00+00:00,0.0,0.0,0.0,0.0
2022-10-11 00:00:00+00:00,-0.011245500359971228,0.0,-0.005622750179985614,-0.0066476537598938144
2022-10-12 00:00:00+00:00,0.0,0.0,0.0,0.0
2022-10-13 00:00:00+00:00,0.0,0.03984979801814354,0.01992489900907177,0.016293028541769727
2022-10-14 00:00:00+00:00,0.0,0.0,0.0,0.0
2022-10-16 00:00:00+00:00,0.0,0.0,0.0,0.0
2022-10-17 00:00:00+00:00,0.0,0.0,0.0,0.0
2022-10-18 00:00:00+00:00,0.0,0.0,0.0,0.0
2022-10-19 00:00:00+00:00,0.0,0.0,0.0,0.0
2022-10-20 00:00:00+00:00,0.0,0.0,0.0,0.0
2022-10-21 00:00:00+00:00,0.0,-0.010270177941388127,-0.005135088970694064,-0.004199075293980274
2022-10-23 00:00:00+00:00,0.0,0.0,0.0,0.0
2022-10-24 00:00:00+00:00,0.0,0.0,0.0,0.0
2022-10-25 00:00:00+00:00,0.0,0.0,0.0,0.0
2022-10-26 00:00:00+00:00,0.0,0.0,0.0,0.0
2022-10-27 00:00:00+00:00,-0.011669397378216255,0.0,-0.0058346986891081275,-0.0068982358164446115
2022-10-28 00:00:00+00:00,0.0,-0.01028707486968129,-0.005143537434840645,-0.004205983789095441
2022-10-30 00:00:00+00:00,0.0,0.0,0.0,0.0
2022-10-31 00:00:00+00:00,-0.011669407317690799,-0.01028897279885127,-0.010979190058271034,-0.011105001470382457
2022-11-01 00:00:00+00:00,0.008535624450707614,0.0,0.004267812225353807,0.005045740443418848
2022-11-02 00:00:00+00:00,0.008392864706558681,-0.010477821912536602,-0.0010424786029889603,0.0006773767749078041
2022-11-03 00:00:00+00:00,0.0,0.0,0.0,0.0
2022-11-04 00:00:00+00:00,0.0,0.0,0.0,0.0
2022-11-06 00:00:00+00:00,0.0,0.0,0.0,0.0
2022-11-07 00:00:00+00:00,0.005952050935820512,0.0,0.002976025467910256,0.0035184893971839195
2022-11-08 00:00:00+00:00,0.0,0.0,0.0,0.0
2022-11-09 00:00:00+00:00,0.0,0.0,0.0,0.0
2022-11-10 00:00:00+00:00,0.0,-0.01023448283174075,-0.005117241415870375,-0.00418448095550906
2022-11-11 00:00:00+00:00,0.0,0.0,0.0,0.0
2022-11-13 00:00:00+00:00,0.0,0.0,0.0,0.0
2022-11-14 00:00:00+00:00,0.0,0.0,0.0,0.0
2022-11-15 00:00:00+00:00,0.0,0.03986543526256075,0.019932717631280374,0.01629942200126702
2022-11-16 00:00:00+00:00,0.0,0.0,0.0,0.0
2022-11-17 00:00:00+00:00,-0.011258164799717054,0.0,-0.005629082399858527,-0.0066551402040535565
2022-11-18 00:00:00+00:00,-0.011306613021172711,0.0,-0.005653306510586356,-0.006683779836903179
2022-11-20 00:00:00+00:00,0.0,0.0,0.0,0.0
2022-11-21 00:00:00+00:00,0.008887346730000533,0.0,0.0044436733650002665,0.005253657197456992
2022-11-22 00:00:00+00:00,0.00868215970835323,0.0,0.004341079854176615,0.005132363148079664
2022-11-23 00:00:00+00:00,0.0,0.0,0.0,0.0
2022-11-24 00:00:00+00:00,0.0,0.0,0.0,0.0
2022-11-25 00:00:00+00:00,0.0,0.0,0.0,0.0
2022-11-27 00:00:00+00:00,0.0,0.0,0.0,0.0
2022-11-28 00:00:00+00:00,0.00877603258641331,-0.010606626741083003,-0.0009152970773348467,0.0008512189777091332
2022-11-29 00:00:00+00:00,0.0,0.0,0.0,0.0
2022-11-30 00:00:00+00:00,0.0,0.0,0.0,0.0
2022-12-01 00:00:00+00:00,0.0,-0.010410637243495084,-0.005205318621747542,-0.004256503625665763
2022-12-02 00:00:00+00:00,0.0,0.0,0.0,0.0
2022-12-04 00:00:00+00:00,0.0,0.0,0.0,0.0
2022-12-05 00:00:00+00:00,0.0,0.0,0.0,0.0
2022-12-06 00:00:00+00:00,0.00870584163695249,0.0,0.004352920818476245,0.005146362459506906
2022-12-07 00:00:00+00:00,0.0,0.0,0.0,0.0
2022-12-08 00:00:00+00:00,-0.011169198861704577,0.0,-0.005584599430852289,-0.006602548969035124
2022-12-09 00:00:00+00:00,0.0,0.0,0.0,0.0
2022-12-11 00:00:00+00:00,0.0,0.0,0.0,0.0
2022-12-12 00:00:00+00:00,0.0,0.0,0.0,0.0
2022-12-13 00:00:00+00:00,0.0,0.03954894325284591,0.019774471626422954,0.01617002075950468
2022-12-14 00:00:00+00:00,0.0,0.0,0.0,0.0
2022-12-15 00:00:00+00:00,0.0,0.0,0.0,0.0
2022-12-16 00:00:00+00:00,0.0,0.0,0.0,0.0
2022-12-18 00:00:00+00:00,0.0,0.0,0.0,0.0
2022-12-19 00:00:00+00:00,0.0,0.0,0.0,0.0
2022-12-20 00:00:00+00:00,0.0,0.0,0.0,0.0
2022-12-21 00:00:00+00:00,0.0,0.0,0.0,0.0
2022-12-22 00:00:00+00:00,0.0,0.0,0.0,0.0
2022-12-23 00:00:00+00:00,0.0,0.0,0.0,0.0
2022-12-26 00:00:00+00:00,0.0,0.0,0.0,0.0
2022-12-27 00:00:00+00:00,0.00890186677125076,0.0,0.00445093338562538,0.005262240560021674
2022-12-28 00:00:00+00:00,0.00891383858311349,0.0398681310081858,0.024390984795649644,0.021569841751369574
2022-12-29 00:00:00+00:00,0.0,0.0,0.0,0.0
2022-12-30 00:00:00+00:00,-0.01124973115928518,0.0,-0.00562486557964259,-0.006650154750340345
2023-01-02 00:00:00+00:00,0.0,0.0,0.0,0.0
2023-01-13 00:00:00+00:00,0.0,0.0,0.0,0.0
2023-01-15 00:00:00+00:00,0.0,0.0,0.0,0.0
2023-01-18 00:00:00+00:00,0.0,0.0,0.0,0.0
2023-02-02 00:00:00+00:00,0.0,0.03962559327655623,0.019812796638278115,0.016201359965376468
2023-02-07 00:00:00+00:00,0.0,0.0,0.0,0.0
2023-02-10 00:00:00+00:00,0.0,0.0,0.0,0.0
2023-02-20 00:00:00+00:00,0.0,0.0,0.0,0.0
2023-02-21 00:00:00+00:00,0.0,0.0,0.0,0.0
2023-02-22 00:00:00+00:00,0.008953383881621169,0.0,0.0044766919408105845,0.00529269433277435
2023-02-23 00:00:00+00:00,0.0,0.0,0.0,0.0
2023-02-24 00:00:00+00:00,0.0,0.0,0.0,0.0
2023-02-26 00:00:00+00:00,0.0,0.0,0.0,0.0
2023-02-27 00:00:00+00:00,0.0,0.0,0.0,0.0
2023-02-28 00:00:00+00:00,0.0,0.0,0.0,0.0
2023-03-01 00:00:00+00:00,0.0,-0.020882342607789005,-0.010441171303894502,-0.008537975624689772
2023-03-02 00:00:00+00:00,0.0,0.0,0.0,0.0
2023-03-03 00:00:00+00:00,0.0,0.0,0.0,0.0
2023-03-05 00:00:00+00:00,0.0,0.0,0.0,0.0
2023-03-06 00:00:00+00:00,0.008833073611175244,0.0,0.004416536805587622,0.005221574240641274
2023-03-07 00:00:00+00:00,0.0,0.0,0.0,0.0
2023-03-08 00:00:00+00:00,0.0,0.0,0.0,0.0
2023-03-09 00:00:00+00:00,0.0,-0.01023317877113477,-0.005116589385567385,-0.004183947775976662
2023-03-10 00:00:00+00:00,0.0,0.0,0.0,0.0
2023-03-12 00:00:00+00:00,0.0,0.0,0.0,0.0
2023-03-13 00:00:00+00:00,0.0,0.0,0.0,0.0
2023-03-14 00:00:00+00:00,0.0,0.0,0.0,0.0
2023-03-15 00:00:00+00:00,0.0,-0.01028958551986513,-0.005144792759932565,-0.004207010296057536
2023-03-16 00:00:00+00:00,0.0,0.0,0.0,0.0
2023-03-17 00:00:00+00:00,0.0,0.0,0.0,0.0
2023-03-19 00:00:00+00:00,0.0,0.0,0.0,0.0
2023-03-20 00:00:00+00:00,0.0,0.0,0.0,0.0
2023-03-21 00:00:00+00:00,0.008571787161452628,0.0,0.004285893580726314,0.005067117631837048
2023-03-22 00:00:00+00:00,0.0,0.0,0.0,0.0
2023-03-23 00:00:00+00:00,0.0,0.0,0.0,0.0
2023-03-24 00:00:00+00:00,0.0,0.0,0.0,0.0
2023-03-26 00:00:00+00:00,0.0,0.0,0.0,0.0
2023-03-27 00:00:00+00:00,0.0,0.0,0.0,0.0
2023-03-28 00:00:00+00:00,0.0,0.0,0.0,0.0
2023-03-29 00:00:00+00:00,0.0,0.0,0.0,0.0
2023-03-30 00:00:00+00:00,-0.010991207359765538,0.0,-0.005495603679882769,-0.006497331251795441
2023-03-31 00:00:00+00:00,0.008787008558412726,0.03947566293889654,0.02413133574865463,0.02133440268829201
2023-04-02 00:00:00+00:00,0.0,0.0,0.0,0.0
2023-04-03 00:00:00+00:00,0.0,0.0,0.0,0.0
2023-04-04 00:00:00+00:00,0.0,0.0,0.0,0.0
2023-04-05 00:00:00+00:00,0.0,0.0,0.0,0.0
2023-04-06 00:00:00+00:00,0.0,0.0,0.0,0.0
2023-04-07 00:00:00+00:00,0.0,0.0,0.0,0.0
2023-04-09 00:00:00+00:00,0.0,0.0,0.0,0.0
2023-04-10 00:00:00+00:00,0.0,-0.010517424979330564,-0.005258712489665282,-0.004300164966862179
2023-04-11 00:00:00+00:00,0.0,-0.01058482053746841,-0.005292410268734205,-0.00432772038262184
2023-04-12 00:00:00+00:00,0.0,0.0,0.0,0.0
2023-04-13 00:00:00+00:00,0.0,0.0,0.0,0.0
2023-04-14 00:00:00+00:00,0.008712312644951389,-0.010521346338506155,-0.0009045168467773828,0.0008484194669367701
2023-04-16 00:00:00+00:00,0.0,0.0,0.0,0.0
2023-04-17 00:00:00+00:00,0.0,0.0,0.0,0.0
2023-04-18 00:00:00+00:00,0.008746560913991014,0.0,0.004373280456995507,0.005170433211935925
2023-04-19 00:00:00+00:00,0.0019699573970370695,0.0,0.0009849786985185347,0.0011645186321685033
2023-04-20 00:00:00+00:00,0.0,0.0,0.0,0.0
2023-04-21 00:00:00+00:00,0.0,0.0,0.0,0.0
2023-04-23 00:00:00+00:00,0.0,0.0,0.0,0.0
2023-04-24 00:00:00+00:00,0.0,0.0,0.0,0.0
2023-04-25 00:00:00+00:00,0.0,0.0,0.0,0.0
2023-04-26 00:00:00+00:00,0.0,0.0,0.0,0.0
2023-04-27 00:00:00+00:00,0.0,0.0,0.0,0.0
2023-04-28 00:00:00+00:00,0.0,0.0,0.0,0.0
2023-04-30 00:00:00+00:00,0.0,0.0,0.0,0.0
2023-05-01 00:00:00+00:00,0.0,0.0,0.0,0.0
2023-05-02 00:00:00+00:00,0.0,-0.010422725916177735,-0.0052113629580888676,-0.004261446212550667
2023-05-03 00:00:00+00:00,0.0,0.0,0.0,0.0
2023-05-04 00:00:00+00:00,0.0,0.0,0.0,0.0
2023-05-05 00:00:00+00:00,0.0,0.0,0.0,0.0
2023-05-07 00:00:00+00:00,0.0,0.0,0.0,0.0
2023-05-08 00:00:00+00:00,0.0,0.0,0.0,0.0
2023-05-09 00:00:00+00:00,0.009190388871885205,0.0,0.004595194435942603,0.005432797224082812
2023-05-10 00:00:00+00:00,0.0,-0.01025377521769923,-0.005126887608849615,-0.0041923688598572125
2023-05-11 00:00:00+00:00,0.0,0.0,0.0,0.0
2023-05-12 00:00:00+00:00,0.0,0.0,0.0,0.0
2023-05-14 00:00:00+00:00,0.0,0.0,0.0,0.0
2023-05-15 00:00:00+00:00,0.0,0.0,0.0,0.0
2023-05-16 00:00:00+00:00,0.0,0.0,0.0,0.0
2023-05-17 00:00:00+00:00,0.0,0.0,0.0,0.0
2023-05-18 00:00:00+00:00,-0.011217799765262484,0.0,-0.005608899882631242,-0.006631278858228936
2023-05-19 00:00:00+00:00,0.0,0.0,0.0,0.0
2023-05-21 00:00:00+00:00,0.0,0.0,0.0,0.0
2023-05-22 00:00:00+00:00,0.0,0.0,0.0,0.0
2023-05-23 00:00:00+00:00,0.0,0.0,0.0,0.0
2023-05-24 00:00:00+00:00,0.00863862076661272,0.0,0.00431931038330636,0.005106625581897786
2023-05-25 00:00:00+00:00,0.0,0.0,0.0,0.0
2023-05-26 00:00:00+00:00,-0.011209918253616318,0.039462901545955664,0.014126491646169673,0.009508221871221455
2023-05-28 00:00:00+00:00,0.0,0.0,0.0,0.0
2023-05-29 00:00:00+00:00,0.0,0.0,0.0,0.0
2023-05-30 00:00:00+00:00,0.0,0.0,0.0,0.0
2023-05-31 00:00:00+00:00,0.0,0.0,0.0,0.0
2023-06-01 00:00:00+00:00,0.0,0.0,0.0,0.0
2023-06-02 00:00:00+00:00,0.0,0.0,0.0,0.0
2023-06-04 00:00:00+00:00,0.0,0.0,0.0,0.0
2023-06-05 00:00:00+00:00,0.0,0.0,0.0,0.0
2023-06-06 00:00:00+00:00,0.0,0.0,0.0,0.0
2023-06-07 00:00:00+00:00,0.0,0.0,0.0,0.0
2023-06-08 00:00:00+00:00,0.0,0.0,0.0,0.0
2023-06-09 00:00:00+00:00,-0.009187541986318805,0.0,-0.004593770993159402,-0.00543111431901557
2023-06-11 00:00:00+00:00,0.0,0.0,0.0,0.0
2023-06-12 00:00:00+00:00,0.0,0.0,0.0,0.0
2023-06-13 00:00:00+00:00,0.008792059428628731,0.03963367843133579,0.024212868929982263,0.02140199482796764
2023-06-14 00:00:00+00:00,0.0,0.0,0.0,0.0
2023-06-15 00:00:00+00:00,0.0,0.0,0.0,0.0
2023-06-16 00:00:00+00:00,-0.011265474552957367,0.0,-0.005632737276478683,-0.006659461284223971
2023-06-18 00:00:00+00:00,0.0,0.0,0.0,0.0
2023-06-19 00:00:00+00:00,0.0,0.0,0.0,0.0
2023-06-20 00:00:00+00:00,-0.011201406474130923,0.0,-0.005600703237065461,-0.0066215881446155455
2023-06-21 00:00:00+00:00,0.009011970792033832,0.0,0.004505985396016916,0.005327327340005546
2023-06-22 00:00:00+00:00,0.00870776461515612,0.0,0.00435388230757806,0.005147499206905987
2023-06-23 00:00:00+00:00,0.008778543775748939,0.0,0.004389271887874469,0.005189339528632515
2023-06-25 00:00:00+00:00,0.0,0.0,0.0,0.0
2023-06-26 00:00:00+00:00,0.0,0.0,0.0,0.0
2023-06-27 00:00:00+00:00,0.0,0.0,0.0,0.0
2023-06-28 00:00:00+00:00,-0.0055535313391857554,0.0,-0.0027767656695928777,-0.003282908924091731
2023-06-29 00:00:00+00:00,0.008757827398011554,-0.010452581934207705,-0.0008473772680980757,0.0009034400958118907
2023-06-30 00:00:00+00:00,0.0,0.0,0.0,0.0
2023-07-02 00:00:00+00:00,0.0,0.0,0.0,0.0
2023-07-03 00:00:00+00:00,-0.011197697079679306,0.0,-0.005598848539839653,-0.006619395376914342
2023-07-04 00:00:00+00:00,0.0,0.0,0.0,0.0
2023-07-05 00:00:00+00:00,0.0,0.0,0.0,0.0
2023-07-06 00:00:00+00:00,0.008596344209919855,0.0,0.004298172104959927,0.0050816342607418975
2023-07-07 00:00:00+00:00,0.0,0.0,0.0,0.0
2023-07-09 00:00:00+00:00,0.0,0.0,0.0,0.0
2023-07-10 00:00:00+00:00,0.0,0.0,0.0,0.0
2023-07-11 00:00:00+00:00,-0.0043019425959535205,0.0,-0.0021509712979767602,-0.0025430460146204596
2023-07-12 00:00:00+00:00,0.0,0.0,0.0,0.0
2023-07-13 00:00:00+00:00,0.0,0.03948384230917362,0.01974192115458681,0.01614340352212582
2023-07-14 00:00:00+00:00,0.0,0.0,0.0,0.0
2023-07-16 00:00:00+00:00,0.0,0.0,0.0,0.0
2023-07-17 00:00:00+00:00,0.0,0.0,0.0,0.0
2023-07-18 00:00:00+00:00,0.008802986548561325,0.0,0.004401493274280663,0.005203788604741824
2023-07-19 00:00:00+00:00,0.0,0.0,0.0,0.0
2023-07-20 00:00:00+00:00,0.008783458071122064,0.0,0.004391729035561032,0.005192244560251265
2023-07-21 00:00:00+00:00,0.0,0.0,0.0,0.0
2023-07-23 00:00:00+00:00,0.0,0.0,0.0,0.0
2023-07-24 00:00:00+00:00,0.008774982071352197,0.0,0.004387491035676099,0.005187234066281644
2023-07-25 00:00:00+00:00,-0.011247478840151452,0.0,-0.005623739420075726,-0.006648823316675454
2023-07-26 00:00:00+00:00,0.0,0.0,0.0,0.0
2023-07-27 00:00:00+00:00,0.0,-0.01061913568100694,-0.00530956784050347,-0.0043417505067603265
2023-07-28 00:00:00+00:00,0.0,0.0,0.0,0.0
2023-07-30 00:00:00+00:00,0.0,0.0,0.0,0.0
2023-07-31 00:00:00+00:00,0.0,0.0,0.0,0.0
2023-08-01 00:00:00+00:00,0.0,0.0,0.0,0.0
2023-08-02 00:00:00+00:00,0.0,0.0,0.0,0.0
2023-08-03 00:00:00+00:00,0.0,0.0,0.0,0.0
2023-08-04 00:00:00+00:00,0.0,0.0,0.0,0.0
2023-08-06 00:00:00+00:00,0.0,0.0,0.0,0.0
2023-08-07 00:00:00+00:00,-0.007633054850945919,0.0,-0.0038165274254729595,-0.00451219635899742
2023-08-08 00:00:00+00:00,0.0,0.0,0.0,0.0
2023-08-09 00:00:00+00:00,0.0,0.0,0.0,0.0
2023-08-10 00:00:00+00:00,0.0,0.0,0.0,0.0
2023-08-11 00:00:00+00:00,0.0,0.0,0.0,0.0
2023-08-13 00:00:00+00:00,0.0,0.0,0.0,0.0
2023-08-14 00:00:00+00:00,0.0,0.0,0.0,0.0
2023-08-15 00:00:00+00:00,0.0,0.0,0.0,0.0
2023-08-16 00:00:00+00:00,0.0,0.0,0.0,0.0
2023-08-17 00:00:00+00:00,0.0,0.0,0.0,0.0
2023-08-18 00:00:00+00:00,0.0024464197841641993,0.0,0.0012232098920820997,0.001446174127953108
2023-08-20 00:00:00+00:00,0.0,0.0,0.0,0.0
2023-08-21 00:00:00+00:00,0.0,0.0,0.0,0.0
2023-08-22 00:00:00+00:00,0.0,0.0,0.0,0.0
2023-08-23 00:00:00+00:00,0.0,0.0,0.0,0.0
2023-08-24 00:00:00+00:00,0.0,0.0,0.0,0.0
2023-08-25 00:00:00+00:00,0.0,-0.010362786236794068,-0.005181393118397034,-0.004236939214885636
2023-08-27 00:00:00+00:00,0.0,0.0,0.0,0.0
2023-08-28 00:00:00+00:00,0.0,0.0,0.0,0.0
2023-08-29 00:00:00+00:00,0.0,0.0,0.0,0.0
2023-08-30 00:00:00+00:00,0.0,0.0,0.0,0.0
2023-08-31 00:00:00+00:00,0.0,0.0,0.0,0.0
2023-09-01 00:00:00+00:00,0.0,0.0,0.0,0.0
2023-09-03 00:00:00+00:00,0.0,0.0,0.0,0.0
2023-09-04 00:00:00+00:00,0.0,0.0,0.0,0.0
2023-09-05 00:00:00+00:00,0.0,0.0,0.0,0.0
2023-09-06 00:00:00+00:00,0.0,0.0,0.0,0.0
2023-09-07 00:00:00+00:00,0.0,0.0,0.0,0.0
2023-09-08 00:00:00+00:00,0.0,0.0,0.0,0.0
2023-09-10 00:00:00+00:00,0.0,0.0,0.0,0.0
2023-09-11 00:00:00+00:00,0.0,0.0,0.0,0.0
2023-09-12 00:00:00+00:00,0.0015303867547798939,-0.010555501354309224,-0.004512557299764665,-0.003411061626573733
2023-09-13 00:00:00+00:00,0.004881302029255133,0.0,0.0024406510146275664,0.002885527966675394
2023-09-14 00:00:00+00:00,-0.011261814062760006,-0.010630848161210267,-0.010946331111985137,-0.01100383670894374
2023-09-15 00:00:00+00:00,-0.010224020219686651,0.0,-0.005112010109843326,-0.006043817018276654
2023-09-17 00:00:00+00:00,0.0,0.0,0.0,0.0
2023-09-18 00:00:00+00:00,-0.011185329981830113,0.0,-0.005592664990915056,-0.0066120847031439865
2023-09-19 00:00:00+00:00,0.0,0.0,0.0,0.0
2023-09-20 00:00:00+00:00,0.0,0.0,0.0,0.0
2023-09-21 00:00:00+00:00,0.0,0.03973402307465864,0.01986701153732932,0.016245692681804706
2023-09-22 00:00:00+00:00,0.0,0.0,0.0,0.0
2023-09-24 00:00:00+00:00,0.0,0.0,0.0,0.0
2023-09-25 00:00:00+00:00,0.0,0.0,0.0,0.0
2023-09-26 00:00:00+00:00,0.0,0.0,0.0,0.0
2023-09-27 00:00:00+00:00,0.0,0.0,0.0,0.0
2023-09-28 00:00:00+00:00,0.0,0.0,0.0,0.0
2023-09-29 00:00:00+00:00,0.0,0.0,0.0,0.0
2023-10-01 00:00:00+00:00,0.0,0.0,0.0,0.0
2023-10-02 00:00:00+00:00,0.0,0.0,0.0,0.0
2023-10-03 00:00:00+00:00,0.0,0.0,0.0,0.0
2023-10-04 00:00:00+00:00,0.0,-0.010371301239290033,-0.005185650619645017,-0.004240420667379744
2023-10-05 00:00:00+00:00,0.0,-0.010196462554565194,-0.005098231277282597,-0.004168935946701102
2023-10-06 00:00:00+00:00,0.0,0.0,0.0,0.0
2023-10-08 00:00:00+00:00,0.0,0.0,0.0,0.0
2023-10-09 00:00:00+00:00,0.0,0.0,0.0,0.0
2023-10-10 00:00:00+00:00,0.0,0.0,0.0,0.0
2023-10-11 00:00:00+00:00,0.0,0.0,0.0,0.0
2023-10-12 00:00:00+00:00,0.008825369875008674,0.0,0.004412684937504337,0.005217020261800527
2023-10-13 00:00:00+00:00,0.0,0.0,0.0,0.0
2023-10-15 00:00:00+00:00,0.0,0.0,0.0,0.0
2023-10-16 00:00:00+00:00,0.0,-0.010505822871132999,-0.005252911435566499,-0.004295421317222561
2023-10-17 00:00:00+00:00,0.0,-0.010407315017021928,-0.005203657508510964,-0.004255145296804856
2023-10-18 00:00:00+00:00,0.0,0.0,0.0,0.0
2023-10-19 00:00:00+00:00,0.0,0.0,0.0,0.0
2023-10-20 00:00:00+00:00,0.0,0.0,0.0,0.0
2023-10-22 00:00:00+00:00,0.0,0.0,0.0,0.0
2023-10-23 00:00:00+00:00,0.0,0.0,0.0,0.0
2023-10-24 00:00:00+00:00,0.0,0.0,0.0,0.0
2023-10-25 00:00:00+00:00,0.0,0.0,0.0,0.0
2023-10-26 00:00:00+00:00,0.0,0.0,0.0,0.0
2023-10-27 00:00:00+00:00,-0.011188845006850967,0.0,-0.0055944225034254835,-0.006614162571495596
2023-10-29 00:00:00+00:00,0.0,0.0,0.0,0.0
2023-10-30 00:00:00+00:00,0.0,0.0,0.0,0.0
2023-10-31 00:00:00+00:00,0.0,0.0,0.0,0.0
2023-11-01 00:00:00+00:00,0.0,0.0,0.0,0.0
2023-11-02 00:00:00+00:00,0.0,0.0,0.0,0.0
2023-11-03 00:00:00+00:00,0.0,0.0,0.0,0.0
2023-11-05 00:00:00+00:00,0.0,0.0,0.0,0.0
2023-11-06 00:00:00+00:00,0.0,0.0,0.0,0.0
2023-11-07 00:00:00+00:00,0.0,0.0,0.0,0.0
2023-11-08 00:00:00+00:00,0.0,0.0,0.0,0.0
2023-11-09 00:00:00+00:00,0.0,0.0,0.0,0.0
2023-11-10 00:00:00+00:00,0.0,0.0,0.0,0.0
2023-11-12 00:00:00+00:00,0.0,0.0,0.0,0.0
2023-11-13 00:00:00+00:00,0.0,0.0,0.0,0.0
2023-11-14 00:00:00+00:00,0.0,0.0,0.0,0.0
2023-11-15 00:00:00+00:00,0.0,0.0,0.0,0.0
2023-11-16 00:00:00+00:00,0.0,0.0,0.0,0.0
2023-11-17 00:00:00+00:00,0.0,0.0,0.0,0.0
2023-11-19 00:00:00+00:00,0.0,0.0,0.0,0.0
2023-11-20 00:00:00+00:00,0.0,0.0,0.0,0.0
2023-11-21 00:00:00+00:00,0.0,0.0,0.0,0.0
2023-11-22 00:00:00+00:00,0.0,0.0,0.0,0.0
2023-11-23 00:00:00+00:00,0.0,0.0,0.0,0.0
2023-11-24 00:00:00+00:00,0.0,0.0,0.0,0.0
2023-11-26 00:00:00+00:00,0.0,0.0,0.0,0.0
2023-11-27 00:00:00+00:00,0.0,0.0,0.0,0.0
2023-11-28 00:00:00+00:00,0.0,0.0,0.0,0.0
2023-11-29 00:00:00+00:00,0.0,0.0,0.0,0.0
2023-11-30 00:00:00+00:00,0.0,0.0,0.0,0.0
2023-12-01 00:00:00+00:00,0.0,0.0,0.0,0.0
2023-12-03 00:00:00+00:00,0.0,0.0,0.0,0.0
2023-12-04 00:00:00+00:00,0.0,0.0,0.0,0.0
2023-12-05 00:00:00+00:00,0.0,0.0,0.0,0.0
2023-12-06 00:00:00+00:00,0.0,0.0,0.0,0.0
2023-12-07 00:00:00+00:00,0.0,0.0,0.0,0.0
2023-12-08 00:00:00+00:00,0.0,-0.010565945335965412,-0.005282972667982706,-0.00432000304873021
2023-12-10 00:00:00+00:00,0.0,0.0,0.0,0.0
2023-12-11 00:00:00+00:00,0.0,0.0,0.0,0.0
2023-12-12 00:00:00+00:00,0.0,0.0,0.0,0.0
2023-12-13 00:00:00+00:00,0.0,0.0,0.0,0.0
2023-12-14 00:00:00+00:00,0.0,0.0,0.0,0.0
2023-12-15 00:00:00+00:00,0.0,0.0,0.0,0.0
2023-12-17 00:00:00+00:00,0.0,0.0,0.0,0.0
2023-12-18 00:00:00+00:00,0.0,0.0,0.0,0.0
2023-12-19 00:00:00+00:00,0.0,0.0,0.0,0.0
2023-12-20 00:00:00+00:00,0.0,0.0,0.0,0.0
2023-12-21 00:00:00+00:00,0.0,0.0,0.0,0.0
2023-12-22 00:00:00+00:00,0.0,0.0,0.0,0.0
2023-12-25 00:00:00+00:00,0.0,0.0,0.0,0.0
2023-12-26 00:00:00+00:00,0.009088162113135831,0.0,0.0045440810565679154,0.00537236700084606
2023-12-27 00:00:00+00:00,0.0,0.0,0.0,0.0
2023-12-28 00:00:00+00:00,0.0,0.0,0.0,0.0
2023-12-29 00:00:00+00:00,0.0,0.0,0.0,0.0
2024-01-01 00:00:00+00:00,0.0,0.0,0.0,0.0
2024-01-02 00:00:00+00:00,0.0,0.0,0.0,0.0
2024-01-03 00:00:00+00:00,-0.010862859300005408,0.0,-0.005431429650002704,-0.006421459708980276
2024-01-04 00:00:00+00:00,0.009098441381540581,0.0,0.0045492206907702904,0.005378443477220826
2024-01-05 00:00:00+00:00,-0.010897858801944065,0.0,-0.005448929400972032,-0.0064421492793159015
2024-01-07 00:00:00+00:00,0.0,0.0,0.0,0.0
2024-01-08 00:00:00+00:00,0.0,0.0,0.0,0.0
2024-01-09 00:00:00+00:00,0.0,-0.01050857529958581,-0.005254287649792905,-0.00429654667789115
2024-01-10 00:00:00+00:00,0.009072289153653844,0.0,0.004536144576826922,0.005362983875560086
2024-01-11 00:00:00+00:00,0.0,0.0,0.0,0.0
2024-01-12 00:00:00+00:00,0.0,0.0,0.0,0.0
2024-01-14 00:00:00+00:00,0.0,0.0,0.0,0.0
2024-01-15 00:00:00+00:00,0.0,0.0,0.0,0.0
2024-01-16 00:00:00+00:00,0.0,0.0,0.0,0.0
2024-01-17 00:00:00+00:00,0.0,0.0,0.0,0.0
2024-01-18 00:00:00+00:00,0.0,0.0,0.0,0.0
2024-01-19 00:00:00+00:00,0.0,0.03961833125598581,0.019809165627992904,0.016198390808334042
2024-01-21 00:00:00+00:00,0.0,0.0,0.0,0.0
2024-01-22 00:00:00+00:00,-0.007061172371013453,0.0,-0.0035305861855067264,-0.004174134325628708
2024-01-23 00:00:00+00:00,0.0,0.0,0.0,0.0
2024-01-24 00:00:00+00:00,0.0,0.0,0.0,0.0
2024-01-25 00:00:00+00:00,0.0,0.0,0.0,0.0
2024-01-26 00:00:00+00:00,0.0,0.0,0.0,0.0
2024-01-28 00:00:00+00:00,0.0,0.0,0.0,0.0
2024-01-29 00:00:00+00:00,-0.010870565249112759,0.0,-0.005435282624556379,-0.006426014995976608
2024-01-30 00:00:00+00:00,0.0,0.0,0.0,0.0
2024-01-31 00:00:00+00:00,0.0,0.0,0.0,0.0
2024-02-01 00:00:00+00:00,-0.010879844951767373,0.0,-0.0054399224758836864,-0.006431500590060285
2024-02-02 00:00:00+00:00,-0.0009370602925615812,-0.010449247986510677,-0.005693154139536129,-0.004826222930766678
2024-02-04 00:00:00+00:00,0.0,0.0,0.0,0.0
2024-02-05 00:00:00+00:00,0.0,0.0,0.0,0.0
2024-02-06 00:00:00+00:00,0.009016275718241687,0.0,0.004508137859120844,0.005329872149749502
2024-02-07 00:00:00+00:00,0.0,0.0,0.0,0.0
2024-02-08 00:00:00+00:00,0.0,0.0,0.0,0.0
2024-02-09 00:00:00+00:00,0.0,0.0,0.0,0.0
2024-02-11 00:00:00+00:00,0.0,0.0,0.0,0.0
2024-02-12 00:00:00+00:00,0.0,0.0,0.0,0.0
2024-02-13 00:00:00+00:00,-0.010957552519848639,0.0,-0.005478776259924319,-0.00647743656361344
2024-02-14 00:00:00+00:00,-0.010886088089742604,0.0,-0.005443044044871302,-0.006435191152356856
2024-02-15 00:00:00+00:00,0.0,-0.010452811435648707,-0.005226405717824354,-0.004273747008334158
2024-02-16 00:00:00+00:00,0.009066247444427218,0.0,0.004533123722213609,0.005359412385651152
2024-02-18 00:00:00+00:00,0.0,0.0,0.0,0.0
2024-02-19 00:00:00+00:00,0.0,0.0,0.0,0.0
2024-02-20 00:00:00+00:00,0.0,0.0,0.0,0.0
2024-02-21 00:00:00+00:00,0.0,0.0,0.0,0.0
2024-02-22 00:00:00+00:00,0.0,0.0,0.0,0.0
2024-02-23 00:00:00+00:00,0.0,0.0,0.0,0.0
2024-02-25 00:00:00+00:00,0.0,0.0,0.0,0.0
2024-02-26 00:00:00+00:00,0.0,0.0,0.0,0.0
2024-02-27 00:00:00+00:00,0.0,0.0,0.0,0.0
2024-02-28 00:00:00+00:00,0.0,0.0,0.0,0.0
2024-02-29 00:00:00+00:00,0.0,0.0,0.0,0.0
2024-03-01 00:00:00+00:00,0.0,0.03977931575738034,0.01988965787869017,0.016264211093666717
2024-03-03 00:00:00+00:00,0.0,0.0,0.0,0.0
2024-03-04 00:00:00+00:00,0.0,0.0,0.0,0.0
2024-03-05 00:00:00+00:00,0.0,0.0,0.0,0.0
2024-03-07 00:00:00+00:00,0.0,0.0,0.0,0.0
2024-03-08 00:00:00+00:00,0.0,-0.010425790559938657,-0.0052128952799693285,-0.004262699225884494
2024-03-13 00:00:00+00:00,0.0,0.0,0.0,0.0
2024-03-15 00:00:00+00:00,0.0,0.0,0.0,0.0
2024-03-31 00:00:00+00:00,0.0,0.0,0.0,0.0
2024-04-09 00:00:00+00:00,0.0,0.0,0.0,0.0
2024-04-10 00:00:00+00:00,0.0,0.0,0.0,0.0
2024-04-11 00:00:00+00:00,0.008975028491004877,0.0,0.004487514245502438,0.005305489305371853
2024-04-12 00:00:00+00:00,0.0,-0.010298564462031111,-0.0051492822310155555,-0.00421068143539226
2024-04-14 00:00:00+00:00,0.0,0.0,0.0,0.0
2024-04-15 00:00:00+00:00,0.008963818354967736,0.0,0.004481909177483868,0.005298862556842149
2024-04-16 00:00:00+00:00,0.0,0.0,0.0,0.0
2024-04-17 00:00:00+00:00,0.0,0.0,0.0,0.0
2024-04-18 00:00:00+00:00,-0.010820029774489688,0.0,-0.005410014887244844,-0.006396141506391221
2024-04-19 00:00:00+00:00,0.0,0.0,0.0,0.0
2024-04-21 00:00:00+00:00,0.0,0.0,0.0,0.0
2024-04-22 00:00:00+00:00,0.0,0.0,0.0,0.0
2024-04-23 00:00:00+00:00,0.0,0.0,0.0,0.0
2024-04-24 00:00:00+00:00,0.0,0.0,0.0,0.0
2024-04-25 00:00:00+00:00,0.008847299433327283,-0.010444690745511716,-0.0007986956560922165,0.0009595569040363313
2024-04-26 00:00:00+00:00,0.0,0.0,0.0,0.0
2024-04-28 00:00:00+00:00,0.0,0.0,0.0,0.0
2024-04-29 00:00:00+00:00,0.0,0.0,0.0,0.0
2024-04-30 00:00:00+00:00,0.00892336344732079,0.0,0.004461681723660395,0.0052749480834690795
2024-05-01 00:00:00+00:00,0.0,-0.010564769720327364,-0.005282384860163682,-0.0043195223853367305
2024-05-02 00:00:00+00:00,0.00881528224920404,0.0,0.00440764112460202,0.0052110570728394305
2024-05-03 00:00:00+00:00,0.0,0.0,0.0,0.0
2024-05-05 00:00:00+00:00,0.0,0.0,0.0,0.0
2024-05-06 00:00:00+00:00,0.0,0.0,0.0,0.0
2024-05-07 00:00:00+00:00,0.0,0.0,0.0,0.0
2024-05-08 00:00:00+00:00,0.0,0.0,0.0,0.0
2024-05-09 00:00:00+00:00,0.008921358288606733,0.0,0.0044606791443033665,0.005273762755965811
2024-05-10 00:00:00+00:00,0.0,0.0,0.0,0.0
2024-05-12 00:00:00+00:00,0.0,0.0,0.0,0.0
2024-05-13 00:00:00+00:00,0.008972838324581386,0.0,0.004486419162290693,0.005304194612597512
2024-05-14 00:00:00+00:00,0.0,0.0,0.0,0.0
2024-05-15 00:00:00+00:00,0.0,0.03981855510989619,0.019909277554948094,0.016280254534845773
2024-05-16 00:00:00+00:00,0.0,0.0,0.0,0.0
2024-05-17 00:00:00+00:00,0.0,0.0,0.0,0.0
2024-05-19 00:00:00+00:00,0.0,0.0,0.0,0.0
2024-05-20 00:00:00+00:00,0.0,0.0,0.0,0.0
2024-05-21 00:00:00+00:00,0.0,0.0,0.0,0.0
2024-05-22 00:00:00+00:00,0.0,0.0,0.0,0.0
2024-05-23 00:00:00+00:00,0.0,0.0,0.0,0.0
2024-05-24 00:00:00+00:00,0.0,0.0,0.0,0.0
2024-05-26 00:00:00+00:00,0.0,0.0,0.0,0.0
2024-05-27 00:00:00+00:00,0.0,0.0,0.0,0.0
2024-05-28 00:00:00+00:00,-0.011138891662930526,0.0,-0.005569445831465263,-0.006584633202067624
2024-05-29 00:00:00+00:00,0.0,0.0,0.0,0.0
2024-05-30 00:00:00+00:00,0.0,0.0,0.0,0.0
2024-05-31 00:00:00+00:00,0.0,0.0,0.0,0.0
2024-06-02 00:00:00+00:00,0.0,0.0,0.0,0.0
2024-06-03 00:00:00+00:00,0.0,0.0,0.0,0.0
2024-06-04 00:00:00+00:00,0.0,0.0,0.0,0.0
2024-06-05 00:00:00+00:00,0.0,0.0,0.0,0.0
2024-06-06 00:00:00+00:00,0.0,0.0394936519831216,0.0197468259915608,0.01614741431529338
2024-06-07 00:00:00+00:00,0.0,0.0,0.0,0.0
2024-06-09 00:00:00+00:00,0.0,0.0,0.0,0.0
2024-06-10 00:00:00+00:00,0.0,0.0,0.0,0.0
2024-06-11 00:00:00+00:00,-0.011122979177374535,0.0,-0.0055614895886872675,-0.0065752267113780615
2024-06-12 00:00:00+00:00,0.0,0.0,0.0,0.0
2024-06-13 00:00:00+00:00,0.0,0.0,0.0,0.0
2024-06-14 00:00:00+00:00,0.0,0.0,0.0,0.0
2024-06-16 00:00:00+00:00,0.0,0.0,0.0,0.0
2024-06-17 00:00:00+00:00,0.0,0.0,0.0,0.0
2024-06-18 00:00:00+00:00,0.0018498073296359153,0.0,0.0009249036648179577,0.0010934932423020073
2024-06-19 00:00:00+00:00,0.0,0.0,0.0,0.0
2024-06-20 00:00:00+00:00,0.0,0.0,0.0,0.0
2024-06-21 00:00:00+00:00,0.0,0.0,0.0,0.0
2024-06-23 00:00:00+00:00,0.0,0.0,0.0,0.0
2024-06-24 00:00:00+00:00,0.0,0.0,0.0,0.0
2024-06-25 00:00:00+00:00,0.0,0.0,0.0,0.0
2024-06-26 00:00:00+00:00,0.0,0.0,0.0,0.0
2024-06-27 00:00:00+00:00,0.008950529283781362,-0.010432406821952168,-0.000740938769085403,0.0010256025112484338
2024-06-28 00:00:00+00:00,0.0,-0.010474031332784475,-0.005237015666392238,-0.0042824229968430345
2024-06-30 00:00:00+00:00,0.0,0.0,0.0,0.0
2024-07-01 00:00:00+00:00,0.0,0.0,0.0,0.0
2024-07-02 00:00:00+00:00,0.0,0.0,0.0,0.0
2024-07-03 00:00:00+00:00,0.0,0.0,0.0,0.0
2024-07-04 00:00:00+00:00,0.0,0.0,0.0,0.0
2024-07-05 00:00:00+00:00,0.0,0.039756128179669274,0.019878064089834637,0.0162547305972966
2024-07-07 00:00:00+00:00,0.0,0.0,0.0,0.0
2024-07-08 00:00:00+00:00,0.0,0.0,0.0,0.0
2024-07-09 00:00:00+00:00,0.0,0.0,0.0,0.0
2024-07-10 00:00:00+00:00,0.0,0.0,0.0,0.0
2024-07-11 00:00:00+00:00,0.0,0.0,0.0,0.0
2024-07-12 00:00:00+00:00,0.0,0.0,0.0,0.0
2024-07-14 00:00:00+00:00,0.0,0.0,0.0,0.0
2024-07-15 00:00:00+00:00,0.0,-0.010208402017628022,-0.005104201008814011,-0.004173817527590609
2024-07-16 00:00:00+00:00,0.0,0.0,0.0,0.0
2024-07-17 00:00:00+00:00,0.0,0.0,0.0,0.0
2024-07-18 00:00:00+00:00,0.0,0.0,0.0,0.0
2024-07-19 00:00:00+00:00,0.0,0.0,0.0,0.0
2024-07-21 00:00:00+00:00,0.0,0.0,0.0,0.0
2024-07-22 00:00:00+00:00,0.0,0.0,0.0,0.0
2024-07-23 00:00:00+00:00,0.0,0.0,0.0,0.0
2024-07-24 00:00:00+00:00,0.0,0.0,0.0,0.0
2024-07-25 00:00:00+00:00,0.0,0.0,0.0,0.0
2024-07-26 00:00:00+00:00,0.0,0.0,0.0,0.0
2024-07-28 00:00:00+00:00,0.0,0.0,0.0,0.0
2024-07-29 00:00:00+00:00,0.0,0.0,0.0,0.0
2024-07-30 00:00:00+00:00,0.0,0.0,0.0,0.0
2024-07-31 00:00:00+00:00,0.0,0.0,0.0,0.0
2024-08-01 00:00:00+00:00,0.0,0.0,0.0,0.0
2024-08-02 00:00:00+00:00,0.0,0.0,0.0,0.0
2024-08-04 00:00:00+00:00,0.0,0.0,0.0,0.0
2024-08-06 00:00:00+00:00,0.0,0.03978362522326617,0.019891812611633086,0.016265973066227925
2024-08-08 00:00:00+00:00,0.0,0.0,0.0,0.0
2024-08-12 00:00:00+00:00,0.0,0.0,0.0,0.0
2024-08-15 00:00:00+00:00,0.0,0.0,0.0,0.0
2024-08-18 00:00:00+00:00,0.0,0.0,0.0,0.0
2024-08-19 00:00:00+00:00,0.0,0.0,0.0,0.0
2024-08-21 00:00:00+00:00,0.0,0.0,0.0,0.0
2024-08-23 00:00:00+00:00,0.0,0.0,0.0,0.0
2024-08-25 00:00:00+00:00,0.0,0.0,0.0,0.0
2024-08-28 00:00:00+00:00,0.0,0.0,0.0,0.0
2024-08-30 00:00:00+00:00,0.0,0.0,0.0,0.0
2024-09-01 00:00:00+00:00,0.0,0.0,0.0,0.0
2024-09-02 00:00:00+00:00,0.0,0.0,0.0,0.0
2024-09-04 00:00:00+00:00,0.0,-0.010266265634350093,-0.005133132817175047,-0.004197475704185469
2024-09-06 00:00:00+00:00,0.0,0.0,0.0,0.0
2024-09-08 00:00:00+00:00,0.0,0.0,0.0,0.0
2024-09-09 00:00:00+00:00,0.0,0.0,0.0,0.0
2024-09-10 00:00:00+00:00,0.0,0.0,0.0,0.0
2024-09-11 00:00:00+00:00,0.0,0.0,0.0,0.0
2024-09-12 00:00:00+00:00,0.0,0.0,0.0,0.0
2024-09-15 00:00:00+00:00,0.0,0.0,0.0,0.0
2024-09-16 00:00:00+00:00,0.0,0.0,0.0,0.0
2024-09-18 00:00:00+00:00,0.0,0.0,0.0,0.0
2024-09-19 00:00:00+00:00,0.0,0.03970801276915675,0.019854006384578377,0.016235058082107876
2024-09-22 00:00:00+00:00,0.0,0.0,0.0,0.0
2024-09-23 00:00:00+00:00,0.0,0.0,0.0,0.0
2024-09-24 00:00:00+00:00,0.0,0.0,0.0,0.0
2024-09-25 00:00:00+00:00,0.0,0.0,0.0,0.0
2024-09-26 00:00:00+00:00,0.0,0.0,0.0,0.0
2024-09-27 00:00:00+00:00,0.0,0.0,0.0,0.0
2024-09-29 00:00:00+00:00,0.0,0.0,0.0,0.0
2024-10-01 00:00:00+00:00,0.0,0.0,0.0,0.0
2024-10-02 00:00:00+00:00,0.0,0.0,0.0,0.0
2024-10-03 00:00:00+00:00,0.0,0.0,0.0,0.0
2024-10-04 00:00:00+00:00,0.0,0.0,0.0,0.0
2024-10-06 00:00:00+00:00,0.0,0.0,0.0,0.0
2024-10-07 00:00:00+00:00,0.0,-0.010198881383171146,-0.005099440691585573,-0.0041699249114004085
2024-10-08 00:00:00+00:00,0.0,0.0,0.0,0.0
2024-10-09 00:00:00+00:00,0.0,0.0,0.0,0.0
2024-10-10 00:00:00+00:00,-0.010969563580330402,0.0,-0.005484781790165201,-0.006484536769812901
2024-10-11 00:00:00+00:00,0.0,0.0,0.0,0.0
2024-10-13 00:00:00+00:00,0.0,0.0,0.0,0.0
2024-10-14 00:00:00+00:00,0.0,0.0,0.0,0.0
2024-10-15 00:00:00+00:00,0.0,0.0,0.0,0.0
2024-10-16 00:00:00+00:00,0.0,0.0,0.0,0.0
2024-10-17 00:00:00+00:00,0.0,0.0,0.0,0.0
2024-10-18 00:00:00+00:00,0.0,0.0,0.0,0.0
2024-10-20 00:00:00+00:00,0.0,0.0,0.0,0.0
2024-10-21 00:00:00+00:00,0.0,0.0,0.0,0.0
2024-10-22 00:00:00+00:00,0.0,0.0,0.0,0.0
2024-10-23 00:00:00+00:00,0.0,-0.010229874851918586,-0.005114937425959293,-0.004182596932239274
2024-10-24 00:00:00+00:00,0.0,0.0,0.0,0.0
2024-10-25 00:00:00+00:00,0.0,-0.01023777396933542,-0.00511888698466771,-0.0041858265733398054
2024-10-27 00:00:00+00:00,0.0,0.0,0.0,0.0
2024-10-28 00:00:00+00:00,0.0,0.0,0.0,0.0
2024-10-29 00:00:00+00:00,0.0,0.0,0.0,0.0
2024-10-30 00:00:00+00:00,0.0,0.0,0.0,0.0
2024-10-31 00:00:00+00:00,0.0,0.0,0.0,0.0
2024-11-01 00:00:00+00:00,0.0,0.0,0.0,0.0
2024-11-03 00:00:00+00:00,0.0,0.0,0.0,0.0
2024-11-04 00:00:00+00:00,0.0,0.0,0.0,0.0
2024-11-05 00:00:00+00:00,0.0,0.0,0.0,0.0
2024-11-06 00:00:00+00:00,0.0,0.0,0.0,0.0
2024-11-07 00:00:00+00:00,0.0,0.039631117607154376,0.019815558803577188,0.016203618648747177
2024-11-08 00:00:00+00:00,0.0,0.0,0.0,0.0
2024-11-10 00:00:00+00:00,0.0,0.0,0.0,0.0
2024-11-11 00:00:00+00:00,0.009220716264893031,0.0,0.004610358132446516,0.005450724928649332
2024-11-12 00:00:00+00:00,0.0,0.0,0.0,0.0
2024-11-13 00:00:00+00:00,0.009189582988931737,0.0,0.004594791494465868,0.005432320835245128
2024-11-14 00:00:00+00:00,0.009142646311791087,0.0,0.004571323155895543,0.005404574735179932
2024-11-15 00:00:00+00:00,0.0,0.0,0.0,0.0
2024-11-17 00:00:00+00:00,0.0,0.0,0.0,0.0
2024-11-18 00:00:00+00:00,0.0,0.0,0.0,0.0
2024-11-19 00:00:00+00:00,0.0,0.0,0.0,0.0
2024-11-20 00:00:00+00:00,0.0,0.0,0.0,0.0
2024-11-21 00:00:00+00:00,0.0,0.0,0.0,0.0
2024-11-22 00:00:00+00:00,0.0,0.0,0.0,0.0
2024-11-24 00:00:00+00:00,0.0,0.0,0.0,0.0
2024-11-25 00:00:00+00:00,0.0,0.0,0.0,0.0
2024-11-26 00:00:00+00:00,0.0,0.0,0.0,0.0
2024-11-27 00:00:00+00:00,0.0,0.0,0.0,0.0
2024-11-28 00:00:00+00:00,0.0,0.0,0.0,0.0
2024-11-29 00:00:00+00:00,0.0,0.0,0.0,0.0
2024-12-01 00:00:00+00:00,0.0,0.0,0.0,0.0
2024-12-02 00:00:00+00:00,0.0,0.0,0.0,0.0
2024-12-03 00:00:00+00:00,0.0,0.0,0.0,0.0
2024-12-04 00:00:00+00:00,0.0,0.03968773750480653,0.019843868752403265,0.016226768317110833
2024-12-05 00:00:00+00:00,0.0,0.0,0.0,0.0
2024-12-06 00:00:00+00:00,0.0,0.0,0.0,0.0
2024-12-08 00:00:00+00:00,0.0,0.0,0.0,0.0
2024-12-09 00:00:00+00:00,0.0,0.0,0.0,0.0
2024-12-10 00:00:00+00:00,0.0,0.0,0.0,0.0
2024-12-11 00:00:00+00:00,0.0,0.0,0.0,0.0
2024-12-12 00:00:00+00:00,0.0,0.0,0.0,0.0
2024-12-13 00:00:00+00:00,0.0,0.0,0.0,0.0
2024-12-15 00:00:00+00:00,0.0,0.0,0.0,0.0
2024-12-16 00:00:00+00:00,0.0,0.0,0.0,0.0
2024-12-17 00:00:00+00:00,0.009081039243182076,0.0,0.004540519621591038,0.005368156394673492
2024-12-18 00:00:00+00:00,0.009042869873532958,0.0,0.004521434936766479,0.00534559299193119
2024-12-19 00:00:00+00:00,-0.011077150104647944,0.0,-0.005538575052323972,-0.006548135359470964
2024-12-20 00:00:00+00:00,0.0,0.0,0.0,0.0
2024-12-22 00:00:00+00:00,0.0,0.0,0.0,0.0
2024-12-23 00:00:00+00:00,0.0032145034477864595,0.0,0.0016072517238932297,0.0019002183314966305
2024-12-24 00:00:00+00:00,0.0,0.0,0.0,0.0
2024-12-25 00:00:00+00:00,0.0,0.0,0.0,0.0
2024-12-26 00:00:00+00:00,0.0,0.0,0.0,0.0
2024-12-27 00:00:00+00:00,0.0,-0.010166941220000947,-0.005083470610000473,-0.004156865824126644
2024-12-29 00:00:00+00:00,0.0,0.0,0.0,0.0
2024-12-30 00:00:00+00:00,0.009057403946161521,0.0,0.0045287019730807605,0.005354184648990732
2024-12-31 00:00:00+00:00,0.009225348077694385,0.0,0.004612674038847193,0.0054534629738050315
2025-01-01 00:00:00+00:00,0.0,0.0,0.0,0.0
2025-01-02 00:00:00+00:00,0.0,0.0,0.0,0.0
2025-01-03 00:00:00+00:00,0.0,0.0,0.0,0.0
2025-01-05 00:00:00+00:00,0.0,0.0,0.0,0.0
2025-01-06 00:00:00+00:00,0.0,0.0,0.0,0.0
2025-01-07 00:00:00+00:00,0.0,-0.01027446435477143,-0.005137232177385715,-0.004200827841272087
2025-01-08 00:00:00+00:00,0.0,0.0,0.0,0.0
2025-01-09 00:00:00+00:00,0.0,0.0,0.0,0.0
2025-01-10 00:00:00+00:00,0.0,0.0,0.0,0.0
2025-01-12 00:00:00+00:00,0.0,0.0,0.0,0.0
2025-01-13 00:00:00+00:00,0.0,0.039668028802375035,0.019834014401187518,0.01621871019719034
2025-01-14 00:00:00+00:00,0.0,0.0,0.0,0.0
2025-01-15 00:00:00+00:00,0.0,0.0,0.0,0.0
2025-01-16 00:00:00+00:00,0.0,0.0,0.0,0.0
2025-01-17 00:00:00+00:00,0.0,-0.0103157244119151,-0.00515786220595755,-0.004217697469779884
2025-01-19 00:00:00+00:00,0.0,0.0,0.0,0.0
2025-01-20 00:00:00+00:00,0.0,0.0,0.0,0.0
2025-01-21 00:00:00+00:00,0.0,0.0,0.0,0.0
2025-01-22 00:00:00+00:00,0.0,0.0,0.0,0.0
2025-01-23 00:00:00+00:00,0.009082808723580912,0.0,0.004541404361790456,0.0053692024035348
2025-01-24 00:00:00+00:00,0.0,0.0,0.0,0.0
2025-01-26 00:00:00+00:00,0.0,0.0,0.0,0.0
2025-01-27 00:00:00+00:00,0.0,0.03957770968028718,0.01978885484014359,0.016181782229992742
2025-01-28 00:00:00+00:00,0.0,0.0,0.0,0.0
2025-01-29 00:00:00+00:00,0.009042495951915915,0.0,0.004521247975957958,0.005345371952282986
2025-01-30 00:00:00+00:00,0.0,-0.010325732909041135,-0.005162866454520567,-0.004221789553992218
2025-01-31 00:00:00+00:00,0.0,0.0,0.0,0.0
2025-02-02 00:00:00+00:00,0.0,0.0,0.0,0.0
2025-02-03 00:00:00+00:00,0.0,-0.02045881862810698,-0.01022940931405349,-0.008364813183918018
2025-02-04 00:00:00+00:00,0.0,0.0,0.0,0.0
2025-02-05 00:00:00+00:00,0.009150618934235638,0.0,0.004575309467117819,0.005409287663184308
2025-02-06 00:00:00+00:00,0.0,0.0,0.0,0.0
2025-02-07 00:00:00+00:00,0.0,0.0,0.0,0.0
2025-02-09 00:00:00+00:00,0.0,0.0,0.0,0.0
2025-02-10 00:00:00+00:00,0.0,0.0,0.0,0.0
2025-02-11 00:00:00+00:00,0.0,0.0,0.0,0.0
2025-02-12 00:00:00+00:00,0.0,0.0,0.0,0.0
2025-02-13 00:00:00+00:00,0.009003237421785173,0.0,0.004501618710892587,0.005322164704310233
2025-02-14 00:00:00+00:00,0.0,0.0,0.0,0.0
2025-02-16 00:00:00+00:00,0.0,0.0,0.0,0.0
2025-02-17 00:00:00+00:00,0.0,0.0,0.0,0.0
2025-02-18 00:00:00+00:00,0.0,0.0,0.0,0.0
2025-02-19 00:00:00+00:00,0.009208514338769189,0.0,0.0046042571693845945,0.005443511894326391
2025-02-20 00:00:00+00:00,-0.0037278277580315325,0.0,-0.0018639138790157662,-0.002203664347397544
2025-02-21 00:00:00+00:00,0.0,0.0,0.0,0.0
2025-02-23 00:00:00+00:00,0.0,0.0,0.0,0.0
2025-02-24 00:00:00+00:00,0.0,0.0,0.0,0.0
2025-02-25 00:00:00+00:00,0.0,-0.01022585754268587,-0.005112928771342935,-0.004180954411141427
2025-02-26 00:00:00+00:00,0.0,0.0,0.0,0.0
2025-02-27 00:00:00+00:00,0.0,0.0,0.0,0.0
2025-02-28 00:00:00+00:00,0.0,0.0,0.0,0.0
2025-03-02 00:00:00+00:00,0.0,0.0,0.0,0.0
2025-03-03 00:00:00+00:00,0.0,0.0,0.0,0.0
2025-03-04 00:00:00+00:00,0.0,0.0,0.0,0.0
2025-03-05 00:00:00+00:00,0.009236251324048126,0.0,0.004618125662024063,0.0054599083078762925
2025-03-06 00:00:00+00:00,0.0,0.0,0.0,0.0
2025-03-07 00:00:00+00:00,0.0,0.0,0.0,0.0
2025-03-09 00:00:00+00:00,0.0,0.0,0.0,0.0
2025-03-10 00:00:00+00:00,0.0,0.0,0.0,0.0
2025-03-11 00:00:00+00:00,0.0,0.0,0.0,0.0
2025-03-12 00:00:00+00:00,0.0,0.0,0.0,0.0
2025-03-13 00:00:00+00:00,0.0,0.0,0.0,0.0
2025-03-14 00:00:00+00:00,-0.002125188342302866,0.0,-0.001062594171151433,-0.0012562816968535754
2025-03-16 00:00:00+00:00,0.0,0.0,0.0,0.0
2025-03-17 00:00:00+00:00,0.0,0.0,0.0,0.0
2025-03-18 00:00:00+00:00,0.0,0.0,0.0,0.0
2025-03-19 00:00:00+00:00,0.0,-0.01032544818295361,-0.005162724091476805,-0.004221673140597386
2025-03-20 00:00:00+00:00,0.0,0.0,0.0,0.0
2025-03-23 00:00:00+00:00,0.0,0.0,0.0,0.0
2025-03-24 00:00:00+00:00,0.0,0.0,0.0,0.0
2025-03-25 00:00:00+00:00,0.0,0.0,0.0,0.0
2025-03-26 00:00:00+00:00,-0.0030000895252177556,0.0,-0.0015000447626088778,-0.0017734699011990327
2025-03-27 00:00:00+00:00,0.0,0.0,0.0,0.0
2025-03-28 00:00:00+00:00,0.0,0.0,0.0,0.0
2025-03-30 00:00:00+00:00,0.0,0.0,0.0,0.0
2025-03-31 00:00:00+00:00,0.009217813715604449,0.03964828482697211,0.02443304927128828,0.02165964677411264
2025-04-01 00:00:00+00:00,0.0,0.0,0.0,0.0
2025-04-02 00:00:00+00:00,0.0,0.0,0.0,0.0
2025-04-03 00:00:00+00:00,0.0,0.0,0.0,0.0
2025-04-04 00:00:00+00:00,0.008915033566149038,0.0,0.004457516783074519,0.005270023965900423
2025-04-06 00:00:00+00:00,0.0,0.0,0.0,0.0
2025-04-07 00:00:00+00:00,0.0,0.0,0.0,0.0
2025-04-08 00:00:00+00:00,0.0,0.0,0.0,0.0
2025-04-09 00:00:00+00:00,0.0,0.0,0.0,0.0
2025-04-10 00:00:00+00:00,0.0,0.0,0.0,0.0
2025-04-11 00:00:00+00:00,0.0,0.0,0.0,0.0
2025-04-13 00:00:00+00:00,0.0,0.0,0.0,0.0
2025-04-14 00:00:00+00:00,0.0,0.0,0.0,0.0
2025-04-15 00:00:00+00:00,0.0,0.0,0.0,0.0
2025-04-16 00:00:00+00:00,0.0,0.0,0.0,0.0
2025-04-17 00:00:00+00:00,0.008780211651394185,-0.010174886812144937,-0.0006973375803753764,0.0010302110080311752
2025-04-20 00:00:00+00:00,0.0,0.0,0.0,0.0
2025-04-21 00:00:00+00:00,-0.011062167434354961,0.0,-0.005531083717177481,-0.006539278518839762
2025-04-22 00:00:00+00:00,0.0,0.0,0.0,0.0
2025-04-23 00:00:00+00:00,0.008532653054985798,0.0,0.004266326527492899,0.005043983935543701
2025-04-24 00:00:00+00:00,-0.011231646058732643,0.0,-0.005615823029366322,-0.006639463942209293
2025-04-25 00:00:00+00:00,0.0,0.0,0.0,0.0
2025-04-27 00:00:00+00:00,0.0,0.0,0.0,0.0
2025-04-28 00:00:00+00:00,0.008897422422005499,0.0,0.004448711211002749,0.005259613331883768
2025-04-29 00:00:00+00:00,0.0,0.0,0.0,0.0
2025-04-30 00:00:00+00:00,-0.011755376217981435,0.0,-0.005877688108990717,-0.006949061261212796
2025-05-01 00:00:00+00:00,0.0,0.0,0.0,0.0
2025-05-02 00:00:00+00:00,0.0,0.0,0.0,0.0
2025-05-04 00:00:00+00:00,0.0,0.0,0.0,0.0
2025-05-05 00:00:00+00:00,0.0,0.0,0.0,0.0
2025-05-06 00:00:00+00:00,0.0,0.0,0.0,0.0
2025-05-07 00:00:00+00:00,0.0,0.0,0.0,0.0
2025-05-08 00:00:00+00:00,0.008474178753535204,0.0,0.004237089376767602,0.005009417495860958
2025-05-09 00:00:00+00:00,-0.010936782213147969,0.0,-0.005468391106573984,-0.006465158425423668
2025-05-11 00:00:00+00:00,0.0,0.0,0.0,0.0
2025-05-12 00:00:00+00:00,0.0,0.0,0.0,0.0
2025-05-13 00:00:00+00:00,0.0,0.0,0.0,0.0
2025-05-14 00:00:00+00:00,0.0,0.0,0.0,0.0
2025-05-15 00:00:00+00:00,0.00863622998917741,0.0,0.004318114994588705,0.005105212300131909
2025-05-16 00:00:00+00:00,0.0,0.0,0.0,0.0
2025-05-18 00:00:00+00:00,0.0,0.0,0.0,0.0
2025-05-19 00:00:00+00:00,-0.011091538868241642,0.0,-0.005545769434120821,-0.0065566411186939455
2025-05-20 00:00:00+00:00,0.00896991129280729,0.0,0.004484955646403645,0.005302464329981749
2025-05-21 00:00:00+00:00,0.0,0.0,0.0,0.0
2025-05-22 00:00:00+00:00,-0.01101007688601813,0.0,-0.005505038443009065,-0.006508485764544998
2025-05-23 00:00:00+00:00,0.0,0.0,0.0,0.0
2025-05-25 00:00:00+00:00,0.0,0.0,0.0,0.0
2025-05-26 00:00:00+00:00,0.0,0.0,0.0,0.0
2025-05-27 00:00:00+00:00,0.0,0.0,0.0,0.0
2025-05-28 00:00:00+00:00,0.0,0.0,0.0,0.0
2025-05-29 00:00:00+00:00,0.0,0.039656816184043396,0.019828408092021698,0.016214125794769475
2025-05-30 00:00:00+00:00,-0.011095480532169067,0.0,-0.0055477402660845335,-0.006558971189939211
2025-06-01 00:00:00+00:00,0.0,0.0,0.0,0.0
2025-06-02 00:00:00+00:00,0.0,0.0,0.0,0.0
2025-06-03 00:00:00+00:00,-0.011149361640354565,0.0,-0.005574680820177282,-0.006590822413980031
2025-06-04 00:00:00+00:00,0.0,0.0,0.0,0.0
2025-06-05 00:00:00+00:00,0.009126750996808711,0.0,0.004563375498404356,0.0053951783946859675
2025-06-06 00:00:00+00:00,0.00888707839680054,0.0,0.00444353919840027,0.005253498575239328
2025-06-08 00:00:00+00:00,0.0,0.0,0.0,0.0
2025-06-09 00:00:00+00:00,0.0,0.0,0.0,0.0
2025-06-10 00:00:00+00:00,0.008954106016433363,0.0,0.004477053008216682,0.005293121214820126
2025-06-11 00:00:00+00:00,0.0,0.039665279334275376,0.019832639667137688,0.016217586046894723
2025-06-12 00:00:00+00:00,0.0,0.0,0.0,0.0
2025-06-13 00:00:00+00:00,0.0,0.0,0.0,0.0
2025-06-15 00:00:00+00:00,0.0,0.0,0.0,0.0
2025-06-16 00:00:00+00:00,0.0,0.0,0.0,0.0
2025-06-17 00:00:00+00:00,0.009035528725336707,-0.010183961143304722,-0.0005742162089840078,0.0011774287458724405
2025-06-18 00:00:00+00:00,0.0,-0.01022718532941606,-0.00511359266470803,-0.0041814972913608575
2025-06-19 00:00:00+00:00,0.0,0.0,0.0,0.0
2025-06-20 00:00:00+00:00,0.0,0.0,0.0,0.0
2025-06-22 00:00:00+00:00,0.0,0.0,0.0,0.0
2025-06-23 00:00:00+00:00,0.0,0.0,0.0,0.0
2025-06-24 00:00:00+00:00,0.0,0.0,0.0,0.0
2025-06-25 00:00:00+00:00,0.008963111016598838,0.0,0.004481555508299419,0.005298444421550965
2025-06-26 00:00:00+00:00,0.002106455300159827,0.0,0.0010532276500799134,0.0012452078651831152
2025-06-27 00:00:00+00:00,0.0,0.0,0.0,0.0
2025-06-29 00:00:00+00:00,0.0,0.0,0.0,0.0
2025-06-30 00:00:00+00:00,0.0,0.03971866912248985,0.019859334561244925,0.016239415049461345
2025-07-01 00:00:00+00:00,0.0,0.0,0.0,0.0
2025-07-02 00:00:00+00:00,0.0,0.0,0.0,0.0
2025-07-03 00:00:00+00:00,0.0,0.0,0.0,0.0
2025-07-04 00:00:00+00:00,0.0,0.0,0.0,0.0
2025-07-06 00:00:00+00:00,0.0,0.0,0.0,0.0
2025-07-07 00:00:00+00:00,0.0,0.0,0.0,0.0
2025-07-08 00:00:00+00:00,0.0,0.0,0.0,0.0
2025-07-09 00:00:00+00:00,0.0,0.0,0.0,0.0
2025-07-10 00:00:00+00:00,0.0,0.0,0.0,0.0
2025-07-11 00:00:00+00:00,0.0,0.0,0.0,0.0
2025-07-13 00:00:00+00:00,0.0,0.0,0.0,0.0
2025-07-14 00:00:00+00:00,0.008998461923668481,0.0,0.004499230961834241,0.005319341721161898
2025-07-15 00:00:00+00:00,0.0,0.0,0.0,0.0
2025-07-16 00:00:00+00:00,0.0,-0.010289201576381015,-0.005144600788190508,-0.0042068533165380345
2025-07-17 00:00:00+00:00,0.009036685717210082,0.0,0.004518342858605041,0.005341937295989204
2025-07-18 00:00:00+00:00,0.0,0.0,0.0,0.0
2025-07-20 00:00:00+00:00,0.0,0.0,0.0,0.0
2025-07-21 00:00:00+00:00,0.0,0.0,0.0,0.0
2025-07-22 00:00:00+00:00,0.0,0.0,0.0,0.0
2025-07-23 00:00:00+00:00,0.0,0.0,0.0,0.0
2025-07-24 00:00:00+00:00,-0.0030294430670206804,0.0,-0.0015147215335103402,-0.0017908219243448406
2025-07-25 00:00:00+00:00,0.009093259787958156,0.0,0.004546629893979078,0.005375380435207769
2025-07-27 00:00:00+00:00,0.0,0.0,0.0,0.0
2025-07-28 00:00:00+00:00,0.0,0.0,0.0,0.0
2025-07-29 00:00:00+00:00,0.0,0.0,0.0,0.0
2025-07-30 00:00:00+00:00,0.0,0.0,0.0,0.0
2025-07-31 00:00:00+00:00,0.0,0.0,0.0,0.0
2025-08-01 00:00:00+00:00,0.0,0.0,0.0,0.0
2025-08-03 00:00:00+00:00,0.0,0.0,0.0,0.0
2025-08-04 00:00:00+00:00,0.0,0.0,0.0,0.0
2025-08-05 00:00:00+00:00,0.0,0.0,0.0,0.0
2025-08-06 00:00:00+00:00,0.0,0.0,0.0,0.0
2025-08-07 00:00:00+00:00,0.0,0.0,0.0,0.0
2025-08-08 00:00:00+00:00,0.0,0.0,0.0,0.0
2025-08-10 00:00:00+00:00,0.0,0.0,0.0,0.0
2025-08-11 00:00:00+00:00,0.0,0.0,0.0,0.0
2025-08-12 00:00:00+00:00,0.008898258020187618,0.03961812931017839,0.024258193665183003,0.021458415527119683
2025-08-13 00:00:00+00:00,0.0,0.0,0.0,0.0
2025-08-14 00:00:00+00:00,0.0,0.0,0.0,0.0
2025-08-15 00:00:00+00:00,0.0,0.0,0.0,0.0
2025-08-17 00:00:00+00:00,0.0,0.0,0.0,0.0
2025-08-18 00:00:00+00:00,0.0015468854690191681,0.0,0.0007734427345095841,0.0009144243186237992
2025-08-19 00:00:00+00:00,0.00933125325481261,0.0,0.004665626627406305,0.00551606765357261
2025-08-20 00:00:00+00:00,0.0,0.0,0.0,0.0
2025-08-21 00:00:00+00:00,0.0,0.0,0.0,0.0
2025-08-22 00:00:00+00:00,0.0,0.0,0.0,0.0
2025-08-24 00:00:00+00:00,0.0,0.0,0.0,0.0
2025-08-25 00:00:00+00:00,0.0,0.0,0.0,0.0
2025-08-26 00:00:00+00:00,0.0,-0.010245356441323475,-0.0051226782206617374,-0.004188926750471502
2025-08-27 00:00:00+00:00,0.0,0.0,0.0,0.0
2025-08-28 00:00:00+00:00,0.0,0.0,0.0,0.0
2025-08-29 00:00:00+00:00,0.00899694227767292,0.0,0.00449847113883646,0.005318443399158187
2025-08-31 00:00:00+00:00,0.0,0.0,0.0,0.0
2025-09-01 00:00:00+00:00,0.0,-0.01026492140501168,-0.00513246070250584,-0.004196926101224684
2025-09-02 00:00:00+00:00,0.0,0.0,0.0,0.0
2025-09-03 00:00:00+00:00,0.009112716457874263,0.0,0.004556358228937131,0.005386882031471392
2025-09-04 00:00:00+00:00,-0.011196707361302634,0.0,-0.005598353680651317,-0.006618810315789686
2025-09-05 00:00:00+00:00,0.0,0.0,0.0,0.0
2025-09-07 00:00:00+00:00,0.0,0.0,0.0,0.0
2025-09-08 00:00:00+00:00,0.0,0.0,0.0,0.0
2025-09-09 00:00:00+00:00,0.0,0.0,0.0,0.0
2025-09-10 00:00:00+00:00,0.0,0.03977232412672646,0.01988616206336323,0.01626135248851782
2025-09-11 00:00:00+00:00,0.0,0.0,0.0,0.0
2025-09-12 00:00:00+00:00,0.0,0.0,0.0,0.0
2025-09-14 00:00:00+00:00,0.0,0.0,0.0,0.0
2025-09-15 00:00:00+00:00,0.0,0.0,0.0,0.0
2025-09-16 00:00:00+00:00,0.0,0.0,0.0,0.0
2025-09-17 00:00:00+00:00,0.008917075343098107,0.0,0.004458537671549054,0.005271230939870266
2025-09-18 00:00:00+00:00,0.0,0.0,0.0,0.0
2025-09-19 00:00:00+00:00,0.0,0.0,0.0,0.0
2025-09-21 00:00:00+00:00,0.0,0.0,0.0,0.0
2025-09-22 00:00:00+00:00,0.0,0.0,0.0,0.0
2025-09-23 00:00:00+00:00,0.0,0.0,0.0,0.0
2025-09-24 00:00:00+00:00,0.0,0.0,0.0,0.0
2025-09-25 00:00:00+00:00,0.0,0.0,0.0,0.0
2025-09-26 00:00:00+00:00,0.0,0.0,0.0,0.0
2025-09-28 00:00:00+00:00,0.0,0.0,0.0,0.0
2025-09-29 00:00:00+00:00,0.0,0.0,0.0,0.0
2025-09-30 00:00:00+00:00,0.0,-0.010290974045715896,-0.005145487022857948,-0.004207578010134962
2025-10-01 00:00:00+00:00,0.0,0.0,0.0,0.0
2025-10-02 00:00:00+00:00,0.0,0.0,0.0,0.0
2025-10-03 00:00:00+00:00,0.0,0.0,0.0,0.0
2025-10-05 00:00:00+00:00,0.0,0.0,0.0,0.0
2025-10-06 00:00:00+00:00,0.0,0.0,0.0,0.0
2025-10-07 00:00:00+00:00,0.0,0.0,0.0,0.0
2025-10-08 00:00:00+00:00,0.0,0.0,0.0,0.0
2025-10-09 00:00:00+00:00,0.0,0.0,0.0,0.0
2025-10-10 00:00:00+00:00,0.0,0.0,0.0,0.0
2025-10-12 00:00:00+00:00,0.0,0.0,0.0,0.0
2025-10-13 00:00:00+00:00,0.0,-0.010168409095113393,-0.005084204547556696,-0.004157465981023097
2025-10-14 00:00:00+00:00,0.0,0.0,0.0,0.0
2025-10-15 00:00:00+00:00,0.0,0.0,0.0,0.0
2025-10-16 00:00:00+00:00,0.009117113176111418,-0.010149041929404886,-0.0005159643766467336,0.0012399336009120722
2025-10-17 00:00:00+00:00,0.0,0.0,0.0,0.0
2025-10-19 00:00:00+00:00,0.0,0.0,0.0,0.0
2025-10-20 00:00:00+00:00,-0.010930336734218034,0.0,-0.005465168367109017,-0.006461348251498868
2025-10-21 00:00:00+00:00,0.0,0.0,0.0,0.0
2025-10-22 00:00:00+00:00,0.0,-0.010153046986955133,-0.005076523493477566,-0.0041511850140136695
2025-10-23 00:00:00+00:00,0.0,0.0,0.0,0.0
2025-10-24 00:00:00+00:00,0.009155371581894403,0.0,0.004577685790947202,0.005412097138535952
2025-10-26 00:00:00+00:00,0.0,0.0,0.0,0.0
2025-10-27 00:00:00+00:00,0.0,0.0,0.0,0.0
2025-10-28 00:00:00+00:00,0.009157445944574164,0.0,0.004578722972287082,0.005413323375201826
2025-10-29 00:00:00+00:00,0.0,0.0,0.0,0.0
2025-10-30 00:00:00+00:00,0.0,0.0,0.0,0.0
2025-10-31 00:00:00+00:00,0.0,0.0,0.0,0.0
2025-11-02 00:00:00+00:00,0.0,0.0,0.0,0.0
2025-11-03 00:00:00+00:00,0.0,0.0,0.0,0.0
2025-11-04 00:00:00+00:00,0.0,0.0,0.0,0.0
2025-11-05 00:00:00+00:00,-0.011065075938302164,0.0,-0.005532537969151082,-0.006540997848934589
2025-11-06 00:00:00+00:00,0.0,0.0,0.0,0.0
2025-11-07 00:00:00+00:00,0.0,0.0,0.0,0.0
2025-11-09 00:00:00+00:00,0.0,0.0,0.0,0.0
2025-11-10 00:00:00+00:00,0.0,0.0,0.0,0.0
2025-11-11 00:00:00+00:00,0.0,-0.010146928403334546,-0.005073464201667273,-0.004148683363753861
2025-11-12 00:00:00+00:00,0.0,0.0,0.0,0.0
2025-11-13 00:00:00+00:00,0.0,0.0,0.0,0.0
2025-11-14 00:00:00+00:00,0.009304622059640895,0.0,0.0046523110298204474,0.0055003249156732915
2025-11-16 00:00:00+00:00,0.0,0.0,0.0,0.0
2025-11-17 00:00:00+00:00,0.0,0.0,0.0,0.0
2025-11-18 00:00:00+00:00,0.0,0.039827239118202525,0.019913619559101262,0.016283805087225676
2025-11-19 00:00:00+00:00,0.0,0.0,0.0,0.0
2025-11-20 00:00:00+00:00,0.00920774874738157,0.0,0.004603874373690785,0.0054430593234043746
2025-11-21 00:00:00+00:00,0.0,0.0,0.0,0.0
2025-11-23 00:00:00+00:00,0.0,0.0,0.0,0.0
2025-11-24 00:00:00+00:00,0.0,0.0,0.0,0.0
2025-11-25 00:00:00+00:00,0.0,0.0,0.0,0.0
2025-11-26 00:00:00+00:00,-0.010714709987106217,0.0,-0.005357354993553109,-0.0063338828733220266
2025-11-27 00:00:00+00:00,0.0,0.0,0.0,0.0
2025-11-28 00:00:00+00:00,-0.011001304079360515,0.0,-0.005500652039680257,-0.006503299816450603
2025-11-30 00:00:00+00:00,0.0,0.0,0.0,0.0
2025-12-01 00:00:00+00:00,0.0,0.0,0.0,0.0
2025-12-02 00:00:00+00:00,0.0,0.0,0.0,0.0
2025-12-03 00:00:00+00:00,0.0,0.0,0.0,0.0
2025-12-04 00:00:00+00:00,0.0,0.0,0.0,0.0
2025-12-05 00:00:00+00:00,0.0,0.0,0.0,0.0
2025-12-07 00:00:00+00:00,0.0,0.0,0.0,0.0
2025-12-08 00:00:00+00:00,0.009275439780048285,0.0,0.004637719890024142,0.005483074132298048
2025-12-09 00:00:00+00:00,0.0,0.0,0.0,0.0
2025-12-10 00:00:00+00:00,-0.010687126166384722,0.0,-0.005343563083192361,-0.006317577001314393
2025-12-11 00:00:00+00:00,0.0,0.0,0.0,0.0
2025-12-12 00:00:00+00:00,0.0,-0.010175363410194805,-0.0050876817050974025,-0.004160309329289462
2025-12-14 00:00:00+00:00,0.0,0.0,0.0,0.0
2025-12-15 00:00:00+00:00,0.0,0.0,0.0,0.0
2025-12-16 00:00:00+00:00,0.0,0.0,0.0,0.0
2025-12-17 00:00:00+00:00,0.0,0.0,0.0,0.0
2025-12-18 00:00:00+00:00,0.0,0.0,0.0,0.0
2025-12-19 00:00:00+00:00,0.0,0.0,0.0,0.0
2025-12-21 00:00:00+00:00,0.0,0.0,0.0,0.0
2025-12-22 00:00:00+00:00,0.0,0.0,0.0,0.0
2025-12-23 00:00:00+00:00,0.0,0.0,0.0,0.0
2025-12-24 00:00:00+00:00,0.0,0.0,0.0,0.0
2025-12-25 00:00:00+00:00,0.0,0.0,0.0,0.0
2025-12-26 00:00:00+00:00,0.0,0.0,0.0,0.0
2025-12-28 00:00:00+00:00,0.0,0.0,0.0,0.0
2025-12-29 00:00:00+00:00,0.0089928106928248,0.0,0.0044964053464124,0.0053160010582510905
2025-12-30 00:00:00+00:00,0.0,0.0,0.0,0.0
2025-12-31 00:00:00+00:00,0.0,0.0,0.0,0.0
