entry_time,exit_time,side,reason,entry_mid,exit_mid,risk_price,gross_R,cost_R,net_R,ret_frac,instrument,target,stop,trigger
2013-10-30 14:00:00+00:00,2013-10-30 18:18:00+00:00,short,target,3402.608,3375.568,6.199499999999716,4.361642067908896,0.44815744495525883,3.913484622953637,0.03913484622953637,NAS100,range,sneaky,c3
2013-11-18 15:00:00+00:00,2013-11-18 15:05:00+00:00,short,target,3414.7615,3408.3755,9.117999999999938,0.7003728887914028,0.04496155927835082,0.655411329513052,0.00655411329513052,NAS100,range,sneaky,c3
2013-11-19 15:00:00+00:00,2013-11-19 18:24:00+00:00,long,stop,3394.88,3377.191,17.689000000000306,-1.0,0.12932710724178645,-1.1293271072417865,-0.011293271072417866,NAS100,range,sneaky,c3
2013-11-25 15:00:00+00:00,2013-11-25 19:14:00+00:00,short,stop,3425.948,3436.6684999999998,10.720499999999902,-1.0,0.04064051303577296,-1.040640513035773,-0.01040640513035773,NAS100,range,sneaky,c3
2013-12-03 15:00:00+00:00,2013-12-03 16:30:00+00:00,long,stop,3483.865,3474.799,9.065999999999804,-1.0,0.2643339096624809,-1.2643339096624808,-0.012643339096624809,NAS100,range,sneaky,c3
2013-12-17 15:03:00+00:00,2013-12-17 15:51:00+00:00,long,stop,3470.9965,3463.1710000000003,7.82549999999992,-1.0,0.09208546067344031,-1.0920854606734403,-0.010920854606734403,NAS100,range,sneaky,c3
2013-12-23 15:00:00+00:00,2013-12-23 16:06:00+00:00,short,stop,3555.2625,3563.4700000000003,8.207500000000437,-1.0,0.29486348614070923,-1.2948634861407093,-0.012948634861407094,NAS100,range,sneaky,c3
2013-12-30 15:00:00+00:00,2013-12-30 20:59:00+00:00,long,time,3565.3985000000002,3569.835,6.461500000000342,0.6866052774122977,0.07548570803992481,0.6111195693723729,0.006111195693723729,NAS100,range,sneaky,c3
2014-01-24 15:07:00+00:00,2014-01-24 15:41:00+00:00,long,stop,3590.3914999999997,3579.624,10.767499999999927,-1.0,0.2335152493615061,-1.233515249361506,-0.01233515249361506,NAS100,range,sneaky,c3
2014-01-30 15:00:00+00:00,2014-01-30 15:37:00+00:00,short,stop,3509.3265,3518.887,9.560500000000047,-1.0,0.028147714293185362,-1.0281477142931854,-0.010281477142931855,NAS100,range,sneaky,c3
2014-02-07 15:12:00+00:00,2014-02-07 16:15:00+00:00,short,stop,3517.955,3528.148,10.193000000000211,-1.0,0.08286736731089792,-1.082867367310898,-0.01082867367310898,NAS100,range,sneaky,c3
2014-02-10 15:04:00+00:00,2014-02-10 16:47:00+00:00,short,stop,3569.7985,3576.1005,6.302000000000135,-1.0,0.3736967474611154,-1.3736967474611155,-0.013736967474611155,NAS100,range,sneaky,c3
2014-03-05 15:01:00+00:00,2014-03-05 15:26:00+00:00,short,stop,3717.1525,3724.817,7.664499999999862,-1.0,0.3134731440407128,-1.3134731440407128,-0.013134731440407128,NAS100,range,sneaky,c3
2014-03-06 15:00:00+00:00,2014-03-06 18:55:00+00:00,short,target,3734.218,3715.3485,4.029500000000098,4.682839061918186,0.5749408537039193,4.107898208214266,0.04107898208214266,NAS100,range,sneaky,c3
2014-03-27 14:02:00+00:00,2014-03-27 19:59:00+00:00,long,time,3568.931,3562.7065000000002,23.073499999999967,-0.26976834897175617,0.11505864671592969,-0.38482699568768586,-0.0038482699568768586,NAS100,range,sneaky,c3
2014-04-02 14:12:00+00:00,2014-04-02 19:59:00+00:00,short,time,3657.6899999999996,3667.1369999999997,18.267500000000382,-0.5171479403311848,0.14675178048446383,-0.6638997208156486,-0.006638997208156487,NAS100,range,sneaky,c3
2014-04-07 14:00:00+00:00,2014-04-07 16:09:00+00:00,long,stop,3539.9455,3507.6645,32.28099999999995,-1.0,0.08462850105325126,-1.0846285010532513,-0.010846285010532513,NAS100,range,sneaky,c3
2014-04-15 14:02:00+00:00,2014-04-15 15:00:00+00:00,short,target,3493.8375,3443.1615,13.087500000000091,3.8720916905443805,0.21078648042024686,3.6613052101241337,0.036613052101241335,NAS100,range,sneaky,c3
2014-05-01 14:01:00+00:00,2014-05-01 14:07:00+00:00,short,stop,3587.243,3595.385,8.14200000000028,-1.0,0.3408594700319214,-1.3408594700319214,-0.013408594700319215,NAS100,range,sneaky,c3
2014-05-09 14:11:00+00:00,2014-05-09 19:59:00+00:00,long,time,3537.983,3554.7305,22.61999999999989,0.7403846153846165,0.1188164325817866,0.6215681828028299,0.006215681828028299,NAS100,range,sneaky,c3
2014-05-19 14:02:00+00:00,2014-05-19 14:17:00+00:00,short,stop,3589.892,3599.1245,9.232500000000073,-1.0,0.2751839068507966,-1.2751839068507966,-0.012751839068507966,NAS100,range,sneaky,c3
2014-05-28 14:01:00+00:00,2014-05-28 15:36:00+00:00,short,stop,3714.8745,3724.6425,9.768000000000029,-1.0,0.2716531590397207,-1.2716531590397206,-0.012716531590397206,NAS100,range,sneaky,c3
2014-06-04 14:00:00+00:00,2014-06-04 14:55:00+00:00,long,target,3729.8635000000004,3736.6945,14.157000000000153,0.48251748251745447,0.19619492636151512,0.2863225561559394,0.0028632255615593937,NAS100,range,sneaky,c3
2014-06-12 14:03:00+00:00,2014-06-12 14:16:00+00:00,long,stop,3794.2595,3787.281,6.978500000000167,-1.0,0.401264603066552,-1.401264603066552,-0.01401264603066552,NAS100,range,sneaky,c3
2014-06-19 14:02:00+00:00,2014-06-19 19:59:00+00:00,short,time,3799.1845000000003,3799.413,9.353999999999814,-0.02442805217016433,0.30242569034638184,-0.32685374251654614,-0.0032685374251654616,NAS100,range,sneaky,c3
2014-06-27 14:07:00+00:00,2014-06-27 15:05:00+00:00,short,stop,3825.9264999999996,3832.8050000000003,6.878500000000713,-1.0,0.13745730573524778,-1.1374573057352477,-0.011374573057352478,NAS100,range,sneaky,c3
2014-07-15 14:12:00+00:00,2014-07-15 14:38:00+00:00,short,target,3929.1440000000002,3916.6545,11.562999999999647,1.080126264810215,0.23224374643259377,0.8478825183776213,0.008478825183776214,NAS100,range,sneaky,c3
2014-07-30 14:01:00+00:00,2014-07-30 19:59:00+00:00,short,time,3976.1215,3975.8755,14.092999999999847,0.017455474348974473,0.18873032019442482,-0.17127484584545033,-0.0017127484584545034,NAS100,range,sneaky,c3
2014-08-29 14:07:00+00:00,2014-08-29 15:14:00+00:00,short,stop,4068.3975,4078.41,10.012499999999818,-1.0,0.169910977528093,-1.169910977528093,-0.011699109775280929,NAS100,range,sneaky,c3
2014-09-22 14:07:00+00:00,2014-09-22 14:16:00+00:00,long,stop,4084.474,4078.2925,6.181500000000142,-1.0,0.40336552454904834,-1.4033655245490484,-0.014033655245490485,NAS100,range,sneaky,c3
2014-10-06 14:02:00+00:00,2014-10-06 19:59:00+00:00,short,time,4039.877,4017.0505000000003,7.351000000000113,3.105223779077584,0.36707705006121055,2.7381467290163735,0.027381467290163736,NAS100,range,sneaky,c3
2014-10-07 14:00:00+00:00,2014-10-07 15:37:00+00:00,long,stop,3989.0299999999997,3980.9085,8.121499999999742,-1.0,0.3121983685279912,-1.3121983685279912,-0.013121983685279913,NAS100,range,sneaky,c3
2014-11-25 15:02:00+00:00,2014-11-25 20:59:00+00:00,short,time,4291.7305,4289.265,7.544499999999971,0.32679435350246505,0.31625190304195233,0.01054245046051272,0.0001054245046051272,NAS100,range,sneaky,c3
2014-12-03 15:00:00+00:00,2014-12-03 20:30:00+00:00,short,stop,4298.943,4316.9095,17.96649999999954,-1.0,0.11746479809646028,-1.1174647980964603,-0.011174647980964602,NAS100,range,sneaky,c3
2015-01-26 15:00:00+00:00,2015-01-26 20:59:00+00:00,long,time,4262.9335,4275.4335,10.280999999999949,1.215835035502389,0.23237921189573113,0.983455823606658,0.00983455823606658,NAS100,range,sneaky,c3
2015-01-29 15:02:00+00:00,2015-01-29 20:59:00+00:00,long,time,4125.6555,4181.2564999999995,22.743999999999687,2.4446447414702965,0.11001440412856288,2.334630337341734,0.023346303373417338,NAS100,range,sneaky,c3
2015-01-30 15:00:00+00:00,2015-01-30 20:59:00+00:00,short,time,4187.629,4149.8325,22.28899999999976,1.6957467809233198,0.1082236028982918,1.587523178025028,0.01587523178025028,NAS100,range,sneaky,c3
2015-02-03 15:01:00+00:00,2015-02-03 20:31:00+00:00,short,stop,4208.1025,4219.777,11.67450000000008,-1.0,0.22352363377446413,-1.2235236337744642,-0.012235236337744641,NAS100,range,sneaky,c3
2015-02-13 15:03:00+00:00,2015-02-13 16:03:00+00:00,short,stop,4357.952,4364.3145,6.362500000000182,-1.0,0.3043248534381052,-1.3043248534381053,-0.013043248534381054,NAS100,range,sneaky,c3
2015-03-04 15:01:00+00:00,2015-03-04 15:12:00+00:00,long,stop,4430.2545,4421.8285,8.426000000000386,-1.0,0.3566302566460791,-1.356630256646079,-0.01356630256646079,NAS100,range,sneaky,c3
2015-03-11 14:03:00+00:00,2015-03-11 14:17:00+00:00,long,stop,4338.5055,4328.6115,9.894000000000233,-1.0,0.17451973342429347,-1.1745197334242934,-0.011745197334242934,NAS100,range,sneaky,c3
2015-03-13 14:00:00+00:00,2015-03-13 14:59:00+00:00,short,target,4335.8025,4299.9815,11.940500000000611,2.999958125706468,0.07062797516854041,2.9293301505379272,0.029293301505379274,NAS100,range,sneaky,c3
2015-03-24 14:00:00+00:00,2015-03-24 15:17:00+00:00,long,target,4452.094,4466.9815,10.555000000000291,1.4104689720511046,0.16210636570345363,1.248362606347651,0.01248362606347651,NAS100,range,sneaky,c3
2015-03-31 14:00:00+00:00,2015-03-31 19:14:00+00:00,long,stop,4364.543,4352.7155,11.827499999999418,-1.0,0.13808609638554897,-1.138086096385549,-0.01138086096385549,NAS100,range,sneaky,c3
2015-04-07 14:00:00+00:00,2015-04-07 14:20:00+00:00,short,stop,4359.3369999999995,4368.901,9.564000000000306,-1.0,0.17466650930572425,-1.1746665093057242,-0.011746665093057242,NAS100,range,sneaky,c3
2015-05-18 14:01:00+00:00,2015-05-18 17:09:00+00:00,long,target,4494.5465,4509.5869999999995,12.142499999999927,1.2386658431129707,0.13652573831583364,1.102140104797137,0.011021401047971372,NAS100,range,sneaky,c3
2015-05-19 14:02:00+00:00,2015-05-19 19:59:00+00:00,short,time,4515.26,4504.192999999999,5.019000000000233,2.2050209205021725,0.2262522614066442,1.9787686590955282,0.019787686590955283,NAS100,range,sneaky,c3
2015-06-05 14:00:00+00:00,2015-06-05 19:59:00+00:00,long,time,4469.4225,4478.5005,14.940999999999804,0.6075898534235024,0.13482176812127877,0.4727680853022236,0.004727680853022236,NAS100,range,sneaky,c3
2015-06-12 14:01:00+00:00,2015-06-12 14:34:00+00:00,long,stop,4468.5275,4458.4015,10.126000000000204,-1.0,0.1672181722792777,-1.1672181722792776,-0.011672181722792776,NAS100,range,sneaky,c3
2015-06-16 14:11:00+00:00,2015-06-16 15:14:00+00:00,short,stop,4432.44,4444.961499999999,12.521499999999833,-1.0,0.16103337459569753,-1.1610333745956976,-0.011610333745956975,NAS100,range,sneaky,c3
2015-06-26 14:00:00+00:00,2015-06-26 14:23:00+00:00,long,stop,4519.0855,4504.4035,14.681999999999789,-1.0,0.1875137271829478,-1.1875137271829477,-0.011875137271829476,NAS100,range,sneaky,c3
2015-08-27 14:00:00+00:00,2015-08-27 14:49:00+00:00,short,stop,4268.313,4303.2585,34.94549999999981,-1.0,0.032828897998311825,-1.0328288979983118,-0.010328288979983119,NAS100,range,sneaky,c3
2015-09-02 14:02:00+00:00,2015-09-02 14:19:00+00:00,long,stop,4199.537,4183.5255,16.011500000000524,-1.0,0.08543468725603193,-1.0854346872560319,-0.010854346872560318,NAS100,range,sneaky,c3
2015-09-03 14:01:00+00:00,2015-09-03 14:20:00+00:00,short,stop,4267.2080000000005,4286.5025000000005,19.29449999999997,-1.0,0.09153246158231634,-1.0915324615823163,-0.010915324615823164,NAS100,range,sneaky,c3
2015-09-29 14:00:00+00:00,2015-09-29 18:52:00+00:00,long,stop,4124.648,4084.2885,40.359500000000025,-1.0,0.02702777487332597,-1.0270277748733259,-0.010270277748733259,NAS100,range,sneaky,c3
2015-09-30 14:05:00+00:00,2015-09-30 14:09:00+00:00,short,stop,4144.5225,4162.447,17.92450000000008,-1.0,0.09609810803648594,-1.096098108036486,-0.01096098108036486,NAS100,range,sneaky,c3
2015-10-15 14:02:00+00:00,2015-10-15 14:50:00+00:00,short,stop,4369.4185,4385.585,16.16650000000027,-1.0,0.13972545062319996,-1.1397254506232,-0.011397254506232,NAS100,range,sneaky,c3
2015-11-12 15:10:00+00:00,2015-11-12 19:50:00+00:00,long,stop,4625.7855,4610.173,15.612500000000182,-1.0,0.08785755372297736,-1.0878575537229773,-0.010878575537229774,NAS100,range,sneaky,c3
2015-12-14 15:07:00+00:00,2015-12-14 15:12:00+00:00,long,stop,4547.3904999999995,4525.8099999999995,21.58050000000003,-1.0,0.1530353968860775,-1.1530353968860776,-0.011530353968860776,NAS100,range,sneaky,c3
2015-12-16 15:03:00+00:00,2015-12-16 19:00:00+00:00,short,target,4616.004,4593.468000000001,18.271999999999935,1.2333625218913764,0.2464448478546419,0.9869176740367345,0.009869176740367344,NAS100,range,sneaky,c3
2016-03-29 14:00:00+00:00,2016-03-29 15:29:00+00:00,long,target,4396.288500000001,4418.804,12.489000000000487,1.802826487308723,0.1315957200336245,1.6712307672750986,0.016712307672750986,NAS100,range,sneaky,c3
2016-04-05 14:00:00+00:00,2016-04-05 16:21:00+00:00,long,stop,4475.038500000001,4465.968,9.07050000000072,-1.0,0.14388734882309645,-1.1438873488230965,-0.011438873488230965,NAS100,range,sneaky,c3
2016-05-04 14:00:00+00:00,2016-05-04 15:28:00+00:00,long,stop,4322.841,4307.779500000001,15.061499999999796,-1.0,0.08741383892706689,-1.087413838927067,-0.01087413838927067,NAS100,range,sneaky,c3
2016-06-13 14:01:00+00:00,2016-06-13 15:52:00+00:00,long,stop,4457.5565,4435.0105,22.545999999999367,-1.0,0.06279473642774948,-1.0627947364277495,-0.010627947364277494,NAS100,range,sneaky,c3
2016-06-27 14:01:00+00:00,2016-06-27 14:05:00+00:00,long,stop,4235.5635,4223.27,12.293499999999767,-1.0,0.13322496217513574,-1.1332249621751358,-0.011332249621751358,NAS100,range,sneaky,c3
2016-07-06 14:00:00+00:00,2016-07-06 15:01:00+00:00,long,target,4395.3315,4419.246,20.730499999999665,1.1535901208364607,0.06103903680567379,1.092551084030787,0.010925510840307871,NAS100,range,sneaky,c3
2016-07-11 14:00:00+00:00,2016-07-11 15:01:00+00:00,short,stop,4556.220499999999,4561.4365,5.216000000000349,-1.0,0.30331475603909,-1.30331475603909,-0.0130331475603909,NAS100,range,sneaky,c3
2016-07-12 14:08:00+00:00,2016-07-12 19:59:00+00:00,short,time,4579.747,4577.77,8.462499999999636,0.23361890694238663,0.1550683420974956,0.07855056484489104,0.0007855056484489104,NAS100,range,sneaky,c3
2016-07-29 14:00:00+00:00,2016-07-29 15:02:00+00:00,short,stop,4724.2005,4737.0285,12.82800000000043,-1.0,0.13351785683660294,-1.1335178568366029,-0.01133517856836603,NAS100,range,sneaky,c3
2016-08-04 14:01:00+00:00,2016-08-04 14:50:00+00:00,short,stop,4726.683999999999,4741.119000000001,14.43500000000131,-1.0,0.10565308901973408,-1.105653089019734,-0.01105653089019734,NAS100,range,sneaky,c3
2016-08-11 14:00:00+00:00,2016-08-11 19:59:00+00:00,short,time,4802.897000000001,4803.598,10.042999999999665,-0.06979986059933642,0.08477457881111507,-0.1545744394104515,-0.0015457443941045148,NAS100,range,sneaky,c3
2016-08-16 14:01:00+00:00,2016-08-16 19:58:00+00:00,long,stop,4807.9115,4797.471,10.440500000000611,-1.0,0.10823888247688652,-1.1082388824768865,-0.011082388824768865,NAS100,range,sneaky,c3
2016-08-26 14:00:00+00:00,2016-08-26 14:04:00+00:00,short,stop,4786.800499999999,4796.3099999999995,9.509500000000116,-1.0,0.11475030942741327,-1.1147503094274134,-0.011147503094274133,NAS100,range,sneaky,c3
2016-09-26 14:05:00+00:00,2016-09-26 15:33:00+00:00,long,stop,4824.4775,4816.7325,7.744999999999891,-1.0,0.2210851468689508,-1.2210851468689508,-0.012210851468689507,NAS100,range,sneaky,c3
2016-10-12 14:05:00+00:00,2016-10-12 19:59:00+00:00,long,time,4822.913500000001,4820.1745,13.483500000000276,-0.2031371676493812,0.11295978955760513,-0.31609695720698633,-0.0031609695720698633,NAS100,range,sneaky,c3
2016-10-20 14:00:00+00:00,2016-10-20 14:30:00+00:00,long,stop,4832.5345,4820.3385,12.195999999999913,-1.0,0.08801182006395603,-1.0880118200639561,-0.010880118200639562,NAS100,range,sneaky,c3
2016-11-18 15:00:00+00:00,2016-11-18 20:59:00+00:00,short,time,4823.6345,4808.052,13.76299999999992,1.1322022814793669,0.08504949811087748,1.0471527833684893,0.010471527833684893,NAS100,range,sneaky,c3
2016-12-08 15:03:00+00:00,2016-12-08 16:08:00+00:00,short,stop,4848.4,4865.9345,17.534500000000662,-1.0,0.052305226838516385,-1.0523052268385165,-0.010523052268385165,NAS100,range,sneaky,c3
2016-12-12 15:00:00+00:00,2016-12-12 15:19:00+00:00,long,stop,4879.589,4865.889999999999,13.699000000000524,-1.0,0.04410345901160499,-1.044103459011605,-0.01044103459011605,NAS100,range,sneaky,c3
2017-02-01 15:04:00+00:00,2017-02-01 20:29:00+00:00,short,stop,5148.735000000001,5156.442999999999,7.707999999998719,-1.0,0.21622571030102195,-1.216225710301022,-0.01216225710301022,NAS100,range,sneaky,c3
2017-02-09 15:00:00+00:00,2017-02-09 15:22:00+00:00,short,stop,5199.1995,5204.814,5.614500000000589,-1.0,0.09581404711015112,-1.0958140471101512,-0.010958140471101512,NAS100,range,sneaky,c3
2017-02-10 15:01:00+00:00,2017-02-10 15:31:00+00:00,short,stop,5214.6,5222.4685,7.868499999999585,-1.0,0.07828035839105707,-1.0782803583910572,-0.010782803583910571,NAS100,range,sneaky,c3
2017-02-16 15:01:00+00:00,2017-02-16 20:59:00+00:00,short,time,5298.493,5300.487,15.168499999999767,-0.1314566371097813,0.101157137818507,-0.23261377492828833,-0.0023261377492828834,NAS100,range,sneaky,c3
2017-03-09 15:01:00+00:00,2017-03-09 18:30:00+00:00,long,stop,5366.1565,5356.2505,9.905999999999949,-1.0,0.0672118082475271,-1.067211808247527,-0.010672118082475271,NAS100,range,sneaky,c3
2017-03-21 14:00:00+00:00,2017-03-21 14:53:00+00:00,short,target,5432.6895,5399.343,4.001499999999396,8.333499937524826,0.3897071304511397,7.943792807073686,0.07943792807073687,NAS100,range,sneaky,c3
2017-03-27 14:05:00+00:00,2017-03-27 19:59:00+00:00,long,time,5338.0005,5374.1,19.70049999999992,1.8324154209284236,0.09048653930103333,1.7419288816273903,0.017419288816273904,NAS100,range,sneaky,c3
2017-04-03 14:06:00+00:00,2017-04-03 14:58:00+00:00,short,target,5444.5995,5426.299999999999,9.001000000000204,2.0330518831241613,0.19942461198755243,1.8336272711366088,0.018336272711366088,NAS100,range,sneaky,c3
2017-05-08 14:00:00+00:00,2017-05-08 14:44:00+00:00,short,stop,5640.050499999999,5647.799999999999,7.749499999999898,-1.0,0.17064414704174685,-1.1706441470417468,-0.011706441470417469,NAS100,range,sneaky,c3
2017-06-13 14:03:00+00:00,2017-06-13 19:36:00+00:00,short,stop,5744.4,5758.799999999999,14.399999999999636,-1.0,0.12058986111111414,-1.1205898611111142,-0.011205898611111143,NAS100,range,sneaky,c3
2017-06-15 14:01:00+00:00,2017-06-15 14:22:00+00:00,long,stop,5659.9505,5639.1,20.850499999999556,-1.0,0.0683001998753042,-1.0683001998753041,-0.010683001998753041,NAS100,range,sneaky,c3
2017-06-23 14:00:00+00:00,2017-06-23 16:26:00+00:00,long,target,5769.9005,5803.2005,10.900499999999738,3.054905738268977,0.16888551603137877,2.886020222237598,0.02886020222237598,NAS100,range,sneaky,c3
2017-06-26 14:00:00+00:00,2017-06-26 19:59:00+00:00,short,time,5836.9,5776.0995,9.200000000000728,6.608749999999409,0.20108494565215804,6.407665054347251,0.06407665054347252,NAS100,range,sneaky,c3
2017-07-18 14:11:00+00:00,2017-07-18 15:32:00+00:00,long,target,5841.65,5860.9,13.549999999999272,1.4206642066421427,0.15133747232473138,1.2693267343174113,0.012693267343174114,NAS100,range,sneaky,c3
2017-07-19 14:13:00+00:00,2017-07-19 15:14:00+00:00,short,stop,5895.1,5908.6,13.5,-1.0,0.13746951851851852,-1.1374695185185186,-0.011374695185185187,NAS100,range,sneaky,c3
2017-07-31 14:01:00+00:00,2017-07-31 19:59:00+00:00,short,time,5901.0995,5878.2,23.900499999999738,0.9581180310035645,0.07776608993535786,0.8803519410682067,0.008803519410682067,NAS100,range,sneaky,c3
2017-08-09 14:10:00+00:00,2017-08-09 19:59:00+00:00,long,time,5892.1,5916.2,27.400000000000546,0.879562043795583,0.06778954379561909,0.8117724999999639,0.00811772499999964,NAS100,range,sneaky,c3
2017-09-14 14:03:00+00:00,2017-09-14 19:43:00+00:00,long,stop,5979.9005,5967.0,12.900499999999738,-1.0,0.14490031917367838,-1.1449003191736784,-0.011449003191736784,NAS100,range,sneaky,c3
2017-09-15 14:03:00+00:00,2017-09-15 14:47:00+00:00,long,target,5967.15,5996.1005000000005,12.849999999999454,2.25295719844374,0.1451801750972824,2.1077770233464577,0.021077770233464577,NAS100,range,sneaky,c3
2017-09-27 14:06:00+00:00,2017-09-27 18:04:00+00:00,short,stop,5919.3994999999995,5931.5005,12.101000000000568,-1.0,0.15379877138252318,-1.1537987713825233,-0.011537987713825233,NAS100,range,sneaky,c3
2017-09-29 14:00:00+00:00,2017-09-29 14:39:00+00:00,short,stop,5931.5995,5949.5005,17.90099999999984,-1.0,0.10405932252388227,-1.1040593225238822,-0.011040593225238822,NAS100,range,sneaky,c3
2017-10-16 14:09:00+00:00,2017-10-16 19:59:00+00:00,short,time,6110.5,6113.6,4.850000000000364,-0.6391752577319858,0.3886427835051255,-1.0278180412371114,-0.010278180412371114,NAS100,range,sneaky,c3
2017-11-09 15:00:00+00:00,2017-11-09 16:56:00+00:00,long,stop,6287.9005,6273.4995,14.40099999999984,-1.0,0.10198691288799502,-1.101986912887995,-0.011019869128879952,NAS100,range,sneaky,c3
2017-12-19 15:02:00+00:00,2017-12-19 15:24:00+00:00,long,stop,6494.1,6483.9,10.200000000000728,-1.0,0.14550161764704844,-1.1455016176470485,-0.011455016176470486,NAS100,range,sneaky,c3
2017-12-26 15:00:00+00:00,2017-12-26 20:59:00+00:00,long,time,6425.0005,6441.1,11.500500000000102,1.3998956567105882,0.12865745250206398,1.2712382042085242,0.012712382042085243,NAS100,range,sneaky,c3
2013-10-30 14:00:00+00:00,2013-10-30 18:18:00+00:00,short,target,3402.608,3375.568,6.199499999999716,4.361642067908896,0.44815744495525883,3.913484622953637,0.03913484622953637,NAS100,range,sneaky,session
2013-11-18 15:00:00+00:00,2013-11-18 15:05:00+00:00,short,target,3414.7615,3408.3755,9.117999999999938,0.7003728887914028,0.04496155927835082,0.655411329513052,0.00655411329513052,NAS100,range,sneaky,session
2013-11-19 15:00:00+00:00,2013-11-19 18:24:00+00:00,long,stop,3394.88,3377.191,17.689000000000306,-1.0,0.12932710724178645,-1.1293271072417865,-0.011293271072417866,NAS100,range,sneaky,session
2013-11-25 15:00:00+00:00,2013-11-25 19:14:00+00:00,short,stop,3425.948,3436.6684999999998,10.720499999999902,-1.0,0.04064051303577296,-1.040640513035773,-0.01040640513035773,NAS100,range,sneaky,session
2013-12-03 15:00:00+00:00,2013-12-03 16:30:00+00:00,long,stop,3483.865,3474.799,9.065999999999804,-1.0,0.2643339096624809,-1.2643339096624808,-0.012643339096624809,NAS100,range,sneaky,session
2013-12-17 15:03:00+00:00,2013-12-17 15:51:00+00:00,long,stop,3470.9965,3463.1710000000003,7.82549999999992,-1.0,0.09208546067344031,-1.0920854606734403,-0.010920854606734403,NAS100,range,sneaky,session
2013-12-23 15:00:00+00:00,2013-12-23 16:06:00+00:00,short,stop,3555.2625,3563.4700000000003,8.207500000000437,-1.0,0.29486348614070923,-1.2948634861407093,-0.012948634861407094,NAS100,range,sneaky,session
2013-12-30 15:00:00+00:00,2013-12-30 20:59:00+00:00,long,time,3565.3985000000002,3569.835,6.461500000000342,0.6866052774122977,0.07548570803992481,0.6111195693723729,0.006111195693723729,NAS100,range,sneaky,session
2014-01-24 15:07:00+00:00,2014-01-24 15:41:00+00:00,long,stop,3590.3914999999997,3579.624,10.767499999999927,-1.0,0.2335152493615061,-1.233515249361506,-0.01233515249361506,NAS100,range,sneaky,session
2014-01-30 15:00:00+00:00,2014-01-30 15:37:00+00:00,short,stop,3509.3265,3518.887,9.560500000000047,-1.0,0.028147714293185362,-1.0281477142931854,-0.010281477142931855,NAS100,range,sneaky,session
2014-02-07 15:12:00+00:00,2014-02-07 16:15:00+00:00,short,stop,3517.955,3528.148,10.193000000000211,-1.0,0.08286736731089792,-1.082867367310898,-0.01082867367310898,NAS100,range,sneaky,session
2014-02-10 15:04:00+00:00,2014-02-10 16:47:00+00:00,short,stop,3569.7985,3576.1005,6.302000000000135,-1.0,0.3736967474611154,-1.3736967474611155,-0.013736967474611155,NAS100,range,sneaky,session
2014-02-28 18:48:00+00:00,2014-02-28 20:07:00+00:00,short,target,3709.7975,3671.9905,6.151499999999942,6.145980655124864,0.15169256888563906,5.994288086239226,0.05994288086239226,NAS100,range,sneaky,session
2014-03-05 15:01:00+00:00,2014-03-05 15:26:00+00:00,short,stop,3717.1525,3724.817,7.664499999999862,-1.0,0.3134731440407128,-1.3134731440407128,-0.013134731440407128,NAS100,range,sneaky,session
2014-03-06 15:00:00+00:00,2014-03-06 18:55:00+00:00,short,target,3734.218,3715.3485,4.029500000000098,4.682839061918186,0.5749408537039193,4.107898208214266,0.04107898208214266,NAS100,range,sneaky,session
2014-03-17 14:31:00+00:00,2014-03-17 16:15:00+00:00,short,stop,3667.5245,3673.591,6.066499999999905,-1.0,0.4030971882469361,-1.403097188246936,-0.014030971882469361,NAS100,range,sneaky,session
2014-03-27 14:02:00+00:00,2014-03-27 19:59:00+00:00,long,time,3568.931,3562.7065000000002,23.073499999999967,-0.26976834897175617,0.11505864671592969,-0.38482699568768586,-0.0038482699568768586,NAS100,range,sneaky,session
2014-03-28 15:47:00+00:00,2014-03-28 16:08:00+00:00,short,stop,3594.2135,3601.4314999999997,7.217999999999847,-1.0,0.3469969350928308,-1.3469969350928308,-0.013469969350928309,NAS100,range,sneaky,session
2014-04-02 14:12:00+00:00,2014-04-02 19:59:00+00:00,short,time,3657.6899999999996,3667.1369999999997,18.267500000000382,-0.5171479403311848,0.14675178048446383,-0.6638997208156486,-0.006638997208156487,NAS100,range,sneaky,session
2014-04-07 14:00:00+00:00,2014-04-07 16:09:00+00:00,long,stop,3539.9455,3507.6645,32.28099999999995,-1.0,0.08462850105325126,-1.0846285010532513,-0.010846285010532513,NAS100,range,sneaky,session
2014-04-15 14:02:00+00:00,2014-04-15 15:00:00+00:00,short,target,3493.8375,3443.1615,13.087500000000091,3.8720916905443805,0.21078648042024686,3.6613052101241337,0.036613052101241335,NAS100,range,sneaky,session
2014-05-01 14:01:00+00:00,2014-05-01 14:07:00+00:00,short,stop,3587.243,3595.385,8.14200000000028,-1.0,0.3408594700319214,-1.3408594700319214,-0.013408594700319215,NAS100,range,sneaky,session
2014-05-09 14:11:00+00:00,2014-05-09 19:59:00+00:00,long,time,3537.983,3554.7305,22.61999999999989,0.7403846153846165,0.1188164325817866,0.6215681828028299,0.006215681828028299,NAS100,range,sneaky,session
2014-05-13 15:39:00+00:00,2014-05-13 19:59:00+00:00,short,time,3608.9035,3611.6565,13.246000000000095,-0.2078363279480701,0.19293210988222723,-0.40076843783029736,-0.004007684378302974,NAS100,range,sneaky,session
2014-05-19 14:02:00+00:00,2014-05-19 14:17:00+00:00,short,stop,3589.892,3599.1245,9.232500000000073,-1.0,0.2751839068507966,-1.2751839068507966,-0.012751839068507966,NAS100,range,sneaky,session
2014-05-28 14:01:00+00:00,2014-05-28 15:36:00+00:00,short,stop,3714.8745,3724.6425,9.768000000000029,-1.0,0.2716531590397207,-1.2716531590397206,-0.012716531590397206,NAS100,range,sneaky,session
2014-05-29 14:15:00+00:00,2014-05-29 15:29:00+00:00,short,stop,3717.7325,3728.3105,10.577999999999975,-1.0,0.2610033926545667,-1.2610033926545667,-0.012610033926545668,NAS100,range,sneaky,session
2014-06-04 14:00:00+00:00,2014-06-04 14:55:00+00:00,long,target,3729.8635000000004,3736.6945,14.157000000000153,0.48251748251745447,0.19619492636151512,0.2863225561559394,0.0028632255615593937,NAS100,range,sneaky,session
2014-06-12 14:03:00+00:00,2014-06-12 14:16:00+00:00,long,stop,3794.2595,3787.281,6.978500000000167,-1.0,0.401264603066552,-1.401264603066552,-0.01401264603066552,NAS100,range,sneaky,session
2014-06-19 14:02:00+00:00,2014-06-19 19:59:00+00:00,short,time,3799.1845000000003,3799.413,9.353999999999814,-0.02442805217016433,0.30242569034638184,-0.32685374251654614,-0.0032685374251654616,NAS100,range,sneaky,session
2014-06-24 19:02:00+00:00,2014-06-24 19:35:00+00:00,short,target,3813.804,3794.7375,4.927499999999782,3.869406392694216,0.49252100659565845,3.3768853860985573,0.033768853860985576,NAS100,range,sneaky,session
2014-06-27 14:07:00+00:00,2014-06-27 15:05:00+00:00,short,stop,3825.9264999999996,3832.8050000000003,6.878500000000713,-1.0,0.13745730573524778,-1.1374573057352477,-0.011374573057352478,NAS100,range,sneaky,session
2014-06-30 15:06:00+00:00,2014-06-30 15:20:00+00:00,short,stop,3847.3195,3851.4915,4.1720000000000255,-1.0,0.6121945751438121,-1.6121945751438123,-0.016121945751438122,NAS100,range,sneaky,session
2014-07-15 14:12:00+00:00,2014-07-15 14:38:00+00:00,short,target,3929.1440000000002,3916.6545,11.562999999999647,1.080126264810215,0.23224374643259377,0.8478825183776213,0.008478825183776214,NAS100,range,sneaky,session
2014-07-30 14:01:00+00:00,2014-07-30 19:59:00+00:00,short,time,3976.1215,3975.8755,14.092999999999847,0.017455474348974473,0.18873032019442482,-0.17127484584545033,-0.0017127484584545034,NAS100,range,sneaky,session
2014-08-28 14:48:00+00:00,2014-08-28 19:59:00+00:00,long,time,4064.9719999999998,4066.88,8.517999999999574,0.22399624324964215,0.16027508570087676,0.0637211575487654,0.000637211575487654,NAS100,range,sneaky,session
2014-08-29 14:07:00+00:00,2014-08-29 15:14:00+00:00,short,stop,4068.3975,4078.41,10.012499999999818,-1.0,0.169910977528093,-1.169910977528093,-0.011699109775280929,NAS100,range,sneaky,session
2014-09-05 16:31:00+00:00,2014-09-05 19:59:00+00:00,long,time,4073.925,4088.1270000000004,12.780499999999847,1.1112241305113568,0.17235672508900482,0.938867405422352,0.009388674054223521,NAS100,range,sneaky,session
2014-09-17 14:35:00+00:00,2014-09-17 18:00:00+00:00,short,stop,4063.618,4073.6555,10.037499999999909,-1.0,0.2758789708592802,-1.2758789708592801,-0.012758789708592802,NAS100,range,sneaky,session
2014-09-22 14:07:00+00:00,2014-09-22 14:16:00+00:00,long,stop,4084.474,4078.2925,6.181500000000142,-1.0,0.40336552454904834,-1.4033655245490484,-0.014033655245490485,NAS100,range,sneaky,session
2014-10-06 14:02:00+00:00,2014-10-06 19:59:00+00:00,short,time,4039.877,4017.0505000000003,7.351000000000113,3.105223779077584,0.36707705006121055,2.7381467290163735,0.027381467290163736,NAS100,range,sneaky,session
2014-10-07 14:00:00+00:00,2014-10-07 15:37:00+00:00,long,stop,3989.0299999999997,3980.9085,8.121499999999742,-1.0,0.3121983685279912,-1.3121983685279912,-0.013121983685279913,NAS100,range,sneaky,session
2014-11-25 15:02:00+00:00,2014-11-25 20:59:00+00:00,short,time,4291.7305,4289.265,7.544499999999971,0.32679435350246505,0.31625190304195233,0.01054245046051272,0.0001054245046051272,NAS100,range,sneaky,session
2014-12-03 15:00:00+00:00,2014-12-03 20:30:00+00:00,short,stop,4298.943,4316.9095,17.96649999999954,-1.0,0.11746479809646028,-1.1174647980964603,-0.011174647980964602,NAS100,range,sneaky,session
2015-01-26 15:00:00+00:00,2015-01-26 20:59:00+00:00,long,time,4262.9335,4275.4335,10.280999999999949,1.215835035502389,0.23237921189573113,0.983455823606658,0.00983455823606658,NAS100,range,sneaky,session
2015-01-29 15:02:00+00:00,2015-01-29 20:59:00+00:00,long,time,4125.6555,4181.2564999999995,22.743999999999687,2.4446447414702965,0.11001440412856288,2.334630337341734,0.023346303373417338,NAS100,range,sneaky,session
2015-01-30 15:00:00+00:00,2015-01-30 20:59:00+00:00,short,time,4187.629,4149.8325,22.28899999999976,1.6957467809233198,0.1082236028982918,1.587523178025028,0.01587523178025028,NAS100,range,sneaky,session
2015-02-03 15:01:00+00:00,2015-02-03 20:31:00+00:00,short,stop,4208.1025,4219.777,11.67450000000008,-1.0,0.22352363377446413,-1.2235236337744642,-0.012235236337744641,NAS100,range,sneaky,session
2015-02-13 15:03:00+00:00,2015-02-13 16:03:00+00:00,short,stop,4357.952,4364.3145,6.362500000000182,-1.0,0.3043248534381052,-1.3043248534381053,-0.013043248534381054,NAS100,range,sneaky,session
2015-03-04 15:01:00+00:00,2015-03-04 15:12:00+00:00,long,stop,4430.2545,4421.8285,8.426000000000386,-1.0,0.3566302566460791,-1.356630256646079,-0.01356630256646079,NAS100,range,sneaky,session
2015-03-11 14:03:00+00:00,2015-03-11 14:17:00+00:00,long,stop,4338.5055,4328.6115,9.894000000000233,-1.0,0.17451973342429347,-1.1745197334242934,-0.011745197334242934,NAS100,range,sneaky,session
2015-03-13 14:00:00+00:00,2015-03-13 14:59:00+00:00,short,target,4335.8025,4299.9815,11.940500000000611,2.999958125706468,0.07062797516854041,2.9293301505379272,0.029293301505379274,NAS100,range,sneaky,session
2015-03-24 14:00:00+00:00,2015-03-24 15:17:00+00:00,long,target,4452.094,4466.9815,10.555000000000291,1.4104689720511046,0.16210636570345363,1.248362606347651,0.01248362606347651,NAS100,range,sneaky,session
2015-03-31 14:00:00+00:00,2015-03-31 19:14:00+00:00,long,stop,4364.543,4352.7155,11.827499999999418,-1.0,0.13808609638554897,-1.138086096385549,-0.01138086096385549,NAS100,range,sneaky,session
2015-04-07 14:00:00+00:00,2015-04-07 14:20:00+00:00,short,stop,4359.3369999999995,4368.901,9.564000000000306,-1.0,0.17466650930572425,-1.1746665093057242,-0.011746665093057242,NAS100,range,sneaky,session
2015-04-09 14:20:00+00:00,2015-04-09 16:26:00+00:00,short,stop,4375.3055,4389.741,14.435499999999593,-1.0,0.11905831058848315,-1.1190583105884833,-0.011190583105884833,NAS100,range,sneaky,session
2015-05-08 14:17:00+00:00,2015-05-08 15:18:00+00:00,short,stop,4452.852,4461.5225,8.670500000000175,-1.0,0.20138804221209444,-1.2013880422120944,-0.012013880422120943,NAS100,range,sneaky,session
2015-05-12 14:33:00+00:00,2015-05-12 19:59:00+00:00,long,time,4398.6505,4419.7415,20.121499999999287,1.0481822925726758,0.06768443120542943,0.9804978613672464,0.009804978613672464,NAS100,range,sneaky,session
2015-05-18 14:01:00+00:00,2015-05-18 17:09:00+00:00,long,target,4494.5465,4509.5869999999995,12.142499999999927,1.2386658431129707,0.13652573831583364,1.102140104797137,0.011021401047971372,NAS100,range,sneaky,session
2015-05-19 14:02:00+00:00,2015-05-19 19:59:00+00:00,short,time,4515.26,4504.192999999999,5.019000000000233,2.2050209205021725,0.2262522614066442,1.9787686590955282,0.019787686590955283,NAS100,range,sneaky,session
2015-05-22 15:13:00+00:00,2015-05-22 16:36:00+00:00,short,stop,4531.91,4536.599,4.689000000000306,-1.0,0.1805447110257933,-1.1805447110257934,-0.011805447110257935,NAS100,range,sneaky,session
2015-06-05 14:00:00+00:00,2015-06-05 19:59:00+00:00,long,time,4469.4225,4478.5005,14.940999999999804,0.6075898534235024,0.13482176812127877,0.4727680853022236,0.004727680853022236,NAS100,range,sneaky,session
2015-06-12 14:01:00+00:00,2015-06-12 14:34:00+00:00,long,stop,4468.5275,4458.4015,10.126000000000204,-1.0,0.1672181722792777,-1.1672181722792776,-0.011672181722792776,NAS100,range,sneaky,session
2015-06-16 14:11:00+00:00,2015-06-16 15:14:00+00:00,short,stop,4432.44,4444.961499999999,12.521499999999833,-1.0,0.16103337459569753,-1.1610333745956976,-0.011610333745956975,NAS100,range,sneaky,session
2015-06-26 14:00:00+00:00,2015-06-26 14:23:00+00:00,long,stop,4519.0855,4504.4035,14.681999999999789,-1.0,0.1875137271829478,-1.1875137271829477,-0.011875137271829476,NAS100,range,sneaky,session
2015-07-27 14:32:00+00:00,2015-07-27 17:21:00+00:00,long,stop,4541.605,4520.2035,21.401499999999942,-1.0,0.0663133109828752,-1.0663133109828753,-0.010663133109828754,NAS100,range,sneaky,session
2015-08-27 14:00:00+00:00,2015-08-27 14:49:00+00:00,short,stop,4268.313,4303.2585,34.94549999999981,-1.0,0.032828897998311825,-1.0328288979983118,-0.010328288979983119,NAS100,range,sneaky,session
2015-09-02 14:02:00+00:00,2015-09-02 14:19:00+00:00,long,stop,4199.537,4183.5255,16.011500000000524,-1.0,0.08543468725603193,-1.0854346872560319,-0.010854346872560318,NAS100,range,sneaky,session
2015-09-03 14:01:00+00:00,2015-09-03 14:20:00+00:00,short,stop,4267.2080000000005,4286.5025000000005,19.29449999999997,-1.0,0.09153246158231634,-1.0915324615823163,-0.010915324615823164,NAS100,range,sneaky,session
2015-09-29 14:00:00+00:00,2015-09-29 18:52:00+00:00,long,stop,4124.648,4084.2885,40.359500000000025,-1.0,0.02702777487332597,-1.0270277748733259,-0.010270277748733259,NAS100,range,sneaky,session
2015-09-30 14:05:00+00:00,2015-09-30 14:09:00+00:00,short,stop,4144.5225,4162.447,17.92450000000008,-1.0,0.09609810803648594,-1.096098108036486,-0.01096098108036486,NAS100,range,sneaky,session
2015-10-15 14:02:00+00:00,2015-10-15 14:50:00+00:00,short,stop,4369.4185,4385.585,16.16650000000027,-1.0,0.13972545062319996,-1.1397254506232,-0.011397254506232,NAS100,range,sneaky,session
2015-11-10 16:03:00+00:00,2015-11-10 20:59:00+00:00,long,time,4639.526,4642.6245,20.892499999999927,0.14830680866339926,0.04822635826253457,0.10008045040086469,0.001000804504008647,NAS100,range,sneaky,session
2015-11-12 15:10:00+00:00,2015-11-12 19:50:00+00:00,long,stop,4625.7855,4610.173,15.612500000000182,-1.0,0.08785755372297736,-1.0878575537229773,-0.010878575537229774,NAS100,range,sneaky,session
2015-12-14 15:07:00+00:00,2015-12-14 15:12:00+00:00,long,stop,4547.3904999999995,4525.8099999999995,21.58050000000003,-1.0,0.1530353968860775,-1.1530353968860776,-0.011530353968860776,NAS100,range,sneaky,session
2015-12-16 15:03:00+00:00,2015-12-16 19:00:00+00:00,short,target,4616.004,4593.468000000001,18.271999999999935,1.2333625218913764,0.2464448478546419,0.9869176740367345,0.009869176740367344,NAS100,range,sneaky,session
2016-02-19 15:16:00+00:00,2016-02-19 20:59:00+00:00,long,time,4150.4065,4164.493,23.232500000000073,0.6063273431615323,0.05904557936080902,0.5472817638007232,0.005472817638007233,NAS100,range,sneaky,session
2016-03-02 15:41:00+00:00,2016-03-02 16:06:00+00:00,short,stop,4311.8189999999995,4329.54,17.72100000000046,-1.0,0.07534948563850602,-1.075349485638506,-0.01075349485638506,NAS100,range,sneaky,session
2016-03-08 16:51:00+00:00,2016-03-08 20:54:00+00:00,long,stop,4295.2785,4265.9805,29.298000000000684,-1.0,0.04755249854938793,-1.047552498549388,-0.010475524985493881,NAS100,range,sneaky,session
2016-03-29 14:00:00+00:00,2016-03-29 15:29:00+00:00,long,target,4396.288500000001,4418.804,12.489000000000487,1.802826487308723,0.1315957200336245,1.6712307672750986,0.016712307672750986,NAS100,range,sneaky,session
2016-04-05 14:00:00+00:00,2016-04-05 16:21:00+00:00,long,stop,4475.038500000001,4465.968,9.07050000000072,-1.0,0.14388734882309645,-1.1438873488230965,-0.011438873488230965,NAS100,range,sneaky,session
2016-05-04 14:00:00+00:00,2016-05-04 15:28:00+00:00,long,stop,4322.841,4307.779500000001,15.061499999999796,-1.0,0.08741383892706689,-1.087413838927067,-0.01087413838927067,NAS100,range,sneaky,session
2016-05-23 14:51:00+00:00,2016-05-23 19:59:00+00:00,short,time,4369.9045,4355.0645,10.392000000000735,1.4280215550421658,0.1122059076693531,1.3158156473728126,0.013158156473728127,NAS100,range,sneaky,session
2016-06-13 14:01:00+00:00,2016-06-13 15:52:00+00:00,long,stop,4457.5565,4435.0105,22.545999999999367,-1.0,0.06279473642774948,-1.0627947364277495,-0.010627947364277494,NAS100,range,sneaky,session
2016-06-27 14:01:00+00:00,2016-06-27 14:05:00+00:00,long,stop,4235.5635,4223.27,12.293499999999767,-1.0,0.13322496217513574,-1.1332249621751358,-0.011332249621751358,NAS100,range,sneaky,session
2016-07-06 14:00:00+00:00,2016-07-06 15:01:00+00:00,long,target,4395.3315,4419.246,20.730499999999665,1.1535901208364607,0.06103903680567379,1.092551084030787,0.010925510840307871,NAS100,range,sneaky,session
2016-07-11 14:00:00+00:00,2016-07-11 15:01:00+00:00,short,stop,4556.220499999999,4561.4365,5.216000000000349,-1.0,0.30331475603909,-1.30331475603909,-0.0130331475603909,NAS100,range,sneaky,session
2016-07-12 14:08:00+00:00,2016-07-12 19:59:00+00:00,short,time,4579.747,4577.77,8.462499999999636,0.23361890694238663,0.1550683420974956,0.07855056484489104,0.0007855056484489104,NAS100,range,sneaky,session
2016-07-21 14:25:00+00:00,2016-07-21 19:59:00+00:00,short,time,4656.6555,4646.475,12.315499999999702,0.8266412244732029,0.11161938147050733,0.7150218430026956,0.007150218430026956,NAS100,range,sneaky,session
2016-07-29 14:00:00+00:00,2016-07-29 15:02:00+00:00,short,stop,4724.2005,4737.0285,12.82800000000043,-1.0,0.13351785683660294,-1.1335178568366029,-0.01133517856836603,NAS100,range,sneaky,session
2016-08-04 14:01:00+00:00,2016-08-04 14:50:00+00:00,short,stop,4726.683999999999,4741.119000000001,14.43500000000131,-1.0,0.10565308901973408,-1.105653089019734,-0.01105653089019734,NAS100,range,sneaky,session
2016-08-11 14:00:00+00:00,2016-08-11 19:59:00+00:00,short,time,4802.897000000001,4803.598,10.042999999999665,-0.06979986059933642,0.08477457881111507,-0.1545744394104515,-0.0015457443941045148,NAS100,range,sneaky,session
2016-08-16 14:01:00+00:00,2016-08-16 19:58:00+00:00,long,stop,4807.9115,4797.471,10.440500000000611,-1.0,0.10823888247688652,-1.1082388824768865,-0.011082388824768865,NAS100,range,sneaky,session
2016-08-17 16:46:00+00:00,2016-08-17 18:00:00+00:00,long,stop,4790.195,4782.6865,7.508499999999913,-1.0,0.17451723713125328,-1.1745172371312533,-0.011745172371312534,NAS100,range,sneaky,session
2016-08-19 14:19:00+00:00,2016-08-19 14:43:00+00:00,long,target,4793.695,4814.039000000001,8.463999999999942,2.4035916824197896,0.1943701352788293,2.2092215471409604,0.022092215471409604,NAS100,range,sneaky,session
2016-08-26 14:00:00+00:00,2016-08-26 14:04:00+00:00,short,stop,4786.800499999999,4796.3099999999995,9.509500000000116,-1.0,0.11475030942741327,-1.1147503094274134,-0.011147503094274133,NAS100,range,sneaky,session
2016-09-07 14:47:00+00:00,2016-09-07 19:59:00+00:00,short,time,4828.4619999999995,4830.7654999999995,7.094500000001062,-0.32468813869894153,0.1460074748044041,-0.47069561350334566,-0.004706956135033457,NAS100,range,sneaky,session
2016-09-26 14:05:00+00:00,2016-09-26 15:33:00+00:00,long,stop,4824.4775,4816.7325,7.744999999999891,-1.0,0.2210851468689508,-1.2210851468689508,-0.012210851468689507,NAS100,range,sneaky,session
2016-10-12 14:05:00+00:00,2016-10-12 19:59:00+00:00,long,time,4822.913500000001,4820.1745,13.483500000000276,-0.2031371676493812,0.11295978955760513,-0.31609695720698633,-0.0031609695720698633,NAS100,range,sneaky,session
2016-10-19 14:27:00+00:00,2016-10-19 19:59:00+00:00,long,time,4840.059499999999,4836.932500000001,10.511999999999716,-0.29746955859956936,0.14415982044330677,-0.44162937904287614,-0.0044162937904287615,NAS100,range,sneaky,session
2016-10-20 14:00:00+00:00,2016-10-20 14:30:00+00:00,long,stop,4832.5345,4820.3385,12.195999999999913,-1.0,0.08801182006395603,-1.0880118200639561,-0.010880118200639562,NAS100,range,sneaky,session
2016-11-18 15:00:00+00:00,2016-11-18 20:59:00+00:00,short,time,4823.6345,4808.052,13.76299999999992,1.1322022814793669,0.08504949811087748,1.0471527833684893,0.010471527833684893,NAS100,range,sneaky,session
2016-12-08 15:03:00+00:00,2016-12-08 16:08:00+00:00,short,stop,4848.4,4865.9345,17.534500000000662,-1.0,0.052305226838516385,-1.0523052268385165,-0.010523052268385165,NAS100,range,sneaky,session
2016-12-12 15:00:00+00:00,2016-12-12 15:19:00+00:00,long,stop,4879.589,4865.889999999999,13.699000000000524,-1.0,0.04410345901160499,-1.044103459011605,-0.01044103459011605,NAS100,range,sneaky,session
2017-01-04 15:16:00+00:00,2017-01-04 16:45:00+00:00,short,stop,4923.0,4932.3,9.300000000000182,-1.0,0.14838655913978202,-1.148386559139782,-0.011483865591397819,NAS100,range,sneaky,session
2017-02-01 15:04:00+00:00,2017-02-01 20:29:00+00:00,short,stop,5148.735000000001,5156.442999999999,7.707999999998719,-1.0,0.21622571030102195,-1.216225710301022,-0.01216225710301022,NAS100,range,sneaky,session
2017-02-09 15:00:00+00:00,2017-02-09 15:22:00+00:00,short,stop,5199.1995,5204.814,5.614500000000589,-1.0,0.09581404711015112,-1.0958140471101512,-0.010958140471101512,NAS100,range,sneaky,session
2017-02-10 15:01:00+00:00,2017-02-10 15:31:00+00:00,short,stop,5214.6,5222.4685,7.868499999999585,-1.0,0.07828035839105707,-1.0782803583910572,-0.010782803583910571,NAS100,range,sneaky,session
2017-02-16 15:01:00+00:00,2017-02-16 20:59:00+00:00,short,time,5298.493,5300.487,15.168499999999767,-0.1314566371097813,0.101157137818507,-0.23261377492828833,-0.0023261377492828834,NAS100,range,sneaky,session
2017-03-09 15:01:00+00:00,2017-03-09 18:30:00+00:00,long,stop,5366.1565,5356.2505,9.905999999999949,-1.0,0.0672118082475271,-1.067211808247527,-0.010672118082475271,NAS100,range,sneaky,session
2017-03-21 14:00:00+00:00,2017-03-21 14:53:00+00:00,short,target,5432.6895,5399.343,4.001499999999396,8.333499937524826,0.3897071304511397,7.943792807073686,0.07943792807073687,NAS100,range,sneaky,session
2017-03-27 14:05:00+00:00,2017-03-27 19:59:00+00:00,long,time,5338.0005,5374.1,19.70049999999992,1.8324154209284236,0.09048653930103333,1.7419288816273903,0.017419288816273904,NAS100,range,sneaky,session
2017-04-03 14:06:00+00:00,2017-04-03 14:58:00+00:00,short,target,5444.5995,5426.299999999999,9.001000000000204,2.0330518831241613,0.19942461198755243,1.8336272711366088,0.018336272711366088,NAS100,range,sneaky,session
2017-05-08 14:00:00+00:00,2017-05-08 14:44:00+00:00,short,stop,5640.050499999999,5647.799999999999,7.749499999999898,-1.0,0.17064414704174685,-1.1706441470417468,-0.011706441470417469,NAS100,range,sneaky,session
2017-05-12 14:28:00+00:00,2017-05-12 15:31:00+00:00,short,stop,5672.5,5683.0005,10.500500000000102,-1.0,0.17387624398837984,-1.1738762439883799,-0.0117387624398838,NAS100,range,sneaky,session
2017-06-13 14:03:00+00:00,2017-06-13 19:36:00+00:00,short,stop,5744.4,5758.799999999999,14.399999999999636,-1.0,0.12058986111111414,-1.1205898611111142,-0.011205898611111143,NAS100,range,sneaky,session
2017-06-15 14:01:00+00:00,2017-06-15 14:22:00+00:00,long,stop,5659.9505,5639.1,20.850499999999556,-1.0,0.0683001998753042,-1.0683001998753041,-0.010683001998753041,NAS100,range,sneaky,session
2017-06-23 14:00:00+00:00,2017-06-23 16:26:00+00:00,long,target,5769.9005,5803.2005,10.900499999999738,3.054905738268977,0.16888551603137877,2.886020222237598,0.02886020222237598,NAS100,range,sneaky,session
2017-06-26 14:00:00+00:00,2017-06-26 19:59:00+00:00,short,time,5836.9,5776.0995,9.200000000000728,6.608749999999409,0.20108494565215804,6.407665054347251,0.06407665054347252,NAS100,range,sneaky,session
2017-07-18 14:11:00+00:00,2017-07-18 15:32:00+00:00,long,target,5841.65,5860.9,13.549999999999272,1.4206642066421427,0.15133747232473138,1.2693267343174113,0.012693267343174114,NAS100,range,sneaky,session
2017-07-19 14:13:00+00:00,2017-07-19 15:14:00+00:00,short,stop,5895.1,5908.6,13.5,-1.0,0.13746951851851852,-1.1374695185185186,-0.011374695185185187,NAS100,range,sneaky,session
2017-07-31 14:01:00+00:00,2017-07-31 19:59:00+00:00,short,time,5901.0995,5878.2,23.900499999999738,0.9581180310035645,0.07776608993535786,0.8803519410682067,0.008803519410682067,NAS100,range,sneaky,session
2017-08-09 14:10:00+00:00,2017-08-09 19:59:00+00:00,long,time,5892.1,5916.2,27.400000000000546,0.879562043795583,0.06778954379561909,0.8117724999999639,0.00811772499999964,NAS100,range,sneaky,session
2017-09-11 14:37:00+00:00,2017-09-11 19:59:00+00:00,short,time,5978.9,5978.8,6.700000000000728,0.01492537313424529,0.21651171641788694,-0.20158634328364164,-0.0020158634328364166,NAS100,range,sneaky,session
2017-09-14 14:03:00+00:00,2017-09-14 19:43:00+00:00,long,stop,5979.9005,5967.0,12.900499999999738,-1.0,0.14490031917367838,-1.1449003191736784,-0.011449003191736784,NAS100,range,sneaky,session
2017-09-15 14:03:00+00:00,2017-09-15 14:47:00+00:00,long,target,5967.15,5996.1005000000005,12.849999999999454,2.25295719844374,0.1451801750972824,2.1077770233464577,0.021077770233464577,NAS100,range,sneaky,session
2017-09-27 14:06:00+00:00,2017-09-27 18:04:00+00:00,short,stop,5919.3994999999995,5931.5005,12.101000000000568,-1.0,0.15379877138252318,-1.1537987713825233,-0.011537987713825233,NAS100,range,sneaky,session
2017-09-29 14:00:00+00:00,2017-09-29 14:39:00+00:00,short,stop,5931.5995,5949.5005,17.90099999999984,-1.0,0.10405932252388227,-1.1040593225238822,-0.011040593225238822,NAS100,range,sneaky,session
2017-10-06 14:37:00+00:00,2017-10-06 15:24:00+00:00,short,stop,6046.0,6054.700000000001,8.700000000000728,-1.0,0.16701034482757224,-1.1670103448275722,-0.011670103448275721,NAS100,range,sneaky,session
2017-10-16 14:09:00+00:00,2017-10-16 19:59:00+00:00,short,time,6110.5,6113.6,4.850000000000364,-0.6391752577319858,0.3886427835051255,-1.0278180412371114,-0.010278180412371114,NAS100,range,sneaky,session
2017-11-09 15:00:00+00:00,2017-11-09 16:56:00+00:00,long,stop,6287.9005,6273.4995,14.40099999999984,-1.0,0.10198691288799502,-1.101986912887995,-0.011019869128879952,NAS100,range,sneaky,session
2017-12-19 15:02:00+00:00,2017-12-19 15:24:00+00:00,long,stop,6494.1,6483.9,10.200000000000728,-1.0,0.14550161764704844,-1.1455016176470485,-0.011455016176470486,NAS100,range,sneaky,session
2017-12-22 19:20:00+00:00,2017-12-22 20:59:00+00:00,long,time,6469.2855,6471.0,14.685499999999593,0.11674781246808698,0.10095015883014136,0.01579765363794562,0.00015797653637945622,NAS100,range,sneaky,session
2017-12-26 15:00:00+00:00,2017-12-26 20:59:00+00:00,long,time,6425.0005,6441.1,11.500500000000102,1.3998956567105882,0.12865745250206398,1.2712382042085242,0.012712382042085243,NAS100,range,sneaky,session
2013-10-30 14:00:00+00:00,2013-10-30 18:18:00+00:00,short,target,3402.608,3375.568,6.199499999999716,4.361642067908896,0.44815744495525883,3.913484622953637,0.03913484622953637,NAS100,range,lod,c3
2013-11-18 15:00:00+00:00,2013-11-18 15:05:00+00:00,short,target,3414.7615,3408.3755,14.564499999999953,0.4384633870026426,0.028147859349788962,0.4103155276528536,0.004103155276528536,NAS100,range,lod,c3
2013-11-19 15:00:00+00:00,2013-11-19 18:24:00+00:00,long,stop,3394.88,3377.191,17.689000000000306,-1.0,0.12932710724178645,-1.1293271072417865,-0.011293271072417866,NAS100,range,lod,c3
2013-11-25 15:00:00+00:00,2013-11-25 20:59:00+00:00,short,time,3425.948,3428.642,11.675499999999829,-0.23073958288724247,0.03731631364823831,-0.2680558965354808,-0.002680558965354808,NAS100,range,lod,c3
2013-12-03 15:00:00+00:00,2013-12-03 16:30:00+00:00,long,stop,3483.865,3474.799,9.065999999999804,-1.0,0.2643339096624809,-1.2643339096624808,-0.012643339096624809,NAS100,range,lod,c3
2013-12-17 15:03:00+00:00,2013-12-17 15:51:00+00:00,long,stop,3470.9965,3463.1710000000003,7.82549999999992,-1.0,0.09208546067344031,-1.0920854606734403,-0.010920854606734403,NAS100,range,lod,c3
2013-12-23 15:00:00+00:00,2013-12-23 16:07:00+00:00,short,stop,3555.2625,3564.0694999999996,8.806999999999789,-1.0,0.2747918771999611,-1.2747918771999611,-0.012747918771999612,NAS100,range,lod,c3
2013-12-30 15:00:00+00:00,2013-12-30 20:59:00+00:00,long,time,3565.3985000000002,3569.835,6.461500000000342,0.6866052774122977,0.07548570803992481,0.6111195693723729,0.006111195693723729,NAS100,range,lod,c3
2014-01-24 15:07:00+00:00,2014-01-24 15:41:00+00:00,long,stop,3590.3914999999997,3579.624,10.767499999999927,-1.0,0.2335152493615061,-1.233515249361506,-0.01233515249361506,NAS100,range,lod,c3
2014-01-30 15:00:00+00:00,2014-01-30 15:37:00+00:00,short,stop,3509.3265,3520.7015,11.375,-1.0,0.023657689890109888,-1.02365768989011,-0.0102365768989011,NAS100,range,lod,c3
2014-02-07 15:12:00+00:00,2014-02-07 16:30:00+00:00,short,stop,3517.955,3530.788,12.833000000000084,-1.0,0.06581992324475917,-1.0658199232447592,-0.010658199232447593,NAS100,range,lod,c3
2014-02-10 15:04:00+00:00,2014-02-10 16:47:00+00:00,short,stop,3569.7985,3576.1005,6.302000000000135,-1.0,0.3736967474611154,-1.3736967474611155,-0.013736967474611155,NAS100,range,lod,c3
2014-03-05 15:01:00+00:00,2014-03-05 15:26:00+00:00,short,stop,3717.1525,3724.817,7.664499999999862,-1.0,0.3134731440407128,-1.3134731440407128,-0.013134731440407128,NAS100,range,lod,c3
2014-03-06 15:00:00+00:00,2014-03-06 18:55:00+00:00,short,target,3734.218,3715.3485,4.029500000000098,4.682839061918186,0.5749408537039193,4.107898208214266,0.04107898208214266,NAS100,range,lod,c3
2014-03-27 14:02:00+00:00,2014-03-27 19:59:00+00:00,long,time,3568.931,3562.7065000000002,24.581499999999778,-0.25321888412016613,0.10800014990948574,-0.3612190340296519,-0.0036121903402965188,NAS100,range,lod,c3
2014-04-02 14:12:00+00:00,2014-04-02 19:59:00+00:00,short,time,3657.6899999999996,3667.1369999999997,18.267500000000382,-0.5171479403311848,0.14675178048446383,-0.6638997208156486,-0.006638997208156487,NAS100,range,lod,c3
2014-04-07 14:00:00+00:00,2014-04-07 16:09:00+00:00,long,stop,3539.9455,3507.6645,32.28099999999995,-1.0,0.08462850105325126,-1.0846285010532513,-0.010846285010532513,NAS100,range,lod,c3
2014-04-15 14:02:00+00:00,2014-04-15 15:00:00+00:00,short,target,3493.8375,3443.1615,13.087500000000091,3.8720916905443805,0.21078648042024686,3.6613052101241337,0.036613052101241335,NAS100,range,lod,c3
2014-05-01 14:01:00+00:00,2014-05-01 14:34:00+00:00,short,stop,3587.243,3596.621,9.378000000000156,-1.0,0.29593493335465487,-1.2959349333546548,-0.012959349333546548,NAS100,range,lod,c3
2014-05-09 14:11:00+00:00,2014-05-09 19:59:00+00:00,long,time,3537.983,3554.7305,22.722999999999956,0.7370285613695365,0.11827785525678851,0.6187507061127481,0.006187507061127481,NAS100,range,lod,c3
2014-05-19 14:02:00+00:00,2014-05-19 14:17:00+00:00,short,stop,3589.892,3599.1245,9.232500000000073,-1.0,0.2751839068507966,-1.2751839068507966,-0.012751839068507966,NAS100,range,lod,c3
2014-05-28 14:01:00+00:00,2014-05-28 15:36:00+00:00,short,stop,3714.8745,3724.915,10.040500000000065,-1.0,0.26428046984711745,-1.2642804698471175,-0.012642804698471176,NAS100,range,lod,c3
2014-06-04 14:00:00+00:00,2014-06-04 14:55:00+00:00,long,target,3729.8635000000004,3736.6945,15.197000000000116,0.44949661117323314,0.18276841300914512,0.266728198164088,0.0026672819816408798,NAS100,range,lod,c3
2014-06-12 14:03:00+00:00,2014-06-12 14:27:00+00:00,long,stop,3794.2595,3783.3455,10.914000000000215,-1.0,0.2565718373190347,-1.2565718373190347,-0.012565718373190347,NAS100,range,lod,c3
2014-06-19 14:02:00+00:00,2014-06-19 19:59:00+00:00,short,time,3799.1845000000003,3799.413,10.730999999999767,-0.021293448886377558,0.2636184798714063,-0.28491192875778387,-0.002849119287577839,NAS100,range,lod,c3
2014-06-27 14:07:00+00:00,2014-06-27 15:46:00+00:00,short,stop,3825.9264999999996,3833.1274999999996,7.201000000000022,-1.0,0.13130121892792626,-1.1313012189279263,-0.011313012189279263,NAS100,range,lod,c3
2014-07-15 14:12:00+00:00,2014-07-15 14:38:00+00:00,short,target,3929.1440000000002,3916.6545,11.562999999999647,1.080126264810215,0.23224374643259377,0.8478825183776213,0.008478825183776214,NAS100,range,lod,c3
2014-07-30 14:01:00+00:00,2014-07-30 19:59:00+00:00,short,time,3976.1215,3975.8755,14.092999999999847,0.017455474348974473,0.18873032019442482,-0.17127484584545033,-0.0017127484584545034,NAS100,range,lod,c3
2014-08-29 14:07:00+00:00,2014-08-29 15:31:00+00:00,short,stop,4068.3975,4080.3495000000003,11.952000000000226,-1.0,0.14233882718373228,-1.1423388271837323,-0.011423388271837323,NAS100,range,lod,c3
2014-09-22 14:07:00+00:00,2014-09-22 14:16:00+00:00,long,stop,4084.474,4078.2925,6.181500000000142,-1.0,0.40336552454904834,-1.4033655245490484,-0.014033655245490485,NAS100,range,lod,c3
2014-10-06 14:02:00+00:00,2014-10-06 19:59:00+00:00,short,time,4039.877,4017.0505000000003,7.351000000000113,3.105223779077584,0.36707705006121055,2.7381467290163735,0.027381467290163736,NAS100,range,lod,c3
2014-10-07 14:00:00+00:00,2014-10-07 15:37:00+00:00,long,stop,3989.0299999999997,3980.9085,8.121499999999742,-1.0,0.3121983685279912,-1.3121983685279912,-0.013121983685279913,NAS100,range,lod,c3
2014-11-25 15:02:00+00:00,2014-11-25 20:59:00+00:00,short,time,4291.7305,4289.265,10.985000000000582,0.22444242148376944,0.21720186458806315,0.007240556895706296,7.240556895706296e-05,NAS100,range,lod,c3
2014-12-03 15:00:00+00:00,2014-12-03 20:31:00+00:00,short,stop,4298.943,4317.609,18.666000000000167,-1.0,0.11306285733418948,-1.1130628573341894,-0.011130628573341895,NAS100,range,lod,c3
2015-01-26 15:00:00+00:00,2015-01-26 20:59:00+00:00,long,time,4262.9335,4275.4335,10.280999999999949,1.215835035502389,0.23237921189573113,0.983455823606658,0.00983455823606658,NAS100,range,lod,c3
2015-01-29 15:02:00+00:00,2015-01-29 20:59:00+00:00,long,time,4125.6555,4181.2564999999995,22.743999999999687,2.4446447414702965,0.11001440412856288,2.334630337341734,0.023346303373417338,NAS100,range,lod,c3
2015-01-30 15:00:00+00:00,2015-01-30 20:59:00+00:00,short,time,4187.629,4149.8325,22.28899999999976,1.6957467809233198,0.1082236028982918,1.587523178025028,0.01587523178025028,NAS100,range,lod,c3
2015-02-03 15:01:00+00:00,2015-02-03 20:31:00+00:00,short,stop,4208.1025,4219.777,11.67450000000008,-1.0,0.22352363377446413,-1.2235236337744642,-0.012235236337744641,NAS100,range,lod,c3
2015-02-13 15:03:00+00:00,2015-02-13 16:49:00+00:00,short,stop,4357.952,4367.215,9.26299999999992,-1.0,0.20903237396092159,-1.2090323739609217,-0.012090323739609218,NAS100,range,lod,c3
2015-03-04 15:01:00+00:00,2015-03-04 15:12:00+00:00,long,stop,4430.2545,4421.8285,8.426000000000386,-1.0,0.3566302566460791,-1.356630256646079,-0.01356630256646079,NAS100,range,lod,c3
2015-03-11 14:03:00+00:00,2015-03-11 14:34:00+00:00,long,stop,4338.5055,4323.6990000000005,14.806499999999687,-1.0,0.11661758298720404,-1.116617582987204,-0.011166175829872041,NAS100,range,lod,c3
2015-03-13 14:00:00+00:00,2015-03-13 14:59:00+00:00,short,target,4335.8025,4299.9815,11.940500000000611,2.999958125706468,0.07062797516854041,2.9293301505379272,0.029293301505379274,NAS100,range,lod,c3
2015-03-24 14:00:00+00:00,2015-03-24 15:17:00+00:00,long,target,4452.094,4466.9815,12.597999999999956,1.1817351960628568,0.13581780361962265,1.0459173924432341,0.010459173924432342,NAS100,range,lod,c3
2015-03-31 14:00:00+00:00,2015-03-31 19:14:00+00:00,long,stop,4364.543,4352.7155,11.827499999999418,-1.0,0.13808609638554897,-1.138086096385549,-0.01138086096385549,NAS100,range,lod,c3
2015-04-07 14:00:00+00:00,2015-04-07 14:20:00+00:00,short,stop,4359.3369999999995,4368.901,9.564000000000306,-1.0,0.17466650930572425,-1.1746665093057242,-0.011746665093057242,NAS100,range,lod,c3
2015-05-18 14:01:00+00:00,2015-05-18 17:09:00+00:00,long,target,4494.5465,4509.5869999999995,13.139000000000124,1.1447218205342122,0.12617122897480665,1.0185505915594055,0.010185505915594055,NAS100,range,lod,c3
2015-05-19 14:02:00+00:00,2015-05-19 19:59:00+00:00,short,time,4515.26,4504.192999999999,7.006999999999607,1.5794205794207987,0.16206081061796257,1.417359768802836,0.014173597688028361,NAS100,range,lod,c3
2015-06-05 14:00:00+00:00,2015-06-05 19:59:00+00:00,long,time,4469.4225,4478.5005,18.95299999999952,0.4789743048594238,0.10628249023901498,0.37269181462040885,0.0037269181462040884,NAS100,range,lod,c3
2015-06-12 14:01:00+00:00,2015-06-12 14:34:00+00:00,long,stop,4468.5275,4458.4015,10.126000000000204,-1.0,0.1672181722792777,-1.1672181722792776,-0.011672181722792776,NAS100,range,lod,c3
2015-06-16 14:11:00+00:00,2015-06-16 15:15:00+00:00,short,stop,4432.44,4446.9335,14.493500000000495,-1.0,0.13912301376478634,-1.1391230137647863,-0.011391230137647864,NAS100,range,lod,c3
2015-06-26 14:00:00+00:00,2015-06-26 14:58:00+00:00,long,stop,4519.0855,4496.413500000001,22.67199999999957,-1.0,0.12143068730151957,-1.1214306873015196,-0.011214306873015197,NAS100,range,lod,c3
2015-08-27 14:00:00+00:00,2015-08-27 14:49:00+00:00,short,stop,4268.313,4303.2585,34.94549999999981,-1.0,0.032828897998311825,-1.0328288979983118,-0.010328288979983119,NAS100,range,lod,c3
2015-09-02 14:02:00+00:00,2015-09-02 14:19:00+00:00,long,stop,4199.537,4183.5255,16.011500000000524,-1.0,0.08543468725603193,-1.0854346872560319,-0.010854346872560318,NAS100,range,lod,c3
2015-09-03 14:01:00+00:00,2015-09-03 14:23:00+00:00,short,stop,4267.2080000000005,4289.423,22.214999999999236,-1.0,0.0794991258158929,-1.0794991258158928,-0.010794991258158929,NAS100,range,lod,c3
2015-09-29 14:00:00+00:00,2015-09-29 18:52:00+00:00,long,stop,4124.648,4084.2885,40.359500000000025,-1.0,0.02702777487332597,-1.0270277748733259,-0.010270277748733259,NAS100,range,lod,c3
2015-09-30 14:05:00+00:00,2015-09-30 14:09:00+00:00,short,stop,4144.5225,4163.607,19.084499999999935,-1.0,0.09025704301920438,-1.0902570430192045,-0.010902570430192045,NAS100,range,lod,c3
2015-10-15 14:02:00+00:00,2015-10-15 14:50:00+00:00,short,stop,4369.4185,4385.585,16.16650000000027,-1.0,0.13972545062319996,-1.1397254506232,-0.011397254506232,NAS100,range,lod,c3
2015-11-12 15:10:00+00:00,2015-11-12 19:50:00+00:00,long,stop,4625.7855,4607.98,17.805500000000393,-1.0,0.07703664920951221,-1.0770366492095123,-0.010770366492095123,NAS100,range,lod,c3
2015-12-14 15:07:00+00:00,2015-12-14 15:12:00+00:00,long,stop,4547.3904999999995,4525.3735,22.016999999999825,-1.0,0.1500013799563985,-1.1500013799563984,-0.011500013799563984,NAS100,range,lod,c3
2015-12-16 15:03:00+00:00,2015-12-16 19:00:00+00:00,short,target,4616.004,4593.468000000001,24.035500000000866,0.9376131139355677,0.18734955628132713,0.7502635576542406,0.0075026355765424055,NAS100,range,lod,c3
2016-03-29 14:00:00+00:00,2016-03-29 15:29:00+00:00,long,target,4396.288500000001,4418.804,12.489000000000487,1.802826487308723,0.1315957200336245,1.6712307672750986,0.016712307672750986,NAS100,range,lod,c3
2016-04-05 14:00:00+00:00,2016-04-05 16:21:00+00:00,long,stop,4475.038500000001,4465.968,9.07050000000072,-1.0,0.14388734882309645,-1.1438873488230965,-0.011438873488230965,NAS100,range,lod,c3
2016-05-04 14:00:00+00:00,2016-05-04 15:28:00+00:00,long,stop,4322.841,4307.779500000001,15.061499999999796,-1.0,0.08741383892706689,-1.087413838927067,-0.01087413838927067,NAS100,range,lod,c3
2016-06-13 14:01:00+00:00,2016-06-13 15:52:00+00:00,long,stop,4457.5565,4435.0105,22.545999999999367,-1.0,0.06279473642774948,-1.0627947364277495,-0.010627947364277494,NAS100,range,lod,c3
2016-06-27 14:01:00+00:00,2016-06-27 14:05:00+00:00,long,stop,4235.5635,4223.27,12.293499999999767,-1.0,0.13322496217513574,-1.1332249621751358,-0.011332249621751358,NAS100,range,lod,c3
2016-07-06 14:00:00+00:00,2016-07-06 15:01:00+00:00,long,target,4395.3315,4419.246,21.092000000000553,1.1338185093874091,0.059992876564572674,1.0738256328228364,0.010738256328228364,NAS100,range,lod,c3
2016-07-11 14:00:00+00:00,2016-07-11 15:01:00+00:00,short,stop,4556.220499999999,4561.4365,5.216000000000349,-1.0,0.30331475603909,-1.30331475603909,-0.0130331475603909,NAS100,range,lod,c3
2016-07-12 14:08:00+00:00,2016-07-12 19:59:00+00:00,short,time,4579.747,4577.77,8.997000000000298,0.21973991330441217,0.14585593475602496,0.07388397854838721,0.0007388397854838722,NAS100,range,lod,c3
2016-07-29 14:00:00+00:00,2016-07-29 15:09:00+00:00,short,stop,4724.2005,4737.76,13.559500000000298,-1.0,0.12631491334488454,-1.1263149133448844,-0.011263149133448844,NAS100,range,lod,c3
2016-08-04 14:01:00+00:00,2016-08-04 14:50:00+00:00,short,stop,4726.683999999999,4741.119000000001,14.43500000000131,-1.0,0.10565308901973408,-1.105653089019734,-0.01105653089019734,NAS100,range,lod,c3
2016-08-11 14:00:00+00:00,2016-08-11 19:59:00+00:00,short,time,4802.897000000001,4803.598,11.222999999999047,-0.0624610175531651,0.07586127550566449,-0.1383222930588296,-0.001383222930588296,NAS100,range,lod,c3
2016-08-16 14:01:00+00:00,2016-08-16 19:58:00+00:00,long,stop,4807.9115,4796.9295,10.981999999999971,-1.0,0.10290184415407057,-1.1029018441540706,-0.011029018441540707,NAS100,range,lod,c3
2016-08-26 14:00:00+00:00,2016-08-26 14:15:00+00:00,short,stop,4786.800499999999,4800.214,13.413500000000568,-1.0,0.08135222481082147,-1.0813522248108214,-0.010813522248108214,NAS100,range,lod,c3
2016-09-26 14:05:00+00:00,2016-09-26 15:33:00+00:00,long,stop,4824.4775,4816.5675,7.9099999999998545,-1.0,0.21647338337547806,-1.2164733833754782,-0.012164733833754783,NAS100,range,lod,c3
2016-10-12 14:05:00+00:00,2016-10-12 19:59:00+00:00,long,time,4822.913500000001,4820.1745,17.663500000000568,-0.1550655306140006,0.08622828558892355,-0.24129381620292417,-0.002412938162029242,NAS100,range,lod,c3
2016-10-20 14:00:00+00:00,2016-10-20 14:35:00+00:00,long,stop,4832.5345,4812.814,19.720499999999447,-1.0,0.05443027091098249,-1.0544302709109825,-0.010544302709109825,NAS100,range,lod,c3
2016-11-18 15:00:00+00:00,2016-11-18 20:59:00+00:00,short,time,4823.6345,4808.052,17.03650000000016,0.9146538314794875,0.0687075539283297,0.8459462775511578,0.008459462775511578,NAS100,range,lod,c3
2016-12-08 15:03:00+00:00,2016-12-08 16:08:00+00:00,short,stop,4848.4,4865.9345,17.534500000000662,-1.0,0.052305226838516385,-1.0523052268385165,-0.010523052268385165,NAS100,range,lod,c3
2016-12-12 15:00:00+00:00,2016-12-12 15:26:00+00:00,long,stop,4879.589,4864.2015,15.387499999999818,-1.0,0.03926390154346106,-1.039263901543461,-0.01039263901543461,NAS100,range,lod,c3
2017-02-01 15:04:00+00:00,2017-02-01 20:59:00+00:00,short,time,5148.735000000001,5150.713,13.450999999999112,-0.14705226377215722,0.12390660731544943,-0.27095887108760663,-0.0027095887108760665,NAS100,range,lod,c3
2017-02-09 15:00:00+00:00,2017-02-09 15:22:00+00:00,short,stop,5199.1995,5204.814,5.614500000000589,-1.0,0.09581404711015112,-1.0958140471101512,-0.010958140471101512,NAS100,range,lod,c3
2017-02-10 15:01:00+00:00,2017-02-10 15:32:00+00:00,short,stop,5214.6,5223.7965,9.196500000000015,-1.0,0.0669764584352742,-1.0669764584352741,-0.010669764584352742,NAS100,range,lod,c3
2017-02-16 15:01:00+00:00,2017-02-16 20:59:00+00:00,short,time,5298.493,5300.487,17.256499999999505,-0.11555066206935034,0.08891733810448492,-0.20446800017383526,-0.0020446800017383526,NAS100,range,lod,c3
2017-03-09 15:01:00+00:00,2017-03-09 19:04:00+00:00,long,stop,5366.1565,5346.3,19.85649999999987,-1.0,0.033530590612645954,-1.033530590612646,-0.01033530590612646,NAS100,range,lod,c3
2017-03-21 14:00:00+00:00,2017-03-21 14:53:00+00:00,short,target,5432.6895,5399.343,5.986499999999069,5.5702831370593415,0.26048827904455735,5.309794858014784,0.05309794858014784,NAS100,range,lod,c3
2017-03-27 14:05:00+00:00,2017-03-27 19:59:00+00:00,long,time,5338.0005,5374.1,22.501000000000204,1.6043509177369866,0.07922448191191431,1.5251264358250722,0.015251264358250723,NAS100,range,lod,c3
2017-04-03 14:06:00+00:00,2017-04-03 14:58:00+00:00,short,target,5444.5995,5426.299999999999,9.300499999999374,1.9675823880438923,0.1930026270093136,1.7745797610345786,0.017745797610345785,NAS100,range,lod,c3
2017-05-08 14:00:00+00:00,2017-05-08 16:38:00+00:00,short,stop,5640.050499999999,5652.05,11.999500000000808,-1.0,0.11020516000665952,-1.1102051600066596,-0.011102051600066595,NAS100,range,lod,c3
2017-06-13 14:03:00+00:00,2017-06-13 19:36:00+00:00,short,stop,5744.4,5758.799999999999,14.399999999999636,-1.0,0.12058986111111414,-1.1205898611111142,-0.011205898611111143,NAS100,range,lod,c3
2017-06-15 14:01:00+00:00,2017-06-15 14:22:00+00:00,long,stop,5659.9505,5639.1,20.850499999999556,-1.0,0.0683001998753042,-1.0683001998753041,-0.010683001998753041,NAS100,range,lod,c3
2017-06-23 14:00:00+00:00,2017-06-23 16:26:00+00:00,long,target,5769.9005,5803.2005,10.900499999999738,3.054905738268977,0.16888551603137877,2.886020222237598,0.02886020222237598,NAS100,range,lod,c3
2017-06-26 14:00:00+00:00,2017-06-26 19:59:00+00:00,short,time,5836.9,5776.0995,10.899499999999534,5.578283407495937,0.16973085921373265,5.408552548282205,0.05408552548282205,NAS100,range,lod,c3
2017-07-18 14:11:00+00:00,2017-07-18 15:32:00+00:00,long,target,5841.65,5860.9,24.25,0.7938144329896907,0.08456176288659795,0.7092526701030928,0.007092526701030928,NAS100,range,lod,c3
2017-07-19 14:13:00+00:00,2017-07-19 15:35:00+00:00,short,stop,5895.1,5909.8,14.699999999999818,-1.0,0.12624751700680428,-1.1262475170068043,-0.011262475170068042,NAS100,range,lod,c3
2017-07-31 14:01:00+00:00,2017-07-31 19:59:00+00:00,short,time,5901.0995,5878.2,28.20049999999992,0.8120246094927576,0.06590835029520772,0.7461162591975499,0.0074611625919754985,NAS100,range,lod,c3
2017-08-09 14:10:00+00:00,2017-08-09 19:59:00+00:00,long,time,5892.1,5916.2,31.5,0.7650793650793477,0.058966142857142856,0.7061132222222049,0.007061132222222048,NAS100,range,lod,c3
2017-09-14 14:03:00+00:00,2017-09-14 19:58:00+00:00,long,stop,5979.9005,5962.8994999999995,17.001000000000204,-1.0,0.10995156564319614,-1.1099515656431962,-0.011099515656431962,NAS100,range,lod,c3
2017-09-15 14:03:00+00:00,2017-09-15 14:47:00+00:00,long,target,5967.15,5996.1005000000005,12.849999999999454,2.25295719844374,0.1451801750972824,2.1077770233464577,0.021077770233464577,NAS100,range,lod,c3
2017-09-27 14:06:00+00:00,2017-09-27 18:04:00+00:00,short,stop,5919.3994999999995,5931.6,12.20050000000083,-1.0,0.15254448034915566,-1.1525444803491556,-0.011525444803491556,NAS100,range,lod,c3
2017-09-29 14:00:00+00:00,2017-09-29 14:39:00+00:00,short,stop,5931.5995,5952.0005,20.40099999999984,-1.0,0.0913075796529589,-1.091307579652959,-0.01091307579652959,NAS100,range,lod,c3
2017-10-16 14:09:00+00:00,2017-10-16 19:59:00+00:00,short,time,6110.5,6113.6,4.850000000000364,-0.6391752577319858,0.3886427835051255,-1.0278180412371114,-0.010278180412371114,NAS100,range,lod,c3
2017-11-09 15:00:00+00:00,2017-11-09 16:56:00+00:00,long,stop,6287.9005,6273.4995,14.40099999999984,-1.0,0.10198691288799502,-1.101986912887995,-0.011019869128879952,NAS100,range,lod,c3
2017-12-19 15:02:00+00:00,2017-12-19 15:24:00+00:00,long,stop,6494.1,6483.9,10.200000000000728,-1.0,0.14550161764704844,-1.1455016176470485,-0.011455016176470486,NAS100,range,lod,c3
2017-12-26 15:00:00+00:00,2017-12-26 20:59:00+00:00,long,time,6425.0005,6441.1,11.500500000000102,1.3998956567105882,0.12865745250206398,1.2712382042085242,0.012712382042085243,NAS100,range,lod,c3
2013-10-30 14:00:00+00:00,2013-10-30 18:18:00+00:00,short,target,3402.608,3375.568,6.199499999999716,4.361642067908896,0.44815744495525883,3.913484622953637,0.03913484622953637,NAS100,range,lod,session
2013-11-18 15:00:00+00:00,2013-11-18 15:05:00+00:00,short,target,3414.7615,3408.3755,14.564499999999953,0.4384633870026426,0.028147859349788962,0.4103155276528536,0.004103155276528536,NAS100,range,lod,session
2013-11-19 15:00:00+00:00,2013-11-19 18:24:00+00:00,long,stop,3394.88,3377.191,17.689000000000306,-1.0,0.12932710724178645,-1.1293271072417865,-0.011293271072417866,NAS100,range,lod,session
2013-11-25 15:00:00+00:00,2013-11-25 20:59:00+00:00,short,time,3425.948,3428.642,11.675499999999829,-0.23073958288724247,0.03731631364823831,-0.2680558965354808,-0.002680558965354808,NAS100,range,lod,session
2013-12-03 15:00:00+00:00,2013-12-03 16:30:00+00:00,long,stop,3483.865,3474.799,9.065999999999804,-1.0,0.2643339096624809,-1.2643339096624808,-0.012643339096624809,NAS100,range,lod,session
2013-12-17 15:03:00+00:00,2013-12-17 15:51:00+00:00,long,stop,3470.9965,3463.1710000000003,7.82549999999992,-1.0,0.09208546067344031,-1.0920854606734403,-0.010920854606734403,NAS100,range,lod,session
2013-12-23 15:00:00+00:00,2013-12-23 16:07:00+00:00,short,stop,3555.2625,3564.0694999999996,8.806999999999789,-1.0,0.2747918771999611,-1.2747918771999611,-0.012747918771999612,NAS100,range,lod,session
2013-12-30 15:00:00+00:00,2013-12-30 20:59:00+00:00,long,time,3565.3985000000002,3569.835,6.461500000000342,0.6866052774122977,0.07548570803992481,0.6111195693723729,0.006111195693723729,NAS100,range,lod,session
2014-01-24 15:07:00+00:00,2014-01-24 15:41:00+00:00,long,stop,3590.3914999999997,3579.624,10.767499999999927,-1.0,0.2335152493615061,-1.233515249361506,-0.01233515249361506,NAS100,range,lod,session
2014-01-30 15:00:00+00:00,2014-01-30 15:37:00+00:00,short,stop,3509.3265,3520.7015,11.375,-1.0,0.023657689890109888,-1.02365768989011,-0.0102365768989011,NAS100,range,lod,session
2014-02-07 15:12:00+00:00,2014-02-07 16:30:00+00:00,short,stop,3517.955,3530.788,12.833000000000084,-1.0,0.06581992324475917,-1.0658199232447592,-0.010658199232447593,NAS100,range,lod,session
2014-02-10 15:04:00+00:00,2014-02-10 16:47:00+00:00,short,stop,3569.7985,3576.1005,6.302000000000135,-1.0,0.3736967474611154,-1.3736967474611155,-0.013736967474611155,NAS100,range,lod,session
2014-02-28 18:48:00+00:00,2014-02-28 20:07:00+00:00,short,target,3709.7975,3671.9905,6.151499999999942,6.145980655124864,0.15169256888563906,5.994288086239226,0.05994288086239226,NAS100,range,lod,session
2014-03-05 15:01:00+00:00,2014-03-05 15:26:00+00:00,short,stop,3717.1525,3724.817,7.664499999999862,-1.0,0.3134731440407128,-1.3134731440407128,-0.013134731440407128,NAS100,range,lod,session
2014-03-06 15:00:00+00:00,2014-03-06 18:55:00+00:00,short,target,3734.218,3715.3485,4.029500000000098,4.682839061918186,0.5749408537039193,4.107898208214266,0.04107898208214266,NAS100,range,lod,session
2014-03-17 14:31:00+00:00,2014-03-17 16:15:00+00:00,short,stop,3667.5245,3673.591,6.066499999999905,-1.0,0.4030971882469361,-1.403097188246936,-0.014030971882469361,NAS100,range,lod,session
2014-03-27 14:02:00+00:00,2014-03-27 19:59:00+00:00,long,time,3568.931,3562.7065000000002,24.581499999999778,-0.25321888412016613,0.10800014990948574,-0.3612190340296519,-0.0036121903402965188,NAS100,range,lod,session
2014-03-28 15:47:00+00:00,2014-03-28 16:08:00+00:00,short,stop,3594.2135,3601.4314999999997,7.217999999999847,-1.0,0.3469969350928308,-1.3469969350928308,-0.013469969350928309,NAS100,range,lod,session
2014-04-02 14:12:00+00:00,2014-04-02 19:59:00+00:00,short,time,3657.6899999999996,3667.1369999999997,18.267500000000382,-0.5171479403311848,0.14675178048446383,-0.6638997208156486,-0.006638997208156487,NAS100,range,lod,session
2014-04-07 14:00:00+00:00,2014-04-07 16:09:00+00:00,long,stop,3539.9455,3507.6645,32.28099999999995,-1.0,0.08462850105325126,-1.0846285010532513,-0.010846285010532513,NAS100,range,lod,session
2014-04-15 14:02:00+00:00,2014-04-15 15:00:00+00:00,short,target,3493.8375,3443.1615,13.087500000000091,3.8720916905443805,0.21078648042024686,3.6613052101241337,0.036613052101241335,NAS100,range,lod,session
2014-05-01 14:01:00+00:00,2014-05-01 14:34:00+00:00,short,stop,3587.243,3596.621,9.378000000000156,-1.0,0.29593493335465487,-1.2959349333546548,-0.012959349333546548,NAS100,range,lod,session
2014-05-09 14:11:00+00:00,2014-05-09 19:59:00+00:00,long,time,3537.983,3554.7305,22.722999999999956,0.7370285613695365,0.11827785525678851,0.6187507061127481,0.006187507061127481,NAS100,range,lod,session
2014-05-13 15:39:00+00:00,2014-05-13 19:59:00+00:00,short,time,3608.9035,3611.6565,13.246000000000095,-0.2078363279480701,0.19293210988222723,-0.40076843783029736,-0.004007684378302974,NAS100,range,lod,session
2014-05-19 14:02:00+00:00,2014-05-19 14:17:00+00:00,short,stop,3589.892,3599.1245,9.232500000000073,-1.0,0.2751839068507966,-1.2751839068507966,-0.012751839068507966,NAS100,range,lod,session
2014-05-28 14:01:00+00:00,2014-05-28 15:36:00+00:00,short,stop,3714.8745,3724.915,10.040500000000065,-1.0,0.26428046984711745,-1.2642804698471175,-0.012642804698471176,NAS100,range,lod,session
2014-05-29 14:15:00+00:00,2014-05-29 15:31:00+00:00,short,stop,3717.7325,3729.0305,11.297999999999774,-1.0,0.24437014405204946,-1.2443701440520494,-0.012443701440520495,NAS100,range,lod,session
2014-06-04 14:00:00+00:00,2014-06-04 14:55:00+00:00,long,target,3729.8635000000004,3736.6945,15.197000000000116,0.44949661117323314,0.18276841300914512,0.266728198164088,0.0026672819816408798,NAS100,range,lod,session
2014-06-12 14:03:00+00:00,2014-06-12 14:27:00+00:00,long,stop,3794.2595,3783.3455,10.914000000000215,-1.0,0.2565718373190347,-1.2565718373190347,-0.012565718373190347,NAS100,range,lod,session
2014-06-19 14:02:00+00:00,2014-06-19 19:59:00+00:00,short,time,3799.1845000000003,3799.413,10.730999999999767,-0.021293448886377558,0.2636184798714063,-0.28491192875778387,-0.002849119287577839,NAS100,range,lod,session
2014-06-24 19:02:00+00:00,2014-06-24 19:35:00+00:00,short,target,3813.804,3794.7375,4.927499999999782,3.869406392694216,0.49252100659565845,3.3768853860985573,0.033768853860985576,NAS100,range,lod,session
2014-06-27 14:07:00+00:00,2014-06-27 15:46:00+00:00,short,stop,3825.9264999999996,3833.1274999999996,7.201000000000022,-1.0,0.13130121892792626,-1.1313012189279263,-0.011313012189279263,NAS100,range,lod,session
2014-06-30 15:06:00+00:00,2014-06-30 15:20:00+00:00,short,stop,3847.3195,3851.4915,4.1720000000000255,-1.0,0.6121945751438121,-1.6121945751438123,-0.016121945751438122,NAS100,range,lod,session
2014-07-15 14:12:00+00:00,2014-07-15 14:38:00+00:00,short,target,3929.1440000000002,3916.6545,11.562999999999647,1.080126264810215,0.23224374643259377,0.8478825183776213,0.008478825183776214,NAS100,range,lod,session
2014-07-30 14:01:00+00:00,2014-07-30 19:59:00+00:00,short,time,3976.1215,3975.8755,14.092999999999847,0.017455474348974473,0.18873032019442482,-0.17127484584545033,-0.0017127484584545034,NAS100,range,lod,session
2014-08-28 14:48:00+00:00,2014-08-28 19:59:00+00:00,long,time,4064.9719999999998,4066.88,9.596999999999753,0.19881212879028923,0.14225520266750394,0.05655692612278529,0.0005655692612278529,NAS100,range,lod,session
2014-08-29 14:07:00+00:00,2014-08-29 15:31:00+00:00,short,stop,4068.3975,4080.3495000000003,11.952000000000226,-1.0,0.14233882718373228,-1.1423388271837323,-0.011423388271837323,NAS100,range,lod,session
2014-09-05 16:31:00+00:00,2014-09-05 19:59:00+00:00,long,time,4073.925,4088.1270000000004,21.162000000000262,0.6711085908704305,0.10409248298837409,0.5670161078820564,0.005670161078820564,NAS100,range,lod,session
2014-09-17 14:35:00+00:00,2014-09-17 18:12:00+00:00,short,stop,4063.618,4075.0035,11.385499999999865,-1.0,0.243215947477057,-1.243215947477057,-0.01243215947477057,NAS100,range,lod,session
2014-09-22 14:07:00+00:00,2014-09-22 14:16:00+00:00,long,stop,4084.474,4078.2925,6.181500000000142,-1.0,0.40336552454904834,-1.4033655245490484,-0.014033655245490485,NAS100,range,lod,session
2014-10-06 14:02:00+00:00,2014-10-06 19:59:00+00:00,short,time,4039.877,4017.0505000000003,7.351000000000113,3.105223779077584,0.36707705006121055,2.7381467290163735,0.027381467290163736,NAS100,range,lod,session
2014-10-07 14:00:00+00:00,2014-10-07 15:37:00+00:00,long,stop,3989.0299999999997,3980.9085,8.121499999999742,-1.0,0.3121983685279912,-1.3121983685279912,-0.013121983685279913,NAS100,range,lod,session
2014-11-25 15:02:00+00:00,2014-11-25 20:59:00+00:00,short,time,4291.7305,4289.265,10.985000000000582,0.22444242148376944,0.21720186458806315,0.007240556895706296,7.240556895706296e-05,NAS100,range,lod,session
2014-12-03 15:00:00+00:00,2014-12-03 20:31:00+00:00,short,stop,4298.943,4317.609,18.666000000000167,-1.0,0.11306285733418948,-1.1130628573341894,-0.011130628573341895,NAS100,range,lod,session
2015-01-26 15:00:00+00:00,2015-01-26 20:59:00+00:00,long,time,4262.9335,4275.4335,10.280999999999949,1.215835035502389,0.23237921189573113,0.983455823606658,0.00983455823606658,NAS100,range,lod,session
2015-01-29 15:02:00+00:00,2015-01-29 20:59:00+00:00,long,time,4125.6555,4181.2564999999995,22.743999999999687,2.4446447414702965,0.11001440412856288,2.334630337341734,0.023346303373417338,NAS100,range,lod,session
2015-01-30 15:00:00+00:00,2015-01-30 20:59:00+00:00,short,time,4187.629,4149.8325,22.28899999999976,1.6957467809233198,0.1082236028982918,1.587523178025028,0.01587523178025028,NAS100,range,lod,session
2015-02-03 15:01:00+00:00,2015-02-03 20:31:00+00:00,short,stop,4208.1025,4219.777,11.67450000000008,-1.0,0.22352363377446413,-1.2235236337744642,-0.012235236337744641,NAS100,range,lod,session
2015-02-13 15:03:00+00:00,2015-02-13 16:49:00+00:00,short,stop,4357.952,4367.215,9.26299999999992,-1.0,0.20903237396092159,-1.2090323739609217,-0.012090323739609218,NAS100,range,lod,session
2015-03-04 15:01:00+00:00,2015-03-04 15:12:00+00:00,long,stop,4430.2545,4421.8285,8.426000000000386,-1.0,0.3566302566460791,-1.356630256646079,-0.01356630256646079,NAS100,range,lod,session
2015-03-11 14:03:00+00:00,2015-03-11 14:34:00+00:00,long,stop,4338.5055,4323.6990000000005,14.806499999999687,-1.0,0.11661758298720404,-1.116617582987204,-0.011166175829872041,NAS100,range,lod,session
2015-03-13 14:00:00+00:00,2015-03-13 14:59:00+00:00,short,target,4335.8025,4299.9815,11.940500000000611,2.999958125706468,0.07062797516854041,2.9293301505379272,0.029293301505379274,NAS100,range,lod,session
2015-03-24 14:00:00+00:00,2015-03-24 15:17:00+00:00,long,target,4452.094,4466.9815,12.597999999999956,1.1817351960628568,0.13581780361962265,1.0459173924432341,0.010459173924432342,NAS100,range,lod,session
2015-03-31 14:00:00+00:00,2015-03-31 19:14:00+00:00,long,stop,4364.543,4352.7155,11.827499999999418,-1.0,0.13808609638554897,-1.138086096385549,-0.01138086096385549,NAS100,range,lod,session
2015-04-07 14:00:00+00:00,2015-04-07 14:20:00+00:00,short,stop,4359.3369999999995,4368.901,9.564000000000306,-1.0,0.17466650930572425,-1.1746665093057242,-0.011746665093057242,NAS100,range,lod,session
2015-04-09 14:20:00+00:00,2015-04-09 19:12:00+00:00,short,stop,4375.3055,4396.632,21.326499999999214,-1.0,0.0805882935549698,-1.0805882935549698,-0.010805882935549698,NAS100,range,lod,session
2015-05-08 14:17:00+00:00,2015-05-08 15:18:00+00:00,short,stop,4452.852,4461.5225,8.670500000000175,-1.0,0.20138804221209444,-1.2013880422120944,-0.012013880422120943,NAS100,range,lod,session
2015-05-12 14:33:00+00:00,2015-05-12 19:59:00+00:00,long,time,4398.6505,4419.7415,20.121499999999287,1.0481822925726758,0.06768443120542943,0.9804978613672464,0.009804978613672464,NAS100,range,lod,session
2015-05-18 14:01:00+00:00,2015-05-18 17:09:00+00:00,long,target,4494.5465,4509.5869999999995,13.139000000000124,1.1447218205342122,0.12617122897480665,1.0185505915594055,0.010185505915594055,NAS100,range,lod,session
2015-05-19 14:02:00+00:00,2015-05-19 19:59:00+00:00,short,time,4515.26,4504.192999999999,7.006999999999607,1.5794205794207987,0.16206081061796257,1.417359768802836,0.014173597688028361,NAS100,range,lod,session
2015-05-22 15:13:00+00:00,2015-05-22 17:03:00+00:00,short,stop,4531.91,4538.4635,6.5534999999999854,-1.0,0.1291789349202719,-1.1291789349202719,-0.011291789349202719,NAS100,range,lod,session
2015-06-05 14:00:00+00:00,2015-06-05 19:59:00+00:00,long,time,4469.4225,4478.5005,18.95299999999952,0.4789743048594238,0.10628249023901498,0.37269181462040885,0.0037269181462040884,NAS100,range,lod,session
2015-06-12 14:01:00+00:00,2015-06-12 14:34:00+00:00,long,stop,4468.5275,4458.4015,10.126000000000204,-1.0,0.1672181722792777,-1.1672181722792776,-0.011672181722792776,NAS100,range,lod,session
2015-06-16 14:11:00+00:00,2015-06-16 15:15:00+00:00,short,stop,4432.44,4446.9335,14.493500000000495,-1.0,0.13912301376478634,-1.1391230137647863,-0.011391230137647864,NAS100,range,lod,session
2015-06-26 14:00:00+00:00,2015-06-26 14:58:00+00:00,long,stop,4519.0855,4496.413500000001,22.67199999999957,-1.0,0.12143068730151957,-1.1214306873015196,-0.011214306873015197,NAS100,range,lod,session
2015-07-27 14:32:00+00:00,2015-07-27 17:36:00+00:00,long,stop,4541.605,4515.54,26.0649999999996,-1.0,0.05444866008056864,-1.0544486600805687,-0.010544486600805687,NAS100,range,lod,session
2015-08-27 14:00:00+00:00,2015-08-27 14:49:00+00:00,short,stop,4268.313,4303.2585,34.94549999999981,-1.0,0.032828897998311825,-1.0328288979983118,-0.010328288979983119,NAS100,range,lod,session
2015-09-02 14:02:00+00:00,2015-09-02 14:19:00+00:00,long,stop,4199.537,4183.5255,16.011500000000524,-1.0,0.08543468725603193,-1.0854346872560319,-0.010854346872560318,NAS100,range,lod,session
2015-09-03 14:01:00+00:00,2015-09-03 14:23:00+00:00,short,stop,4267.2080000000005,4289.423,22.214999999999236,-1.0,0.0794991258158929,-1.0794991258158928,-0.010794991258158929,NAS100,range,lod,session
2015-09-29 14:00:00+00:00,2015-09-29 18:52:00+00:00,long,stop,4124.648,4084.2885,40.359500000000025,-1.0,0.02702777487332597,-1.0270277748733259,-0.010270277748733259,NAS100,range,lod,session
2015-09-30 14:05:00+00:00,2015-09-30 14:09:00+00:00,short,stop,4144.5225,4163.607,19.084499999999935,-1.0,0.09025704301920438,-1.0902570430192045,-0.010902570430192045,NAS100,range,lod,session
2015-10-15 14:02:00+00:00,2015-10-15 14:50:00+00:00,short,stop,4369.4185,4385.585,16.16650000000027,-1.0,0.13972545062319996,-1.1397254506232,-0.011397254506232,NAS100,range,lod,session
2015-11-10 16:03:00+00:00,2015-11-10 20:59:00+00:00,long,time,4639.526,4642.6245,20.892499999999927,0.14830680866339926,0.04822635826253457,0.10008045040086469,0.001000804504008647,NAS100,range,lod,session
2015-11-12 15:10:00+00:00,2015-11-12 19:50:00+00:00,long,stop,4625.7855,4607.98,17.805500000000393,-1.0,0.07703664920951221,-1.0770366492095123,-0.010770366492095123,NAS100,range,lod,session
2015-12-14 15:07:00+00:00,2015-12-14 15:12:00+00:00,long,stop,4547.3904999999995,4525.3735,22.016999999999825,-1.0,0.1500013799563985,-1.1500013799563984,-0.011500013799563984,NAS100,range,lod,session
2015-12-16 15:03:00+00:00,2015-12-16 19:00:00+00:00,short,target,4616.004,4593.468000000001,24.035500000000866,0.9376131139355677,0.18734955628132713,0.7502635576542406,0.0075026355765424055,NAS100,range,lod,session
2016-02-19 15:16:00+00:00,2016-02-19 20:59:00+00:00,long,time,4150.4065,4164.493,28.217499999999745,0.4992114822362176,0.048614385487729686,0.4505970967484879,0.004505970967484879,NAS100,range,lod,session
2016-03-02 15:41:00+00:00,2016-03-02 20:59:00+00:00,short,stop,4311.8189999999995,4333.5244999999995,21.70550000000003,-1.0,0.06151750639238893,-1.061517506392389,-0.01061517506392389,NAS100,range,lod,session
2016-03-08 16:51:00+00:00,2016-03-08 20:56:00+00:00,long,stop,4295.2785,4260.5135,34.76500000000033,-1.0,0.040074589457787635,-1.0400745894577876,-0.010400745894577876,NAS100,range,lod,session
2016-03-29 14:00:00+00:00,2016-03-29 15:29:00+00:00,long,target,4396.288500000001,4418.804,12.489000000000487,1.802826487308723,0.1315957200336245,1.6712307672750986,0.016712307672750986,NAS100,range,lod,session
2016-04-05 14:00:00+00:00,2016-04-05 16:21:00+00:00,long,stop,4475.038500000001,4465.968,9.07050000000072,-1.0,0.14388734882309645,-1.1438873488230965,-0.011438873488230965,NAS100,range,lod,session
2016-05-04 14:00:00+00:00,2016-05-04 15:28:00+00:00,long,stop,4322.841,4307.779500000001,15.061499999999796,-1.0,0.08741383892706689,-1.087413838927067,-0.01087413838927067,NAS100,range,lod,session
2016-05-23 14:51:00+00:00,2016-05-23 19:59:00+00:00,short,time,4369.9045,4355.0645,11.772500000000036,1.2605648757697336,0.09904810299426597,1.1615167727754676,0.011615167727754677,NAS100,range,lod,session
2016-06-13 14:01:00+00:00,2016-06-13 15:52:00+00:00,long,stop,4457.5565,4435.0105,22.545999999999367,-1.0,0.06279473642774948,-1.0627947364277495,-0.010627947364277494,NAS100,range,lod,session
2016-06-27 14:01:00+00:00,2016-06-27 14:05:00+00:00,long,stop,4235.5635,4223.27,12.293499999999767,-1.0,0.13322496217513574,-1.1332249621751358,-0.011332249621751358,NAS100,range,lod,session
2016-07-06 14:00:00+00:00,2016-07-06 15:01:00+00:00,long,target,4395.3315,4419.246,21.092000000000553,1.1338185093874091,0.059992876564572674,1.0738256328228364,0.010738256328228364,NAS100,range,lod,session
2016-07-11 14:00:00+00:00,2016-07-11 15:01:00+00:00,short,stop,4556.220499999999,4561.4365,5.216000000000349,-1.0,0.30331475603909,-1.30331475603909,-0.0130331475603909,NAS100,range,lod,session
2016-07-12 14:08:00+00:00,2016-07-12 19:59:00+00:00,short,time,4579.747,4577.77,8.997000000000298,0.21973991330441217,0.14585593475602496,0.07388397854838721,0.0007388397854838722,NAS100,range,lod,session
2016-07-21 14:25:00+00:00,2016-07-21 19:59:00+00:00,short,time,4656.6555,4646.475,12.315499999999702,0.8266412244732029,0.11161938147050733,0.7150218430026956,0.007150218430026956,NAS100,range,lod,session
2016-07-29 14:00:00+00:00,2016-07-29 15:09:00+00:00,short,stop,4724.2005,4737.76,13.559500000000298,-1.0,0.12631491334488454,-1.1263149133448844,-0.011263149133448844,NAS100,range,lod,session
2016-08-04 14:01:00+00:00,2016-08-04 14:50:00+00:00,short,stop,4726.683999999999,4741.119000000001,14.43500000000131,-1.0,0.10565308901973408,-1.105653089019734,-0.01105653089019734,NAS100,range,lod,session
2016-08-11 14:00:00+00:00,2016-08-11 19:59:00+00:00,short,time,4802.897000000001,4803.598,11.222999999999047,-0.0624610175531651,0.07586127550566449,-0.1383222930588296,-0.001383222930588296,NAS100,range,lod,session
2016-08-16 14:01:00+00:00,2016-08-16 19:58:00+00:00,long,stop,4807.9115,4796.9295,10.981999999999971,-1.0,0.10290184415407057,-1.1029018441540706,-0.011029018441540707,NAS100,range,lod,session
2016-08-17 16:46:00+00:00,2016-08-17 18:01:00+00:00,long,stop,4790.195,4782.0575,8.137499999999818,-1.0,0.1610276712749652,-1.1610276712749652,-0.011610276712749652,NAS100,range,lod,session
2016-08-19 14:19:00+00:00,2016-08-19 14:43:00+00:00,long,target,4793.695,4814.039000000001,8.463999999999942,2.4035916824197896,0.1943701352788293,2.2092215471409604,0.022092215471409604,NAS100,range,lod,session
2016-08-26 14:00:00+00:00,2016-08-26 14:15:00+00:00,short,stop,4786.800499999999,4800.214,13.413500000000568,-1.0,0.08135222481082147,-1.0813522248108214,-0.010813522248108214,NAS100,range,lod,session
2016-09-07 14:47:00+00:00,2016-09-07 19:59:00+00:00,short,time,4828.4619999999995,4830.7654999999995,9.473500000000058,-0.24315195017680596,0.10934185148044478,-0.35249380165725075,-0.0035249380165725077,NAS100,range,lod,session
2016-09-26 14:05:00+00:00,2016-09-26 15:33:00+00:00,long,stop,4824.4775,4816.5675,7.9099999999998545,-1.0,0.21647338337547806,-1.2164733833754782,-0.012164733833754783,NAS100,range,lod,session
2016-10-12 14:05:00+00:00,2016-10-12 19:59:00+00:00,long,time,4822.913500000001,4820.1745,17.663500000000568,-0.1550655306140006,0.08622828558892355,-0.24129381620292417,-0.002412938162029242,NAS100,range,lod,session
2016-10-19 14:27:00+00:00,2016-10-19 19:59:00+00:00,long,time,4840.059499999999,4836.932500000001,10.511999999999716,-0.29746955859956936,0.14415982044330677,-0.44162937904287614,-0.0044162937904287615,NAS100,range,lod,session
2016-10-20 14:00:00+00:00,2016-10-20 14:35:00+00:00,long,stop,4832.5345,4812.814,19.720499999999447,-1.0,0.05443027091098249,-1.0544302709109825,-0.010544302709109825,NAS100,range,lod,session
2016-11-18 15:00:00+00:00,2016-11-18 20:59:00+00:00,short,time,4823.6345,4808.052,17.03650000000016,0.9146538314794875,0.0687075539283297,0.8459462775511578,0.008459462775511578,NAS100,range,lod,session
2016-12-08 15:03:00+00:00,2016-12-08 16:08:00+00:00,short,stop,4848.4,4865.9345,17.534500000000662,-1.0,0.052305226838516385,-1.0523052268385165,-0.010523052268385165,NAS100,range,lod,session
2016-12-12 15:00:00+00:00,2016-12-12 15:26:00+00:00,long,stop,4879.589,4864.2015,15.387499999999818,-1.0,0.03926390154346106,-1.039263901543461,-0.01039263901543461,NAS100,range,lod,session
2017-01-04 15:16:00+00:00,2017-01-04 16:56:00+00:00,short,stop,4923.0,4933.5,10.5,-1.0,0.13142809523809523,-1.1314280952380953,-0.011314280952380953,NAS100,range,lod,session
2017-02-01 15:04:00+00:00,2017-02-01 20:59:00+00:00,short,time,5148.735000000001,5150.713,13.450999999999112,-0.14705226377215722,0.12390660731544943,-0.27095887108760663,-0.0027095887108760665,NAS100,range,lod,session
2017-02-09 15:00:00+00:00,2017-02-09 15:22:00+00:00,short,stop,5199.1995,5204.814,5.614500000000589,-1.0,0.09581404711015112,-1.0958140471101512,-0.010958140471101512,NAS100,range,lod,session
2017-02-10 15:01:00+00:00,2017-02-10 15:32:00+00:00,short,stop,5214.6,5223.7965,9.196500000000015,-1.0,0.0669764584352742,-1.0669764584352741,-0.010669764584352742,NAS100,range,lod,session
2017-02-16 15:01:00+00:00,2017-02-16 20:59:00+00:00,short,time,5298.493,5300.487,17.256499999999505,-0.11555066206935034,0.08891733810448492,-0.20446800017383526,-0.0020446800017383526,NAS100,range,lod,session
2017-03-09 15:01:00+00:00,2017-03-09 19:04:00+00:00,long,stop,5366.1565,5346.3,19.85649999999987,-1.0,0.033530590612645954,-1.033530590612646,-0.01033530590612646,NAS100,range,lod,session
2017-03-21 14:00:00+00:00,2017-03-21 14:53:00+00:00,short,target,5432.6895,5399.343,5.986499999999069,5.5702831370593415,0.26048827904455735,5.309794858014784,0.05309794858014784,NAS100,range,lod,session
2017-03-27 14:05:00+00:00,2017-03-27 19:59:00+00:00,long,time,5338.0005,5374.1,22.501000000000204,1.6043509177369866,0.07922448191191431,1.5251264358250722,0.015251264358250723,NAS100,range,lod,session
2017-04-03 14:06:00+00:00,2017-04-03 14:58:00+00:00,short,target,5444.5995,5426.299999999999,9.300499999999374,1.9675823880438923,0.1930026270093136,1.7745797610345786,0.017745797610345785,NAS100,range,lod,session
2017-05-08 14:00:00+00:00,2017-05-08 16:38:00+00:00,short,stop,5640.050499999999,5652.05,11.999500000000808,-1.0,0.11020516000665952,-1.1102051600066596,-0.011102051600066595,NAS100,range,lod,session
2017-05-12 14:28:00+00:00,2017-05-12 15:31:00+00:00,short,stop,5672.5,5683.0005,10.500500000000102,-1.0,0.17387624398837984,-1.1738762439883799,-0.0117387624398838,NAS100,range,lod,session
2017-06-13 14:03:00+00:00,2017-06-13 19:36:00+00:00,short,stop,5744.4,5758.799999999999,14.399999999999636,-1.0,0.12058986111111414,-1.1205898611111142,-0.011205898611111143,NAS100,range,lod,session
2017-06-15 14:01:00+00:00,2017-06-15 14:22:00+00:00,long,stop,5659.9505,5639.1,20.850499999999556,-1.0,0.0683001998753042,-1.0683001998753041,-0.010683001998753041,NAS100,range,lod,session
2017-06-23 14:00:00+00:00,2017-06-23 16:26:00+00:00,long,target,5769.9005,5803.2005,10.900499999999738,3.054905738268977,0.16888551603137877,2.886020222237598,0.02886020222237598,NAS100,range,lod,session
2017-06-26 14:00:00+00:00,2017-06-26 19:59:00+00:00,short,time,5836.9,5776.0995,10.899499999999534,5.578283407495937,0.16973085921373265,5.408552548282205,0.05408552548282205,NAS100,range,lod,session
2017-07-18 14:11:00+00:00,2017-07-18 15:32:00+00:00,long,target,5841.65,5860.9,24.25,0.7938144329896907,0.08456176288659795,0.7092526701030928,0.007092526701030928,NAS100,range,lod,session
2017-07-19 14:13:00+00:00,2017-07-19 15:35:00+00:00,short,stop,5895.1,5909.8,14.699999999999818,-1.0,0.12624751700680428,-1.1262475170068043,-0.011262475170068042,NAS100,range,lod,session
2017-07-31 14:01:00+00:00,2017-07-31 19:59:00+00:00,short,time,5901.0995,5878.2,28.20049999999992,0.8120246094927576,0.06590835029520772,0.7461162591975499,0.0074611625919754985,NAS100,range,lod,session
2017-08-09 14:10:00+00:00,2017-08-09 19:59:00+00:00,long,time,5892.1,5916.2,31.5,0.7650793650793477,0.058966142857142856,0.7061132222222049,0.007061132222222048,NAS100,range,lod,session
2017-09-11 14:37:00+00:00,2017-09-11 19:59:00+00:00,short,time,5978.9,5978.8,6.700000000000728,0.01492537313424529,0.21651171641788694,-0.20158634328364164,-0.0020158634328364166,NAS100,range,lod,session
2017-09-14 14:03:00+00:00,2017-09-14 19:58:00+00:00,long,stop,5979.9005,5962.8994999999995,17.001000000000204,-1.0,0.10995156564319614,-1.1099515656431962,-0.011099515656431962,NAS100,range,lod,session
2017-09-15 14:03:00+00:00,2017-09-15 14:47:00+00:00,long,target,5967.15,5996.1005000000005,12.849999999999454,2.25295719844374,0.1451801750972824,2.1077770233464577,0.021077770233464577,NAS100,range,lod,session
2017-09-27 14:06:00+00:00,2017-09-27 18:04:00+00:00,short,stop,5919.3994999999995,5931.6,12.20050000000083,-1.0,0.15254448034915566,-1.1525444803491556,-0.011525444803491556,NAS100,range,lod,session
2017-09-29 14:00:00+00:00,2017-09-29 14:39:00+00:00,short,stop,5931.5995,5952.0005,20.40099999999984,-1.0,0.0913075796529589,-1.091307579652959,-0.01091307579652959,NAS100,range,lod,session
2017-10-06 14:37:00+00:00,2017-10-06 15:24:00+00:00,short,stop,6046.0,6054.700000000001,8.700000000000728,-1.0,0.16701034482757224,-1.1670103448275722,-0.011670103448275721,NAS100,range,lod,session
2017-10-16 14:09:00+00:00,2017-10-16 19:59:00+00:00,short,time,6110.5,6113.6,4.850000000000364,-0.6391752577319858,0.3886427835051255,-1.0278180412371114,-0.010278180412371114,NAS100,range,lod,session
2017-11-09 15:00:00+00:00,2017-11-09 16:56:00+00:00,long,stop,6287.9005,6273.4995,14.40099999999984,-1.0,0.10198691288799502,-1.101986912887995,-0.011019869128879952,NAS100,range,lod,session
2017-12-19 15:02:00+00:00,2017-12-19 15:24:00+00:00,long,stop,6494.1,6483.9,10.200000000000728,-1.0,0.14550161764704844,-1.1455016176470485,-0.011455016176470486,NAS100,range,lod,session
2017-12-22 19:20:00+00:00,2017-12-22 20:59:00+00:00,long,time,6469.2855,6471.0,20.58100000000013,0.08330499003935828,0.07203262997424763,0.011272360065110648,0.00011272360065110649,NAS100,range,lod,session
2017-12-26 15:00:00+00:00,2017-12-26 20:59:00+00:00,long,time,6425.0005,6441.1,11.500500000000102,1.3998956567105882,0.12865745250206398,1.2712382042085242,0.012712382042085243,NAS100,range,lod,session
2013-10-30 14:00:00+00:00,2013-10-30 19:59:00+00:00,short,time,3402.608,3385.223,6.199499999999716,2.8042584079362873,0.44815744495525883,2.3561009629810283,0.023561009629810285,NAS100,swing,sneaky,c3
2013-11-18 15:00:00+00:00,2013-11-18 20:59:00+00:00,short,time,3414.7615,3389.402,9.117999999999938,2.781256854573393,0.04496155927835082,2.736295295295042,0.02736295295295042,NAS100,swing,sneaky,c3
2013-11-25 15:00:00+00:00,2013-11-25 19:14:00+00:00,short,stop,3425.948,3436.6684999999998,10.720499999999902,-1.0,0.04064051303577296,-1.040640513035773,-0.01040640513035773,NAS100,swing,sneaky,c3
2013-12-17 15:03:00+00:00,2013-12-17 15:51:00+00:00,long,stop,3470.9965,3463.1710000000003,7.82549999999992,-1.0,0.09208546067344031,-1.0920854606734403,-0.010920854606734403,NAS100,swing,sneaky,c3
2013-12-23 15:00:00+00:00,2013-12-23 16:06:00+00:00,short,stop,3555.2625,3563.4700000000003,8.207500000000437,-1.0,0.29486348614070923,-1.2948634861407093,-0.012948634861407094,NAS100,swing,sneaky,c3
2014-01-30 15:00:00+00:00,2014-01-30 15:37:00+00:00,short,stop,3509.3265,3518.887,9.560500000000047,-1.0,0.028147714293185362,-1.0281477142931854,-0.010281477142931855,NAS100,swing,sneaky,c3
2014-02-07 15:12:00+00:00,2014-02-07 16:15:00+00:00,short,stop,3517.955,3528.148,10.193000000000211,-1.0,0.08286736731089792,-1.082867367310898,-0.01082867367310898,NAS100,swing,sneaky,c3
2014-02-10 15:04:00+00:00,2014-02-10 16:47:00+00:00,short,stop,3569.7985,3576.1005,6.302000000000135,-1.0,0.3736967474611154,-1.3736967474611155,-0.013736967474611155,NAS100,swing,sneaky,c3
2014-03-05 15:01:00+00:00,2014-03-05 15:26:00+00:00,short,stop,3717.1525,3724.817,7.664499999999862,-1.0,0.3134731440407128,-1.3134731440407128,-0.013134731440407128,NAS100,swing,sneaky,c3
2014-03-06 15:00:00+00:00,2014-03-06 20:59:00+00:00,short,time,3734.218,3722.4660000000003,4.029500000000098,2.9164908797615614,0.5749408537039193,2.341550026057642,0.02341550026057642,NAS100,swing,sneaky,c3
2014-03-27 14:02:00+00:00,2014-03-27 19:59:00+00:00,long,time,3568.931,3562.7065000000002,23.073499999999967,-0.26976834897175617,0.11505864671592969,-0.38482699568768586,-0.0038482699568768586,NAS100,swing,sneaky,c3
2014-04-02 14:12:00+00:00,2014-04-02 19:59:00+00:00,short,time,3657.6899999999996,3667.1369999999997,18.267500000000382,-0.5171479403311848,0.14675178048446383,-0.6638997208156486,-0.006638997208156487,NAS100,swing,sneaky,c3
2014-04-07 14:00:00+00:00,2014-04-07 16:09:00+00:00,long,stop,3539.9455,3507.6645,32.28099999999995,-1.0,0.08462850105325126,-1.0846285010532513,-0.010846285010532513,NAS100,swing,sneaky,c3
2014-04-15 14:02:00+00:00,2014-04-15 16:48:00+00:00,short,target,3493.8375,3422.1435,13.087500000000091,5.478051575931191,0.21078648042024686,5.267265095510944,0.052672650955109444,NAS100,swing,sneaky,c3
2014-05-01 14:01:00+00:00,2014-05-01 14:07:00+00:00,short,stop,3587.243,3595.385,8.14200000000028,-1.0,0.3408594700319214,-1.3408594700319214,-0.013408594700319215,NAS100,swing,sneaky,c3
2014-05-09 14:11:00+00:00,2014-05-09 19:59:00+00:00,long,time,3537.983,3554.7305,22.61999999999989,0.7403846153846165,0.1188164325817866,0.6215681828028299,0.006215681828028299,NAS100,swing,sneaky,c3
2014-05-19 14:02:00+00:00,2014-05-19 14:17:00+00:00,short,stop,3589.892,3599.1245,9.232500000000073,-1.0,0.2751839068507966,-1.2751839068507966,-0.012751839068507966,NAS100,swing,sneaky,c3
2014-05-28 14:01:00+00:00,2014-05-28 15:36:00+00:00,short,stop,3714.8745,3724.6425,9.768000000000029,-1.0,0.2716531590397207,-1.2716531590397206,-0.012716531590397206,NAS100,swing,sneaky,c3
2014-06-04 14:00:00+00:00,2014-06-04 15:22:00+00:00,long,target,3729.8635000000004,3738.9195,14.157000000000153,0.6396835487744217,0.19619492636151512,0.44348862241290654,0.004434886224129066,NAS100,swing,sneaky,c3
2014-06-19 14:02:00+00:00,2014-06-19 19:59:00+00:00,short,time,3799.1845000000003,3799.413,9.353999999999814,-0.02442805217016433,0.30242569034638184,-0.32685374251654614,-0.0032685374251654616,NAS100,swing,sneaky,c3
2014-06-27 14:07:00+00:00,2014-06-27 15:05:00+00:00,short,stop,3825.9264999999996,3832.8050000000003,6.878500000000713,-1.0,0.13745730573524778,-1.1374573057352477,-0.011374573057352478,NAS100,swing,sneaky,c3
2014-07-15 14:12:00+00:00,2014-07-15 19:59:00+00:00,short,time,3929.1440000000002,3915.6775,11.562999999999647,1.164619908328363,0.23224374643259377,0.9323761618957693,0.009323761618957694,NAS100,swing,sneaky,c3
2014-07-30 14:01:00+00:00,2014-07-30 19:59:00+00:00,short,time,3976.1215,3975.8755,14.092999999999847,0.017455474348974473,0.18873032019442482,-0.17127484584545033,-0.0017127484584545034,NAS100,swing,sneaky,c3
2014-08-29 14:07:00+00:00,2014-08-29 15:14:00+00:00,short,stop,4068.3975,4078.41,10.012499999999818,-1.0,0.169910977528093,-1.169910977528093,-0.011699109775280929,NAS100,swing,sneaky,c3
2014-10-06 14:02:00+00:00,2014-10-06 19:59:00+00:00,short,time,4039.877,4017.0505000000003,7.351000000000113,3.105223779077584,0.36707705006121055,2.7381467290163735,0.027381467290163736,NAS100,swing,sneaky,c3
2014-10-07 14:00:00+00:00,2014-10-07 15:37:00+00:00,long,stop,3989.0299999999997,3980.9085,8.121499999999742,-1.0,0.3121983685279912,-1.3121983685279912,-0.013121983685279913,NAS100,swing,sneaky,c3
2014-11-25 15:02:00+00:00,2014-11-25 20:59:00+00:00,short,time,4291.7305,4289.265,7.544499999999971,0.32679435350246505,0.31625190304195233,0.01054245046051272,0.0001054245046051272,NAS100,swing,sneaky,c3
2014-12-03 15:00:00+00:00,2014-12-03 20:30:00+00:00,short,stop,4298.943,4316.9095,17.96649999999954,-1.0,0.11746479809646028,-1.1174647980964603,-0.011174647980964602,NAS100,swing,sneaky,c3
2015-01-26 15:00:00+00:00,2015-01-26 20:59:00+00:00,long,time,4262.9335,4275.4335,10.280999999999949,1.215835035502389,0.23237921189573113,0.983455823606658,0.00983455823606658,NAS100,swing,sneaky,c3
2015-01-29 15:02:00+00:00,2015-01-29 20:59:00+00:00,long,time,4125.6555,4181.2564999999995,22.743999999999687,2.4446447414702965,0.11001440412856288,2.334630337341734,0.023346303373417338,NAS100,swing,sneaky,c3
2015-01-30 15:00:00+00:00,2015-01-30 20:59:00+00:00,short,time,4187.629,4149.8325,22.28899999999976,1.6957467809233198,0.1082236028982918,1.587523178025028,0.01587523178025028,NAS100,swing,sneaky,c3
2015-02-03 15:01:00+00:00,2015-02-03 20:31:00+00:00,short,stop,4208.1025,4219.777,11.67450000000008,-1.0,0.22352363377446413,-1.2235236337744642,-0.012235236337744641,NAS100,swing,sneaky,c3
2015-02-13 15:03:00+00:00,2015-02-13 16:03:00+00:00,short,stop,4357.952,4364.3145,6.362500000000182,-1.0,0.3043248534381052,-1.3043248534381053,-0.013043248534381054,NAS100,swing,sneaky,c3
2015-03-11 14:03:00+00:00,2015-03-11 14:17:00+00:00,long,stop,4338.5055,4328.6115,9.894000000000233,-1.0,0.17451973342429347,-1.1745197334242934,-0.011745197334242934,NAS100,swing,sneaky,c3
2015-03-13 14:00:00+00:00,2015-03-13 19:59:00+00:00,short,time,4335.8025,4312.651,11.940500000000611,1.9389054059711701,0.07062797516854041,1.8682774308026298,0.018682774308026298,NAS100,swing,sneaky,c3
2015-03-24 14:00:00+00:00,2015-03-24 17:33:00+00:00,long,stop,4452.094,4441.539,10.555000000000291,-1.0,0.16210636570345363,-1.1621063657034536,-0.011621063657034537,NAS100,swing,sneaky,c3
2015-03-31 14:00:00+00:00,2015-03-31 19:14:00+00:00,long,stop,4364.543,4352.7155,11.827499999999418,-1.0,0.13808609638554897,-1.138086096385549,-0.01138086096385549,NAS100,swing,sneaky,c3
2015-04-07 14:00:00+00:00,2015-04-07 14:20:00+00:00,short,stop,4359.3369999999995,4368.901,9.564000000000306,-1.0,0.17466650930572425,-1.1746665093057242,-0.011746665093057242,NAS100,swing,sneaky,c3
2015-05-18 14:01:00+00:00,2015-05-18 19:59:00+00:00,long,time,4494.5465,4511.7935,12.142499999999927,1.4203829524397358,0.13652573831583364,1.2838572141239022,0.012838572141239022,NAS100,swing,sneaky,c3
2015-05-19 14:02:00+00:00,2015-05-19 19:59:00+00:00,short,time,4515.26,4504.192999999999,5.019000000000233,2.2050209205021725,0.2262522614066442,1.9787686590955282,0.019787686590955283,NAS100,swing,sneaky,c3
2015-06-05 14:00:00+00:00,2015-06-05 19:59:00+00:00,long,time,4469.4225,4478.5005,14.940999999999804,0.6075898534235024,0.13482176812127877,0.4727680853022236,0.004727680853022236,NAS100,swing,sneaky,c3
2015-06-12 14:01:00+00:00,2015-06-12 14:34:00+00:00,long,stop,4468.5275,4458.4015,10.126000000000204,-1.0,0.1672181722792777,-1.1672181722792776,-0.011672181722792776,NAS100,swing,sneaky,c3
2015-06-16 14:11:00+00:00,2015-06-16 15:14:00+00:00,short,stop,4432.44,4444.961499999999,12.521499999999833,-1.0,0.16103337459569753,-1.1610333745956976,-0.011610333745956975,NAS100,swing,sneaky,c3
2015-06-26 14:00:00+00:00,2015-06-26 14:23:00+00:00,long,stop,4519.0855,4504.4035,14.681999999999789,-1.0,0.1875137271829478,-1.1875137271829477,-0.011875137271829476,NAS100,swing,sneaky,c3
2015-09-02 14:02:00+00:00,2015-09-02 14:19:00+00:00,long,stop,4199.537,4183.5255,16.011500000000524,-1.0,0.08543468725603193,-1.0854346872560319,-0.010854346872560318,NAS100,swing,sneaky,c3
2015-09-03 14:01:00+00:00,2015-09-03 14:20:00+00:00,short,stop,4267.2080000000005,4286.5025000000005,19.29449999999997,-1.0,0.09153246158231634,-1.0915324615823163,-0.010915324615823164,NAS100,swing,sneaky,c3
2015-09-29 14:00:00+00:00,2015-09-29 18:52:00+00:00,long,stop,4124.648,4084.2885,40.359500000000025,-1.0,0.02702777487332597,-1.0270277748733259,-0.010270277748733259,NAS100,swing,sneaky,c3
2015-09-30 14:05:00+00:00,2015-09-30 14:09:00+00:00,short,stop,4144.5225,4162.447,17.92450000000008,-1.0,0.09609810803648594,-1.096098108036486,-0.01096098108036486,NAS100,swing,sneaky,c3
2015-10-15 14:02:00+00:00,2015-10-15 14:50:00+00:00,short,stop,4369.4185,4385.585,16.16650000000027,-1.0,0.13972545062319996,-1.1397254506232,-0.011397254506232,NAS100,swing,sneaky,c3
2015-11-12 15:10:00+00:00,2015-11-12 19:50:00+00:00,long,stop,4625.7855,4610.173,15.612500000000182,-1.0,0.08785755372297736,-1.0878575537229773,-0.010878575537229774,NAS100,swing,sneaky,c3
2015-12-14 15:07:00+00:00,2015-12-14 15:12:00+00:00,long,stop,4547.3904999999995,4525.8099999999995,21.58050000000003,-1.0,0.1530353968860775,-1.1530353968860776,-0.011530353968860776,NAS100,swing,sneaky,c3
2015-12-16 15:03:00+00:00,2015-12-16 19:06:00+00:00,short,stop,4616.004,4634.276,18.271999999999935,-1.0,0.2464448478546419,-1.246444847854642,-0.012464448478546419,NAS100,swing,sneaky,c3
2016-03-29 14:00:00+00:00,2016-03-29 19:59:00+00:00,long,time,4396.288500000001,4468.8665,12.489000000000487,5.811353991512266,0.1315957200336245,5.679758271478641,0.05679758271478641,NAS100,swing,sneaky,c3
2016-04-05 14:00:00+00:00,2016-04-05 16:21:00+00:00,long,stop,4475.038500000001,4465.968,9.07050000000072,-1.0,0.14388734882309645,-1.1438873488230965,-0.011438873488230965,NAS100,swing,sneaky,c3
2016-05-04 14:00:00+00:00,2016-05-04 15:28:00+00:00,long,stop,4322.841,4307.779500000001,15.061499999999796,-1.0,0.08741383892706689,-1.087413838927067,-0.01087413838927067,NAS100,swing,sneaky,c3
2016-06-13 14:01:00+00:00,2016-06-13 15:52:00+00:00,long,stop,4457.5565,4435.0105,22.545999999999367,-1.0,0.06279473642774948,-1.0627947364277495,-0.010627947364277494,NAS100,swing,sneaky,c3
2016-06-27 14:01:00+00:00,2016-06-27 14:05:00+00:00,long,stop,4235.5635,4223.27,12.293499999999767,-1.0,0.13322496217513574,-1.1332249621751358,-0.011332249621751358,NAS100,swing,sneaky,c3
2016-07-06 14:00:00+00:00,2016-07-06 19:59:00+00:00,long,time,4395.3315,4443.719,20.730499999999665,2.334121222353566,0.06103903680567379,2.273082185547892,0.022730821855478922,NAS100,swing,sneaky,c3
2016-07-11 14:00:00+00:00,2016-07-11 15:01:00+00:00,short,stop,4556.220499999999,4561.4365,5.216000000000349,-1.0,0.30331475603909,-1.30331475603909,-0.0130331475603909,NAS100,swing,sneaky,c3
2016-07-12 14:08:00+00:00,2016-07-12 19:59:00+00:00,short,time,4579.747,4577.77,8.462499999999636,0.23361890694238663,0.1550683420974956,0.07855056484489104,0.0007855056484489104,NAS100,swing,sneaky,c3
2016-07-29 14:00:00+00:00,2016-07-29 15:02:00+00:00,short,stop,4724.2005,4737.0285,12.82800000000043,-1.0,0.13351785683660294,-1.1335178568366029,-0.01133517856836603,NAS100,swing,sneaky,c3
2016-08-04 14:01:00+00:00,2016-08-04 14:50:00+00:00,short,stop,4726.683999999999,4741.119000000001,14.43500000000131,-1.0,0.10565308901973408,-1.105653089019734,-0.01105653089019734,NAS100,swing,sneaky,c3
2016-08-11 14:00:00+00:00,2016-08-11 19:59:00+00:00,short,time,4802.897000000001,4803.598,10.042999999999665,-0.06979986059933642,0.08477457881111507,-0.1545744394104515,-0.0015457443941045148,NAS100,swing,sneaky,c3
2016-08-26 14:00:00+00:00,2016-08-26 14:04:00+00:00,short,stop,4786.800499999999,4796.3099999999995,9.509500000000116,-1.0,0.11475030942741327,-1.1147503094274134,-0.011147503094274133,NAS100,swing,sneaky,c3
2016-10-20 14:00:00+00:00,2016-10-20 14:30:00+00:00,long,stop,4832.5345,4820.3385,12.195999999999913,-1.0,0.08801182006395603,-1.0880118200639561,-0.010880118200639562,NAS100,swing,sneaky,c3
2016-11-18 15:00:00+00:00,2016-11-18 20:59:00+00:00,short,time,4823.6345,4808.052,13.76299999999992,1.1322022814793669,0.08504949811087748,1.0471527833684893,0.010471527833684893,NAS100,swing,sneaky,c3
2016-12-08 15:03:00+00:00,2016-12-08 16:08:00+00:00,short,stop,4848.4,4865.9345,17.534500000000662,-1.0,0.052305226838516385,-1.0523052268385165,-0.010523052268385165,NAS100,swing,sneaky,c3
2016-12-12 15:00:00+00:00,2016-12-12 15:19:00+00:00,long,stop,4879.589,4865.889999999999,13.699000000000524,-1.0,0.04410345901160499,-1.044103459011605,-0.01044103459011605,NAS100,swing,sneaky,c3
2017-02-01 15:04:00+00:00,2017-02-01 20:29:00+00:00,short,stop,5148.735000000001,5156.442999999999,7.707999999998719,-1.0,0.21622571030102195,-1.216225710301022,-0.01216225710301022,NAS100,swing,sneaky,c3
2017-02-09 15:00:00+00:00,2017-02-09 15:22:00+00:00,short,stop,5199.1995,5204.814,5.614500000000589,-1.0,0.09581404711015112,-1.0958140471101512,-0.010958140471101512,NAS100,swing,sneaky,c3
2017-02-10 15:01:00+00:00,2017-02-10 15:31:00+00:00,short,stop,5214.6,5222.4685,7.868499999999585,-1.0,0.07828035839105707,-1.0782803583910572,-0.010782803583910571,NAS100,swing,sneaky,c3
2017-02-16 15:01:00+00:00,2017-02-16 20:59:00+00:00,short,time,5298.493,5300.487,15.168499999999767,-0.1314566371097813,0.101157137818507,-0.23261377492828833,-0.0023261377492828834,NAS100,swing,sneaky,c3
2017-03-09 15:01:00+00:00,2017-03-09 18:30:00+00:00,long,stop,5366.1565,5356.2505,9.905999999999949,-1.0,0.0672118082475271,-1.067211808247527,-0.010672118082475271,NAS100,swing,sneaky,c3
2017-03-21 14:00:00+00:00,2017-03-21 18:05:00+00:00,short,target,5432.6895,5334.550499999999,4.001499999999396,24.525552917659837,0.3897071304511397,24.135845787208698,0.24135845787208698,NAS100,swing,sneaky,c3
2017-03-27 14:05:00+00:00,2017-03-27 19:59:00+00:00,long,time,5338.0005,5374.1,19.70049999999992,1.8324154209284236,0.09048653930103333,1.7419288816273903,0.017419288816273904,NAS100,swing,sneaky,c3
2017-04-03 14:06:00+00:00,2017-04-03 19:59:00+00:00,short,time,5444.5995,5432.1,9.001000000000204,1.3886790356626615,0.19942461198755243,1.189254423675109,0.01189254423675109,NAS100,swing,sneaky,c3
2017-05-08 14:00:00+00:00,2017-05-08 14:44:00+00:00,short,stop,5640.050499999999,5647.799999999999,7.749499999999898,-1.0,0.17064414704174685,-1.1706441470417468,-0.011706441470417469,NAS100,swing,sneaky,c3
2017-06-13 14:03:00+00:00,2017-06-13 19:36:00+00:00,short,stop,5744.4,5758.799999999999,14.399999999999636,-1.0,0.12058986111111414,-1.1205898611111142,-0.011205898611111143,NAS100,swing,sneaky,c3
2017-06-23 14:00:00+00:00,2017-06-23 19:59:00+00:00,long,time,5769.9005,5803.4505,10.900499999999738,3.077840466033759,0.16888551603137877,2.90895495000238,0.0290895495000238,NAS100,swing,sneaky,c3
2017-06-26 14:00:00+00:00,2017-06-26 19:59:00+00:00,short,time,5836.9,5776.0995,9.200000000000728,6.608749999999409,0.20108494565215804,6.407665054347251,0.06407665054347252,NAS100,swing,sneaky,c3
2017-07-18 14:11:00+00:00,2017-07-18 19:59:00+00:00,long,time,5841.65,5878.1,13.549999999999272,2.690036900369202,0.15133747232473138,2.5386994280444704,0.025386994280444705,NAS100,swing,sneaky,c3
2017-07-19 14:13:00+00:00,2017-07-19 15:14:00+00:00,short,stop,5895.1,5908.6,13.5,-1.0,0.13746951851851852,-1.1374695185185186,-0.011374695185185187,NAS100,swing,sneaky,c3
2017-07-31 14:01:00+00:00,2017-07-31 19:59:00+00:00,short,time,5901.0995,5878.2,23.900499999999738,0.9581180310035645,0.07776608993535786,0.8803519410682067,0.008803519410682067,NAS100,swing,sneaky,c3
2017-08-09 14:10:00+00:00,2017-08-09 19:59:00+00:00,long,time,5892.1,5916.2,27.400000000000546,0.879562043795583,0.06778954379561909,0.8117724999999639,0.00811772499999964,NAS100,swing,sneaky,c3
2017-09-27 14:06:00+00:00,2017-09-27 18:04:00+00:00,short,stop,5919.3994999999995,5931.5005,12.101000000000568,-1.0,0.15379877138252318,-1.1537987713825233,-0.011537987713825233,NAS100,swing,sneaky,c3
2017-09-29 14:00:00+00:00,2017-09-29 14:39:00+00:00,short,stop,5931.5995,5949.5005,17.90099999999984,-1.0,0.10405932252388227,-1.1040593225238822,-0.011040593225238822,NAS100,swing,sneaky,c3
2017-10-16 14:09:00+00:00,2017-10-16 19:59:00+00:00,short,time,6110.5,6113.6,4.850000000000364,-0.6391752577319858,0.3886427835051255,-1.0278180412371114,-0.010278180412371114,NAS100,swing,sneaky,c3
2013-10-30 14:00:00+00:00,2013-10-30 19:59:00+00:00,short,time,3402.608,3385.223,6.199499999999716,2.8042584079362873,0.44815744495525883,2.3561009629810283,0.023561009629810285,NAS100,swing,sneaky,session
2013-11-18 15:00:00+00:00,2013-11-18 20:59:00+00:00,short,time,3414.7615,3389.402,9.117999999999938,2.781256854573393,0.04496155927835082,2.736295295295042,0.02736295295295042,NAS100,swing,sneaky,session
2013-11-25 15:00:00+00:00,2013-11-25 19:14:00+00:00,short,stop,3425.948,3436.6684999999998,10.720499999999902,-1.0,0.04064051303577296,-1.040640513035773,-0.01040640513035773,NAS100,swing,sneaky,session
2013-12-17 15:03:00+00:00,2013-12-17 15:51:00+00:00,long,stop,3470.9965,3463.1710000000003,7.82549999999992,-1.0,0.09208546067344031,-1.0920854606734403,-0.010920854606734403,NAS100,swing,sneaky,session
2013-12-23 15:00:00+00:00,2013-12-23 16:06:00+00:00,short,stop,3555.2625,3563.4700000000003,8.207500000000437,-1.0,0.29486348614070923,-1.2948634861407093,-0.012948634861407094,NAS100,swing,sneaky,session
2014-01-30 15:00:00+00:00,2014-01-30 15:37:00+00:00,short,stop,3509.3265,3518.887,9.560500000000047,-1.0,0.028147714293185362,-1.0281477142931854,-0.010281477142931855,NAS100,swing,sneaky,session
2014-02-07 15:12:00+00:00,2014-02-07 16:15:00+00:00,short,stop,3517.955,3528.148,10.193000000000211,-1.0,0.08286736731089792,-1.082867367310898,-0.01082867367310898,NAS100,swing,sneaky,session
2014-02-10 15:04:00+00:00,2014-02-10 16:47:00+00:00,short,stop,3569.7985,3576.1005,6.302000000000135,-1.0,0.3736967474611154,-1.3736967474611155,-0.013736967474611155,NAS100,swing,sneaky,session
2014-02-28 18:48:00+00:00,2014-02-28 20:59:00+00:00,short,time,3709.7975,3696.401,6.151499999999942,2.1777615215801696,0.15169256888563906,2.0260689526945304,0.020260689526945305,NAS100,swing,sneaky,session
2014-03-05 15:01:00+00:00,2014-03-05 15:26:00+00:00,short,stop,3717.1525,3724.817,7.664499999999862,-1.0,0.3134731440407128,-1.3134731440407128,-0.013134731440407128,NAS100,swing,sneaky,session
2014-03-06 15:00:00+00:00,2014-03-06 20:59:00+00:00,short,time,3734.218,3722.4660000000003,4.029500000000098,2.9164908797615614,0.5749408537039193,2.341550026057642,0.02341550026057642,NAS100,swing,sneaky,session
2014-03-17 14:31:00+00:00,2014-03-17 16:15:00+00:00,short,stop,3667.5245,3673.591,6.066499999999905,-1.0,0.4030971882469361,-1.403097188246936,-0.014030971882469361,NAS100,swing,sneaky,session
2014-03-27 14:02:00+00:00,2014-03-27 19:59:00+00:00,long,time,3568.931,3562.7065000000002,23.073499999999967,-0.26976834897175617,0.11505864671592969,-0.38482699568768586,-0.0038482699568768586,NAS100,swing,sneaky,session
2014-03-28 15:47:00+00:00,2014-03-28 16:08:00+00:00,short,stop,3594.2135,3601.4314999999997,7.217999999999847,-1.0,0.3469969350928308,-1.3469969350928308,-0.013469969350928309,NAS100,swing,sneaky,session
2014-04-02 14:12:00+00:00,2014-04-02 19:59:00+00:00,short,time,3657.6899999999996,3667.1369999999997,18.267500000000382,-0.5171479403311848,0.14675178048446383,-0.6638997208156486,-0.006638997208156487,NAS100,swing,sneaky,session
2014-04-07 14:00:00+00:00,2014-04-07 16:09:00+00:00,long,stop,3539.9455,3507.6645,32.28099999999995,-1.0,0.08462850105325126,-1.0846285010532513,-0.010846285010532513,NAS100,swing,sneaky,session
2014-04-15 14:02:00+00:00,2014-04-15 16:48:00+00:00,short,target,3493.8375,3422.1435,13.087500000000091,5.478051575931191,0.21078648042024686,5.267265095510944,0.052672650955109444,NAS100,swing,sneaky,session
2014-05-01 14:01:00+00:00,2014-05-01 14:07:00+00:00,short,stop,3587.243,3595.385,8.14200000000028,-1.0,0.3408594700319214,-1.3408594700319214,-0.013408594700319215,NAS100,swing,sneaky,session
2014-05-09 14:11:00+00:00,2014-05-09 19:59:00+00:00,long,time,3537.983,3554.7305,22.61999999999989,0.7403846153846165,0.1188164325817866,0.6215681828028299,0.006215681828028299,NAS100,swing,sneaky,session
2014-05-13 15:39:00+00:00,2014-05-13 19:59:00+00:00,short,time,3608.9035,3611.6565,13.246000000000095,-0.2078363279480701,0.19293210988222723,-0.40076843783029736,-0.004007684378302974,NAS100,swing,sneaky,session
2014-05-19 14:02:00+00:00,2014-05-19 14:17:00+00:00,short,stop,3589.892,3599.1245,9.232500000000073,-1.0,0.2751839068507966,-1.2751839068507966,-0.012751839068507966,NAS100,swing,sneaky,session
2014-05-28 14:01:00+00:00,2014-05-28 15:36:00+00:00,short,stop,3714.8745,3724.6425,9.768000000000029,-1.0,0.2716531590397207,-1.2716531590397206,-0.012716531590397206,NAS100,swing,sneaky,session
2014-05-29 14:15:00+00:00,2014-05-29 15:29:00+00:00,short,stop,3717.7325,3728.3105,10.577999999999975,-1.0,0.2610033926545667,-1.2610033926545667,-0.012610033926545668,NAS100,swing,sneaky,session
2014-06-04 14:00:00+00:00,2014-06-04 15:22:00+00:00,long,target,3729.8635000000004,3738.9195,14.157000000000153,0.6396835487744217,0.19619492636151512,0.44348862241290654,0.004434886224129066,NAS100,swing,sneaky,session
2014-06-19 14:02:00+00:00,2014-06-19 19:59:00+00:00,short,time,3799.1845000000003,3799.413,9.353999999999814,-0.02442805217016433,0.30242569034638184,-0.32685374251654614,-0.0032685374251654616,NAS100,swing,sneaky,session
2014-06-24 19:02:00+00:00,2014-06-24 19:59:00+00:00,short,time,3813.804,3800.0985,4.927499999999782,2.7814307458144367,0.49252100659565845,2.288909739218778,0.02288909739218778,NAS100,swing,sneaky,session
2014-06-27 14:07:00+00:00,2014-06-27 15:05:00+00:00,short,stop,3825.9264999999996,3832.8050000000003,6.878500000000713,-1.0,0.13745730573524778,-1.1374573057352477,-0.011374573057352478,NAS100,swing,sneaky,session
2014-06-30 15:06:00+00:00,2014-06-30 15:20:00+00:00,short,stop,3847.3195,3851.4915,4.1720000000000255,-1.0,0.6121945751438121,-1.6121945751438123,-0.016121945751438122,NAS100,swing,sneaky,session
2014-07-15 14:12:00+00:00,2014-07-15 19:59:00+00:00,short,time,3929.1440000000002,3915.6775,11.562999999999647,1.164619908328363,0.23224374643259377,0.9323761618957693,0.009323761618957694,NAS100,swing,sneaky,session
2014-07-30 14:01:00+00:00,2014-07-30 19:59:00+00:00,short,time,3976.1215,3975.8755,14.092999999999847,0.017455474348974473,0.18873032019442482,-0.17127484584545033,-0.0017127484584545034,NAS100,swing,sneaky,session
2014-08-29 14:07:00+00:00,2014-08-29 15:14:00+00:00,short,stop,4068.3975,4078.41,10.012499999999818,-1.0,0.169910977528093,-1.169910977528093,-0.011699109775280929,NAS100,swing,sneaky,session
2014-09-17 14:35:00+00:00,2014-09-17 18:00:00+00:00,short,stop,4063.618,4073.6555,10.037499999999909,-1.0,0.2758789708592802,-1.2758789708592801,-0.012758789708592802,NAS100,swing,sneaky,session
2014-10-06 14:02:00+00:00,2014-10-06 19:59:00+00:00,short,time,4039.877,4017.0505000000003,7.351000000000113,3.105223779077584,0.36707705006121055,2.7381467290163735,0.027381467290163736,NAS100,swing,sneaky,session
2014-10-07 14:00:00+00:00,2014-10-07 15:37:00+00:00,long,stop,3989.0299999999997,3980.9085,8.121499999999742,-1.0,0.3121983685279912,-1.3121983685279912,-0.013121983685279913,NAS100,swing,sneaky,session
2014-11-25 15:02:00+00:00,2014-11-25 20:59:00+00:00,short,time,4291.7305,4289.265,7.544499999999971,0.32679435350246505,0.31625190304195233,0.01054245046051272,0.0001054245046051272,NAS100,swing,sneaky,session
2014-12-03 15:00:00+00:00,2014-12-03 20:30:00+00:00,short,stop,4298.943,4316.9095,17.96649999999954,-1.0,0.11746479809646028,-1.1174647980964603,-0.011174647980964602,NAS100,swing,sneaky,session
2015-01-26 15:00:00+00:00,2015-01-26 20:59:00+00:00,long,time,4262.9335,4275.4335,10.280999999999949,1.215835035502389,0.23237921189573113,0.983455823606658,0.00983455823606658,NAS100,swing,sneaky,session
2015-01-29 15:02:00+00:00,2015-01-29 20:59:00+00:00,long,time,4125.6555,4181.2564999999995,22.743999999999687,2.4446447414702965,0.11001440412856288,2.334630337341734,0.023346303373417338,NAS100,swing,sneaky,session
2015-01-30 15:00:00+00:00,2015-01-30 20:59:00+00:00,short,time,4187.629,4149.8325,22.28899999999976,1.6957467809233198,0.1082236028982918,1.587523178025028,0.01587523178025028,NAS100,swing,sneaky,session
2015-02-03 15:01:00+00:00,2015-02-03 20:31:00+00:00,short,stop,4208.1025,4219.777,11.67450000000008,-1.0,0.22352363377446413,-1.2235236337744642,-0.012235236337744641,NAS100,swing,sneaky,session
2015-02-13 15:03:00+00:00,2015-02-13 16:03:00+00:00,short,stop,4357.952,4364.3145,6.362500000000182,-1.0,0.3043248534381052,-1.3043248534381053,-0.013043248534381054,NAS100,swing,sneaky,session
2015-03-11 14:03:00+00:00,2015-03-11 14:17:00+00:00,long,stop,4338.5055,4328.6115,9.894000000000233,-1.0,0.17451973342429347,-1.1745197334242934,-0.011745197334242934,NAS100,swing,sneaky,session
2015-03-13 14:00:00+00:00,2015-03-13 19:59:00+00:00,short,time,4335.8025,4312.651,11.940500000000611,1.9389054059711701,0.07062797516854041,1.8682774308026298,0.018682774308026298,NAS100,swing,sneaky,session
2015-03-24 14:00:00+00:00,2015-03-24 17:33:00+00:00,long,stop,4452.094,4441.539,10.555000000000291,-1.0,0.16210636570345363,-1.1621063657034536,-0.011621063657034537,NAS100,swing,sneaky,session
2015-03-31 14:00:00+00:00,2015-03-31 19:14:00+00:00,long,stop,4364.543,4352.7155,11.827499999999418,-1.0,0.13808609638554897,-1.138086096385549,-0.01138086096385549,NAS100,swing,sneaky,session
2015-04-07 14:00:00+00:00,2015-04-07 14:20:00+00:00,short,stop,4359.3369999999995,4368.901,9.564000000000306,-1.0,0.17466650930572425,-1.1746665093057242,-0.011746665093057242,NAS100,swing,sneaky,session
2015-04-09 14:20:00+00:00,2015-04-09 16:26:00+00:00,short,stop,4375.3055,4389.741,14.435499999999593,-1.0,0.11905831058848315,-1.1190583105884833,-0.011190583105884833,NAS100,swing,sneaky,session
2015-05-08 14:17:00+00:00,2015-05-08 15:18:00+00:00,short,stop,4452.852,4461.5225,8.670500000000175,-1.0,0.20138804221209444,-1.2013880422120944,-0.012013880422120943,NAS100,swing,sneaky,session
2015-05-12 14:33:00+00:00,2015-05-12 19:59:00+00:00,long,time,4398.6505,4419.7415,20.121499999999287,1.0481822925726758,0.06768443120542943,0.9804978613672464,0.009804978613672464,NAS100,swing,sneaky,session
2015-05-18 14:01:00+00:00,2015-05-18 19:59:00+00:00,long,time,4494.5465,4511.7935,12.142499999999927,1.4203829524397358,0.13652573831583364,1.2838572141239022,0.012838572141239022,NAS100,swing,sneaky,session
2015-05-19 14:02:00+00:00,2015-05-19 19:59:00+00:00,short,time,4515.26,4504.192999999999,5.019000000000233,2.2050209205021725,0.2262522614066442,1.9787686590955282,0.019787686590955283,NAS100,swing,sneaky,session
2015-05-22 15:13:00+00:00,2015-05-22 16:36:00+00:00,short,stop,4531.91,4536.599,4.689000000000306,-1.0,0.1805447110257933,-1.1805447110257934,-0.011805447110257935,NAS100,swing,sneaky,session
2015-06-05 14:00:00+00:00,2015-06-05 19:59:00+00:00,long,time,4469.4225,4478.5005,14.940999999999804,0.6075898534235024,0.13482176812127877,0.4727680853022236,0.004727680853022236,NAS100,swing,sneaky,session
2015-06-12 14:01:00+00:00,2015-06-12 14:34:00+00:00,long,stop,4468.5275,4458.4015,10.126000000000204,-1.0,0.1672181722792777,-1.1672181722792776,-0.011672181722792776,NAS100,swing,sneaky,session
2015-06-16 14:11:00+00:00,2015-06-16 15:14:00+00:00,short,stop,4432.44,4444.961499999999,12.521499999999833,-1.0,0.16103337459569753,-1.1610333745956976,-0.011610333745956975,NAS100,swing,sneaky,session
2015-06-26 14:00:00+00:00,2015-06-26 14:23:00+00:00,long,stop,4519.0855,4504.4035,14.681999999999789,-1.0,0.1875137271829478,-1.1875137271829477,-0.011875137271829476,NAS100,swing,sneaky,session
2015-09-02 14:02:00+00:00,2015-09-02 14:19:00+00:00,long,stop,4199.537,4183.5255,16.011500000000524,-1.0,0.08543468725603193,-1.0854346872560319,-0.010854346872560318,NAS100,swing,sneaky,session
2015-09-03 14:01:00+00:00,2015-09-03 14:20:00+00:00,short,stop,4267.2080000000005,4286.5025000000005,19.29449999999997,-1.0,0.09153246158231634,-1.0915324615823163,-0.010915324615823164,NAS100,swing,sneaky,session
2015-09-29 14:00:00+00:00,2015-09-29 18:52:00+00:00,long,stop,4124.648,4084.2885,40.359500000000025,-1.0,0.02702777487332597,-1.0270277748733259,-0.010270277748733259,NAS100,swing,sneaky,session
2015-09-30 14:05:00+00:00,2015-09-30 14:09:00+00:00,short,stop,4144.5225,4162.447,17.92450000000008,-1.0,0.09609810803648594,-1.096098108036486,-0.01096098108036486,NAS100,swing,sneaky,session
2015-10-15 14:02:00+00:00,2015-10-15 14:50:00+00:00,short,stop,4369.4185,4385.585,16.16650000000027,-1.0,0.13972545062319996,-1.1397254506232,-0.011397254506232,NAS100,swing,sneaky,session
2015-11-10 16:03:00+00:00,2015-11-10 20:59:00+00:00,long,time,4639.526,4642.6245,20.892499999999927,0.14830680866339926,0.04822635826253457,0.10008045040086469,0.001000804504008647,NAS100,swing,sneaky,session
2015-11-12 15:10:00+00:00,2015-11-12 19:50:00+00:00,long,stop,4625.7855,4610.173,15.612500000000182,-1.0,0.08785755372297736,-1.0878575537229773,-0.010878575537229774,NAS100,swing,sneaky,session
2015-12-14 15:07:00+00:00,2015-12-14 15:12:00+00:00,long,stop,4547.3904999999995,4525.8099999999995,21.58050000000003,-1.0,0.1530353968860775,-1.1530353968860776,-0.011530353968860776,NAS100,swing,sneaky,session
2015-12-16 15:03:00+00:00,2015-12-16 19:06:00+00:00,short,stop,4616.004,4634.276,18.271999999999935,-1.0,0.2464448478546419,-1.246444847854642,-0.012464448478546419,NAS100,swing,sneaky,session
2016-02-19 15:16:00+00:00,2016-02-19 20:59:00+00:00,long,time,4150.4065,4164.493,23.232500000000073,0.6063273431615323,0.05904557936080902,0.5472817638007232,0.005472817638007233,NAS100,swing,sneaky,session
2016-03-02 15:41:00+00:00,2016-03-02 16:06:00+00:00,short,stop,4311.8189999999995,4329.54,17.72100000000046,-1.0,0.07534948563850602,-1.075349485638506,-0.01075349485638506,NAS100,swing,sneaky,session
2016-03-08 16:51:00+00:00,2016-03-08 20:54:00+00:00,long,stop,4295.2785,4265.9805,29.298000000000684,-1.0,0.04755249854938793,-1.047552498549388,-0.010475524985493881,NAS100,swing,sneaky,session
2016-03-29 14:00:00+00:00,2016-03-29 19:59:00+00:00,long,time,4396.288500000001,4468.8665,12.489000000000487,5.811353991512266,0.1315957200336245,5.679758271478641,0.05679758271478641,NAS100,swing,sneaky,session
2016-04-05 14:00:00+00:00,2016-04-05 16:21:00+00:00,long,stop,4475.038500000001,4465.968,9.07050000000072,-1.0,0.14388734882309645,-1.1438873488230965,-0.011438873488230965,NAS100,swing,sneaky,session
2016-05-04 14:00:00+00:00,2016-05-04 15:28:00+00:00,long,stop,4322.841,4307.779500000001,15.061499999999796,-1.0,0.08741383892706689,-1.087413838927067,-0.01087413838927067,NAS100,swing,sneaky,session
2016-05-23 14:51:00+00:00,2016-05-23 19:59:00+00:00,short,time,4369.9045,4355.0645,10.392000000000735,1.4280215550421658,0.1122059076693531,1.3158156473728126,0.013158156473728127,NAS100,swing,sneaky,session
2016-06-13 14:01:00+00:00,2016-06-13 15:52:00+00:00,long,stop,4457.5565,4435.0105,22.545999999999367,-1.0,0.06279473642774948,-1.0627947364277495,-0.010627947364277494,NAS100,swing,sneaky,session
2016-06-27 14:01:00+00:00,2016-06-27 14:05:00+00:00,long,stop,4235.5635,4223.27,12.293499999999767,-1.0,0.13322496217513574,-1.1332249621751358,-0.011332249621751358,NAS100,swing,sneaky,session
2016-07-06 14:00:00+00:00,2016-07-06 19:59:00+00:00,long,time,4395.3315,4443.719,20.730499999999665,2.334121222353566,0.06103903680567379,2.273082185547892,0.022730821855478922,NAS100,swing,sneaky,session
2016-07-11 14:00:00+00:00,2016-07-11 15:01:00+00:00,short,stop,4556.220499999999,4561.4365,5.216000000000349,-1.0,0.30331475603909,-1.30331475603909,-0.0130331475603909,NAS100,swing,sneaky,session
2016-07-12 14:08:00+00:00,2016-07-12 19:59:00+00:00,short,time,4579.747,4577.77,8.462499999999636,0.23361890694238663,0.1550683420974956,0.07855056484489104,0.0007855056484489104,NAS100,swing,sneaky,session
2016-07-21 14:25:00+00:00,2016-07-21 19:59:00+00:00,short,time,4656.6555,4646.475,12.315499999999702,0.8266412244732029,0.11161938147050733,0.7150218430026956,0.007150218430026956,NAS100,swing,sneaky,session
2016-07-29 14:00:00+00:00,2016-07-29 15:02:00+00:00,short,stop,4724.2005,4737.0285,12.82800000000043,-1.0,0.13351785683660294,-1.1335178568366029,-0.01133517856836603,NAS100,swing,sneaky,session
2016-08-04 14:01:00+00:00,2016-08-04 14:50:00+00:00,short,stop,4726.683999999999,4741.119000000001,14.43500000000131,-1.0,0.10565308901973408,-1.105653089019734,-0.01105653089019734,NAS100,swing,sneaky,session
2016-08-11 14:00:00+00:00,2016-08-11 19:59:00+00:00,short,time,4802.897000000001,4803.598,10.042999999999665,-0.06979986059933642,0.08477457881111507,-0.1545744394104515,-0.0015457443941045148,NAS100,swing,sneaky,session
2016-08-26 14:00:00+00:00,2016-08-26 14:04:00+00:00,short,stop,4786.800499999999,4796.3099999999995,9.509500000000116,-1.0,0.11475030942741327,-1.1147503094274134,-0.011147503094274133,NAS100,swing,sneaky,session
2016-09-07 14:47:00+00:00,2016-09-07 19:59:00+00:00,short,time,4828.4619999999995,4830.7654999999995,7.094500000001062,-0.32468813869894153,0.1460074748044041,-0.47069561350334566,-0.004706956135033457,NAS100,swing,sneaky,session
2016-10-19 14:27:00+00:00,2016-10-19 19:59:00+00:00,long,time,4840.059499999999,4836.932500000001,10.511999999999716,-0.29746955859956936,0.14415982044330677,-0.44162937904287614,-0.0044162937904287615,NAS100,swing,sneaky,session
2016-10-20 14:00:00+00:00,2016-10-20 14:30:00+00:00,long,stop,4832.5345,4820.3385,12.195999999999913,-1.0,0.08801182006395603,-1.0880118200639561,-0.010880118200639562,NAS100,swing,sneaky,session
2016-11-18 15:00:00+00:00,2016-11-18 20:59:00+00:00,short,time,4823.6345,4808.052,13.76299999999992,1.1322022814793669,0.08504949811087748,1.0471527833684893,0.010471527833684893,NAS100,swing,sneaky,session
2016-12-08 15:03:00+00:00,2016-12-08 16:08:00+00:00,short,stop,4848.4,4865.9345,17.534500000000662,-1.0,0.052305226838516385,-1.0523052268385165,-0.010523052268385165,NAS100,swing,sneaky,session
2016-12-12 15:00:00+00:00,2016-12-12 15:19:00+00:00,long,stop,4879.589,4865.889999999999,13.699000000000524,-1.0,0.04410345901160499,-1.044103459011605,-0.01044103459011605,NAS100,swing,sneaky,session
2017-01-04 15:16:00+00:00,2017-01-04 16:45:00+00:00,short,stop,4923.0,4932.3,9.300000000000182,-1.0,0.14838655913978202,-1.148386559139782,-0.011483865591397819,NAS100,swing,sneaky,session
2017-02-01 15:04:00+00:00,2017-02-01 20:29:00+00:00,short,stop,5148.735000000001,5156.442999999999,7.707999999998719,-1.0,0.21622571030102195,-1.216225710301022,-0.01216225710301022,NAS100,swing,sneaky,session
2017-02-09 15:00:00+00:00,2017-02-09 15:22:00+00:00,short,stop,5199.1995,5204.814,5.614500000000589,-1.0,0.09581404711015112,-1.0958140471101512,-0.010958140471101512,NAS100,swing,sneaky,session
2017-02-10 15:01:00+00:00,2017-02-10 15:31:00+00:00,short,stop,5214.6,5222.4685,7.868499999999585,-1.0,0.07828035839105707,-1.0782803583910572,-0.010782803583910571,NAS100,swing,sneaky,session
2017-02-16 15:01:00+00:00,2017-02-16 20:59:00+00:00,short,time,5298.493,5300.487,15.168499999999767,-0.1314566371097813,0.101157137818507,-0.23261377492828833,-0.0023261377492828834,NAS100,swing,sneaky,session
2017-03-09 15:01:00+00:00,2017-03-09 18:30:00+00:00,long,stop,5366.1565,5356.2505,9.905999999999949,-1.0,0.0672118082475271,-1.067211808247527,-0.010672118082475271,NAS100,swing,sneaky,session
2017-03-21 14:00:00+00:00,2017-03-21 18:05:00+00:00,short,target,5432.6895,5334.550499999999,4.001499999999396,24.525552917659837,0.3897071304511397,24.135845787208698,0.24135845787208698,NAS100,swing,sneaky,session
2017-03-27 14:05:00+00:00,2017-03-27 19:59:00+00:00,long,time,5338.0005,5374.1,19.70049999999992,1.8324154209284236,0.09048653930103333,1.7419288816273903,0.017419288816273904,NAS100,swing,sneaky,session
2017-04-03 14:06:00+00:00,2017-04-03 19:59:00+00:00,short,time,5444.5995,5432.1,9.001000000000204,1.3886790356626615,0.19942461198755243,1.189254423675109,0.01189254423675109,NAS100,swing,sneaky,session
2017-05-08 14:00:00+00:00,2017-05-08 14:44:00+00:00,short,stop,5640.050499999999,5647.799999999999,7.749499999999898,-1.0,0.17064414704174685,-1.1706441470417468,-0.011706441470417469,NAS100,swing,sneaky,session
2017-05-12 14:28:00+00:00,2017-05-12 15:31:00+00:00,short,stop,5672.5,5683.0005,10.500500000000102,-1.0,0.17387624398837984,-1.1738762439883799,-0.0117387624398838,NAS100,swing,sneaky,session
2017-06-13 14:03:00+00:00,2017-06-13 19:36:00+00:00,short,stop,5744.4,5758.799999999999,14.399999999999636,-1.0,0.12058986111111414,-1.1205898611111142,-0.011205898611111143,NAS100,swing,sneaky,session
2017-06-23 14:00:00+00:00,2017-06-23 19:59:00+00:00,long,time,5769.9005,5803.4505,10.900499999999738,3.077840466033759,0.16888551603137877,2.90895495000238,0.0290895495000238,NAS100,swing,sneaky,session
2017-06-26 14:00:00+00:00,2017-06-26 19:59:00+00:00,short,time,5836.9,5776.0995,9.200000000000728,6.608749999999409,0.20108494565215804,6.407665054347251,0.06407665054347252,NAS100,swing,sneaky,session
2017-07-18 14:11:00+00:00,2017-07-18 19:59:00+00:00,long,time,5841.65,5878.1,13.549999999999272,2.690036900369202,0.15133747232473138,2.5386994280444704,0.025386994280444705,NAS100,swing,sneaky,session
2017-07-19 14:13:00+00:00,2017-07-19 15:14:00+00:00,short,stop,5895.1,5908.6,13.5,-1.0,0.13746951851851852,-1.1374695185185186,-0.011374695185185187,NAS100,swing,sneaky,session
2017-07-31 14:01:00+00:00,2017-07-31 19:59:00+00:00,short,time,5901.0995,5878.2,23.900499999999738,0.9581180310035645,0.07776608993535786,0.8803519410682067,0.008803519410682067,NAS100,swing,sneaky,session
2017-08-09 14:10:00+00:00,2017-08-09 19:59:00+00:00,long,time,5892.1,5916.2,27.400000000000546,0.879562043795583,0.06778954379561909,0.8117724999999639,0.00811772499999964,NAS100,swing,sneaky,session
2017-09-11 14:37:00+00:00,2017-09-11 19:59:00+00:00,short,time,5978.9,5978.8,6.700000000000728,0.01492537313424529,0.21651171641788694,-0.20158634328364164,-0.0020158634328364166,NAS100,swing,sneaky,session
2017-09-27 14:06:00+00:00,2017-09-27 18:04:00+00:00,short,stop,5919.3994999999995,5931.5005,12.101000000000568,-1.0,0.15379877138252318,-1.1537987713825233,-0.011537987713825233,NAS100,swing,sneaky,session
2017-09-29 14:00:00+00:00,2017-09-29 14:39:00+00:00,short,stop,5931.5995,5949.5005,17.90099999999984,-1.0,0.10405932252388227,-1.1040593225238822,-0.011040593225238822,NAS100,swing,sneaky,session
2017-10-06 14:37:00+00:00,2017-10-06 15:24:00+00:00,short,stop,6046.0,6054.700000000001,8.700000000000728,-1.0,0.16701034482757224,-1.1670103448275722,-0.011670103448275721,NAS100,swing,sneaky,session
2017-10-16 14:09:00+00:00,2017-10-16 19:59:00+00:00,short,time,6110.5,6113.6,4.850000000000364,-0.6391752577319858,0.3886427835051255,-1.0278180412371114,-0.010278180412371114,NAS100,swing,sneaky,session
2013-10-30 14:00:00+00:00,2013-10-30 19:59:00+00:00,short,time,3402.608,3385.223,6.199499999999716,2.8042584079362873,0.44815744495525883,2.3561009629810283,0.023561009629810285,NAS100,swing,lod,c3
2013-11-18 15:00:00+00:00,2013-11-18 20:59:00+00:00,short,time,3414.7615,3389.402,14.564499999999953,1.741185759895644,0.028147859349788962,1.713037900545855,0.017130379005458548,NAS100,swing,lod,c3
2013-11-25 15:00:00+00:00,2013-11-25 20:59:00+00:00,short,time,3425.948,3428.642,11.675499999999829,-0.23073958288724247,0.03731631364823831,-0.2680558965354808,-0.002680558965354808,NAS100,swing,lod,c3
2013-12-17 15:03:00+00:00,2013-12-17 15:51:00+00:00,long,stop,3470.9965,3463.1710000000003,7.82549999999992,-1.0,0.09208546067344031,-1.0920854606734403,-0.010920854606734403,NAS100,swing,lod,c3
2013-12-23 15:00:00+00:00,2013-12-23 16:07:00+00:00,short,stop,3555.2625,3564.0694999999996,8.806999999999789,-1.0,0.2747918771999611,-1.2747918771999611,-0.012747918771999612,NAS100,swing,lod,c3
2014-01-30 15:00:00+00:00,2014-01-30 15:37:00+00:00,short,stop,3509.3265,3520.7015,11.375,-1.0,0.023657689890109888,-1.02365768989011,-0.0102365768989011,NAS100,swing,lod,c3
2014-02-07 15:12:00+00:00,2014-02-07 16:30:00+00:00,short,stop,3517.955,3530.788,12.833000000000084,-1.0,0.06581992324475917,-1.0658199232447592,-0.010658199232447593,NAS100,swing,lod,c3
2014-02-10 15:04:00+00:00,2014-02-10 16:47:00+00:00,short,stop,3569.7985,3576.1005,6.302000000000135,-1.0,0.3736967474611154,-1.3736967474611155,-0.013736967474611155,NAS100,swing,lod,c3
2014-03-05 15:01:00+00:00,2014-03-05 15:26:00+00:00,short,stop,3717.1525,3724.817,7.664499999999862,-1.0,0.3134731440407128,-1.3134731440407128,-0.013134731440407128,NAS100,swing,lod,c3
2014-03-06 15:00:00+00:00,2014-03-06 20:59:00+00:00,short,time,3734.218,3722.4660000000003,4.029500000000098,2.9164908797615614,0.5749408537039193,2.341550026057642,0.02341550026057642,NAS100,swing,lod,c3
2014-03-27 14:02:00+00:00,2014-03-27 19:59:00+00:00,long,time,3568.931,3562.7065000000002,24.581499999999778,-0.25321888412016613,0.10800014990948574,-0.3612190340296519,-0.0036121903402965188,NAS100,swing,lod,c3
2014-04-02 14:12:00+00:00,2014-04-02 19:59:00+00:00,short,time,3657.6899999999996,3667.1369999999997,18.267500000000382,-0.5171479403311848,0.14675178048446383,-0.6638997208156486,-0.006638997208156487,NAS100,swing,lod,c3
2014-04-07 14:00:00+00:00,2014-04-07 16:09:00+00:00,long,stop,3539.9455,3507.6645,32.28099999999995,-1.0,0.08462850105325126,-1.0846285010532513,-0.010846285010532513,NAS100,swing,lod,c3
2014-04-15 14:02:00+00:00,2014-04-15 16:48:00+00:00,short,target,3493.8375,3422.1435,13.087500000000091,5.478051575931191,0.21078648042024686,5.267265095510944,0.052672650955109444,NAS100,swing,lod,c3
2014-05-01 14:01:00+00:00,2014-05-01 14:34:00+00:00,short,stop,3587.243,3596.621,9.378000000000156,-1.0,0.29593493335465487,-1.2959349333546548,-0.012959349333546548,NAS100,swing,lod,c3
2014-05-09 14:11:00+00:00,2014-05-09 19:59:00+00:00,long,time,3537.983,3554.7305,22.722999999999956,0.7370285613695365,0.11827785525678851,0.6187507061127481,0.006187507061127481,NAS100,swing,lod,c3
2014-05-19 14:02:00+00:00,2014-05-19 14:17:00+00:00,short,stop,3589.892,3599.1245,9.232500000000073,-1.0,0.2751839068507966,-1.2751839068507966,-0.012751839068507966,NAS100,swing,lod,c3
2014-05-28 14:01:00+00:00,2014-05-28 15:36:00+00:00,short,stop,3714.8745,3724.915,10.040500000000065,-1.0,0.26428046984711745,-1.2642804698471175,-0.012642804698471176,NAS100,swing,lod,c3
2014-06-04 14:00:00+00:00,2014-06-04 15:22:00+00:00,long,target,3729.8635000000004,3738.9195,15.197000000000116,0.5959070869250191,0.18276841300914512,0.413138673915874,0.00413138673915874,NAS100,swing,lod,c3
2014-06-19 14:02:00+00:00,2014-06-19 19:59:00+00:00,short,time,3799.1845000000003,3799.413,10.730999999999767,-0.021293448886377558,0.2636184798714063,-0.28491192875778387,-0.002849119287577839,NAS100,swing,lod,c3
2014-06-27 14:07:00+00:00,2014-06-27 15:46:00+00:00,short,stop,3825.9264999999996,3833.1274999999996,7.201000000000022,-1.0,0.13130121892792626,-1.1313012189279263,-0.011313012189279263,NAS100,swing,lod,c3
2014-07-15 14:12:00+00:00,2014-07-15 19:59:00+00:00,short,time,3929.1440000000002,3915.6775,11.562999999999647,1.164619908328363,0.23224374643259377,0.9323761618957693,0.009323761618957694,NAS100,swing,lod,c3
2014-07-30 14:01:00+00:00,2014-07-30 19:59:00+00:00,short,time,3976.1215,3975.8755,14.092999999999847,0.017455474348974473,0.18873032019442482,-0.17127484584545033,-0.0017127484584545034,NAS100,swing,lod,c3
2014-08-29 14:07:00+00:00,2014-08-29 15:31:00+00:00,short,stop,4068.3975,4080.3495000000003,11.952000000000226,-1.0,0.14233882718373228,-1.1423388271837323,-0.011423388271837323,NAS100,swing,lod,c3
2014-10-06 14:02:00+00:00,2014-10-06 19:59:00+00:00,short,time,4039.877,4017.0505000000003,7.351000000000113,3.105223779077584,0.36707705006121055,2.7381467290163735,0.027381467290163736,NAS100,swing,lod,c3
2014-10-07 14:00:00+00:00,2014-10-07 15:37:00+00:00,long,stop,3989.0299999999997,3980.9085,8.121499999999742,-1.0,0.3121983685279912,-1.3121983685279912,-0.013121983685279913,NAS100,swing,lod,c3
2014-11-25 15:02:00+00:00,2014-11-25 20:59:00+00:00,short,time,4291.7305,4289.265,10.985000000000582,0.22444242148376944,0.21720186458806315,0.007240556895706296,7.240556895706296e-05,NAS100,swing,lod,c3
2014-12-03 15:00:00+00:00,2014-12-03 20:31:00+00:00,short,stop,4298.943,4317.609,18.666000000000167,-1.0,0.11306285733418948,-1.1130628573341894,-0.011130628573341895,NAS100,swing,lod,c3
2015-01-26 15:00:00+00:00,2015-01-26 20:59:00+00:00,long,time,4262.9335,4275.4335,10.280999999999949,1.215835035502389,0.23237921189573113,0.983455823606658,0.00983455823606658,NAS100,swing,lod,c3
2015-01-29 15:02:00+00:00,2015-01-29 20:59:00+00:00,long,time,4125.6555,4181.2564999999995,22.743999999999687,2.4446447414702965,0.11001440412856288,2.334630337341734,0.023346303373417338,NAS100,swing,lod,c3
2015-01-30 15:00:00+00:00,2015-01-30 20:59:00+00:00,short,time,4187.629,4149.8325,22.28899999999976,1.6957467809233198,0.1082236028982918,1.587523178025028,0.01587523178025028,NAS100,swing,lod,c3
2015-02-03 15:01:00+00:00,2015-02-03 20:31:00+00:00,short,stop,4208.1025,4219.777,11.67450000000008,-1.0,0.22352363377446413,-1.2235236337744642,-0.012235236337744641,NAS100,swing,lod,c3
2015-02-13 15:03:00+00:00,2015-02-13 16:49:00+00:00,short,stop,4357.952,4367.215,9.26299999999992,-1.0,0.20903237396092159,-1.2090323739609217,-0.012090323739609218,NAS100,swing,lod,c3
2015-03-11 14:03:00+00:00,2015-03-11 14:34:00+00:00,long,stop,4338.5055,4323.6990000000005,14.806499999999687,-1.0,0.11661758298720404,-1.116617582987204,-0.011166175829872041,NAS100,swing,lod,c3
2015-03-13 14:00:00+00:00,2015-03-13 19:59:00+00:00,short,time,4335.8025,4312.651,11.940500000000611,1.9389054059711701,0.07062797516854041,1.8682774308026298,0.018682774308026298,NAS100,swing,lod,c3
2015-03-24 14:00:00+00:00,2015-03-24 18:18:00+00:00,long,stop,4452.094,4439.496,12.597999999999956,-1.0,0.13581780361962265,-1.1358178036196227,-0.011358178036196227,NAS100,swing,lod,c3
2015-03-31 14:00:00+00:00,2015-03-31 19:14:00+00:00,long,stop,4364.543,4352.7155,11.827499999999418,-1.0,0.13808609638554897,-1.138086096385549,-0.01138086096385549,NAS100,swing,lod,c3
2015-04-07 14:00:00+00:00,2015-04-07 14:20:00+00:00,short,stop,4359.3369999999995,4368.901,9.564000000000306,-1.0,0.17466650930572425,-1.1746665093057242,-0.011746665093057242,NAS100,swing,lod,c3
2015-05-18 14:01:00+00:00,2015-05-18 19:59:00+00:00,long,time,4494.5465,4511.7935,13.139000000000124,1.3126569754166395,0.12617122897480665,1.1864857464418328,0.011864857464418328,NAS100,swing,lod,c3
2015-05-19 14:02:00+00:00,2015-05-19 19:59:00+00:00,short,time,4515.26,4504.192999999999,7.006999999999607,1.5794205794207987,0.16206081061796257,1.417359768802836,0.014173597688028361,NAS100,swing,lod,c3
2015-06-05 14:00:00+00:00,2015-06-05 19:59:00+00:00,long,time,4469.4225,4478.5005,18.95299999999952,0.4789743048594238,0.10628249023901498,0.37269181462040885,0.0037269181462040884,NAS100,swing,lod,c3
2015-06-12 14:01:00+00:00,2015-06-12 14:34:00+00:00,long,stop,4468.5275,4458.4015,10.126000000000204,-1.0,0.1672181722792777,-1.1672181722792776,-0.011672181722792776,NAS100,swing,lod,c3
2015-06-16 14:11:00+00:00,2015-06-16 15:15:00+00:00,short,stop,4432.44,4446.9335,14.493500000000495,-1.0,0.13912301376478634,-1.1391230137647863,-0.011391230137647864,NAS100,swing,lod,c3
2015-06-26 14:00:00+00:00,2015-06-26 14:58:00+00:00,long,stop,4519.0855,4496.413500000001,22.67199999999957,-1.0,0.12143068730151957,-1.1214306873015196,-0.011214306873015197,NAS100,swing,lod,c3
2015-09-02 14:02:00+00:00,2015-09-02 14:19:00+00:00,long,stop,4199.537,4183.5255,16.011500000000524,-1.0,0.08543468725603193,-1.0854346872560319,-0.010854346872560318,NAS100,swing,lod,c3
2015-09-03 14:01:00+00:00,2015-09-03 14:23:00+00:00,short,stop,4267.2080000000005,4289.423,22.214999999999236,-1.0,0.0794991258158929,-1.0794991258158928,-0.010794991258158929,NAS100,swing,lod,c3
2015-09-29 14:00:00+00:00,2015-09-29 18:52:00+00:00,long,stop,4124.648,4084.2885,40.359500000000025,-1.0,0.02702777487332597,-1.0270277748733259,-0.010270277748733259,NAS100,swing,lod,c3
2015-09-30 14:05:00+00:00,2015-09-30 14:09:00+00:00,short,stop,4144.5225,4163.607,19.084499999999935,-1.0,0.09025704301920438,-1.0902570430192045,-0.010902570430192045,NAS100,swing,lod,c3
2015-10-15 14:02:00+00:00,2015-10-15 14:50:00+00:00,short,stop,4369.4185,4385.585,16.16650000000027,-1.0,0.13972545062319996,-1.1397254506232,-0.011397254506232,NAS100,swing,lod,c3
2015-11-12 15:10:00+00:00,2015-11-12 19:50:00+00:00,long,stop,4625.7855,4607.98,17.805500000000393,-1.0,0.07703664920951221,-1.0770366492095123,-0.010770366492095123,NAS100,swing,lod,c3
2015-12-14 15:07:00+00:00,2015-12-14 15:12:00+00:00,long,stop,4547.3904999999995,4525.3735,22.016999999999825,-1.0,0.1500013799563985,-1.1500013799563984,-0.011500013799563984,NAS100,swing,lod,c3
2015-12-16 15:03:00+00:00,2015-12-16 19:53:00+00:00,short,stop,4616.004,4640.039500000001,24.035500000000866,-1.0,0.18734955628132713,-1.1873495562813272,-0.011873495562813273,NAS100,swing,lod,c3
2016-03-29 14:00:00+00:00,2016-03-29 19:59:00+00:00,long,time,4396.288500000001,4468.8665,12.489000000000487,5.811353991512266,0.1315957200336245,5.679758271478641,0.05679758271478641,NAS100,swing,lod,c3
2016-04-05 14:00:00+00:00,2016-04-05 16:21:00+00:00,long,stop,4475.038500000001,4465.968,9.07050000000072,-1.0,0.14388734882309645,-1.1438873488230965,-0.011438873488230965,NAS100,swing,lod,c3
2016-05-04 14:00:00+00:00,2016-05-04 15:28:00+00:00,long,stop,4322.841,4307.779500000001,15.061499999999796,-1.0,0.08741383892706689,-1.087413838927067,-0.01087413838927067,NAS100,swing,lod,c3
2016-06-13 14:01:00+00:00,2016-06-13 15:52:00+00:00,long,stop,4457.5565,4435.0105,22.545999999999367,-1.0,0.06279473642774948,-1.0627947364277495,-0.010627947364277494,NAS100,swing,lod,c3
2016-06-27 14:01:00+00:00,2016-06-27 14:05:00+00:00,long,stop,4235.5635,4223.27,12.293499999999767,-1.0,0.13322496217513574,-1.1332249621751358,-0.011332249621751358,NAS100,swing,lod,c3
2016-07-06 14:00:00+00:00,2016-07-06 19:59:00+00:00,long,time,4395.3315,4443.719,21.092000000000553,2.294116252607555,0.059992876564572674,2.2341233760429824,0.022341233760429825,NAS100,swing,lod,c3
2016-07-11 14:00:00+00:00,2016-07-11 15:01:00+00:00,short,stop,4556.220499999999,4561.4365,5.216000000000349,-1.0,0.30331475603909,-1.30331475603909,-0.0130331475603909,NAS100,swing,lod,c3
2016-07-12 14:08:00+00:00,2016-07-12 19:59:00+00:00,short,time,4579.747,4577.77,8.997000000000298,0.21973991330441217,0.14585593475602496,0.07388397854838721,0.0007388397854838722,NAS100,swing,lod,c3
2016-07-29 14:00:00+00:00,2016-07-29 15:09:00+00:00,short,stop,4724.2005,4737.76,13.559500000000298,-1.0,0.12631491334488454,-1.1263149133448844,-0.011263149133448844,NAS100,swing,lod,c3
2016-08-04 14:01:00+00:00,2016-08-04 14:50:00+00:00,short,stop,4726.683999999999,4741.119000000001,14.43500000000131,-1.0,0.10565308901973408,-1.105653089019734,-0.01105653089019734,NAS100,swing,lod,c3
2016-08-11 14:00:00+00:00,2016-08-11 19:59:00+00:00,short,time,4802.897000000001,4803.598,11.222999999999047,-0.0624610175531651,0.07586127550566449,-0.1383222930588296,-0.001383222930588296,NAS100,swing,lod,c3
2016-08-26 14:00:00+00:00,2016-08-26 14:15:00+00:00,short,stop,4786.800499999999,4800.214,13.413500000000568,-1.0,0.08135222481082147,-1.0813522248108214,-0.010813522248108214,NAS100,swing,lod,c3
2016-10-20 14:00:00+00:00,2016-10-20 14:35:00+00:00,long,stop,4832.5345,4812.814,19.720499999999447,-1.0,0.05443027091098249,-1.0544302709109825,-0.010544302709109825,NAS100,swing,lod,c3
2016-11-18 15:00:00+00:00,2016-11-18 20:59:00+00:00,short,time,4823.6345,4808.052,17.03650000000016,0.9146538314794875,0.0687075539283297,0.8459462775511578,0.008459462775511578,NAS100,swing,lod,c3
2016-12-08 15:03:00+00:00,2016-12-08 16:08:00+00:00,short,stop,4848.4,4865.9345,17.534500000000662,-1.0,0.052305226838516385,-1.0523052268385165,-0.010523052268385165,NAS100,swing,lod,c3
2016-12-12 15:00:00+00:00,2016-12-12 15:26:00+00:00,long,stop,4879.589,4864.2015,15.387499999999818,-1.0,0.03926390154346106,-1.039263901543461,-0.01039263901543461,NAS100,swing,lod,c3
2017-02-01 15:04:00+00:00,2017-02-01 20:59:00+00:00,short,time,5148.735000000001,5150.713,13.450999999999112,-0.14705226377215722,0.12390660731544943,-0.27095887108760663,-0.0027095887108760665,NAS100,swing,lod,c3
2017-02-09 15:00:00+00:00,2017-02-09 15:22:00+00:00,short,stop,5199.1995,5204.814,5.614500000000589,-1.0,0.09581404711015112,-1.0958140471101512,-0.010958140471101512,NAS100,swing,lod,c3
2017-02-10 15:01:00+00:00,2017-02-10 15:32:00+00:00,short,stop,5214.6,5223.7965,9.196500000000015,-1.0,0.0669764584352742,-1.0669764584352741,-0.010669764584352742,NAS100,swing,lod,c3
2017-02-16 15:01:00+00:00,2017-02-16 20:59:00+00:00,short,time,5298.493,5300.487,17.256499999999505,-0.11555066206935034,0.08891733810448492,-0.20446800017383526,-0.0020446800017383526,NAS100,swing,lod,c3
2017-03-09 15:01:00+00:00,2017-03-09 19:04:00+00:00,long,stop,5366.1565,5346.3,19.85649999999987,-1.0,0.033530590612645954,-1.033530590612646,-0.01033530590612646,NAS100,swing,lod,c3
2017-03-21 14:00:00+00:00,2017-03-21 18:05:00+00:00,short,target,5432.6895,5334.550499999999,5.986499999999069,16.393385116514875,0.26048827904455735,16.132896837470316,0.16132896837470317,NAS100,swing,lod,c3
2017-03-27 14:05:00+00:00,2017-03-27 19:59:00+00:00,long,time,5338.0005,5374.1,22.501000000000204,1.6043509177369866,0.07922448191191431,1.5251264358250722,0.015251264358250723,NAS100,swing,lod,c3
2017-04-03 14:06:00+00:00,2017-04-03 19:59:00+00:00,short,time,5444.5995,5432.1,9.300499999999374,1.3439600021505016,0.1930026270093136,1.150957375141188,0.01150957375141188,NAS100,swing,lod,c3
2017-05-08 14:00:00+00:00,2017-05-08 16:38:00+00:00,short,stop,5640.050499999999,5652.05,11.999500000000808,-1.0,0.11020516000665952,-1.1102051600066596,-0.011102051600066595,NAS100,swing,lod,c3
2017-06-13 14:03:00+00:00,2017-06-13 19:36:00+00:00,short,stop,5744.4,5758.799999999999,14.399999999999636,-1.0,0.12058986111111414,-1.1205898611111142,-0.011205898611111143,NAS100,swing,lod,c3
2017-06-23 14:00:00+00:00,2017-06-23 19:59:00+00:00,long,time,5769.9005,5803.4505,10.900499999999738,3.077840466033759,0.16888551603137877,2.90895495000238,0.0290895495000238,NAS100,swing,lod,c3
2017-06-26 14:00:00+00:00,2017-06-26 19:59:00+00:00,short,time,5836.9,5776.0995,10.899499999999534,5.578283407495937,0.16973085921373265,5.408552548282205,0.05408552548282205,NAS100,swing,lod,c3
2017-07-18 14:11:00+00:00,2017-07-18 19:59:00+00:00,long,time,5841.65,5878.1,24.25,1.5030927835051846,0.08456176288659795,1.4185310206185866,0.014185310206185867,NAS100,swing,lod,c3
2017-07-19 14:13:00+00:00,2017-07-19 15:35:00+00:00,short,stop,5895.1,5909.8,14.699999999999818,-1.0,0.12624751700680428,-1.1262475170068043,-0.011262475170068042,NAS100,swing,lod,c3
2017-07-31 14:01:00+00:00,2017-07-31 19:59:00+00:00,short,time,5901.0995,5878.2,28.20049999999992,0.8120246094927576,0.06590835029520772,0.7461162591975499,0.0074611625919754985,NAS100,swing,lod,c3
2017-08-09 14:10:00+00:00,2017-08-09 19:59:00+00:00,long,time,5892.1,5916.2,31.5,0.7650793650793477,0.058966142857142856,0.7061132222222049,0.007061132222222048,NAS100,swing,lod,c3
2017-09-27 14:06:00+00:00,2017-09-27 18:04:00+00:00,short,stop,5919.3994999999995,5931.6,12.20050000000083,-1.0,0.15254448034915566,-1.1525444803491556,-0.011525444803491556,NAS100,swing,lod,c3
2017-09-29 14:00:00+00:00,2017-09-29 14:39:00+00:00,short,stop,5931.5995,5952.0005,20.40099999999984,-1.0,0.0913075796529589,-1.091307579652959,-0.01091307579652959,NAS100,swing,lod,c3
2017-10-16 14:09:00+00:00,2017-10-16 19:59:00+00:00,short,time,6110.5,6113.6,4.850000000000364,-0.6391752577319858,0.3886427835051255,-1.0278180412371114,-0.010278180412371114,NAS100,swing,lod,c3
2013-10-30 14:00:00+00:00,2013-10-30 19:59:00+00:00,short,time,3402.608,3385.223,6.199499999999716,2.8042584079362873,0.44815744495525883,2.3561009629810283,0.023561009629810285,NAS100,swing,lod,session
2013-11-18 15:00:00+00:00,2013-11-18 20:59:00+00:00,short,time,3414.7615,3389.402,14.564499999999953,1.741185759895644,0.028147859349788962,1.713037900545855,0.017130379005458548,NAS100,swing,lod,session
2013-11-25 15:00:00+00:00,2013-11-25 20:59:00+00:00,short,time,3425.948,3428.642,11.675499999999829,-0.23073958288724247,0.03731631364823831,-0.2680558965354808,-0.002680558965354808,NAS100,swing,lod,session
2013-12-17 15:03:00+00:00,2013-12-17 15:51:00+00:00,long,stop,3470.9965,3463.1710000000003,7.82549999999992,-1.0,0.09208546067344031,-1.0920854606734403,-0.010920854606734403,NAS100,swing,lod,session
2013-12-23 15:00:00+00:00,2013-12-23 16:07:00+00:00,short,stop,3555.2625,3564.0694999999996,8.806999999999789,-1.0,0.2747918771999611,-1.2747918771999611,-0.012747918771999612,NAS100,swing,lod,session
2014-01-30 15:00:00+00:00,2014-01-30 15:37:00+00:00,short,stop,3509.3265,3520.7015,11.375,-1.0,0.023657689890109888,-1.02365768989011,-0.0102365768989011,NAS100,swing,lod,session
2014-02-07 15:12:00+00:00,2014-02-07 16:30:00+00:00,short,stop,3517.955,3530.788,12.833000000000084,-1.0,0.06581992324475917,-1.0658199232447592,-0.010658199232447593,NAS100,swing,lod,session
2014-02-10 15:04:00+00:00,2014-02-10 16:47:00+00:00,short,stop,3569.7985,3576.1005,6.302000000000135,-1.0,0.3736967474611154,-1.3736967474611155,-0.013736967474611155,NAS100,swing,lod,session
2014-02-28 18:48:00+00:00,2014-02-28 20:59:00+00:00,short,time,3709.7975,3696.401,6.151499999999942,2.1777615215801696,0.15169256888563906,2.0260689526945304,0.020260689526945305,NAS100,swing,lod,session
2014-03-05 15:01:00+00:00,2014-03-05 15:26:00+00:00,short,stop,3717.1525,3724.817,7.664499999999862,-1.0,0.3134731440407128,-1.3134731440407128,-0.013134731440407128,NAS100,swing,lod,session
2014-03-06 15:00:00+00:00,2014-03-06 20:59:00+00:00,short,time,3734.218,3722.4660000000003,4.029500000000098,2.9164908797615614,0.5749408537039193,2.341550026057642,0.02341550026057642,NAS100,swing,lod,session
2014-03-17 14:31:00+00:00,2014-03-17 16:15:00+00:00,short,stop,3667.5245,3673.591,6.066499999999905,-1.0,0.4030971882469361,-1.403097188246936,-0.014030971882469361,NAS100,swing,lod,session
2014-03-27 14:02:00+00:00,2014-03-27 19:59:00+00:00,long,time,3568.931,3562.7065000000002,24.581499999999778,-0.25321888412016613,0.10800014990948574,-0.3612190340296519,-0.0036121903402965188,NAS100,swing,lod,session
2014-03-28 15:47:00+00:00,2014-03-28 16:08:00+00:00,short,stop,3594.2135,3601.4314999999997,7.217999999999847,-1.0,0.3469969350928308,-1.3469969350928308,-0.013469969350928309,NAS100,swing,lod,session
2014-04-02 14:12:00+00:00,2014-04-02 19:59:00+00:00,short,time,3657.6899999999996,3667.1369999999997,18.267500000000382,-0.5171479403311848,0.14675178048446383,-0.6638997208156486,-0.006638997208156487,NAS100,swing,lod,session
2014-04-07 14:00:00+00:00,2014-04-07 16:09:00+00:00,long,stop,3539.9455,3507.6645,32.28099999999995,-1.0,0.08462850105325126,-1.0846285010532513,-0.010846285010532513,NAS100,swing,lod,session
2014-04-15 14:02:00+00:00,2014-04-15 16:48:00+00:00,short,target,3493.8375,3422.1435,13.087500000000091,5.478051575931191,0.21078648042024686,5.267265095510944,0.052672650955109444,NAS100,swing,lod,session
2014-05-01 14:01:00+00:00,2014-05-01 14:34:00+00:00,short,stop,3587.243,3596.621,9.378000000000156,-1.0,0.29593493335465487,-1.2959349333546548,-0.012959349333546548,NAS100,swing,lod,session
2014-05-09 14:11:00+00:00,2014-05-09 19:59:00+00:00,long,time,3537.983,3554.7305,22.722999999999956,0.7370285613695365,0.11827785525678851,0.6187507061127481,0.006187507061127481,NAS100,swing,lod,session
2014-05-13 15:39:00+00:00,2014-05-13 19:59:00+00:00,short,time,3608.9035,3611.6565,13.246000000000095,-0.2078363279480701,0.19293210988222723,-0.40076843783029736,-0.004007684378302974,NAS100,swing,lod,session
2014-05-19 14:02:00+00:00,2014-05-19 14:17:00+00:00,short,stop,3589.892,3599.1245,9.232500000000073,-1.0,0.2751839068507966,-1.2751839068507966,-0.012751839068507966,NAS100,swing,lod,session
2014-05-28 14:01:00+00:00,2014-05-28 15:36:00+00:00,short,stop,3714.8745,3724.915,10.040500000000065,-1.0,0.26428046984711745,-1.2642804698471175,-0.012642804698471176,NAS100,swing,lod,session
2014-05-29 14:15:00+00:00,2014-05-29 15:31:00+00:00,short,stop,3717.7325,3729.0305,11.297999999999774,-1.0,0.24437014405204946,-1.2443701440520494,-0.012443701440520495,NAS100,swing,lod,session
2014-06-04 14:00:00+00:00,2014-06-04 15:22:00+00:00,long,target,3729.8635000000004,3738.9195,15.197000000000116,0.5959070869250191,0.18276841300914512,0.413138673915874,0.00413138673915874,NAS100,swing,lod,session
2014-06-19 14:02:00+00:00,2014-06-19 19:59:00+00:00,short,time,3799.1845000000003,3799.413,10.730999999999767,-0.021293448886377558,0.2636184798714063,-0.28491192875778387,-0.002849119287577839,NAS100,swing,lod,session
2014-06-24 19:02:00+00:00,2014-06-24 19:59:00+00:00,short,time,3813.804,3800.0985,4.927499999999782,2.7814307458144367,0.49252100659565845,2.288909739218778,0.02288909739218778,NAS100,swing,lod,session
2014-06-27 14:07:00+00:00,2014-06-27 15:46:00+00:00,short,stop,3825.9264999999996,3833.1274999999996,7.201000000000022,-1.0,0.13130121892792626,-1.1313012189279263,-0.011313012189279263,NAS100,swing,lod,session
2014-06-30 15:06:00+00:00,2014-06-30 15:20:00+00:00,short,stop,3847.3195,3851.4915,4.1720000000000255,-1.0,0.6121945751438121,-1.6121945751438123,-0.016121945751438122,NAS100,swing,lod,session
2014-07-15 14:12:00+00:00,2014-07-15 19:59:00+00:00,short,time,3929.1440000000002,3915.6775,11.562999999999647,1.164619908328363,0.23224374643259377,0.9323761618957693,0.009323761618957694,NAS100,swing,lod,session
2014-07-30 14:01:00+00:00,2014-07-30 19:59:00+00:00,short,time,3976.1215,3975.8755,14.092999999999847,0.017455474348974473,0.18873032019442482,-0.17127484584545033,-0.0017127484584545034,NAS100,swing,lod,session
2014-08-29 14:07:00+00:00,2014-08-29 15:31:00+00:00,short,stop,4068.3975,4080.3495000000003,11.952000000000226,-1.0,0.14233882718373228,-1.1423388271837323,-0.011423388271837323,NAS100,swing,lod,session
2014-09-17 14:35:00+00:00,2014-09-17 18:12:00+00:00,short,stop,4063.618,4075.0035,11.385499999999865,-1.0,0.243215947477057,-1.243215947477057,-0.01243215947477057,NAS100,swing,lod,session
2014-10-06 14:02:00+00:00,2014-10-06 19:59:00+00:00,short,time,4039.877,4017.0505000000003,7.351000000000113,3.105223779077584,0.36707705006121055,2.7381467290163735,0.027381467290163736,NAS100,swing,lod,session
2014-10-07 14:00:00+00:00,2014-10-07 15:37:00+00:00,long,stop,3989.0299999999997,3980.9085,8.121499999999742,-1.0,0.3121983685279912,-1.3121983685279912,-0.013121983685279913,NAS100,swing,lod,session
2014-11-25 15:02:00+00:00,2014-11-25 20:59:00+00:00,short,time,4291.7305,4289.265,10.985000000000582,0.22444242148376944,0.21720186458806315,0.007240556895706296,7.240556895706296e-05,NAS100,swing,lod,session
2014-12-03 15:00:00+00:00,2014-12-03 20:31:00+00:00,short,stop,4298.943,4317.609,18.666000000000167,-1.0,0.11306285733418948,-1.1130628573341894,-0.011130628573341895,NAS100,swing,lod,session
2015-01-26 15:00:00+00:00,2015-01-26 20:59:00+00:00,long,time,4262.9335,4275.4335,10.280999999999949,1.215835035502389,0.23237921189573113,0.983455823606658,0.00983455823606658,NAS100,swing,lod,session
2015-01-29 15:02:00+00:00,2015-01-29 20:59:00+00:00,long,time,4125.6555,4181.2564999999995,22.743999999999687,2.4446447414702965,0.11001440412856288,2.334630337341734,0.023346303373417338,NAS100,swing,lod,session
2015-01-30 15:00:00+00:00,2015-01-30 20:59:00+00:00,short,time,4187.629,4149.8325,22.28899999999976,1.6957467809233198,0.1082236028982918,1.587523178025028,0.01587523178025028,NAS100,swing,lod,session
2015-02-03 15:01:00+00:00,2015-02-03 20:31:00+00:00,short,stop,4208.1025,4219.777,11.67450000000008,-1.0,0.22352363377446413,-1.2235236337744642,-0.012235236337744641,NAS100,swing,lod,session
2015-02-13 15:03:00+00:00,2015-02-13 16:49:00+00:00,short,stop,4357.952,4367.215,9.26299999999992,-1.0,0.20903237396092159,-1.2090323739609217,-0.012090323739609218,NAS100,swing,lod,session
2015-03-11 14:03:00+00:00,2015-03-11 14:34:00+00:00,long,stop,4338.5055,4323.6990000000005,14.806499999999687,-1.0,0.11661758298720404,-1.116617582987204,-0.011166175829872041,NAS100,swing,lod,session
2015-03-13 14:00:00+00:00,2015-03-13 19:59:00+00:00,short,time,4335.8025,4312.651,11.940500000000611,1.9389054059711701,0.07062797516854041,1.8682774308026298,0.018682774308026298,NAS100,swing,lod,session
2015-03-24 14:00:00+00:00,2015-03-24 18:18:00+00:00,long,stop,4452.094,4439.496,12.597999999999956,-1.0,0.13581780361962265,-1.1358178036196227,-0.011358178036196227,NAS100,swing,lod,session
2015-03-31 14:00:00+00:00,2015-03-31 19:14:00+00:00,long,stop,4364.543,4352.7155,11.827499999999418,-1.0,0.13808609638554897,-1.138086096385549,-0.01138086096385549,NAS100,swing,lod,session
2015-04-07 14:00:00+00:00,2015-04-07 14:20:00+00:00,short,stop,4359.3369999999995,4368.901,9.564000000000306,-1.0,0.17466650930572425,-1.1746665093057242,-0.011746665093057242,NAS100,swing,lod,session
2015-04-09 14:20:00+00:00,2015-04-09 19:12:00+00:00,short,stop,4375.3055,4396.632,21.326499999999214,-1.0,0.0805882935549698,-1.0805882935549698,-0.010805882935549698,NAS100,swing,lod,session
2015-05-08 14:17:00+00:00,2015-05-08 15:18:00+00:00,short,stop,4452.852,4461.5225,8.670500000000175,-1.0,0.20138804221209444,-1.2013880422120944,-0.012013880422120943,NAS100,swing,lod,session
2015-05-12 14:33:00+00:00,2015-05-12 19:59:00+00:00,long,time,4398.6505,4419.7415,20.121499999999287,1.0481822925726758,0.06768443120542943,0.9804978613672464,0.009804978613672464,NAS100,swing,lod,session
2015-05-18 14:01:00+00:00,2015-05-18 19:59:00+00:00,long,time,4494.5465,4511.7935,13.139000000000124,1.3126569754166395,0.12617122897480665,1.1864857464418328,0.011864857464418328,NAS100,swing,lod,session
2015-05-19 14:02:00+00:00,2015-05-19 19:59:00+00:00,short,time,4515.26,4504.192999999999,7.006999999999607,1.5794205794207987,0.16206081061796257,1.417359768802836,0.014173597688028361,NAS100,swing,lod,session
2015-05-22 15:13:00+00:00,2015-05-22 17:03:00+00:00,short,stop,4531.91,4538.4635,6.5534999999999854,-1.0,0.1291789349202719,-1.1291789349202719,-0.011291789349202719,NAS100,swing,lod,session
2015-06-05 14:00:00+00:00,2015-06-05 19:59:00+00:00,long,time,4469.4225,4478.5005,18.95299999999952,0.4789743048594238,0.10628249023901498,0.37269181462040885,0.0037269181462040884,NAS100,swing,lod,session
2015-06-12 14:01:00+00:00,2015-06-12 14:34:00+00:00,long,stop,4468.5275,4458.4015,10.126000000000204,-1.0,0.1672181722792777,-1.1672181722792776,-0.011672181722792776,NAS100,swing,lod,session
2015-06-16 14:11:00+00:00,2015-06-16 15:15:00+00:00,short,stop,4432.44,4446.9335,14.493500000000495,-1.0,0.13912301376478634,-1.1391230137647863,-0.011391230137647864,NAS100,swing,lod,session
2015-06-26 14:00:00+00:00,2015-06-26 14:58:00+00:00,long,stop,4519.0855,4496.413500000001,22.67199999999957,-1.0,0.12143068730151957,-1.1214306873015196,-0.011214306873015197,NAS100,swing,lod,session
2015-09-02 14:02:00+00:00,2015-09-02 14:19:00+00:00,long,stop,4199.537,4183.5255,16.011500000000524,-1.0,0.08543468725603193,-1.0854346872560319,-0.010854346872560318,NAS100,swing,lod,session
2015-09-03 14:01:00+00:00,2015-09-03 14:23:00+00:00,short,stop,4267.2080000000005,4289.423,22.214999999999236,-1.0,0.0794991258158929,-1.0794991258158928,-0.010794991258158929,NAS100,swing,lod,session
2015-09-29 14:00:00+00:00,2015-09-29 18:52:00+00:00,long,stop,4124.648,4084.2885,40.359500000000025,-1.0,0.02702777487332597,-1.0270277748733259,-0.010270277748733259,NAS100,swing,lod,session
2015-09-30 14:05:00+00:00,2015-09-30 14:09:00+00:00,short,stop,4144.5225,4163.607,19.084499999999935,-1.0,0.09025704301920438,-1.0902570430192045,-0.010902570430192045,NAS100,swing,lod,session
2015-10-15 14:02:00+00:00,2015-10-15 14:50:00+00:00,short,stop,4369.4185,4385.585,16.16650000000027,-1.0,0.13972545062319996,-1.1397254506232,-0.011397254506232,NAS100,swing,lod,session
2015-11-10 16:03:00+00:00,2015-11-10 20:59:00+00:00,long,time,4639.526,4642.6245,20.892499999999927,0.14830680866339926,0.04822635826253457,0.10008045040086469,0.001000804504008647,NAS100,swing,lod,session
2015-11-12 15:10:00+00:00,2015-11-12 19:50:00+00:00,long,stop,4625.7855,4607.98,17.805500000000393,-1.0,0.07703664920951221,-1.0770366492095123,-0.010770366492095123,NAS100,swing,lod,session
2015-12-14 15:07:00+00:00,2015-12-14 15:12:00+00:00,long,stop,4547.3904999999995,4525.3735,22.016999999999825,-1.0,0.1500013799563985,-1.1500013799563984,-0.011500013799563984,NAS100,swing,lod,session
2015-12-16 15:03:00+00:00,2015-12-16 19:53:00+00:00,short,stop,4616.004,4640.039500000001,24.035500000000866,-1.0,0.18734955628132713,-1.1873495562813272,-0.011873495562813273,NAS100,swing,lod,session
2016-02-19 15:16:00+00:00,2016-02-19 20:59:00+00:00,long,time,4150.4065,4164.493,28.217499999999745,0.4992114822362176,0.048614385487729686,0.4505970967484879,0.004505970967484879,NAS100,swing,lod,session
2016-03-02 15:41:00+00:00,2016-03-02 20:59:00+00:00,short,stop,4311.8189999999995,4333.5244999999995,21.70550000000003,-1.0,0.06151750639238893,-1.061517506392389,-0.01061517506392389,NAS100,swing,lod,session
2016-03-08 16:51:00+00:00,2016-03-08 20:56:00+00:00,long,stop,4295.2785,4260.5135,34.76500000000033,-1.0,0.040074589457787635,-1.0400745894577876,-0.010400745894577876,NAS100,swing,lod,session
2016-03-29 14:00:00+00:00,2016-03-29 19:59:00+00:00,long,time,4396.288500000001,4468.8665,12.489000000000487,5.811353991512266,0.1315957200336245,5.679758271478641,0.05679758271478641,NAS100,swing,lod,session
2016-04-05 14:00:00+00:00,2016-04-05 16:21:00+00:00,long,stop,4475.038500000001,4465.968,9.07050000000072,-1.0,0.14388734882309645,-1.1438873488230965,-0.011438873488230965,NAS100,swing,lod,session
2016-05-04 14:00:00+00:00,2016-05-04 15:28:00+00:00,long,stop,4322.841,4307.779500000001,15.061499999999796,-1.0,0.08741383892706689,-1.087413838927067,-0.01087413838927067,NAS100,swing,lod,session
2016-05-23 14:51:00+00:00,2016-05-23 19:59:00+00:00,short,time,4369.9045,4355.0645,11.772500000000036,1.2605648757697336,0.09904810299426597,1.1615167727754676,0.011615167727754677,NAS100,swing,lod,session
2016-06-13 14:01:00+00:00,2016-06-13 15:52:00+00:00,long,stop,4457.5565,4435.0105,22.545999999999367,-1.0,0.06279473642774948,-1.0627947364277495,-0.010627947364277494,NAS100,swing,lod,session
2016-06-27 14:01:00+00:00,2016-06-27 14:05:00+00:00,long,stop,4235.5635,4223.27,12.293499999999767,-1.0,0.13322496217513574,-1.1332249621751358,-0.011332249621751358,NAS100,swing,lod,session
2016-07-06 14:00:00+00:00,2016-07-06 19:59:00+00:00,long,time,4395.3315,4443.719,21.092000000000553,2.294116252607555,0.059992876564572674,2.2341233760429824,0.022341233760429825,NAS100,swing,lod,session
2016-07-11 14:00:00+00:00,2016-07-11 15:01:00+00:00,short,stop,4556.220499999999,4561.4365,5.216000000000349,-1.0,0.30331475603909,-1.30331475603909,-0.0130331475603909,NAS100,swing,lod,session
2016-07-12 14:08:00+00:00,2016-07-12 19:59:00+00:00,short,time,4579.747,4577.77,8.997000000000298,0.21973991330441217,0.14585593475602496,0.07388397854838721,0.0007388397854838722,NAS100,swing,lod,session
2016-07-21 14:25:00+00:00,2016-07-21 19:59:00+00:00,short,time,4656.6555,4646.475,12.315499999999702,0.8266412244732029,0.11161938147050733,0.7150218430026956,0.007150218430026956,NAS100,swing,lod,session
2016-07-29 14:00:00+00:00,2016-07-29 15:09:00+00:00,short,stop,4724.2005,4737.76,13.559500000000298,-1.0,0.12631491334488454,-1.1263149133448844,-0.011263149133448844,NAS100,swing,lod,session
2016-08-04 14:01:00+00:00,2016-08-04 14:50:00+00:00,short,stop,4726.683999999999,4741.119000000001,14.43500000000131,-1.0,0.10565308901973408,-1.105653089019734,-0.01105653089019734,NAS100,swing,lod,session
2016-08-11 14:00:00+00:00,2016-08-11 19:59:00+00:00,short,time,4802.897000000001,4803.598,11.222999999999047,-0.0624610175531651,0.07586127550566449,-0.1383222930588296,-0.001383222930588296,NAS100,swing,lod,session
2016-08-26 14:00:00+00:00,2016-08-26 14:15:00+00:00,short,stop,4786.800499999999,4800.214,13.413500000000568,-1.0,0.08135222481082147,-1.0813522248108214,-0.010813522248108214,NAS100,swing,lod,session
2016-09-07 14:47:00+00:00,2016-09-07 19:59:00+00:00,short,time,4828.4619999999995,4830.7654999999995,9.473500000000058,-0.24315195017680596,0.10934185148044478,-0.35249380165725075,-0.0035249380165725077,NAS100,swing,lod,session
2016-10-19 14:27:00+00:00,2016-10-19 19:59:00+00:00,long,time,4840.059499999999,4836.932500000001,10.511999999999716,-0.29746955859956936,0.14415982044330677,-0.44162937904287614,-0.0044162937904287615,NAS100,swing,lod,session
2016-10-20 14:00:00+00:00,2016-10-20 14:35:00+00:00,long,stop,4832.5345,4812.814,19.720499999999447,-1.0,0.05443027091098249,-1.0544302709109825,-0.010544302709109825,NAS100,swing,lod,session
2016-11-18 15:00:00+00:00,2016-11-18 20:59:00+00:00,short,time,4823.6345,4808.052,17.03650000000016,0.9146538314794875,0.0687075539283297,0.8459462775511578,0.008459462775511578,NAS100,swing,lod,session
2016-12-08 15:03:00+00:00,2016-12-08 16:08:00+00:00,short,stop,4848.4,4865.9345,17.534500000000662,-1.0,0.052305226838516385,-1.0523052268385165,-0.010523052268385165,NAS100,swing,lod,session
2016-12-12 15:00:00+00:00,2016-12-12 15:26:00+00:00,long,stop,4879.589,4864.2015,15.387499999999818,-1.0,0.03926390154346106,-1.039263901543461,-0.01039263901543461,NAS100,swing,lod,session
2017-01-04 15:16:00+00:00,2017-01-04 16:56:00+00:00,short,stop,4923.0,4933.5,10.5,-1.0,0.13142809523809523,-1.1314280952380953,-0.011314280952380953,NAS100,swing,lod,session
2017-02-01 15:04:00+00:00,2017-02-01 20:59:00+00:00,short,time,5148.735000000001,5150.713,13.450999999999112,-0.14705226377215722,0.12390660731544943,-0.27095887108760663,-0.0027095887108760665,NAS100,swing,lod,session
2017-02-09 15:00:00+00:00,2017-02-09 15:22:00+00:00,short,stop,5199.1995,5204.814,5.614500000000589,-1.0,0.09581404711015112,-1.0958140471101512,-0.010958140471101512,NAS100,swing,lod,session
2017-02-10 15:01:00+00:00,2017-02-10 15:32:00+00:00,short,stop,5214.6,5223.7965,9.196500000000015,-1.0,0.0669764584352742,-1.0669764584352741,-0.010669764584352742,NAS100,swing,lod,session
2017-02-16 15:01:00+00:00,2017-02-16 20:59:00+00:00,short,time,5298.493,5300.487,17.256499999999505,-0.11555066206935034,0.08891733810448492,-0.20446800017383526,-0.0020446800017383526,NAS100,swing,lod,session
2017-03-09 15:01:00+00:00,2017-03-09 19:04:00+00:00,long,stop,5366.1565,5346.3,19.85649999999987,-1.0,0.033530590612645954,-1.033530590612646,-0.01033530590612646,NAS100,swing,lod,session
2017-03-21 14:00:00+00:00,2017-03-21 18:05:00+00:00,short,target,5432.6895,5334.550499999999,5.986499999999069,16.393385116514875,0.26048827904455735,16.132896837470316,0.16132896837470317,NAS100,swing,lod,session
2017-03-27 14:05:00+00:00,2017-03-27 19:59:00+00:00,long,time,5338.0005,5374.1,22.501000000000204,1.6043509177369866,0.07922448191191431,1.5251264358250722,0.015251264358250723,NAS100,swing,lod,session
2017-04-03 14:06:00+00:00,2017-04-03 19:59:00+00:00,short,time,5444.5995,5432.1,9.300499999999374,1.3439600021505016,0.1930026270093136,1.150957375141188,0.01150957375141188,NAS100,swing,lod,session
2017-05-08 14:00:00+00:00,2017-05-08 16:38:00+00:00,short,stop,5640.050499999999,5652.05,11.999500000000808,-1.0,0.11020516000665952,-1.1102051600066596,-0.011102051600066595,NAS100,swing,lod,session
2017-05-12 14:28:00+00:00,2017-05-12 15:31:00+00:00,short,stop,5672.5,5683.0005,10.500500000000102,-1.0,0.17387624398837984,-1.1738762439883799,-0.0117387624398838,NAS100,swing,lod,session
2017-06-13 14:03:00+00:00,2017-06-13 19:36:00+00:00,short,stop,5744.4,5758.799999999999,14.399999999999636,-1.0,0.12058986111111414,-1.1205898611111142,-0.011205898611111143,NAS100,swing,lod,session
2017-06-23 14:00:00+00:00,2017-06-23 19:59:00+00:00,long,time,5769.9005,5803.4505,10.900499999999738,3.077840466033759,0.16888551603137877,2.90895495000238,0.0290895495000238,NAS100,swing,lod,session
2017-06-26 14:00:00+00:00,2017-06-26 19:59:00+00:00,short,time,5836.9,5776.0995,10.899499999999534,5.578283407495937,0.16973085921373265,5.408552548282205,0.05408552548282205,NAS100,swing,lod,session
2017-07-18 14:11:00+00:00,2017-07-18 19:59:00+00:00,long,time,5841.65,5878.1,24.25,1.5030927835051846,0.08456176288659795,1.4185310206185866,0.014185310206185867,NAS100,swing,lod,session
2017-07-19 14:13:00+00:00,2017-07-19 15:35:00+00:00,short,stop,5895.1,5909.8,14.699999999999818,-1.0,0.12624751700680428,-1.1262475170068043,-0.011262475170068042,NAS100,swing,lod,session
2017-07-31 14:01:00+00:00,2017-07-31 19:59:00+00:00,short,time,5901.0995,5878.2,28.20049999999992,0.8120246094927576,0.06590835029520772,0.7461162591975499,0.0074611625919754985,NAS100,swing,lod,session
2017-08-09 14:10:00+00:00,2017-08-09 19:59:00+00:00,long,time,5892.1,5916.2,31.5,0.7650793650793477,0.058966142857142856,0.7061132222222049,0.007061132222222048,NAS100,swing,lod,session
2017-09-11 14:37:00+00:00,2017-09-11 19:59:00+00:00,short,time,5978.9,5978.8,6.700000000000728,0.01492537313424529,0.21651171641788694,-0.20158634328364164,-0.0020158634328364166,NAS100,swing,lod,session
2017-09-27 14:06:00+00:00,2017-09-27 18:04:00+00:00,short,stop,5919.3994999999995,5931.6,12.20050000000083,-1.0,0.15254448034915566,-1.1525444803491556,-0.011525444803491556,NAS100,swing,lod,session
2017-09-29 14:00:00+00:00,2017-09-29 14:39:00+00:00,short,stop,5931.5995,5952.0005,20.40099999999984,-1.0,0.0913075796529589,-1.091307579652959,-0.01091307579652959,NAS100,swing,lod,session
2017-10-06 14:37:00+00:00,2017-10-06 15:24:00+00:00,short,stop,6046.0,6054.700000000001,8.700000000000728,-1.0,0.16701034482757224,-1.1670103448275722,-0.011670103448275721,NAS100,swing,lod,session
2017-10-16 14:09:00+00:00,2017-10-16 19:59:00+00:00,short,time,6110.5,6113.6,4.850000000000364,-0.6391752577319858,0.3886427835051255,-1.0278180412371114,-0.010278180412371114,NAS100,swing,lod,session
2013-10-07 14:07:00+00:00,2013-10-07 19:59:00+00:00,long,stop,14963.92,14944.59,19.329999999999927,-1.0,0.10481785825142304,-1.104817858251423,-0.01104817858251423,US30,range,sneaky,c3
2013-11-07 15:00:00+00:00,2013-11-07 18:36:00+00:00,short,target,15770.3835,15661.467499999999,31.099500000000262,3.5021784916156258,0.07128972901493533,3.4308887626006905,0.03430888762600691,US30,range,sneaky,c3
2013-11-18 15:00:00+00:00,2013-11-18 16:02:00+00:00,short,stop,15994.041000000001,16017.796999999999,23.755999999997584,-1.0,0.04536170504294113,-1.0453617050429411,-0.01045361705042941,US30,range,sneaky,c3
2013-12-23 15:02:00+00:00,2013-12-23 17:16:00+00:00,short,stop,16277.508,16309.075,31.567000000000917,-1.0,0.07713872144961287,-1.0771387214496129,-0.01077138721449613,US30,range,sneaky,c3
2013-12-27 15:00:00+00:00,2013-12-27 20:59:00+00:00,short,time,16504.99,16482.466,9.828999999997905,2.291586122698754,0.11301499135214538,2.1785711313466085,0.021785711313466086,US30,range,sneaky,c3
2014-01-24 15:06:00+00:00,2014-01-24 15:17:00+00:00,long,stop,16109.542,16059.474999999999,50.06700000000092,-1.0,0.04396349351868416,-1.0439634935186841,-0.010439634935186841,US30,range,sneaky,c3
2014-02-07 15:12:00+00:00,2014-02-07 16:48:00+00:00,short,stop,15670.515500000001,15708.531500000001,38.01599999999962,-1.0,0.05651787425031622,-1.0565178742503163,-0.010565178742503163,US30,range,sneaky,c3
2014-02-11 15:02:00+00:00,2014-02-11 15:20:00+00:00,short,stop,15850.5065,15874.471,23.964500000000044,-1.0,0.08889327640885461,-1.0888932764088546,-0.010888932764088546,US30,range,sneaky,c3
2014-03-13 14:00:00+00:00,2014-03-13 15:52:00+00:00,short,target,16373.454,16255.5055,22.301499999999578,5.288814653722962,0.11601983229827809,5.172794821424684,0.051727948214246845,US30,range,sneaky,c3
2014-03-21 14:01:00+00:00,2014-03-21 14:27:00+00:00,short,stop,16395.4725,16414.511,19.03849999999875,-1.0,0.17340592943247718,-1.1734059294324772,-0.011734059294324773,US30,range,sneaky,c3
2014-03-25 14:02:00+00:00,2014-03-25 17:30:00+00:00,short,stop,16379.3525,16401.531499999997,22.17899999999645,-1.0,0.14812266502098947,-1.1481226650209895,-0.011481226650209895,US30,range,sneaky,c3
2014-03-27 14:04:00+00:00,2014-03-27 19:59:00+00:00,long,time,16238.038,16264.009,47.553499999999985,0.5461427655167245,0.06859926461774636,0.4775435008989781,0.004775435008989782,US30,range,sneaky,c3
2014-04-07 14:00:00+00:00,2014-04-07 14:30:00+00:00,long,stop,16384.531000000003,16338.5,46.03100000000268,-1.0,0.07160200049965912,-1.0716020004996591,-0.010716020004996591,US30,range,sneaky,c3
2014-05-01 14:00:00+00:00,2014-05-01 19:59:00+00:00,short,time,16562.0055,16556.506999999998,43.99750000000131,0.12497300983013467,0.07556953787146771,0.049403471958666956,0.0004940347195866695,US30,range,sneaky,c3
2014-05-14 14:00:00+00:00,2014-05-14 14:16:00+00:00,long,stop,16675.5205,16657.488,18.032499999997526,-1.0,0.1853983234438075,-1.1853983234438075,-0.011853983234438075,US30,range,sneaky,c3
2014-06-04 14:00:00+00:00,2014-06-04 16:54:00+00:00,long,target,16701.008500000004,16736.5,27.535000000003492,1.2889595060828745,0.12070587061919662,1.1682536354636779,0.011682536354636779,US30,range,sneaky,c3
2014-06-09 14:03:00+00:00,2014-06-09 15:17:00+00:00,short,stop,16929.521999999997,16950.982,21.460000000002765,-1.0,0.15747835368124716,-1.1574783536812472,-0.011574783536812473,US30,range,sneaky,c3
2014-06-19 14:04:00+00:00,2014-06-19 19:59:00+00:00,short,time,16894.980499999998,16913.511,26.020500000002357,-0.7121500355488587,0.13265780317440815,-0.8448078387232668,-0.008448078387232669,US30,range,sneaky,c3
2014-06-23 14:00:00+00:00,2014-06-23 19:59:00+00:00,long,time,16925.4905,16932.4925,32.49749999999767,0.2154627279021743,0.10425236456651259,0.11121036333566171,0.001112103633356617,US30,range,sneaky,c3
2014-07-15 14:13:00+00:00,2014-07-15 14:47:00+00:00,short,target,17079.501,17034.463,38.02349999999933,1.184478020171769,0.08927985679908634,1.0951981633726828,0.01095198163372683,US30,range,sneaky,c3
2014-08-28 14:06:00+00:00,2014-08-28 19:59:00+00:00,long,time,17056.795,17082.411500000002,39.55749999999534,0.6475763129623141,0.08574018390950892,0.5618361290528052,0.005618361290528053,US30,range,sneaky,c3
2014-09-10 14:09:00+00:00,2014-09-10 14:35:00+00:00,long,stop,17009.1435,16982.605,26.53849999999875,-1.0,0.1254115482223998,-1.1254115482223999,-0.011254115482223999,US30,range,sneaky,c3
2014-09-22 14:06:00+00:00,2014-09-22 14:17:00+00:00,long,stop,17262.0455,17244.480499999998,17.56500000000233,-1.0,0.21357108696268165,-1.2135710869626817,-0.012135710869626818,US30,range,sneaky,c3
2014-10-06 14:00:00+00:00,2014-10-06 19:59:00+00:00,short,time,17077.334000000003,16993.917,24.46599999999671,3.4095070710378685,0.1398855591433197,3.269621511894549,0.032696215118945486,US30,range,sneaky,c3
2014-10-07 14:00:00+00:00,2014-10-07 15:26:00+00:00,long,stop,16867.8205,16827.3865,40.434000000001106,-1.0,0.09220348636048618,-1.0922034863604861,-0.010922034863604862,US30,range,sneaky,c3
2014-10-15 14:00:00+00:00,2014-10-15 14:45:00+00:00,long,stop,16160.0845,16084.500499999998,75.58400000000256,-1.0,0.07821247099253546,-1.0782124709925354,-0.010782124709925353,US30,range,sneaky,c3
2014-10-30 14:00:00+00:00,2014-10-30 14:59:00+00:00,short,stop,17038.288,17097.800499999998,59.51249999999709,-1.0,0.1339914955681645,-1.1339914955681645,-0.011339914955681644,US30,range,sneaky,c3
2014-11-06 15:01:00+00:00,2014-11-06 16:04:00+00:00,short,stop,17487.028,17520.764000000003,33.736000000004424,-1.0,0.06416459627696572,-1.0641645962769657,-0.010641645962769657,US30,range,sneaky,c3
2014-12-22 15:01:00+00:00,2014-12-22 15:15:00+00:00,short,stop,17890.9185,17910.0295,19.111000000000786,-1.0,0.29160743563914865,-1.2916074356391487,-0.012916074356391487,US30,range,sneaky,c3
2015-01-26 15:03:00+00:00,2015-01-26 20:59:00+00:00,long,time,17617.1105,17675.487,54.266999999999825,1.0757274218217758,0.04045022172775364,1.0352772000940222,0.010352772000940223,US30,range,sneaky,c3
2015-01-29 15:02:00+00:00,2015-01-29 15:40:00+00:00,long,stop,17241.945,17160.8045,81.14050000000134,-1.0,0.02770165854289736,-1.0277016585428973,-0.010277016585428973,US30,range,sneaky,c3
2015-03-04 15:01:00+00:00,2015-03-04 15:10:00+00:00,long,stop,18068.319000000003,18044.7085,23.610500000002503,-1.0,0.14381062387495563,-1.1438106238749557,-0.011438106238749557,US30,range,sneaky,c3
2015-03-24 14:00:00+00:00,2015-03-24 17:26:00+00:00,long,stop,18104.828999999998,18058.7425,46.08649999999761,-1.0,0.10100901381099107,-1.1010090138109911,-0.01101009013810991,US30,range,sneaky,c3
2015-03-31 14:00:00+00:00,2015-03-31 19:06:00+00:00,long,stop,17880.5785,17844.32,36.25849999999991,-1.0,0.13461334852517373,-1.1346133485251737,-0.011346133485251738,US30,range,sneaky,c3
2015-04-07 14:00:00+00:00,2015-04-07 14:30:00+00:00,short,stop,17923.161999999997,17966.5705,43.408500000005006,-1.0,0.10531639817085299,-1.105316398170853,-0.01105316398170853,US30,range,sneaky,c3
2015-04-15 14:08:00+00:00,2015-04-15 18:08:00+00:00,short,stop,18123.609,18148.464500000002,24.855500000001484,-1.0,0.16554433485545467,-1.1655443348554546,-0.011655443348554546,US30,range,sneaky,c3
2015-05-12 14:09:00+00:00,2015-05-12 19:59:00+00:00,long,time,17984.661,18065.5365,63.30200000000332,1.2776136614955933,0.07231887199456194,1.2052947895010313,0.012052947895010314,US30,range,sneaky,c3
2015-05-13 14:00:00+00:00,2015-05-13 19:59:00+00:00,short,time,18100.866,18064.468,35.224999999998545,1.0333002129170348,0.13409842185948037,0.8992017910575544,0.008992017910575544,US30,range,sneaky,c3
2015-05-15 14:00:00+00:00,2015-05-15 19:59:00+00:00,short,time,18239.463,18268.5035,30.7345000000023,-0.9448827864451018,0.11837926450730377,-1.0632620509524056,-0.010632620509524056,US30,range,sneaky,c3
2015-05-29 14:03:00+00:00,2015-05-29 14:11:00+00:00,long,stop,18081.6275,18048.578999999998,33.048500000000786,-1.0,0.11583036181672114,-1.1158303618167211,-0.011158303618167211,US30,range,sneaky,c3
2015-06-02 14:03:00+00:00,2015-06-02 19:59:00+00:00,long,time,17983.1215,18011.3445,60.07600000000093,0.4697882681935831,0.07132168257706793,0.39846658561651516,0.003984665856165152,US30,range,sneaky,c3
2015-06-05 14:00:00+00:00,2015-06-05 19:40:00+00:00,long,stop,17867.4465,17831.978499999997,35.46800000000076,-1.0,0.2076831306388813,-1.2076831306388813,-0.012076831306388813,US30,range,sneaky,c3
2015-06-12 14:01:00+00:00,2015-06-12 14:21:00+00:00,long,stop,17942.0655,17913.402000000002,28.66349999999875,-1.0,0.19848165236276968,-1.1984816523627697,-0.011984816523627697,US30,range,sneaky,c3
2015-06-15 14:01:00+00:00,2015-06-15 19:59:00+00:00,long,time,17733.097,17793.7195,38.91400000000067,1.5578583543196955,0.1482234695739297,1.4096348847457658,0.014096348847457658,US30,range,sneaky,c3
2015-06-25 14:11:00+00:00,2015-06-25 14:41:00+00:00,long,stop,17994.519,17963.8295,30.689500000000407,-1.0,0.14843057283435504,-1.1484305728343551,-0.01148430572834355,US30,range,sneaky,c3
2015-07-02 14:00:00+00:00,2015-07-02 19:59:00+00:00,short,time,17786.022,17722.963,38.696499999998196,1.6295789024848255,0.1032163883038566,1.526362514180969,0.01526362514180969,US30,range,sneaky,c3
2015-07-10 14:10:00+00:00,2015-07-10 15:23:00+00:00,short,stop,17721.677,17753.498,31.820999999999913,-1.0,0.07889212768297686,-1.0788921276829768,-0.010788921276829769,US30,range,sneaky,c3
2015-08-03 14:12:00+00:00,2015-08-03 14:24:00+00:00,long,stop,17656.7365,17618.4695,38.266999999999825,-1.0,0.12077402010871041,-1.1207740201087104,-0.011207740201087104,US30,range,sneaky,c3
2015-08-17 14:03:00+00:00,2015-08-17 14:55:00+00:00,long,target,17371.232,17493.1275,32.230500000001484,3.7819922123452354,0.10685891686445576,3.6751332954807796,0.0367513329548078,US30,range,sneaky,c3
2015-08-27 14:00:00+00:00,2015-08-27 14:49:00+00:00,short,stop,16434.972,16528.2215,93.24949999999808,-1.0,0.02762182338779353,-1.0276218233877936,-0.010276218233877936,US30,range,sneaky,c3
2015-09-03 14:01:00+00:00,2015-09-03 14:19:00+00:00,short,stop,16440.660499999998,16478.002,37.34150000000227,-1.0,0.10121417638551665,-1.1012141763855166,-0.011012141763855166,US30,range,sneaky,c3
2015-09-29 14:00:00+00:00,2015-09-29 19:59:00+00:00,long,time,16040.375,16047.151999999998,99.45200000000114,0.06814342597432076,0.03282438387362711,0.03531904210069365,0.0003531904210069365,US30,range,sneaky,c3
2015-10-09 14:01:00+00:00,2015-10-09 19:59:00+00:00,short,time,17079.773999999998,17087.642,31.84900000000198,-0.24704072341366207,0.14203803855693173,-0.38907876197059377,-0.0038907876197059378,US30,range,sneaky,c3
2015-10-21 14:00:00+00:00,2015-10-21 15:34:00+00:00,short,stop,17255.763,17286.424,30.661000000000058,-1.0,0.147957601024102,-1.147957601024102,-0.01147957601024102,US30,range,sneaky,c3
2015-12-14 15:07:00+00:00,2015-12-14 15:12:00+00:00,long,stop,17290.927499999998,17222.477,68.45049999999901,-1.0,0.050706865362562,-1.050706865362562,-0.01050706865362562,US30,range,sneaky,c3
2015-12-16 15:05:00+00:00,2015-12-16 19:00:00+00:00,short,target,17634.847500000003,17488.574,44.44049999999697,3.2914458658208825,0.14111598851274013,3.1503298773081423,0.031503298773081424,US30,range,sneaky,c3
2016-01-05 15:01:00+00:00,2016-01-05 20:59:00+00:00,short,time,17130.8925,17161.366,60.500999999996566,-0.5036858894894595,0.05344553003256448,-0.5571314195220239,-0.005571314195220239,US30,range,sneaky,c3
2016-01-12 15:02:00+00:00,2016-01-12 20:59:00+00:00,short,time,16541.9425,16515.182,51.97949999999764,0.5148279610231251,0.0643374072951866,0.4504905537279385,0.004504905537279385,US30,range,sneaky,c3
2016-03-11 15:04:00+00:00,2016-03-11 15:35:00+00:00,short,stop,17155.425499999998,17186.8735,31.448000000003958,-1.0,0.1050655894651356,-1.1050655894651356,-0.011050655894651356,US30,range,sneaky,c3
2016-03-23 14:02:00+00:00,2016-03-23 14:06:00+00:00,long,stop,17550.9895,17529.18,21.80949999999939,-1.0,0.21015537185630706,-1.210155371856307,-0.01210155371856307,US30,range,sneaky,c3
2016-03-29 14:00:00+00:00,2016-03-29 16:29:00+00:00,long,target,17474.095999999998,17583.1475,34.12749999999869,3.195414255366071,0.12925069108490717,3.0661635642811635,0.030661635642811637,US30,range,sneaky,c3
2016-03-30 14:04:00+00:00,2016-03-30 19:59:00+00:00,short,time,17762.446,17718.494,27.647000000000844,1.5897565739501498,0.16175101132129574,1.4280055626288541,0.014280055626288542,US30,range,sneaky,c3
2016-04-01 14:00:00+00:00,2016-04-01 17:43:00+00:00,long,target,17607.852,17755.563000000002,34.68950000000041,4.258089623661374,0.12018218827022445,4.13790743539115,0.0413790743539115,US30,range,sneaky,c3
2016-04-05 14:00:00+00:00,2016-04-05 19:55:00+00:00,long,stop,17645.5705,17595.968500000003,49.60199999999895,-1.0,0.06798419453852811,-1.067984194538528,-0.01067984194538528,US30,range,sneaky,c3
2016-04-06 14:01:00+00:00,2016-04-06 14:17:00+00:00,long,stop,17587.044,17556.001,31.043000000001484,-1.0,0.14548371420287293,-1.1454837142028729,-0.01145483714202873,US30,range,sneaky,c3
2016-05-04 14:00:00+00:00,2016-05-04 18:00:00+00:00,long,stop,17693.5195,17621.906000000003,71.61349999999584,-1.0,0.050097050591022756,-1.0500970505910228,-0.010500970505910227,US30,range,sneaky,c3
2016-06-22 14:00:00+00:00,2016-06-22 14:10:00+00:00,short,stop,17868.059,17882.624,14.56499999999869,-1.0,0.31371012461382836,-1.3137101246138283,-0.013137101246138283,US30,range,sneaky,c3
2016-06-30 14:06:00+00:00,2016-06-30 14:15:00+00:00,short,stop,17713.3135,17750.482,37.16849999999977,-1.0,0.12627082939855064,-1.1262708293985506,-0.011262708293985506,US30,range,sneaky,c3
2016-07-06 14:00:00+00:00,2016-07-06 14:17:00+00:00,long,stop,17776.3645,17746.222,30.14249999999811,-1.0,0.08986677307788571,-1.0898667730778857,-0.010898667730778857,US30,range,sneaky,c3
2016-07-11 14:02:00+00:00,2016-07-11 15:01:00+00:00,short,stop,18224.2245,18249.9945,25.770000000000437,-1.0,0.1426569773961947,-1.1426569773961948,-0.011426569773961948,US30,range,sneaky,c3
2016-07-12 14:03:00+00:00,2016-07-12 16:11:00+00:00,short,stop,18324.424,18353.5685,29.144500000002154,-1.0,0.09764440083033814,-1.097644400830338,-0.01097644400830338,US30,range,sneaky,c3
2016-07-28 14:00:00+00:00,2016-07-28 14:37:00+00:00,long,stop,18447.985,18400.209,47.77600000000166,-1.0,0.09055755975803437,-1.0905575597580344,-0.010905575597580344,US30,range,sneaky,c3
2016-08-04 14:00:00+00:00,2016-08-04 19:59:00+00:00,short,time,18345.497,18354.012000000002,50.46700000000055,-0.16872411674961782,0.09458937711771946,-0.26331349386733727,-0.0026331349386733726,US30,range,sneaky,c3
2016-08-11 14:00:00+00:00,2016-08-11 14:37:00+00:00,short,stop,18561.029000000002,18584.7785,23.74949999999808,-1.0,0.30285854081141006,-1.30285854081141,-0.0130285854081141,US30,range,sneaky,c3
2016-08-16 14:04:00+00:00,2016-08-16 19:56:00+00:00,long,stop,18590.589,18555.953,34.6359999999986,-1.0,0.1379122737902816,-1.1379122737902816,-0.011379122737902815,US30,range,sneaky,c3
2016-08-22 14:00:00+00:00,2016-08-22 19:59:00+00:00,long,time,18494.927,18529.155,26.2654999999977,1.3031543279207383,0.21902553330416338,1.084128794616575,0.01084128794616575,US30,range,sneaky,c3
2016-08-23 14:06:00+00:00,2016-08-23 19:59:00+00:00,short,time,18615.5325,18549.9935,22.025000000001455,2.975664018161014,0.21003845119181355,2.7656255669692005,0.027656255669692004,US30,range,sneaky,c3
2016-08-26 14:00:00+00:00,2016-08-26 14:04:00+00:00,short,stop,18494.497499999998,18535.3295,40.832000000002154,-1.0,0.11845506373676883,-1.1184550637367687,-0.011184550637367688,US30,range,sneaky,c3
2016-09-02 14:06:00+00:00,2016-09-02 19:59:00+00:00,short,time,18524.661500000002,18490.2585,22.83849999999802,1.5063598747730826,0.1890592334216509,1.3173006413514317,0.013173006413514318,US30,range,sneaky,c3
2016-09-26 14:05:00+00:00,2016-09-26 17:43:00+00:00,long,stop,18128.635,18099.338,29.29699999999866,-1.0,0.15385076031676304,-1.1538507603167631,-0.011538507603167632,US30,range,sneaky,c3
2016-10-03 14:00:00+00:00,2016-10-03 19:59:00+00:00,long,time,18217.645,18247.975,22.99499999999898,1.3189823874755142,0.267900938247457,1.0510814492280574,0.010510814492280574,US30,range,sneaky,c3
2016-10-10 14:01:00+00:00,2016-10-10 19:59:00+00:00,short,time,18383.1885,18330.0605,20.660500000001775,2.571476972967549,0.13013869206939663,2.4413382808981523,0.024413382808981525,US30,range,sneaky,c3
2016-10-14 14:00:00+00:00,2016-10-14 19:59:00+00:00,short,time,18235.807500000003,18141.5515,27.990499999999884,3.367428234579647,0.1509381401725592,3.2164900944070878,0.03216490094407088,US30,range,sneaky,c3
2016-10-24 14:01:00+00:00,2016-10-24 19:59:00+00:00,short,time,18252.4295,18217.504,18.07050000000163,1.932735674164766,0.1567791695027666,1.7759565046619996,0.017759565046619998,US30,range,sneaky,c3
2016-11-07 15:11:00+00:00,2016-11-07 15:33:00+00:00,short,stop,18147.2025,18167.5,20.297500000000582,-1.0,0.15960429424805556,-1.1596042942480556,-0.011596042942480556,US30,range,sneaky,c3
2016-11-10 15:02:00+00:00,2016-11-10 17:51:00+00:00,short,stop,18726.249499999998,18768.72,42.470500000003085,-1.0,0.061247365053385544,-1.0612473650533856,-0.010612473650533857,US30,range,sneaky,c3
2016-11-15 15:10:00+00:00,2016-11-15 20:59:00+00:00,long,time,18836.292999999998,18921.364999999998,31.7029999999977,2.6834053559602022,0.06215055499479994,2.6212548009654024,0.026212548009654026,US30,range,sneaky,c3
2016-11-30 15:00:00+00:00,2016-11-30 20:59:00+00:00,short,time,19196.0,19139.099000000002,27.431499999998778,2.0742941508849517,0.12069117620254625,1.9536029746824055,0.019536029746824054,US30,range,sneaky,c3
2016-12-02 15:00:00+00:00,2016-12-02 15:23:00+00:00,long,stop,19178.7635,19158.0755,20.68800000000192,-1.0,0.15437063164635073,-1.1543706316463507,-0.011543706316463507,US30,range,sneaky,c3
2016-12-08 15:00:00+00:00,2016-12-08 16:23:00+00:00,short,stop,19555.5,19583.277000000002,27.777000000001863,-1.0,0.0958745544875192,-1.0958745544875192,-0.010958745544875192,US30,range,sneaky,c3
2016-12-13 15:06:00+00:00,2016-12-13 17:15:00+00:00,short,stop,19888.4485,19910.951999999997,22.503499999998894,-1.0,0.1500543983158249,-1.150054398315825,-0.01150054398315825,US30,range,sneaky,c3
2016-12-22 15:00:00+00:00,2016-12-22 16:06:00+00:00,long,stop,19920.4885,19907.918,12.570499999997992,-1.0,0.26783594546760575,-1.2678359454676058,-0.012678359454676059,US30,range,sneaky,c3
2017-01-04 15:06:00+00:00,2017-01-04 16:56:00+00:00,short,stop,19904.2025,19923.0945,18.891999999999825,-1.0,0.17831744455325174,-1.1783174445532518,-0.01178317444553252,US30,range,sneaky,c3
2017-01-10 15:05:00+00:00,2017-01-10 16:06:00+00:00,long,target,19873.75,19943.500500000002,29.131499999999505,2.3943325953007264,0.07784678955769658,2.3164858057430298,0.023164858057430297,US30,range,sneaky,c3
2017-01-13 15:01:00+00:00,2017-01-13 20:59:00+00:00,short,time,19912.582000000002,19884.178,37.167999999997846,0.7642057684030326,0.18562521066509902,0.5785805577379335,0.005785805577379335,US30,range,sneaky,c3
2017-01-18 15:00:00+00:00,2017-01-18 17:25:00+00:00,long,stop,19793.588499999998,19765.3045,28.28399999999965,-1.0,0.17718792435652886,-1.1771879243565289,-0.011771879243565288,US30,range,sneaky,c3
2017-02-01 15:06:00+00:00,2017-02-01 20:59:00+00:00,short,time,19934.713,19886.484,20.479499999997643,2.3549891354771804,0.2370056078029521,2.1179835276742285,0.021179835276742286,US30,range,sneaky,c3
2017-02-07 15:01:00+00:00,2017-02-07 20:59:00+00:00,short,time,20132.132,20087.4075,26.867999999998574,1.664601012356805,0.052500691528959156,1.6121003208278457,0.01612100320827846,US30,range,sneaky,c3
2017-02-10 15:05:00+00:00,2017-02-10 15:32:00+00:00,short,stop,20224.7775,20239.677499999998,14.899999999997817,-1.0,0.306752385067159,-1.306752385067159,-0.01306752385067159,US30,range,sneaky,c3
2017-03-20 14:02:00+00:00,2017-03-20 17:44:00+00:00,long,stop,20922.412,20902.8215,19.590500000002066,-1.0,0.35259567749670867,-1.3525956774967087,-0.013525956774967087,US30,range,sneaky,c3
2017-03-21 14:00:00+00:00,2017-03-21 14:24:00+00:00,short,target,20935.379500000003,20882.7585,26.694499999997788,1.9712300286578577,0.19016187725937633,1.7810681513984814,0.017810681513984815,US30,range,sneaky,c3
2017-04-06 14:00:00+00:00,2017-04-06 19:59:00+00:00,long,time,20680.6,20664.8505,71.94999999999709,-0.21889506601805025,0.0646543571924974,-0.28354942321054766,-0.002835494232105477,US30,range,sneaky,c3
2017-04-11 14:00:00+00:00,2017-04-11 14:22:00+00:00,long,stop,20623.35,20582.3505,40.99949999999808,-1.0,0.16205447017647318,-1.1620544701764732,-0.011620544701764733,US30,range,sneaky,c3
2017-04-25 14:00:00+00:00,2017-04-25 14:02:00+00:00,short,stop,20962.949,20975.0495,12.100500000000466,-1.0,0.3462665274162092,-1.3462665274162093,-0.013462665274162094,US30,range,sneaky,c3
2017-06-20 14:00:00+00:00,2017-06-20 14:44:00+00:00,short,stop,21504.6005,21526.3495,21.748999999999796,-1.0,0.21900414122488596,-1.219004141224886,-0.01219004141224886,US30,range,sneaky,c3
2017-06-23 14:00:00+00:00,2017-06-23 19:59:00+00:00,long,time,21368.5,21396.0,37.65049999999974,0.7304019866934088,0.13138597096984192,0.5990160157235669,0.005990160157235669,US30,range,sneaky,c3
2017-06-27 14:02:00+00:00,2017-06-27 17:37:00+00:00,long,stop,21397.0,21371.2005,25.79950000000099,-1.0,0.17638306943932344,-1.1763830694393234,-0.011763830694393233,US30,range,sneaky,c3
2017-07-31 14:01:00+00:00,2017-07-31 16:27:00+00:00,short,stop,21891.9,21915.15,23.25,-1.0,0.44367339784946236,-1.4436733978494622,-0.014436733978494622,US30,range,sneaky,c3
2017-08-08 14:01:00+00:00,2017-08-08 14:19:00+00:00,long,target,22110.5,22121.9,21.5,0.5302325581396026,0.21604267441860464,0.31418988372099793,0.0031418988372099795,US30,range,sneaky,c3
2017-09-20 14:00:00+00:00,2017-09-20 14:38:00+00:00,short,stop,22369.5995,22382.1,12.500499999998283,-1.0,0.3983757395704719,-1.398375739570472,-0.013983757395704718,US30,range,sneaky,c3
2017-09-27 14:00:00+00:00,2017-09-27 14:52:00+00:00,short,target,22339.999499999998,22277.9495,29.00050000000192,2.1396182824432395,0.1750280144307741,1.9645902680124654,0.019645902680124654,US30,range,sneaky,c3
2017-10-18 14:08:00+00:00,2017-10-18 14:42:00+00:00,short,stop,23103.4995,23115.5005,12.000999999996566,-1.0,0.39838117094420206,-1.398381170944202,-0.01398381170944202,US30,range,sneaky,c3
2017-10-24 14:00:00+00:00,2017-10-24 14:09:00+00:00,short,stop,23419.5,23445.5005,26.000499999998283,-1.0,0.1855207592161812,-1.1855207592161812,-0.011855207592161812,US30,range,sneaky,c3
2017-10-27 14:00:00+00:00,2017-10-27 19:59:00+00:00,long,time,23390.5005,23433.5,38.00049999999828,1.1315509006461404,0.12678037308720194,1.0047705275589385,0.010047705275589385,US30,range,sneaky,c3
2017-11-09 15:00:00+00:00,2017-11-09 16:45:00+00:00,long,stop,23452.5005,23409.0,43.50049999999828,-1.0,0.07320404437880314,-1.0732040443788031,-0.01073204044378803,US30,range,sneaky,c3
2017-11-15 15:07:00+00:00,2017-11-15 20:59:00+00:00,long,time,23280.5005,23275.5,38.000999999996566,-0.13158864240411397,0.08355655199863916,-0.21514519440275315,-0.0021514519440275315,US30,range,sneaky,c3
2017-11-17 15:03:00+00:00,2017-11-17 16:10:00+00:00,long,stop,23393.5005,23360.0,33.50049999999828,-1.0,0.09500089647916188,-1.0950008964791618,-0.010950008964791617,US30,range,sneaky,c3
2013-10-07 14:07:00+00:00,2013-10-07 19:59:00+00:00,long,stop,14963.92,14944.59,19.329999999999927,-1.0,0.10481785825142304,-1.104817858251423,-0.01104817858251423,US30,range,sneaky,session
2013-11-07 15:00:00+00:00,2013-11-07 18:36:00+00:00,short,target,15770.3835,15661.467499999999,31.099500000000262,3.5021784916156258,0.07128972901493533,3.4308887626006905,0.03430888762600691,US30,range,sneaky,session
2013-11-18 15:00:00+00:00,2013-11-18 16:02:00+00:00,short,stop,15994.041000000001,16017.796999999999,23.755999999997584,-1.0,0.04536170504294113,-1.0453617050429411,-0.01045361705042941,US30,range,sneaky,session
2013-12-23 15:02:00+00:00,2013-12-23 17:16:00+00:00,short,stop,16277.508,16309.075,31.567000000000917,-1.0,0.07713872144961287,-1.0771387214496129,-0.01077138721449613,US30,range,sneaky,session
2013-12-27 15:00:00+00:00,2013-12-27 20:59:00+00:00,short,time,16504.99,16482.466,9.828999999997905,2.291586122698754,0.11301499135214538,2.1785711313466085,0.021785711313466086,US30,range,sneaky,session
2014-01-02 15:43:00+00:00,2014-01-02 16:03:00+00:00,long,stop,16503.534,16479.4655,24.068500000001222,-1.0,0.09226705901904511,-1.092267059019045,-0.010922670590190451,US30,range,sneaky,session
2014-01-24 15:06:00+00:00,2014-01-24 15:17:00+00:00,long,stop,16109.542,16059.474999999999,50.06700000000092,-1.0,0.04396349351868416,-1.0439634935186841,-0.010439634935186841,US30,range,sneaky,session
2014-02-07 15:12:00+00:00,2014-02-07 16:48:00+00:00,short,stop,15670.515500000001,15708.531500000001,38.01599999999962,-1.0,0.05651787425031622,-1.0565178742503163,-0.010565178742503163,US30,range,sneaky,session
2014-02-11 15:02:00+00:00,2014-02-11 15:20:00+00:00,short,stop,15850.5065,15874.471,23.964500000000044,-1.0,0.08889327640885461,-1.0888932764088546,-0.010888932764088546,US30,range,sneaky,session
2014-03-10 19:46:00+00:00,2014-03-10 19:59:00+00:00,long,time,16425.538999999997,16417.514,27.660499999998137,-0.29012490735880975,0.07970427269934197,-0.3698291800581517,-0.003698291800581517,US30,range,sneaky,session
2014-03-13 14:00:00+00:00,2014-03-13 15:52:00+00:00,short,target,16373.454,16255.5055,22.301499999999578,5.288814653722962,0.11601983229827809,5.172794821424684,0.051727948214246845,US30,range,sneaky,session
2014-03-21 14:01:00+00:00,2014-03-21 14:27:00+00:00,short,stop,16395.4725,16414.511,19.03849999999875,-1.0,0.17340592943247718,-1.1734059294324772,-0.011734059294324773,US30,range,sneaky,session
2014-03-25 14:02:00+00:00,2014-03-25 17:30:00+00:00,short,stop,16379.3525,16401.531499999997,22.17899999999645,-1.0,0.14812266502098947,-1.1481226650209895,-0.011481226650209895,US30,range,sneaky,session
2014-03-27 14:04:00+00:00,2014-03-27 19:59:00+00:00,long,time,16238.038,16264.009,47.553499999999985,0.5461427655167245,0.06859926461774636,0.4775435008989781,0.004775435008989782,US30,range,sneaky,session
2014-04-07 14:00:00+00:00,2014-04-07 14:30:00+00:00,long,stop,16384.531000000003,16338.5,46.03100000000268,-1.0,0.07160200049965912,-1.0716020004996591,-0.010716020004996591,US30,range,sneaky,session
2014-04-10 14:47:00+00:00,2014-04-10 17:01:00+00:00,short,target,16415.476000000002,16268.5055,40.63999999999942,3.6164000984253244,0.05410939812992204,3.5622907002954025,0.03562290700295403,US30,range,sneaky,session
2014-04-16 14:42:00+00:00,2014-04-16 15:54:00+00:00,short,stop,16337.9615,16379.0425,41.08100000000013,-1.0,0.052505233502105425,-1.0525052335021055,-0.010525052335021054,US30,range,sneaky,session
2014-05-01 14:00:00+00:00,2014-05-01 19:59:00+00:00,short,time,16562.0055,16556.506999999998,43.99750000000131,0.12497300983013467,0.07556953787146771,0.049403471958666956,0.0004940347195866695,US30,range,sneaky,session
2014-05-06 14:31:00+00:00,2014-05-06 14:59:00+00:00,long,stop,16470.3965,16438.4715,31.924999999999272,-1.0,0.06802116750195926,-1.0680211675019593,-0.010680211675019593,US30,range,sneaky,session
2014-05-14 14:00:00+00:00,2014-05-14 14:16:00+00:00,long,stop,16675.5205,16657.488,18.032499999997526,-1.0,0.1853983234438075,-1.1853983234438075,-0.011853983234438075,US30,range,sneaky,session
2014-06-04 14:00:00+00:00,2014-06-04 16:54:00+00:00,long,target,16701.008500000004,16736.5,27.535000000003492,1.2889595060828745,0.12070587061919662,1.1682536354636779,0.011682536354636779,US30,range,sneaky,session
2014-06-09 14:03:00+00:00,2014-06-09 15:17:00+00:00,short,stop,16929.521999999997,16950.982,21.460000000002765,-1.0,0.15747835368124716,-1.1574783536812472,-0.011574783536812473,US30,range,sneaky,session
2014-06-10 14:53:00+00:00,2014-06-10 19:59:00+00:00,long,time,16928.534,16946.4535,24.016499999997905,0.7461328669873435,0.09253449545105213,0.6535983715362914,0.006535983715362914,US30,range,sneaky,session
2014-06-19 14:04:00+00:00,2014-06-19 19:59:00+00:00,short,time,16894.980499999998,16913.511,26.020500000002357,-0.7121500355488587,0.13265780317440815,-0.8448078387232668,-0.008448078387232669,US30,range,sneaky,session
2014-06-23 14:00:00+00:00,2014-06-23 19:59:00+00:00,long,time,16925.4905,16932.4925,32.49749999999767,0.2154627279021743,0.10425236456651259,0.11121036333566171,0.001112103633356617,US30,range,sneaky,session
2014-07-15 14:13:00+00:00,2014-07-15 14:47:00+00:00,short,target,17079.501,17034.463,38.02349999999933,1.184478020171769,0.08927985679908634,1.0951981633726828,0.01095198163372683,US30,range,sneaky,session
2014-07-23 14:21:00+00:00,2014-07-23 19:59:00+00:00,long,time,17092.524,17091.987999999998,36.025000000001455,-0.014878556558047871,0.09214408716168955,-0.10702264371973742,-0.0010702264371973743,US30,range,sneaky,session
2014-08-13 14:16:00+00:00,2014-08-13 15:00:00+00:00,short,stop,16583.504,16615.527000000002,32.02300000000105,-1.0,0.10279402429503459,-1.1027940242950347,-0.011027940242950347,US30,range,sneaky,session
2014-08-28 14:06:00+00:00,2014-08-28 19:59:00+00:00,long,time,17056.795,17082.411500000002,39.55749999999534,0.6475763129623141,0.08574018390950892,0.5618361290528052,0.005618361290528053,US30,range,sneaky,session
2014-09-05 15:43:00+00:00,2014-09-05 19:59:00+00:00,long,time,17066.5785,17132.0015,26.166500000002998,2.500257963426189,0.08256081640646445,2.4176971470197244,0.024176971470197244,US30,range,sneaky,session
2014-09-10 14:09:00+00:00,2014-09-10 14:35:00+00:00,long,stop,17009.1435,16982.605,26.53849999999875,-1.0,0.1254115482223998,-1.1254115482223999,-0.011254115482223999,US30,range,sneaky,session
2014-09-22 14:06:00+00:00,2014-09-22 14:17:00+00:00,long,stop,17262.0455,17244.480499999998,17.56500000000233,-1.0,0.21357108696268165,-1.2135710869626817,-0.012135710869626818,US30,range,sneaky,session
2014-09-24 14:38:00+00:00,2014-09-24 17:45:00+00:00,long,target,17076.396,17174.6145,27.420500000000175,3.581936872048227,0.09492772706551608,3.487009144982711,0.03487009144982711,US30,range,sneaky,session
2014-10-06 14:00:00+00:00,2014-10-06 19:59:00+00:00,short,time,17077.334000000003,16993.917,24.46599999999671,3.4095070710378685,0.1398855591433197,3.269621511894549,0.032696215118945486,US30,range,sneaky,session
2014-10-07 14:00:00+00:00,2014-10-07 15:26:00+00:00,long,stop,16867.8205,16827.3865,40.434000000001106,-1.0,0.09220348636048618,-1.0922034863604861,-0.010922034863604862,US30,range,sneaky,session
2014-10-15 14:00:00+00:00,2014-10-15 14:45:00+00:00,long,stop,16160.0845,16084.500499999998,75.58400000000256,-1.0,0.07821247099253546,-1.0782124709925354,-0.010782124709925353,US30,range,sneaky,session
2014-10-30 14:00:00+00:00,2014-10-30 14:59:00+00:00,short,stop,17038.288,17097.800499999998,59.51249999999709,-1.0,0.1339914955681645,-1.1339914955681645,-0.011339914955681644,US30,range,sneaky,session
2014-11-06 15:01:00+00:00,2014-11-06 16:04:00+00:00,short,stop,17487.028,17520.764000000003,33.736000000004424,-1.0,0.06416459627696572,-1.0641645962769657,-0.010641645962769657,US30,range,sneaky,session
2014-12-22 15:01:00+00:00,2014-12-22 15:15:00+00:00,short,stop,17890.9185,17910.0295,19.111000000000786,-1.0,0.29160743563914865,-1.2916074356391487,-0.012916074356391487,US30,range,sneaky,session
2015-01-26 15:03:00+00:00,2015-01-26 20:59:00+00:00,long,time,17617.1105,17675.487,54.266999999999825,1.0757274218217758,0.04045022172775364,1.0352772000940222,0.010352772000940223,US30,range,sneaky,session
2015-01-29 15:02:00+00:00,2015-01-29 15:40:00+00:00,long,stop,17241.945,17160.8045,81.14050000000134,-1.0,0.02770165854289736,-1.0277016585428973,-0.010277016585428973,US30,range,sneaky,session
2015-03-04 15:01:00+00:00,2015-03-04 15:10:00+00:00,long,stop,18068.319000000003,18044.7085,23.610500000002503,-1.0,0.14381062387495563,-1.1438106238749557,-0.011438106238749557,US30,range,sneaky,session
2015-03-24 14:00:00+00:00,2015-03-24 17:26:00+00:00,long,stop,18104.828999999998,18058.7425,46.08649999999761,-1.0,0.10100901381099107,-1.1010090138109911,-0.01101009013810991,US30,range,sneaky,session
2015-03-31 14:00:00+00:00,2015-03-31 19:06:00+00:00,long,stop,17880.5785,17844.32,36.25849999999991,-1.0,0.13461334852517373,-1.1346133485251737,-0.011346133485251738,US30,range,sneaky,session
2015-04-07 14:00:00+00:00,2015-04-07 14:30:00+00:00,short,stop,17923.161999999997,17966.5705,43.408500000005006,-1.0,0.10531639817085299,-1.105316398170853,-0.01105316398170853,US30,range,sneaky,session
2015-04-15 14:08:00+00:00,2015-04-15 18:08:00+00:00,short,stop,18123.609,18148.464500000002,24.855500000001484,-1.0,0.16554433485545467,-1.1655443348554546,-0.011655443348554546,US30,range,sneaky,session
2015-05-08 14:22:00+00:00,2015-05-08 14:30:00+00:00,short,stop,18159.3575,18182.6655,23.308000000000902,-1.0,0.13465390692036547,-1.1346539069203654,-0.011346539069203654,US30,range,sneaky,session
2015-05-12 14:09:00+00:00,2015-05-12 19:59:00+00:00,long,time,17984.661,18065.5365,63.30200000000332,1.2776136614955933,0.07231887199456194,1.2052947895010313,0.012052947895010314,US30,range,sneaky,session
2015-05-13 14:00:00+00:00,2015-05-13 19:59:00+00:00,short,time,18100.866,18064.468,35.224999999998545,1.0333002129170348,0.13409842185948037,0.8992017910575544,0.008992017910575544,US30,range,sneaky,session
2015-05-15 14:00:00+00:00,2015-05-15 19:59:00+00:00,short,time,18239.463,18268.5035,30.7345000000023,-0.9448827864451018,0.11837926450730377,-1.0632620509524056,-0.010632620509524056,US30,range,sneaky,session
2015-05-29 14:03:00+00:00,2015-05-29 14:11:00+00:00,long,stop,18081.6275,18048.578999999998,33.048500000000786,-1.0,0.11583036181672114,-1.1158303618167211,-0.011158303618167211,US30,range,sneaky,session
2015-06-02 14:03:00+00:00,2015-06-02 19:59:00+00:00,long,time,17983.1215,18011.3445,60.07600000000093,0.4697882681935831,0.07132168257706793,0.39846658561651516,0.003984665856165152,US30,range,sneaky,session
2015-06-05 14:00:00+00:00,2015-06-05 19:40:00+00:00,long,stop,17867.4465,17831.978499999997,35.46800000000076,-1.0,0.2076831306388813,-1.2076831306388813,-0.012076831306388813,US30,range,sneaky,session
2015-06-12 14:01:00+00:00,2015-06-12 14:21:00+00:00,long,stop,17942.0655,17913.402000000002,28.66349999999875,-1.0,0.19848165236276968,-1.1984816523627697,-0.011984816523627697,US30,range,sneaky,session
2015-06-15 14:01:00+00:00,2015-06-15 19:59:00+00:00,long,time,17733.097,17793.7195,38.91400000000067,1.5578583543196955,0.1482234695739297,1.4096348847457658,0.014096348847457658,US30,range,sneaky,session
2015-06-17 14:19:00+00:00,2015-06-17 18:41:00+00:00,short,stop,17932.411500000002,17967.508,35.09649999999965,-1.0,0.07857978865414009,-1.0785797886541402,-0.010785797886541403,US30,range,sneaky,session
2015-06-25 14:11:00+00:00,2015-06-25 14:41:00+00:00,long,stop,17994.519,17963.8295,30.689500000000407,-1.0,0.14843057283435504,-1.1484305728343551,-0.01148430572834355,US30,range,sneaky,session
2015-07-02 14:00:00+00:00,2015-07-02 19:59:00+00:00,short,time,17786.022,17722.963,38.696499999998196,1.6295789024848255,0.1032163883038566,1.526362514180969,0.01526362514180969,US30,range,sneaky,session
2015-07-10 14:10:00+00:00,2015-07-10 15:23:00+00:00,short,stop,17721.677,17753.498,31.820999999999913,-1.0,0.07889212768297686,-1.0788921276829768,-0.010788921276829769,US30,range,sneaky,session
2015-07-27 14:16:00+00:00,2015-07-27 19:59:00+00:00,long,time,17455.9185,17448.021500000003,57.482499999998254,-0.13738094202578952,0.08111249506371751,-0.21849343708950703,-0.0021849343708950702,US30,range,sneaky,session
2015-08-03 14:12:00+00:00,2015-08-03 14:24:00+00:00,long,stop,17656.7365,17618.4695,38.266999999999825,-1.0,0.12077402010871041,-1.1207740201087104,-0.011207740201087104,US30,range,sneaky,session
2015-08-17 14:03:00+00:00,2015-08-17 14:55:00+00:00,long,target,17371.232,17493.1275,32.230500000001484,3.7819922123452354,0.10685891686445576,3.6751332954807796,0.0367513329548078,US30,range,sneaky,session
2015-08-27 14:00:00+00:00,2015-08-27 14:49:00+00:00,short,stop,16434.972,16528.2215,93.24949999999808,-1.0,0.02762182338779353,-1.0276218233877936,-0.010276218233877936,US30,range,sneaky,session
2015-09-03 14:01:00+00:00,2015-09-03 14:19:00+00:00,short,stop,16440.660499999998,16478.002,37.34150000000227,-1.0,0.10121417638551665,-1.1012141763855166,-0.011012141763855166,US30,range,sneaky,session
2015-09-29 14:00:00+00:00,2015-09-29 19:59:00+00:00,long,time,16040.375,16047.151999999998,99.45200000000114,0.06814342597432076,0.03282438387362711,0.03531904210069365,0.0003531904210069365,US30,range,sneaky,session
2015-10-09 14:01:00+00:00,2015-10-09 19:59:00+00:00,short,time,17079.773999999998,17087.642,31.84900000000198,-0.24704072341366207,0.14203803855693173,-0.38907876197059377,-0.0038907876197059378,US30,range,sneaky,session
2015-10-21 14:00:00+00:00,2015-10-21 15:34:00+00:00,short,stop,17255.763,17286.424,30.661000000000058,-1.0,0.147957601024102,-1.147957601024102,-0.01147957601024102,US30,range,sneaky,session
2015-11-12 15:16:00+00:00,2015-11-12 17:15:00+00:00,long,stop,17557.088,17511.883,45.20499999999811,-1.0,0.07526182324964369,-1.0752618232496436,-0.010752618232496436,US30,range,sneaky,session
2015-12-14 15:07:00+00:00,2015-12-14 15:12:00+00:00,long,stop,17290.927499999998,17222.477,68.45049999999901,-1.0,0.050706865362562,-1.050706865362562,-0.01050706865362562,US30,range,sneaky,session
2015-12-16 15:05:00+00:00,2015-12-16 19:00:00+00:00,short,target,17634.847500000003,17488.574,44.44049999999697,3.2914458658208825,0.14111598851274013,3.1503298773081423,0.031503298773081424,US30,range,sneaky,session
2016-01-05 15:01:00+00:00,2016-01-05 20:59:00+00:00,short,time,17130.8925,17161.366,60.500999999996566,-0.5036858894894595,0.05344553003256448,-0.5571314195220239,-0.005571314195220239,US30,range,sneaky,session
2016-01-12 15:02:00+00:00,2016-01-12 20:59:00+00:00,short,time,16541.9425,16515.182,51.97949999999764,0.5148279610231251,0.0643374072951866,0.4504905537279385,0.004504905537279385,US30,range,sneaky,session
2016-02-19 15:16:00+00:00,2016-02-19 20:59:00+00:00,long,time,16347.631,16388.014499999997,43.678499999999985,0.9245624277390044,0.06862863914740663,0.8559337885915979,0.008559337885915978,US30,range,sneaky,session
2016-02-29 16:12:00+00:00,2016-02-29 19:21:00+00:00,long,stop,16665.6765,16605.4155,60.26100000000224,-1.0,0.05239323895222255,-1.0523932389522226,-0.010523932389522227,US30,range,sneaky,session
2016-03-11 15:04:00+00:00,2016-03-11 15:35:00+00:00,short,stop,17155.425499999998,17186.8735,31.448000000003958,-1.0,0.1050655894651356,-1.1050655894651356,-0.011050655894651356,US30,range,sneaky,session
2016-03-23 14:02:00+00:00,2016-03-23 14:06:00+00:00,long,stop,17550.9895,17529.18,21.80949999999939,-1.0,0.21015537185630706,-1.210155371856307,-0.01210155371856307,US30,range,sneaky,session
2016-03-29 14:00:00+00:00,2016-03-29 16:29:00+00:00,long,target,17474.095999999998,17583.1475,34.12749999999869,3.195414255366071,0.12925069108490717,3.0661635642811635,0.030661635642811637,US30,range,sneaky,session
2016-03-30 14:04:00+00:00,2016-03-30 19:59:00+00:00,short,time,17762.446,17718.494,27.647000000000844,1.5897565739501498,0.16175101132129574,1.4280055626288541,0.014280055626288542,US30,range,sneaky,session
2016-04-01 14:00:00+00:00,2016-04-01 17:43:00+00:00,long,target,17607.852,17755.563000000002,34.68950000000041,4.258089623661374,0.12018218827022445,4.13790743539115,0.0413790743539115,US30,range,sneaky,session
2016-04-05 14:00:00+00:00,2016-04-05 19:55:00+00:00,long,stop,17645.5705,17595.968500000003,49.60199999999895,-1.0,0.06798419453852811,-1.067984194538528,-0.01067984194538528,US30,range,sneaky,session
2016-04-06 14:01:00+00:00,2016-04-06 14:17:00+00:00,long,stop,17587.044,17556.001,31.043000000001484,-1.0,0.14548371420287293,-1.1454837142028729,-0.01145483714202873,US30,range,sneaky,session
2016-05-04 14:00:00+00:00,2016-05-04 18:00:00+00:00,long,stop,17693.5195,17621.906000000003,71.61349999999584,-1.0,0.050097050591022756,-1.0500970505910228,-0.010500970505910227,US30,range,sneaky,session
2016-05-09 14:22:00+00:00,2016-05-09 19:59:00+00:00,short,time,17739.9815,17704.844,41.33999999999651,0.8499637155298426,0.08741890426948005,0.7625448112603626,0.007625448112603626,US30,range,sneaky,session
2016-06-07 19:14:00+00:00,2016-06-07 19:59:00+00:00,short,time,17969.587,17943.260000000002,25.769500000002154,1.0216341023300917,0.1225488719222234,0.8990852304078683,0.008990852304078683,US30,range,sneaky,session
2016-06-20 15:03:00+00:00,2016-06-20 19:59:00+00:00,short,time,17904.5815,17808.645,26.675999999999476,3.5963600239916658,0.1749436871157629,3.421416336875903,0.03421416336875903,US30,range,sneaky,session
2016-06-22 14:00:00+00:00,2016-06-22 14:10:00+00:00,short,stop,17868.059,17882.624,14.56499999999869,-1.0,0.31371012461382836,-1.3137101246138283,-0.013137101246138283,US30,range,sneaky,session
2016-06-30 14:06:00+00:00,2016-06-30 14:15:00+00:00,short,stop,17713.3135,17750.482,37.16849999999977,-1.0,0.12627082939855064,-1.1262708293985506,-0.011262708293985506,US30,range,sneaky,session
2016-07-06 14:00:00+00:00,2016-07-06 14:17:00+00:00,long,stop,17776.3645,17746.222,30.14249999999811,-1.0,0.08986677307788571,-1.0898667730778857,-0.010898667730778857,US30,range,sneaky,session
2016-07-11 14:02:00+00:00,2016-07-11 15:01:00+00:00,short,stop,18224.2245,18249.9945,25.770000000000437,-1.0,0.1426569773961947,-1.1426569773961948,-0.011426569773961948,US30,range,sneaky,session
2016-07-12 14:03:00+00:00,2016-07-12 16:11:00+00:00,short,stop,18324.424,18353.5685,29.144500000002154,-1.0,0.09764440083033814,-1.097644400830338,-0.01097644400830338,US30,range,sneaky,session
2016-07-28 14:00:00+00:00,2016-07-28 14:37:00+00:00,long,stop,18447.985,18400.209,47.77600000000166,-1.0,0.09055755975803437,-1.0905575597580344,-0.010905575597580344,US30,range,sneaky,session
2016-08-04 14:00:00+00:00,2016-08-04 19:59:00+00:00,short,time,18345.497,18354.012000000002,50.46700000000055,-0.16872411674961782,0.09458937711771946,-0.26331349386733727,-0.0026331349386733726,US30,range,sneaky,session
2016-08-08 14:20:00+00:00,2016-08-08 19:59:00+00:00,short,time,18527.7175,18527.6405,32.129500000002736,0.002396551455749094,0.1380737908308446,-0.1356772393750955,-0.0013567723937509548,US30,range,sneaky,session
2016-08-11 14:00:00+00:00,2016-08-11 14:37:00+00:00,short,stop,18561.029000000002,18584.7785,23.74949999999808,-1.0,0.30285854081141006,-1.30285854081141,-0.0130285854081141,US30,range,sneaky,session
2016-08-15 19:53:00+00:00,2016-08-15 19:59:00+00:00,short,time,18639.5775,18634.525500000003,16.608500000002095,0.3041815937619535,0.20523060706864377,0.0989509866933097,0.000989509866933097,US30,range,sneaky,session
2016-08-16 14:04:00+00:00,2016-08-16 19:56:00+00:00,long,stop,18590.589,18555.953,34.6359999999986,-1.0,0.1379122737902816,-1.1379122737902816,-0.011379122737902815,US30,range,sneaky,session
2016-08-22 14:00:00+00:00,2016-08-22 19:59:00+00:00,long,time,18494.927,18529.155,26.2654999999977,1.3031543279207383,0.21902553330416338,1.084128794616575,0.01084128794616575,US30,range,sneaky,session
2016-08-23 14:06:00+00:00,2016-08-23 19:59:00+00:00,short,time,18615.5325,18549.9935,22.025000000001455,2.975664018161014,0.21003845119181355,2.7656255669692005,0.027656255669692004,US30,range,sneaky,session
2016-08-26 14:00:00+00:00,2016-08-26 14:04:00+00:00,short,stop,18494.497499999998,18535.3295,40.832000000002154,-1.0,0.11845506373676883,-1.1184550637367687,-0.011184550637367688,US30,range,sneaky,session
2016-09-02 14:06:00+00:00,2016-09-02 19:59:00+00:00,short,time,18524.661500000002,18490.2585,22.83849999999802,1.5063598747730826,0.1890592334216509,1.3173006413514317,0.013173006413514318,US30,range,sneaky,session
2016-09-26 14:05:00+00:00,2016-09-26 17:43:00+00:00,long,stop,18128.635,18099.338,29.29699999999866,-1.0,0.15385076031676304,-1.1538507603167631,-0.011538507603167632,US30,range,sneaky,session
2016-10-03 14:00:00+00:00,2016-10-03 19:59:00+00:00,long,time,18217.645,18247.975,22.99499999999898,1.3189823874755142,0.267900938247457,1.0510814492280574,0.010510814492280574,US30,range,sneaky,session
2016-10-10 14:01:00+00:00,2016-10-10 19:59:00+00:00,short,time,18383.1885,18330.0605,20.660500000001775,2.571476972967549,0.13013869206939663,2.4413382808981523,0.024413382808981525,US30,range,sneaky,session
2016-10-14 14:00:00+00:00,2016-10-14 19:59:00+00:00,short,time,18235.807500000003,18141.5515,27.990499999999884,3.367428234579647,0.1509381401725592,3.2164900944070878,0.03216490094407088,US30,range,sneaky,session
2016-10-21 15:13:00+00:00,2016-10-21 19:59:00+00:00,long,time,18083.71,18145.184,25.136500000000524,2.4456069858572476,0.1182917729198551,2.3273152129373926,0.023273152129373927,US30,range,sneaky,session
2016-10-24 14:01:00+00:00,2016-10-24 19:59:00+00:00,short,time,18252.4295,18217.504,18.07050000000163,1.932735674164766,0.1567791695027666,1.7759565046619996,0.017759565046619998,US30,range,sneaky,session
2016-11-07 15:11:00+00:00,2016-11-07 15:33:00+00:00,short,stop,18147.2025,18167.5,20.297500000000582,-1.0,0.15960429424805556,-1.1596042942480556,-0.011596042942480556,US30,range,sneaky,session
2016-11-10 15:02:00+00:00,2016-11-10 17:51:00+00:00,short,stop,18726.249499999998,18768.72,42.470500000003085,-1.0,0.061247365053385544,-1.0612473650533856,-0.010612473650533857,US30,range,sneaky,session
2016-11-15 15:10:00+00:00,2016-11-15 20:59:00+00:00,long,time,18836.292999999998,18921.364999999998,31.7029999999977,2.6834053559602022,0.06215055499479994,2.6212548009654024,0.026212548009654026,US30,range,sneaky,session
2016-11-30 15:00:00+00:00,2016-11-30 20:59:00+00:00,short,time,19196.0,19139.099000000002,27.431499999998778,2.0742941508849517,0.12069117620254625,1.9536029746824055,0.019536029746824054,US30,range,sneaky,session
2016-12-02 15:00:00+00:00,2016-12-02 15:23:00+00:00,long,stop,19178.7635,19158.0755,20.68800000000192,-1.0,0.15437063164635073,-1.1543706316463507,-0.011543706316463507,US30,range,sneaky,session
2016-12-08 15:00:00+00:00,2016-12-08 16:23:00+00:00,short,stop,19555.5,19583.277000000002,27.777000000001863,-1.0,0.0958745544875192,-1.0958745544875192,-0.010958745544875192,US30,range,sneaky,session
2016-12-13 15:06:00+00:00,2016-12-13 17:15:00+00:00,short,stop,19888.4485,19910.951999999997,22.503499999998894,-1.0,0.1500543983158249,-1.150054398315825,-0.01150054398315825,US30,range,sneaky,session
2016-12-22 15:00:00+00:00,2016-12-22 16:06:00+00:00,long,stop,19920.4885,19907.918,12.570499999997992,-1.0,0.26783594546760575,-1.2678359454676058,-0.012678359454676059,US30,range,sneaky,session
2017-01-04 15:06:00+00:00,2017-01-04 16:56:00+00:00,short,stop,19904.2025,19923.0945,18.891999999999825,-1.0,0.17831744455325174,-1.1783174445532518,-0.01178317444553252,US30,range,sneaky,session
2017-01-10 15:05:00+00:00,2017-01-10 16:06:00+00:00,long,target,19873.75,19943.500500000002,29.131499999999505,2.3943325953007264,0.07784678955769658,2.3164858057430298,0.023164858057430297,US30,range,sneaky,session
2017-01-13 15:01:00+00:00,2017-01-13 20:59:00+00:00,short,time,19912.582000000002,19884.178,37.167999999997846,0.7642057684030326,0.18562521066509902,0.5785805577379335,0.005785805577379335,US30,range,sneaky,session
2017-01-18 15:00:00+00:00,2017-01-18 17:25:00+00:00,long,stop,19793.588499999998,19765.3045,28.28399999999965,-1.0,0.17718792435652886,-1.1771879243565289,-0.011771879243565288,US30,range,sneaky,session
2017-02-01 15:06:00+00:00,2017-02-01 20:59:00+00:00,short,time,19934.713,19886.484,20.479499999997643,2.3549891354771804,0.2370056078029521,2.1179835276742285,0.021179835276742286,US30,range,sneaky,session
2017-02-07 15:01:00+00:00,2017-02-07 20:59:00+00:00,short,time,20132.132,20087.4075,26.867999999998574,1.664601012356805,0.052500691528959156,1.6121003208278457,0.01612100320827846,US30,range,sneaky,session
2017-02-10 15:05:00+00:00,2017-02-10 15:32:00+00:00,short,stop,20224.7775,20239.677499999998,14.899999999997817,-1.0,0.306752385067159,-1.306752385067159,-0.01306752385067159,US30,range,sneaky,session
2017-03-20 14:02:00+00:00,2017-03-20 17:44:00+00:00,long,stop,20922.412,20902.8215,19.590500000002066,-1.0,0.35259567749670867,-1.3525956774967087,-0.013525956774967087,US30,range,sneaky,session
2017-03-21 14:00:00+00:00,2017-03-21 14:24:00+00:00,short,target,20935.379500000003,20882.7585,26.694499999997788,1.9712300286578577,0.19016187725937633,1.7810681513984814,0.017810681513984815,US30,range,sneaky,session
2017-03-27 15:24:00+00:00,2017-03-27 19:59:00+00:00,long,time,20491.25,20549.949999999997,66.75,0.8794007490636269,0.07478548689138576,0.8046152621722411,0.00804615262172241,US30,range,sneaky,session
2017-04-06 14:00:00+00:00,2017-04-06 19:59:00+00:00,long,time,20680.6,20664.8505,71.94999999999709,-0.21889506601805025,0.0646543571924974,-0.28354942321054766,-0.002835494232105477,US30,range,sneaky,session
2017-04-11 14:00:00+00:00,2017-04-11 14:22:00+00:00,long,stop,20623.35,20582.3505,40.99949999999808,-1.0,0.16205447017647318,-1.1620544701764732,-0.011620544701764733,US30,range,sneaky,session
2017-04-25 14:00:00+00:00,2017-04-25 14:02:00+00:00,short,stop,20962.949,20975.0495,12.100500000000466,-1.0,0.3462665274162092,-1.3462665274162093,-0.013462665274162094,US30,range,sneaky,session
2017-06-08 18:44:00+00:00,2017-06-08 19:59:00+00:00,short,time,21155.6495,21186.65,49.25,-0.6294517766497852,0.059596288680203044,-0.6890480653299883,-0.006890480653299883,US30,range,sneaky,session
2017-06-20 14:00:00+00:00,2017-06-20 14:44:00+00:00,short,stop,21504.6005,21526.3495,21.748999999999796,-1.0,0.21900414122488596,-1.219004141224886,-0.01219004141224886,US30,range,sneaky,session
2017-06-23 14:00:00+00:00,2017-06-23 19:59:00+00:00,long,time,21368.5,21396.0,37.65049999999974,0.7304019866934088,0.13138597096984192,0.5990160157235669,0.005990160157235669,US30,range,sneaky,session
2017-06-27 14:02:00+00:00,2017-06-27 17:37:00+00:00,long,stop,21397.0,21371.2005,25.79950000000099,-1.0,0.17638306943932344,-1.1763830694393234,-0.011763830694393233,US30,range,sneaky,session
2017-07-27 16:57:00+00:00,2017-07-27 19:36:00+00:00,short,stop,21743.6495,21767.6505,24.001000000000204,-1.0,0.49057694335652263,-1.4905769433565226,-0.014905769433565226,US30,range,sneaky,session
2017-07-31 14:01:00+00:00,2017-07-31 16:27:00+00:00,short,stop,21891.9,21915.15,23.25,-1.0,0.44367339784946236,-1.4436733978494622,-0.014436733978494622,US30,range,sneaky,session
2017-08-02 14:23:00+00:00,2017-08-02 18:32:00+00:00,short,stop,21990.6,22013.6,23.0,-1.0,0.20124917391304348,-1.2012491739130435,-0.012012491739130436,US30,range,sneaky,session
2017-08-08 14:01:00+00:00,2017-08-08 14:19:00+00:00,long,target,22110.5,22121.9,21.5,0.5302325581396026,0.21604267441860464,0.31418988372099793,0.0031418988372099795,US30,range,sneaky,session
2017-08-31 14:37:00+00:00,2017-08-31 19:32:00+00:00,short,stop,21940.3995,21970.4,30.00050000000192,-1.0,0.1162689277678631,-1.116268927767863,-0.01116268927767863,US30,range,sneaky,session
2017-09-20 14:00:00+00:00,2017-09-20 14:38:00+00:00,short,stop,22369.5995,22382.1,12.500499999998283,-1.0,0.3983757395704719,-1.398375739570472,-0.013983757395704718,US30,range,sneaky,session
2017-09-27 14:00:00+00:00,2017-09-27 14:52:00+00:00,short,target,22339.999499999998,22277.9495,29.00050000000192,2.1396182824432395,0.1750280144307741,1.9645902680124654,0.019645902680124654,US30,range,sneaky,session
2017-10-18 14:08:00+00:00,2017-10-18 14:42:00+00:00,short,stop,23103.4995,23115.5005,12.000999999996566,-1.0,0.39838117094420206,-1.398381170944202,-0.01398381170944202,US30,range,sneaky,session
2017-10-24 14:00:00+00:00,2017-10-24 14:09:00+00:00,short,stop,23419.5,23445.5005,26.000499999998283,-1.0,0.1855207592161812,-1.1855207592161812,-0.011855207592161812,US30,range,sneaky,session
2017-10-27 14:00:00+00:00,2017-10-27 19:59:00+00:00,long,time,23390.5005,23433.5,38.00049999999828,1.1315509006461404,0.12678037308720194,1.0047705275589385,0.010047705275589385,US30,range,sneaky,session
2017-11-09 15:00:00+00:00,2017-11-09 16:45:00+00:00,long,stop,23452.5005,23409.0,43.50049999999828,-1.0,0.07320404437880314,-1.0732040443788031,-0.01073204044378803,US30,range,sneaky,session
2017-11-15 15:07:00+00:00,2017-11-15 20:59:00+00:00,long,time,23280.5005,23275.5,38.000999999996566,-0.13158864240411397,0.08355655199863916,-0.21514519440275315,-0.0021514519440275315,US30,range,sneaky,session
2017-11-17 15:03:00+00:00,2017-11-17 16:10:00+00:00,long,stop,23393.5005,23360.0,33.50049999999828,-1.0,0.09500089647916188,-1.0950008964791618,-0.010950008964791617,US30,range,sneaky,session
2013-10-07 14:07:00+00:00,2013-10-07 19:59:00+00:00,long,time,14963.92,14938.360499999999,41.490499999999884,-0.6160325857726776,0.048833569130282965,-0.6648661549029605,-0.006648661549029606,US30,range,lod,c3
2013-11-07 15:00:00+00:00,2013-11-07 18:36:00+00:00,short,target,15770.3835,15661.467499999999,31.099500000000262,3.5021784916156258,0.07128972901493533,3.4308887626006905,0.03430888762600691,US30,range,lod,c3
2013-11-18 15:00:00+00:00,2013-11-18 20:59:00+00:00,short,time,15994.041000000001,15976.4715,34.85849999999846,0.5040234089247158,0.03091391382302875,0.473109495101687,0.00473109495101687,US30,range,lod,c3
2013-12-23 15:02:00+00:00,2013-12-23 17:16:00+00:00,short,stop,16277.508,16309.075,31.567000000000917,-1.0,0.07713872144961287,-1.0771387214496129,-0.01077138721449613,US30,range,lod,c3
2013-12-27 15:00:00+00:00,2013-12-27 20:59:00+00:00,short,time,16504.99,16482.466,24.013999999999214,0.9379528608312646,0.04625736445406998,0.8916954963771946,0.008916954963771945,US30,range,lod,c3
2014-01-24 15:06:00+00:00,2014-01-24 15:17:00+00:00,long,stop,16109.542,16059.474999999999,50.06700000000092,-1.0,0.04396349351868416,-1.0439634935186841,-0.010439634935186841,US30,range,lod,c3
2014-02-07 15:12:00+00:00,2014-02-07 16:50:00+00:00,short,stop,15670.515500000001,15717.5125,46.99699999999939,-1.0,0.0457174608485654,-1.0457174608485653,-0.010457174608485654,US30,range,lod,c3
2014-02-11 15:02:00+00:00,2014-02-11 15:20:00+00:00,short,stop,15850.5065,15874.471,23.964500000000044,-1.0,0.08889327640885461,-1.0888932764088546,-0.010888932764088546,US30,range,lod,c3
2014-03-13 14:00:00+00:00,2014-03-13 15:52:00+00:00,short,target,16373.454,16255.5055,34.393999999998414,3.429333604698664,0.07522871111240678,3.3541048935862574,0.03354104893586257,US30,range,lod,c3
2014-03-21 14:01:00+00:00,2014-03-21 15:16:00+00:00,short,stop,16395.4725,16441.4545,45.98199999999997,-1.0,0.07179741610847727,-1.0717974161084773,-0.010717974161084774,US30,range,lod,c3
2014-03-25 14:02:00+00:00,2014-03-25 19:59:00+00:00,short,time,16379.3525,16371.5025,28.159499999997934,0.2787691542818921,0.11666445027433871,0.1621047040075534,0.0016210470400755338,US30,range,lod,c3
2014-03-27 14:04:00+00:00,2014-03-27 19:59:00+00:00,long,time,16238.038,16264.009,47.553499999999985,0.5461427655167245,0.06859926461774636,0.4775435008989781,0.004775435008989782,US30,range,lod,c3
2014-04-07 14:00:00+00:00,2014-04-07 14:30:00+00:00,long,stop,16384.531000000003,16338.5,46.03100000000268,-1.0,0.07160200049965912,-1.0716020004996591,-0.010716020004996591,US30,range,lod,c3
2014-05-01 14:00:00+00:00,2014-05-01 19:59:00+00:00,short,time,16562.0055,16556.506999999998,43.99750000000131,0.12497300983013467,0.07556953787146771,0.049403471958666956,0.0004940347195866695,US30,range,lod,c3
2014-05-14 14:00:00+00:00,2014-05-14 14:16:00+00:00,long,stop,16675.5205,16657.488,18.032499999997526,-1.0,0.1853983234438075,-1.1853983234438075,-0.011853983234438075,US30,range,lod,c3
2014-06-04 14:00:00+00:00,2014-06-04 16:54:00+00:00,long,target,16701.008500000004,16736.5,27.535000000003492,1.2889595060828745,0.12070587061919662,1.1682536354636779,0.011682536354636779,US30,range,lod,c3
2014-06-09 14:03:00+00:00,2014-06-09 15:17:00+00:00,short,stop,16929.521999999997,16950.982,21.460000000002765,-1.0,0.15747835368124716,-1.1574783536812472,-0.011574783536812473,US30,range,lod,c3
2014-06-19 14:04:00+00:00,2014-06-19 19:59:00+00:00,short,time,16894.980499999998,16913.511,26.020500000002357,-0.7121500355488587,0.13265780317440815,-0.8448078387232668,-0.008448078387232669,US30,range,lod,c3
2014-06-23 14:00:00+00:00,2014-06-23 19:59:00+00:00,long,time,16925.4905,16932.4925,32.49749999999767,0.2154627279021743,0.10425236456651259,0.11121036333566171,0.001112103633356617,US30,range,lod,c3
2014-07-15 14:13:00+00:00,2014-07-15 14:47:00+00:00,short,target,17079.501,17034.463,38.02349999999933,1.184478020171769,0.08927985679908634,1.0951981633726828,0.01095198163372683,US30,range,lod,c3
2014-08-28 14:06:00+00:00,2014-08-28 19:59:00+00:00,long,time,17056.795,17082.411500000002,39.55749999999534,0.6475763129623141,0.08574018390950892,0.5618361290528052,0.005618361290528053,US30,range,lod,c3
2014-09-10 14:09:00+00:00,2014-09-10 14:35:00+00:00,long,stop,17009.1435,16982.605,26.53849999999875,-1.0,0.1254115482223998,-1.1254115482223999,-0.011254115482223999,US30,range,lod,c3
2014-09-22 14:06:00+00:00,2014-09-22 14:17:00+00:00,long,stop,17262.0455,17243.481,18.564500000000407,-1.0,0.20207256551482228,-1.2020725655148223,-0.012020725655148223,US30,range,lod,c3
2014-10-06 14:00:00+00:00,2014-10-06 19:59:00+00:00,short,time,17077.334000000003,16993.917,24.46599999999671,3.4095070710378685,0.1398855591433197,3.269621511894549,0.032696215118945486,US30,range,lod,c3
2014-10-07 14:00:00+00:00,2014-10-07 15:26:00+00:00,long,stop,16867.8205,16827.3865,40.434000000001106,-1.0,0.09220348636048618,-1.0922034863604861,-0.010922034863604862,US30,range,lod,c3
2014-10-15 14:00:00+00:00,2014-10-15 15:34:00+00:00,long,stop,16160.0845,16045.5425,114.54200000000128,-1.0,0.05161086245656558,-1.0516108624565657,-0.010516108624565658,US30,range,lod,c3
2014-10-30 14:00:00+00:00,2014-10-30 14:59:00+00:00,short,stop,17038.288,17097.800499999998,59.51249999999709,-1.0,0.1339914955681645,-1.1339914955681645,-0.011339914955681644,US30,range,lod,c3
2014-11-06 15:01:00+00:00,2014-11-06 16:05:00+00:00,short,stop,17487.028,17523.6575,36.629500000002736,-1.0,0.05909599694235077,-1.0590959969423508,-0.010590959969423509,US30,range,lod,c3
2014-12-22 15:01:00+00:00,2014-12-22 15:16:00+00:00,short,stop,17890.9185,17913.089500000002,22.171000000002095,-1.0,0.2513603221550436,-1.2513603221550436,-0.012513603221550436,US30,range,lod,c3
2015-01-26 15:03:00+00:00,2015-01-26 20:59:00+00:00,long,time,17617.1105,17675.487,54.266999999999825,1.0757274218217758,0.04045022172775364,1.0352772000940222,0.010352772000940223,US30,range,lod,c3
2015-01-29 15:02:00+00:00,2015-01-29 15:40:00+00:00,long,stop,17241.945,17160.8045,81.14050000000134,-1.0,0.02770165854289736,-1.0277016585428973,-0.010277016585428973,US30,range,lod,c3
2015-03-04 15:01:00+00:00,2015-03-04 15:10:00+00:00,long,stop,18068.319000000003,18044.7085,23.610500000002503,-1.0,0.14381062387495563,-1.1438106238749557,-0.011438106238749557,US30,range,lod,c3
2015-03-24 14:00:00+00:00,2015-03-24 17:26:00+00:00,long,stop,18104.828999999998,18053.7015,51.12749999999869,-1.0,0.09104986386973975,-1.0910498638697397,-0.010910498638697396,US30,range,lod,c3
2015-03-31 14:00:00+00:00,2015-03-31 19:06:00+00:00,long,stop,17880.5785,17844.32,36.25849999999991,-1.0,0.13461334852517373,-1.1346133485251737,-0.011346133485251738,US30,range,lod,c3
2015-04-07 14:00:00+00:00,2015-04-07 14:30:00+00:00,short,stop,17923.161999999997,17966.5705,43.408500000005006,-1.0,0.10531639817085299,-1.105316398170853,-0.01105316398170853,US30,range,lod,c3
2015-04-15 14:08:00+00:00,2015-04-15 18:08:00+00:00,short,stop,18123.609,18148.464500000002,24.855500000001484,-1.0,0.16554433485545467,-1.1655443348554546,-0.011655443348554546,US30,range,lod,c3
2015-05-12 14:09:00+00:00,2015-05-12 19:59:00+00:00,long,time,17984.661,18065.5365,63.30200000000332,1.2776136614955933,0.07231887199456194,1.2052947895010313,0.012052947895010314,US30,range,lod,c3
2015-05-13 14:00:00+00:00,2015-05-13 19:59:00+00:00,short,time,18100.866,18064.468,35.224999999998545,1.0333002129170348,0.13409842185948037,0.8992017910575544,0.008992017910575544,US30,range,lod,c3
2015-05-15 14:00:00+00:00,2015-05-15 19:59:00+00:00,short,time,18239.463,18268.5035,32.015000000003056,-0.9070904263625296,0.11364446368888498,-1.0207348900514146,-0.010207348900514146,US30,range,lod,c3
2015-05-29 14:03:00+00:00,2015-05-29 14:11:00+00:00,long,stop,18081.6275,18048.578999999998,33.048500000000786,-1.0,0.11583036181672114,-1.1158303618167211,-0.011158303618167211,US30,range,lod,c3
2015-06-02 14:03:00+00:00,2015-06-02 19:59:00+00:00,long,time,17983.1215,18011.3445,60.07600000000093,0.4697882681935831,0.07132168257706793,0.39846658561651516,0.003984665856165152,US30,range,lod,c3
2015-06-05 14:00:00+00:00,2015-06-05 19:59:00+00:00,long,time,17867.4465,17846.724000000002,49.578499999995984,-0.41797351674612776,0.14857458933813236,-0.5665481060842601,-0.005665481060842601,US30,range,lod,c3
2015-06-12 14:01:00+00:00,2015-06-12 14:21:00+00:00,long,stop,17942.0655,17913.402000000002,28.66349999999875,-1.0,0.19848165236276968,-1.1984816523627697,-0.011984816523627697,US30,range,lod,c3
2015-06-15 14:01:00+00:00,2015-06-15 19:59:00+00:00,long,time,17733.097,17793.7195,38.91400000000067,1.5578583543196955,0.1482234695739297,1.4096348847457658,0.014096348847457658,US30,range,lod,c3
2015-06-25 14:11:00+00:00,2015-06-25 16:43:00+00:00,long,stop,17994.519,17950.454,44.06499999999869,-1.0,0.10337592340860399,-1.103375923408604,-0.011033759234086041,US30,range,lod,c3
2015-07-02 14:00:00+00:00,2015-07-02 19:59:00+00:00,short,time,17786.022,17722.963,38.696499999998196,1.6295789024848255,0.1032163883038566,1.526362514180969,0.01526362514180969,US30,range,lod,c3
2015-07-10 14:10:00+00:00,2015-07-10 15:45:00+00:00,short,stop,17721.677,17774.545,52.867999999998574,-1.0,0.04748479978436989,-1.04748479978437,-0.010474847997843699,US30,range,lod,c3
2015-08-03 14:12:00+00:00,2015-08-03 14:24:00+00:00,long,stop,17656.7365,17618.4695,38.266999999999825,-1.0,0.12077402010871041,-1.1207740201087104,-0.011207740201087104,US30,range,lod,c3
2015-08-17 14:03:00+00:00,2015-08-17 14:55:00+00:00,long,target,17371.232,17493.1275,32.230500000001484,3.7819922123452354,0.10685891686445576,3.6751332954807796,0.0367513329548078,US30,range,lod,c3
2015-08-27 14:00:00+00:00,2015-08-27 14:49:00+00:00,short,stop,16434.972,16535.1225,100.15049999999974,-1.0,0.025718505848697774,-1.0257185058486977,-0.010257185058486978,US30,range,lod,c3
2015-09-03 14:01:00+00:00,2015-09-03 14:19:00+00:00,short,stop,16440.660499999998,16478.002,37.34150000000227,-1.0,0.10121417638551665,-1.1012141763855166,-0.011012141763855166,US30,range,lod,c3
2015-09-29 14:00:00+00:00,2015-09-29 19:59:00+00:00,long,time,16040.375,16047.151999999998,99.45200000000114,0.06814342597432076,0.03282438387362711,0.03531904210069365,0.0003531904210069365,US30,range,lod,c3
2015-10-09 14:01:00+00:00,2015-10-09 19:59:00+00:00,short,time,17079.773999999998,17087.642,31.84900000000198,-0.24704072341366207,0.14203803855693173,-0.38907876197059377,-0.0038907876197059378,US30,range,lod,c3
2015-10-21 14:00:00+00:00,2015-10-21 15:34:00+00:00,short,stop,17255.763,17286.424,30.661000000000058,-1.0,0.147957601024102,-1.147957601024102,-0.01147957601024102,US30,range,lod,c3
2015-12-14 15:07:00+00:00,2015-12-14 15:12:00+00:00,long,stop,17290.927499999998,17222.477,68.45049999999901,-1.0,0.050706865362562,-1.050706865362562,-0.01050706865362562,US30,range,lod,c3
2015-12-16 15:05:00+00:00,2015-12-16 19:00:00+00:00,short,target,17634.847500000003,17488.574,60.06899999999587,2.4350913116584767,0.10440102361451717,2.3306902880439595,0.023306902880439597,US30,range,lod,c3
2016-01-05 15:01:00+00:00,2016-01-05 20:59:00+00:00,short,time,17130.8925,17161.366,61.72849999999744,-0.49366986076125813,0.05238274075184289,-0.546052601513101,-0.0054605260151310096,US30,range,lod,c3
2016-01-12 15:02:00+00:00,2016-01-12 20:59:00+00:00,short,time,16541.9425,16515.182,51.97949999999764,0.5148279610231251,0.0643374072951866,0.4504905537279385,0.004504905537279385,US30,range,lod,c3
2016-03-11 15:04:00+00:00,2016-03-11 15:35:00+00:00,short,stop,17155.425499999998,17186.8735,31.448000000003958,-1.0,0.1050655894651356,-1.1050655894651356,-0.011050655894651356,US30,range,lod,c3
2016-03-23 14:02:00+00:00,2016-03-23 15:35:00+00:00,long,stop,17550.9895,17525.980499999998,25.009000000001834,-1.0,0.18326936632810847,-1.1832693663281084,-0.011832693663281085,US30,range,lod,c3
2016-03-29 14:00:00+00:00,2016-03-29 16:29:00+00:00,long,target,17474.095999999998,17583.1475,43.41149999999834,2.512041740092039,0.10160908883591142,2.410432651256128,0.02410432651256128,US30,range,lod,c3
2016-03-30 14:04:00+00:00,2016-03-30 19:59:00+00:00,short,time,17762.446,17718.494,27.647000000000844,1.5897565739501498,0.16175101132129574,1.4280055626288541,0.014280055626288542,US30,range,lod,c3
2016-04-01 14:00:00+00:00,2016-04-01 17:43:00+00:00,long,target,17607.852,17755.563000000002,41.72099999999773,3.5404472567774263,0.09992713549531955,3.440520121282107,0.03440520121282107,US30,range,lod,c3
2016-04-05 14:00:00+00:00,2016-04-05 19:55:00+00:00,long,stop,17645.5705,17595.968500000003,49.60199999999895,-1.0,0.06798419453852811,-1.067984194538528,-0.01067984194538528,US30,range,lod,c3
2016-04-06 14:01:00+00:00,2016-04-06 14:17:00+00:00,long,stop,17587.044,17556.001,31.043000000001484,-1.0,0.14548371420287293,-1.1454837142028729,-0.01145483714202873,US30,range,lod,c3
2016-05-04 14:00:00+00:00,2016-05-04 18:01:00+00:00,long,stop,17693.5195,17617.8875,75.63199999999779,-1.0,0.047435280469908296,-1.0474352804699083,-0.010474352804699083,US30,range,lod,c3
2016-06-22 14:00:00+00:00,2016-06-22 14:10:00+00:00,short,stop,17868.059,17882.624,14.56499999999869,-1.0,0.31371012461382836,-1.3137101246138283,-0.013137101246138283,US30,range,lod,c3
2016-06-30 14:06:00+00:00,2016-06-30 14:38:00+00:00,short,stop,17713.3135,17752.509,39.19549999999799,-1.0,0.11974071825847969,-1.1197407182584798,-0.011197407182584797,US30,range,lod,c3
2016-07-06 14:00:00+00:00,2016-07-06 14:17:00+00:00,long,stop,17776.3645,17746.222,30.14249999999811,-1.0,0.08986677307788571,-1.0898667730778857,-0.010898667730778857,US30,range,lod,c3
2016-07-11 14:02:00+00:00,2016-07-11 15:01:00+00:00,short,stop,18224.2245,18249.9945,25.770000000000437,-1.0,0.1426569773961947,-1.1426569773961948,-0.011426569773961948,US30,range,lod,c3
2016-07-12 14:03:00+00:00,2016-07-12 16:11:00+00:00,short,stop,18324.424,18353.5685,29.144500000002154,-1.0,0.09764440083033814,-1.097644400830338,-0.01097644400830338,US30,range,lod,c3
2016-07-28 14:00:00+00:00,2016-07-28 14:37:00+00:00,long,stop,18447.985,18398.3215,49.66350000000239,-1.0,0.08711584916487546,-1.0871158491648754,-0.010871158491648754,US30,range,lod,c3
2016-08-04 14:00:00+00:00,2016-08-04 19:59:00+00:00,short,time,18345.497,18354.012000000002,51.9330000000009,-0.16396125777449613,0.09191924392967704,-0.2558805017041732,-0.002558805017041732,US30,range,lod,c3
2016-08-11 14:00:00+00:00,2016-08-11 14:37:00+00:00,short,stop,18561.029000000002,18584.7785,23.74949999999808,-1.0,0.30285854081141006,-1.30285854081141,-0.0130285854081141,US30,range,lod,c3
2016-08-16 14:04:00+00:00,2016-08-16 19:58:00+00:00,long,stop,18590.589,18552.596,37.992999999998574,-1.0,0.1257265684468239,-1.1257265684468238,-0.011257265684468238,US30,range,lod,c3
2016-08-22 14:00:00+00:00,2016-08-22 19:59:00+00:00,long,time,18494.927,18529.155,32.02400000000125,1.0688233824630846,0.1796407427241998,0.8891826397388848,0.008891826397388848,US30,range,lod,c3
2016-08-23 14:06:00+00:00,2016-08-23 19:59:00+00:00,short,time,18615.5325,18549.9935,22.025000000001455,2.975664018161014,0.21003845119181355,2.7656255669692005,0.027656255669692004,US30,range,lod,c3
2016-08-26 14:00:00+00:00,2016-08-26 14:04:00+00:00,short,stop,18494.497499999998,18538.519999999997,44.02249999999913,-1.0,0.10987011556590597,-1.1098701155659059,-0.01109870115565906,US30,range,lod,c3
2016-09-02 14:06:00+00:00,2016-09-02 19:59:00+00:00,short,time,18524.661500000002,18490.2585,22.83849999999802,1.5063598747730826,0.1890592334216509,1.3173006413514317,0.013173006413514318,US30,range,lod,c3
2016-09-26 14:05:00+00:00,2016-09-26 17:43:00+00:00,long,stop,18128.635,18099.338,29.29699999999866,-1.0,0.15385076031676304,-1.1538507603167631,-0.011538507603167632,US30,range,lod,c3
2016-10-03 14:00:00+00:00,2016-10-03 19:59:00+00:00,long,time,18217.645,18247.975,22.99499999999898,1.3189823874755142,0.267900938247457,1.0510814492280574,0.010510814492280574,US30,range,lod,c3
2016-10-10 14:01:00+00:00,2016-10-10 19:59:00+00:00,short,time,18383.1885,18330.0605,20.660500000001775,2.571476972967549,0.13013869206939663,2.4413382808981523,0.024413382808981525,US30,range,lod,c3
2016-10-14 14:00:00+00:00,2016-10-14 19:59:00+00:00,short,time,18235.807500000003,18141.5515,27.990499999999884,3.367428234579647,0.1509381401725592,3.2164900944070878,0.03216490094407088,US30,range,lod,c3
2016-10-24 14:01:00+00:00,2016-10-24 19:59:00+00:00,short,time,18252.4295,18217.504,23.48800000000483,1.4869507833783366,0.12061810211594928,1.3663326812623873,0.013663326812623873,US30,range,lod,c3
2016-11-07 15:11:00+00:00,2016-11-07 15:35:00+00:00,short,stop,18147.2025,18170.5,23.297500000000582,-1.0,0.13905217995492733,-1.1390521799549274,-0.011390521799549273,US30,range,lod,c3
2016-11-10 15:02:00+00:00,2016-11-10 17:51:00+00:00,short,stop,18726.249499999998,18768.72,42.470500000003085,-1.0,0.061247365053385544,-1.0612473650533856,-0.010612473650533857,US30,range,lod,c3
2016-11-15 15:10:00+00:00,2016-11-15 20:59:00+00:00,long,time,18836.292999999998,18921.364999999998,31.7029999999977,2.6834053559602022,0.06215055499479994,2.6212548009654024,0.026212548009654026,US30,range,lod,c3
2016-11-30 15:00:00+00:00,2016-11-30 20:59:00+00:00,short,time,19196.0,19139.099000000002,27.431499999998778,2.0742941508849517,0.12069117620254625,1.9536029746824055,0.019536029746824054,US30,range,lod,c3
2016-12-02 15:00:00+00:00,2016-12-02 20:59:00+00:00,long,time,19178.7635,19167.636,37.580000000001746,-0.2961016498137789,0.0849818953565687,-0.3810835451703476,-0.003810835451703476,US30,range,lod,c3
2016-12-08 15:00:00+00:00,2016-12-08 17:23:00+00:00,short,stop,19555.5,19594.004,38.504000000000815,-1.0,0.06916443746104153,-1.0691644374610416,-0.010691644374610416,US30,range,lod,c3
2016-12-13 15:06:00+00:00,2016-12-13 17:16:00+00:00,short,stop,19888.4485,19917.551,29.102500000000873,-1.0,0.11602952160466964,-1.1160295216046696,-0.011160295216046697,US30,range,lod,c3
2016-12-22 15:00:00+00:00,2016-12-22 16:28:00+00:00,long,stop,19920.4885,19900.977,19.511500000000524,-1.0,0.17255627463290416,-1.1725562746329041,-0.011725562746329042,US30,range,lod,c3
2017-01-04 15:06:00+00:00,2017-01-04 20:36:00+00:00,short,stop,19904.2025,19944.750500000002,40.5480000000025,-1.0,0.08308111774932901,-1.083081117749329,-0.01083081117749329,US30,range,lod,c3
2017-01-10 15:05:00+00:00,2017-01-10 16:06:00+00:00,long,target,19873.75,19943.500500000002,34.67749999999796,2.0114050897557787,0.06539669093793188,1.9460083988178467,0.01946008398817847,US30,range,lod,c3
2017-01-13 15:01:00+00:00,2017-01-13 20:59:00+00:00,short,time,19912.582000000002,19884.178,39.890999999995984,0.7120403098444544,0.17295424607055965,0.5390860637738948,0.005390860637738948,US30,range,lod,c3
2017-01-18 15:00:00+00:00,2017-01-18 20:59:00+00:00,long,time,19793.588499999998,19803.806,56.680499999994936,0.18026481770632558,0.08841812003247057,0.091846697673855,0.00091846697673855,US30,range,lod,c3
2017-02-01 15:06:00+00:00,2017-02-01 20:59:00+00:00,short,time,19934.713,19886.484,28.89600000000064,1.6690545404207604,0.16797329543881132,1.501081244981949,0.01501081244981949,US30,range,lod,c3
2017-02-07 15:01:00+00:00,2017-02-07 20:59:00+00:00,short,time,20132.132,20087.4075,26.867999999998574,1.664601012356805,0.052500691528959156,1.6121003208278457,0.01612100320827846,US30,range,lod,c3
2017-02-10 15:05:00+00:00,2017-02-10 15:32:00+00:00,short,stop,20224.7775,20239.677499999998,14.899999999997817,-1.0,0.306752385067159,-1.306752385067159,-0.01306752385067159,US30,range,lod,c3
2017-03-20 14:02:00+00:00,2017-03-20 18:38:00+00:00,long,stop,20922.412,20893.0565,29.355500000001484,-1.0,0.23530601147994926,-1.2353060114799492,-0.012353060114799492,US30,range,lod,c3
2017-03-21 14:00:00+00:00,2017-03-21 14:24:00+00:00,short,target,20935.379500000003,20882.7585,33.800499999997555,1.556811289774016,0.15018346570318095,1.4066278240708352,0.014066278240708352,US30,range,lod,c3
2017-04-06 14:00:00+00:00,2017-04-06 19:59:00+00:00,long,time,20680.6,20664.8505,71.94999999999709,-0.21889506601805025,0.0646543571924974,-0.28354942321054766,-0.002835494232105477,US30,range,lod,c3
2017-04-11 14:00:00+00:00,2017-04-11 14:22:00+00:00,long,stop,20623.35,20582.3505,40.99949999999808,-1.0,0.16205447017647318,-1.1620544701764732,-0.011620544701764733,US30,range,lod,c3
2017-04-25 14:00:00+00:00,2017-04-25 14:03:00+00:00,short,stop,20962.949,20977.050499999998,14.101499999997031,-1.0,0.29713137715852095,-1.297131377158521,-0.012971313771585209,US30,range,lod,c3
2017-06-20 14:00:00+00:00,2017-06-20 19:59:00+00:00,short,time,21504.6005,21468.5,29.399499999999534,1.2279290464123893,0.16201367599789368,1.0659153704144957,0.010659153704144957,US30,range,lod,c3
2017-06-23 14:00:00+00:00,2017-06-23 19:59:00+00:00,long,time,21368.5,21396.0,37.65049999999974,0.7304019866934088,0.13138597096984192,0.5990160157235669,0.005990160157235669,US30,range,lod,c3
2017-06-27 14:02:00+00:00,2017-06-27 17:37:00+00:00,long,stop,21397.0,21371.2005,25.79950000000099,-1.0,0.17638306943932344,-1.1763830694393234,-0.011763830694393233,US30,range,lod,c3
2017-07-31 14:01:00+00:00,2017-07-31 16:27:00+00:00,short,stop,21891.9,21915.15,23.25,-1.0,0.44367339784946236,-1.4436733978494622,-0.014436733978494622,US30,range,lod,c3
2017-08-08 14:01:00+00:00,2017-08-08 14:19:00+00:00,long,target,22110.5,22121.9,30.0,0.3800000000000485,0.15483058333333333,0.2251694166667152,0.002251694166667152,US30,range,lod,c3
2017-09-20 14:00:00+00:00,2017-09-20 15:17:00+00:00,short,stop,22369.5995,22388.75,19.150499999999738,-1.0,0.26003999543093226,-1.2600399954309323,-0.012600399954309323,US30,range,lod,c3
2017-09-27 14:00:00+00:00,2017-09-27 14:52:00+00:00,short,target,22339.999499999998,22277.9495,30.50050000000192,2.0343928788051135,0.16642022040621238,1.8679726583989011,0.01867972658398901,US30,range,lod,c3
2017-10-18 14:08:00+00:00,2017-10-18 14:43:00+00:00,short,stop,23103.4995,23120.0,16.500499999998283,-1.0,0.2897471247841276,-1.2897471247841277,-0.012897471247841278,US30,range,lod,c3
2017-10-24 14:00:00+00:00,2017-10-24 14:54:00+00:00,short,stop,23419.5,23463.5005,44.00049999999828,-1.0,0.1096267656049406,-1.1096267656049406,-0.011096267656049406,US30,range,lod,c3
2017-10-27 14:00:00+00:00,2017-10-27 19:59:00+00:00,long,time,23390.5005,23433.5,40.50049999999828,1.0617029419390758,0.11895452074666249,0.9427484211924133,0.009427484211924133,US30,range,lod,c3
2017-11-09 15:00:00+00:00,2017-11-09 16:45:00+00:00,long,stop,23452.5005,23409.0,43.50049999999828,-1.0,0.07320404437880314,-1.0732040443788031,-0.01073204044378803,US30,range,lod,c3
2017-11-15 15:07:00+00:00,2017-11-15 20:59:00+00:00,long,time,23280.5005,23275.5,38.000999999996566,-0.13158864240411397,0.08355655199863916,-0.21514519440275315,-0.0021514519440275315,US30,range,lod,c3
2017-11-17 15:03:00+00:00,2017-11-17 16:10:00+00:00,long,stop,23393.5005,23360.0,33.50049999999828,-1.0,0.09500089647916188,-1.0950008964791618,-0.010950008964791617,US30,range,lod,c3
2013-10-07 14:07:00+00:00,2013-10-07 19:59:00+00:00,long,time,14963.92,14938.360499999999,41.490499999999884,-0.6160325857726776,0.048833569130282965,-0.6648661549029605,-0.006648661549029606,US30,range,lod,session
2013-11-07 15:00:00+00:00,2013-11-07 18:36:00+00:00,short,target,15770.3835,15661.467499999999,31.099500000000262,3.5021784916156258,0.07128972901493533,3.4308887626006905,0.03430888762600691,US30,range,lod,session
2013-11-18 15:00:00+00:00,2013-11-18 20:59:00+00:00,short,time,15994.041000000001,15976.4715,34.85849999999846,0.5040234089247158,0.03091391382302875,0.473109495101687,0.00473109495101687,US30,range,lod,session
2013-12-23 15:02:00+00:00,2013-12-23 17:16:00+00:00,short,stop,16277.508,16309.075,31.567000000000917,-1.0,0.07713872144961287,-1.0771387214496129,-0.01077138721449613,US30,range,lod,session
2013-12-27 15:00:00+00:00,2013-12-27 20:59:00+00:00,short,time,16504.99,16482.466,24.013999999999214,0.9379528608312646,0.04625736445406998,0.8916954963771946,0.008916954963771945,US30,range,lod,session
2014-01-02 15:43:00+00:00,2014-01-02 16:49:00+00:00,long,stop,16503.534,16464.4655,39.06850000000122,-1.0,0.056841949652531594,-1.0568419496525316,-0.010568419496525316,US30,range,lod,session
2014-01-24 15:06:00+00:00,2014-01-24 15:17:00+00:00,long,stop,16109.542,16059.474999999999,50.06700000000092,-1.0,0.04396349351868416,-1.0439634935186841,-0.010439634935186841,US30,range,lod,session
2014-02-07 15:12:00+00:00,2014-02-07 16:50:00+00:00,short,stop,15670.515500000001,15717.5125,46.99699999999939,-1.0,0.0457174608485654,-1.0457174608485653,-0.010457174608485654,US30,range,lod,session
2014-02-11 15:02:00+00:00,2014-02-11 15:20:00+00:00,short,stop,15850.5065,15874.471,23.964500000000044,-1.0,0.08889327640885461,-1.0888932764088546,-0.010888932764088546,US30,range,lod,session
2014-03-10 19:46:00+00:00,2014-03-10 19:59:00+00:00,long,time,16425.538999999997,16417.514,27.660499999998137,-0.29012490735880975,0.07970427269934197,-0.3698291800581517,-0.003698291800581517,US30,range,lod,session
2014-03-13 14:00:00+00:00,2014-03-13 15:52:00+00:00,short,target,16373.454,16255.5055,34.393999999998414,3.429333604698664,0.07522871111240678,3.3541048935862574,0.03354104893586257,US30,range,lod,session
2014-03-21 14:01:00+00:00,2014-03-21 15:16:00+00:00,short,stop,16395.4725,16441.4545,45.98199999999997,-1.0,0.07179741610847727,-1.0717974161084773,-0.010717974161084774,US30,range,lod,session
2014-03-25 14:02:00+00:00,2014-03-25 19:59:00+00:00,short,time,16379.3525,16371.5025,28.159499999997934,0.2787691542818921,0.11666445027433871,0.1621047040075534,0.0016210470400755338,US30,range,lod,session
2014-03-27 14:04:00+00:00,2014-03-27 19:59:00+00:00,long,time,16238.038,16264.009,47.553499999999985,0.5461427655167245,0.06859926461774636,0.4775435008989781,0.004775435008989782,US30,range,lod,session
2014-04-07 14:00:00+00:00,2014-04-07 14:30:00+00:00,long,stop,16384.531000000003,16338.5,46.03100000000268,-1.0,0.07160200049965912,-1.0716020004996591,-0.010716020004996591,US30,range,lod,session
2014-04-10 14:47:00+00:00,2014-04-10 17:01:00+00:00,short,target,16415.476000000002,16268.5055,40.63999999999942,3.6164000984253244,0.05410939812992204,3.5622907002954025,0.03562290700295403,US30,range,lod,session
2014-04-16 14:42:00+00:00,2014-04-16 16:11:00+00:00,short,stop,16337.9615,16393.0255,55.064000000000306,-1.0,0.03917200888965545,-1.0391720088896554,-0.010391720088896555,US30,range,lod,session
2014-05-01 14:00:00+00:00,2014-05-01 19:59:00+00:00,short,time,16562.0055,16556.506999999998,43.99750000000131,0.12497300983013467,0.07556953787146771,0.049403471958666956,0.0004940347195866695,US30,range,lod,session
2014-05-06 14:31:00+00:00,2014-05-06 14:59:00+00:00,long,stop,16470.3965,16438.4715,31.924999999999272,-1.0,0.06802116750195926,-1.0680211675019593,-0.010680211675019593,US30,range,lod,session
2014-05-14 14:00:00+00:00,2014-05-14 14:16:00+00:00,long,stop,16675.5205,16657.488,18.032499999997526,-1.0,0.1853983234438075,-1.1853983234438075,-0.011853983234438075,US30,range,lod,session
2014-06-04 14:00:00+00:00,2014-06-04 16:54:00+00:00,long,target,16701.008500000004,16736.5,27.535000000003492,1.2889595060828745,0.12070587061919662,1.1682536354636779,0.011682536354636779,US30,range,lod,session
2014-06-09 14:03:00+00:00,2014-06-09 15:17:00+00:00,short,stop,16929.521999999997,16950.982,21.460000000002765,-1.0,0.15747835368124716,-1.1574783536812472,-0.011574783536812473,US30,range,lod,session
2014-06-10 14:53:00+00:00,2014-06-10 19:59:00+00:00,long,time,16928.534,16946.4535,24.016499999997905,0.7461328669873435,0.09253449545105213,0.6535983715362914,0.006535983715362914,US30,range,lod,session
2014-06-19 14:04:00+00:00,2014-06-19 19:59:00+00:00,short,time,16894.980499999998,16913.511,26.020500000002357,-0.7121500355488587,0.13265780317440815,-0.8448078387232668,-0.008448078387232669,US30,range,lod,session
2014-06-23 14:00:00+00:00,2014-06-23 19:59:00+00:00,long,time,16925.4905,16932.4925,32.49749999999767,0.2154627279021743,0.10425236456651259,0.11121036333566171,0.001112103633356617,US30,range,lod,session
2014-07-15 14:13:00+00:00,2014-07-15 14:47:00+00:00,short,target,17079.501,17034.463,38.02349999999933,1.184478020171769,0.08927985679908634,1.0951981633726828,0.01095198163372683,US30,range,lod,session
2014-07-23 14:21:00+00:00,2014-07-23 19:59:00+00:00,long,time,17092.524,17091.987999999998,36.025000000001455,-0.014878556558047871,0.09214408716168955,-0.10702264371973742,-0.0010702264371973743,US30,range,lod,session
2014-08-13 14:16:00+00:00,2014-08-13 15:04:00+00:00,short,stop,16583.504,16628.536500000002,45.032500000001164,-1.0,0.07309771920279609,-1.0730977192027962,-0.010730977192027962,US30,range,lod,session
2014-08-28 14:06:00+00:00,2014-08-28 19:59:00+00:00,long,time,17056.795,17082.411500000002,39.55749999999534,0.6475763129623141,0.08574018390950892,0.5618361290528052,0.005618361290528053,US30,range,lod,session
2014-09-05 15:43:00+00:00,2014-09-05 19:59:00+00:00,long,time,17066.5785,17132.0015,44.11700000000201,1.4829430831651265,0.048968143856107656,1.4339749393090189,0.01433974939309019,US30,range,lod,session
2014-09-10 14:09:00+00:00,2014-09-10 14:35:00+00:00,long,stop,17009.1435,16982.605,26.53849999999875,-1.0,0.1254115482223998,-1.1254115482223999,-0.011254115482223999,US30,range,lod,session
2014-09-22 14:06:00+00:00,2014-09-22 14:17:00+00:00,long,stop,17262.0455,17243.481,18.564500000000407,-1.0,0.20207256551482228,-1.2020725655148223,-0.012020725655148223,US30,range,lod,session
2014-09-24 14:38:00+00:00,2014-09-24 17:45:00+00:00,long,target,17076.396,17174.6145,27.420500000000175,3.581936872048227,0.09492772706551608,3.487009144982711,0.03487009144982711,US30,range,lod,session
2014-10-06 14:00:00+00:00,2014-10-06 19:59:00+00:00,short,time,17077.334000000003,16993.917,24.46599999999671,3.4095070710378685,0.1398855591433197,3.269621511894549,0.032696215118945486,US30,range,lod,session
2014-10-07 14:00:00+00:00,2014-10-07 15:26:00+00:00,long,stop,16867.8205,16827.3865,40.434000000001106,-1.0,0.09220348636048618,-1.0922034863604861,-0.010922034863604862,US30,range,lod,session
2014-10-15 14:00:00+00:00,2014-10-15 15:34:00+00:00,long,stop,16160.0845,16045.5425,114.54200000000128,-1.0,0.05161086245656558,-1.0516108624565657,-0.010516108624565658,US30,range,lod,session
2014-10-30 14:00:00+00:00,2014-10-30 14:59:00+00:00,short,stop,17038.288,17097.800499999998,59.51249999999709,-1.0,0.1339914955681645,-1.1339914955681645,-0.011339914955681644,US30,range,lod,session
2014-11-06 15:01:00+00:00,2014-11-06 16:05:00+00:00,short,stop,17487.028,17523.6575,36.629500000002736,-1.0,0.05909599694235077,-1.0590959969423508,-0.010590959969423509,US30,range,lod,session
2014-12-22 15:01:00+00:00,2014-12-22 15:16:00+00:00,short,stop,17890.9185,17913.089500000002,22.171000000002095,-1.0,0.2513603221550436,-1.2513603221550436,-0.012513603221550436,US30,range,lod,session
2015-01-26 15:03:00+00:00,2015-01-26 20:59:00+00:00,long,time,17617.1105,17675.487,54.266999999999825,1.0757274218217758,0.04045022172775364,1.0352772000940222,0.010352772000940223,US30,range,lod,session
2015-01-29 15:02:00+00:00,2015-01-29 15:40:00+00:00,long,stop,17241.945,17160.8045,81.14050000000134,-1.0,0.02770165854289736,-1.0277016585428973,-0.010277016585428973,US30,range,lod,session
2015-03-04 15:01:00+00:00,2015-03-04 15:10:00+00:00,long,stop,18068.319000000003,18044.7085,23.610500000002503,-1.0,0.14381062387495563,-1.1438106238749557,-0.011438106238749557,US30,range,lod,session
2015-03-24 14:00:00+00:00,2015-03-24 17:26:00+00:00,long,stop,18104.828999999998,18053.7015,51.12749999999869,-1.0,0.09104986386973975,-1.0910498638697397,-0.010910498638697396,US30,range,lod,session
2015-03-31 14:00:00+00:00,2015-03-31 19:06:00+00:00,long,stop,17880.5785,17844.32,36.25849999999991,-1.0,0.13461334852517373,-1.1346133485251737,-0.011346133485251738,US30,range,lod,session
2015-04-07 14:00:00+00:00,2015-04-07 14:30:00+00:00,short,stop,17923.161999999997,17966.5705,43.408500000005006,-1.0,0.10531639817085299,-1.105316398170853,-0.01105316398170853,US30,range,lod,session
2015-04-15 14:08:00+00:00,2015-04-15 18:08:00+00:00,short,stop,18123.609,18148.464500000002,24.855500000001484,-1.0,0.16554433485545467,-1.1655443348554546,-0.011655443348554546,US30,range,lod,session
2015-05-08 14:22:00+00:00,2015-05-08 14:30:00+00:00,short,stop,18159.3575,18182.6655,23.308000000000902,-1.0,0.13465390692036547,-1.1346539069203654,-0.011346539069203654,US30,range,lod,session
2015-05-12 14:09:00+00:00,2015-05-12 19:59:00+00:00,long,time,17984.661,18065.5365,63.30200000000332,1.2776136614955933,0.07231887199456194,1.2052947895010313,0.012052947895010314,US30,range,lod,session
2015-05-13 14:00:00+00:00,2015-05-13 19:59:00+00:00,short,time,18100.866,18064.468,35.224999999998545,1.0333002129170348,0.13409842185948037,0.8992017910575544,0.008992017910575544,US30,range,lod,session
2015-05-15 14:00:00+00:00,2015-05-15 19:59:00+00:00,short,time,18239.463,18268.5035,32.015000000003056,-0.9070904263625296,0.11364446368888498,-1.0207348900514146,-0.010207348900514146,US30,range,lod,session
2015-05-29 14:03:00+00:00,2015-05-29 14:11:00+00:00,long,stop,18081.6275,18048.578999999998,33.048500000000786,-1.0,0.11583036181672114,-1.1158303618167211,-0.011158303618167211,US30,range,lod,session
2015-06-02 14:03:00+00:00,2015-06-02 19:59:00+00:00,long,time,17983.1215,18011.3445,60.07600000000093,0.4697882681935831,0.07132168257706793,0.39846658561651516,0.003984665856165152,US30,range,lod,session
2015-06-05 14:00:00+00:00,2015-06-05 19:59:00+00:00,long,time,17867.4465,17846.724000000002,49.578499999995984,-0.41797351674612776,0.14857458933813236,-0.5665481060842601,-0.005665481060842601,US30,range,lod,session
2015-06-12 14:01:00+00:00,2015-06-12 14:21:00+00:00,long,stop,17942.0655,17913.402000000002,28.66349999999875,-1.0,0.19848165236276968,-1.1984816523627697,-0.011984816523627697,US30,range,lod,session
2015-06-15 14:01:00+00:00,2015-06-15 19:59:00+00:00,long,time,17733.097,17793.7195,38.91400000000067,1.5578583543196955,0.1482234695739297,1.4096348847457658,0.014096348847457658,US30,range,lod,session
2015-06-17 14:19:00+00:00,2015-06-17 18:42:00+00:00,short,stop,17932.411500000002,17975.743000000002,43.33150000000023,-1.0,0.06364597469508292,-1.0636459746950828,-0.010636459746950828,US30,range,lod,session
2015-06-25 14:11:00+00:00,2015-06-25 16:43:00+00:00,long,stop,17994.519,17950.454,44.06499999999869,-1.0,0.10337592340860399,-1.103375923408604,-0.011033759234086041,US30,range,lod,session
2015-07-02 14:00:00+00:00,2015-07-02 19:59:00+00:00,short,time,17786.022,17722.963,38.696499999998196,1.6295789024848255,0.1032163883038566,1.526362514180969,0.01526362514180969,US30,range,lod,session
2015-07-10 14:10:00+00:00,2015-07-10 15:45:00+00:00,short,stop,17721.677,17774.545,52.867999999998574,-1.0,0.04748479978436989,-1.04748479978437,-0.010474847997843699,US30,range,lod,session
2015-07-27 14:16:00+00:00,2015-07-27 19:59:00+00:00,long,time,17455.9185,17448.021500000003,57.482499999998254,-0.13738094202578952,0.08111249506371751,-0.21849343708950703,-0.0021849343708950702,US30,range,lod,session
2015-08-03 14:12:00+00:00,2015-08-03 14:24:00+00:00,long,stop,17656.7365,17618.4695,38.266999999999825,-1.0,0.12077402010871041,-1.1207740201087104,-0.011207740201087104,US30,range,lod,session
2015-08-17 14:03:00+00:00,2015-08-17 14:55:00+00:00,long,target,17371.232,17493.1275,32.230500000001484,3.7819922123452354,0.10685891686445576,3.6751332954807796,0.0367513329548078,US30,range,lod,session
2015-08-27 14:00:00+00:00,2015-08-27 14:49:00+00:00,short,stop,16434.972,16535.1225,100.15049999999974,-1.0,0.025718505848697774,-1.0257185058486977,-0.010257185058486978,US30,range,lod,session
2015-09-03 14:01:00+00:00,2015-09-03 14:19:00+00:00,short,stop,16440.660499999998,16478.002,37.34150000000227,-1.0,0.10121417638551665,-1.1012141763855166,-0.011012141763855166,US30,range,lod,session
2015-09-29 14:00:00+00:00,2015-09-29 19:59:00+00:00,long,time,16040.375,16047.151999999998,99.45200000000114,0.06814342597432076,0.03282438387362711,0.03531904210069365,0.0003531904210069365,US30,range,lod,session
2015-10-09 14:01:00+00:00,2015-10-09 19:59:00+00:00,short,time,17079.773999999998,17087.642,31.84900000000198,-0.24704072341366207,0.14203803855693173,-0.38907876197059377,-0.0038907876197059378,US30,range,lod,session
2015-10-21 14:00:00+00:00,2015-10-21 15:34:00+00:00,short,stop,17255.763,17286.424,30.661000000000058,-1.0,0.147957601024102,-1.147957601024102,-0.01147957601024102,US30,range,lod,session
2015-11-12 15:16:00+00:00,2015-11-12 17:15:00+00:00,long,stop,17557.088,17511.883,45.20499999999811,-1.0,0.07526182324964369,-1.0752618232496436,-0.010752618232496436,US30,range,lod,session
2015-12-14 15:07:00+00:00,2015-12-14 15:12:00+00:00,long,stop,17290.927499999998,17222.477,68.45049999999901,-1.0,0.050706865362562,-1.050706865362562,-0.01050706865362562,US30,range,lod,session
2015-12-16 15:05:00+00:00,2015-12-16 19:00:00+00:00,short,target,17634.847500000003,17488.574,60.06899999999587,2.4350913116584767,0.10440102361451717,2.3306902880439595,0.023306902880439597,US30,range,lod,session
2016-01-05 15:01:00+00:00,2016-01-05 20:59:00+00:00,short,time,17130.8925,17161.366,61.72849999999744,-0.49366986076125813,0.05238274075184289,-0.546052601513101,-0.0054605260151310096,US30,range,lod,session
2016-01-12 15:02:00+00:00,2016-01-12 20:59:00+00:00,short,time,16541.9425,16515.182,51.97949999999764,0.5148279610231251,0.0643374072951866,0.4504905537279385,0.004504905537279385,US30,range,lod,session
2016-02-19 15:16:00+00:00,2016-02-19 20:59:00+00:00,long,time,16347.631,16388.014499999997,60.399499999999534,0.6686065281997103,0.04962948393612567,0.6189770442635847,0.006189770442635847,US30,range,lod,session
2016-02-29 16:12:00+00:00,2016-02-29 19:21:00+00:00,long,stop,16665.6765,16605.4155,60.26100000000224,-1.0,0.05239323895222255,-1.0523932389522226,-0.010523932389522227,US30,range,lod,session
2016-03-11 15:04:00+00:00,2016-03-11 15:35:00+00:00,short,stop,17155.425499999998,17186.8735,31.448000000003958,-1.0,0.1050655894651356,-1.1050655894651356,-0.011050655894651356,US30,range,lod,session
2016-03-23 14:02:00+00:00,2016-03-23 15:35:00+00:00,long,stop,17550.9895,17525.980499999998,25.009000000001834,-1.0,0.18326936632810847,-1.1832693663281084,-0.011832693663281085,US30,range,lod,session
2016-03-29 14:00:00+00:00,2016-03-29 16:29:00+00:00,long,target,17474.095999999998,17583.1475,43.41149999999834,2.512041740092039,0.10160908883591142,2.410432651256128,0.02410432651256128,US30,range,lod,session
2016-03-30 14:04:00+00:00,2016-03-30 19:59:00+00:00,short,time,17762.446,17718.494,27.647000000000844,1.5897565739501498,0.16175101132129574,1.4280055626288541,0.014280055626288542,US30,range,lod,session
2016-04-01 14:00:00+00:00,2016-04-01 17:43:00+00:00,long,target,17607.852,17755.563000000002,41.72099999999773,3.5404472567774263,0.09992713549531955,3.440520121282107,0.03440520121282107,US30,range,lod,session
2016-04-05 14:00:00+00:00,2016-04-05 19:55:00+00:00,long,stop,17645.5705,17595.968500000003,49.60199999999895,-1.0,0.06798419453852811,-1.067984194538528,-0.01067984194538528,US30,range,lod,session
2016-04-06 14:01:00+00:00,2016-04-06 14:17:00+00:00,long,stop,17587.044,17556.001,31.043000000001484,-1.0,0.14548371420287293,-1.1454837142028729,-0.01145483714202873,US30,range,lod,session
2016-05-04 14:00:00+00:00,2016-05-04 18:01:00+00:00,long,stop,17693.5195,17617.8875,75.63199999999779,-1.0,0.047435280469908296,-1.0474352804699083,-0.010474352804699083,US30,range,lod,session
2016-05-09 14:22:00+00:00,2016-05-09 19:59:00+00:00,short,time,17739.9815,17704.844,41.33999999999651,0.8499637155298426,0.08741890426948005,0.7625448112603626,0.007625448112603626,US30,range,lod,session
2016-06-07 19:14:00+00:00,2016-06-07 19:59:00+00:00,short,time,17969.587,17943.260000000002,29.422500000000582,0.8947914011384817,0.10733361050216458,0.787457790636317,0.007874577906363171,US30,range,lod,session
2016-06-20 15:03:00+00:00,2016-06-20 19:59:00+00:00,short,time,17904.5815,17808.645,26.675999999999476,3.5963600239916658,0.1749436871157629,3.421416336875903,0.03421416336875903,US30,range,lod,session
2016-06-22 14:00:00+00:00,2016-06-22 14:10:00+00:00,short,stop,17868.059,17882.624,14.56499999999869,-1.0,0.31371012461382836,-1.3137101246138283,-0.013137101246138283,US30,range,lod,session
2016-06-30 14:06:00+00:00,2016-06-30 14:38:00+00:00,short,stop,17713.3135,17752.509,39.19549999999799,-1.0,0.11974071825847969,-1.1197407182584798,-0.011197407182584797,US30,range,lod,session
2016-07-06 14:00:00+00:00,2016-07-06 14:17:00+00:00,long,stop,17776.3645,17746.222,30.14249999999811,-1.0,0.08986677307788571,-1.0898667730778857,-0.010898667730778857,US30,range,lod,session
2016-07-11 14:02:00+00:00,2016-07-11 15:01:00+00:00,short,stop,18224.2245,18249.9945,25.770000000000437,-1.0,0.1426569773961947,-1.1426569773961948,-0.011426569773961948,US30,range,lod,session
2016-07-12 14:03:00+00:00,2016-07-12 16:11:00+00:00,short,stop,18324.424,18353.5685,29.144500000002154,-1.0,0.09764440083033814,-1.097644400830338,-0.01097644400830338,US30,range,lod,session
2016-07-28 14:00:00+00:00,2016-07-28 14:37:00+00:00,long,stop,18447.985,18398.3215,49.66350000000239,-1.0,0.08711584916487546,-1.0871158491648754,-0.010871158491648754,US30,range,lod,session
2016-08-04 14:00:00+00:00,2016-08-04 19:59:00+00:00,short,time,18345.497,18354.012000000002,51.9330000000009,-0.16396125777449613,0.09191924392967704,-0.2558805017041732,-0.002558805017041732,US30,range,lod,session
2016-08-08 14:20:00+00:00,2016-08-08 19:59:00+00:00,short,time,18527.7175,18527.6405,41.53399999999965,0.0018539028265396474,0.10680988738142333,-0.10495598455488368,-0.001049559845548837,US30,range,lod,session
2016-08-11 14:00:00+00:00,2016-08-11 14:37:00+00:00,short,stop,18561.029000000002,18584.7785,23.74949999999808,-1.0,0.30285854081141006,-1.30285854081141,-0.0130285854081141,US30,range,lod,session
2016-08-15 19:53:00+00:00,2016-08-15 19:59:00+00:00,short,time,18639.5775,18634.525500000003,16.608500000002095,0.3041815937619535,0.20523060706864377,0.0989509866933097,0.000989509866933097,US30,range,lod,session
2016-08-16 14:04:00+00:00,2016-08-16 19:58:00+00:00,long,stop,18590.589,18552.596,37.992999999998574,-1.0,0.1257265684468239,-1.1257265684468238,-0.011257265684468238,US30,range,lod,session
2016-08-22 14:00:00+00:00,2016-08-22 19:59:00+00:00,long,time,18494.927,18529.155,32.02400000000125,1.0688233824630846,0.1796407427241998,0.8891826397388848,0.008891826397388848,US30,range,lod,session
2016-08-23 14:06:00+00:00,2016-08-23 19:59:00+00:00,short,time,18615.5325,18549.9935,22.025000000001455,2.975664018161014,0.21003845119181355,2.7656255669692005,0.027656255669692004,US30,range,lod,session
2016-08-26 14:00:00+00:00,2016-08-26 14:04:00+00:00,short,stop,18494.497499999998,18538.519999999997,44.02249999999913,-1.0,0.10987011556590597,-1.1098701155659059,-0.01109870115565906,US30,range,lod,session
2016-09-02 14:06:00+00:00,2016-09-02 19:59:00+00:00,short,time,18524.661500000002,18490.2585,22.83849999999802,1.5063598747730826,0.1890592334216509,1.3173006413514317,0.013173006413514318,US30,range,lod,session
2016-09-26 14:05:00+00:00,2016-09-26 17:43:00+00:00,long,stop,18128.635,18099.338,29.29699999999866,-1.0,0.15385076031676304,-1.1538507603167631,-0.011538507603167632,US30,range,lod,session
2016-10-03 14:00:00+00:00,2016-10-03 19:59:00+00:00,long,time,18217.645,18247.975,22.99499999999898,1.3189823874755142,0.267900938247457,1.0510814492280574,0.010510814492280574,US30,range,lod,session
2016-10-10 14:01:00+00:00,2016-10-10 19:59:00+00:00,short,time,18383.1885,18330.0605,20.660500000001775,2.571476972967549,0.13013869206939663,2.4413382808981523,0.024413382808981525,US30,range,lod,session
2016-10-14 14:00:00+00:00,2016-10-14 19:59:00+00:00,short,time,18235.807500000003,18141.5515,27.990499999999884,3.367428234579647,0.1509381401725592,3.2164900944070878,0.03216490094407088,US30,range,lod,session
2016-10-21 15:13:00+00:00,2016-10-21 19:59:00+00:00,long,time,18083.71,18145.184,35.95999999999913,1.7095105672970932,0.082687462458289,1.6268231048388042,0.01626823104838804,US30,range,lod,session
2016-10-24 14:01:00+00:00,2016-10-24 19:59:00+00:00,short,time,18252.4295,18217.504,23.48800000000483,1.4869507833783366,0.12061810211594928,1.3663326812623873,0.013663326812623873,US30,range,lod,session
2016-11-07 15:11:00+00:00,2016-11-07 15:35:00+00:00,short,stop,18147.2025,18170.5,23.297500000000582,-1.0,0.13905217995492733,-1.1390521799549274,-0.011390521799549273,US30,range,lod,session
2016-11-10 15:02:00+00:00,2016-11-10 17:51:00+00:00,short,stop,18726.249499999998,18768.72,42.470500000003085,-1.0,0.061247365053385544,-1.0612473650533856,-0.010612473650533857,US30,range,lod,session
2016-11-15 15:10:00+00:00,2016-11-15 20:59:00+00:00,long,time,18836.292999999998,18921.364999999998,31.7029999999977,2.6834053559602022,0.06215055499479994,2.6212548009654024,0.026212548009654026,US30,range,lod,session
2016-11-30 15:00:00+00:00,2016-11-30 20:59:00+00:00,short,time,19196.0,19139.099000000002,27.431499999998778,2.0742941508849517,0.12069117620254625,1.9536029746824055,0.019536029746824054,US30,range,lod,session
2016-12-02 15:00:00+00:00,2016-12-02 20:59:00+00:00,long,time,19178.7635,19167.636,37.580000000001746,-0.2961016498137789,0.0849818953565687,-0.3810835451703476,-0.003810835451703476,US30,range,lod,session
2016-12-08 15:00:00+00:00,2016-12-08 17:23:00+00:00,short,stop,19555.5,19594.004,38.504000000000815,-1.0,0.06916443746104153,-1.0691644374610416,-0.010691644374610416,US30,range,lod,session
2016-12-13 15:06:00+00:00,2016-12-13 17:16:00+00:00,short,stop,19888.4485,19917.551,29.102500000000873,-1.0,0.11602952160466964,-1.1160295216046696,-0.011160295216046697,US30,range,lod,session
2016-12-22 15:00:00+00:00,2016-12-22 16:28:00+00:00,long,stop,19920.4885,19900.977,19.511500000000524,-1.0,0.17255627463290416,-1.1725562746329041,-0.011725562746329042,US30,range,lod,session
2017-01-04 15:06:00+00:00,2017-01-04 20:36:00+00:00,short,stop,19904.2025,19944.750500000002,40.5480000000025,-1.0,0.08308111774932901,-1.083081117749329,-0.01083081117749329,US30,range,lod,session
2017-01-10 15:05:00+00:00,2017-01-10 16:06:00+00:00,long,target,19873.75,19943.500500000002,34.67749999999796,2.0114050897557787,0.06539669093793188,1.9460083988178467,0.01946008398817847,US30,range,lod,session
2017-01-13 15:01:00+00:00,2017-01-13 20:59:00+00:00,short,time,19912.582000000002,19884.178,39.890999999995984,0.7120403098444544,0.17295424607055965,0.5390860637738948,0.005390860637738948,US30,range,lod,session
2017-01-18 15:00:00+00:00,2017-01-18 20:59:00+00:00,long,time,19793.588499999998,19803.806,56.680499999994936,0.18026481770632558,0.08841812003247057,0.091846697673855,0.00091846697673855,US30,range,lod,session
2017-02-01 15:06:00+00:00,2017-02-01 20:59:00+00:00,short,time,19934.713,19886.484,28.89600000000064,1.6690545404207604,0.16797329543881132,1.501081244981949,0.01501081244981949,US30,range,lod,session
2017-02-07 15:01:00+00:00,2017-02-07 20:59:00+00:00,short,time,20132.132,20087.4075,26.867999999998574,1.664601012356805,0.052500691528959156,1.6121003208278457,0.01612100320827846,US30,range,lod,session
2017-02-10 15:05:00+00:00,2017-02-10 15:32:00+00:00,short,stop,20224.7775,20239.677499999998,14.899999999997817,-1.0,0.306752385067159,-1.306752385067159,-0.01306752385067159,US30,range,lod,session
2017-03-20 14:02:00+00:00,2017-03-20 18:38:00+00:00,long,stop,20922.412,20893.0565,29.355500000001484,-1.0,0.23530601147994926,-1.2353060114799492,-0.012353060114799492,US30,range,lod,session
2017-03-21 14:00:00+00:00,2017-03-21 14:24:00+00:00,short,target,20935.379500000003,20882.7585,33.800499999997555,1.556811289774016,0.15018346570318095,1.4066278240708352,0.014066278240708352,US30,range,lod,session
2017-03-27 15:24:00+00:00,2017-03-27 19:59:00+00:00,long,time,20491.25,20549.949999999997,81.25,0.7224615384615026,0.06143915384615384,0.6610223846153488,0.006610223846153488,US30,range,lod,session
2017-04-06 14:00:00+00:00,2017-04-06 19:59:00+00:00,long,time,20680.6,20664.8505,71.94999999999709,-0.21889506601805025,0.0646543571924974,-0.28354942321054766,-0.002835494232105477,US30,range,lod,session
2017-04-11 14:00:00+00:00,2017-04-11 14:22:00+00:00,long,stop,20623.35,20582.3505,40.99949999999808,-1.0,0.16205447017647318,-1.1620544701764732,-0.011620544701764733,US30,range,lod,session
2017-04-25 14:00:00+00:00,2017-04-25 14:03:00+00:00,short,stop,20962.949,20977.050499999998,14.101499999997031,-1.0,0.29713137715852095,-1.297131377158521,-0.012971313771585209,US30,range,lod,session
2017-06-08 18:44:00+00:00,2017-06-08 19:59:00+00:00,short,time,21155.6495,21186.65,49.25,-0.6294517766497852,0.059596288680203044,-0.6890480653299883,-0.006890480653299883,US30,range,lod,session
2017-06-20 14:00:00+00:00,2017-06-20 19:59:00+00:00,short,time,21504.6005,21468.5,29.399499999999534,1.2279290464123893,0.16201367599789368,1.0659153704144957,0.010659153704144957,US30,range,lod,session
2017-06-23 14:00:00+00:00,2017-06-23 19:59:00+00:00,long,time,21368.5,21396.0,37.65049999999974,0.7304019866934088,0.13138597096984192,0.5990160157235669,0.005990160157235669,US30,range,lod,session
2017-06-27 14:02:00+00:00,2017-06-27 17:37:00+00:00,long,stop,21397.0,21371.2005,25.79950000000099,-1.0,0.17638306943932344,-1.1763830694393234,-0.011763830694393233,US30,range,lod,session
2017-07-27 16:57:00+00:00,2017-07-27 19:59:00+00:00,short,stop,21743.6495,21789.5005,45.85099999999875,-1.0,0.25679564715055986,-1.25679564715056,-0.0125679564715056,US30,range,lod,session
2017-07-31 14:01:00+00:00,2017-07-31 16:27:00+00:00,short,stop,21891.9,21915.15,23.25,-1.0,0.44367339784946236,-1.4436733978494622,-0.014436733978494622,US30,range,lod,session
2017-08-02 14:23:00+00:00,2017-08-02 19:59:00+00:00,short,time,21990.6,22012.5,41.00050000000192,-0.534139827563089,0.11289450128656439,-0.6470343288496534,-0.006470343288496534,US30,range,lod,session
2017-08-08 14:01:00+00:00,2017-08-08 14:19:00+00:00,long,target,22110.5,22121.9,30.0,0.3800000000000485,0.15483058333333333,0.2251694166667152,0.002251694166667152,US30,range,lod,session
2017-08-31 14:37:00+00:00,2017-08-31 19:36:00+00:00,short,stop,21940.3995,21973.500500000002,33.10100000000239,-1.0,0.10537826553577682,-1.105378265535777,-0.01105378265535777,US30,range,lod,session
2017-09-20 14:00:00+00:00,2017-09-20 15:17:00+00:00,short,stop,22369.5995,22388.75,19.150499999999738,-1.0,0.26003999543093226,-1.2600399954309323,-0.012600399954309323,US30,range,lod,session
2017-09-27 14:00:00+00:00,2017-09-27 14:52:00+00:00,short,target,22339.999499999998,22277.9495,30.50050000000192,2.0343928788051135,0.16642022040621238,1.8679726583989011,0.01867972658398901,US30,range,lod,session
2017-10-18 14:08:00+00:00,2017-10-18 14:43:00+00:00,short,stop,23103.4995,23120.0,16.500499999998283,-1.0,0.2897471247841276,-1.2897471247841277,-0.012897471247841278,US30,range,lod,session
2017-10-24 14:00:00+00:00,2017-10-24 14:54:00+00:00,short,stop,23419.5,23463.5005,44.00049999999828,-1.0,0.1096267656049406,-1.1096267656049406,-0.011096267656049406,US30,range,lod,session
2017-10-27 14:00:00+00:00,2017-10-27 19:59:00+00:00,long,time,23390.5005,23433.5,40.50049999999828,1.0617029419390758,0.11895452074666249,0.9427484211924133,0.009427484211924133,US30,range,lod,session
2017-11-09 15:00:00+00:00,2017-11-09 16:45:00+00:00,long,stop,23452.5005,23409.0,43.50049999999828,-1.0,0.07320404437880314,-1.0732040443788031,-0.01073204044378803,US30,range,lod,session
2017-11-15 15:07:00+00:00,2017-11-15 20:59:00+00:00,long,time,23280.5005,23275.5,38.000999999996566,-0.13158864240411397,0.08355655199863916,-0.21514519440275315,-0.0021514519440275315,US30,range,lod,session
2017-11-17 15:03:00+00:00,2017-11-17 16:10:00+00:00,long,stop,23393.5005,23360.0,33.50049999999828,-1.0,0.09500089647916188,-1.0950008964791618,-0.010950008964791617,US30,range,lod,session
2013-11-07 15:00:00+00:00,2013-11-07 20:59:00+00:00,short,time,15770.3835,15606.4935,31.099500000000262,5.2698596440456615,0.07128972901493533,5.198569915030726,0.05198569915030726,US30,swing,sneaky,c3
2013-11-18 15:00:00+00:00,2013-11-18 16:02:00+00:00,short,stop,15994.041000000001,16017.796999999999,23.755999999997584,-1.0,0.04536170504294113,-1.0453617050429411,-0.01045361705042941,US30,swing,sneaky,c3
2013-12-23 15:02:00+00:00,2013-12-23 17:16:00+00:00,short,stop,16277.508,16309.075,31.567000000000917,-1.0,0.07713872144961287,-1.0771387214496129,-0.01077138721449613,US30,swing,sneaky,c3
2013-12-27 15:00:00+00:00,2013-12-27 20:59:00+00:00,short,time,16504.99,16482.466,9.828999999997905,2.291586122698754,0.11301499135214538,2.1785711313466085,0.021785711313466086,US30,swing,sneaky,c3
2014-01-24 15:06:00+00:00,2014-01-24 15:17:00+00:00,long,stop,16109.542,16059.474999999999,50.06700000000092,-1.0,0.04396349351868416,-1.0439634935186841,-0.010439634935186841,US30,swing,sneaky,c3
2014-02-07 15:12:00+00:00,2014-02-07 16:48:00+00:00,short,stop,15670.515500000001,15708.531500000001,38.01599999999962,-1.0,0.05651787425031622,-1.0565178742503163,-0.010565178742503163,US30,swing,sneaky,c3
2014-02-11 15:02:00+00:00,2014-02-11 15:20:00+00:00,short,stop,15850.5065,15874.471,23.964500000000044,-1.0,0.08889327640885461,-1.0888932764088546,-0.010888932764088546,US30,swing,sneaky,c3
2014-03-13 14:00:00+00:00,2014-03-13 16:06:00+00:00,short,target,16373.454,16242.224999999999,22.301499999999578,5.884312714391573,0.11601983229827809,5.768292882093295,0.057682928820932955,US30,swing,sneaky,c3
2014-03-21 14:01:00+00:00,2014-03-21 14:27:00+00:00,short,stop,16395.4725,16414.511,19.03849999999875,-1.0,0.17340592943247718,-1.1734059294324772,-0.011734059294324773,US30,swing,sneaky,c3
2014-03-25 14:02:00+00:00,2014-03-25 17:30:00+00:00,short,stop,16379.3525,16401.531499999997,22.17899999999645,-1.0,0.14812266502098947,-1.1481226650209895,-0.011481226650209895,US30,swing,sneaky,c3
2014-03-27 14:04:00+00:00,2014-03-27 19:59:00+00:00,long,time,16238.038,16264.009,47.553499999999985,0.5461427655167245,0.06859926461774636,0.4775435008989781,0.004775435008989782,US30,swing,sneaky,c3
2014-05-01 14:00:00+00:00,2014-05-01 19:59:00+00:00,short,time,16562.0055,16556.506999999998,43.99750000000131,0.12497300983013467,0.07556953787146771,0.049403471958666956,0.0004940347195866695,US30,swing,sneaky,c3
2014-06-09 14:03:00+00:00,2014-06-09 15:17:00+00:00,short,stop,16929.521999999997,16950.982,21.460000000002765,-1.0,0.15747835368124716,-1.1574783536812472,-0.011574783536812473,US30,swing,sneaky,c3
2014-06-19 14:04:00+00:00,2014-06-19 19:59:00+00:00,short,time,16894.980499999998,16913.511,26.020500000002357,-0.7121500355488587,0.13265780317440815,-0.8448078387232668,-0.008448078387232669,US30,swing,sneaky,c3
2014-07-15 14:13:00+00:00,2014-07-15 19:59:00+00:00,short,time,17079.501,17063.5015,38.02349999999933,0.420779254934501,0.08927985679908634,0.3314993981354147,0.003314993981354147,US30,swing,sneaky,c3
2014-08-28 14:06:00+00:00,2014-08-28 19:59:00+00:00,long,time,17056.795,17082.411500000002,39.55749999999534,0.6475763129623141,0.08574018390950892,0.5618361290528052,0.005618361290528053,US30,swing,sneaky,c3
2014-09-10 14:09:00+00:00,2014-09-10 14:35:00+00:00,long,stop,17009.1435,16982.605,26.53849999999875,-1.0,0.1254115482223998,-1.1254115482223999,-0.011254115482223999,US30,swing,sneaky,c3
2014-10-06 14:00:00+00:00,2014-10-06 19:59:00+00:00,short,time,17077.334000000003,16993.917,24.46599999999671,3.4095070710378685,0.1398855591433197,3.269621511894549,0.032696215118945486,US30,swing,sneaky,c3
2014-10-07 14:00:00+00:00,2014-10-07 15:26:00+00:00,long,stop,16867.8205,16827.3865,40.434000000001106,-1.0,0.09220348636048618,-1.0922034863604861,-0.010922034863604862,US30,swing,sneaky,c3
2014-10-15 14:00:00+00:00,2014-10-15 14:45:00+00:00,long,stop,16160.0845,16084.500499999998,75.58400000000256,-1.0,0.07821247099253546,-1.0782124709925354,-0.010782124709925353,US30,swing,sneaky,c3
2014-10-30 14:00:00+00:00,2014-10-30 14:59:00+00:00,short,stop,17038.288,17097.800499999998,59.51249999999709,-1.0,0.1339914955681645,-1.1339914955681645,-0.011339914955681644,US30,swing,sneaky,c3
2014-11-06 15:01:00+00:00,2014-11-06 16:04:00+00:00,short,stop,17487.028,17520.764000000003,33.736000000004424,-1.0,0.06416459627696572,-1.0641645962769657,-0.010641645962769657,US30,swing,sneaky,c3
2014-12-22 15:01:00+00:00,2014-12-22 15:15:00+00:00,short,stop,17890.9185,17910.0295,19.111000000000786,-1.0,0.29160743563914865,-1.2916074356391487,-0.012916074356391487,US30,swing,sneaky,c3
2015-01-26 15:03:00+00:00,2015-01-26 20:59:00+00:00,long,time,17617.1105,17675.487,54.266999999999825,1.0757274218217758,0.04045022172775364,1.0352772000940222,0.010352772000940223,US30,swing,sneaky,c3
2015-01-29 15:02:00+00:00,2015-01-29 15:40:00+00:00,long,stop,17241.945,17160.8045,81.14050000000134,-1.0,0.02770165854289736,-1.0277016585428973,-0.010277016585428973,US30,swing,sneaky,c3
2015-03-24 14:00:00+00:00,2015-03-24 17:26:00+00:00,long,stop,18104.828999999998,18058.7425,46.08649999999761,-1.0,0.10100901381099107,-1.1010090138109911,-0.01101009013810991,US30,swing,sneaky,c3
2015-03-31 14:00:00+00:00,2015-03-31 19:06:00+00:00,long,stop,17880.5785,17844.32,36.25849999999991,-1.0,0.13461334852517373,-1.1346133485251737,-0.011346133485251738,US30,swing,sneaky,c3
2015-04-07 14:00:00+00:00,2015-04-07 14:30:00+00:00,short,stop,17923.161999999997,17966.5705,43.408500000005006,-1.0,0.10531639817085299,-1.105316398170853,-0.01105316398170853,US30,swing,sneaky,c3
2015-04-15 14:08:00+00:00,2015-04-15 18:08:00+00:00,short,stop,18123.609,18148.464500000002,24.855500000001484,-1.0,0.16554433485545467,-1.1655443348554546,-0.011655443348554546,US30,swing,sneaky,c3
2015-05-12 14:09:00+00:00,2015-05-12 19:59:00+00:00,long,time,17984.661,18065.5365,63.30200000000332,1.2776136614955933,0.07231887199456194,1.2052947895010313,0.012052947895010314,US30,swing,sneaky,c3
2015-05-13 14:00:00+00:00,2015-05-13 19:59:00+00:00,short,time,18100.866,18064.468,35.224999999998545,1.0333002129170348,0.13409842185948037,0.8992017910575544,0.008992017910575544,US30,swing,sneaky,c3
2015-05-15 14:00:00+00:00,2015-05-15 19:59:00+00:00,short,time,18239.463,18268.5035,30.7345000000023,-0.9448827864451018,0.11837926450730377,-1.0632620509524056,-0.010632620509524056,US30,swing,sneaky,c3
2015-05-29 14:03:00+00:00,2015-05-29 14:11:00+00:00,long,stop,18081.6275,18048.578999999998,33.048500000000786,-1.0,0.11583036181672114,-1.1158303618167211,-0.011158303618167211,US30,swing,sneaky,c3
2015-06-02 14:03:00+00:00,2015-06-02 19:59:00+00:00,long,time,17983.1215,18011.3445,60.07600000000093,0.4697882681935831,0.07132168257706793,0.39846658561651516,0.003984665856165152,US30,swing,sneaky,c3
2015-06-05 14:00:00+00:00,2015-06-05 19:40:00+00:00,long,stop,17867.4465,17831.978499999997,35.46800000000076,-1.0,0.2076831306388813,-1.2076831306388813,-0.012076831306388813,US30,swing,sneaky,c3
2015-06-12 14:01:00+00:00,2015-06-12 14:21:00+00:00,long,stop,17942.0655,17913.402000000002,28.66349999999875,-1.0,0.19848165236276968,-1.1984816523627697,-0.011984816523627697,US30,swing,sneaky,c3
2015-06-15 14:01:00+00:00,2015-06-15 19:59:00+00:00,long,time,17733.097,17793.7195,38.91400000000067,1.5578583543196955,0.1482234695739297,1.4096348847457658,0.014096348847457658,US30,swing,sneaky,c3
2015-06-25 14:11:00+00:00,2015-06-25 14:41:00+00:00,long,stop,17994.519,17963.8295,30.689500000000407,-1.0,0.14843057283435504,-1.1484305728343551,-0.01148430572834355,US30,swing,sneaky,c3
2015-07-02 14:00:00+00:00,2015-07-02 19:59:00+00:00,short,time,17786.022,17722.963,38.696499999998196,1.6295789024848255,0.1032163883038566,1.526362514180969,0.01526362514180969,US30,swing,sneaky,c3
2015-07-10 14:10:00+00:00,2015-07-10 15:23:00+00:00,short,stop,17721.677,17753.498,31.820999999999913,-1.0,0.07889212768297686,-1.0788921276829768,-0.010788921276829769,US30,swing,sneaky,c3
2015-08-03 14:12:00+00:00,2015-08-03 14:24:00+00:00,long,stop,17656.7365,17618.4695,38.266999999999825,-1.0,0.12077402010871041,-1.1207740201087104,-0.011207740201087104,US30,swing,sneaky,c3
2015-08-17 14:03:00+00:00,2015-08-17 19:59:00+00:00,long,time,17371.232,17546.989,32.230500000001484,5.453126696762177,0.10685891686445576,5.346267779897722,0.05346267779897722,US30,swing,sneaky,c3
2015-09-03 14:01:00+00:00,2015-09-03 14:19:00+00:00,short,stop,16440.660499999998,16478.002,37.34150000000227,-1.0,0.10121417638551665,-1.1012141763855166,-0.011012141763855166,US30,swing,sneaky,c3
2015-09-29 14:00:00+00:00,2015-09-29 19:59:00+00:00,long,time,16040.375,16047.151999999998,99.45200000000114,0.06814342597432076,0.03282438387362711,0.03531904210069365,0.0003531904210069365,US30,swing,sneaky,c3
2015-10-09 14:01:00+00:00,2015-10-09 19:59:00+00:00,short,time,17079.773999999998,17087.642,31.84900000000198,-0.24704072341366207,0.14203803855693173,-0.38907876197059377,-0.0038907876197059378,US30,swing,sneaky,c3
2015-10-21 14:00:00+00:00,2015-10-21 15:34:00+00:00,short,stop,17255.763,17286.424,30.661000000000058,-1.0,0.147957601024102,-1.147957601024102,-0.01147957601024102,US30,swing,sneaky,c3
2015-12-14 15:07:00+00:00,2015-12-14 15:12:00+00:00,long,stop,17290.927499999998,17222.477,68.45049999999901,-1.0,0.050706865362562,-1.050706865362562,-0.01050706865362562,US30,swing,sneaky,c3
2015-12-16 15:05:00+00:00,2015-12-16 19:07:00+00:00,short,stop,17634.847500000003,17679.288,44.44049999999697,-1.0,0.14111598851274013,-1.1411159885127402,-0.011411159885127403,US30,swing,sneaky,c3
2016-01-05 15:01:00+00:00,2016-01-05 20:59:00+00:00,short,time,17130.8925,17161.366,60.500999999996566,-0.5036858894894595,0.05344553003256448,-0.5571314195220239,-0.005571314195220239,US30,swing,sneaky,c3
2016-01-12 15:02:00+00:00,2016-01-12 20:59:00+00:00,short,time,16541.9425,16515.182,51.97949999999764,0.5148279610231251,0.0643374072951866,0.4504905537279385,0.004504905537279385,US30,swing,sneaky,c3
2016-03-11 15:04:00+00:00,2016-03-11 15:35:00+00:00,short,stop,17155.425499999998,17186.8735,31.448000000003958,-1.0,0.1050655894651356,-1.1050655894651356,-0.011050655894651356,US30,swing,sneaky,c3
2016-03-23 14:02:00+00:00,2016-03-23 14:06:00+00:00,long,stop,17550.9895,17529.18,21.80949999999939,-1.0,0.21015537185630706,-1.210155371856307,-0.01210155371856307,US30,swing,sneaky,c3
2016-03-29 14:00:00+00:00,2016-03-29 19:59:00+00:00,long,time,17474.095999999998,17635.535,34.12749999999869,4.730466632481381,0.12925069108490717,4.6012159413964735,0.046012159413964734,US30,swing,sneaky,c3
2016-03-30 14:04:00+00:00,2016-03-30 19:59:00+00:00,short,time,17762.446,17718.494,27.647000000000844,1.5897565739501498,0.16175101132129574,1.4280055626288541,0.014280055626288542,US30,swing,sneaky,c3
2016-04-01 14:00:00+00:00,2016-04-01 19:45:00+00:00,long,target,17607.852,17805.7805,34.68950000000041,5.705717868519278,0.12018218827022445,5.585535680249054,0.05585535680249054,US30,swing,sneaky,c3
2016-04-05 14:00:00+00:00,2016-04-05 19:55:00+00:00,long,stop,17645.5705,17595.968500000003,49.60199999999895,-1.0,0.06798419453852811,-1.067984194538528,-0.01067984194538528,US30,swing,sneaky,c3
2016-04-06 14:01:00+00:00,2016-04-06 14:17:00+00:00,long,stop,17587.044,17556.001,31.043000000001484,-1.0,0.14548371420287293,-1.1454837142028729,-0.01145483714202873,US30,swing,sneaky,c3
2016-05-04 14:00:00+00:00,2016-05-04 18:00:00+00:00,long,stop,17693.5195,17621.906000000003,71.61349999999584,-1.0,0.050097050591022756,-1.0500970505910228,-0.010500970505910227,US30,swing,sneaky,c3
2016-06-22 14:00:00+00:00,2016-06-22 14:10:00+00:00,short,stop,17868.059,17882.624,14.56499999999869,-1.0,0.31371012461382836,-1.3137101246138283,-0.013137101246138283,US30,swing,sneaky,c3
2016-06-30 14:06:00+00:00,2016-06-30 14:15:00+00:00,short,stop,17713.3135,17750.482,37.16849999999977,-1.0,0.12627082939855064,-1.1262708293985506,-0.011262708293985506,US30,swing,sneaky,c3
2016-07-06 14:00:00+00:00,2016-07-06 14:17:00+00:00,long,stop,17776.3645,17746.222,30.14249999999811,-1.0,0.08986677307788571,-1.0898667730778857,-0.010898667730778857,US30,swing,sneaky,c3
2016-07-11 14:02:00+00:00,2016-07-11 15:01:00+00:00,short,stop,18224.2245,18249.9945,25.770000000000437,-1.0,0.1426569773961947,-1.1426569773961948,-0.011426569773961948,US30,swing,sneaky,c3
2016-07-12 14:03:00+00:00,2016-07-12 16:11:00+00:00,short,stop,18324.424,18353.5685,29.144500000002154,-1.0,0.09764440083033814,-1.097644400830338,-0.01097644400830338,US30,swing,sneaky,c3
2016-07-28 14:00:00+00:00,2016-07-28 14:37:00+00:00,long,stop,18447.985,18400.209,47.77600000000166,-1.0,0.09055755975803437,-1.0905575597580344,-0.010905575597580344,US30,swing,sneaky,c3
2016-08-04 14:00:00+00:00,2016-08-04 19:59:00+00:00,short,time,18345.497,18354.012000000002,50.46700000000055,-0.16872411674961782,0.09458937711771946,-0.26331349386733727,-0.0026331349386733726,US30,swing,sneaky,c3
2016-08-11 14:00:00+00:00,2016-08-11 14:37:00+00:00,short,stop,18561.029000000002,18584.7785,23.74949999999808,-1.0,0.30285854081141006,-1.30285854081141,-0.0130285854081141,US30,swing,sneaky,c3
2016-08-22 14:00:00+00:00,2016-08-22 19:59:00+00:00,long,time,18494.927,18529.155,26.2654999999977,1.3031543279207383,0.21902553330416338,1.084128794616575,0.01084128794616575,US30,swing,sneaky,c3
2016-08-23 14:06:00+00:00,2016-08-23 19:59:00+00:00,short,time,18615.5325,18549.9935,22.025000000001455,2.975664018161014,0.21003845119181355,2.7656255669692005,0.027656255669692004,US30,swing,sneaky,c3
2016-08-26 14:00:00+00:00,2016-08-26 14:04:00+00:00,short,stop,18494.497499999998,18535.3295,40.832000000002154,-1.0,0.11845506373676883,-1.1184550637367687,-0.011184550637367688,US30,swing,sneaky,c3
2016-09-02 14:06:00+00:00,2016-09-02 19:59:00+00:00,short,time,18524.661500000002,18490.2585,22.83849999999802,1.5063598747730826,0.1890592334216509,1.3173006413514317,0.013173006413514318,US30,swing,sneaky,c3
2016-09-26 14:05:00+00:00,2016-09-26 17:43:00+00:00,long,stop,18128.635,18099.338,29.29699999999866,-1.0,0.15385076031676304,-1.1538507603167631,-0.011538507603167632,US30,swing,sneaky,c3
2016-10-03 14:00:00+00:00,2016-10-03 19:59:00+00:00,long,time,18217.645,18247.975,22.99499999999898,1.3189823874755142,0.267900938247457,1.0510814492280574,0.010510814492280574,US30,swing,sneaky,c3
2016-10-10 14:01:00+00:00,2016-10-10 19:59:00+00:00,short,time,18383.1885,18330.0605,20.660500000001775,2.571476972967549,0.13013869206939663,2.4413382808981523,0.024413382808981525,US30,swing,sneaky,c3
2016-10-14 14:00:00+00:00,2016-10-14 19:59:00+00:00,short,time,18235.807500000003,18141.5515,27.990499999999884,3.367428234579647,0.1509381401725592,3.2164900944070878,0.03216490094407088,US30,swing,sneaky,c3
2016-10-24 14:01:00+00:00,2016-10-24 19:59:00+00:00,short,time,18252.4295,18217.504,18.07050000000163,1.932735674164766,0.1567791695027666,1.7759565046619996,0.017759565046619998,US30,swing,sneaky,c3
2016-11-07 15:11:00+00:00,2016-11-07 15:33:00+00:00,short,stop,18147.2025,18167.5,20.297500000000582,-1.0,0.15960429424805556,-1.1596042942480556,-0.011596042942480556,US30,swing,sneaky,c3
2016-11-10 15:02:00+00:00,2016-11-10 17:51:00+00:00,short,stop,18726.249499999998,18768.72,42.470500000003085,-1.0,0.061247365053385544,-1.0612473650533856,-0.010612473650533857,US30,swing,sneaky,c3
2016-11-30 15:00:00+00:00,2016-11-30 20:59:00+00:00,short,time,19196.0,19139.099000000002,27.431499999998778,2.0742941508849517,0.12069117620254625,1.9536029746824055,0.019536029746824054,US30,swing,sneaky,c3
2016-12-08 15:00:00+00:00,2016-12-08 16:23:00+00:00,short,stop,19555.5,19583.277000000002,27.777000000001863,-1.0,0.0958745544875192,-1.0958745544875192,-0.010958745544875192,US30,swing,sneaky,c3
2016-12-13 15:06:00+00:00,2016-12-13 17:15:00+00:00,short,stop,19888.4485,19910.951999999997,22.503499999998894,-1.0,0.1500543983158249,-1.150054398315825,-0.01150054398315825,US30,swing,sneaky,c3
2017-01-04 15:06:00+00:00,2017-01-04 16:56:00+00:00,short,stop,19904.2025,19923.0945,18.891999999999825,-1.0,0.17831744455325174,-1.1783174445532518,-0.01178317444553252,US30,swing,sneaky,c3
2017-01-10 15:05:00+00:00,2017-01-10 20:59:00+00:00,long,time,19873.75,19861.5,29.131499999999505,-0.42050701131078755,0.07784678955769658,-0.49835380086848413,-0.004983538008684841,US30,swing,sneaky,c3
2017-01-13 15:01:00+00:00,2017-01-13 20:59:00+00:00,short,time,19912.582000000002,19884.178,37.167999999997846,0.7642057684030326,0.18562521066509902,0.5785805577379335,0.005785805577379335,US30,swing,sneaky,c3
2017-01-18 15:00:00+00:00,2017-01-18 17:25:00+00:00,long,stop,19793.588499999998,19765.3045,28.28399999999965,-1.0,0.17718792435652886,-1.1771879243565289,-0.011771879243565288,US30,swing,sneaky,c3
2017-02-01 15:06:00+00:00,2017-02-01 20:59:00+00:00,short,time,19934.713,19886.484,20.479499999997643,2.3549891354771804,0.2370056078029521,2.1179835276742285,0.021179835276742286,US30,swing,sneaky,c3
2017-02-07 15:01:00+00:00,2017-02-07 20:59:00+00:00,short,time,20132.132,20087.4075,26.867999999998574,1.664601012356805,0.052500691528959156,1.6121003208278457,0.01612100320827846,US30,swing,sneaky,c3
2017-02-10 15:05:00+00:00,2017-02-10 15:32:00+00:00,short,stop,20224.7775,20239.677499999998,14.899999999997817,-1.0,0.306752385067159,-1.306752385067159,-0.01306752385067159,US30,swing,sneaky,c3
2017-03-20 14:02:00+00:00,2017-03-20 17:44:00+00:00,long,stop,20922.412,20902.8215,19.590500000002066,-1.0,0.35259567749670867,-1.3525956774967087,-0.013525956774967087,US30,swing,sneaky,c3
2017-03-21 14:00:00+00:00,2017-03-21 14:57:00+00:00,short,target,20935.379500000003,20777.377,26.694499999997788,5.9189158815492116,0.19016187725937633,5.7287540042898355,0.057287540042898356,US30,swing,sneaky,c3
2017-04-06 14:00:00+00:00,2017-04-06 19:59:00+00:00,long,time,20680.6,20664.8505,71.94999999999709,-0.21889506601805025,0.0646543571924974,-0.28354942321054766,-0.002835494232105477,US30,swing,sneaky,c3
2017-04-11 14:00:00+00:00,2017-04-11 14:22:00+00:00,long,stop,20623.35,20582.3505,40.99949999999808,-1.0,0.16205447017647318,-1.1620544701764732,-0.011620544701764733,US30,swing,sneaky,c3
2017-04-25 14:00:00+00:00,2017-04-25 14:02:00+00:00,short,stop,20962.949,20975.0495,12.100500000000466,-1.0,0.3462665274162092,-1.3462665274162093,-0.013462665274162094,US30,swing,sneaky,c3
2017-06-20 14:00:00+00:00,2017-06-20 14:44:00+00:00,short,stop,21504.6005,21526.3495,21.748999999999796,-1.0,0.21900414122488596,-1.219004141224886,-0.01219004141224886,US30,swing,sneaky,c3
2017-07-31 14:01:00+00:00,2017-07-31 16:27:00+00:00,short,stop,21891.9,21915.15,23.25,-1.0,0.44367339784946236,-1.4436733978494622,-0.014436733978494622,US30,swing,sneaky,c3
2017-09-20 14:00:00+00:00,2017-09-20 14:38:00+00:00,short,stop,22369.5995,22382.1,12.500499999998283,-1.0,0.3983757395704719,-1.398375739570472,-0.013983757395704718,US30,swing,sneaky,c3
2017-09-27 14:00:00+00:00,2017-09-27 19:05:00+00:00,short,stop,22339.999499999998,22369.0,29.00050000000192,-1.0,0.1750280144307741,-1.175028014430774,-0.011750280144307741,US30,swing,sneaky,c3
2017-10-18 14:08:00+00:00,2017-10-18 14:42:00+00:00,short,stop,23103.4995,23115.5005,12.000999999996566,-1.0,0.39838117094420206,-1.398381170944202,-0.01398381170944202,US30,swing,sneaky,c3
2017-10-24 14:00:00+00:00,2017-10-24 14:09:00+00:00,short,stop,23419.5,23445.5005,26.000499999998283,-1.0,0.1855207592161812,-1.1855207592161812,-0.011855207592161812,US30,swing,sneaky,c3
2017-11-15 15:07:00+00:00,2017-11-15 20:59:00+00:00,long,time,23280.5005,23275.5,38.000999999996566,-0.13158864240411397,0.08355655199863916,-0.21514519440275315,-0.0021514519440275315,US30,swing,sneaky,c3
2017-11-17 15:03:00+00:00,2017-11-17 16:10:00+00:00,long,stop,23393.5005,23360.0,33.50049999999828,-1.0,0.09500089647916188,-1.0950008964791618,-0.010950008964791617,US30,swing,sneaky,c3
2013-11-07 15:00:00+00:00,2013-11-07 20:59:00+00:00,short,time,15770.3835,15606.4935,31.099500000000262,5.2698596440456615,0.07128972901493533,5.198569915030726,0.05198569915030726,US30,swing,sneaky,session
2013-11-18 15:00:00+00:00,2013-11-18 16:02:00+00:00,short,stop,15994.041000000001,16017.796999999999,23.755999999997584,-1.0,0.04536170504294113,-1.0453617050429411,-0.01045361705042941,US30,swing,sneaky,session
2013-12-23 15:02:00+00:00,2013-12-23 17:16:00+00:00,short,stop,16277.508,16309.075,31.567000000000917,-1.0,0.07713872144961287,-1.0771387214496129,-0.01077138721449613,US30,swing,sneaky,session
2013-12-27 15:00:00+00:00,2013-12-27 20:59:00+00:00,short,time,16504.99,16482.466,9.828999999997905,2.291586122698754,0.11301499135214538,2.1785711313466085,0.021785711313466086,US30,swing,sneaky,session
2014-01-24 15:06:00+00:00,2014-01-24 15:17:00+00:00,long,stop,16109.542,16059.474999999999,50.06700000000092,-1.0,0.04396349351868416,-1.0439634935186841,-0.010439634935186841,US30,swing,sneaky,session
2014-02-07 15:12:00+00:00,2014-02-07 16:48:00+00:00,short,stop,15670.515500000001,15708.531500000001,38.01599999999962,-1.0,0.05651787425031622,-1.0565178742503163,-0.010565178742503163,US30,swing,sneaky,session
2014-02-11 15:02:00+00:00,2014-02-11 15:20:00+00:00,short,stop,15850.5065,15874.471,23.964500000000044,-1.0,0.08889327640885461,-1.0888932764088546,-0.010888932764088546,US30,swing,sneaky,session
2014-03-10 19:46:00+00:00,2014-03-10 19:59:00+00:00,long,time,16425.538999999997,16417.514,27.660499999998137,-0.29012490735880975,0.07970427269934197,-0.3698291800581517,-0.003698291800581517,US30,swing,sneaky,session
2014-03-13 14:00:00+00:00,2014-03-13 16:06:00+00:00,short,target,16373.454,16242.224999999999,22.301499999999578,5.884312714391573,0.11601983229827809,5.768292882093295,0.057682928820932955,US30,swing,sneaky,session
2014-03-21 14:01:00+00:00,2014-03-21 14:27:00+00:00,short,stop,16395.4725,16414.511,19.03849999999875,-1.0,0.17340592943247718,-1.1734059294324772,-0.011734059294324773,US30,swing,sneaky,session
2014-03-25 14:02:00+00:00,2014-03-25 17:30:00+00:00,short,stop,16379.3525,16401.531499999997,22.17899999999645,-1.0,0.14812266502098947,-1.1481226650209895,-0.011481226650209895,US30,swing,sneaky,session
2014-03-27 14:04:00+00:00,2014-03-27 19:59:00+00:00,long,time,16238.038,16264.009,47.553499999999985,0.5461427655167245,0.06859926461774636,0.4775435008989781,0.004775435008989782,US30,swing,sneaky,session
2014-04-10 14:47:00+00:00,2014-04-10 17:18:00+00:00,short,target,16415.476000000002,16242.224999999999,40.63999999999942,4.263065944882046,0.05410939812992204,4.208956546752123,0.04208956546752123,US30,swing,sneaky,session
2014-04-16 14:42:00+00:00,2014-04-16 15:54:00+00:00,short,stop,16337.9615,16379.0425,41.08100000000013,-1.0,0.052505233502105425,-1.0525052335021055,-0.010525052335021054,US30,swing,sneaky,session
2014-05-01 14:00:00+00:00,2014-05-01 19:59:00+00:00,short,time,16562.0055,16556.506999999998,43.99750000000131,0.12497300983013467,0.07556953787146771,0.049403471958666956,0.0004940347195866695,US30,swing,sneaky,session
2014-05-06 14:31:00+00:00,2014-05-06 14:59:00+00:00,long,stop,16470.3965,16438.4715,31.924999999999272,-1.0,0.06802116750195926,-1.0680211675019593,-0.010680211675019593,US30,swing,sneaky,session
2014-06-09 14:03:00+00:00,2014-06-09 15:17:00+00:00,short,stop,16929.521999999997,16950.982,21.460000000002765,-1.0,0.15747835368124716,-1.1574783536812472,-0.011574783536812473,US30,swing,sneaky,session
2014-06-19 14:04:00+00:00,2014-06-19 19:59:00+00:00,short,time,16894.980499999998,16913.511,26.020500000002357,-0.7121500355488587,0.13265780317440815,-0.8448078387232668,-0.008448078387232669,US30,swing,sneaky,session
2014-07-15 14:13:00+00:00,2014-07-15 19:59:00+00:00,short,time,17079.501,17063.5015,38.02349999999933,0.420779254934501,0.08927985679908634,0.3314993981354147,0.003314993981354147,US30,swing,sneaky,session
2014-08-13 14:16:00+00:00,2014-08-13 15:00:00+00:00,short,stop,16583.504,16615.527000000002,32.02300000000105,-1.0,0.10279402429503459,-1.1027940242950347,-0.011027940242950347,US30,swing,sneaky,session
2014-08-28 14:06:00+00:00,2014-08-28 19:59:00+00:00,long,time,17056.795,17082.411500000002,39.55749999999534,0.6475763129623141,0.08574018390950892,0.5618361290528052,0.005618361290528053,US30,swing,sneaky,session
2014-09-10 14:09:00+00:00,2014-09-10 14:35:00+00:00,long,stop,17009.1435,16982.605,26.53849999999875,-1.0,0.1254115482223998,-1.1254115482223999,-0.011254115482223999,US30,swing,sneaky,session
2014-10-06 14:00:00+00:00,2014-10-06 19:59:00+00:00,short,time,17077.334000000003,16993.917,24.46599999999671,3.4095070710378685,0.1398855591433197,3.269621511894549,0.032696215118945486,US30,swing,sneaky,session
2014-10-07 14:00:00+00:00,2014-10-07 15:26:00+00:00,long,stop,16867.8205,16827.3865,40.434000000001106,-1.0,0.09220348636048618,-1.0922034863604861,-0.010922034863604862,US30,swing,sneaky,session
2014-10-15 14:00:00+00:00,2014-10-15 14:45:00+00:00,long,stop,16160.0845,16084.500499999998,75.58400000000256,-1.0,0.07821247099253546,-1.0782124709925354,-0.010782124709925353,US30,swing,sneaky,session
2014-10-30 14:00:00+00:00,2014-10-30 14:59:00+00:00,short,stop,17038.288,17097.800499999998,59.51249999999709,-1.0,0.1339914955681645,-1.1339914955681645,-0.011339914955681644,US30,swing,sneaky,session
2014-11-06 15:01:00+00:00,2014-11-06 16:04:00+00:00,short,stop,17487.028,17520.764000000003,33.736000000004424,-1.0,0.06416459627696572,-1.0641645962769657,-0.010641645962769657,US30,swing,sneaky,session
2014-12-22 15:01:00+00:00,2014-12-22 15:15:00+00:00,short,stop,17890.9185,17910.0295,19.111000000000786,-1.0,0.29160743563914865,-1.2916074356391487,-0.012916074356391487,US30,swing,sneaky,session
2015-01-26 15:03:00+00:00,2015-01-26 20:59:00+00:00,long,time,17617.1105,17675.487,54.266999999999825,1.0757274218217758,0.04045022172775364,1.0352772000940222,0.010352772000940223,US30,swing,sneaky,session
2015-01-29 15:02:00+00:00,2015-01-29 15:40:00+00:00,long,stop,17241.945,17160.8045,81.14050000000134,-1.0,0.02770165854289736,-1.0277016585428973,-0.010277016585428973,US30,swing,sneaky,session
2015-03-24 14:00:00+00:00,2015-03-24 17:26:00+00:00,long,stop,18104.828999999998,18058.7425,46.08649999999761,-1.0,0.10100901381099107,-1.1010090138109911,-0.01101009013810991,US30,swing,sneaky,session
2015-03-31 14:00:00+00:00,2015-03-31 19:06:00+00:00,long,stop,17880.5785,17844.32,36.25849999999991,-1.0,0.13461334852517373,-1.1346133485251737,-0.011346133485251738,US30,swing,sneaky,session
2015-04-07 14:00:00+00:00,2015-04-07 14:30:00+00:00,short,stop,17923.161999999997,17966.5705,43.408500000005006,-1.0,0.10531639817085299,-1.105316398170853,-0.01105316398170853,US30,swing,sneaky,session
2015-04-15 14:08:00+00:00,2015-04-15 18:08:00+00:00,short,stop,18123.609,18148.464500000002,24.855500000001484,-1.0,0.16554433485545467,-1.1655443348554546,-0.011655443348554546,US30,swing,sneaky,session
2015-05-08 14:22:00+00:00,2015-05-08 14:30:00+00:00,short,stop,18159.3575,18182.6655,23.308000000000902,-1.0,0.13465390692036547,-1.1346539069203654,-0.011346539069203654,US30,swing,sneaky,session
2015-05-12 14:09:00+00:00,2015-05-12 19:59:00+00:00,long,time,17984.661,18065.5365,63.30200000000332,1.2776136614955933,0.07231887199456194,1.2052947895010313,0.012052947895010314,US30,swing,sneaky,session
2015-05-13 14:00:00+00:00,2015-05-13 19:59:00+00:00,short,time,18100.866,18064.468,35.224999999998545,1.0333002129170348,0.13409842185948037,0.8992017910575544,0.008992017910575544,US30,swing,sneaky,session
2015-05-15 14:00:00+00:00,2015-05-15 19:59:00+00:00,short,time,18239.463,18268.5035,30.7345000000023,-0.9448827864451018,0.11837926450730377,-1.0632620509524056,-0.010632620509524056,US30,swing,sneaky,session
2015-05-29 14:03:00+00:00,2015-05-29 14:11:00+00:00,long,stop,18081.6275,18048.578999999998,33.048500000000786,-1.0,0.11583036181672114,-1.1158303618167211,-0.011158303618167211,US30,swing,sneaky,session
2015-06-02 14:03:00+00:00,2015-06-02 19:59:00+00:00,long,time,17983.1215,18011.3445,60.07600000000093,0.4697882681935831,0.07132168257706793,0.39846658561651516,0.003984665856165152,US30,swing,sneaky,session
2015-06-05 14:00:00+00:00,2015-06-05 19:40:00+00:00,long,stop,17867.4465,17831.978499999997,35.46800000000076,-1.0,0.2076831306388813,-1.2076831306388813,-0.012076831306388813,US30,swing,sneaky,session
2015-06-12 14:01:00+00:00,2015-06-12 14:21:00+00:00,long,stop,17942.0655,17913.402000000002,28.66349999999875,-1.0,0.19848165236276968,-1.1984816523627697,-0.011984816523627697,US30,swing,sneaky,session
2015-06-15 14:01:00+00:00,2015-06-15 19:59:00+00:00,long,time,17733.097,17793.7195,38.91400000000067,1.5578583543196955,0.1482234695739297,1.4096348847457658,0.014096348847457658,US30,swing,sneaky,session
2015-06-17 14:19:00+00:00,2015-06-17 18:41:00+00:00,short,stop,17932.411500000002,17967.508,35.09649999999965,-1.0,0.07857978865414009,-1.0785797886541402,-0.010785797886541403,US30,swing,sneaky,session
2015-06-25 14:11:00+00:00,2015-06-25 14:41:00+00:00,long,stop,17994.519,17963.8295,30.689500000000407,-1.0,0.14843057283435504,-1.1484305728343551,-0.01148430572834355,US30,swing,sneaky,session
2015-07-02 14:00:00+00:00,2015-07-02 19:59:00+00:00,short,time,17786.022,17722.963,38.696499999998196,1.6295789024848255,0.1032163883038566,1.526362514180969,0.01526362514180969,US30,swing,sneaky,session
2015-07-10 14:10:00+00:00,2015-07-10 15:23:00+00:00,short,stop,17721.677,17753.498,31.820999999999913,-1.0,0.07889212768297686,-1.0788921276829768,-0.010788921276829769,US30,swing,sneaky,session
2015-07-27 14:16:00+00:00,2015-07-27 19:59:00+00:00,long,time,17455.9185,17448.021500000003,57.482499999998254,-0.13738094202578952,0.08111249506371751,-0.21849343708950703,-0.0021849343708950702,US30,swing,sneaky,session
2015-08-03 14:12:00+00:00,2015-08-03 14:24:00+00:00,long,stop,17656.7365,17618.4695,38.266999999999825,-1.0,0.12077402010871041,-1.1207740201087104,-0.011207740201087104,US30,swing,sneaky,session
2015-08-17 14:03:00+00:00,2015-08-17 19:59:00+00:00,long,time,17371.232,17546.989,32.230500000001484,5.453126696762177,0.10685891686445576,5.346267779897722,0.05346267779897722,US30,swing,sneaky,session
2015-09-03 14:01:00+00:00,2015-09-03 14:19:00+00:00,short,stop,16440.660499999998,16478.002,37.34150000000227,-1.0,0.10121417638551665,-1.1012141763855166,-0.011012141763855166,US30,swing,sneaky,session
2015-09-29 14:00:00+00:00,2015-09-29 19:59:00+00:00,long,time,16040.375,16047.151999999998,99.45200000000114,0.06814342597432076,0.03282438387362711,0.03531904210069365,0.0003531904210069365,US30,swing,sneaky,session
2015-10-09 14:01:00+00:00,2015-10-09 19:59:00+00:00,short,time,17079.773999999998,17087.642,31.84900000000198,-0.24704072341366207,0.14203803855693173,-0.38907876197059377,-0.0038907876197059378,US30,swing,sneaky,session
2015-10-21 14:00:00+00:00,2015-10-21 15:34:00+00:00,short,stop,17255.763,17286.424,30.661000000000058,-1.0,0.147957601024102,-1.147957601024102,-0.01147957601024102,US30,swing,sneaky,session
2015-11-12 15:16:00+00:00,2015-11-12 17:15:00+00:00,long,stop,17557.088,17511.883,45.20499999999811,-1.0,0.07526182324964369,-1.0752618232496436,-0.010752618232496436,US30,swing,sneaky,session
2015-12-14 15:07:00+00:00,2015-12-14 15:12:00+00:00,long,stop,17290.927499999998,17222.477,68.45049999999901,-1.0,0.050706865362562,-1.050706865362562,-0.01050706865362562,US30,swing,sneaky,session
2015-12-16 15:05:00+00:00,2015-12-16 19:07:00+00:00,short,stop,17634.847500000003,17679.288,44.44049999999697,-1.0,0.14111598851274013,-1.1411159885127402,-0.011411159885127403,US30,swing,sneaky,session
2016-01-05 15:01:00+00:00,2016-01-05 20:59:00+00:00,short,time,17130.8925,17161.366,60.500999999996566,-0.5036858894894595,0.05344553003256448,-0.5571314195220239,-0.005571314195220239,US30,swing,sneaky,session
2016-01-12 15:02:00+00:00,2016-01-12 20:59:00+00:00,short,time,16541.9425,16515.182,51.97949999999764,0.5148279610231251,0.0643374072951866,0.4504905537279385,0.004504905537279385,US30,swing,sneaky,session
2016-02-19 15:16:00+00:00,2016-02-19 20:59:00+00:00,long,time,16347.631,16388.014499999997,43.678499999999985,0.9245624277390044,0.06862863914740663,0.8559337885915979,0.008559337885915978,US30,swing,sneaky,session
2016-02-29 16:12:00+00:00,2016-02-29 19:21:00+00:00,long,stop,16665.6765,16605.4155,60.26100000000224,-1.0,0.05239323895222255,-1.0523932389522226,-0.010523932389522227,US30,swing,sneaky,session
2016-03-11 15:04:00+00:00,2016-03-11 15:35:00+00:00,short,stop,17155.425499999998,17186.8735,31.448000000003958,-1.0,0.1050655894651356,-1.1050655894651356,-0.011050655894651356,US30,swing,sneaky,session
2016-03-23 14:02:00+00:00,2016-03-23 14:06:00+00:00,long,stop,17550.9895,17529.18,21.80949999999939,-1.0,0.21015537185630706,-1.210155371856307,-0.01210155371856307,US30,swing,sneaky,session
2016-03-29 14:00:00+00:00,2016-03-29 19:59:00+00:00,long,time,17474.095999999998,17635.535,34.12749999999869,4.730466632481381,0.12925069108490717,4.6012159413964735,0.046012159413964734,US30,swing,sneaky,session
2016-03-30 14:04:00+00:00,2016-03-30 19:59:00+00:00,short,time,17762.446,17718.494,27.647000000000844,1.5897565739501498,0.16175101132129574,1.4280055626288541,0.014280055626288542,US30,swing,sneaky,session
2016-04-01 14:00:00+00:00,2016-04-01 19:45:00+00:00,long,target,17607.852,17805.7805,34.68950000000041,5.705717868519278,0.12018218827022445,5.585535680249054,0.05585535680249054,US30,swing,sneaky,session
2016-04-05 14:00:00+00:00,2016-04-05 19:55:00+00:00,long,stop,17645.5705,17595.968500000003,49.60199999999895,-1.0,0.06798419453852811,-1.067984194538528,-0.01067984194538528,US30,swing,sneaky,session
2016-04-06 14:01:00+00:00,2016-04-06 14:17:00+00:00,long,stop,17587.044,17556.001,31.043000000001484,-1.0,0.14548371420287293,-1.1454837142028729,-0.01145483714202873,US30,swing,sneaky,session
2016-05-04 14:00:00+00:00,2016-05-04 18:00:00+00:00,long,stop,17693.5195,17621.906000000003,71.61349999999584,-1.0,0.050097050591022756,-1.0500970505910228,-0.010500970505910227,US30,swing,sneaky,session
2016-05-09 14:22:00+00:00,2016-05-09 19:59:00+00:00,short,time,17739.9815,17704.844,41.33999999999651,0.8499637155298426,0.08741890426948005,0.7625448112603626,0.007625448112603626,US30,swing,sneaky,session
2016-06-07 19:14:00+00:00,2016-06-07 19:59:00+00:00,short,time,17969.587,17943.260000000002,25.769500000002154,1.0216341023300917,0.1225488719222234,0.8990852304078683,0.008990852304078683,US30,swing,sneaky,session
2016-06-20 15:03:00+00:00,2016-06-20 19:59:00+00:00,short,time,17904.5815,17808.645,26.675999999999476,3.5963600239916658,0.1749436871157629,3.421416336875903,0.03421416336875903,US30,swing,sneaky,session
2016-06-22 14:00:00+00:00,2016-06-22 14:10:00+00:00,short,stop,17868.059,17882.624,14.56499999999869,-1.0,0.31371012461382836,-1.3137101246138283,-0.013137101246138283,US30,swing,sneaky,session
2016-06-30 14:06:00+00:00,2016-06-30 14:15:00+00:00,short,stop,17713.3135,17750.482,37.16849999999977,-1.0,0.12627082939855064,-1.1262708293985506,-0.011262708293985506,US30,swing,sneaky,session
2016-07-06 14:00:00+00:00,2016-07-06 14:17:00+00:00,long,stop,17776.3645,17746.222,30.14249999999811,-1.0,0.08986677307788571,-1.0898667730778857,-0.010898667730778857,US30,swing,sneaky,session
2016-07-11 14:02:00+00:00,2016-07-11 15:01:00+00:00,short,stop,18224.2245,18249.9945,25.770000000000437,-1.0,0.1426569773961947,-1.1426569773961948,-0.011426569773961948,US30,swing,sneaky,session
2016-07-12 14:03:00+00:00,2016-07-12 16:11:00+00:00,short,stop,18324.424,18353.5685,29.144500000002154,-1.0,0.09764440083033814,-1.097644400830338,-0.01097644400830338,US30,swing,sneaky,session
2016-07-28 14:00:00+00:00,2016-07-28 14:37:00+00:00,long,stop,18447.985,18400.209,47.77600000000166,-1.0,0.09055755975803437,-1.0905575597580344,-0.010905575597580344,US30,swing,sneaky,session
2016-08-04 14:00:00+00:00,2016-08-04 19:59:00+00:00,short,time,18345.497,18354.012000000002,50.46700000000055,-0.16872411674961782,0.09458937711771946,-0.26331349386733727,-0.0026331349386733726,US30,swing,sneaky,session
2016-08-08 14:20:00+00:00,2016-08-08 19:59:00+00:00,short,time,18527.7175,18527.6405,32.129500000002736,0.002396551455749094,0.1380737908308446,-0.1356772393750955,-0.0013567723937509548,US30,swing,sneaky,session
2016-08-11 14:00:00+00:00,2016-08-11 14:37:00+00:00,short,stop,18561.029000000002,18584.7785,23.74949999999808,-1.0,0.30285854081141006,-1.30285854081141,-0.0130285854081141,US30,swing,sneaky,session
2016-08-15 19:53:00+00:00,2016-08-15 19:59:00+00:00,short,time,18639.5775,18634.525500000003,16.608500000002095,0.3041815937619535,0.20523060706864377,0.0989509866933097,0.000989509866933097,US30,swing,sneaky,session
2016-08-22 14:00:00+00:00,2016-08-22 19:59:00+00:00,long,time,18494.927,18529.155,26.2654999999977,1.3031543279207383,0.21902553330416338,1.084128794616575,0.01084128794616575,US30,swing,sneaky,session
2016-08-23 14:06:00+00:00,2016-08-23 19:59:00+00:00,short,time,18615.5325,18549.9935,22.025000000001455,2.975664018161014,0.21003845119181355,2.7656255669692005,0.027656255669692004,US30,swing,sneaky,session
2016-08-26 14:00:00+00:00,2016-08-26 14:04:00+00:00,short,stop,18494.497499999998,18535.3295,40.832000000002154,-1.0,0.11845506373676883,-1.1184550637367687,-0.011184550637367688,US30,swing,sneaky,session
2016-09-02 14:06:00+00:00,2016-09-02 19:59:00+00:00,short,time,18524.661500000002,18490.2585,22.83849999999802,1.5063598747730826,0.1890592334216509,1.3173006413514317,0.013173006413514318,US30,swing,sneaky,session
2016-09-26 14:05:00+00:00,2016-09-26 17:43:00+00:00,long,stop,18128.635,18099.338,29.29699999999866,-1.0,0.15385076031676304,-1.1538507603167631,-0.011538507603167632,US30,swing,sneaky,session
2016-10-03 14:00:00+00:00,2016-10-03 19:59:00+00:00,long,time,18217.645,18247.975,22.99499999999898,1.3189823874755142,0.267900938247457,1.0510814492280574,0.010510814492280574,US30,swing,sneaky,session
2016-10-10 14:01:00+00:00,2016-10-10 19:59:00+00:00,short,time,18383.1885,18330.0605,20.660500000001775,2.571476972967549,0.13013869206939663,2.4413382808981523,0.024413382808981525,US30,swing,sneaky,session
2016-10-14 14:00:00+00:00,2016-10-14 19:59:00+00:00,short,time,18235.807500000003,18141.5515,27.990499999999884,3.367428234579647,0.1509381401725592,3.2164900944070878,0.03216490094407088,US30,swing,sneaky,session
2016-10-21 15:13:00+00:00,2016-10-21 19:59:00+00:00,long,time,18083.71,18145.184,25.136500000000524,2.4456069858572476,0.1182917729198551,2.3273152129373926,0.023273152129373927,US30,swing,sneaky,session
2016-10-24 14:01:00+00:00,2016-10-24 19:59:00+00:00,short,time,18252.4295,18217.504,18.07050000000163,1.932735674164766,0.1567791695027666,1.7759565046619996,0.017759565046619998,US30,swing,sneaky,session
2016-11-07 15:11:00+00:00,2016-11-07 15:33:00+00:00,short,stop,18147.2025,18167.5,20.297500000000582,-1.0,0.15960429424805556,-1.1596042942480556,-0.011596042942480556,US30,swing,sneaky,session
2016-11-10 15:02:00+00:00,2016-11-10 17:51:00+00:00,short,stop,18726.249499999998,18768.72,42.470500000003085,-1.0,0.061247365053385544,-1.0612473650533856,-0.010612473650533857,US30,swing,sneaky,session
2016-11-30 15:00:00+00:00,2016-11-30 20:59:00+00:00,short,time,19196.0,19139.099000000002,27.431499999998778,2.0742941508849517,0.12069117620254625,1.9536029746824055,0.019536029746824054,US30,swing,sneaky,session
2016-12-08 15:00:00+00:00,2016-12-08 16:23:00+00:00,short,stop,19555.5,19583.277000000002,27.777000000001863,-1.0,0.0958745544875192,-1.0958745544875192,-0.010958745544875192,US30,swing,sneaky,session
2016-12-13 15:06:00+00:00,2016-12-13 17:15:00+00:00,short,stop,19888.4485,19910.951999999997,22.503499999998894,-1.0,0.1500543983158249,-1.150054398315825,-0.01150054398315825,US30,swing,sneaky,session
2017-01-04 15:06:00+00:00,2017-01-04 16:56:00+00:00,short,stop,19904.2025,19923.0945,18.891999999999825,-1.0,0.17831744455325174,-1.1783174445532518,-0.01178317444553252,US30,swing,sneaky,session
2017-01-10 15:05:00+00:00,2017-01-10 20:59:00+00:00,long,time,19873.75,19861.5,29.131499999999505,-0.42050701131078755,0.07784678955769658,-0.49835380086848413,-0.004983538008684841,US30,swing,sneaky,session
2017-01-13 15:01:00+00:00,2017-01-13 20:59:00+00:00,short,time,19912.582000000002,19884.178,37.167999999997846,0.7642057684030326,0.18562521066509902,0.5785805577379335,0.005785805577379335,US30,swing,sneaky,session
2017-01-18 15:00:00+00:00,2017-01-18 17:25:00+00:00,long,stop,19793.588499999998,19765.3045,28.28399999999965,-1.0,0.17718792435652886,-1.1771879243565289,-0.011771879243565288,US30,swing,sneaky,session
2017-02-01 15:06:00+00:00,2017-02-01 20:59:00+00:00,short,time,19934.713,19886.484,20.479499999997643,2.3549891354771804,0.2370056078029521,2.1179835276742285,0.021179835276742286,US30,swing,sneaky,session
2017-02-07 15:01:00+00:00,2017-02-07 20:59:00+00:00,short,time,20132.132,20087.4075,26.867999999998574,1.664601012356805,0.052500691528959156,1.6121003208278457,0.01612100320827846,US30,swing,sneaky,session
2017-02-10 15:05:00+00:00,2017-02-10 15:32:00+00:00,short,stop,20224.7775,20239.677499999998,14.899999999997817,-1.0,0.306752385067159,-1.306752385067159,-0.01306752385067159,US30,swing,sneaky,session
2017-03-20 14:02:00+00:00,2017-03-20 17:44:00+00:00,long,stop,20922.412,20902.8215,19.590500000002066,-1.0,0.35259567749670867,-1.3525956774967087,-0.013525956774967087,US30,swing,sneaky,session
2017-03-21 14:00:00+00:00,2017-03-21 14:57:00+00:00,short,target,20935.379500000003,20777.377,26.694499999997788,5.9189158815492116,0.19016187725937633,5.7287540042898355,0.057287540042898356,US30,swing,sneaky,session
2017-03-27 15:24:00+00:00,2017-03-27 19:59:00+00:00,long,time,20491.25,20549.949999999997,66.75,0.8794007490636269,0.07478548689138576,0.8046152621722411,0.00804615262172241,US30,swing,sneaky,session
2017-04-06 14:00:00+00:00,2017-04-06 19:59:00+00:00,long,time,20680.6,20664.8505,71.94999999999709,-0.21889506601805025,0.0646543571924974,-0.28354942321054766,-0.002835494232105477,US30,swing,sneaky,session
2017-04-11 14:00:00+00:00,2017-04-11 14:22:00+00:00,long,stop,20623.35,20582.3505,40.99949999999808,-1.0,0.16205447017647318,-1.1620544701764732,-0.011620544701764733,US30,swing,sneaky,session
2017-04-25 14:00:00+00:00,2017-04-25 14:02:00+00:00,short,stop,20962.949,20975.0495,12.100500000000466,-1.0,0.3462665274162092,-1.3462665274162093,-0.013462665274162094,US30,swing,sneaky,session
2017-06-08 18:44:00+00:00,2017-06-08 19:59:00+00:00,short,time,21155.6495,21186.65,49.25,-0.6294517766497852,0.059596288680203044,-0.6890480653299883,-0.006890480653299883,US30,swing,sneaky,session
2017-06-20 14:00:00+00:00,2017-06-20 14:44:00+00:00,short,stop,21504.6005,21526.3495,21.748999999999796,-1.0,0.21900414122488596,-1.219004141224886,-0.01219004141224886,US30,swing,sneaky,session
2017-07-27 16:57:00+00:00,2017-07-27 19:36:00+00:00,short,stop,21743.6495,21767.6505,24.001000000000204,-1.0,0.49057694335652263,-1.4905769433565226,-0.014905769433565226,US30,swing,sneaky,session
2017-07-31 14:01:00+00:00,2017-07-31 16:27:00+00:00,short,stop,21891.9,21915.15,23.25,-1.0,0.44367339784946236,-1.4436733978494622,-0.014436733978494622,US30,swing,sneaky,session
2017-08-02 14:23:00+00:00,2017-08-02 18:32:00+00:00,short,stop,21990.6,22013.6,23.0,-1.0,0.20124917391304348,-1.2012491739130435,-0.012012491739130436,US30,swing,sneaky,session
2017-08-31 14:37:00+00:00,2017-08-31 19:32:00+00:00,short,stop,21940.3995,21970.4,30.00050000000192,-1.0,0.1162689277678631,-1.116268927767863,-0.01116268927767863,US30,swing,sneaky,session
2017-09-20 14:00:00+00:00,2017-09-20 14:38:00+00:00,short,stop,22369.5995,22382.1,12.500499999998283,-1.0,0.3983757395704719,-1.398375739570472,-0.013983757395704718,US30,swing,sneaky,session
2017-09-27 14:00:00+00:00,2017-09-27 19:05:00+00:00,short,stop,22339.999499999998,22369.0,29.00050000000192,-1.0,0.1750280144307741,-1.175028014430774,-0.011750280144307741,US30,swing,sneaky,session
2017-10-18 14:08:00+00:00,2017-10-18 14:42:00+00:00,short,stop,23103.4995,23115.5005,12.000999999996566,-1.0,0.39838117094420206,-1.398381170944202,-0.01398381170944202,US30,swing,sneaky,session
2017-10-24 14:00:00+00:00,2017-10-24 14:09:00+00:00,short,stop,23419.5,23445.5005,26.000499999998283,-1.0,0.1855207592161812,-1.1855207592161812,-0.011855207592161812,US30,swing,sneaky,session
2017-11-15 15:07:00+00:00,2017-11-15 20:59:00+00:00,long,time,23280.5005,23275.5,38.000999999996566,-0.13158864240411397,0.08355655199863916,-0.21514519440275315,-0.0021514519440275315,US30,swing,sneaky,session
2017-11-17 15:03:00+00:00,2017-11-17 16:10:00+00:00,long,stop,23393.5005,23360.0,33.50049999999828,-1.0,0.09500089647916188,-1.0950008964791618,-0.010950008964791617,US30,swing,sneaky,session
2013-11-07 15:00:00+00:00,2013-11-07 20:59:00+00:00,short,time,15770.3835,15606.4935,31.099500000000262,5.2698596440456615,0.07128972901493533,5.198569915030726,0.05198569915030726,US30,swing,lod,c3
2013-11-18 15:00:00+00:00,2013-11-18 20:59:00+00:00,short,time,15994.041000000001,15976.4715,34.85849999999846,0.5040234089247158,0.03091391382302875,0.473109495101687,0.00473109495101687,US30,swing,lod,c3
2013-12-23 15:02:00+00:00,2013-12-23 17:16:00+00:00,short,stop,16277.508,16309.075,31.567000000000917,-1.0,0.07713872144961287,-1.0771387214496129,-0.01077138721449613,US30,swing,lod,c3
2013-12-27 15:00:00+00:00,2013-12-27 20:59:00+00:00,short,time,16504.99,16482.466,24.013999999999214,0.9379528608312646,0.04625736445406998,0.8916954963771946,0.008916954963771945,US30,swing,lod,c3
2014-01-24 15:06:00+00:00,2014-01-24 15:17:00+00:00,long,stop,16109.542,16059.474999999999,50.06700000000092,-1.0,0.04396349351868416,-1.0439634935186841,-0.010439634935186841,US30,swing,lod,c3
2014-02-07 15:12:00+00:00,2014-02-07 16:50:00+00:00,short,stop,15670.515500000001,15717.5125,46.99699999999939,-1.0,0.0457174608485654,-1.0457174608485653,-0.010457174608485654,US30,swing,lod,c3
2014-02-11 15:02:00+00:00,2014-02-11 15:20:00+00:00,short,stop,15850.5065,15874.471,23.964500000000044,-1.0,0.08889327640885461,-1.0888932764088546,-0.010888932764088546,US30,swing,lod,c3
2014-03-13 14:00:00+00:00,2014-03-13 16:06:00+00:00,short,target,16373.454,16242.224999999999,34.393999999998414,3.8154619991861147,0.07522871111240678,3.740233288073708,0.03740233288073708,US30,swing,lod,c3
2014-03-21 14:01:00+00:00,2014-03-21 15:16:00+00:00,short,stop,16395.4725,16441.4545,45.98199999999997,-1.0,0.07179741610847727,-1.0717974161084773,-0.010717974161084774,US30,swing,lod,c3
2014-03-25 14:02:00+00:00,2014-03-25 19:59:00+00:00,short,time,16379.3525,16371.5025,28.159499999997934,0.2787691542818921,0.11666445027433871,0.1621047040075534,0.0016210470400755338,US30,swing,lod,c3
2014-03-27 14:04:00+00:00,2014-03-27 19:59:00+00:00,long,time,16238.038,16264.009,47.553499999999985,0.5461427655167245,0.06859926461774636,0.4775435008989781,0.004775435008989782,US30,swing,lod,c3
2014-05-01 14:00:00+00:00,2014-05-01 19:59:00+00:00,short,time,16562.0055,16556.506999999998,43.99750000000131,0.12497300983013467,0.07556953787146771,0.049403471958666956,0.0004940347195866695,US30,swing,lod,c3
2014-06-09 14:03:00+00:00,2014-06-09 15:17:00+00:00,short,stop,16929.521999999997,16950.982,21.460000000002765,-1.0,0.15747835368124716,-1.1574783536812472,-0.011574783536812473,US30,swing,lod,c3
2014-06-19 14:04:00+00:00,2014-06-19 19:59:00+00:00,short,time,16894.980499999998,16913.511,26.020500000002357,-0.7121500355488587,0.13265780317440815,-0.8448078387232668,-0.008448078387232669,US30,swing,lod,c3
2014-07-15 14:13:00+00:00,2014-07-15 19:59:00+00:00,short,time,17079.501,17063.5015,38.02349999999933,0.420779254934501,0.08927985679908634,0.3314993981354147,0.003314993981354147,US30,swing,lod,c3
2014-08-28 14:06:00+00:00,2014-08-28 19:59:00+00:00,long,time,17056.795,17082.411500000002,39.55749999999534,0.6475763129623141,0.08574018390950892,0.5618361290528052,0.005618361290528053,US30,swing,lod,c3
2014-09-10 14:09:00+00:00,2014-09-10 14:35:00+00:00,long,stop,17009.1435,16982.605,26.53849999999875,-1.0,0.1254115482223998,-1.1254115482223999,-0.011254115482223999,US30,swing,lod,c3
2014-10-06 14:00:00+00:00,2014-10-06 19:59:00+00:00,short,time,17077.334000000003,16993.917,24.46599999999671,3.4095070710378685,0.1398855591433197,3.269621511894549,0.032696215118945486,US30,swing,lod,c3
2014-10-07 14:00:00+00:00,2014-10-07 15:26:00+00:00,long,stop,16867.8205,16827.3865,40.434000000001106,-1.0,0.09220348636048618,-1.0922034863604861,-0.010922034863604862,US30,swing,lod,c3
2014-10-15 14:00:00+00:00,2014-10-15 15:34:00+00:00,long,stop,16160.0845,16045.5425,114.54200000000128,-1.0,0.05161086245656558,-1.0516108624565657,-0.010516108624565658,US30,swing,lod,c3
2014-10-30 14:00:00+00:00,2014-10-30 14:59:00+00:00,short,stop,17038.288,17097.800499999998,59.51249999999709,-1.0,0.1339914955681645,-1.1339914955681645,-0.011339914955681644,US30,swing,lod,c3
2014-11-06 15:01:00+00:00,2014-11-06 16:05:00+00:00,short,stop,17487.028,17523.6575,36.629500000002736,-1.0,0.05909599694235077,-1.0590959969423508,-0.010590959969423509,US30,swing,lod,c3
2014-12-22 15:01:00+00:00,2014-12-22 15:16:00+00:00,short,stop,17890.9185,17913.089500000002,22.171000000002095,-1.0,0.2513603221550436,-1.2513603221550436,-0.012513603221550436,US30,swing,lod,c3
2015-01-26 15:03:00+00:00,2015-01-26 20:59:00+00:00,long,time,17617.1105,17675.487,54.266999999999825,1.0757274218217758,0.04045022172775364,1.0352772000940222,0.010352772000940223,US30,swing,lod,c3
2015-01-29 15:02:00+00:00,2015-01-29 15:40:00+00:00,long,stop,17241.945,17160.8045,81.14050000000134,-1.0,0.02770165854289736,-1.0277016585428973,-0.010277016585428973,US30,swing,lod,c3
2015-03-24 14:00:00+00:00,2015-03-24 17:26:00+00:00,long,stop,18104.828999999998,18053.7015,51.12749999999869,-1.0,0.09104986386973975,-1.0910498638697397,-0.010910498638697396,US30,swing,lod,c3
2015-03-31 14:00:00+00:00,2015-03-31 19:06:00+00:00,long,stop,17880.5785,17844.32,36.25849999999991,-1.0,0.13461334852517373,-1.1346133485251737,-0.011346133485251738,US30,swing,lod,c3
2015-04-07 14:00:00+00:00,2015-04-07 14:30:00+00:00,short,stop,17923.161999999997,17966.5705,43.408500000005006,-1.0,0.10531639817085299,-1.105316398170853,-0.01105316398170853,US30,swing,lod,c3
2015-04-15 14:08:00+00:00,2015-04-15 18:08:00+00:00,short,stop,18123.609,18148.464500000002,24.855500000001484,-1.0,0.16554433485545467,-1.1655443348554546,-0.011655443348554546,US30,swing,lod,c3
2015-05-12 14:09:00+00:00,2015-05-12 19:59:00+00:00,long,time,17984.661,18065.5365,63.30200000000332,1.2776136614955933,0.07231887199456194,1.2052947895010313,0.012052947895010314,US30,swing,lod,c3
2015-05-13 14:00:00+00:00,2015-05-13 19:59:00+00:00,short,time,18100.866,18064.468,35.224999999998545,1.0333002129170348,0.13409842185948037,0.8992017910575544,0.008992017910575544,US30,swing,lod,c3
2015-05-15 14:00:00+00:00,2015-05-15 19:59:00+00:00,short,time,18239.463,18268.5035,32.015000000003056,-0.9070904263625296,0.11364446368888498,-1.0207348900514146,-0.010207348900514146,US30,swing,lod,c3
2015-05-29 14:03:00+00:00,2015-05-29 14:11:00+00:00,long,stop,18081.6275,18048.578999999998,33.048500000000786,-1.0,0.11583036181672114,-1.1158303618167211,-0.011158303618167211,US30,swing,lod,c3
2015-06-02 14:03:00+00:00,2015-06-02 19:59:00+00:00,long,time,17983.1215,18011.3445,60.07600000000093,0.4697882681935831,0.07132168257706793,0.39846658561651516,0.003984665856165152,US30,swing,lod,c3
2015-06-05 14:00:00+00:00,2015-06-05 19:59:00+00:00,long,time,17867.4465,17846.724000000002,49.578499999995984,-0.41797351674612776,0.14857458933813236,-0.5665481060842601,-0.005665481060842601,US30,swing,lod,c3
2015-06-12 14:01:00+00:00,2015-06-12 14:21:00+00:00,long,stop,17942.0655,17913.402000000002,28.66349999999875,-1.0,0.19848165236276968,-1.1984816523627697,-0.011984816523627697,US30,swing,lod,c3
2015-06-15 14:01:00+00:00,2015-06-15 19:59:00+00:00,long,time,17733.097,17793.7195,38.91400000000067,1.5578583543196955,0.1482234695739297,1.4096348847457658,0.014096348847457658,US30,swing,lod,c3
2015-06-25 14:11:00+00:00,2015-06-25 16:43:00+00:00,long,stop,17994.519,17950.454,44.06499999999869,-1.0,0.10337592340860399,-1.103375923408604,-0.011033759234086041,US30,swing,lod,c3
2015-07-02 14:00:00+00:00,2015-07-02 19:59:00+00:00,short,time,17786.022,17722.963,38.696499999998196,1.6295789024848255,0.1032163883038566,1.526362514180969,0.01526362514180969,US30,swing,lod,c3
2015-07-10 14:10:00+00:00,2015-07-10 15:45:00+00:00,short,stop,17721.677,17774.545,52.867999999998574,-1.0,0.04748479978436989,-1.04748479978437,-0.010474847997843699,US30,swing,lod,c3
2015-08-03 14:12:00+00:00,2015-08-03 14:24:00+00:00,long,stop,17656.7365,17618.4695,38.266999999999825,-1.0,0.12077402010871041,-1.1207740201087104,-0.011207740201087104,US30,swing,lod,c3
2015-08-17 14:03:00+00:00,2015-08-17 19:59:00+00:00,long,time,17371.232,17546.989,32.230500000001484,5.453126696762177,0.10685891686445576,5.346267779897722,0.05346267779897722,US30,swing,lod,c3
2015-09-03 14:01:00+00:00,2015-09-03 14:19:00+00:00,short,stop,16440.660499999998,16478.002,37.34150000000227,-1.0,0.10121417638551665,-1.1012141763855166,-0.011012141763855166,US30,swing,lod,c3
2015-09-29 14:00:00+00:00,2015-09-29 19:59:00+00:00,long,time,16040.375,16047.151999999998,99.45200000000114,0.06814342597432076,0.03282438387362711,0.03531904210069365,0.0003531904210069365,US30,swing,lod,c3
2015-10-09 14:01:00+00:00,2015-10-09 19:59:00+00:00,short,time,17079.773999999998,17087.642,31.84900000000198,-0.24704072341366207,0.14203803855693173,-0.38907876197059377,-0.0038907876197059378,US30,swing,lod,c3
2015-10-21 14:00:00+00:00,2015-10-21 15:34:00+00:00,short,stop,17255.763,17286.424,30.661000000000058,-1.0,0.147957601024102,-1.147957601024102,-0.01147957601024102,US30,swing,lod,c3
2015-12-14 15:07:00+00:00,2015-12-14 15:12:00+00:00,long,stop,17290.927499999998,17222.477,68.45049999999901,-1.0,0.050706865362562,-1.050706865362562,-0.01050706865362562,US30,swing,lod,c3
2015-12-16 15:05:00+00:00,2015-12-16 19:56:00+00:00,short,stop,17634.847500000003,17694.9165,60.06899999999587,-1.0,0.10440102361451717,-1.1044010236145172,-0.011044010236145173,US30,swing,lod,c3
2016-01-05 15:01:00+00:00,2016-01-05 20:59:00+00:00,short,time,17130.8925,17161.366,61.72849999999744,-0.49366986076125813,0.05238274075184289,-0.546052601513101,-0.0054605260151310096,US30,swing,lod,c3
2016-01-12 15:02:00+00:00,2016-01-12 20:59:00+00:00,short,time,16541.9425,16515.182,51.97949999999764,0.5148279610231251,0.0643374072951866,0.4504905537279385,0.004504905537279385,US30,swing,lod,c3
2016-03-11 15:04:00+00:00,2016-03-11 15:35:00+00:00,short,stop,17155.425499999998,17186.8735,31.448000000003958,-1.0,0.1050655894651356,-1.1050655894651356,-0.011050655894651356,US30,swing,lod,c3
2016-03-23 14:02:00+00:00,2016-03-23 15:35:00+00:00,long,stop,17550.9895,17525.980499999998,25.009000000001834,-1.0,0.18326936632810847,-1.1832693663281084,-0.011832693663281085,US30,swing,lod,c3
2016-03-29 14:00:00+00:00,2016-03-29 19:59:00+00:00,long,time,17474.095999999998,17635.535,43.41149999999834,3.7188072284995517,0.10160908883591142,3.6171981396636403,0.0361719813966364,US30,swing,lod,c3
2016-03-30 14:04:00+00:00,2016-03-30 19:59:00+00:00,short,time,17762.446,17718.494,27.647000000000844,1.5897565739501498,0.16175101132129574,1.4280055626288541,0.014280055626288542,US30,swing,lod,c3
2016-04-01 14:00:00+00:00,2016-04-01 19:45:00+00:00,long,target,17607.852,17805.7805,41.72099999999773,4.74409769660393,0.09992713549531955,4.64417056110861,0.046441705611086105,US30,swing,lod,c3
2016-04-05 14:00:00+00:00,2016-04-05 19:55:00+00:00,long,stop,17645.5705,17595.968500000003,49.60199999999895,-1.0,0.06798419453852811,-1.067984194538528,-0.01067984194538528,US30,swing,lod,c3
2016-04-06 14:01:00+00:00,2016-04-06 14:17:00+00:00,long,stop,17587.044,17556.001,31.043000000001484,-1.0,0.14548371420287293,-1.1454837142028729,-0.01145483714202873,US30,swing,lod,c3
2016-05-04 14:00:00+00:00,2016-05-04 18:01:00+00:00,long,stop,17693.5195,17617.8875,75.63199999999779,-1.0,0.047435280469908296,-1.0474352804699083,-0.010474352804699083,US30,swing,lod,c3
2016-06-22 14:00:00+00:00,2016-06-22 14:10:00+00:00,short,stop,17868.059,17882.624,14.56499999999869,-1.0,0.31371012461382836,-1.3137101246138283,-0.013137101246138283,US30,swing,lod,c3
2016-06-30 14:06:00+00:00,2016-06-30 14:38:00+00:00,short,stop,17713.3135,17752.509,39.19549999999799,-1.0,0.11974071825847969,-1.1197407182584798,-0.011197407182584797,US30,swing,lod,c3
2016-07-06 14:00:00+00:00,2016-07-06 14:17:00+00:00,long,stop,17776.3645,17746.222,30.14249999999811,-1.0,0.08986677307788571,-1.0898667730778857,-0.010898667730778857,US30,swing,lod,c3
2016-07-11 14:02:00+00:00,2016-07-11 15:01:00+00:00,short,stop,18224.2245,18249.9945,25.770000000000437,-1.0,0.1426569773961947,-1.1426569773961948,-0.011426569773961948,US30,swing,lod,c3
2016-07-12 14:03:00+00:00,2016-07-12 16:11:00+00:00,short,stop,18324.424,18353.5685,29.144500000002154,-1.0,0.09764440083033814,-1.097644400830338,-0.01097644400830338,US30,swing,lod,c3
2016-07-28 14:00:00+00:00,2016-07-28 14:37:00+00:00,long,stop,18447.985,18398.3215,49.66350000000239,-1.0,0.08711584916487546,-1.0871158491648754,-0.010871158491648754,US30,swing,lod,c3
2016-08-04 14:00:00+00:00,2016-08-04 19:59:00+00:00,short,time,18345.497,18354.012000000002,51.9330000000009,-0.16396125777449613,0.09191924392967704,-0.2558805017041732,-0.002558805017041732,US30,swing,lod,c3
2016-08-11 14:00:00+00:00,2016-08-11 14:37:00+00:00,short,stop,18561.029000000002,18584.7785,23.74949999999808,-1.0,0.30285854081141006,-1.30285854081141,-0.0130285854081141,US30,swing,lod,c3
2016-08-22 14:00:00+00:00,2016-08-22 19:59:00+00:00,long,time,18494.927,18529.155,32.02400000000125,1.0688233824630846,0.1796407427241998,0.8891826397388848,0.008891826397388848,US30,swing,lod,c3
2016-08-23 14:06:00+00:00,2016-08-23 19:59:00+00:00,short,time,18615.5325,18549.9935,22.025000000001455,2.975664018161014,0.21003845119181355,2.7656255669692005,0.027656255669692004,US30,swing,lod,c3
2016-08-26 14:00:00+00:00,2016-08-26 14:04:00+00:00,short,stop,18494.497499999998,18538.519999999997,44.02249999999913,-1.0,0.10987011556590597,-1.1098701155659059,-0.01109870115565906,US30,swing,lod,c3
2016-09-02 14:06:00+00:00,2016-09-02 19:59:00+00:00,short,time,18524.661500000002,18490.2585,22.83849999999802,1.5063598747730826,0.1890592334216509,1.3173006413514317,0.013173006413514318,US30,swing,lod,c3
2016-09-26 14:05:00+00:00,2016-09-26 17:43:00+00:00,long,stop,18128.635,18099.338,29.29699999999866,-1.0,0.15385076031676304,-1.1538507603167631,-0.011538507603167632,US30,swing,lod,c3
2016-10-03 14:00:00+00:00,2016-10-03 19:59:00+00:00,long,time,18217.645,18247.975,22.99499999999898,1.3189823874755142,0.267900938247457,1.0510814492280574,0.010510814492280574,US30,swing,lod,c3
2016-10-10 14:01:00+00:00,2016-10-10 19:59:00+00:00,short,time,18383.1885,18330.0605,20.660500000001775,2.571476972967549,0.13013869206939663,2.4413382808981523,0.024413382808981525,US30,swing,lod,c3
2016-10-14 14:00:00+00:00,2016-10-14 19:59:00+00:00,short,time,18235.807500000003,18141.5515,27.990499999999884,3.367428234579647,0.1509381401725592,3.2164900944070878,0.03216490094407088,US30,swing,lod,c3
2016-10-24 14:01:00+00:00,2016-10-24 19:59:00+00:00,short,time,18252.4295,18217.504,23.48800000000483,1.4869507833783366,0.12061810211594928,1.3663326812623873,0.013663326812623873,US30,swing,lod,c3
2016-11-07 15:11:00+00:00,2016-11-07 15:35:00+00:00,short,stop,18147.2025,18170.5,23.297500000000582,-1.0,0.13905217995492733,-1.1390521799549274,-0.011390521799549273,US30,swing,lod,c3
2016-11-10 15:02:00+00:00,2016-11-10 17:51:00+00:00,short,stop,18726.249499999998,18768.72,42.470500000003085,-1.0,0.061247365053385544,-1.0612473650533856,-0.010612473650533857,US30,swing,lod,c3
2016-11-30 15:00:00+00:00,2016-11-30 20:59:00+00:00,short,time,19196.0,19139.099000000002,27.431499999998778,2.0742941508849517,0.12069117620254625,1.9536029746824055,0.019536029746824054,US30,swing,lod,c3
2016-12-08 15:00:00+00:00,2016-12-08 17:23:00+00:00,short,stop,19555.5,19594.004,38.504000000000815,-1.0,0.06916443746104153,-1.0691644374610416,-0.010691644374610416,US30,swing,lod,c3
2016-12-13 15:06:00+00:00,2016-12-13 17:16:00+00:00,short,stop,19888.4485,19917.551,29.102500000000873,-1.0,0.11602952160466964,-1.1160295216046696,-0.011160295216046697,US30,swing,lod,c3
2017-01-04 15:06:00+00:00,2017-01-04 20:36:00+00:00,short,stop,19904.2025,19944.750500000002,40.5480000000025,-1.0,0.08308111774932901,-1.083081117749329,-0.01083081117749329,US30,swing,lod,c3
2017-01-10 15:05:00+00:00,2017-01-10 20:59:00+00:00,long,time,19873.75,19861.5,34.67749999999796,-0.3532549924302709,0.06539669093793188,-0.4186516833682028,-0.004186516833682028,US30,swing,lod,c3
2017-01-13 15:01:00+00:00,2017-01-13 20:59:00+00:00,short,time,19912.582000000002,19884.178,39.890999999995984,0.7120403098444544,0.17295424607055965,0.5390860637738948,0.005390860637738948,US30,swing,lod,c3
2017-01-18 15:00:00+00:00,2017-01-18 20:59:00+00:00,long,time,19793.588499999998,19803.806,56.680499999994936,0.18026481770632558,0.08841812003247057,0.091846697673855,0.00091846697673855,US30,swing,lod,c3
2017-02-01 15:06:00+00:00,2017-02-01 20:59:00+00:00,short,time,19934.713,19886.484,28.89600000000064,1.6690545404207604,0.16797329543881132,1.501081244981949,0.01501081244981949,US30,swing,lod,c3
2017-02-07 15:01:00+00:00,2017-02-07 20:59:00+00:00,short,time,20132.132,20087.4075,26.867999999998574,1.664601012356805,0.052500691528959156,1.6121003208278457,0.01612100320827846,US30,swing,lod,c3
2017-02-10 15:05:00+00:00,2017-02-10 15:32:00+00:00,short,stop,20224.7775,20239.677499999998,14.899999999997817,-1.0,0.306752385067159,-1.306752385067159,-0.01306752385067159,US30,swing,lod,c3
2017-03-20 14:02:00+00:00,2017-03-20 18:38:00+00:00,long,stop,20922.412,20893.0565,29.355500000001484,-1.0,0.23530601147994926,-1.2353060114799492,-0.012353060114799492,US30,swing,lod,c3
2017-03-21 14:00:00+00:00,2017-03-21 14:57:00+00:00,short,target,20935.379500000003,20777.377,33.800499999997555,4.674561027204146,0.15018346570318095,4.524377561500965,0.045243775615009654,US30,swing,lod,c3
2017-04-06 14:00:00+00:00,2017-04-06 19:59:00+00:00,long,time,20680.6,20664.8505,71.94999999999709,-0.21889506601805025,0.0646543571924974,-0.28354942321054766,-0.002835494232105477,US30,swing,lod,c3
2017-04-11 14:00:00+00:00,2017-04-11 14:22:00+00:00,long,stop,20623.35,20582.3505,40.99949999999808,-1.0,0.16205447017647318,-1.1620544701764732,-0.011620544701764733,US30,swing,lod,c3
2017-04-25 14:00:00+00:00,2017-04-25 14:03:00+00:00,short,stop,20962.949,20977.050499999998,14.101499999997031,-1.0,0.29713137715852095,-1.297131377158521,-0.012971313771585209,US30,swing,lod,c3
2017-06-20 14:00:00+00:00,2017-06-20 19:59:00+00:00,short,time,21504.6005,21468.5,29.399499999999534,1.2279290464123893,0.16201367599789368,1.0659153704144957,0.010659153704144957,US30,swing,lod,c3
2017-07-31 14:01:00+00:00,2017-07-31 16:27:00+00:00,short,stop,21891.9,21915.15,23.25,-1.0,0.44367339784946236,-1.4436733978494622,-0.014436733978494622,US30,swing,lod,c3
2017-09-20 14:00:00+00:00,2017-09-20 15:17:00+00:00,short,stop,22369.5995,22388.75,19.150499999999738,-1.0,0.26003999543093226,-1.2600399954309323,-0.012600399954309323,US30,swing,lod,c3
2017-09-27 14:00:00+00:00,2017-09-27 19:59:00+00:00,short,time,22339.999499999998,22338.0,30.50050000000192,0.06555630235563198,0.16642022040621238,-0.1008639180505804,-0.001008639180505804,US30,swing,lod,c3
2017-10-18 14:08:00+00:00,2017-10-18 14:43:00+00:00,short,stop,23103.4995,23120.0,16.500499999998283,-1.0,0.2897471247841276,-1.2897471247841277,-0.012897471247841278,US30,swing,lod,c3
2017-10-24 14:00:00+00:00,2017-10-24 14:54:00+00:00,short,stop,23419.5,23463.5005,44.00049999999828,-1.0,0.1096267656049406,-1.1096267656049406,-0.011096267656049406,US30,swing,lod,c3
2017-11-15 15:07:00+00:00,2017-11-15 20:59:00+00:00,long,time,23280.5005,23275.5,38.000999999996566,-0.13158864240411397,0.08355655199863916,-0.21514519440275315,-0.0021514519440275315,US30,swing,lod,c3
2017-11-17 15:03:00+00:00,2017-11-17 16:10:00+00:00,long,stop,23393.5005,23360.0,33.50049999999828,-1.0,0.09500089647916188,-1.0950008964791618,-0.010950008964791617,US30,swing,lod,c3
2013-11-07 15:00:00+00:00,2013-11-07 20:59:00+00:00,short,time,15770.3835,15606.4935,31.099500000000262,5.2698596440456615,0.07128972901493533,5.198569915030726,0.05198569915030726,US30,swing,lod,session
2013-11-18 15:00:00+00:00,2013-11-18 20:59:00+00:00,short,time,15994.041000000001,15976.4715,34.85849999999846,0.5040234089247158,0.03091391382302875,0.473109495101687,0.00473109495101687,US30,swing,lod,session
2013-12-23 15:02:00+00:00,2013-12-23 17:16:00+00:00,short,stop,16277.508,16309.075,31.567000000000917,-1.0,0.07713872144961287,-1.0771387214496129,-0.01077138721449613,US30,swing,lod,session
2013-12-27 15:00:00+00:00,2013-12-27 20:59:00+00:00,short,time,16504.99,16482.466,24.013999999999214,0.9379528608312646,0.04625736445406998,0.8916954963771946,0.008916954963771945,US30,swing,lod,session
2014-01-24 15:06:00+00:00,2014-01-24 15:17:00+00:00,long,stop,16109.542,16059.474999999999,50.06700000000092,-1.0,0.04396349351868416,-1.0439634935186841,-0.010439634935186841,US30,swing,lod,session
2014-02-07 15:12:00+00:00,2014-02-07 16:50:00+00:00,short,stop,15670.515500000001,15717.5125,46.99699999999939,-1.0,0.0457174608485654,-1.0457174608485653,-0.010457174608485654,US30,swing,lod,session
2014-02-11 15:02:00+00:00,2014-02-11 15:20:00+00:00,short,stop,15850.5065,15874.471,23.964500000000044,-1.0,0.08889327640885461,-1.0888932764088546,-0.010888932764088546,US30,swing,lod,session
2014-03-10 19:46:00+00:00,2014-03-10 19:59:00+00:00,long,time,16425.538999999997,16417.514,27.660499999998137,-0.29012490735880975,0.07970427269934197,-0.3698291800581517,-0.003698291800581517,US30,swing,lod,session
2014-03-13 14:00:00+00:00,2014-03-13 16:06:00+00:00,short,target,16373.454,16242.224999999999,34.393999999998414,3.8154619991861147,0.07522871111240678,3.740233288073708,0.03740233288073708,US30,swing,lod,session
2014-03-21 14:01:00+00:00,2014-03-21 15:16:00+00:00,short,stop,16395.4725,16441.4545,45.98199999999997,-1.0,0.07179741610847727,-1.0717974161084773,-0.010717974161084774,US30,swing,lod,session
2014-03-25 14:02:00+00:00,2014-03-25 19:59:00+00:00,short,time,16379.3525,16371.5025,28.159499999997934,0.2787691542818921,0.11666445027433871,0.1621047040075534,0.0016210470400755338,US30,swing,lod,session
2014-03-27 14:04:00+00:00,2014-03-27 19:59:00+00:00,long,time,16238.038,16264.009,47.553499999999985,0.5461427655167245,0.06859926461774636,0.4775435008989781,0.004775435008989782,US30,swing,lod,session
2014-04-10 14:47:00+00:00,2014-04-10 17:18:00+00:00,short,target,16415.476000000002,16242.224999999999,40.63999999999942,4.263065944882046,0.05410939812992204,4.208956546752123,0.04208956546752123,US30,swing,lod,session
2014-04-16 14:42:00+00:00,2014-04-16 16:11:00+00:00,short,stop,16337.9615,16393.0255,55.064000000000306,-1.0,0.03917200888965545,-1.0391720088896554,-0.010391720088896555,US30,swing,lod,session
2014-05-01 14:00:00+00:00,2014-05-01 19:59:00+00:00,short,time,16562.0055,16556.506999999998,43.99750000000131,0.12497300983013467,0.07556953787146771,0.049403471958666956,0.0004940347195866695,US30,swing,lod,session
2014-05-06 14:31:00+00:00,2014-05-06 14:59:00+00:00,long,stop,16470.3965,16438.4715,31.924999999999272,-1.0,0.06802116750195926,-1.0680211675019593,-0.010680211675019593,US30,swing,lod,session
2014-06-09 14:03:00+00:00,2014-06-09 15:17:00+00:00,short,stop,16929.521999999997,16950.982,21.460000000002765,-1.0,0.15747835368124716,-1.1574783536812472,-0.011574783536812473,US30,swing,lod,session
2014-06-19 14:04:00+00:00,2014-06-19 19:59:00+00:00,short,time,16894.980499999998,16913.511,26.020500000002357,-0.7121500355488587,0.13265780317440815,-0.8448078387232668,-0.008448078387232669,US30,swing,lod,session
2014-07-15 14:13:00+00:00,2014-07-15 19:59:00+00:00,short,time,17079.501,17063.5015,38.02349999999933,0.420779254934501,0.08927985679908634,0.3314993981354147,0.003314993981354147,US30,swing,lod,session
2014-08-13 14:16:00+00:00,2014-08-13 15:04:00+00:00,short,stop,16583.504,16628.536500000002,45.032500000001164,-1.0,0.07309771920279609,-1.0730977192027962,-0.010730977192027962,US30,swing,lod,session
2014-08-28 14:06:00+00:00,2014-08-28 19:59:00+00:00,long,time,17056.795,17082.411500000002,39.55749999999534,0.6475763129623141,0.08574018390950892,0.5618361290528052,0.005618361290528053,US30,swing,lod,session
2014-09-10 14:09:00+00:00,2014-09-10 14:35:00+00:00,long,stop,17009.1435,16982.605,26.53849999999875,-1.0,0.1254115482223998,-1.1254115482223999,-0.011254115482223999,US30,swing,lod,session
2014-10-06 14:00:00+00:00,2014-10-06 19:59:00+00:00,short,time,17077.334000000003,16993.917,24.46599999999671,3.4095070710378685,0.1398855591433197,3.269621511894549,0.032696215118945486,US30,swing,lod,session
2014-10-07 14:00:00+00:00,2014-10-07 15:26:00+00:00,long,stop,16867.8205,16827.3865,40.434000000001106,-1.0,0.09220348636048618,-1.0922034863604861,-0.010922034863604862,US30,swing,lod,session
2014-10-15 14:00:00+00:00,2014-10-15 15:34:00+00:00,long,stop,16160.0845,16045.5425,114.54200000000128,-1.0,0.05161086245656558,-1.0516108624565657,-0.010516108624565658,US30,swing,lod,session
2014-10-30 14:00:00+00:00,2014-10-30 14:59:00+00:00,short,stop,17038.288,17097.800499999998,59.51249999999709,-1.0,0.1339914955681645,-1.1339914955681645,-0.011339914955681644,US30,swing,lod,session
2014-11-06 15:01:00+00:00,2014-11-06 16:05:00+00:00,short,stop,17487.028,17523.6575,36.629500000002736,-1.0,0.05909599694235077,-1.0590959969423508,-0.010590959969423509,US30,swing,lod,session
2014-12-22 15:01:00+00:00,2014-12-22 15:16:00+00:00,short,stop,17890.9185,17913.089500000002,22.171000000002095,-1.0,0.2513603221550436,-1.2513603221550436,-0.012513603221550436,US30,swing,lod,session
2015-01-26 15:03:00+00:00,2015-01-26 20:59:00+00:00,long,time,17617.1105,17675.487,54.266999999999825,1.0757274218217758,0.04045022172775364,1.0352772000940222,0.010352772000940223,US30,swing,lod,session
2015-01-29 15:02:00+00:00,2015-01-29 15:40:00+00:00,long,stop,17241.945,17160.8045,81.14050000000134,-1.0,0.02770165854289736,-1.0277016585428973,-0.010277016585428973,US30,swing,lod,session
2015-03-24 14:00:00+00:00,2015-03-24 17:26:00+00:00,long,stop,18104.828999999998,18053.7015,51.12749999999869,-1.0,0.09104986386973975,-1.0910498638697397,-0.010910498638697396,US30,swing,lod,session
2015-03-31 14:00:00+00:00,2015-03-31 19:06:00+00:00,long,stop,17880.5785,17844.32,36.25849999999991,-1.0,0.13461334852517373,-1.1346133485251737,-0.011346133485251738,US30,swing,lod,session
2015-04-07 14:00:00+00:00,2015-04-07 14:30:00+00:00,short,stop,17923.161999999997,17966.5705,43.408500000005006,-1.0,0.10531639817085299,-1.105316398170853,-0.01105316398170853,US30,swing,lod,session
2015-04-15 14:08:00+00:00,2015-04-15 18:08:00+00:00,short,stop,18123.609,18148.464500000002,24.855500000001484,-1.0,0.16554433485545467,-1.1655443348554546,-0.011655443348554546,US30,swing,lod,session
2015-05-08 14:22:00+00:00,2015-05-08 14:30:00+00:00,short,stop,18159.3575,18182.6655,23.308000000000902,-1.0,0.13465390692036547,-1.1346539069203654,-0.011346539069203654,US30,swing,lod,session
2015-05-12 14:09:00+00:00,2015-05-12 19:59:00+00:00,long,time,17984.661,18065.5365,63.30200000000332,1.2776136614955933,0.07231887199456194,1.2052947895010313,0.012052947895010314,US30,swing,lod,session
2015-05-13 14:00:00+00:00,2015-05-13 19:59:00+00:00,short,time,18100.866,18064.468,35.224999999998545,1.0333002129170348,0.13409842185948037,0.8992017910575544,0.008992017910575544,US30,swing,lod,session
2015-05-15 14:00:00+00:00,2015-05-15 19:59:00+00:00,short,time,18239.463,18268.5035,32.015000000003056,-0.9070904263625296,0.11364446368888498,-1.0207348900514146,-0.010207348900514146,US30,swing,lod,session
2015-05-29 14:03:00+00:00,2015-05-29 14:11:00+00:00,long,stop,18081.6275,18048.578999999998,33.048500000000786,-1.0,0.11583036181672114,-1.1158303618167211,-0.011158303618167211,US30,swing,lod,session
2015-06-02 14:03:00+00:00,2015-06-02 19:59:00+00:00,long,time,17983.1215,18011.3445,60.07600000000093,0.4697882681935831,0.07132168257706793,0.39846658561651516,0.003984665856165152,US30,swing,lod,session
2015-06-05 14:00:00+00:00,2015-06-05 19:59:00+00:00,long,time,17867.4465,17846.724000000002,49.578499999995984,-0.41797351674612776,0.14857458933813236,-0.5665481060842601,-0.005665481060842601,US30,swing,lod,session
2015-06-12 14:01:00+00:00,2015-06-12 14:21:00+00:00,long,stop,17942.0655,17913.402000000002,28.66349999999875,-1.0,0.19848165236276968,-1.1984816523627697,-0.011984816523627697,US30,swing,lod,session
2015-06-15 14:01:00+00:00,2015-06-15 19:59:00+00:00,long,time,17733.097,17793.7195,38.91400000000067,1.5578583543196955,0.1482234695739297,1.4096348847457658,0.014096348847457658,US30,swing,lod,session
2015-06-17 14:19:00+00:00,2015-06-17 18:42:00+00:00,short,stop,17932.411500000002,17975.743000000002,43.33150000000023,-1.0,0.06364597469508292,-1.0636459746950828,-0.010636459746950828,US30,swing,lod,session
2015-06-25 14:11:00+00:00,2015-06-25 16:43:00+00:00,long,stop,17994.519,17950.454,44.06499999999869,-1.0,0.10337592340860399,-1.103375923408604,-0.011033759234086041,US30,swing,lod,session
2015-07-02 14:00:00+00:00,2015-07-02 19:59:00+00:00,short,time,17786.022,17722.963,38.696499999998196,1.6295789024848255,0.1032163883038566,1.526362514180969,0.01526362514180969,US30,swing,lod,session
2015-07-10 14:10:00+00:00,2015-07-10 15:45:00+00:00,short,stop,17721.677,17774.545,52.867999999998574,-1.0,0.04748479978436989,-1.04748479978437,-0.010474847997843699,US30,swing,lod,session
2015-07-27 14:16:00+00:00,2015-07-27 19:59:00+00:00,long,time,17455.9185,17448.021500000003,57.482499999998254,-0.13738094202578952,0.08111249506371751,-0.21849343708950703,-0.0021849343708950702,US30,swing,lod,session
2015-08-03 14:12:00+00:00,2015-08-03 14:24:00+00:00,long,stop,17656.7365,17618.4695,38.266999999999825,-1.0,0.12077402010871041,-1.1207740201087104,-0.011207740201087104,US30,swing,lod,session
2015-08-17 14:03:00+00:00,2015-08-17 19:59:00+00:00,long,time,17371.232,17546.989,32.230500000001484,5.453126696762177,0.10685891686445576,5.346267779897722,0.05346267779897722,US30,swing,lod,session
2015-09-03 14:01:00+00:00,2015-09-03 14:19:00+00:00,short,stop,16440.660499999998,16478.002,37.34150000000227,-1.0,0.10121417638551665,-1.1012141763855166,-0.011012141763855166,US30,swing,lod,session
2015-09-29 14:00:00+00:00,2015-09-29 19:59:00+00:00,long,time,16040.375,16047.151999999998,99.45200000000114,0.06814342597432076,0.03282438387362711,0.03531904210069365,0.0003531904210069365,US30,swing,lod,session
2015-10-09 14:01:00+00:00,2015-10-09 19:59:00+00:00,short,time,17079.773999999998,17087.642,31.84900000000198,-0.24704072341366207,0.14203803855693173,-0.38907876197059377,-0.0038907876197059378,US30,swing,lod,session
2015-10-21 14:00:00+00:00,2015-10-21 15:34:00+00:00,short,stop,17255.763,17286.424,30.661000000000058,-1.0,0.147957601024102,-1.147957601024102,-0.01147957601024102,US30,swing,lod,session
2015-11-12 15:16:00+00:00,2015-11-12 17:15:00+00:00,long,stop,17557.088,17511.883,45.20499999999811,-1.0,0.07526182324964369,-1.0752618232496436,-0.010752618232496436,US30,swing,lod,session
2015-12-14 15:07:00+00:00,2015-12-14 15:12:00+00:00,long,stop,17290.927499999998,17222.477,68.45049999999901,-1.0,0.050706865362562,-1.050706865362562,-0.01050706865362562,US30,swing,lod,session
2015-12-16 15:05:00+00:00,2015-12-16 19:56:00+00:00,short,stop,17634.847500000003,17694.9165,60.06899999999587,-1.0,0.10440102361451717,-1.1044010236145172,-0.011044010236145173,US30,swing,lod,session
2016-01-05 15:01:00+00:00,2016-01-05 20:59:00+00:00,short,time,17130.8925,17161.366,61.72849999999744,-0.49366986076125813,0.05238274075184289,-0.546052601513101,-0.0054605260151310096,US30,swing,lod,session
2016-01-12 15:02:00+00:00,2016-01-12 20:59:00+00:00,short,time,16541.9425,16515.182,51.97949999999764,0.5148279610231251,0.0643374072951866,0.4504905537279385,0.004504905537279385,US30,swing,lod,session
2016-02-19 15:16:00+00:00,2016-02-19 20:59:00+00:00,long,time,16347.631,16388.014499999997,60.399499999999534,0.6686065281997103,0.04962948393612567,0.6189770442635847,0.006189770442635847,US30,swing,lod,session
2016-02-29 16:12:00+00:00,2016-02-29 19:21:00+00:00,long,stop,16665.6765,16605.4155,60.26100000000224,-1.0,0.05239323895222255,-1.0523932389522226,-0.010523932389522227,US30,swing,lod,session
2016-03-11 15:04:00+00:00,2016-03-11 15:35:00+00:00,short,stop,17155.425499999998,17186.8735,31.448000000003958,-1.0,0.1050655894651356,-1.1050655894651356,-0.011050655894651356,US30,swing,lod,session
2016-03-23 14:02:00+00:00,2016-03-23 15:35:00+00:00,long,stop,17550.9895,17525.980499999998,25.009000000001834,-1.0,0.18326936632810847,-1.1832693663281084,-0.011832693663281085,US30,swing,lod,session
2016-03-29 14:00:00+00:00,2016-03-29 19:59:00+00:00,long,time,17474.095999999998,17635.535,43.41149999999834,3.7188072284995517,0.10160908883591142,3.6171981396636403,0.0361719813966364,US30,swing,lod,session
2016-03-30 14:04:00+00:00,2016-03-30 19:59:00+00:00,short,time,17762.446,17718.494,27.647000000000844,1.5897565739501498,0.16175101132129574,1.4280055626288541,0.014280055626288542,US30,swing,lod,session
2016-04-01 14:00:00+00:00,2016-04-01 19:45:00+00:00,long,target,17607.852,17805.7805,41.72099999999773,4.74409769660393,0.09992713549531955,4.64417056110861,0.046441705611086105,US30,swing,lod,session
2016-04-05 14:00:00+00:00,2016-04-05 19:55:00+00:00,long,stop,17645.5705,17595.968500000003,49.60199999999895,-1.0,0.06798419453852811,-1.067984194538528,-0.01067984194538528,US30,swing,lod,session
2016-04-06 14:01:00+00:00,2016-04-06 14:17:00+00:00,long,stop,17587.044,17556.001,31.043000000001484,-1.0,0.14548371420287293,-1.1454837142028729,-0.01145483714202873,US30,swing,lod,session
2016-05-04 14:00:00+00:00,2016-05-04 18:01:00+00:00,long,stop,17693.5195,17617.8875,75.63199999999779,-1.0,0.047435280469908296,-1.0474352804699083,-0.010474352804699083,US30,swing,lod,session
2016-05-09 14:22:00+00:00,2016-05-09 19:59:00+00:00,short,time,17739.9815,17704.844,41.33999999999651,0.8499637155298426,0.08741890426948005,0.7625448112603626,0.007625448112603626,US30,swing,lod,session
2016-06-07 19:14:00+00:00,2016-06-07 19:59:00+00:00,short,time,17969.587,17943.260000000002,29.422500000000582,0.8947914011384817,0.10733361050216458,0.787457790636317,0.007874577906363171,US30,swing,lod,session
2016-06-20 15:03:00+00:00,2016-06-20 19:59:00+00:00,short,time,17904.5815,17808.645,26.675999999999476,3.5963600239916658,0.1749436871157629,3.421416336875903,0.03421416336875903,US30,swing,lod,session
2016-06-22 14:00:00+00:00,2016-06-22 14:10:00+00:00,short,stop,17868.059,17882.624,14.56499999999869,-1.0,0.31371012461382836,-1.3137101246138283,-0.013137101246138283,US30,swing,lod,session
2016-06-30 14:06:00+00:00,2016-06-30 14:38:00+00:00,short,stop,17713.3135,17752.509,39.19549999999799,-1.0,0.11974071825847969,-1.1197407182584798,-0.011197407182584797,US30,swing,lod,session
2016-07-06 14:00:00+00:00,2016-07-06 14:17:00+00:00,long,stop,17776.3645,17746.222,30.14249999999811,-1.0,0.08986677307788571,-1.0898667730778857,-0.010898667730778857,US30,swing,lod,session
2016-07-11 14:02:00+00:00,2016-07-11 15:01:00+00:00,short,stop,18224.2245,18249.9945,25.770000000000437,-1.0,0.1426569773961947,-1.1426569773961948,-0.011426569773961948,US30,swing,lod,session
2016-07-12 14:03:00+00:00,2016-07-12 16:11:00+00:00,short,stop,18324.424,18353.5685,29.144500000002154,-1.0,0.09764440083033814,-1.097644400830338,-0.01097644400830338,US30,swing,lod,session
2016-07-28 14:00:00+00:00,2016-07-28 14:37:00+00:00,long,stop,18447.985,18398.3215,49.66350000000239,-1.0,0.08711584916487546,-1.0871158491648754,-0.010871158491648754,US30,swing,lod,session
2016-08-04 14:00:00+00:00,2016-08-04 19:59:00+00:00,short,time,18345.497,18354.012000000002,51.9330000000009,-0.16396125777449613,0.09191924392967704,-0.2558805017041732,-0.002558805017041732,US30,swing,lod,session
2016-08-08 14:20:00+00:00,2016-08-08 19:59:00+00:00,short,time,18527.7175,18527.6405,41.53399999999965,0.0018539028265396474,0.10680988738142333,-0.10495598455488368,-0.001049559845548837,US30,swing,lod,session
2016-08-11 14:00:00+00:00,2016-08-11 14:37:00+00:00,short,stop,18561.029000000002,18584.7785,23.74949999999808,-1.0,0.30285854081141006,-1.30285854081141,-0.0130285854081141,US30,swing,lod,session
2016-08-15 19:53:00+00:00,2016-08-15 19:59:00+00:00,short,time,18639.5775,18634.525500000003,16.608500000002095,0.3041815937619535,0.20523060706864377,0.0989509866933097,0.000989509866933097,US30,swing,lod,session
2016-08-22 14:00:00+00:00,2016-08-22 19:59:00+00:00,long,time,18494.927,18529.155,32.02400000000125,1.0688233824630846,0.1796407427241998,0.8891826397388848,0.008891826397388848,US30,swing,lod,session
2016-08-23 14:06:00+00:00,2016-08-23 19:59:00+00:00,short,time,18615.5325,18549.9935,22.025000000001455,2.975664018161014,0.21003845119181355,2.7656255669692005,0.027656255669692004,US30,swing,lod,session
2016-08-26 14:00:00+00:00,2016-08-26 14:04:00+00:00,short,stop,18494.497499999998,18538.519999999997,44.02249999999913,-1.0,0.10987011556590597,-1.1098701155659059,-0.01109870115565906,US30,swing,lod,session
2016-09-02 14:06:00+00:00,2016-09-02 19:59:00+00:00,short,time,18524.661500000002,18490.2585,22.83849999999802,1.5063598747730826,0.1890592334216509,1.3173006413514317,0.013173006413514318,US30,swing,lod,session
2016-09-26 14:05:00+00:00,2016-09-26 17:43:00+00:00,long,stop,18128.635,18099.338,29.29699999999866,-1.0,0.15385076031676304,-1.1538507603167631,-0.011538507603167632,US30,swing,lod,session
2016-10-03 14:00:00+00:00,2016-10-03 19:59:00+00:00,long,time,18217.645,18247.975,22.99499999999898,1.3189823874755142,0.267900938247457,1.0510814492280574,0.010510814492280574,US30,swing,lod,session
2016-10-10 14:01:00+00:00,2016-10-10 19:59:00+00:00,short,time,18383.1885,18330.0605,20.660500000001775,2.571476972967549,0.13013869206939663,2.4413382808981523,0.024413382808981525,US30,swing,lod,session
2016-10-14 14:00:00+00:00,2016-10-14 19:59:00+00:00,short,time,18235.807500000003,18141.5515,27.990499999999884,3.367428234579647,0.1509381401725592,3.2164900944070878,0.03216490094407088,US30,swing,lod,session
2016-10-21 15:13:00+00:00,2016-10-21 19:59:00+00:00,long,time,18083.71,18145.184,35.95999999999913,1.7095105672970932,0.082687462458289,1.6268231048388042,0.01626823104838804,US30,swing,lod,session
2016-10-24 14:01:00+00:00,2016-10-24 19:59:00+00:00,short,time,18252.4295,18217.504,23.48800000000483,1.4869507833783366,0.12061810211594928,1.3663326812623873,0.013663326812623873,US30,swing,lod,session
2016-11-07 15:11:00+00:00,2016-11-07 15:35:00+00:00,short,stop,18147.2025,18170.5,23.297500000000582,-1.0,0.13905217995492733,-1.1390521799549274,-0.011390521799549273,US30,swing,lod,session
2016-11-10 15:02:00+00:00,2016-11-10 17:51:00+00:00,short,stop,18726.249499999998,18768.72,42.470500000003085,-1.0,0.061247365053385544,-1.0612473650533856,-0.010612473650533857,US30,swing,lod,session
2016-11-30 15:00:00+00:00,2016-11-30 20:59:00+00:00,short,time,19196.0,19139.099000000002,27.431499999998778,2.0742941508849517,0.12069117620254625,1.9536029746824055,0.019536029746824054,US30,swing,lod,session
2016-12-08 15:00:00+00:00,2016-12-08 17:23:00+00:00,short,stop,19555.5,19594.004,38.504000000000815,-1.0,0.06916443746104153,-1.0691644374610416,-0.010691644374610416,US30,swing,lod,session
2016-12-13 15:06:00+00:00,2016-12-13 17:16:00+00:00,short,stop,19888.4485,19917.551,29.102500000000873,-1.0,0.11602952160466964,-1.1160295216046696,-0.011160295216046697,US30,swing,lod,session
2017-01-04 15:06:00+00:00,2017-01-04 20:36:00+00:00,short,stop,19904.2025,19944.750500000002,40.5480000000025,-1.0,0.08308111774932901,-1.083081117749329,-0.01083081117749329,US30,swing,lod,session
2017-01-10 15:05:00+00:00,2017-01-10 20:59:00+00:00,long,time,19873.75,19861.5,34.67749999999796,-0.3532549924302709,0.06539669093793188,-0.4186516833682028,-0.004186516833682028,US30,swing,lod,session
2017-01-13 15:01:00+00:00,2017-01-13 20:59:00+00:00,short,time,19912.582000000002,19884.178,39.890999999995984,0.7120403098444544,0.17295424607055965,0.5390860637738948,0.005390860637738948,US30,swing,lod,session
2017-01-18 15:00:00+00:00,2017-01-18 20:59:00+00:00,long,time,19793.588499999998,19803.806,56.680499999994936,0.18026481770632558,0.08841812003247057,0.091846697673855,0.00091846697673855,US30,swing,lod,session
2017-02-01 15:06:00+00:00,2017-02-01 20:59:00+00:00,short,time,19934.713,19886.484,28.89600000000064,1.6690545404207604,0.16797329543881132,1.501081244981949,0.01501081244981949,US30,swing,lod,session
2017-02-07 15:01:00+00:00,2017-02-07 20:59:00+00:00,short,time,20132.132,20087.4075,26.867999999998574,1.664601012356805,0.052500691528959156,1.6121003208278457,0.01612100320827846,US30,swing,lod,session
2017-02-10 15:05:00+00:00,2017-02-10 15:32:00+00:00,short,stop,20224.7775,20239.677499999998,14.899999999997817,-1.0,0.306752385067159,-1.306752385067159,-0.01306752385067159,US30,swing,lod,session
2017-03-20 14:02:00+00:00,2017-03-20 18:38:00+00:00,long,stop,20922.412,20893.0565,29.355500000001484,-1.0,0.23530601147994926,-1.2353060114799492,-0.012353060114799492,US30,swing,lod,session
2017-03-21 14:00:00+00:00,2017-03-21 14:57:00+00:00,short,target,20935.379500000003,20777.377,33.800499999997555,4.674561027204146,0.15018346570318095,4.524377561500965,0.045243775615009654,US30,swing,lod,session
2017-03-27 15:24:00+00:00,2017-03-27 19:59:00+00:00,long,time,20491.25,20549.949999999997,81.25,0.7224615384615026,0.06143915384615384,0.6610223846153488,0.006610223846153488,US30,swing,lod,session
2017-04-06 14:00:00+00:00,2017-04-06 19:59:00+00:00,long,time,20680.6,20664.8505,71.94999999999709,-0.21889506601805025,0.0646543571924974,-0.28354942321054766,-0.002835494232105477,US30,swing,lod,session
2017-04-11 14:00:00+00:00,2017-04-11 14:22:00+00:00,long,stop,20623.35,20582.3505,40.99949999999808,-1.0,0.16205447017647318,-1.1620544701764732,-0.011620544701764733,US30,swing,lod,session
2017-04-25 14:00:00+00:00,2017-04-25 14:03:00+00:00,short,stop,20962.949,20977.050499999998,14.101499999997031,-1.0,0.29713137715852095,-1.297131377158521,-0.012971313771585209,US30,swing,lod,session
2017-06-08 18:44:00+00:00,2017-06-08 19:59:00+00:00,short,time,21155.6495,21186.65,49.25,-0.6294517766497852,0.059596288680203044,-0.6890480653299883,-0.006890480653299883,US30,swing,lod,session
2017-06-20 14:00:00+00:00,2017-06-20 19:59:00+00:00,short,time,21504.6005,21468.5,29.399499999999534,1.2279290464123893,0.16201367599789368,1.0659153704144957,0.010659153704144957,US30,swing,lod,session
2017-07-27 16:57:00+00:00,2017-07-27 19:59:00+00:00,short,stop,21743.6495,21789.5005,45.85099999999875,-1.0,0.25679564715055986,-1.25679564715056,-0.0125679564715056,US30,swing,lod,session
2017-07-31 14:01:00+00:00,2017-07-31 16:27:00+00:00,short,stop,21891.9,21915.15,23.25,-1.0,0.44367339784946236,-1.4436733978494622,-0.014436733978494622,US30,swing,lod,session
2017-08-02 14:23:00+00:00,2017-08-02 19:59:00+00:00,short,time,21990.6,22012.5,41.00050000000192,-0.534139827563089,0.11289450128656439,-0.6470343288496534,-0.006470343288496534,US30,swing,lod,session
2017-08-31 14:37:00+00:00,2017-08-31 19:36:00+00:00,short,stop,21940.3995,21973.500500000002,33.10100000000239,-1.0,0.10537826553577682,-1.105378265535777,-0.01105378265535777,US30,swing,lod,session
2017-09-20 14:00:00+00:00,2017-09-20 15:17:00+00:00,short,stop,22369.5995,22388.75,19.150499999999738,-1.0,0.26003999543093226,-1.2600399954309323,-0.012600399954309323,US30,swing,lod,session
2017-09-27 14:00:00+00:00,2017-09-27 19:59:00+00:00,short,time,22339.999499999998,22338.0,30.50050000000192,0.06555630235563198,0.16642022040621238,-0.1008639180505804,-0.001008639180505804,US30,swing,lod,session
2017-10-18 14:08:00+00:00,2017-10-18 14:43:00+00:00,short,stop,23103.4995,23120.0,16.500499999998283,-1.0,0.2897471247841276,-1.2897471247841277,-0.012897471247841278,US30,swing,lod,session
2017-10-24 14:00:00+00:00,2017-10-24 14:54:00+00:00,short,stop,23419.5,23463.5005,44.00049999999828,-1.0,0.1096267656049406,-1.1096267656049406,-0.011096267656049406,US30,swing,lod,session
2017-11-15 15:07:00+00:00,2017-11-15 20:59:00+00:00,long,time,23280.5005,23275.5,38.000999999996566,-0.13158864240411397,0.08355655199863916,-0.21514519440275315,-0.0021514519440275315,US30,swing,lod,session
2017-11-17 15:03:00+00:00,2017-11-17 16:10:00+00:00,long,stop,23393.5005,23360.0,33.50049999999828,-1.0,0.09500089647916188,-1.0950008964791618,-0.010950008964791617,US30,swing,lod,session
