date,0
1993-01-29,0.0
1993-02-01,0.006624353159712548
1993-02-02,-0.008419114191082294
1993-02-03,0.004912536832460052
1993-02-04,0.0031510115548589552
1993-02-05,7.610586838419932e-05
1993-02-08,-0.0006615839644637497
1993-02-09,-0.00508533525092974
1993-02-10,0.00030559657915884544
1993-02-11,0.002793975845909124
1993-02-12,-0.007168835352661114
1993-02-16,0.0016422153823223151
1993-02-17,-0.0018824755065112275
1993-02-18,-0.0050159013815297936
1993-02-19,-0.006945277232256882
1993-02-22,-0.005424418463381361
1993-02-23,-0.0011808698629621184
1993-02-24,0.009988902444963609
1993-02-25,0.0019152280142812317
1993-02-26,0.0013872233794627866
1993-03-01,-0.0028167210984271374
1993-03-02,0.014819870961789768
1993-03-03,0.00417292245406764
1993-03-04,-0.0055404416348975305
1993-03-05,-0.002785925638740916
1993-03-08,0.02234679608085499
1993-03-09,-0.0034158036125245816
1993-03-10,0.0020564305646348924
1993-03-11,-0.0027358493867177813
1993-03-12,-0.01028836232512309
1993-03-15,0.004851644495537544
1993-03-16,0.0
1993-03-17,-0.00620757954559048
1993-03-18,0.006246354286695066
1993-03-19,-0.001514120490887616
1993-03-22,-0.005551923458489649
1993-03-23,0.0020941741082030063
1993-03-24,0.0
1993-03-25,0.006267928546508816
1993-03-26,-0.005536319722023286
1993-03-29,0.004174604860689657
1993-03-30,0.002771960244432048
1993-03-31,-0.0006910744302613958
1993-04-01,-0.003945796249949621
1993-04-02,0.0704027153392694
1993-04-05,-0.030574848626921773
1993-04-06,0.0056700652948560425
1993-04-07,-0.019931518790090186
1993-04-08,-0.009835334411828383
1993-04-12,-0.025456455448927343
1993-04-13,-0.0011186259055402216
1993-04-14,-0.0013623179812690663
1993-04-15,-0.0025735506660432782
1993-04-16,-5.0163307664031466e-05
1993-04-19,-0.0035311880486928243
1993-04-20,-0.003734162408684733
1993-04-21,-0.0012281584268027303
1993-04-22,0.002254809961813464
1993-04-23,0.005862102297368612
1993-04-26,0.010121543883897438
1993-04-27,-0.031278455905451856
1993-04-28,-0.004977893140573097
1993-04-29,0.002704466412572259
1993-04-30,0.0014152650253134054
1993-05-03,0.005899920382360426
1993-05-04,-0.007889622087060701
1993-05-05,0.0014078460352975708
1993-05-06,0.0012517764219332735
1993-05-07,-0.0024725775886200166
1993-05-10,0.0003778201644034991
1993-05-11,-8.933581946788966e-05
1993-05-12,-0.0010062862923150115
1993-05-13,0.0011802421079969913
1993-05-14,-0.0037963595658542554
1993-05-17,-0.005003244934013379
1993-05-18,-0.001325527142117772
1993-05-19,0.014860320066683568
1993-05-20,0.0023923623311657206
1993-05-21,-0.008490911872905384
1993-05-24,0.0034983244762316567
1993-05-25,0.002041180545319858
1993-05-26,0.012474322738450403
1993-05-27,-0.0034268160292095936
1993-05-28,-0.004814613429543384
1993-06-01,0.009675251997296278
1993-06-02,-0.001368904339361765
1993-06-03,-0.0034268002821373766
1993-06-04,-0.0034385074927064663
1993-06-07,-0.003450600795662284
1993-06-08,-0.009003316442453335
1993-06-09,0.0034942383704394953
1993-06-10,0.0006969075680571812
1993-06-11,0.004174604860689657
1993-06-14,-0.0013862102495332262
1993-06-15,-0.002081471995609818
1993-06-16,0.0020858135581192094
1993-06-17,0.0034699905693502675
1993-06-18,-0.00823440271587017
1993-06-21,0.002106161760046188
1993-06-22,0.0007012202495526587
1993-06-23,-0.009103548856212451
1993-06-24,0.01342707744367666
1993-06-25,-0.0006974139959545766
1993-06-28,0.011165951342076541
1993-06-29,-0.004831130778156556
1993-06-30,0.0
1993-07-01,-0.003261754825604203
1993-07-02,0.009682006417944247
1993-07-06,0.06147396319277597
1993-07-07,-0.03086166724224921
1993-07-08,-0.03510583046794041
1993-07-09,-0.012415615477258073
1993-07-12,-0.003135229068766932
1993-07-13,-0.0006644816682366514
1993-07-14,0.00036343448978568265
1993-07-15,-0.003637214814381523
1993-07-16,-0.0013727349676643285
1993-07-19,-0.0021970548413016346
1993-07-20,0.00076212872273304
1993-07-21,-0.00024246526087256468
1993-07-22,-0.006033831782083991
1993-07-23,0.002926018306177923
1993-07-26,0.005204440795555606
1993-07-27,-0.0006959090986855042
1993-07-28,-0.002086570578860613
1993-07-29,0.005575270053197809
1993-07-30,-0.005544359522504094
1993-08-02,0.0022996773483339194
1993-08-03,-0.0062785194317531035
1993-08-04,0.0002216737407763535
1993-08-05,0.0009705584510336642
1993-08-06,0.0004106604391088827
1993-08-09,-0.0022211779493634363
1993-08-10,-0.0014539697163454567
1993-08-11,-0.0015305032373215727
1993-08-12,-0.0012221707635509593
1993-08-13,-0.0007033121565363015
1993-08-16,0.002333724429557641
1993-08-17,0.0027260432257754886
1993-08-18,0.005242105255916625
1993-08-19,-2.6572474305758635e-05
1993-08-20,0.0006509616811717627
1993-08-23,-0.0020674719604030023
1993-08-24,0.010926812081295008
1993-08-25,0.0006758184673539519
1993-08-26,0.0006753379853157131
1993-08-27,-0.0006749131494702083
1993-08-30,0.004054350324321587
1993-08-31,0.0026911477481827983
1993-09-01,-0.0013420362214785486
1993-09-02,-0.0033603009822740226
1993-09-03,0.0006740741448947318
1993-09-07,-0.0067381264370436345
1993-09-08,-0.0033926640667527597
1993-09-09,0.0020427674793093153
1993-09-10,0.008831134192679668
1993-09-13,0.0006740545971641865
1993-09-14,-0.004037979029698602
1993-09-15,0.0027022813992332306
1993-09-16,-0.004043572072089385
1993-09-17,-0.0019385619823365507
1993-09-20,-0.008185149660461355
1993-09-21,-0.0034385432975039265
1993-09-22,0.008281475952194084
1993-09-23,0.005475637606964456
1993-09-24,-0.0027229091397960037
1993-09-27,0.010921150787008616
1993-09-28,-0.0020259120255006202
1993-09-29,-0.0033826354107311385
1993-09-30,-0.0020369148170944484
1993-10-01,0.004274697172832021
1993-10-04,-0.008712034210309786
1993-10-05,-0.0008765423657492591
1993-10-06,-0.0023234616301250795
1993-10-07,0.0001085964397284896
1993-10-08,-0.004406082916700194
1993-10-11,-0.0002334720084901042
1993-10-12,0.0006762800385057526
1993-10-13,-0.0014642104986631107
1993-10-14,0.01195120051389196
1993-10-15,0.005282760936861124
1993-10-18,-0.002663965528131288
1993-10-19,-0.00730596003768904
1993-10-20,0.0013221820773183753
1993-10-21,-0.0013429469096980203
1993-10-22,-0.004693183804647667
1993-10-25,0.0026917640400637684
1993-10-26,-0.0006722789737932823
1993-10-27,0.0006727258842245096
1993-10-28,0.007391927488981774
1993-10-29,-1.9620455485708122e-32
1993-11-01,0.0021811938135027934
1993-11-02,-0.002528395401215121
1993-11-03,0.032379402110965835
1993-11-04,0.0620217331869678
1993-11-05,-0.018769820140800933
1993-11-08,-0.030151860643170027
1993-11-09,-0.012045415544749785
1993-11-10,-0.020948441356297205
1993-11-11,0.002431795809189349
1993-11-12,-0.013688548533259015
1993-11-15,0.00067084595575676
1993-11-16,-0.0013451051876937912
1993-11-17,0.0032456987597593613
1993-11-18,-0.007938759133327497
1993-11-19,0.0005055892588641518
1993-11-22,-0.0014824798701509635
1993-11-23,-0.015533184732172911
1993-11-24,-0.0013583963202877204
1993-11-26,-0.0006952903936129331
1993-11-29,-0.004460236743922582
1993-11-30,0.0006702213871072737
1993-12-01,0.0013483441949035378
1993-12-02,0.0026939405095491864
1993-12-03,0.0040299806794210635
1993-12-06,0.0033439486490132175
1993-12-07,-0.0006668229407772452
1993-12-08,0.0
1993-12-09,-0.0033350277968775544
1993-12-10,-0.002008282740591061
1993-12-13,0.006036093040756585
1993-12-14,-0.007333231820700559
1993-12-15,-0.0013431312689451413
1993-12-16,0.0033624544286565694
1993-12-17,0.0054956261946297325
1993-12-20,0.0013423513676789067
1993-12-21,-0.0033509434072021005
1993-12-22,0.006724419965153716
1993-12-23,-0.0006675300857788002
1993-12-27,0.005347143730068726
1993-12-28,0.0019947844472887333
1993-12-29,-0.001327352782840685
1993-12-30,-0.003986485940972617
1993-12-31,-0.005336516450019313
1994-01-03,-0.003170560608810158
1994-01-04,0.002796268364161685
1994-01-05,-0.0073035700356997284
1994-01-06,0.000745388751571404
1994-01-07,0.0004886012586247448
1994-01-10,0.008306494473129514
1994-01-11,-0.0015620407494641505
1994-01-12,-0.0027065389725321647
1994-01-13,-0.0018651396900989017
1994-01-14,0.0021782406753299522
1994-01-17,-9.674649618859372e-05
1994-01-18,0.0010637789796123015
1994-01-19,-0.002599292028222606
1994-01-20,0.002439840667919419
1994-01-21,-0.0019873243060082664
1994-01-24,-0.003975655256109917
1994-01-25,-1.6199449939725287e-05
1994-01-26,0.002643008597444801
1994-01-27,0.009247056908818009
1994-01-28,0.0026173672166184786
1994-01-31,0.007180599160797719
1994-02-01,-0.005184619681122493
1994-02-02,0.006514355704557939
1994-02-03,-0.004531048075299915
1994-02-04,-0.022756525583200737
1994-02-07,0.004657086720456505
1994-02-08,0.0006625733495353447
1994-02-09,0.0039705820373112655
1994-02-10,-0.008569702800161116
1994-02-11,0.0033247850128166334
1994-02-14,0.0013255213583140968
1994-02-15,0.005294205115697004
1994-02-16,-0.000658290514452764
1994-02-17,-0.005928731721959402
1994-02-18,-0.005964163113394316
1994-02-22,0.00999964777239204
1994-02-23,-0.0026398282221153924
1994-02-24,-0.01323623078386138
1994-02-25,0.004694713384986615
1994-02-28,0.0
1994-03-01,-0.004493279444259365
1994-03-02,0.009443012172097394
1994-03-03,0.0008556469864202743
1994-03-04,-0.004097793985884488
1994-03-07,-0.009653662920392285
1994-03-08,0.005218527096735724
1994-03-09,-0.006043283559707744
1994-03-10,0.00457694386684622
1994-03-11,-0.006176737756428652
1994-03-14,0.001998833753992047
1994-03-15,-0.0052821815397309105
1994-03-16,0.004965478812536403
1994-03-17,-0.0012732650735891953
1994-03-18,-0.00016811313966189854
1994-03-21,-0.0027214963579040136
1994-03-22,0.002272084879780308
1994-03-23,-0.000749699524474453
1994-03-24,-0.01174111459819011
1994-03-25,-0.008890919258616427
1994-03-28,0.0006051127293418632
1994-03-29,-0.01710962908808186
1994-03-30,0.0001445558454985993
1994-03-31,-0.01389045063086751
1994-04-04,-0.015904215704368174
1994-04-05,0.01186263279238778
1994-04-06,-0.0020015844726143962
1994-04-07,0.002111524621839546
1994-04-08,-0.005679031792231832
1994-04-11,0.0009815388770555342
1994-04-12,-0.0016869205436589809
1994-04-13,-0.0033579223323507747
1994-04-14,-0.0012826602814348716
1994-04-15,-0.0007961572875348701
1994-04-18,-0.004766743277228015
1994-04-19,-2.0067929243037467e-05
1994-04-20,-0.00126036731461312
1994-04-21,0.0096055322614587
1994-04-22,-0.001133290257367855
1994-04-25,0.009948148231244349
1994-04-26,-0.0010487822239304916
1994-04-28,-0.007244833796962474
1994-04-29,0.0031179427660928813
1994-05-02,0.006236001163086843
1994-05-03,-0.0010327576279008219
1994-05-04,-0.0017238602153945015
1994-05-05,-0.0013809630761105751
1994-05-06,-0.009681899726133314
1994-05-09,-0.00872869603168569
1994-05-10,0.007748926689989277
1994-05-11,-0.009087727002777601
1994-05-12,0.00493812861872045
1994-05-13,0.0
1994-05-16,0.00035104973411526075
1994-05-17,0.014736870949413783
1994-05-18,0.007261312899618844
1994-05-19,0.0048060516184535995
1994-05-20,-0.0037585691802635157
1994-05-23,-0.0017146237519483076
1994-05-24,0.00412272820112114
1994-05-25,0.002737225334600968
1994-05-26,0.0006820151228352778
1994-05-27,0.0010229874278022688
1994-05-31,-0.0013627362827542955
1994-06-01,0.00394591763661323
1994-06-02,-0.007301112502443563
1994-06-03,-0.0010604193897416616
1994-06-06,0.0004217746709580932
1994-06-07,-0.001330673614696879
1994-06-08,-0.0022092605654955577
1994-06-09,-9.699040129087545e-05
1994-06-10,-0.0013113664082024666
1994-06-13,-0.0016697445393306825
1994-06-14,0.006594364857867116
1994-06-15,-0.003953600058415922
1994-06-16,0.0017565265688166889
1994-06-17,-0.005021645466411184
1994-06-20,-0.006941548010718371
1994-06-21,-0.004721651282246753
1994-06-22,-0.00021075028112200328
1994-06-23,-0.004717502201087346
1994-06-24,0.018565596985111302
1994-06-27,-0.023484082073370514
1994-06-28,-0.005241225327729932
1994-06-29,0.0023702000755907943
1994-06-30,-0.006308055631013927
1994-07-01,0.002103002408890542
1994-07-05,0.005259097238780486
1994-07-06,-0.001394889680373046
1994-07-07,0.004191113205120889
1994-07-08,-0.0003474538809205008
1994-07-11,-0.003479698724890956
1994-07-12,0.0013964254322589298
1994-07-13,0.0017437515445111185
1994-07-14,0.010789754757074554
1994-07-15,0.00034427935025749257
1994-07-18,0.0017216158400461534
1994-07-19,-0.002062226341290496
1994-07-20,-0.004476295757880444
1994-07-21,0.0020751125199220954
1994-07-22,0.0017262219656306588
1994-07-25,0.0013781399283567808
1994-07-26,-0.0010316108941886837
1994-07-27,0.0
1994-07-28,0.0020663121647015448
1994-07-29,0.009969295039841342
1994-08-01,0.004277127507195332
1994-08-02,-0.00626904582054154
1994-08-03,-0.0005884437673253886
1994-08-04,0.006467464936330566
1994-08-05,0.0023775405285867785
1994-08-08,-0.007560522164511687
1994-08-09,-0.001562862843819186
1994-08-10,-0.004691734689769418
1994-08-11,-0.000950360953687268
1994-08-12,-0.0003313698591261901
1994-08-15,-0.0002013192635735217
1994-08-16,0.005350257540082556
1994-08-17,-0.0007098079038159647
1994-08-18,-0.00310314017340862
1994-08-19,-0.0004580891807474616
1994-08-22,-0.0016108418104375521
1994-08-23,0.005579689858730443
1994-08-24,0.010713637216469713
1994-08-25,-0.0026515076469385236
1994-08-26,0.014290221845942896
1994-08-29,-0.0006550982609344759
1994-08-30,0.0026226728819882528
1994-08-31,-0.0026158124615808243
1994-09-01,-0.00376684865786836
1994-09-02,0.0009700802882744901
1994-09-06,-0.0046204835446938
1994-09-07,-0.00027320375710214353
1994-09-08,-0.0029123933272783044
1994-09-09,0.01708915408227026
1994-09-12,0.004896884306555646
1994-09-13,-0.011410407256018516
1994-09-14,-0.009964498563572677
1994-09-15,-0.006830663855581617
1994-09-16,-0.0011443081091478081
1994-09-19,-0.0035293622805111953
1994-09-20,0.01800399349987067
1994-09-21,-0.005879009983587818
1994-09-22,-0.006065082274965479
1994-09-23,0.006532913304676771
1994-09-26,-0.028448762386438245
1994-09-27,-0.005176304508160907
1994-09-28,0.004253734011814352
1994-09-29,-0.005072733411899404
1994-09-30,-0.001357155440832108
1994-10-03,-0.0028566996269181423
1994-10-04,0.03022727866709661
1994-10-05,-0.009157349246762087
1994-10-06,0.004522813226966025
1994-10-07,-0.017860538556297018
1994-10-10,-0.01073940834830112
1994-10-11,0.0007411665518686581
1994-10-12,0.002121166401335643
1994-10-13,0.0023629844333808974
1994-10-14,0.0014844907963264256
1994-10-17,-0.0015575774388841544
1994-10-18,-0.002466106499372703
1994-10-19,0.004202985234910299
1994-10-20,-0.005602017940710828
1994-10-21,-0.0038617676282229644
1994-10-24,-0.0075676331463731435
1994-10-25,-0.0006306478675795427
1994-10-26,0.002825544641760838
1994-10-27,0.005766186214356098
1994-10-28,0.02103444683525759
1994-10-31,-0.0036065677163812744
1994-11-01,-0.011188052880235654
1994-11-02,-0.005657285400460732
1994-11-03,0.005354969464133719
1994-11-04,-0.012982650490214076
1994-11-07,0.0030354591198376024
1994-11-08,0.007734150978574883
1994-11-09,0.0016678460881920376
1994-11-10,-0.006995276710485165
1994-11-11,-0.003690386287538261
1994-11-14,0.009427507757874487
1994-11-15,-0.0033354351221558387
1994-11-16,0.0033465974809334664
1994-11-17,-0.006670941298700717
1994-11-18,-0.0013429337286453569
1994-11-21,-0.010087767646985712
1994-11-22,-0.021739216949412832
1994-11-23,0.00555555966475807
1994-11-25,0.00483453353831198
1994-11-28,0.004466925927620657
1994-11-29,-0.0003413584638460865
1994-11-30,-0.0013692536291928237
1994-12-01,-0.010426132451492817
1994-12-02,0.011492376121522246
1994-12-05,-0.0050720154449531195
1994-12-06,-0.0010581332544576632
1994-12-07,-0.0014640229607613218
1994-12-08,0.009847563587451896
1994-12-09,-0.013238312425093463
1994-12-12,-0.005099106382442672
1994-12-13,-0.0012978897851225182
1994-12-14,0.0014468891942276975
1994-12-15,0.002353297537710903
1994-12-16,0.004398326120613587
1994-12-19,0.0011386314651700914
1994-12-20,-0.003075505820746925
1994-12-21,0.01051049344453459
1994-12-22,-0.0030456210552983237
1994-12-23,0.0010158462344256926
1994-12-27,0.005427030827021189
1994-12-28,-0.0050597295212985146
1994-12-29,0.0006776505391418346
1994-12-30,-0.011860593340476067
1995-01-03,0.004312913490315488
1995-01-04,-0.0033156468272991686
1995-01-05,-0.0010197513625518687
1995-01-06,-0.0017415552276423634
1995-01-09,-0.0009700976894228314
1995-01-10,-0.0015725424428040418
1995-01-11,-0.00038315077544125685
1995-01-12,0.0008031988096985417
1995-01-13,0.009524922250785274
1995-01-16,0.005903663127885632
1995-01-17,0.0003409876366122682
1995-01-18,-0.0010088216542688182
1995-01-19,-0.005632942889757066
1995-01-20,-0.0036577891949702056
1995-01-23,0.0029739174969522406
1995-01-24,0.0013282101573390773
1995-01-25,0.0026730966966714833
1995-01-26,0.001000063552652148
1995-01-27,0.003995392177461436
1995-01-30,-0.004311325307836792
1995-01-31,0.003997149710320381
1995-02-01,-0.0003317988920076287
1995-02-02,0.005974081777416318
1995-02-03,0.014186773741708958
1995-02-06,0.004229263378602299
1995-02-07,0.001295947251866325
1995-02-08,0.0
1995-02-09,0.0
1995-02-10,0.0012937229753631208
1995-02-13,0.0003234566943586259
1995-02-14,0.0012913605874262934
1995-02-15,0.005483692596619516
1995-02-16,-0.0012827970073403527
1995-02-17,-0.003854284502190275
1995-02-21,-0.00032330772700706056
1995-02-22,0.007419735089613022
1995-02-23,0.0016011590656554997
1995-02-24,0.0025569078366640685
1995-02-27,-0.007971601179222798
1995-02-28,0.008357791062831854
1995-03-01,-0.006864059049187625
1995-03-02,0.010467020602298796
1995-03-03,-0.007300038442368558
1995-03-06,0.0006582421525735408
1995-03-07,0.030545056226077172
1995-03-08,-0.014219011931788608
1995-03-09,-0.006419403407595224
1995-03-10,-0.013624626079782577
1995-03-13,-0.0037870237965736955
1995-03-14,0.0045153995297066716
1995-03-15,-0.0015563565091865094
1995-03-16,0.004600800606178814
1995-03-17,0.0007803681177247926
1995-03-20,-0.00020414233349813228
1995-03-21,-0.0025190539263634133
1995-03-22,0.0009240528315407252
1995-03-23,0.0006259748956007132
1995-03-24,0.014196447561378504
1995-03-27,0.004044906429674477
1995-03-28,-1.2004793072440313e-13
1995-03-29,-0.00030985845584952256
1995-03-30,-0.0018592708843326866
1995-03-31,-0.00403711002613194
1995-04-03,0.0020061266099500354
1995-04-04,-0.005222154117202962
1995-04-05,0.00046488801605231583
1995-04-06,0.0008429933573867645
1995-04-07,-0.0010115079107417737
1995-04-10,-0.0003626204527189614
1995-04-11,-0.002987051612900733
1995-04-12,0.0013693511845338348
1995-04-13,0.0045151612963392875
1995-04-17,-0.005615650198829243
1995-04-18,-0.0029159988898391073
1995-04-19,-0.0010108566753088686
1995-04-20,0.0008284743987378907
1995-04-21,0.0047193877907238625
1995-04-24,0.011600833215055003
1995-04-25,-0.002731552130244377
1995-04-26,0.0009122289901155081
1995-04-27,0.0024321324544231185
1995-04-28,0.0015170962455746193
1995-05-01,-0.0027258924555495774
1995-05-02,0.0021257279143589436
1995-05-03,0.013939519595094652
1995-05-04,-0.0005978022287291829
1995-05-05,-0.0011964453366416494
1995-05-08,0.007185886657304685
1995-05-09,-0.0008923427605951328
1995-05-10,0.0011901442050763489
1995-05-11,0.0026751097482122788
1995-05-12,0.000592841273415079
1995-05-15,0.004739359804445842
1995-05-16,0.0005890755547961479
1995-05-17,-0.003829152229982258
1995-05-18,-0.014493348296503061
1995-05-19,0.0006001878410042405
1995-05-22,0.011097067072654676
1995-05-23,0.009196413021674621
1995-05-24,-0.0005875296174491229
1995-05-25,0.0008823998357485596
1995-05-26,-0.011460528689000493
1995-05-30,-0.00029742675866073487
1995-05-31,0.02081531678498516
1995-06-01,-0.00310986308352845
1995-06-02,0.0025994955074018387
1995-06-05,-0.001864590775382119
1995-06-06,-0.0035436048453176766
1995-06-07,-0.0023528536262021255
1995-06-08,-0.00092614077521828
1995-06-09,-0.0005685414318073994
1995-06-12,-0.008747307375348186
1995-06-13,0.005193860218986747
1995-06-14,-0.0010167865493316234
1995-06-15,0.0037061301661420725
1995-06-16,0.0026585211422275874
1995-06-19,0.0111820196108745
1995-06-20,-0.0025775563662867535
1995-06-21,-0.000575844918982458
1995-06-22,0.013208330594557024
1995-06-23,-0.001982750591060245
1995-06-26,-0.011929207002363494
1995-06-27,-0.0020112640620439976
1995-06-28,0.0051837059859213205
1995-06-29,-0.0017187717054429898
1995-06-30,-0.0005745501111883433
1995-07-03,0.0032459470535228796
1995-07-05,-0.0026022416633644293
1995-07-06,0.0024869259221305343
1995-07-07,0.0035725742693204117
1995-07-10,0.00013591876330854615
1995-07-11,-0.004156411735973633
1995-07-12,0.010770221935861473
1995-07-13,-0.0021092708451443754
1995-07-14,-0.001093573449648925
1995-07-17,0.005327443802964002
1995-07-18,-0.008438779142350038
1995-07-19,-0.00989872912099646
1995-07-20,0.002739384289337329
1995-07-21,-0.001274625683151363
1995-07-24,0.0071864353457274524
1995-07-25,0.007553779679426605
1995-07-26,-0.0008339646370908091
1995-07-27,0.008342936030849667
1995-07-28,-0.006343128798680289
1995-07-31,-0.0024975609734388844
1995-08-01,-0.0016702555317693617
1995-08-02,-0.002229024848222183
1995-08-03,-0.0002800677672937235
1995-08-04,0.0011182493838592933
1995-08-07,0.0022323675565536494
1995-08-08,0.0
1995-08-09,-0.00027839530247497635
1995-08-10,-0.002228131879236428
1995-08-11,-0.005583877287946404
1995-08-14,0.008984465154338706
1995-08-15,-0.0019480693913667135
1995-08-16,0.002787639217382454
1995-08-17,-0.0016681663160771354
1995-08-18,0.0011142795258760607
1995-08-21,-0.0027820169401928663
1995-08-22,0.0019524949628357824
1995-08-23,-0.0036192951973537113
1995-08-24,0.0011182493838592933
1995-08-25,0.0055818520578829744
1995-08-28,-0.003608359953016005
1995-08-29,0.002506953962457592
1995-08-30,0.0022234890418233455
1995-08-31,0.000830785359823949
1995-09-01,0.00394492946654257
1995-09-05,-0.005974911306928371
1995-09-06,0.0007120197820275362
1995-09-07,0.00030539468692763187
1995-09-08,0.0019670654771581616
1995-09-11,0.002265092322421904
1995-09-12,0.004366074108790219
1995-09-13,0.004491091640061349
1995-09-14,0.009090197930494424
1995-09-15,-0.00027548866466997314
1995-09-18,-0.003744176070748934
1995-09-19,0.0048290930609321174
1995-09-20,0.004807304668758693
1995-09-21,-0.00823983267366498
1995-09-22,0.0002679221658837521
1995-09-25,-0.0016082053705992895
1995-09-26,-0.00026833450370063866
1995-09-27,-0.0008051079602465675
1995-09-28,0.00752289018018959
1995-09-29,-0.00186720630107573
1995-10-02,-0.005563338679306807
1995-10-03,0.0202299497929296
1995-10-04,0.0022826376517022995
1995-10-05,0.0029834022201907155
1995-10-06,-0.0169374979522726
1995-10-09,0.006780208842888874
1995-10-10,-0.0010132643891711402
1995-10-11,-0.008447669778808254
1995-10-12,-0.0058735704760790874
1995-10-13,-0.0032177890860180516
1995-10-16,-0.0017321368571789801
1995-10-17,-0.0004685382227050351
1995-10-18,0.0012316554669200134
1995-10-19,0.003028127866925854
1995-10-20,-0.005699577412152669
1995-10-23,-0.002582525346966511
1995-10-24,0.0005933416053126111
1995-10-25,-0.007606717901070051
1995-10-26,-0.0066222799588540535
1995-10-27,0.0044146614679872
1995-10-30,0.006137582692806074
1995-10-31,-0.0042683832328223315
1995-11-01,0.008038202851013103
1995-11-02,0.006380057840995601
1995-11-03,0.0013206287101847902
1995-11-06,-0.003429522780490468
1995-11-07,-0.003705635887492398
1995-11-08,0.00903303176471515
1995-11-09,0.003686121843205159
1995-11-10,-0.0005247795287997015
1995-11-13,-0.0010500010202131316
1995-11-14,-0.006568339280818569
1995-11-15,0.010050251808796817
1995-11-16,0.00549867015413974
1995-11-17,0.0031250690165418593
1995-11-20,-0.005192546079758831
1995-11-21,0.008090006269480865
1995-11-22,-0.003105924943824112
1995-11-24,0.0025967846074310685
1995-11-27,0.00025852135261472675
1995-11-28,0.01061665788466648
1995-11-29,0.0010246619733882412
1995-11-30,-0.002303448724963242
1995-12-01,0.0007949855729905183
1995-12-04,-0.004861348962609983
1995-12-05,0.0063664201087606865
1995-12-06,0.0031196923254009946
1995-12-07,-0.004011890387318629
1995-12-08,-0.0002263532833169015
1995-12-11,0.0037046383066842393
1995-12-12,-0.0030595926847033416
1995-12-13,0.0061809017055034
1995-12-14,-0.007149251675863786
1995-12-15,0.00036022099670119474
1995-12-18,-0.014429859718490017
1995-12-19,0.0059427360397613475
1995-12-20,-0.009603251038741423
1995-12-21,0.004746304873033431
1995-12-22,0.003579792932437146
1995-12-26,0.004846476264811079
1995-12-27,-0.0005083780046727098
1995-12-28,-0.0010166430132635448
1995-12-29,0.0012722021671276451
1996-01-02,0.010185388209612123
1996-01-03,-0.010803203665417193
1996-01-04,0.005371580372204773
1996-01-05,-0.0023817640705823956
1996-01-08,-0.0063936382304325134
1996-01-09,0.023902177773278237
1996-01-10,0.04415475032289785
1996-01-11,-0.04121991952190179
1996-01-12,-0.0054706430807084875
1996-01-15,0.001101281687009877
1996-01-16,-0.02632154249306614
1996-01-17,0.00017833724775605372
1996-01-18,-0.007180080347335943
1996-01-19,-0.0020299735715095055
1996-01-22,-0.001260484573238541
1996-01-23,0.0014059559585450632
1996-01-24,0.007077761082221537
1996-01-25,-0.0035090254043084607
1996-01-26,0.00851650775320961
1996-01-29,0.004016027200628871
1996-01-30,0.008501832071726658
1996-01-31,0.01041394435057441
1996-02-01,0.003681410796837925
1996-02-02,-0.004156436784581663
1996-02-05,0.008101879912464582
1996-02-06,0.009498555368291361
1996-02-07,0.005789744285961795
1996-02-08,0.010793924386435894
1996-02-09,-0.00023727304637022328
1996-02-12,0.007595814373136722
1996-02-13,-0.0021205434594612216
1996-02-14,-0.008734288901811715
1996-02-15,-0.006191725644150492
1996-02-16,-0.004074062632920872
1996-02-20,-0.009865050099196249
1996-02-21,0.012393252629394391
1996-02-22,0.015843031544538366
1996-02-23,-0.0028355552700430886
1996-02-26,-0.014218582073748043
1996-02-27,-0.0031247883254366116
1996-02-28,-0.004581819775910434
1996-02-29,-0.009690051277780776
1996-03-01,0.015413033769983379
1996-03-04,-0.008546372279046924
1996-03-05,0.006441262115714209
1996-03-06,-0.00708720413402756
1996-03-07,0.003627776553984544
1996-03-08,-0.005146924122399751
1996-03-11,-0.006767824144727437
1996-03-12,-0.004840193440886887
1996-03-13,-0.00041292264949261467
1996-03-14,0.0004570079176582
1996-03-15,-0.0014500543802439504
1996-03-18,0.016995208166394216
1996-03-19,-0.0020530278573028704
1996-03-20,-0.001257717611170735
1996-03-21,-0.0025540572818052694
1996-03-22,0.0025410062462400437
1996-03-25,-0.001943999055574246
1996-03-26,0.004804713254104269
1996-03-27,-0.009086218947963501
1996-03-28,0.0038607941629987545
1996-03-29,-0.004807952819095457
1996-04-01,0.011106770972802995
1996-04-02,-0.010971624025972055
1996-04-03,-0.0006342171721951243
1996-04-04,-0.0011655004794566333
1996-04-08,-0.006842616459626692
1996-04-09,-0.005867696156057509
1996-04-10,0.006899940411815509
1996-04-11,-0.0033064798797887854
1996-04-12,-0.008151406660282124
1996-04-15,-0.00040643299556590573
1996-04-16,0.0006026822556984093
1996-04-17,-0.0015039301367255268
1996-04-18,-0.0004773410254559213
1996-04-19,0.00038412715526754595
1996-04-22,0.006434446171189769
1996-04-23,0.002912586400361834
1996-04-24,-0.003607870982438232
1996-04-25,0.004499278566409787
1996-04-26,0.002142261745305106
1996-04-29,-2.252467831401669e-06
1996-04-30,-0.0007164105597245523
1996-05-01,0.002150477181047518
1996-05-02,-0.017167783128512415
1996-05-03,-0.0014554640475432645
1996-05-06,-0.0009709908003718848
1996-05-07,-0.004134723171715704
1996-05-08,0.01245376171809287
1996-05-09,-0.0007230729010869741
1996-05-10,0.009896130001865622
1996-05-13,0.015057429566075697
1996-05-14,0.006121311629107007
1996-05-15,-0.0011697207985907898
1996-05-16,0.002109235357126371
1996-05-17,0.005377448033374366
1996-05-20,0.006744473385043692
1996-05-21,-0.0013862468049524734
1996-05-22,0.009483885596579977
1996-05-23,-0.004124823195605476
1996-05-24,0.003911817617111568
1996-05-28,-0.010084803536917208
1996-05-29,-0.0067144238395761
1996-05-30,0.00512796468098875
1996-05-31,-0.007420847457707991
1996-06-03,0.002315854218071902
1996-06-04,-0.0004496203938940159
1996-06-05,0.0036561392180669474
1996-06-06,-0.002656627445656848
1996-06-07,-0.0027555378878350257
1996-06-10,-0.0022652458700610223
1996-06-11,-0.0015552630115384964
1996-06-12,-0.0009853561657231667
1996-06-13,-0.0006585340688966039
1996-06-14,0.0014049260164047108
1996-06-17,-0.007014836300219274
1996-06-18,-0.004245608665744813
1996-06-19,0.00040561804867899395
1996-06-20,-0.0026172077888487904
1996-06-21,0.0036905701871812434
1996-06-24,0.0006022620293693372
1996-06-25,-0.0014357400479367475
1996-06-26,-0.00666692179380648
1996-06-27,0.006639322302589304
1996-06-28,0.0034760863474993533
1996-07-01,0.008612314118001181
1996-07-02,-0.0036931430707406376
1996-07-03,-0.002085212030844108
1996-07-05,-0.02554034056130794
1996-07-08,-0.004050402188578217
1996-07-09,0.004066874666628584
1996-07-10,0.004051084632503255
1996-07-11,-0.020171367438128085
1996-07-12,0.0007271779539621548
1996-07-15,-0.02952565866107737
1996-07-16,0.0024928978787357448
1996-07-17,0.011940856651499354
1996-07-18,0.01376585988293888
1996-07-19,-0.007274443197718972
1996-07-22,-0.007327948377342186
1996-07-23,-0.012795139530390465
1996-07-24,0.0019935492918243813
1996-07-25,0.008955617042482489
1996-07-26,0.005424377598823638
1996-07-29,-0.011035247533017878
1996-07-30,0.009670524243728496
1996-07-31,0.007367337827478337
1996-08-01,0.016089318039960613
1996-08-02,0.0037525070180041524
1996-08-05,-0.0050928187320942
1996-08-06,0.002275448809675861
1996-08-07,0.0019735978945057972
1996-08-08,-0.0017372309141876383
1996-08-09,-0.003324638504076439
1996-08-12,0.00685431901835706
1996-08-13,-0.007719908096006448
1996-08-14,0.003314929759210046
1996-08-15,-0.0019442380753814318
1996-08-16,0.008390207982915503
1996-08-19,0.0004546316964769154
1996-08-20,-0.0007040703581360379
1996-08-21,-0.00350785367834486
1996-08-22,0.009384691730448777
1996-08-23,-0.005346739406040978
1996-08-26,-0.004907324634338776
1996-08-27,0.0037578051547445873
1996-08-28,-0.0016379388336791435
1996-08-29,-0.009843277009869979
1996-08-30,-0.010414319163460806
1996-09-03,0.005969624997725023
1996-09-04,0.00024169950761741333
1996-09-05,0.005399203386737612
1996-09-06,-0.010770861367884473
1996-09-09,0.004453511140459412
1996-09-10,-0.0008943450991888012
1996-09-11,0.004190156517561432
1996-09-12,0.006043890524706956
1996-09-13,0.014465153493125096
1996-09-16,0.00355861311291887
1996-09-17,-0.0022643605047677723
1996-09-18,-0.0025046204313523973
1996-09-19,0.003852822505369409
1996-09-20,0.003530536685114932
1996-09-23,-0.00023239857928620349
1996-09-24,-0.0002286609606060198
1996-09-25,0.0006828254963136017
1996-09-26,-0.00045544657003055735
1996-09-27,0.0009113643308092481
1996-09-30,-0.0009105583275931118
1996-10-01,0.005465164120334778
1996-10-02,0.006793124685253726
1996-10-03,-0.0008998583464745469
1996-10-04,0.013507741233852233
1996-10-07,0.0011107407838080174
1996-10-08,-0.003993923174400726
1996-10-09,-0.007797067491548959
1996-10-10,-0.002020130934243136
1996-10-11,0.012372716959847319
1996-10-14,0.00133359048658388
1996-10-15,-0.0013318143915814762
1996-10-16,0.004889469936227853
1996-10-17,0.002653303107607252
1996-10-18,0.0052935510597516
1996-10-21,-0.0013166201818707313
1996-10-22,-0.007029174907881908
1996-10-23,0.003318861030225717
1996-10-24,-0.008600620500649914
1996-10-25,0.0008893983409909989
1996-10-28,-0.006666505041265092
1996-10-29,0.008053786133710661
1996-10-30,-0.003328813246954665
1996-10-31,0.00957455419617892
1996-11-01,-0.004017018485076071
1996-11-04,0.0013882142113256033
1996-11-05,0.0008653198477239213
1996-11-06,0.012284034848594427
1996-11-07,0.0019345483171158302
1996-11-08,0.004154781066570446
1996-11-11,-0.0015769394893231838
1996-11-12,-0.0028016062327214397
1996-11-13,0.004290760326073405
1996-11-14,0.00650156261662033
1996-11-15,0.0012667677619507532
1996-11-18,0.00020380090693243743
1996-11-19,0.007171333448484162
1996-11-20,0.0016761313728058498
1996-11-21,-0.0014643325299372749
1996-11-22,0.0077498136695859825
1996-11-25,0.012678926576282506
1996-11-26,-0.0032837870108060876
1996-11-27,-0.0018536506279334401
1996-11-29,0.0037140180876762408
1996-12-02,-7.670967541173294e-05
1996-12-03,0.007179923073168816
1996-12-04,-0.00617160463838461
1996-12-05,0.0003484085100831447
1996-12-06,0.0045913040527264075
1996-12-09,-0.012849796770336548
1996-12-10,-0.000988121856770508
1996-12-11,0.008599684057378817
1996-12-12,0.016585135088106606
1996-12-13,-0.0023691771732048516
1996-12-16,0.01435434324999877
1996-12-17,-0.02087291652186405
1996-12-18,-0.0172709767347848
1996-12-19,-0.009595863521087634
1996-12-20,-0.0008259197685626363
1996-12-23,-0.004922339942249624
1996-12-24,0.0022560432598257903
1996-12-26,0.005555141772498381
1996-12-27,0.0010486937213168498
1996-12-30,-0.008769656058785212
1996-12-31,-0.018280005933772808
1997-01-02,0.002051238202197328
1997-01-03,0.0024800475476589156
1997-01-06,-0.006111921209912059
1997-01-07,0.007047592010059197
1997-01-08,-0.005560155249255066
1997-01-09,0.0061898050725237765
1997-01-10,0.007123068025955312
1997-01-13,-0.0020158241197182404
1997-01-14,0.011275758324141644
1997-01-15,-0.002435799491893889
1997-01-16,0.003862475805702629
1997-01-17,0.005823273345588317
1997-01-20,0.001134089696997196
1997-01-21,0.00802812130146318
1997-01-22,0.007184215740307836
1997-01-23,-0.013871191400861618
1997-01-24,-0.012854963631294338
1997-01-27,-0.0028582684957573997
1997-01-28,0.002858016018755921
1997-01-29,0.009771419527886148
1997-01-30,0.012903694756093053
1997-01-31,-0.0011940583963817586
1997-02-03,0.0025012730841955655
1997-02-04,9.12476606545207e-05
1997-02-05,-0.0022457540812225694
1997-02-06,-0.002426804719613084
1997-02-07,0.002384947046699497
1997-02-10,-0.003476583971587262
1997-02-11,0.004003028748657076
1997-02-12,0.009366897388787217
1997-02-13,0.009006723970476596
1997-02-14,-0.0023562580678574596
1997-02-18,0.007464752752577122
1997-02-19,-0.006345918282946629
1997-02-20,-0.011113099585710613
1997-02-21,-0.00034209800470876104
1997-02-24,0.010898570050931337
1997-02-25,0.0007297292895653259
1997-02-26,-0.009735866275250181
1997-02-27,-0.01471396137999965
1997-02-28,-0.003055910274302453
1997-03-03,0.006497894799826339
1997-03-04,-0.0054901349868086684
1997-03-05,0.016955395714180883
1997-03-06,-0.005815898622071658
1997-03-07,0.00897079020780045
1997-03-10,0.010436299450343967
1997-03-11,-0.005355562868355701
1997-03-12,-0.008845643141566994
1997-03-13,-0.015522472944234145
1997-03-14,0.005124036867965032
1997-03-17,0.002744988364836276
1997-03-18,-0.010754085021940085
1997-03-19,-0.0033608121551668146
1997-03-20,-0.0051561557479281594
1997-03-21,0.0046295985971815945
1997-03-24,0.013944408381950657
1997-03-25,-0.009823447346136716
1997-03-26,0.004365307018720399
1997-03-27,-0.026471501498137928
1997-03-31,-0.021104257021193118
1997-04-01,0.005938344015969266
1997-04-02,-0.013696908885958153
1997-04-03,0.000981628717975071
1997-04-04,0.0022637461536931056
1997-04-07,0.00030368050809020594
1997-04-08,0.005202316840906208
1997-04-09,-0.006724638395308433
1997-04-10,-0.0026920668441127674
1997-04-11,-0.014731299772998977
1997-04-14,0.0007088317037518225
1997-04-15,0.009769244364107945
1997-04-16,0.009309833023409795
1997-04-17,-0.003466910633263876
1997-04-18,0.004187566457197029
1997-04-21,-0.006356474489902737
1997-04-22,0.020853548098605772
1997-04-23,0.0009889082832978137
1997-04-24,-0.005014316971541901
1997-04-25,-0.011416100321093013
1997-04-28,0.009631763441874499
1997-04-29,0.03154030415263511
1997-04-30,0.0047040946203703035
1997-05-01,-0.0011704780680215077
1997-05-02,0.017968361949911138
1997-05-05,0.023791288216352235
1997-05-06,-0.0007493823777844355
1997-05-07,-0.02175534966373971
1997-05-08,0.00690176887952032
1997-05-09,0.006854230466142308
1997-05-12,0.016641557174169375
1997-05-13,-0.004092324792981716
1997-05-14,0.0018681749545168547
1997-05-15,0.0067108878236088465
1997-05-16,-0.013703712809708724
1997-05-19,0.0030044460163869413
1997-05-20,0.011980954481725092
1997-05-21,-0.002220304454321642
1997-05-22,-0.003337044818445878
1997-05-23,0.009300997476957784
1997-05-27,0.004054464105096578
1997-05-28,-0.00018391998599154302
1997-05-29,-0.005874594466286798
1997-05-30,0.006463537560909671
1997-06-02,-0.00489123195420138
1997-06-03,0.004173947659208172
1997-06-04,-0.0009367561643472414
1997-06-05,0.0004424746569070925
1997-06-06,0.004328099028247549
1997-06-09,0.002508260885878082
1997-06-10,0.0012782283950488337
1997-06-11,0.001268653667327538
1997-06-12,0.016893918355314754
1997-06-13,0.008154141010800265
1997-06-16,0.00014753214562467315
1997-06-17,-0.0013911017681357335
1997-06-18,-0.003458360097162473
1997-06-19,0.010077274808786249
1997-06-20,-0.003411821090620691
1997-06-23,-0.02402114090022936
1997-06-24,0.0250845364141982
1997-06-25,-0.0069690018118904904
1997-06-26,-0.004918199109983946
1997-06-27,0.003871737677843041
1997-06-30,-0.006679012797146858
1997-07-01,0.011677402376816777
1997-07-02,0.016439174730116912
1997-07-03,0.013765030754872454
1997-07-07,-0.010183834344962617
1997-07-08,0.010459824511172
1997-07-09,-0.011030060788424167
1997-07-10,0.004461342332808371
1997-07-11,0.003416464276029707
1997-07-14,0.0030645128508550723
1997-07-15,0.005090689135915483
1997-07-16,0.01317193044523468
1997-07-17,-0.005000330961398514
1997-07-18,-0.02127289386661735
1997-07-21,0.00017089030823558282
1997-07-22,0.02652398617593299
1997-07-23,-0.0008338396298031014
1997-07-24,0.004670890625216861
1997-07-25,-0.0006639103639571875
1997-07-28,-0.0006648858004867364
1997-07-29,0.0033258387553056767
1997-07-30,0.011932078751853092
1997-07-31,-0.000982033726871001
1997-08-01,-0.004423227829590922
1997-08-04,0.0018054431871625696
1997-08-05,-0.003453611759046837
1997-08-06,0.002713467259561407
1997-08-07,-0.0055971646186951714
1997-08-08,-0.0016036080108985072
1997-08-11,-0.0017219855044907969
1997-08-12,-0.0008649882871545576
1997-08-13,0.0005465315783295148
1997-08-14,-0.005553948587581825
1997-08-15,0.014940840189160642
1997-08-18,-0.017682571545289433
1997-08-19,-0.005743801559882317
1997-08-20,0.002648213875963276
1997-08-21,-0.0050098671258009455
1997-08-22,-0.0010596581824287258
1997-08-25,-0.01003749061045403
1997-08-26,-0.0016155485675379763
1997-08-27,-0.007186118837877344
1997-08-28,0.0026213703641070098
1997-08-29,-0.018837973015299336
1997-09-02,0.032015928910636315
1997-09-03,-0.015044996086372555
1997-09-04,0.004725778691421045
1997-09-05,-0.003696520747207372
1997-09-08,0.0023552800425407612
1997-09-09,-0.0003465749218671594
1997-09-10,-0.016132020166594555
1997-09-11,-0.0025714897473693397
1997-09-12,0.01037122726871926
1997-09-15,-0.0024680217009056616
1997-09-16,0.0211787066797214
1997-09-17,-9.118954971618899e-05
1997-09-18,0.003914919159886501
1997-09-19,0.0015069348740641964
1997-09-22,0.005420623818324662
1997-09-23,-0.004582053729421832
1997-09-24,-0.008200848386896746
1997-09-25,-0.00694939139986776
1997-09-26,0.008303454933375271
1997-09-29,0.009588735784561106
1997-09-30,-0.010484412072358442
1997-10-01,0.01324482186985395
1997-10-02,0.0055555482841620485
1997-10-03,0.005037333054266124
1997-10-06,0.006629206883978167
1997-10-07,0.009315773496554991
1997-10-08,-0.007001692727428788
1997-10-09,-0.003525884060839757
1997-10-10,-0.0028943132204058974
1997-10-13,0.0009675499958430311
1997-10-14,0.00032177467834637596
1997-10-15,-0.0022546013783861785
1997-10-16,-0.01582220491040809
1997-10-17,-0.010170585266418786
1997-10-20,0.014252427094247233
1997-10-21,0.019444549879651163
1997-10-22,-0.0065710582252686
1997-10-23,-0.019684411497981724
1997-10-24,-0.009874878046320701
1997-10-27,-0.07247310582381494
1997-10-28,0.05770555582431558
1997-10-29,-0.002709912529419878
1997-10-30,-0.0220869352801224
1997-10-31,0.023627761652766033
1997-11-03,0.020557227821282446
1997-11-04,-0.008351602146128456
1997-11-05,0.0021762128944898774
1997-11-06,-0.0031842467182351774
1997-11-07,-0.005657467230270989
1997-11-10,-0.005989902852958776
1997-11-11,-0.0006265123377517793
1997-11-12,-0.013653563211193352
1997-11-13,0.00805096362799476
1997-11-14,0.007336650934628999
1997-11-17,0.012940330028862117
1997-11-18,-0.005952455943391569
1997-11-19,0.0034689012441310105
1997-11-20,0.013477566526047176
1997-11-21,0.006470923854366536
1997-11-24,-0.01768724876340185
1997-11-25,0.0022793872211778576
1997-11-26,0.002775728481719374
1997-11-28,0.0008132936539967018
1997-12-01,0.0257909216250047
1997-12-02,-0.006052283259013422
1997-12-03,0.0028839798395476897
1997-12-04,-0.0009587114713026645
1997-12-05,0.012796538459345586
1997-12-08,-0.0028427097805395762
1997-12-09,-0.006018723027227724
1997-12-10,-0.008604227915263052
1997-12-11,-0.01703627966783683
1997-12-12,0.001962202520595868
1997-12-15,0.010117408128683447
1997-12-16,0.006139034863048343
1997-12-17,-0.005137733547812329
1997-12-18,-0.009684073707710183
1997-12-19,-0.007474544129763672
1997-12-22,0.006429493478865345
1997-12-23,-0.017854209409358
1997-12-24,-0.0030012210465497624
1997-12-26,0.004013829691609239
1997-12-29,0.019659982713869262
1997-12-30,0.015686003296703888
1997-12-31,-0.0006429842994130075
1998-01-02,0.004663489014004936
1998-01-05,-0.0028546492358147105
1998-01-06,-0.006244040033779553
1998-01-07,-0.0010777780855701128
1998-01-08,-0.002524546307274813
1998-01-09,0.0026197011205522994
1998-01-12,-0.006517229758457834
1998-01-13,-0.0038578208122250213
1998-01-14,-0.0016887503830965035
1998-01-15,-0.005023907902980373
1998-01-16,0.003517892869558852
1998-01-20,0.009920365046521159
1998-01-21,-0.008259180862039446
1998-01-22,-0.0072193847127111
1998-01-23,-0.001980601554043348
1998-01-26,-0.003250012001940623
1998-01-27,0.008609030723609877
1998-01-28,0.008913155457504866
1998-01-29,0.005434328581629311
1998-01-30,0.0006359387123317834
1998-02-02,0.016041357055710973
1998-02-03,-0.004320501908594954
1998-02-04,-0.0015406401744902265
1998-02-05,8.588575556490996e-05
1998-02-06,0.0073497915265209315
1998-02-09,-0.0029466345843819353
1998-02-10,0.007217497526034004
1998-02-11,-0.00121947141772724
1998-02-12,0.00350717190820004
1998-02-13,-0.005552584719807577
1998-02-17,0.004248387781792647
1998-02-18,0.008726395193766796
1998-02-19,-0.005256794388079412
1998-02-20,0.007314293458850584
1998-02-23,0.003889687732400674
1998-02-24,-0.007805890909170229
1998-02-25,0.012404921756170681
1998-02-26,0.005679975552911569
1998-02-27,-4.0515472513427e-09
1998-03-02,-0.002080578945293853
1998-03-03,0.005659992834399218
1998-03-04,-0.006517437714430252
1998-03-05,-0.009242384253728031
1998-03-06,0.020162732839918318
1998-03-09,-0.003540039823829999
1998-03-10,0.009472895343844323
1998-03-11,0.004692176317454111
1998-03-12,0.004086785447140695
1998-03-13,-0.0037794264957151658
1998-03-16,0.010796590489105862
1998-03-17,0.002886994475106208
1998-03-18,0.003742208469110775
1998-03-19,0.0025813734979978076
1998-03-20,0.008609429384821121
1998-03-23,-0.0022748930122613586
1998-03-24,0.008551660513467008
1998-03-25,-0.0036743319340268865
1998-03-26,-0.0005669325103182521
1998-03-27,-0.00425801887181243
1998-03-30,-0.0005701333792342833
1998-03-31,0.003422978613134342
1998-04-01,0.007613499817686664
1998-04-02,-0.0003179247929681085
1998-04-03,0.0031875071899270793
1998-04-06,-0.006694831140886507
1998-04-07,-0.003730213590201578
1998-04-08,-0.004979102979268067
1998-04-09,0.0028503189233287487
1998-04-13,-0.002953363946669108
1998-04-14,0.005339384215461889
1998-04-15,0.001680727333060836
1998-04-16,-0.00962609335285923
1998-04-17,0.010414112692192971
1998-04-20,-0.0009828241093907493
1998-04-21,0.004392367249502301
1998-04-22,0.0026323375732415703
1998-04-23,-0.009520897995551482
1998-04-24,-0.010204504627539492
1998-04-27,-0.017631694994808357
1998-04-28,-0.0026113323050919865
1998-04-29,0.006175841396446594
1998-04-30,0.01854219701105133
1998-05-01,0.01122642538989286
1998-05-04,-0.0024975112656835385
1998-05-05,-0.006956573709809288
1998-05-06,-0.0117672745607863
1998-05-07,-0.007939426809857597
1998-05-08,0.01629036724719435
1998-05-11,-0.003374960568970131
1998-05-12,0.010722837190774825
1998-05-13,0.002513041608773081
1998-05-14,-0.005012597957343101
1998-05-15,-0.005598391165303029
1998-05-18,-0.003940052272054295
1998-05-19,0.0067817836325867464
1998-05-20,0.00954231646087278
1998-05-21,-0.006393974741261799
1998-05-22,-0.003917121957663916
1998-05-26,-0.016011342480288238
1998-05-27,0.0014271404921477604
1998-05-28,0.0045609536421917785
1998-05-29,-0.009931357326136925
1998-06-01,0.004097870012627959
1998-06-02,-0.0013048666320085657
1998-06-03,-0.004593577963693663
1998-06-04,0.0029071042017729497
1998-06-05,0.010742850697935428
1998-06-08,-0.001263288402682492
1998-06-09,0.0021002336948376613
1998-06-10,-0.004752490863620897
1998-06-11,-0.010273799710581474
1998-06-12,0.0036886384069799837
1998-06-15,-0.010801310942057427
1998-06-16,0.0031246783617168653
1998-06-17,0.012336231864034484
1998-06-18,-0.004599561403839566
1998-06-19,-0.005031516678312727
1998-06-22,0.0030343414329140213
1998-06-23,0.011085029235668802
1998-06-24,0.013319277969710035
1998-06-25,-0.0016569418142714635
1998-06-26,0.004137220532642023
1998-06-29,0.0035729689970813044
1998-06-30,-0.006847427129419914
1998-07-01,0.011583284333789745
1998-07-02,0.0019085314545008725
1998-07-06,0.010067841483744955
1998-07-07,-0.00188516112850734
1998-07-08,0.007287118014924321
1998-07-09,-0.006699230852267313
1998-07-10,0.005395273872722983
1998-07-13,0.0002685288354113968
1998-07-14,0.011266036275483948
1998-07-15,-0.0018562636249844777
1998-07-16,0.006908945686900925
1998-07-17,0.0013196274862183888
1998-07-20,0.0
1998-07-21,-0.017395917388779214
1998-07-22,0.0
1998-07-23,-0.019849845036427283
1998-07-24,-0.0008213549241850027
1998-07-27,0.007121871583019912
1998-07-28,-0.016862124549835045
1998-07-29,-0.00387247815897096
1998-07-30,0.014996042545825539
1998-07-31,-0.021340487041137002
1998-08-03,-0.004681319795122982
1998-08-04,0.005135755180829593
1998-08-05,-0.002033588082577576
1998-08-06,-0.003707357678677541
1998-08-07,-0.0030899299903899384
1998-08-10,-0.001112924088201652
1998-08-11,0.003366604807891641
1998-08-12,-0.005425537922698641
1998-08-13,-0.0006988834305887807
1998-08-14,0.006844030925879735
1998-08-17,-0.007215951865073868
1998-08-18,-0.0004052010543331118
1998-08-19,-0.0020843679252745043
1998-08-20,-0.0021075483890615463
1998-08-21,0.0002900974475547498
1998-08-24,-0.005552751151251008
1998-08-25,-0.002527054201441695
1998-08-26,-0.003691719404141564
1998-08-27,0.008188738092625485
1998-08-28,-0.00046930202075593777
1998-08-31,0.06279586843180227
1998-09-01,-0.035702029339744895
1998-09-02,0.007426662383501793
1998-09-03,-0.00786433838545142
1998-09-04,-0.008243235606694488
1998-09-08,0.05370757362689371
1998-09-09,-0.02427128694814029
1998-09-10,-0.01990083028574252
1998-09-11,0.03236085795950383
1998-09-14,0.017208967989552626
1998-09-15,0.00604250127759709
1998-09-16,0.009009015445438306
1998-09-17,-0.028571472404004705
1998-09-18,0.00445473367386251
1998-09-21,-0.0006124549684136671
1998-09-22,0.008269639038839038
1998-09-23,0.04009735905930101
1998-09-24,-0.024532784965109578
1998-09-25,-0.0011976648610997342
1998-09-28,0.008992902042309181
1998-09-29,-0.0023768273885453883
1998-09-30,-0.030375219843196688
1998-10-01,-0.029357941988295
1998-10-02,0.021051529830420662
1998-10-05,-0.01394264728459595
1998-10-06,-0.0026561645050436813
1998-10-07,-0.008387499902894951
1998-10-08,-0.0022959962328280136
1998-10-09,0.009196165462869475
1998-10-12,0.006371820896993662
1998-10-13,-0.0030952779569787528
1998-10-14,0.005337797494995443
1998-10-15,0.04267291781420354
1998-10-16,0.0003607106333563058
1998-10-19,0.002270757972450005
1998-10-20,0.005517446420890077
1998-10-21,-0.0035638976217619543
1998-10-22,0.014570332853925581
1998-10-23,-0.012648348330385894
1998-10-26,0.00716689296439296
1998-10-27,-0.00581082527161957
1998-10-28,-0.001754256600233765
1998-10-29,0.02428320096326517
1998-10-30,0.00542684074691202
1998-11-02,0.016557606935809543
1998-11-03,-0.01173309563317797
1998-11-04,0.006505549296690931
1998-11-05,0.008949308082471297
1998-11-06,0.0019434817220833958
1998-11-09,-0.005280577402347639
1998-11-10,-0.0026436916512714067
1998-11-11,-0.005512782317151103
1998-11-12,-0.0007353140708379572
1998-11-13,0.007017823536007799
1998-11-16,0.004940990504075662
1998-11-17,-0.0007763981314240848
1998-11-18,0.005013125761522796
1998-11-19,0.007881227885172053
1998-11-20,0.007188442209369181
1998-11-23,0.023516580371273712
1998-11-24,-0.006282115897267198
1998-11-25,-1.237651096262518e-06
1998-11-27,0.007376490319030388
1998-11-30,-0.028242850922546227
1998-12-01,0.012916912711189733
1998-12-02,-0.002921835392145744
1998-12-03,-0.01652051878374916
1998-12-04,0.026279961616245462
1998-12-07,0.004752295960809283
1998-12-08,-0.004466958491067485
1998-12-09,0.0018472331702761302
1998-12-10,-0.01462019439397011
1998-12-11,0.002005021373796101
1998-12-14,-0.02881533523099422
1998-12-15,0.025824491154782026
1998-12-16,-0.001339536462607871
1998-12-17,0.015956027072489
1998-12-18,0.004248654493663739
1998-12-21,0.013976810968673758
1998-12-22,0.004421453672856623
1998-12-23,0.02097372204717174
1998-12-24,-0.00431076198343594
1998-12-28,-0.00254834329098097
1998-12-29,0.01583295428707099
1998-12-30,-0.008044048379325486
1998-12-31,0.0
1999-01-04,-0.0027687425465242593
1999-01-05,0.006849448095969258
1999-01-06,0.015198838753652015
1999-01-07,-0.003190547033171356
1999-01-08,0.00442724291436793
1999-01-11,-0.006922801539866845
1999-01-12,-0.009605590591430952
1999-01-13,-0.001688608295105417
1999-01-14,-0.0032021985207887488
1999-01-15,0.00472565140442803
1999-01-19,0.0005954948335781703
1999-01-20,0.004781270170466
1999-01-21,-0.01701272553521306
1999-01-22,-0.0014510187536770627
1999-01-25,0.0013779469972572712
1999-01-26,0.013045645850227518
1999-01-27,-0.010753322639010703
1999-01-28,0.014567052348713442
1999-01-29,0.007288975430899334
1999-02-01,-0.005925468739910667
1999-02-02,-0.0061566897722480285
1999-02-03,0.010158817182184423
1999-02-04,-0.01496206718919324
1999-02-05,-0.011453997205265853
1999-02-08,0.002014890469097974
1999-02-09,-0.022372859140204038
1999-02-10,0.006428487018522944
1999-02-11,0.02299404774002678
1999-02-12,-0.011987967674337185
1999-02-16,-0.006066761151106825
1999-02-17,-0.0010164806273755822
1999-02-18,0.007891380057610142
1999-02-19,0.004293936981274893
1999-02-22,0.026660185006624815
1999-02-23,-0.000489612260855754
1999-02-24,-0.017647609570020872
1999-02-25,-0.009480875143798473
1999-02-26,-0.004030574514591656
1999-03-01,0.002294777696817182
1999-03-02,-0.004865107418403425
1999-03-03,0.002042622608306191
1999-03-04,0.004377061298980427
1999-03-05,0.012782794348446935
1999-03-08,0.005053979898974088
1999-03-09,-0.0021802126245394973
1999-03-10,0.007537827585659125
1999-03-11,0.010116684301819012
1999-03-12,-0.009085408780601241
1999-03-15,0.01325681860509012
1999-03-16,-0.0038299994994624217
1999-03-17,-0.004242738720411358
1999-03-18,0.015636193751361268
1999-03-19,-0.016860999492052595
1999-03-22,0.0017696354632090719
1999-03-23,-0.028154570641977218
1999-03-24,0.005192518847141931
1999-03-25,0.02014870992870015
1999-03-26,-0.007242357329690177
1999-03-29,0.020170025396217827
1999-03-30,-0.005241963301258234
1999-03-31,-0.016048050240843992
1999-04-01,0.007058674572758775
1999-04-05,0.009173344860741237
1999-04-06,-0.0018782747957622678
1999-04-07,0.006392946756757716
1999-04-08,0.010832007195923726
1999-04-09,-0.00031694494094977696
1999-04-12,0.009851985954846095
1999-04-13,-0.006184227612335731
1999-04-14,-0.015144879951193253
1999-04-15,-0.004194348230200339
1999-04-16,-0.007911756035698152
1999-04-19,-0.012923377966829326
1999-04-20,0.00907527582435659
1999-04-21,0.027022679400839023
1999-04-22,0.009431078076659966
1999-04-23,-0.002528395384548885
1999-04-26,0.00574643805435446
1999-04-27,0.004804346714849655
1999-04-28,-0.013661256517580392
1999-04-29,-0.0076181355860211455
1999-04-30,-0.008141030286376597
1999-05-03,0.01780485052093517
1999-05-04,-0.01566358492669002
1999-05-05,0.0034572485922519675
1999-05-06,-0.0008488194685473032
1999-05-07,0.0007903492866273764
1999-05-10,-0.0035574261568723656
1999-05-11,0.005025182718023003
1999-05-12,0.005911607451165682
1999-05-13,0.002161563919960868
1999-05-14,-0.01817242110678627
1999-05-17,-1.9797979106783714e-05
1999-05-18,-0.0021583212665247566
1999-05-19,0.0028518612760517247
1999-05-20,-0.005848772244213365
1999-05-21,-0.005052923836736146
1999-05-24,-0.011462451485154086
1999-05-25,-0.007556149260097709
1999-05-26,0.0016481882442722535
1999-05-27,-0.007598724743152511
1999-05-28,0.0017644532549456783
1999-06-01,-0.008763674019810264
1999-06-02,0.0005030917087310423
1999-06-03,0.005533777824033637
1999-06-04,0.02010088940990218
1999-06-07,0.002579712070846396
1999-06-08,-0.009826729970317638
1999-06-09,-0.0009445524942358619
1999-06-10,-0.009224017345278224
1999-06-11,-0.008355738220881204
1999-06-14,0.0009631393045195225
1999-06-15,0.00673378722857465
1999-06-16,0.019111683392443624
1999-06-17,0.00937613185338515
1999-06-18,0.0011556782650830044
1999-06-21,0.0023266410469748866
1999-06-22,-0.006963539224652426
1999-06-23,-0.004909510568773756
1999-06-24,-0.007516666977959607
1999-06-25,-0.0024855030860898575
1999-06-28,0.012219915354261257
1999-06-29,0.009376284243273858
1999-06-30,0.01811456344608864
1999-07-01,0.007039557561955515
1999-07-02,-0.0028865457876737655
1999-07-06,0.0007748324490000128
1999-07-07,-8.748365365482402e-05
1999-07-08,-4.7063090244321205e-05
1999-07-09,0.002579890622618044
1999-07-12,-0.0035982761385391915
1999-07-13,-0.0032318562447324417
1999-07-14,0.004293280647204647
1999-07-15,0.0052284329885758304
1999-07-16,0.004932500041571651
1999-07-19,-0.006522752012081441
1999-07-20,-0.01829900025124317
1999-07-21,-0.0017172590655889588
1999-07-22,-0.009998360882984794
1999-07-23,-0.002343141556290769
1999-07-26,-0.008421231634378754
1999-07-27,0.005113969377688276
1999-07-28,0.0027439711228088018
1999-07-29,-0.01395296572075563
1999-07-30,-0.012408350034830514
1999-08-02,0.0018661292669324202
1999-08-03,-0.0011933356408833007
1999-08-04,-0.004210891267060576
1999-08-05,0.001854513766022402
1999-08-06,-0.006026867744176755
1999-08-09,-0.0016749478964294495
1999-08-10,-0.0024218674120701656
1999-08-11,-0.003530949140082059
1999-08-12,-0.0018901658357446283
1999-08-13,0.008023686740006484
1999-08-16,0.0022409736324426
1999-08-17,0.0038701627235750782
1999-08-18,-0.0053664946934930844
1999-08-19,-0.005934398232097741
1999-08-20,0.006201399474123979
1999-08-23,0.016580282489050382
1999-08-24,0.003478665527741062
1999-08-25,0.010138827238363025
1999-08-26,-0.011956876300075492
1999-08-27,-0.012078976025786399
1999-08-30,-0.018532950470829063
1999-08-31,-0.003808003639584323
1999-09-01,0.01230430696524288
1999-09-02,-0.011805421400496452
1999-09-03,0.02921397366965972
1999-09-07,-0.0036775865713223332
1999-09-08,-0.004844417463249928
1999-09-09,-0.000463130508016274
1999-09-10,0.008348477660198972
1999-09-13,-0.006784534917721685
1999-09-14,-0.006599691429098997
1999-09-15,-0.015850503898464874
1999-09-16,0.003908141647892993
1999-09-17,0.012634572231238872
1999-09-20,-0.0014022448876602756
1999-09-21,-0.021056629409518246
1999-09-22,-0.001076233535489246
1999-09-23,-0.020935291935298528
1999-09-24,-0.0009772063143296261
1999-09-27,0.006604839963284981
1999-09-28,-0.0019439625114503478
1999-09-29,-0.011930900896377161
1999-09-30,0.015278119995072004
1999-10-01,-0.0026720973117758643
1999-10-04,0.00823408932901753
1999-10-05,-0.0008469074444420918
1999-10-06,0.008766163516957942
1999-10-07,-0.0038765289279678863
1999-10-08,0.011113458987144623
1999-10-11,-0.0019696184609052725
1999-10-12,-0.0133355660935105
1999-10-13,-0.016877330354089247
1999-10-14,-0.0010080011514407223
1999-10-15,-0.008307695264703499
1999-10-18,-0.003240754813292831
1999-10-19,0.001379688758096775
1999-10-20,0.0035073554053290405
1999-10-21,0.004156534729679494
1999-10-22,0.006710402598755135
1999-10-25,-0.005300137792938309
1999-10-26,-0.01235089458898882
1999-10-27,0.017688221992859895
1999-10-28,0.03410006619605822
1999-10-29,0.018114208112027574
1999-11-01,-0.010980462850576522
1999-11-02,0.006133239328483274
1999-11-03,0.0009358421850224029
1999-11-04,0.0014896016198772677
1999-11-05,0.0015239869646179582
1999-11-08,-0.0011511344267184516
1999-11-09,-0.004684245686318047
1999-11-10,0.0026279610775990885
1999-11-11,0.002795967380799743
1999-11-12,0.005820892423420104
1999-11-15,0.0013689128329776516
1999-11-16,0.006125925691917831
1999-11-17,0.002368956189184475
1999-11-18,0.0065167591221582805
1999-11-19,-0.0009717900145085875
1999-11-22,-0.0002930947894868701
1999-11-23,-0.008712026691028135
1999-11-24,0.005221437935031336
1999-11-26,-0.0037479782861392402
1999-11-29,-0.0035484648517373598
1999-11-30,-0.011752146545932152
1999-12-01,0.008077594285732433
1999-12-02,0.006009565441595477
1999-12-03,0.018362471781466994
1999-12-06,-0.007386258968613557
1999-12-07,-0.008098423681358269
1999-12-08,-0.006398500845833821
1999-12-09,0.004885637637425111
1999-12-10,0.003314940684960632
1999-12-13,0.0017615534843891112
1999-12-14,-0.009674169531943777
1999-12-15,0.005328461874259505
1999-12-16,0.004416677362680366
1999-12-17,0.006422194124562353
1999-12-20,-0.007227438924646834
1999-12-21,0.015221511398534782
1999-12-22,0.002608139892340544
1999-12-23,0.015929268404106578
1999-12-27,-0.001386426716210254
1999-12-28,-0.0006410721669802832
1999-12-29,0.004276000774910527
1999-12-30,-0.0011707690717924768
1999-12-31,0.001597921713709649
2000-01-03,-0.01027507694786511
2000-01-04,0.0019688773662039152
2000-01-05,-0.0024366281102870457
2000-01-06,-0.001285064592921872
2000-01-07,0.0019627763056778505
2000-01-10,-4.110564038278634e-06
2000-01-11,-0.00581583530679053
2000-01-12,-0.004154054950256743
2000-01-13,0.003104054815951062
2000-01-14,0.005582098785163655
2000-01-18,-0.006066013963492336
2000-01-19,0.005462832758743479
2000-01-20,-0.011344719624344036
2000-01-21,-0.0031750850528241377
2000-01-24,-0.009660199887687553
2000-01-25,-0.000801237739585025
2000-01-26,-0.0036619501650015634
2000-01-27,-0.0018043539875561491
2000-01-28,0.012949437965939933
2000-01-31,-0.021371657487939018
2000-02-01,-0.003166549306355673
2000-02-02,-0.0023393635687283198
2000-02-03,0.015064179942237077
2000-02-04,-0.004146883413206126
2000-02-07,-0.0015342330444322316
2000-02-08,0.013609019977985914
2000-02-09,-0.021005509612820217
2000-02-10,0.0019912806280264483
2000-02-11,-0.020309470602735358
2000-02-14,0.005858885628294619
2000-02-15,0.011313138577699666
2000-02-16,-0.014730666900493627
2000-02-17,-0.005170707360300009
2000-02-18,-0.021469370583584668
2000-02-22,-0.0025398234253135588
2000-02-23,0.011808235255380106
2000-02-24,-0.02013767603024985
2000-02-25,-0.0036195962648823965
2000-02-28,0.020977323559805416
2000-02-29,0.009641858494007227
2000-03-01,0.00678803723363486
2000-03-02,-0.007611605423310264
2000-03-03,0.011287338448047272
2000-03-06,-0.006490279766618825
2000-03-07,-0.008397364925584763
2000-03-08,-0.0023696607055071557
2000-03-09,0.01685949660431052
2000-03-10,-0.005580562984904524
2000-03-13,-0.008395814244329407
2000-03-14,-0.007835151008897794
2000-03-15,0.013399829152345907
2000-03-16,0.0433771250595762
2000-03-17,0.006600612415548774
2000-03-20,-0.005140747113190705
2000-03-21,0.020475035891722337
2000-03-22,0.006073737155023391
2000-03-23,0.01707214569539627
2000-03-24,0.0059368093839089
2000-03-27,-0.01058190508864585
2000-03-28,-0.005759391982598145
2000-03-29,0.0010344520694576334
2000-03-30,-0.0167387660247863
2000-03-31,0.01134950203039864
2000-04-03,0.005330622989089265
2000-04-04,-0.0013798038234650615
2000-04-05,-0.0008099520005181351
2000-04-06,0.00025857538514699116
2000-04-07,-0.002174216809337102
2000-04-10,-0.0020404673820050047
2000-04-11,-0.00043093129770458436
2000-04-12,-0.007753514155539466
2000-04-13,-0.002057022250547087
2000-04-14,0.02583936928579081
2000-04-17,-0.0257523776790129
2000-04-18,-0.009513033282219245
2000-04-19,0.00013634082988228137
2000-04-20,-0.0038310751833168597
2000-04-24,-0.0037015304134134725
2000-04-25,0.005093826580685114
2000-04-26,-0.0059480731583396096
2000-04-27,-0.004136106111820132
2000-04-28,-0.004415413181586587
2000-05-01,0.000981362298925606
2000-05-02,-0.015277078247977811
2000-05-03,0.005899580947751556
2000-05-04,0.0075483976793515595
2000-05-05,0.012120072334712795
2000-05-08,-0.007511876444363796
2000-05-09,-0.008006940405508312
2000-05-10,-0.02255644202613072
2000-05-11,0.022850566995366473
2000-05-12,0.010838917050435715
2000-05-15,0.017286167536810337
2000-05-16,0.009679210983844166
2000-05-17,-0.010438450868914595
2000-05-18,-0.012271514976676556
2000-05-19,-0.015692881610912868
2000-05-22,-0.007528860474046217
2000-05-23,-0.014725306607775712
2000-05-24,0.01630401302201867
2000-05-25,-0.017156832394815136
2000-05-26,0.0011338287031437133
2000-05-30,0.03260864208352299
2000-05-31,0.002193219258773027
2000-06-01,0.017018021000323017
2000-06-02,0.0026362057764591374
2000-06-05,-0.003933387627114578
2000-06-06,-0.003626992044791214
2000-06-07,0.004674647656006757
2000-06-08,-0.003416020800730818
2000-06-09,-0.002675408509480888
2000-06-12,-0.010702249008035982
2000-06-13,0.01532522651630474
2000-06-14,0.0012797668196106841
2000-06-15,0.0016276968957444331
2000-06-16,-0.008030107980471338
2000-06-19,0.012114674151140443
2000-06-20,-0.003578102782168305
2000-06-21,-0.00047825985594972335
2000-06-22,-0.014962879707975899
2000-06-23,-0.008419247274548269
2000-06-26,0.01239071816627361
2000-06-27,-0.007378250954070613
2000-06-28,0.0027962356834877796
2000-06-29,-0.009445461254706822
2000-06-30,0.007585244187119535
2000-07-03,0.013278468377963426
2000-07-05,-0.011979546654776218
2000-07-06,0.0007662007249059971
2000-07-07,0.0045536536872092265
2000-07-10,-0.0011992251174845273
2000-07-11,0.0005787836358979997
2000-07-12,0.004437546233573577
2000-07-13,0.0032632921549778236
2000-07-14,0.00814451694414009
2000-07-17,-0.0020276803075190185
2000-07-18,-0.007778084644007207
2000-07-19,-0.007647063692160635
2000-07-20,0.012698113236768522
2000-07-21,-0.01867828085104282
2000-07-24,-0.005824020883446057
2000-07-25,0.0025785264794040757
2000-07-26,-0.009391169709077746
2000-07-27,-0.003551858203980292
2000-07-28,-0.017882657089803754
2000-07-31,0.0011321301136312566
2000-08-01,0.005902879168927397
2000-08-02,0.004994925344487368
2000-08-03,0.0069160309130282815
2000-08-04,0.005365915241025032
2000-08-07,0.011955418486829128
2000-08-08,0.0037976120695142335
2000-08-09,-0.00840703857749281
2000-08-10,-0.004874935201928388
2000-08-11,0.004685508624769685
2000-08-14,0.01271980436608966
2000-08-15,-0.0008370440147335012
2000-08-16,-0.0035613717641754805
2000-08-17,0.01051368584062895
2000-08-18,-0.003329904683535667
2000-08-21,0.005427676284337046
2000-08-22,-0.0016612554099487697
2000-08-23,0.003952520721824282
2000-08-24,0.0031070608242380615
2000-08-25,-0.00041286346758884207
2000-08-28,0.003409292816268561
2000-08-29,0.00020573547718716334
2000-08-30,-0.009572913315938125
2000-08-31,0.013302803568249644
2000-09-01,0.0005379235107916318
2000-09-05,0.0065256142237367035
2000-09-06,0.008114012050685956
2000-09-07,-0.0126007724074025
2000-09-08,-0.00414781490082389
2000-09-11,-0.0056057359526872136
2000-09-12,0.0024946110841675626
2000-09-13,-0.005100018241948742
2000-09-14,-0.004140280301225166
2000-09-15,0.016643012244491905
2000-09-18,0.014687398788596762
2000-09-19,-0.02272793124935535
2000-09-20,0.010313348109440418
2000-09-21,0.0373121954557768
2000-09-22,-0.04587129271441008
2000-09-25,-0.0012335203858295793
2000-09-26,0.03635986610179437
2000-09-27,-0.027708734119759437
2000-09-28,-0.04944807786799462
2000-09-29,0.011672485051114408
2000-10-02,0.0010354591042220963
2000-10-03,-0.0013495192934537808
2000-10-04,0.0008433390481862799
2000-10-05,-0.0005666030717003693
2000-10-06,-0.002320329630573492
2000-10-09,7.790910215764446e-05
2000-10-10,0.005407647350488775
2000-10-11,0.008124105531378222
2000-10-12,0.031003141307837788
2000-10-13,-0.03254916327125755
2000-10-16,-0.010317177335654277
2000-10-17,0.01669664632011616
2000-10-18,0.0034111718191070324
2000-10-19,-0.03036668710482253
2000-10-20,-0.00404625243302016
2000-10-23,-0.004714892286878878
2000-10-24,-0.004158566199499354
2000-10-25,0.008840393215683043
2000-10-26,-0.0019095280789773366
2000-10-27,-0.011749607878757937
2000-10-30,-0.005552969685477173
2000-10-31,0.015582010422034158
2000-11-01,-0.0033889425078786574
2000-11-02,0.0016448892045386465
2000-11-03,0.0005472830723876054
2000-11-06,0.007003372304441813
2000-11-07,-0.00021686837527001845
2000-11-08,-0.02217388427495226
2000-11-09,-0.0037796961385346828
2000-11-10,-0.02432450417262877
2000-11-13,-0.007776985271983117
2000-11-14,0.026279367872279247
2000-11-15,0.003145241148330147
2000-11-16,-0.01567464655968598
2000-11-17,-0.005345680192980096
2000-11-20,-0.014293638158612176
2000-11-21,0.005104539599888769
2000-11-22,-0.02389241969795064
2000-11-24,0.02045683055771086
2000-11-27,0.008806747471817866
2000-11-28,-0.01723006365397539
2000-11-29,-0.0018697361124495604
2000-11-30,-0.008665698376888908
2000-12-01,-0.0009601625439842358
2000-12-04,0.0014345045462739545
2000-12-05,0.023557343641729584
2000-12-06,-0.014098420243968636
2000-12-07,-0.011203377550884394
2000-12-08,-0.0009297998169685378
2000-12-11,0.031213169025538764
2000-12-12,-0.0038980497796761615
2000-12-13,-0.013379312366741763
2000-12-14,-0.011229219702875161
2000-12-15,-0.017318065909532606
2000-12-18,0.008919070373066959
2000-12-19,-0.016657039926269986
2000-12-20,-0.011899291622611587
2000-12-21,-0.0009688299511448929
2000-12-22,0.016241189850774294
2000-12-26,0.007415982956011008
2000-12-27,0.007077274639206933
2000-12-28,0.0030343150715332967
2000-12-29,-0.018929763843408408
2001-01-02,-0.01859167326618704
2001-01-03,0.03755950885344096
2001-01-04,-0.007995832433479694
2001-01-05,-0.017168852136673855
2001-01-08,0.0030686895723763654
2001-01-09,-0.005066440078342392
2001-01-10,0.008291865407527889
2001-01-11,-0.0011026491964724887
2001-01-12,-0.003224508796601607
2001-01-16,0.003290142781732492
2001-01-17,0.003087391829809816
2001-01-18,0.007849506300731376
2001-01-19,-0.005548440990484887
2001-01-22,0.005616459989569887
2001-01-23,0.00749891560820377
2001-01-24,0.002945763692181572
2001-01-25,-0.002526423545899966
2001-01-26,-0.0011702294113877661
2001-01-29,0.005316487923261359
2001-01-30,0.008784224734758487
2001-01-31,-0.0056600267861718866
2001-02-01,0.00664150947378217
2001-02-02,-0.022693096914694788
2001-02-05,0.00734412964367781
2001-02-06,-0.0029455517474683557
2001-02-07,-0.00517038886667498
2001-02-08,-0.011656130594750791
2001-02-09,-0.00961561263552102
2001-02-12,0.01145407358002326
2001-02-13,-0.008174475307021756
2001-02-14,-0.001511901303345331
2001-02-15,0.009692334460217333
2001-02-16,-0.022048983322884408
2001-02-20,-0.01541403974077793
2001-02-21,-0.021575272691645275
2001-02-22,0.0015129749543849602
2001-02-23,-0.006755962764678269
2001-02-26,0.021286566217801672
2001-02-27,-0.009246198856248555
2001-02-28,-0.019693386944273583
2001-03-01,0.0047561784807173026
2001-03-02,-0.0088575408968697
2001-03-05,0.0034775128732715942
2001-03-06,0.005869037514522748
2001-03-07,0.003805981036439228
2001-03-08,0.0006902937244317028
2001-03-09,-0.02163572438053713
2001-03-12,-0.014914907368068175
2001-03-13,0.00017012387674532684
2001-03-14,-0.003979798417968243
2001-03-15,-0.002593030133819587
2001-03-16,-0.0009145827300946
2001-03-19,-0.0024690492177878755
2001-03-20,-0.0002611400011781652
2001-03-21,0.003533807688760264
2001-03-22,0.003073844659341511
2001-03-23,-0.010867095355559832
2001-03-26,-0.008283068909053563
2001-03-27,-0.0014323155615942676
2001-03-28,-0.0007843189575017402
2001-03-29,-0.0038092460341155997
2001-03-30,-0.008914832150965064
2001-04-02,-0.021826117710560422
2001-04-03,0.008560072785298266
2001-04-04,-0.0009977425493568849
2001-04-05,0.007429945163908568
2001-04-06,-0.0051792234260407775
2001-04-09,0.0026440592163803275
2001-04-10,0.0063242232859960675
2001-04-11,-0.001397236804731158
2001-04-12,0.010727555984115934
2001-04-16,-0.010307601231800299
2001-04-17,0.010944289649802824
2001-04-18,0.03719945753429475
2001-04-19,0.013167654096343991
2001-04-20,-0.009089078125587815
2001-04-23,-0.01797229405521185
2001-04-24,-0.0053943251745838874
2001-04-25,0.012809674606569106
2001-04-26,0.004426021267691886
2001-04-27,0.01664452162327327
2001-04-30,0.006996204315427051
2001-05-01,0.0030793792590713227
2001-05-02,-0.0018101950137776601
2001-05-03,-0.01269510235930249
2001-05-04,0.0170114054297148
2001-05-07,-0.008638742047417214
2001-05-08,-0.00047499001473894076
2001-05-09,-0.004200373810984481
2001-05-10,0.0029445158308969432
2001-05-11,-0.006903287700779748
2001-05-14,0.001997737638458341
2001-05-15,0.004624847648723618
2001-05-16,0.023575499458691196
2001-05-17,0.0015505527344485959
2001-05-18,0.004568719248513098
2001-05-21,0.014721369033692921
2001-05-22,-0.0012912003681737616
2001-05-23,-0.01696066672814489
2001-05-24,0.0029400403031802913
2001-05-25,-0.011802905521692608
2001-05-29,-0.007962460248438274
2001-05-30,-0.014006479760417356
2001-05-31,0.005186785760832535
2001-06-01,0.00570557610881073
2001-06-04,-0.004702779872510025
2001-06-05,0.005663864581966686
2001-06-06,-0.005986792756694183
2001-06-07,0.001507416053818994
2001-06-08,-0.0072360500777805675
2001-06-11,-0.0057316265749131675
2001-06-12,-0.0018568461258568585
2001-06-13,-0.00481394389228376
2001-06-14,-0.004583379557885587
2001-06-15,-0.0020765138025666363
2001-06-18,-0.004680493859219655
2001-06-19,-0.0028417140524959654
2001-06-20,-0.0012309855336954147
2001-06-21,0.002500725929970393
2001-06-22,-0.0056602877008516145
2001-06-25,-0.009114317081542743
2001-06-26,-0.0024689928183296047
2001-06-27,-0.002842566534917277
2001-06-28,0.002890072058744925
2001-06-29,0.0035508896161531157
2001-07-02,0.011991479878698861
2001-07-03,-0.008052089341520042
2001-07-05,-0.005731929040306352
2001-07-06,0.006973117374257213
2001-07-09,-0.0031503461336786134
2001-07-10,0.006184916488775723
2001-07-11,0.00045869283890359104
2001-07-12,-0.012864654985321397
2001-07-13,-0.0016728206420842454
2001-07-16,-0.0028116004962558065
2001-07-17,-0.0003647404413442464
2001-07-18,-0.0011993212635469895
2001-07-19,-0.0011100395603344422
2001-07-20,-0.004248074778455013
2001-07-23,-0.005649866501357544
2001-07-24,0.004138791391144085
2001-07-25,-0.00954836942740852
2001-07-26,-0.002139405940308963
2001-07-27,-0.000736295164925631
2001-07-30,-0.003116718527088969
2001-07-31,0.0037857837711002835
2001-08-01,0.006261105068001523
2001-08-02,0.004094912074201096
2001-08-03,-0.0054646870121207725
2001-08-06,-0.0134491124067313
2001-08-07,0.0039068122242991166
2001-08-08,-0.018547027016729833
2001-08-09,0.002952506855838921
2001-08-10,0.0034487975624573064
2001-08-13,0.0002516233725466943
2001-08-14,-0.0004195680598040319
2001-08-15,-0.008635698829840055
2001-08-16,0.003467161883818237
2001-08-17,-0.016013228925489176
2001-08-20,0.009250695036299605
2001-08-21,-0.017057796967491434
2001-08-22,0.01036027027745634
2001-08-23,-0.0035886053026696896
2001-08-24,0.02075427004690744
2001-08-27,-0.005965474867062004
2001-08-28,-0.01462257615484086
2001-08-29,-0.0089208856111469
2001-08-30,-0.019214618604210254
2001-08-31,0.007324849216828522
2001-09-04,-0.006882458889351014
2001-09-05,0.006368203443444463
2001-09-06,-0.005008357966647392
2001-09-07,0.0021812352999140347
2001-09-10,-0.0006755192596466179
2001-09-17,0.014410436674165
2001-09-18,-0.005504963440320261
2001-09-19,0.009524083296228569
2001-09-20,0.02012913494829826
2001-09-21,0.004859783997302247
2001-09-24,-0.027194205191737958
2001-09-25,-0.009402998276783564
2001-09-26,0.000978328635635183
2001-09-27,-0.00812959549156246
2001-09-28,-0.017004972257989366
2001-10-01,-0.004203148296880353
2001-10-02,-0.012661061084246222
2001-10-03,-0.01462509015790614
2001-10-04,-0.009343788081832912
2001-10-05,-0.0019545440454628027
2001-10-08,-0.006528388319371636
2001-10-09,-0.005350062490047658
2001-10-10,0.02227301292304995
2001-10-11,0.015509531589663617
2001-10-12,-0.004545984835864769
2001-10-15,-0.0018259785430895237
2001-10-16,0.006313219709285889
2001-10-17,-0.02127523560101463
2001-10-18,-0.002136477509044221
2001-10-19,-0.0006513393909415299
2001-10-22,0.01974796831144099
2001-10-23,-0.005115645362364529
2001-10-24,-0.0026621162130407994
2001-10-25,0.017951608687901688
2001-10-26,-0.0022608987064260955
2001-10-29,-0.02601472411093453
2001-10-30,-0.01200569498922055
2001-10-31,-0.003391045350789823
2001-11-01,0.02512646494132964
2001-11-02,-0.004221929383482079
2001-11-05,0.009893501865720777
2001-11-06,0.01302036752098022
2001-11-07,-0.0013347482624321049
2001-11-08,0.0025591162874464067
2001-11-09,0.0005437839337549743
2001-11-12,-0.005879481898330557
2001-11-13,0.021322774111835207
2001-11-14,0.0009083526855039049
2001-11-15,0.0017429939656251334
2001-11-16,-0.0044569015497353155
2001-11-19,0.012267068467708576
2001-11-20,-0.008379079060072033
2001-11-21,-0.006620664306806713
2001-11-23,0.014376713824979409
2001-11-26,0.0021609817607667133
2001-11-27,-0.004313554332820268
2001-11-28,-0.018105750339579188
2001-11-29,0.01349937983706497
2001-11-30,-0.007138510910157492
2001-12-03,-0.0064500616427902715
2001-12-04,0.011862635042835946
2001-12-05,0.010734045244197696
2001-12-06,-6.774251678700802e-05
2001-12-07,-0.005745033002399968
2001-12-10,-0.011132271582611507
2001-12-11,-0.0024845238373547396
2001-12-12,-0.000855239518271227
2001-12-13,-0.008347208316314131
2001-12-14,0.0008179228745180938
2001-12-17,0.0029234147893096264
2001-12-18,0.0026200406482398014
2001-12-19,0.004676910960513592
2001-12-20,-0.007816952528792982
2001-12-21,0.0036207795318262148
2001-12-24,-0.00294963556739794
2001-12-26,0.004456904395952201
2001-12-27,0.005758410804397244
2001-12-28,-0.0005697476727363858
2001-12-31,-0.014683784516647
2002-01-02,0.010754907310265183
2002-01-03,0.01133875720070443
2002-01-04,0.006676312525837114
2002-01-07,-0.007056645441875564
2002-01-08,-0.00231222716809365
2002-01-09,-0.008152748507465057
2002-01-10,0.004412318916889646
2002-01-11,-0.009820588903273642
2002-01-14,-0.006263976962426088
2002-01-15,0.008142140618888849
2002-01-16,-0.020234553114358844
2002-01-17,0.00753445422369059
2002-01-18,-0.004574823285663165
2002-01-22,-0.006893930432999795
2002-01-23,0.00765356114352711
2002-01-24,0.003090978511820719
2002-01-25,-0.0002637445419386708
2002-01-28,0.002729501784202837
2002-01-29,-0.0314415393477413
2002-01-30,0.014417672134100945
2002-01-31,0.011710253639567902
2002-02-01,-0.005170834749602892
2002-02-04,0.01033240525351712
2002-02-05,0.002068451041605888
2002-02-06,0.002087661867872845
2002-02-07,-0.002094587118054608
2002-02-08,-0.01339691243174853
2002-02-11,-0.007448342570120562
2002-02-12,-0.0023943666825748566
2002-02-13,0.0007202299895126638
2002-02-14,-0.00033742466313719903
2002-02-15,-0.0034019851647869616
2002-02-19,-0.0024195379841007066
2002-02-20,-0.006140201350285531
2002-02-21,0.0014605473845752705
2002-02-22,-0.006734062857097541
2002-02-25,0.00045272792697867437
2002-02-26,-0.0028556868159728297
2002-02-27,0.0028371029120220475
2002-02-28,-0.004625383700164199
2002-03-01,0.02328283909757647
2002-03-04,0.017671857990027462
2002-03-05,-0.0031963546817977972
2002-03-06,0.011873477974045699
2002-03-07,-0.0021414212311597902
2002-03-08,0.0042061519963980665
2002-03-11,0.002137129782636249
2002-03-12,-0.0005969700346004636
2002-03-13,-0.009644647012255092
2002-03-14,-0.001378423837700149
2002-03-15,0.0095281028626093
2002-03-18,0.0001714589581052195
2002-03-19,0.006685651355579747
2002-03-20,-0.018816353920976914
2002-03-21,0.00043389190954745693
2002-03-22,-0.0021685186450416394
2002-03-25,-0.0124304707760452
2002-03-26,0.005809128457399337
2002-03-27,0.00262555501457018
2002-03-28,-0.0004367399567670738
2002-04-01,-5.0874096150894824e-05
2002-04-02,0.004749695769714556
2002-04-03,0.004099772070990378
2002-04-04,-0.002353887415655782
2002-04-05,-0.004608919649022676
2002-04-08,-0.0030385806863728318
2002-04-09,-0.0003851062004471238
2002-04-10,-0.007790647651569827
2002-04-11,0.017256229550751838
2002-04-12,-0.01148531472351012
2002-04-15,0.00042797269190895763
2002-04-16,-0.013749856264867973
2002-04-17,-0.0011690635152935434
2002-04-18,2.5270215269088125e-05
2002-04-19,-0.003588793302223641
2002-04-22,-0.00213270472008319
2002-04-23,0.0005680962500232891
2002-04-24,0.007519270626727914
2002-04-25,-0.004617218100664099
2002-04-26,0.03774509436964476
2002-04-29,0.0030832753885417976
2002-04-30,-0.04021128214050135
2002-05-01,-0.044823629216228435
2002-05-02,-0.0038473147679126685
2002-05-03,-0.010849186308300007
2002-05-06,-0.0196133155343563
2002-05-07,-0.0035086756349442805
2002-05-08,0.037203384703459186
2002-05-09,-0.011558528503796572
2002-05-10,-0.018839993491150175
2002-05-13,0.020336642244622727
2002-05-14,0.021785343047918015
2002-05-15,-0.0039015290657458124
2002-05-16,0.00519158390310781
2002-05-17,0.004893246037015686
2002-05-20,-0.010820502732563075
2002-05-21,-0.00911565021622851
2002-05-22,0.002207659702827547
2002-05-23,0.010648102876887888
2002-05-24,-0.01280611771586393
2002-05-28,-0.00542857566957311
2002-05-29,-0.007400479208929944
2002-05-30,-0.0027962159763964545
2002-05-31,0.002056367393960201
2002-06-03,-0.027068690277652685
2002-06-04,0.0376802042795392
2002-06-05,-0.006547630367147023
2002-06-06,0.008296671462935196
2002-06-07,-0.0035379184728454556
2002-06-10,-0.00534953673697193
2002-06-11,0.00995669114404693
2002-06-12,-0.006621016239040772
2002-06-13,0.008142254994013848
2002-06-14,0.0023933363802027255
2002-06-17,-0.023260346088152556
2002-06-18,-0.003605640161709063
2002-06-19,0.009679795786887747
2002-06-20,0.011379262478961545
2002-06-21,0.014734787613664861
2002-06-24,-0.015068220236824074
2002-06-25,0.03592407554362375
2002-06-26,-0.004236519663011666
2002-06-27,-0.034385633801112904
2002-06-28,0.00399383793006451
2002-07-01,0.03971899085699862
2002-07-02,0.05050400080631183
2002-07-03,-0.011768837843354397
2002-07-05,0.03978656331903907
2002-07-08,-0.012486415065142253
2002-07-09,-0.025186013880140523
2002-07-10,-0.036401704140027524
2002-07-11,0.008141410015526818
2002-07-12,-0.010983031154176426
2002-07-15,0.005334442758427205
2002-07-16,-0.019276331055098517
2002-07-17,0.0019872947069676794
2002-07-18,-0.0323995023638628
2002-07-19,-0.0351940426496169
2002-07-22,-0.02963025141011788
2002-07-23,-0.02737206148808713
2002-07-24,0.059662174970050996
2002-07-25,-0.008499089532766346
2002-07-26,0.019047558734206493
2002-07-29,0.04871513075315903
2002-07-30,0.01303405557466819
2002-07-31,0.00241901015180912
2002-08-01,-0.026595884772491085
2002-08-02,0.013298358665949257
2002-08-05,-0.009485452271205733
2002-08-06,0.006422681849174772
2002-08-07,0.002345065653753404
2002-08-08,0.014466267192030771
2002-08-09,0.0006078959965602209
2002-08-12,-0.0057573751080798544
2002-08-13,-0.0131100218274256
2002-08-14,0.02055218009498322
2002-08-15,0.009343534342722011
2002-08-16,-0.0033204713519278295
2002-08-19,0.020877179743024908
2002-08-20,-0.010232711968430837
2002-08-21,0.013680139697937316
2002-08-22,0.009553385580190355
2002-08-23,-0.021315213482444462
2002-08-26,0.006729123995825525
2002-08-27,-0.011549248467993416
2002-08-28,-0.021825356692402792
2002-08-29,0.0003715491076088088
2002-08-30,-0.003908563835003446
2002-09-03,-0.03862254096605333
2002-09-04,0.029744969025524738
2002-09-05,-0.003446357609250373
2002-09-06,0.0034545775140139255
2002-09-09,0.002148020886189668
2002-09-10,0.005186779215685053
2002-09-11,-0.0051607905187397544
2002-09-12,-0.009087372246268285
2002-09-13,-0.0013508958908811054
2002-09-16,-0.00046286256858303534
2002-09-17,-0.01185787183443215
2002-09-18,-0.005945990038782367
2002-09-19,-0.0064935582377638745
2002-09-20,-0.002573952291187837
2002-09-23,-0.004804625881362852
2002-09-24,-0.0024717105774429027
2002-09-25,2.097112956613717e-05
2002-09-26,0.0004556112678930045
2002-09-27,-0.004102734410456804
2002-09-30,-0.0012541941825083714
2002-10-01,-0.0031663836578033344
2002-10-02,0.0011721153463640326
2002-10-03,0.0021106526328659204
2002-10-04,-0.01834517266068003
2002-10-07,-0.020667853098156996
2002-10-08,0.015670037162834216
2002-10-09,-0.028244293085105232
2002-10-10,0.0323938992791879
2002-10-11,0.043780399152591354
2002-10-14,0.0055844555650499395
2002-10-15,0.04809205791861482
2002-10-16,-0.024239013575896196
2002-10-17,0.019872801830500553
2002-10-18,0.004191897189791849
2002-10-21,0.017260535855435855
2002-10-22,-0.007208751652256984
2002-10-23,0.007596525927693332
2002-10-24,-0.020399067430942885
2002-10-25,0.02082385464603953
2002-10-28,-0.006541396027539892
2002-10-29,-0.01160582027224355
2002-10-30,0.009709718940412948
2002-10-31,-0.010175237161529793
2002-11-01,0.01928188444343926
2002-11-04,-0.000722732038699072
2002-11-05,0.00622778397551337
2002-11-06,0.010281666865743657
2002-11-07,-0.020442892708193914
2002-11-08,-0.011720268889463767
2002-11-11,-0.011413991052567692
2002-11-12,0.004172776202382189
2002-11-13,0.0005556011735557638
2002-11-14,0.013079468446653704
2002-11-15,0.005530229631921893
2002-11-18,-0.009909706401185303
2002-11-19,-0.0016425325505738807
2002-11-20,0.020934343159591813
2002-11-21,0.0184714119415849
2002-11-22,-0.00712404266134203
2002-11-25,0.000636435028095486
2002-11-26,-0.019040154687261047
2002-11-27,0.028134364125814427
2002-11-29,-0.0031825824084791565
2002-12-02,0.0011087547329062847
2002-12-03,-0.007293876439130708
2002-12-04,-0.0019463386667041777
2002-12-05,-0.0033037071848891044
2002-12-06,-0.00046424367630443133
2002-12-09,-0.00797127043981535
2002-12-10,-0.0011669325048344233
2002-12-11,-0.002384282352163622
2002-12-12,-0.0018130828110536111
2002-12-13,-0.003441046352982917
2002-12-16,0.0019407271798205922
2002-12-17,-0.0041902037638156505
2002-12-18,-0.0023827512513048092
2002-12-19,-6.090520251040947e-05
2002-12-20,-0.002713877440418278
2002-12-23,-0.0048372880591165
2002-12-24,-0.0035463319458008584
2002-12-26,-0.0030295043522660737
2002-12-27,-0.0002839533029240643
2002-12-30,-0.011384768330131873
2002-12-31,-0.006322732321606672
2003-01-02,0.031700916834596526
2003-01-03,-0.010910518682548232
2003-01-06,0.01493885635583794
2003-01-07,-0.002387142496538087
2003-01-08,-0.012961651576648733
2003-01-09,0.013201535974437663
2003-01-10,0.002389082958477899
2003-01-13,-0.0006245271711038714
2003-01-14,0.002908096697289939
2003-01-15,-0.00952272376093633
2003-01-16,-0.004208549587785562
2003-01-17,-0.01382138057176346
2003-01-21,-0.014785224356008552
2003-01-22,-0.010065319736788546
2003-01-23,0.0036856394715314594
2003-01-24,-0.018597359605586835
2003-01-27,-0.011295790664487871
2003-01-28,0.0001718955978065352
2003-01-29,0.0035908433384456012
2003-01-30,-0.019430718586613986
2003-01-31,0.013358876548002267
2003-02-03,0.001487953805324964
2003-02-04,-0.005536150397454047
2003-02-05,-0.004006338688404627
2003-02-06,-0.0029935585938918458
2003-02-07,-0.006228898905458093
2003-02-10,0.0010350516318606631
2003-02-11,-0.004800939562221856
2003-02-12,-0.007160560432172286
2003-02-13,-0.000518356205610197
2003-02-14,0.00846217106674267
2003-02-18,0.006181214567815016
2003-02-19,-0.0043165687055795035
2003-02-20,-0.007525758220013003
2003-02-21,0.005011656276915956
2003-02-24,-0.012479167012398984
2003-02-25,0.0037068831404578452
2003-02-26,-0.010223879329711564
2003-02-27,0.006163745680454705
2003-02-28,0.0035989712800598857
2003-03-03,-0.011233719051541954
2003-03-04,-0.01439910294454116
2003-03-05,0.005348680342532023
2003-03-06,-0.008388709698130326
2003-03-07,0.006888262314403537
2003-03-10,-0.024004003033197385
2003-03-11,-0.009837516089832743
2003-03-12,0.0067069147973766174
2003-03-13,0.034541938426493335
2003-03-14,0.00322006905454697
2003-03-17,0.031498554937836376
2003-03-18,0.0058772188186251295
2003-03-19,0.007674744683879853
2003-03-20,0.0021602870263948137
2003-03-21,0.021345196706324954
2003-03-24,-0.03323302590280919
2003-03-25,0.009574334752358693
2003-03-26,-0.005027206434653819
2003-03-27,0.0008038816708684227
2003-03-28,-0.005049083853940095
2003-03-31,-0.022719282640299987
2003-04-01,0.014852728972171384
2003-04-02,0.011871019624450795
2003-04-03,-0.004138568803347146
2003-04-04,0.0052200154287007925
2003-04-07,-0.0033236603555240694
2003-04-08,0.00016572859304434646
2003-04-09,-0.0116156588349357
2003-04-10,0.0033942504187950673
2003-04-11,-0.004548326544695538
2003-04-14,0.0182871767202603
2003-04-15,0.008935837510676333
2003-04-16,-0.016763997373269595
2003-04-17,0.014436686016316801
2003-04-21,0.0009243432668207616
2003-04-22,0.018829890706222863
2003-04-23,0.00919603613166257
2003-04-24,-0.008895691536135725
2003-04-25,-0.012368348433348903
2003-04-28,0.017289422408301464
2003-04-29,0.003486327390349371
2003-04-30,-0.0021718672467514466
2003-05-01,-0.00010869647293587636
2003-05-02,0.01425442994210857
2003-05-05,-0.0019308756527341986
2003-05-06,0.009458844251013954
2003-05-07,-0.0055371839083209196
2003-05-08,-0.010064916877882357
2003-05-09,0.013845253697071236
2003-05-12,0.012269319868381201
2003-05-13,-0.0017924561819115947
2003-05-14,-0.0021113234661221947
2003-05-15,0.006348544209946239
2003-05-16,-0.002523275143685666
2003-05-19,-0.0234004753175443
2003-05-20,-0.0020507524566351076
2003-05-21,0.002054966684611914
2003-05-22,0.009930151417907984
2003-05-23,0.0020302767656033005
2003-05-27,0.017491906917169286
2003-05-28,0.0028297635198251125
2003-05-29,-0.0026129904713996233
2003-05-30,0.01603408867335898
2003-06-02,0.0036379392116430162
2003-06-03,0.0019841005534728382
2003-06-04,0.0066584987772786396
2003-06-05,0.0031009293959485106
2003-06-06,-0.0025930772380125143
2003-06-09,-0.006790356189751163
2003-06-10,0.003487454526154639
2003-06-11,0.00764707027394123
2003-06-12,0.0025070371650351836
2003-06-13,-0.009101003881123046
2003-06-16,0.018084247225664513
2003-06-17,-0.00014688734338524323
2003-06-18,-0.000986418228979721
2003-06-19,-0.014872515425847718
2003-06-20,-0.002414338622430981
2003-06-23,-0.010052745713672855
2003-06-24,0.000772107309321724
2003-06-25,-0.009777767357977963
2003-06-26,0.012373878591657315
2003-06-27,-0.011508036210469271
2003-06-30,-0.00037754404658664644
2003-07-01,0.009218174796864424
2003-07-02,0.012584856840345023
2003-07-03,-0.010323606500087346
2003-07-07,0.01985021675808163
2003-07-08,0.004468451923833827
2003-07-09,-0.005635258321643244
2003-07-10,-0.01272562181989445
2003-07-11,0.00946633826712917
2003-07-14,0.004887567398980552
2003-07-15,-0.002183890805459776
2003-07-16,-0.005869332848606579
2003-07-17,-0.014211949571341975
2003-07-18,0.010254474599913355
2003-07-21,-0.012361284614026191
2003-07-22,0.0090553820425181
2003-07-23,0.0007062100544810157
2003-07-24,-0.007557415488509189
2003-07-25,0.017666690345920832
2003-07-28,-0.003691524197363627
2003-07-29,-0.004606363599543917
2003-07-30,-0.002414802871385735
2003-07-31,0.0023205546358819884
2003-08-01,-0.009342888321777874
2003-08-04,0.009393499075199683
2003-08-05,0.00784041780869689
2003-08-06,-0.008368294776476168
2003-08-07,-0.00672558554637321
2003-08-08,-0.002904342240694667
2003-08-11,-0.002172239440122733
2003-08-12,0.0003127130833228287
2003-08-13,-0.002581557276291354
2003-08-14,0.00027531816365729224
2003-08-15,0.0011513791839092517
2003-08-18,0.005539565173826897
2003-08-19,0.0031442572782555867
2003-08-20,-0.00406203741948775
2003-08-21,0.0028904880892019233
2003-08-22,-0.009561850062382058
2003-08-25,0.0010696565124332753
2003-08-26,0.0017391775373865185
2003-08-27,0.000290711585565721
2003-08-28,0.006190701045080437
2003-08-29,0.0067488073377037095
2003-09-02,0.012919442214418323
2003-09-03,-0.0033053270461463613
2003-09-04,-0.0017643249632387859
2003-09-05,-0.005154008900511415
2003-09-08,0.004254342032371176
2003-09-09,-0.00438625509611249
2003-09-10,-0.004371355317222274
2003-09-11,-0.0008343668113552638
2003-09-12,-0.000512793284324201
2003-09-15,-0.0035656294237598665
2003-09-16,0.009662531212784965
2003-09-17,-0.001953344278728927
2003-09-18,0.010569022291414282
2003-09-19,-0.005024795458963261
2003-09-22,-0.010191978821860424
2003-09-23,0.0032189032311184026
2003-09-24,-0.015483962849685225
2003-09-25,-0.006208237684849583
2003-09-26,-0.0036422051700450058
2003-09-29,0.005426648311514397
2003-09-30,-0.009652421977353512
2003-10-01,0.021100750698066783
2003-10-02,0.0036245978004634275
2003-10-03,0.009175453410444012
2003-10-06,0.004545846986085067
2003-10-07,0.003851305647124992
2003-10-08,-0.0024943163855221107
2003-10-09,0.0026924756626851565
2003-10-10,0.002780949077700434
2003-10-13,0.003155653011029047
2003-10-14,0.0035273808523923478
2003-10-15,-0.002659552530451692
2003-10-16,0.003999966917815678
2003-10-17,-0.010909322959673728
2003-10-20,0.007481172419758986
2003-10-21,-0.001713943775810467
2003-10-22,-0.012587703361332414
2003-10-23,-0.0018350490910016282
2003-10-24,0.002225688985617813
2003-10-27,0.00048230925423475846
2003-10-28,0.013606071463324598
2003-10-29,0.001333018393868235
2003-10-30,0.002091199778265551
2003-10-31,-0.0009484019471128757
2003-11-03,0.00606517347810143
2003-11-04,-0.004861159929433492
2003-11-05,0.0003517578794791794
2003-11-06,0.0005791370178849327
2003-11-07,-0.0028993457643552954
2003-11-10,-0.0018412007023570365
2003-11-11,-0.0016084670897518185
2003-11-12,0.001283044669671338
2003-11-13,-0.001085530095463185
2003-11-14,-0.004411914606802924
2003-11-17,-0.0011326608894413892
2003-11-18,-0.0008108069005178641
2003-11-19,-0.002223914219942188
2003-11-20,-0.0007902264521470297
2003-11-21,-0.003342962612670145
2003-11-24,0.001354711803324823
2003-11-25,0.0026443276806828895
2003-11-26,0.0031841521769144726
2003-11-28,0.0006294541933778501
2003-12-01,0.01078390692221602
2003-12-02,-0.0025098571841936216
2003-12-03,-0.0015827744775592793
2003-12-04,0.004105444859885621
2003-12-05,-0.006970056024711679
2003-12-08,0.006738124199667572
2003-12-09,-0.007716040745809671
2003-12-10,-9.338928591684503e-05
2003-12-11,0.011243775093257025
2003-12-12,0.0019453428909543824
2003-12-15,-0.004993683888664724
2003-12-16,0.005204462006534349
2003-12-17,0.0031439313860603946
2003-12-18,0.011243882513528147
2003-12-19,-0.002783620073636195
2003-12-22,0.006979004682086343
2003-12-23,0.0006382636873882852
2003-12-24,-0.0010025710639319785
2003-12-26,0.0007297405542117108
2003-12-29,0.013309261682250773
2003-12-30,0.00017985583544066763
2003-12-31,0.0008993247550099781
2004-01-02,-0.0009373221052451034
2004-01-05,0.00015821134225737533
2004-01-06,-0.0014544508000169458
2004-01-07,0.00025216736878223324
2004-01-08,0.003050613827869624
2004-01-09,-0.005857088758853374
2004-01-12,0.004443385059096732
2004-01-13,-0.003900493790101404
2004-01-14,0.005435889958176706
2004-01-15,0.0016536305592072522
2004-01-16,0.003646011885752582
2004-01-20,-0.0004002707238187114
2004-01-21,0.007848393360319596
2004-01-22,-0.00260628658061277
2004-01-23,-0.0032234967336329497
2004-01-26,0.012583043093201924
2004-01-27,-0.01027084367423782
2004-01-28,-0.011422536730815879
2004-01-29,0.0009700761456698714
2004-01-30,-7.517196991948559e-18
2004-02-02,0.0038301513739453803
2004-02-03,-0.002065561769086789
2004-02-04,0.0003235316936440816
2004-02-05,-0.0018596071941567134
2004-02-06,-0.002787806051383894
2004-02-09,-0.0010341706765747002
2004-02-10,0.0006348733289781457
2004-02-11,0.007411862365252009
2004-02-12,-0.0034667625922480206
2004-02-13,-0.0038581887795939335
2004-02-17,0.006985916213493358
2004-02-18,-0.004248794452843342
2004-02-19,-0.0035872101286544204
2004-02-20,-0.0029391317771204793
2004-02-23,-0.0029591293786538743
2004-02-24,-0.001911345889917812
2004-02-25,0.00396851220769958
2004-02-26,0.0005844193316878359
2004-02-27,0.0006866914756283476
2004-03-01,0.009909399389295949
2004-03-02,-0.005853568819944716
2004-03-03,0.0018182888606608216
2004-03-04,0.0025931967108285825
2004-03-05,0.003362187898845681
2004-03-08,-0.012201164203370252
2004-03-09,-0.004001149514809121
2004-03-10,-0.016769342339620574
2004-03-11,-0.012967871115160734
2004-03-12,0.013138246198542758
2004-03-15,-0.012257623923753957
2004-03-16,0.005306482856157757
2004-03-17,0.011181398434497059
2004-03-18,0.00026494008775945765
2004-03-19,-0.014332733681710175
2004-03-22,-0.012695872484394188
2004-03-23,-0.0017332822979735374
2004-03-24,0.0008225644287933598
2004-03-25,0.013235641717045388
2004-03-26,0.0002703151172875895
2004-03-29,0.014050001918480826
2004-03-30,0.0033755364631777862
2004-03-31,0.0011505320613613979
2004-04-01,0.0055244541726768865
2004-04-02,-0.004558232262489135
2004-04-05,0.0013759272693321589
2004-04-06,-0.0023840671081730947
2004-04-07,-0.0014980566666607936
2004-04-08,-0.0012468016147862153
2004-04-12,-0.00010896571560975281
2004-04-13,-0.007686943559625103
2004-04-14,-0.0026171200558914127
2004-04-15,-0.0030493453221327594
2004-04-16,0.004454767802009873
2004-04-19,-0.0006927760623438788
2004-04-20,-0.012389442125877451
2004-04-21,0.0028753078441548464
2004-04-22,0.012593379147437082
2004-04-23,0.0008966372584374993
2004-04-26,-0.0014185640896865505
2004-04-27,0.0008753986933589278
2004-04-28,-0.01294803093837531
2004-04-29,-0.008775489874603208
2004-04-30,-0.007779747129554501
2004-05-03,0.01023680037706165
2004-05-04,-0.00970566908996991
2004-05-05,0.0016421380238867307
2004-05-06,-0.0028216764706183233
2004-05-07,-0.0012575415495917983
2004-05-10,0.004775234144749247
2004-05-11,-0.00831664073851177
2004-05-12,-0.0020376586155593773
2004-05-13,0.0002805432530102944
2004-05-14,-0.0026002738455646185
2004-05-17,-0.0002843100176606467
2004-05-18,-0.0037750206166610647
2004-05-19,-0.003211210829593611
2004-05-20,-0.0018010455863040134
2004-05-21,-0.0013417483171406048
2004-05-24,-0.002030080179775836
2004-05-25,0.010805417388521695
2004-05-26,0.003320302691982698
2004-05-27,0.0055401722535703924
2004-05-28,-9.282735836036028e-05
2004-06-01,-0.0013306772875304952
2004-06-02,0.0037266898499328394
2004-06-03,-0.00919316621450772
2004-06-04,0.007939930057314415
2004-06-07,0.01522412100670345
2004-06-08,0.0013951744543716504
2004-06-09,-0.009315830373368028
2004-06-10,0.0049207485205058354
2004-06-14,-0.009881274081839808
2004-06-15,0.007065639062742379
2004-06-16,-0.00017493335009144406
2004-06-17,-0.0014916760167122955
2004-06-18,0.0018869256881151042
2004-06-21,-0.0037841628610739697
2004-06-22,0.005035338331881967
2004-06-23,0.008613629351565733
2004-06-24,-0.003137131345439914
2004-06-25,-0.004808022659548383
2004-06-28,-0.003426127209922414
2004-06-29,0.004142933787283587
2004-06-30,0.005354825212933179
2004-07-01,-0.01437077903701411
2004-07-02,0.02474201092956871
2004-07-06,0.01228444025335678
2004-07-07,-0.010635485026495606
2004-07-08,0.011767213436004547
2004-07-09,-0.010930467336801556
2004-07-12,-0.015143698794125391
2004-07-13,-0.006821060655021048
2004-07-14,-0.0038653999315164697
2004-07-15,0.013819702623810066
2004-07-16,-0.004578918134724686
2004-07-19,0.003555744306745861
2004-07-20,-0.026831135909909126
2004-07-21,0.04461252396054431
2004-07-22,-0.01819225388615697
2004-07-23,0.028285551951348478
2004-07-26,-0.010989145926078128
2004-07-27,-0.04534944713768888
2004-07-28,-0.015192650724209753
2004-07-29,-0.0068581388035051025
2004-07-30,0.0015182519537881027
2004-08-02,0.0015876927815325925
2004-08-03,0.0006446373037090076
2004-08-04,-0.00038671055961989623
2004-08-05,0.023568970356715756
2004-08-06,0.028677810920121102
2004-08-09,-0.014367652740783134
2004-08-10,-0.030120589832267827
2004-08-11,0.0034101255988824037
2004-08-12,0.020835519477525467
2004-08-13,-0.014020397606291056
2004-08-16,-0.02303495021283597
2004-08-17,-0.008127503382068697
2004-08-18,-0.004167074961492524
2004-08-19,-0.00036203380461232674
2004-08-20,-0.0004565414596859104
2004-08-23,-0.004541773782679325
2004-08-24,-3.359725230278284e-05
2004-08-25,0.005755193269604994
2004-08-26,-0.00013787162926692532
2004-08-27,0.0030548943165398484
2004-08-30,-0.008272501485610172
2004-08-31,0.0052478458658574735
2004-09-01,0.0018896348620328633
2004-09-02,0.011318583589651876
2004-09-03,-0.004085518133456478
2004-09-07,0.006599503228524872
2004-09-08,-0.002480852767795194
2004-09-09,-0.0008882223946272694
2004-09-10,0.005156574956022286
2004-09-13,0.0032727733812136783
2004-09-14,0.002027803829143915
2004-09-15,-0.007566629401754232
2004-09-16,0.00301436975694247
2004-09-17,0.004251565504021393
2004-09-20,-0.00600984546068517
2004-09-21,0.004356415864027685
2004-09-22,-0.012482309449152185
2004-09-23,-0.0053787169298537
2004-09-24,0.004596838765800637
2004-09-27,-0.006370225653005157
2004-09-28,0.004785691689235483
2004-09-29,0.005032486264868519
2004-09-30,-0.0007158797762079061
2004-10-01,0.01642373036858058
2004-10-04,-0.01334794725702563
2004-10-05,0.0009516378500303888
2004-10-06,0.003788903031959638
2004-10-07,-0.006164058971171
2004-10-08,-0.0024044082196145577
2004-10-11,-0.0027490675981765977
2004-10-12,-0.0021476193884172904
2004-10-13,-0.0024441369448427175
2004-10-14,0.005214107008238962
2004-10-15,-0.010381659788163522
2004-10-18,-0.0034468291787876134
2004-10-19,-0.004468411916926391
2004-10-20,-0.003123205001250186
2004-10-21,0.0019645271341914563
2004-10-22,-0.006405018728991182
2004-10-25,-0.00521805823224775
2004-10-26,0.012672878940211253
2004-10-27,0.011985384553703413
2004-10-28,0.0030123612006072134
2004-10-29,-0.00017731683005407515
2004-11-01,0.0022511288964610666
2004-11-02,-0.003349927599433392
2004-11-03,0.000685397803814004
2004-11-04,0.011072936394307458
2004-11-05,0.0056040270856184135
2004-11-08,-0.0016639887984740715
2004-11-09,-0.002019102708748289
2004-11-10,0.0005838618349347782
2004-11-11,0.007476557621006326
2004-11-12,0.007852004803314326
2004-11-15,0.00243856285194067
2004-11-16,-0.007157035176476526
2004-11-17,0.00593315271871767
2004-11-18,0.0013475458280892661
2004-11-19,-0.011113070840410053
2004-11-22,0.004765361397124661
2004-11-23,0.001526143896519571
2004-11-24,0.002368928432305953
2004-11-26,-0.0007591629045412818
2004-11-29,-0.0045630446562205775
2004-11-30,0.0006791375464225702
2004-12-01,0.011366556785229243
2004-12-02,0.0008388352119468312
2004-12-03,-0.0006706770839779441
2004-12-06,-0.00033570649116698714
2004-12-07,-0.009311169391354346
2004-12-08,0.005842709987810668
2004-12-09,0.003535316296911173
2004-12-10,0.001007171798884654
2004-12-13,0.008714898931962312
2004-12-14,0.0034891005481956228
2004-12-15,0.0007450513617077714
2004-12-16,-0.0005786248445363018
2004-12-17,-0.006669839332765992
2004-12-20,0.0002515227206332238
2004-12-21,0.007699846162072532
2004-12-22,0.002408882916588251
2004-12-23,0.0007461593732336347
2004-12-27,-0.002070443383835663
2004-12-28,0.005476504178748565
2004-12-29,0.0014856944410881479
2004-12-30,-0.0018954727595082987
2004-12-31,-0.002146432530190756
2005-01-03,-0.005203276065022129
2005-01-04,0.022387470111745647
2005-01-05,0.011487365075987337
2005-01-06,-0.017099889603926662
2005-01-07,-0.001036032242641808
2005-01-10,-0.014471141001487758
2005-01-11,0.005553938670308995
2005-01-12,-0.011438758588004583
2005-01-13,0.011089456993992313
2005-01-14,-0.01336726908587901
2005-01-18,-0.010431194042438929
2005-01-19,0.003983738690617536
2005-01-20,0.0086582248370667
2005-01-21,0.013193995247017126
2005-01-24,-0.007753783930488089
2005-01-25,-0.015598806172407848
2005-01-26,-0.011829440004803371
2005-01-27,-0.005514537369875881
2005-01-28,-0.0032303271260705375
2005-01-31,-0.0011451532976036547
2005-02-01,0.006297539335978763
2005-02-02,0.003027637808356978
2005-02-03,-0.002599012951457147
2005-02-04,0.010675774369549362
2005-02-07,-0.0013310730608078192
2005-02-08,0.0011663589899666427
2005-02-09,-0.007486908562064687
2005-02-10,0.003604191331840312
2005-02-11,0.008601922288276054
2005-02-14,-0.0007456030345407427
2005-02-15,0.0037291104185641633
2005-02-16,0.0006604048771949866
2005-02-17,-0.008085110352418767
2005-02-18,0.0013305088077086857
2005-02-22,-0.014868129884517467
2005-02-23,0.007166974772443213
2005-02-24,0.006613444598629004
2005-02-25,0.009896554655416612
2005-02-28,-0.0065873642833119694
2005-03-01,0.004486088415228021
2005-03-02,-0.004172875364809838
2005-03-03,0.001436254559875055
2005-03-04,-0.0007324011061166646
2005-03-07,-0.00032392276259279667
2005-03-08,-0.0028331408590387707
2005-03-09,-0.004904287572321024
2005-03-10,-0.001155596499862755
2005-03-11,-0.0014738100769682476
2005-03-14,-0.002399253363587121
2005-03-15,-0.0021332832802923047
2005-03-16,0.0016306260306519459
2005-03-17,-0.004396765236449623
2005-03-18,-0.0022201446123953496
2005-03-21,-0.004367412785298979
2005-03-22,0.012007757953591498
2005-03-23,-0.008758191032377757
2005-03-24,-0.00987184640029372
2005-03-28,-0.012221524649647864
2005-03-29,-0.005503979287500014
2005-03-30,0.011600217380490795
2005-03-31,-0.0018616867223870015
2005-04-01,-0.00498075667806519
2005-04-04,0.001269456125399188
2005-04-05,-0.0029738621577697338
2005-04-06,-0.0013804917296559504
2005-04-07,0.0012691705685703722
2005-04-08,-0.00664692889037609
2005-04-11,-0.0027288481339143166
2005-04-12,0.0031996841918138785
2005-04-13,-0.005576197851864808
2005-04-14,0.004832281439399632
2005-04-15,0.04565407100952859
2005-04-18,-0.0311044743703126
2005-04-19,-0.022372278952835226
2005-04-20,0.028888920561968803
2005-04-21,-0.03409710263852018
2005-04-22,-0.0006370080989722034
2005-04-25,-0.002130486627984785
2005-04-26,-0.008833488593490663
2005-04-27,0.002627550836838064
2005-04-28,-0.011926994299065545
2005-04-29,0.012862455004239848
2005-05-02,0.005128146299235195
2005-05-03,-0.007533158565787788
2005-05-04,0.0021495339442103014
2005-05-05,-0.000427941149806143
2005-05-06,-0.002462285263595333
2005-05-09,0.0030611721883163456
2005-05-10,-0.006137583317732227
2005-05-11,0.002365500345350084
2005-05-12,-0.0037112184016530915
2005-05-13,-0.0012350221951526361
2005-05-16,0.0012941585493836862
2005-05-17,0.004296613077434598
2005-05-18,0.009511751722507348
2005-05-19,0.0041321551510561175
2005-05-20,-0.0014364138024797392
2005-05-23,0.0055237342454743325
2005-05-24,-0.002337758399263403
2005-05-25,-0.0007532253876102252
2005-05-26,0.005360038635200267
2005-05-27,0.0016660544862383425
2005-05-31,-0.006403534004543897
2005-06-01,0.008536576859261347
2005-06-02,0.002157998905345293
2005-06-03,-0.005051316627982638
2005-06-06,-0.0009153379424871044
2005-06-07,0.0007498292899907888
2005-06-08,-0.0018316364500247095
2005-06-09,0.004753880502656127
2005-06-10,-0.0023246563798346997
2005-06-13,0.0031617332827240663
2005-06-14,0.0023217951255378733
2005-06-15,0.0019033234683558664
2005-06-16,0.002560164231475426
2005-06-17,0.003705105583170498
2005-06-20,0.0003296941580634982
2005-06-21,0.0005765667207351388
2005-06-22,0.0008231657343642507
2005-06-23,-0.014066088267227439
2005-06-24,-0.007341704699115881
2005-06-27,0.0014285924390662341
2005-06-28,0.008393257941440302
2005-06-29,-0.002663834504485041
2005-06-30,-0.00542427498320186
2005-07-01,0.0024492934427433628
2005-07-05,-0.007069591690704327
2005-07-06,-0.0016368818682371711
2005-07-07,0.0006661530265699806
2005-07-08,0.004634826872919598
2005-07-11,0.0042415093048098285
2005-07-12,0.0024725183231411748
2005-07-13,0.0013507077810598453
2005-07-14,0.0038973477187054313
2005-07-15,-0.000576293715751511
2005-07-18,-0.003990049212413449
2005-07-19,0.005474507729202415
2005-07-20,0.0034145262401095184
2005-07-21,-0.00583293134956627
2005-07-22,0.006681659184047353
2005-07-25,-0.002833078586443611
2005-07-26,0.0012178732991030851
2005-07-27,0.0036481752666557288
2005-07-28,0.006301068128775622
2005-07-29,-0.0066629537197829825
2005-08-01,-0.001215190276548368
2005-08-02,-0.0002704238179015595
2005-08-03,-0.00036561191606817364
2005-08-04,0.004782682868328055
2005-08-05,0.003480139450303168
2005-08-08,0.002710361681484857
2005-08-09,-0.014792274989858311
2005-08-10,-0.0017641866201498194
2005-08-11,-0.0016578857740211185
2005-08-12,0.0010184265124574847
2005-08-15,-0.0062553710491819025
2005-08-16,0.006467464864403749
2005-08-17,-0.004682543512356951
2005-08-18,-0.002178365900843771
2005-08-19,-0.0036432879889151852
2005-08-22,-0.006435287251591652
2005-08-23,-0.0026369650791390493
2005-08-24,0.0006295499099735966
2005-08-25,-0.005583372796761205
2005-08-26,-0.003362412585732897
2005-08-29,-0.0007242895473499617
2005-08-30,-0.005277357277668857
2005-08-31,0.012638519633060504
2005-09-01,-0.0012223480831352583
2005-09-02,0.007998571771714804
2005-09-06,-0.010006365019579671
2005-09-07,-0.0010877664718332222
2005-09-08,-0.0013181616578132565
2005-09-09,0.00365993126767451
2005-09-12,-0.0027043526036427913
2005-09-13,-0.004379340479238557
2005-09-14,-0.0024481555963245193
2005-09-15,-0.0015441864120741668
2005-09-16,0.005261646399181949
2005-09-19,-0.0032908501929399363
2005-09-20,-0.007827624791478483
2005-09-21,-0.006147067421416786
2005-09-22,0.0007959404779476786
2005-09-23,1.6218653171697853e-05
2005-09-26,0.0006485880922491626
2005-09-27,-0.0002620523935513962
2005-09-28,0.0009858332750688511
2005-09-29,0.008137204112585738
2005-09-30,0.0030976464825636096
2005-10-03,-0.004063649272987635
2005-10-04,0.03637092404717895
2005-10-05,0.06948024034517185
2005-10-06,0.0215906277976767
2005-10-07,-0.028444128356568586
2005-10-10,0.04919994624966913
2005-10-11,0.004441243369329297
2005-10-12,0.06042869222291451
2005-10-13,0.0026917124805401252
2005-10-14,-0.09947457927830042
2005-10-17,-0.04061704534663976
2005-10-18,0.07098160523913406
2005-10-19,-0.10995059855497838
2005-10-20,0.13246249143545064
2005-10-21,-0.03487873824113312
2005-10-24,-0.10095152237371248
2005-10-25,-0.003815086170012625
2005-10-26,8.607987007478715e-05
2005-10-27,0.048677386435639354
2005-10-28,-0.06504000694811943
2005-10-31,-0.008682361175520532
2005-11-01,0.0022803152312224715
2005-11-02,0.010455373220426853
2005-11-03,0.00427079042466616
2005-11-04,-0.00130843778393408
2005-11-07,0.000982774103097439
2005-11-08,0.0
2005-11-09,0.0013090484812159353
2005-11-10,0.007762160106039806
2005-11-11,0.003405044228898202
2005-11-14,-0.0005657921301915891
2005-11-15,-0.0036376945452732956
2005-11-16,0.0020284608069125465
2005-11-17,0.00931251905096575
2005-11-18,0.00393132683826658
2005-11-21,0.005034412695442914
2005-11-22,0.004293950420175774
2005-11-23,0.005779910257333265
2005-11-25,0.0007873172459407218
2005-11-28,-0.007079577906810797
2005-11-29,-0.0011090883124178497
2005-11-30,-0.0053928551180656426
2005-12-01,0.009718414313273584
2005-12-02,-0.013930679042281294
2005-12-05,-0.0012147152668300298
2005-12-06,0.000359086112956139
2005-12-07,-0.0016637068245593323
2005-12-08,-0.001054825674685024
2005-12-09,-0.000999532253070813
2005-12-12,-0.0011150648565829199
2005-12-13,0.005532296421715274
2005-12-14,0.003609239134392618
2005-12-15,-0.0028582588369629237
2005-12-16,-0.0032096185654611345
2005-12-19,-0.005104197784770253
2005-12-20,0.0008536488413737919
2005-12-21,0.0015404943883646942
2005-12-22,0.0052254389284594775
2005-12-23,0.0005523007058236426
2005-12-27,-0.010177039004213045
2005-12-28,0.002231798884328687
2005-12-29,-0.004453306722956802
2005-12-30,-0.0054318268148689786
2006-01-03,0.017101087490041026
2006-01-04,-0.012419312319587848
2006-01-05,0.00018858070364539498
2006-01-06,0.007145111384489289
2006-01-09,0.0023294607197227543
2006-01-10,0.0009120637752040752
2006-01-11,0.0031348618637298746
2006-01-12,-0.003903186812911352
2006-01-13,-0.0009436269048502197
2006-01-17,-0.0027374006437453214
2006-01-18,-0.00392638075863648
2006-01-19,0.0037504783633459746
2006-01-20,-0.016214491378848696
2006-01-23,0.001750391588395093
2006-01-24,0.0008339112576532431
2006-01-25,0.0008168060519086191
2006-01-26,0.005511917166129393
2006-01-27,0.009264434105298891
2006-01-30,-0.0007775975518624713
2006-01-31,-0.007318517175447432
2006-02-01,0.006980242065846851
2006-02-02,-0.011605478295989347
2006-02-03,-0.0049645472037364025
2006-02-06,0.002613623504819529
2006-02-07,-0.008846813584059143
2006-02-08,0.009085072307888797
2006-02-09,-0.0016582743837761926
2006-02-10,0.001818975105310594
2006-02-13,-0.0018156724423387116
2006-02-14,0.010600243326923442
2006-02-15,0.0035227339142631653
2006-02-16,0.007488218462329943
2006-02-17,-0.002709897482914503
2006-02-21,-0.002484453941123843
2006-02-22,0.006070566542110134
2006-02-23,-0.0014693126384437427
2006-02-24,0.002556294559021177
2006-02-27,0.0003862699450816187
2006-02-28,-0.009501112017600066
2006-03-01,0.0084028639314544
2006-03-02,-0.012186214859742434
2006-03-03,-0.0012226045120576979
2006-03-06,0.0006272151996084456
2006-03-07,-0.001690142391481386
2006-03-08,-0.0030787771640001863
2006-03-09,0.0012536112218122022
2006-03-10,-0.003858009814688073
2006-03-13,-0.0014560328858820026
2006-03-14,0.008725409152721889
2006-03-15,0.004387719029977883
2006-03-16,0.0020601703043292936
2006-03-17,0.0007864741738674937
2006-03-20,-0.0016923682319729871
2006-03-21,-0.0062802707869954785
2006-03-22,0.0060718075406341375
2006-03-23,-0.002071780789616242
2006-03-24,0.0007681709485869393
2006-03-27,-0.0014591815096772895
2006-03-28,-0.006153005582720333
2006-03-29,0.006268263242905365
2006-03-30,-0.0017688215059690204
2006-03-31,0.00023139527428450712
2006-04-03,-0.00125812003301284
2006-04-04,-0.002899352447664644
2006-04-05,5.5780533539449666e-05
2006-04-06,0.00020799539209326486
2006-04-07,0.005820914364551857
2006-04-10,-0.0067794171660289105
2006-04-11,0.012265650159954195
2006-04-12,-0.0075929840728491405
2006-04-13,-0.004762219240132782
2006-04-17,-0.007914030957328188
2006-04-18,0.0008804809292786587
2006-04-19,0.0013706015314625879
2006-04-20,0.001230439924703786
2006-04-21,-1.7929186358946094e-05
2006-04-24,-0.0020150245088344006
2006-04-25,-0.0041163479772230145
2006-04-26,0.00017673226610748547
2006-04-27,0.004800174244993029
2006-04-28,0.003355294955634426
2006-05-01,-0.008139057488308605
2006-05-02,0.00751536141185796
2006-05-03,-0.0037293983466452074
2006-05-04,0.0035909154936364374
2006-05-05,0.00883054894612112
2006-05-08,-0.00120763607472274
2006-05-09,0.0019649381325836934
2006-05-10,-0.0005283020883242173
2006-05-11,-0.012070790658662789
2006-05-12,-0.013058399611857618
2006-05-15,0.0020116883950933584
2006-05-16,-0.0014672173196762506
2006-05-17,-0.019023885680385044
2006-05-18,-0.005045327774001129
2006-05-19,0.007051804395421968
2006-05-22,-0.007632035130714088
2006-05-23,-0.007611238032833589
2006-05-24,0.007988963155318274
2006-05-25,0.012364354269396749
2006-05-26,0.0050888933981019235
2006-05-30,-0.01776021230741298
2006-05-31,0.011181789404001607
2006-06-01,0.009080305298033055
2006-06-02,-0.011633776054267828
2006-06-05,-0.0016270122985324806
2006-06-06,0.0012801517027058473
2006-06-07,0.001498343338932541
2006-06-08,0.0011369147651173052
2006-06-09,-0.0017691750230861122
2006-06-12,0.015720659952888166
2006-06-13,0.0290769683983588
2006-06-14,-0.02698840187135062
2006-06-15,-0.033724315141429484
2006-06-16,0.0016746649164267706
2006-06-19,-0.002785682009569989
2006-06-20,-0.006736493951237793
2006-06-21,-0.0021735425203529505
2006-06-22,-0.0028267903713434933
2006-06-23,-0.0016233461825028736
2006-06-26,-0.00023542400912604858
2006-06-27,-0.007802546486255996
2006-06-28,0.005405205083013231
2006-06-29,0.02015499301077639
2006-06-30,7.852087789638504e-05
2006-07-03,0.0035979034099280515
2006-07-05,0.000839711451791219
2006-07-06,-0.005428736815451862
2006-07-07,0.002482605545123787
2006-07-10,-0.005461794600705479
2006-07-11,-0.005369480436871138
2006-07-12,0.007486521122905522
2006-07-13,0.059043593274996586
2006-07-14,0.010072982232612814
2006-07-17,-0.004713830351858808
2006-07-18,-0.029385597589397724
2006-07-19,-0.04039574727431075
2006-07-20,0.006598927686678023
2006-07-21,0.016580812191315363
2006-07-24,-0.034682430207300975
2006-07-25,0.0008821192852606508
2006-07-26,0.00021983900655337513
2006-07-27,-0.001187286215944644
2006-07-28,0.009363041006174841
2006-07-31,-0.001038133389680404
2006-08-01,-0.004927398011392198
2006-08-02,0.006760039009872606
2006-08-03,0.0026542020507225317
2006-08-04,-0.0017126766557075124
2006-08-07,-0.0023405140725631934
2006-08-08,-0.0038308977799831334
2006-08-09,-0.0033748494760578174
2006-08-10,0.003071650410781279
2006-08-11,-0.002826434157552793
2006-08-14,0.0007871628435542899
2006-08-15,0.011958428816104316
2006-08-16,0.008317695272468839
2006-08-17,0.0025443412045571545
2006-08-18,0.0050761068617684035
2006-08-21,-0.004285134979054028
2006-08-22,-7.654113976174326e-05
2006-08-23,-0.0027672925512828295
2006-08-24,-0.000847240528767057
2006-08-25,0.001234460990701347
2006-08-28,0.004776004627552899
2006-08-29,0.0011498686335063013
2006-08-30,0.0006124970320178225
2006-08-31,-0.00015338891257044018
2006-09-01,0.005483304328502748
2006-09-05,-0.008982150510770287
2006-09-06,0.00565356498476231
2006-09-07,0.0021423325582217894
2006-09-08,-0.009370516772214661
2006-09-11,-0.006071624608076632
2006-09-12,0.001113992608661532
2006-09-13,0.002647399490582435
2006-09-14,8.047265774080075e-05
2006-09-15,0.002160818143904973
2006-09-18,0.001133772637814134
2006-09-19,-0.0024932782373046614
2006-09-20,0.005255165521716146
2006-09-21,-0.004818413880039151
2006-09-22,-0.0030314238219492405
2006-09-25,0.00766575545444946
2006-09-26,0.00830284912146134
2006-09-27,0.0011975768592961758
2006-09-28,-0.0003736156943856539
2006-09-29,-0.0008228361145627971
2006-10-02,-0.004231064042862105
2006-10-03,0.005061460432253652
2006-10-04,-0.003313146646515601
2006-10-05,0.000584246590673577
2006-10-06,-0.002590578931514207
2006-10-09,-0.0009314149303708301
2006-10-10,0.0002583350269059208
2006-10-11,-0.0011362778596744165
2006-10-12,0.006848211736117717
2006-10-13,0.002301347244009217
2006-10-16,0.001443608872187504
2006-10-17,-0.003059145399411581
2006-10-18,0.0012209540083579636
2006-10-19,0.0015725225990175016
2006-10-20,0.0002114594444114264
2006-10-23,0.00460083696924192
2006-10-24,0.0029823083892157416
2006-10-25,0.0034086789616648073
2006-10-26,0.0031080124963496977
2006-10-27,-0.006268616934553296
2006-10-30,-0.0007253529351884934
2006-10-31,-0.00014527141157327783
2006-11-01,-0.006749454476350891
2006-11-02,-0.0005842376232036983
2006-11-03,-0.0017550206719990635
2006-11-06,0.011279259858425927
2006-11-07,0.003838390226091226
2006-11-08,0.0021641196480777225
2006-11-09,-0.005255402998728398
2006-11-10,0.00043432978848989556
2006-11-13,0.0024597897616946973
2006-11-14,0.007504618104743566
2006-11-15,0.0028646982607136717
2006-11-16,0.002571263242358457
2006-11-17,0.00028483296129233615
2006-11-20,0.0005698161940450586
2006-11-21,0.0009964933397033082
2006-11-22,0.0019904566654675993
2006-11-24,-0.004044466085093568
2006-11-27,-0.013751423589945633
2006-11-28,0.004334339808056642
2006-11-29,0.010430449257760044
2006-11-30,0.0004269366991178636
2006-12-01,-0.0026937049093038756
2006-12-04,-0.001255441773969022
2006-12-05,2.3331864647618827e-05
2006-12-06,-0.0009771603820175488
2006-12-07,0.006353681334233328
2006-12-08,-0.005790770422719605
2006-12-11,-0.0049597927698731056
2006-12-12,-0.0010456149236051713
2006-12-13,0.0003345415654876507
2006-12-14,0.008391954337901892
2006-12-15,7.504963196878039e-05
2006-12-18,-0.0027509876501808903
2006-12-19,0.00188365109447676
2006-12-20,-0.00056490078041224
2006-12-21,-0.0036576426266472987
2006-12-22,-0.006130537675814024
2006-12-26,0.0058825903500998545
2006-12-27,0.006568515958856042
2006-12-28,-0.0021051750056377827
2006-12-29,-0.004148965393658277
2007-01-03,-0.0022527959984016666
2007-01-04,-0.00016980475035715788
2007-01-05,0.010641019178538096
2007-01-08,-0.011446806251326339
2007-01-09,-0.0020466731786893755
2007-01-10,-0.004825377227247787
2007-01-11,-0.0017750109768201287
2007-01-12,0.004168425550486908
2007-01-16,-0.0020650354849630144
2007-01-17,0.00014209342617501594
2007-01-18,-0.003117310700920268
2007-01-19,0.0015130412681477541
2007-01-22,-0.003151460958812407
2007-01-23,0.0028273108970646213
2007-01-24,0.008029545387582914
2007-01-25,-0.011701629894965123
2007-01-26,-0.0009365286170625987
2007-01-29,-0.0005797764904328613
2007-01-30,0.005209347176296906
2007-01-31,0.00672348756615192
2007-02-01,0.005982153711935556
2007-02-02,0.0013834467082207702
2007-02-05,0.00027662348492718536
2007-02-06,0.0002758691742970054
2007-02-07,0.00220837760478787
2007-02-08,-0.0013083137762398556
2007-02-09,-0.007447486807949599
2007-02-12,-0.003404193591806548
2007-02-13,0.008434951057024742
2007-02-14,0.0065672705203261295
2007-02-15,0.0013047946708995006
2007-02-16,-0.0004801307284413303
2007-02-20,0.0021268547753885425
2007-02-21,-0.00041039492855232673
2007-02-22,-0.00075394509674509
2007-02-23,-0.00390725902406619
2007-02-26,-0.0008949435389731253
2007-02-27,-0.03905727027968586
2007-02-28,0.010250471413455253
2007-03-01,-0.003467674502560132
2007-03-02,0.028777379697440993
2007-03-05,0.01213665014692274
2007-03-06,-0.039306920441322224
2007-03-07,-0.0047856589061006875
2007-03-08,-0.003425524398099216
2007-03-09,-0.001270275380254735
2007-03-12,-0.0016123739867434663
2007-03-13,0.013499458427364122
2007-03-14,-0.009318446504561512
2007-03-15,-0.0048931306563182375
2007-03-16,-0.0006744072196067457
2007-03-19,-0.0027214765599374025
2007-03-20,0.0039648884977017095
2007-03-21,0.016146858922983495
2007-03-22,-0.0007667928176192048
2007-03-23,0.0014637204423262656
2007-03-26,-0.001325307794580807
2007-03-27,-0.0023744898949539252
2007-03-28,-0.007279988002279198
2007-03-29,0.001057935313691386
2007-03-30,0.00021101142898215523
2007-04-02,0.0006390354390519757
2007-04-03,-0.0024260580946050634
2007-04-04,-0.00030865304114569285
2007-04-05,0.0014554209868967453
2007-04-09,-0.0003433004959887045
2007-04-10,0.00039519774154677474
2007-04-11,-0.003021335572337985
2007-04-12,0.0030254333184483754
2007-04-13,0.004043093513213836
2007-04-16,0.009260130947208251
2007-04-17,0.0026476177880303195
2007-04-18,0.001220903455994919
2007-04-19,-0.00027383117053531703
2007-04-20,0.00943580150828803
2007-04-23,-0.003767681293277054
2007-04-24,0.0004050363597764346
2007-04-25,0.009181857279045478
2007-04-26,0.0011371104630800678
2007-04-27,-0.0008018913739579333
2007-04-30,-0.008292618589915214
2007-05-01,0.0025623426563410323
2007-05-02,0.005851743931515108
2007-05-03,0.005417258772890454
2007-05-04,0.0037908153328087835
2007-05-07,0.0001989298538631612
2007-05-08,-0.0013250714561772181
2007-05-09,0.002719755611942043
2007-05-10,-0.010452286418784706
2007-05-11,0.008557169838733003
2007-05-14,-0.0021874417936647017
2007-05-15,0.0002655660389616621
2007-05-16,0.006840749660084189
2007-05-17,-0.0019790136110495737
2007-05-18,0.008724395191740397
2007-05-21,-0.0005247131342747124
2007-05-22,-0.0007862719398221696
2007-05-23,0.00013138607244900236
2007-05-24,-0.009052900716754686
2007-05-25,0.0041705629324853
2007-05-29,0.0036261710092562183
2007-05-30,0.00814485851702118
2007-05-31,-0.0010424131311770335
2007-06-01,0.0044693204456711655
2007-06-04,-0.00747162992181103
2007-06-05,0.0002566512015203925
2007-06-06,0.013744291216932523
2007-06-07,0.06833546747318012
2007-06-08,-0.061965484829037173
2007-06-11,-0.012476519077231914
2007-06-12,0.03652840756439998
2007-06-13,-0.042457083894325134
2007-06-14,-0.006816209036065982
2007-06-15,0.0023519168630849385
2007-06-18,-0.003662382556806307
2007-06-19,0.0014493041734294815
2007-06-20,-0.008681891576138592
2007-06-21,0.0014148805926676444
2007-06-22,-0.00425152140681227
2007-06-25,-0.007826719090424036
2007-06-26,0.00044663522503215515
2007-06-27,-0.00024115521970116162
2007-06-28,-0.00017697813732288613
2007-06-29,0.0003324791521868282
2007-07-02,0.00855261279490072
2007-07-03,-0.00877539012936495
2007-07-05,-0.0004864569831225668
2007-07-06,0.0016062047972048668
2007-07-09,4.442154112373545e-05
2007-07-10,-0.004060472574473643
2007-07-11,0.0002856891986713194
2007-07-12,0.010515340682444542
2007-07-13,0.002366401609181768
2007-07-16,-0.0003799742037649166
2007-07-17,-0.0006003099321762962
2007-07-18,-0.0017737323022350411
2007-07-19,0.0035933855253939117
2007-07-20,-0.009587942861203876
2007-07-23,0.0025222147087851253
2007-07-24,-0.01622483978353362
2007-07-25,0.0013074560866809003
2007-07-26,-0.016308297060016203
2007-07-27,0.009280183734096056
2007-07-30,-0.020040683787108292
2007-07-31,-0.010060199736165001
2007-08-01,0.0026996494596586824
2007-08-02,0.007990436066314999
2007-08-03,-0.025745540129379685
2007-08-06,0.016759491975642415
2007-08-07,0.01066950069806194
2007-08-08,0.013940733632727298
2007-08-09,-0.029633526847363756
2007-08-10,-0.0046773127486130495
2007-08-13,0.0035935152839539075
2007-08-14,-0.015286068936416819
2007-08-15,-0.013775148416044547
2007-08-16,0.007515880257115803
2007-08-17,0.01836679299298205
2007-08-20,-0.00048380570494477304
2007-08-21,0.0020052012408355857
2007-08-22,0.011867681332742075
2007-08-23,-0.000886568120406328
2007-08-24,0.012353408680836342
2007-08-27,-0.009303568624267178
2007-08-28,-0.021980537382522147
2007-08-29,0.019621719795195558
2007-08-30,-0.0026611102033933243
2007-08-31,0.009852606219107995
2007-09-04,0.00960800936266382
2007-09-05,-0.0076688508055717365
2007-09-06,-0.0007524583085731524
2007-09-07,-0.0022966198123739855
2007-09-10,-0.0013245741985616667
2007-09-11,-0.0002803275378279336
2007-09-12,-5.068518581000927e-05
2007-09-13,0.0030757643490085494
2007-09-14,-0.0006008641104092355
2007-09-17,-0.003913760165775075
2007-09-18,0.01817649306272022
2007-09-19,0.005451525892389552
2007-09-20,-0.006830563313754199
2007-09-21,0.0022842181725011602
2007-09-24,-0.0019683871605255306
2007-09-25,-0.002030713464628929
2007-09-26,0.0052402145934913385
2007-09-27,0.0059071759737385175
2007-09-28,-0.0033315155867270564
2007-10-01,0.01127271874874305
2007-10-02,-0.0013612019290845428
2007-10-03,-0.002011846054818181
2007-10-04,0.0015604699798068555
2007-10-05,0.011882133829966612
2007-10-08,-0.005326053851838486
2007-10-09,0.009418240639639697
2007-10-10,-0.0016618160045080987
2007-10-11,-0.004801019386879157
2007-10-12,0.005531970627570049
2007-10-15,-0.008443656229957797
2007-10-16,-0.007935017137680966
2007-10-17,0.003056168376426527
2007-10-18,-0.0036299794500355143
2007-10-19,-0.026157040332032144
2007-10-22,0.005813038265601422
2007-10-23,0.008104466437182767
2007-10-24,-0.0018457615176497022
2007-10-25,0.002376850178750667
2007-10-26,0.011722886790834997
2007-10-29,0.003319969480085616
2007-10-30,-0.0069419283586119596
2007-10-31,0.010387857967742775
2007-11-01,-0.023895817370120694
2007-11-02,0.0437406858906297
2007-11-05,0.004579737574477879
2007-11-06,-0.01971441707280755
2007-11-07,0.03929255978463132
2007-11-08,0.001533128393145902
2007-11-09,0.026035765202393167
2007-11-12,0.017478265203136254
2007-11-13,-0.06683692345861715
2007-11-14,0.007429998841847392
2007-11-15,0.024139436678968028
2007-11-16,-0.014785372200963116
2007-11-19,0.017429204495884205
2007-11-20,-0.0179393760981999
2007-11-21,0.048668897460436594
2007-11-23,-0.04651242930680899
2007-11-26,0.05472569978032456
2007-11-27,-0.03680262577049004
2007-11-28,-0.078865616071674
2007-11-29,-0.010626739675904884
2007-11-30,-0.010690358747934524
2007-12-03,-0.007080042641041114
2007-12-04,0.0020901345264085994
2007-12-05,0.0030388682307201896
2007-12-06,0.0055820452070121755
2007-12-07,-0.0007779960465013703
2007-12-10,0.004545501375289468
2007-12-11,-0.014826751616427021
2007-12-12,0.002884675245283349
2007-12-13,-0.0019082359275397853
2007-12-14,-0.006624511997401948
2007-12-17,-0.006248881281568652
2007-12-18,-0.0028200518367632772
2007-12-19,-0.0026573686269526294
2007-12-20,0.0007847893198644545
2007-12-21,0.008265878134519556
2007-12-24,0.005958026263940133
2007-12-26,0.0018051816985781527
2007-12-27,-0.012056833645600808
2007-12-28,-0.002597526835272908
2007-12-31,-0.007875534132443279
2008-01-02,-0.008872440186997857
2008-01-03,-0.0004832038261345373
2008-01-04,-0.024506314115722017
2008-01-07,-0.0008494180925145978
2008-01-08,-0.016148263968309817
2008-01-09,0.010510699811905777
2008-01-10,0.006553625703911603
2008-01-11,-0.008068265718604084
2008-01-14,0.008062890808157697
2008-01-15,-0.022013361575440094
2008-01-16,-0.008612718828789778
2008-01-17,-0.02591569551947137
2008-01-18,-0.010268049162174941
2008-01-22,-0.010146495421439972
2008-01-23,0.02402061965488045
2008-01-24,0.008441922423999104
2008-01-25,-0.01444574559370393
2008-01-28,0.016536316105632443
2008-01-29,0.004954351660519274
2008-01-30,-0.007357967180003477
2008-01-31,0.01823468594279265
2008-02-01,0.015599864498824667
2008-02-04,-0.016510326949857695
2008-02-05,-0.009218662564407745
2008-02-06,-0.0018976681238607749
2008-02-07,-0.0017609929374416394
2008-02-08,-0.0022815784296491117
2008-02-11,-0.0027695956533451537
2008-02-12,0.0005131573433503449
2008-02-13,0.002571918052254228
2008-02-14,-0.005069723049358009
2008-02-15,-0.0018288691883173982
2008-02-19,-0.0021040298174853887
2008-02-20,-3.7215065117471476e-05
2008-02-21,-0.0060562035811259525
2008-02-22,0.002327644163420741
2008-02-25,0.00879337214782269
2008-02-26,0.007220345134207814
2008-02-27,-0.00102722912722323
2008-02-28,-0.00976926142192721
2008-02-29,-0.02228423850577894
2008-03-03,-0.002879006179353883
2008-03-04,-0.0034342826886288765
2008-03-05,0.0015496005000070895
2008-03-06,-0.0062608662332827875
2008-03-07,-0.004705946629797524
2008-03-10,-0.0027265781092366357
2008-03-11,0.007447664239828174
2008-03-12,-0.0042915513769254295
2008-03-13,0.000209747214192031
2008-03-14,-0.0010939012800348664
2008-03-17,-0.004906142469020793
2008-03-18,0.009441227398707876
2008-03-19,-0.010008400129780088
2008-03-20,0.004890594396440684
2008-03-24,0.012135505758182888
2008-03-25,0.0004313565270114828
2008-03-26,-0.011324301769236357
2008-03-27,-0.0034710410487202715
2008-03-28,-0.008955946289983682
2008-03-31,0.0010939017230344622
2008-04-01,0.0350036655505295
2008-04-02,0.0006585829207182605
2008-04-03,0.0024873387510393474
2008-04-04,-0.001094634896795621
2008-04-07,0.0005113219225050258
2008-04-08,-0.0010223546796404026
2008-04-09,-0.007235476715778066
2008-04-10,0.0013990407205675126
2008-04-11,-0.0194091459500918
2008-04-14,-0.003373936280303469
2008-04-15,0.0023323299108242157
2008-04-16,0.027094162528177534
2008-04-17,0.0014615909081350242
2008-04-18,0.010433497690189864
2008-04-21,0.0005057589247090544
2008-04-22,-0.004403055729138128
2008-04-23,-0.0015943819401667003
2008-04-24,0.0043566865809285815
2008-04-25,0.00925366047354359
2008-04-28,0.0002150038644959107
2008-04-29,-0.00393900729413299
2008-04-30,-0.005896317420656327
2008-05-01,0.02019828178713668
2008-05-02,-0.011723168814772022
2008-05-05,-0.004012104844962084
2008-05-06,0.00591790554864992
2008-05-07,-0.012193019739536771
2008-05-08,-0.002812046222163734
2008-05-09,-0.0018274691746693458
2008-05-12,0.005191308860081535
2008-05-13,-6.935689405674185e-05
2008-05-14,0.0013765615401836696
2008-05-15,0.011357163879844465
2008-05-16,0.0008566053158430545
2008-05-19,0.0026237670641349924
2008-05-20,-0.008048335914053574
2008-05-21,-0.016354813559485797
2008-05-22,-0.00017993040547974285
2008-05-23,-0.012236136893079598
2008-05-27,0.005884162359240947
2008-05-28,0.0045958821855431225
2008-05-29,0.005024902926325072
2008-05-30,0.0025001973739450776
2008-06-02,-0.010818761378537097
2008-06-03,0.0194987000314519
2008-06-04,0.0012427367796461542
2008-06-05,-0.008940192678692328
2008-06-06,0.0267185752439286
2008-06-09,-0.00990598775278737
2008-06-10,0.0015372778836386207
2008-06-11,0.017040229159709604
2008-06-12,-0.010448401719774864
2008-06-13,-0.02216069755964864
2008-06-16,-0.008064874074795123
2008-06-17,0.001353653026589666
2008-06-18,0.010937002013677869
2008-06-19,-0.006816761320613466
2008-06-20,0.026053830613725543
2008-06-23,-0.008715229436751152
2008-06-24,-0.0002149207828262658
2008-06-25,-0.016694045762116326
2008-06-26,0.0774670975628329
2008-06-27,0.01482157515327967
2008-06-30,-0.014615177085674086
2008-07-01,-0.011387899642341558
2008-07-02,0.06404960125130398
2008-07-03,0.0010306306245728702
2008-07-07,-0.010213242302662073
2008-07-08,0.017757342642986895
2008-07-09,-0.019255311159697253
2008-07-10,0.0040869400046998905
2008-07-11,-0.011651775761401528
2008-07-14,-0.00904364185355866
2008-07-15,-0.014097341092394688
2008-07-16,0.024547330228784414
2008-07-17,0.010003382029828867
2008-07-18,0.006230067523810945
2008-07-21,0.000555447238573592
2008-07-22,0.01134492534231768
2008-07-23,0.005412161177329455
2008-07-24,-0.02075371981630114
2008-07-25,-0.00023887999672822513
2008-07-28,-0.014663484557877915
2008-07-29,0.021352067129436048
2008-07-30,0.017817503805954704
2008-07-31,-0.013226502976445675
2008-08-01,-0.005770499931372573
2008-08-04,-0.0015506300159852842
2008-08-05,0.00797294429289382
2008-08-06,0.0015854756318259104
2008-08-07,-0.009541317203512771
2008-08-08,0.011992943852574826
2008-08-11,0.0076025192857291654
2008-08-12,-0.008894839943433343
2008-08-13,-0.005145546172393694
2008-08-14,0.005277392788609612
2008-08-15,0.003974667482856203
2008-08-18,-0.012913658521225252
2008-08-19,-0.009690758526300185
2008-08-20,0.0031022371111742216
2008-08-21,0.0011033707918957298
2008-08-22,0.013879063974766974
2008-08-25,-0.020177606074572252
2008-08-26,0.0027728761660837926
2008-08-27,0.009714646482097451
2008-08-28,0.012127100731489714
2008-08-29,-0.010753625422115266
2008-09-02,-0.00669910877919366
2008-09-03,0.00511486778493377
2008-09-04,0.008645519242482053
2008-09-05,-0.0056540346609336555
2008-09-08,-0.005679731613479979
2008-09-09,0.012229129516156276
2008-09-10,-0.006331262890166766
2008-09-11,-0.004865705928629827
2008-09-12,0.001899028821617607
2008-09-15,0.03610240283427682
2008-09-16,-0.018204822158946594
2008-09-17,0.05918713907617203
2008-09-18,-0.03835433800886309
2008-09-19,-0.025583632281792307
2008-09-22,0.00461301452104038
2008-09-23,0.021551112648462455
2008-09-24,-0.007904155145614789
2008-09-25,-0.02268710093777601
2008-09-26,-0.0013824127397604428
2008-09-29,0.13612391742443003
2008-09-30,-0.06980833379413742
2008-10-01,-0.0025589734874293703
2008-10-02,0.07465513210401066
2008-10-03,-0.013500247703615464
2008-10-06,-0.050933981586035126
2008-10-07,-0.04478581592019615
2008-10-08,-0.025192516329575976
2008-10-09,-0.06983881014070858
2008-10-10,-0.024255587331123873
2008-10-13,0.1451972707285314
2008-10-14,-0.01479953860164085
2008-10-15,-0.09844812814493165
2008-10-16,0.04165765703293767
2008-10-17,-0.005972137446985215
2008-10-20,0.06007938968879789
2008-10-21,-0.029855390752307476
2008-10-22,-0.05445450347497449
2008-10-23,0.011584982519687204
2008-10-24,-0.05071467671932972
2008-10-27,-0.03550115430298828
2008-10-28,0.11685602058154232
2008-10-29,-0.007253382085081972
2008-10-30,0.03459427715388386
2008-10-31,0.005503720025946235
2008-11-03,0.002403517300464625
2008-11-04,0.023414688834440305
2008-11-05,-0.03398379431388401
2008-11-06,-0.04112033584308976
2008-11-07,0.02223190566018177
2008-11-10,-0.01036057067781316
2008-11-11,-0.024060664759084614
2008-11-12,-0.031096597879566496
2008-11-13,0.04343203588807168
2008-11-14,-0.03547927264601046
2008-11-17,-0.01046031614365888
2008-11-18,0.012264810300119517
2008-11-19,-0.04286910101472463
2008-11-20,-0.0465993312346456
2008-11-21,0.03235952989340622
2008-11-24,0.04170407028164325
2008-11-25,0.0034010438923000657
2008-11-26,0.024302778574142314
2008-11-28,0.007158470922137203
2008-12-01,-0.05605413967799852
2008-12-02,0.02172728115245321
2008-12-03,0.013394855383911417
2008-12-04,-0.02313327939524945
2008-12-05,0.03083213353159775
2008-12-08,0.03491489364636324
2008-12-09,-0.016483930317393702
2008-12-10,0.006815747320521037
2008-12-11,-0.024082067052474954
2008-12-12,0.01194031533003348
2008-12-15,-0.013934155643275603
2008-12-16,0.047065561259527655
2008-12-17,-0.009686746683758796
2008-12-18,-0.018683302374312927
2008-12-19,-0.004301524528786738
2008-12-22,-0.012813018034862789
2008-12-23,-0.010338116194327451
2008-12-24,0.005803394047724231
2008-12-26,0.005769365856767239
2008-12-29,-0.002868105603648363
2008-12-30,0.023703153394042165
2008-12-31,0.01427426197193804
2009-01-02,0.029653613890337827
2009-01-05,-0.009639730718513406
2009-01-06,0.004759650169532265
2009-01-07,-0.02114109223576096
2009-01-08,0.0017984524884974065
2009-01-09,-0.01626515806356357
2009-01-12,-0.0161371378885351
2009-01-13,-0.001735461691032386
2009-01-14,-0.01469038296174301
2009-01-15,0.0004284166085263503
2009-01-16,-0.0003737304304413068
2009-01-20,-0.022037333402619787
2009-01-21,0.011735274725475392
2009-01-22,-0.007634426313747045
2009-01-23,0.0003817437266171002
2009-01-26,-0.0026910446784639015
2009-01-27,0.0010704346268110964
2009-01-28,0.016901494276001506
2009-01-29,-0.020967544547109133
2009-01-30,-0.005076198251175496
2009-02-02,-0.003505779566308483
2009-02-03,0.01003818420181345
2009-02-04,-0.003877167136031916
2009-02-05,0.011516025125407387
2009-02-06,0.023681630175510608
2009-02-09,0.00016734499579354727
2009-02-10,-0.037570876045711785
2009-02-11,0.002933401383286842
2009-02-12,-0.0017044853707792198
2009-02-13,-0.008430753836141286
2009-02-17,-0.03152307699864352
2009-02-18,-0.002635053177955302
2009-02-19,-0.008771292419586747
2009-02-20,-0.005931078861279209
2009-02-23,-0.02148172715387142
2009-02-24,0.016982008424634557
2009-02-25,-0.005975078920948012
2009-02-26,-0.00948966520103339
2009-02-27,-0.010249695674425692
2009-03-02,-0.01617416311690959
2009-03-03,-0.0024190210226238858
2009-03-04,0.008025088402530186
2009-03-05,-0.04084792456852582
2009-03-06,0.001744759071523161
2009-03-09,-0.01175306379379315
2009-03-10,0.05960940502393197
2009-03-11,0.006512419830278615
2009-03-12,0.039372105399874346
2009-03-13,0.007814140262740521
2009-03-16,-0.00302240721737701
2009-03-17,0.03058277232216855
2009-03-18,0.022384351564020744
2009-03-19,-0.012385896431552412
2009-03-20,-0.021294274683436476
2009-03-23,0.07182917063508976
2009-03-24,-0.019703052792810927
2009-03-25,0.010546053460198213
2009-03-26,0.02038020463337631
2009-03-27,-0.018048421066179654
2009-03-30,-0.03455453902413619
2009-03-31,0.009265334690089944
2009-04-01,0.018878688337615523
2009-04-02,0.019024346017333348
2009-04-03,0.007288353220247162
2009-04-06,-0.007426785319092903
2009-04-07,-0.020953907636983477
2009-04-08,0.008174769668681386
2009-04-09,0.03541552870206842
2009-04-13,-0.0002676601537556591
2009-04-14,-0.016645811806780205
2009-04-15,0.009679059862931338
2009-04-16,0.014075894829269932
2009-04-17,0.006390287805791924
2009-04-20,-0.040758883251679826
2009-04-21,0.01849531514373272
2009-04-22,-0.006068149474499233
2009-04-23,0.009523540148569707
2009-04-24,0.014980674589409814
2009-04-27,-0.009493276002131642
2009-04-28,-0.0031492405430628206
2009-04-29,0.02126733493028482
2009-04-30,0.00034379837483643737
2009-05-01,0.005376523559206686
2009-05-04,0.03401951916379198
2009-05-05,-0.0034109747475422614
2009-05-06,0.01733489492401241
2009-05-07,-0.013891932102522486
2009-05-08,0.0233322909222915
2009-05-11,-0.018714004709663667
2009-05-12,-0.002958613894000539
2009-05-13,-0.02517335385191455
2009-05-14,0.008570057054469782
2009-05-15,-0.008161433071848134
2009-05-18,0.02840671160189312
2009-05-19,-0.0012054086180398604
2009-05-20,-0.0066949062136425486
2009-05-21,-0.01436322544305424
2009-05-22,-0.0021292041595964983
2009-05-26,0.02561185117573106
2009-05-27,-0.017853419620027178
2009-05-28,0.013940237363333718
2009-05-29,0.017708270153150574
2009-06-01,0.02372027090047446
2009-06-02,-0.00658081588734154
2009-06-03,-0.007897967153006943
2009-06-04,0.004992428434914059
2009-06-05,-0.0010045533828868449
2009-06-08,-0.00465276517903185
2009-06-09,0.0020081655299001343
2009-06-10,-0.00236665497063447
2009-06-11,0.0028009085724396768
2009-06-12,0.0018379517309941983
2009-06-15,-0.017715425282058158
2009-06-16,-0.008111562537859432
2009-06-17,-0.0027845119288519063
2009-06-18,0.0025401976476065154
2009-06-19,0.0004057731396590559
2009-06-22,-0.020003891411195025
2009-06-23,-0.001601142399046556
2009-06-24,0.0025461142256510702
2009-06-25,0.015187662430183282
2009-06-26,-0.0029730554886012307
2009-06-29,0.00837835772328023
2009-06-30,-0.008096868246325257
2009-07-01,0.004132624026293682
2009-07-02,-0.02729344861267835
2009-07-06,-0.00011153663679552839
2009-07-07,-0.01937676494792151
2009-07-08,-0.0006809949633110879
2009-07-09,0.0019316024954521005
2009-07-10,-0.002381269734109681
2009-07-13,0.024329058904372758
2009-07-14,0.005660432503990176
2009-07-15,0.02924553128213625
2009-07-16,-0.0016078370317644808
2009-07-17,0.01095478095872715
2009-07-20,0.010623238552380121
2009-07-21,0.0046255648160933305
2009-07-22,-0.00020930453193479526
2009-07-23,0.022082846393971955
2009-07-24,0.004095341331139757
2009-07-27,0.002957589074149558
2009-07-28,-0.004676775389619303
2009-07-29,-0.002452127392469916
2009-07-30,0.01044536135852936
2009-07-31,0.0014192054500838935
2009-08-03,0.016008293343957813
2009-08-04,-0.006277111444861058
2009-08-05,-0.002556665292226332
2009-08-06,-0.0030904134870937796
2009-08-07,0.007795255224137618
2009-08-10,-0.0028085610523752025
2009-08-11,-0.008677984317002311
2009-08-12,0.006727577930626479
2009-08-13,0.005155741304651514
2009-08-14,-0.007133551721484803
2009-08-17,-0.01619441250424298
2009-08-18,0.002538398917252936
2009-08-19,0.005994575443905364
2009-08-20,0.007512546982899323
2009-08-21,0.017940656594859647
2009-08-24,-0.0004870813571459777
2009-08-25,0.0018224356862870969
2009-08-26,4.46080147202922e-05
2009-08-27,0.0021883056195335497
2009-08-28,-0.0002057037829706833
2009-08-31,-0.008904886663492468
2009-09-01,-0.022057592028328285
2009-09-02,-0.0037924704092618233
2009-09-03,0.00831553814240249
2009-09-04,0.014008689791357387
2009-09-08,0.008622255401823375
2009-09-09,0.007674160619558723
2009-09-10,0.010218800645877879
2009-09-11,-0.00019059319125036556
2009-09-14,0.004867656882233451
2009-09-15,0.004179419595462974
2009-09-16,0.015134226958702701
2009-09-17,-0.0014908211968158724
2009-09-18,0.0006376745895591007
2009-09-21,-0.0025300039495798066
2009-09-22,0.0058244029972445155
2009-09-23,-0.008312409280708866
2009-09-24,-0.0110189458885398
2009-09-25,-0.005332774526554118
2009-09-28,0.017903428115242592
2009-09-29,-0.00301011158912301
2009-09-30,-0.003868004210861531
2009-10-01,-0.025300533081862194
2009-10-02,0.019340842345895455
2009-10-05,-0.0018107549009898777
2009-10-06,0.004235668361859762
2009-10-07,-0.000607392852687906
2009-10-08,0.003789062697534646
2009-10-09,0.0028905912601664766
2009-10-12,0.00175302818417282
2009-10-13,-0.0021461089999331236
2009-10-14,0.014944967480688303
2009-10-15,0.002989894254787891
2009-10-16,-0.007360723470995606
2009-10-19,0.007688783401467034
2009-10-20,-0.005313982909724498
2009-10-21,-0.008775135032194833
2009-10-22,0.009855505514127954
2009-10-23,-0.011323182537847327
2009-10-26,-0.010879411566346428
2009-10-27,-0.004623439938677596
2009-10-28,-0.018526001642034898
2009-10-29,0.02102348410123957
2009-10-30,-0.028973248824437064
2009-11-02,0.006850772569533927
2009-11-03,-0.0029735051685236104
2009-11-04,0.00022362006439007867
2009-11-05,0.012403489228141617
2009-11-06,0.0012221282617035035
2009-11-09,0.020191881980144905
2009-11-10,1.1344656689345282e-05
2009-11-11,0.004912420720642
2009-11-12,-0.009713392772007308
2009-11-13,0.004957801272925111
2009-11-16,0.01409716817721027
2009-11-17,0.0011267034841132549
2009-11-18,-0.0006550566589469068
2009-11-19,-0.012977188377654414
2009-11-20,-0.003571504953303969
2009-11-23,0.012642486690260742
2009-11-24,0.0015324444918684667
2009-11-25,0.003513661860057302
2009-11-27,-0.016249963364799457
2009-11-30,0.0033762239691370816
2009-12-01,0.012370011018624564
2009-12-02,-0.00044916452996468514
2009-12-03,-0.007819935643788467
2009-12-04,0.005707256380798942
2009-12-07,-0.0015310932665134613
2009-12-08,-0.011097395625951245
2009-12-09,0.0037406120174616753
2009-12-10,0.0056355030432651
2009-12-11,0.004248483620012067
2009-12-14,0.006839821521932965
2009-12-15,-0.004648738595895208
2009-12-16,0.0015271566668904057
2009-12-17,-0.01201577379054275
2009-12-18,0.005657541192989335
2009-12-21,0.010161977768186503
2009-12-22,0.0035930370616599205
2009-12-23,0.00196900842949721
2009-12-24,0.004734323153419817
2009-12-28,0.0021337443345847973
2009-12-29,-0.0014193465183520715
2009-12-30,-0.0003553863925610523
2009-12-31,-0.009598389626332748
2010-01-04,0.0164721195031452
2010-01-05,-0.009996222462304638
2010-01-06,-0.00012617285969094942
2010-01-07,0.0028315860347863683
2010-01-08,0.0016532026603292155
2010-01-11,0.00021795907339106448
2010-01-12,-0.008016232524828184
2010-01-13,0.006981810422284907
2010-01-14,0.0022535366167832516
2010-01-15,-0.010347396679448548
2010-01-19,0.010974939524807131
2010-01-20,-0.009636754958327786
2010-01-21,-0.014433213347493746
2010-01-22,-0.004853510535527895
2010-01-25,-0.006606903835368416
2010-01-26,-0.004696825875659009
2010-01-27,-0.0005082173898299592
2010-01-28,-0.007077989497796023
2010-01-29,-0.004040810905707665
2010-02-01,-0.0009518220571555318
2010-02-02,0.01133835515691813
2010-02-03,-0.004983366348015444
2010-02-04,-0.0308661809282742
2010-02-05,0.0020666747023476706
2010-02-08,-0.007219018359572282
2010-02-09,0.012560418934217
2010-02-10,-0.001958773463043628
2010-02-11,0.0104665306030427
2010-02-12,-0.0008325445306380796
2010-02-16,0.015734917829614004
2010-02-17,0.004738558575326568
2010-02-18,0.005895193631933582
2010-02-19,0.0020738032079750113
2010-02-22,0.00017973356017408904
2010-02-23,-0.012144457742705672
2010-02-24,0.00919765009661555
2010-02-25,-0.0013538314509362603
2010-02-26,0.0006326629790731619
2010-03-01,0.009896945925042425
2010-03-02,-0.005890477337103513
2010-03-03,-0.0005206812327478525
2010-03-04,0.0012180865517588855
2010-03-05,0.009238407988603453
2010-03-08,-0.0003114572585018412
2010-03-09,0.0013407954386244988
2010-03-10,0.004189262753224599
2010-03-11,0.0035514246309925513
2010-03-12,-0.00015194463330459564
2010-03-15,6.735959177490975e-05
2010-03-16,0.007771288597381918
2010-03-17,0.0058597003092568985
2010-03-18,-0.0005212195845549993
2010-03-19,-0.005057662803768199
2010-03-22,0.0053334331448440155
2010-03-23,0.007032915636761416
2010-03-24,-0.0048550306501064485
2010-03-25,-0.0016262414532007797
2010-03-26,-0.0005998175582138781
2010-03-29,0.006347358097233932
2010-03-30,0.0006820019773632335
2010-03-31,-0.003406992073564097
2010-04-01,0.006349908908734439
2010-04-05,-0.004560785485627834
2010-04-06,-9.882951509170316e-05
2010-04-07,-0.003955450529556095
2010-04-08,0.0017114388064631406
2010-04-09,0.004508203643474233
2010-04-12,0.00033156733019430577
2010-04-13,0.0007756794250476856
2010-04-14,0.010575893940383574
2010-04-15,0.0007893052058672175
2010-04-16,-0.01444297621172607
2010-04-19,0.0024333167367227987
2010-04-20,0.008638053172404733
2010-04-21,-0.0018186294762214796
2010-04-22,0.002967962374674968
2010-04-23,0.006521045525114057
2010-04-26,-0.0037770636260111793
2010-04-27,-0.023618994374357726
2010-04-28,0.007564023822924464
2010-04-29,0.012397014594675777
2010-04-30,-0.01696181679020725
2010-05-03,0.012474224048294015
2010-05-04,-0.013146443130104933
2010-05-05,0.000506880839979307
2010-05-06,0.025797689568732324
2010-05-07,0.027702245729075786
2010-05-10,-0.044822449085544905
2010-05-11,-0.003040984473394982
2010-05-12,-0.005560787869221075
2010-05-13,-0.001186107783796046
2010-05-14,0.011027048377269168
2010-05-17,-0.007097824002092683
2010-05-18,0.008346232186192855
2010-05-19,0.0040395554369032655
2010-05-20,0.045163159395802024
2010-05-21,-0.023090336257506325
2010-05-24,0.0008889189528471526
2010-05-25,-0.007663864973632969
2010-05-26,0.005538871037325539
2010-05-27,-0.04221326312272075
2010-05-28,0.013218953457332459
2010-06-01,0.01877165011538913
2010-06-02,-0.04271847321079346
2010-06-03,0.003443895535753194
2010-06-04,-0.03513672804847667
2010-06-07,-0.012450422194082544
2010-06-08,0.010711421736486537
2010-06-09,-0.005345741000982729
2010-06-10,0.029231603117602534
2010-06-11,0.004855910237855587
2010-06-14,-0.0015499837742745104
2010-06-15,0.022736962592589727
2010-06-16,-0.0003568804107015877
2010-06-17,0.0016076263999553753
2010-06-18,0.001083921331225035
2010-06-21,-0.0028634455519102042
2010-06-22,-0.016516049746966854
2010-06-23,-0.0031024446686928053
2010-06-24,-0.01657071613174943
2010-06-25,0.004189042214912897
2010-06-28,-0.0031518070451196367
2010-06-29,-0.030875362299174758
2010-06-30,-0.00950008527450319
2010-07-01,-0.004944190346556796
2010-07-02,-0.007618094885710703
2010-07-06,0.0019533874911898683
2010-07-07,0.022774737384169484
2010-07-08,0.008106830082631529
2010-07-09,0.006536238779120792
2010-07-12,7.300750268261823e-05
2010-07-13,0.014615070688452166
2010-07-14,-0.00012607432949311115
2010-07-15,0.0002271273817561358
2010-07-16,-0.026676069724469054
2010-07-19,0.005170162092222388
2010-07-20,0.01075974819423655
2010-07-21,-0.012855085496802691
2010-07-22,0.02212102140225109
2010-07-23,0.00866700599623782
2010-07-26,0.010414515304445305
2010-07-27,-8.982916329177525e-05
2010-07-28,-0.006454192655947098
2010-07-29,-0.004872478459952176
2010-07-30,-0.0001811756313998547
2010-08-02,0.022093324043317875
2010-08-03,-0.013887412243984843
2010-08-04,0.003777681137074421
2010-08-05,-0.001382053328281683
2010-08-06,-0.003952838519762477
2010-08-09,0.0032454506198031042
2010-08-10,-0.004493868917560442
2010-08-11,-0.013284407956732741
2010-08-12,-0.0029048895418783923
2010-08-13,-0.001229109981527426
2010-08-16,-0.00419498486361816
2010-08-17,0.0019505262554183611
2010-08-18,0.00041694877830975485
2010-08-19,-0.007021540507795004
2010-08-20,-0.004039112967299962
2010-08-23,-0.005912224734104094
2010-08-24,-0.0014829038617332757
2010-08-25,-0.0033536208769761548
2010-08-26,-0.0016325388077008188
2010-08-27,-0.003467509366020284
2010-08-30,-0.010529209823300573
2010-08-31,-0.006171672639514975
2010-09-01,0.02177140776761251
2010-09-02,0.00931252576756636
2010-09-03,0.012971392810673388
2010-09-07,-0.011272168045849296
2010-09-08,0.00702289701017178
2010-09-09,0.004618902672656855
2010-09-10,0.005049037878289697
2010-09-13,0.011122795950884834
2010-09-14,-0.000621073791548965
2010-09-15,0.0038176284991067178
2010-09-16,-0.00026577501508762147
2010-09-17,0.0003736718136098105
2010-09-20,0.015290271908888542
2010-09-21,-0.0020140891817121975
2010-09-22,-0.004912435835650819
2010-09-23,-0.008111845631715409
2010-09-24,0.02062226958923441
2010-09-27,-0.004790471934430163
2010-09-28,0.0035005573919684174
2010-09-29,-0.0017439973294216538
2010-09-30,-0.002970204012883504
2010-10-01,0.0037178746084456397
2010-10-04,-0.008564055224958478
2010-10-05,0.008803489218029778
2010-10-06,-0.0008808277797566863
2010-10-07,-0.0013287009262442399
2010-10-08,0.0031777844671936153
2010-10-11,-0.0012260762096922193
2010-10-12,0.0025994534154787914
2010-10-13,0.007226664968770027
2010-10-14,-0.0036640496682424552
2010-10-15,0.001633285758549421
2010-10-18,0.004613237030524652
2010-10-19,-0.012767833417492146
2010-10-20,0.009401782048127688
2010-10-21,0.0021506120341633597
2010-10-22,0.0018433305568703684
2010-10-25,0.00295138633751302
2010-10-26,0.00016865207752040322
2010-10-27,-0.0028641323058253574
2010-10-28,0.00016900215868176724
2010-10-29,0.0007598280299589964
2010-11-01,-0.0001495187764699552
2010-11-02,0.00367009507028113
2010-11-03,-0.002068044325134493
2010-11-04,0.013093876558814391
2010-11-05,0.0028771742124352787
2010-11-08,-0.0022854896003341478
2010-11-09,-0.006109108136339796
2010-11-10,0.0029225798082870976
2010-11-11,-0.003529567870748775
2010-11-12,-0.008668302559974398
2010-11-15,-0.003014639995980817
2010-11-16,-0.008899846746035979
2010-11-17,-0.001785116529658497
2010-11-18,0.008237404573167925
2010-11-19,0.002014892899657209
2010-11-22,-0.00123829806522755
2010-11-23,-0.013002028037815796
2010-11-24,0.013147099326187206
2010-11-26,-0.011298764859036537
2010-11-29,0.0024735963683770327
2010-11-30,-0.005625053736231234
2010-12-01,0.02126800014749842
2010-12-02,0.012808465782623735
2010-12-03,0.0026924034338751124
2010-12-06,-0.001057584513058707
2010-12-07,0.000570197793363425
2010-12-08,0.0036635152301289775
2010-12-09,0.0038940198711923113
2010-12-10,0.005817640000501445
2010-12-13,0.0006422338207197065
2010-12-14,0.0008832734262058661
2010-12-15,-0.004571490012927115
2010-12-16,0.005801456239991065
2010-12-17,0.0010709461663629405
2010-12-20,0.002413524058895389
2010-12-21,0.0063402625824970915
2010-12-22,0.003110178785105555
2010-12-23,-0.0014308999133696432
2010-12-27,0.0003981703640711931
2010-12-28,0.0014326991661302024
2010-12-29,0.0007150458588693898
2010-12-30,-0.0015884746964340835
2010-12-31,0.0002386901691551202
2011-01-03,0.009850363016878695
2011-01-04,-0.008401109010313098
2011-01-05,0.0014929644629484537
2011-01-06,-0.0010047011561706669
2011-01-07,-0.0023329476361874696
2011-01-10,-0.0019142576700098587
2011-01-11,0.000683079305577428
2011-01-12,0.006099778785239776
2011-01-13,-0.0015801323756161072
2011-01-14,0.005848677512766239
2011-01-18,0.0013033089956461202
2011-01-19,-0.009042853470356672
2011-01-20,-0.0011812470581441872
2011-01-21,0.0019785997746253267
2011-01-24,0.004876517950539153
2011-01-25,0.000489184632849129
2011-01-26,0.0038287163370956073
2011-01-27,0.002463415528359826
2011-01-28,-0.01738932817939021
2011-01-31,0.007441411890267674
2011-02-01,0.016008408054493432
2011-02-02,-0.0019123519052659521
2011-02-03,0.0022226615434604025
2011-02-04,0.0028291265954227818
2011-02-07,0.006252265715291916
2011-02-08,0.00454635136727477
2011-02-09,-0.002262660914344017
2011-02-10,0.0003780158933435196
2011-02-11,0.005969969889874971
2011-02-14,0.002404351861050813
2011-02-15,-0.0031478185283969617
2011-02-16,0.006315366401605571
2011-02-17,0.0029882801351952537
2011-02-18,0.0020855040997611596
2011-02-22,-0.020069499320053752
2011-02-23,-0.006144190432485153
2011-02-24,-0.000687333451536376
2011-02-25,0.010692622072391744
2011-02-28,0.006196819422140676
2011-03-01,-0.017160804216770128
2011-03-02,0.023960524805035584
2011-03-03,-0.006704210711510564
2011-03-04,-0.0015828869451009345
2011-03-07,0.0012950269573248595
2011-03-08,-0.003139517642365147
2011-03-09,-0.0003537599475447995
2011-03-10,0.005691897179566974
2011-03-11,-0.009633355538559853
2011-03-14,-0.000814463609376823
2011-03-15,0.01469675281617356
2011-03-16,0.035469152409067575
2011-03-17,-0.027651259137459007
2011-03-18,-0.01255690597977448
2011-03-21,-0.023251831848337602
2011-03-22,-0.0033209326437054956
2011-03-23,-0.003595068533849724
2011-03-24,0.0021025223824840573
2011-03-25,0.0015091928333370271
2011-03-28,-0.003514410707626225
2011-03-29,0.0063464467124238816
2011-03-30,0.00689612402822127
2011-03-31,-0.0013558685796268215
2011-04-01,0.00373552744062278
2011-04-04,-0.006142826105967793
2011-04-05,-0.001567124248057233
2011-04-06,7.591988524212291e-05
2011-04-07,-0.001708701770553267
2011-04-08,-0.0007847823729206431
2011-04-11,-0.006962221729866312
2011-04-12,-0.0031735551114747546
2011-04-13,-0.0015727719821517245
2011-04-14,-0.0020712001373786233
2011-04-15,-0.00013762869949394615
2011-04-18,-0.006437644910152864
2011-04-19,0.00038106125082465036
2011-04-20,0.010637472695064695
2011-04-21,0.004785966052910631
2011-04-25,-0.0011383111390604107
2011-04-26,0.008601319774411099
2011-04-27,0.00652872277880862
2011-04-28,0.0032430832738632137
2011-04-29,0.002351454985233481
2011-05-02,-0.002027397979419083
2011-05-03,0.01253106962731158
2011-05-04,0.00487272438031645
2011-05-05,0.01658982140026805
2011-05-06,-0.006341193601768571
2011-05-09,-0.018938319769139803
2011-05-10,-0.011202170093956607
2011-05-11,0.007208827100314948
2011-05-12,-0.009039966198074978
2011-05-13,0.007391388500800403
2011-05-16,0.004882288985739893
2011-05-17,-0.0071783667222911456
2011-05-18,-0.014515374023034492
2011-05-19,-0.004490833345435514
2011-05-20,0.006682495425272935
2011-05-23,0.004143124534973931
2011-05-24,-0.005773359351309581
2011-05-25,-0.01125907318610661
2011-05-26,-0.008362983742254972
2011-05-27,-0.00184976998698876
2011-05-31,0.006070496715118757
2011-06-01,-0.0224612311828605
2011-06-02,-0.0010616355758743534
2011-06-03,-0.009944768714730379
2011-06-06,-0.010580920755574263
2011-06-07,-0.0006198207409101597
2011-06-08,-0.004187545952232474
2011-06-09,0.00763109433070519
2011-06-10,-0.013910179135340872
2011-06-13,0.0007835194756029562
2011-06-14,0.012685892306523394
2011-06-15,-0.01778535926467395
2011-06-16,0.002204580097477482
2011-06-17,0.002983998765371698
2011-06-20,0.005116235503986433
2011-06-21,0.013703623467145043
2011-06-22,-0.006025166993153475
2011-06-23,-0.0028755158782177714
2011-06-24,-0.011613586254530905
2011-06-27,0.008911078546945506
2011-06-28,0.013053212175937912
2011-06-29,0.008563905018062146
2011-06-30,0.009562806441508531
2011-07-01,0.014287547976309385
2011-07-05,-0.01374417687627105
2011-07-06,0.0006893409739991739
2011-07-07,0.0068459997032557125
2011-07-08,-0.006117001457847299
2011-07-11,-0.007710982009528643
2011-07-12,0.002294245838853015
2011-07-13,-0.0011965530348872506
2011-07-14,0.00032180206066701345
2011-07-15,-0.004906680986016092
2011-07-18,-0.00392475136092473
2011-07-19,0.00267553547233766
2011-07-20,-0.0013935547302634495
2011-07-21,0.011643496336258434
2011-07-22,0.0005669128324879685
2011-07-25,-0.005631739264653548
2011-07-26,-0.0037466830685671496
2011-07-27,-0.020154553490168335
2011-07-28,-0.0032216815038465987
2011-07-29,-0.006863771397360664
2011-08-01,-0.004740471070404759
2011-08-02,-0.009490590106602678
2011-08-03,-0.0021987158083298748
2011-08-04,0.015188545804635627
2011-08-05,-0.00018803398581256916
2011-08-08,0.04722427254391798
2011-08-09,-0.0338934114923265
2011-08-10,0.029233149574638573
2011-08-11,-0.020951868191432604
2011-08-12,-0.007489685399886092
2011-08-15,-0.016072958270757623
2011-08-16,0.002016114028707104
2011-08-17,-0.00356291030929893
2011-08-18,0.03194759420223556
2011-08-19,0.007699499492845794
2011-08-22,-0.004115803987423995
2011-08-23,-0.023947170490804894
2011-08-24,-0.00968580025796844
2011-08-25,0.010155072004778859
2011-08-26,-0.013148234374314886
2011-08-29,-0.025310397800132875
2011-08-30,-0.005896206641081205
2011-08-31,-0.011256986275780777
2011-09-01,-0.010960719255794784
2011-09-02,-0.006906793046282864
2011-09-06,-0.0023863943908679058
2011-09-07,0.008477629973784664
2011-09-08,-0.0053953194154940836
2011-09-09,-0.00705359703531468
2011-09-12,-0.0008330315493794444
2011-09-13,0.0007966085330926194
2011-09-14,0.0033515464632452915
2011-09-15,0.007267665217918934
2011-09-16,0.002647492511100525
2011-09-19,-0.008555857900466387
2011-09-20,-0.0017641046732528656
2011-09-21,-0.014576588968700501
2011-09-22,-0.007763870570560792
2011-09-23,-0.0008808954089934385
2011-09-26,-0.0013016298267743386
2011-09-27,0.002250726284845352
2011-09-28,-0.010845556970083029
2011-09-29,-0.002667724316169953
2011-09-30,-0.00503371067200142
2011-10-03,-0.02894551360942776
2011-10-04,0.021468794866064407
2011-10-05,0.011880459258366591
2011-10-06,0.013758643600933613
2011-10-07,-0.006114622746509357
2011-10-10,0.027524336087144607
2011-10-11,0.0006854606356215857
2011-10-12,0.007772236816511108
2011-10-13,-0.002154818035022508
2011-10-14,0.016276252635615513
2011-10-17,-0.018331378953343917
2011-10-18,0.018762481303077675
2011-10-19,-0.011445018066008146
2011-10-20,0.004183109755807262
2011-10-21,0.01854898884898467
2011-10-24,0.012191462937485685
2011-10-25,-0.01942548804261415
2011-10-26,0.01013801785893152
2011-10-27,0.0348339295652275
2011-10-28,-0.00023340289973114577
2011-10-31,-0.02410542926657366
2011-11-01,-0.027888642604268096
2011-11-02,0.016311320242714155
2011-11-03,0.018227332877592373
2011-11-04,-0.0060989623091081135
2011-11-07,0.006216010683155471
2011-11-08,0.01283031964107928
2011-11-09,-0.036909101180095716
2011-11-10,0.009418251119287957
2011-11-11,0.018822753950381577
2011-11-14,-0.00947406668618811
2011-11-15,0.004941809402655206
2011-11-16,-0.01586319203943387
2011-11-17,-0.015876847686119522
2011-11-18,-0.0010644721474989405
2011-11-21,-0.01901936984605146
2011-11-22,-0.003928167165299312
2011-11-23,-0.02206546751721805
2011-11-25,-0.0018877885785314463
2011-11-28,0.02896720123793739
2011-11-29,0.002839888676297697
2011-11-30,0.0411498148157905
2011-12-01,-0.000647674730389624
2011-12-02,-0.0015617096320040486
2011-12-05,0.0053319719178315465
2011-12-06,-8.647798181485593e-05
2011-12-07,0.002544614875925835
2011-12-08,-0.011966172657032486
2011-12-09,0.0046419319254911145
2011-12-12,-0.012772146782040483
2011-12-13,-0.006789061201532094
2011-12-14,-0.005620775178407053
2011-12-15,-0.0003660090096366444
2011-12-16,-0.001073754116796412
2011-12-19,-0.0077716878680753575
2011-12-20,0.017564364584760704
2011-12-21,0.00045530528798587997
2011-12-22,0.007847352440318759
2011-12-23,0.008520062559465032
2011-12-27,0.0006651589880304501
2011-12-28,-0.013120814402481203
2011-12-29,0.010329336526284368
2011-12-30,-0.004915724627616633
2012-01-03,0.015448187925672043
2012-01-04,-0.008032905612011644
2012-01-05,0.0004237751880762802
2012-01-06,-0.0034056943666635727
2012-01-09,0.001092491506418019
2012-01-10,0.0064842239187348025
2012-01-11,0.0004135691482571489
2012-01-12,0.0014904436316500514
2012-01-13,-0.00460459429177705
2012-01-17,0.0029424672911749603
2012-01-18,0.009848980757936101
2012-01-19,0.004960902172683849
2012-01-20,0.0035972989571144446
2012-01-23,-0.0025988413108915566
2012-01-24,-0.0011432816691689443
2012-01-25,0.008359256686437054
2012-01-26,-0.005129299113298916
2012-01-27,-0.00045553861800842635
2012-01-30,-0.003414139246067357
2012-01-31,-0.0003804843682670811
2012-02-01,0.008757235597913767
2012-02-02,0.001585579404028481
2012-02-03,0.014017960794443285
2012-02-06,-0.0006683701090174354
2012-02-07,0.0025283872954400266
2012-02-08,0.0029677356464794524
2012-02-09,0.001257673595856934
2012-02-10,-0.007387477163743883
2012-02-13,0.007442458153394282
2012-02-14,-0.0012560938398006316
2012-02-15,-0.004660234909079075
2012-02-16,0.011073062993029348
2012-02-17,0.00264655040063122
2012-02-21,0.00043935152779961406
2012-02-22,-0.0032238543055603808
2012-02-23,0.004410842790055103
2012-02-24,0.0021957363471918345
2012-02-27,0.0016799487201479835
2012-02-28,0.002915881469744086
2012-02-29,-0.003925534140060916
2012-03-01,0.0046940045927326155
2012-03-02,-0.008669701481299013
2012-03-05,-0.001961701840643002
2012-03-06,0.007531808632204717
2012-03-07,-0.008123192929209627
2012-03-08,-0.0012924343560246632
2012-03-09,-0.0004712619130312146
2012-03-12,-0.0038243552510089113
2012-03-13,0.014947855659994255
2012-03-14,-0.0009966457579455104
2012-03-15,0.005486864742966905
2012-03-16,0.0012044221817407886
2012-03-19,0.0038523739238833514
2012-03-20,-0.0029041932705704035
2012-03-21,-0.0016531726486187087
2012-03-22,-0.007189712991655059
2012-03-23,0.0032092833143163315
2012-03-26,0.014031904121139924
2012-03-27,-0.003106814624851909
2012-03-28,-0.004958290073816583
2012-03-29,-0.0017089792091086035
2012-03-30,0.004136586201167081
2012-04-02,0.0068267506590524735
2012-04-03,-0.00710285969418978
2012-04-04,0.002460604838153019
2012-04-05,4.7513826997457064e-05
2012-04-09,0.010959062591213809
2012-04-10,0.031239006652540195
2012-04-11,-0.017857239970454714
2012-04-12,-0.029517803401451125
2012-04-13,0.020551574250840657
2012-04-16,-0.008324272877058263
2012-04-17,-0.016881262475915405
2012-04-18,-0.000859904632231592
2012-04-19,-0.0010285029103939544
2012-04-20,-0.00705274060999584
2012-04-23,0.0010968883267992082
2012-04-24,-0.00873924706715206
2012-04-25,-0.0017298137276956175
2012-04-26,0.004354176936171763
2012-04-27,0.0012085410639138777
2012-04-30,-0.003971400161317711
2012-05-01,0.006214316747380409
2012-05-02,-0.0029842999069458445
2012-05-03,-0.0076255732070357185
2012-05-04,-0.01615767938084023
2012-05-07,0.0007297954217719838
2012-05-08,-0.004011660794621674
2012-05-09,-0.005931712310341952
2012-05-10,0.0020626975938531356
2012-05-11,-0.003014538690689017
2012-05-14,-0.011060942791893957
2012-05-15,-0.005741454125524292
2012-05-16,-0.0038248084901039148
2012-05-17,-0.014831022008892525
2012-05-18,-0.008558851226778907
2012-05-21,0.01718838159664604
2012-05-22,0.001742669076759018
2012-05-23,0.000529612442911942
2012-05-24,0.0019655732335508436
2012-05-25,-0.0032447163252418143
2012-05-29,0.012112224592475851
2012-05-30,-0.014510378565380733
2012-05-31,-0.002200916845859213
2012-06-01,-0.025664389311429447
2012-06-04,0.01896492764666854
2012-06-05,-0.0026720565257417686
2012-06-06,0.0048779030533437386
2012-06-07,-0.0008900138994245724
2012-06-08,0.004466059840998954
2012-06-11,-0.00785204103577011
2012-06-12,0.005658547954918583
2012-06-13,-0.0031396954000114997
2012-06-14,0.005267742562681406
2012-06-15,0.008504308188335809
2012-06-18,0.00091206152682797
2012-06-19,0.009552742843251348
2012-06-20,-0.001646728469501197
2012-06-21,-0.022063601812066912
2012-06-22,0.00734360595695495
2012-06-25,-0.015996302820932264
2012-06-26,0.004953393196344679
2012-06-27,0.009012687129324768
2012-06-28,-0.00285377861446521
2012-06-29,0.024926525002892403
2012-07-02,0.002525012675251404
2012-07-03,-0.0017241103266856291
2012-07-05,-0.0011306942707461744
2012-07-06,-0.004898438893946449
2012-07-09,-0.0005658723114789899
2012-07-10,0.001494779987883556
2012-07-11,-0.00461170366538208
2012-07-12,0.0007375557038562129
2012-07-13,-0.00442880374581749
2012-07-16,-0.0032214305516223302
2012-07-17,0.002104654077626226
2012-07-18,0.004937883063549954
2012-07-19,0.0016441940436441327
2012-07-20,-0.007869410786358192
2012-07-23,-0.007391134588960238
2012-07-24,-0.002848675580554224
2012-07-25,-0.003717291752220542
2012-07-26,0.010229648255718846
2012-07-27,0.017980707981578446
2012-07-30,-4.395763126078678e-06
2012-07-31,-0.006994371532104883
2012-08-01,-0.0008716077937134224
2012-08-02,-0.006904504106068687
2012-08-03,0.019833016520739433
2012-08-06,0.0019374095809214786
2012-08-07,0.005013828102935491
2012-08-08,0.0012116258127385926
2012-08-09,0.0008540144216622192
2012-08-10,0.0016355968520778141
2012-08-13,-0.0004966321763643089
2012-08-14,0.0001416495385886396
2012-08-15,0.0011367665423918094
2012-08-16,0.0073787292691482875
2012-08-17,0.0013376704353253999
2012-08-20,7.066971976255054e-05
2012-08-21,-0.0030242860913074487
2012-08-22,0.00042335329292009227
2012-08-23,-0.00817940059611999
2012-08-24,0.006042723933595839
2012-08-27,0.00021205063480467246
2012-08-28,-0.000989107856050775
2012-08-29,0.0007778715760717869
2012-08-30,-0.007207796974680103
2012-08-31,0.004769256865521321
2012-09-04,-0.0014089459546496887
2012-09-05,0.0005343750014706495
2012-09-06,0.003995944688548549
2012-09-07,0.0013815723778058666
2012-09-10,-0.003372638136628893
2012-09-11,0.0018921153826406117
2012-09-12,0.0018412724391722657
2012-09-13,0.01342674391815817
2012-09-14,0.0043790519103906
2012-09-17,-0.003442614490000871
2012-09-18,-0.0008564445186958108
2012-09-19,0.0005200286604585121
2012-09-20,6.250548279508895e-05
2012-09-21,-0.00042522801983745626
2012-09-24,-0.0015167828789778037
2012-09-25,-0.01062166994915381
2012-09-26,-0.005571127619465068
2012-09-27,0.009349053339461188
2012-09-28,-0.004630960377623316
2012-10-01,0.002637668309094613
2012-10-02,0.0010392354628642572
2012-10-03,0.0040828602760046755
2012-10-04,0.00716806560854244
2012-10-05,6.799708334215282e-05
2012-10-08,-0.0034210733990190922
2012-10-09,-0.00988776811868397
2012-10-10,-0.006380189829618854
2012-10-11,0.0005591865655310002
2012-10-12,-0.003278736762425849
2012-10-15,0.008327944688466316
2012-10-16,0.010133092232634588
2012-10-17,0.00453511965549569
2012-10-18,-0.002598932076627092
2012-10-19,-0.016664311235407125
2012-10-22,0.0001393350365268553
2012-10-23,-0.013876308504297885
2012-10-24,-0.0028289410175718066
2012-10-25,0.0029075649035874562
2012-10-26,-0.0005656115562074904
2012-10-31,0.0
2012-11-01,0.009982683648008583
2012-11-02,-0.013688060845317764
2012-11-05,0.0005807236780177004
2012-11-06,0.0017924145813496446
2012-11-07,-0.005941233910023682
2012-11-08,-0.0027712529679359502
2012-11-09,-0.001182679315317155
2012-11-12,-0.010678034270340614
2012-11-13,-0.0013749820819395956
2012-11-14,0.00811398541887471
2012-11-15,-0.00045328704739691313
2012-11-16,-0.010425468631009464
2012-11-19,-0.004571515119640497
2012-11-20,-0.0007452915535901803
2012-11-21,0.0007897142022571621
2012-11-23,0.011154281318418204
2012-11-26,-0.0023153568447139682
2012-11-27,-0.005108766846128797
2012-11-28,0.008031351940834442
2012-11-29,0.0046657553023983
2012-11-30,0.00021117667890423956
2012-12-03,-0.0054123146050989454
2012-12-04,0.010004826136191212
2012-12-05,-0.004793492470760626
2012-12-06,-0.0005828261312137428
2012-12-07,-0.0030796370321668548
2012-12-10,-0.0022561803608212817
2012-12-11,0.0014257040668413474
2012-12-12,0.0003749259574128518
2012-12-13,-0.002783139877683284
2012-12-14,-0.0013748840301970634
2012-12-17,0.003003574615026882
2012-12-18,0.008751725000314339
2012-12-19,-0.0058522747872611
2012-12-20,0.00473726911680326
2012-12-21,-0.00812134699961528
2012-12-24,-0.0041493101300254945
2012-12-26,-0.003971330545531925
2012-12-27,-0.0017949177443187603
2012-12-28,-0.007472503535455944
2012-12-31,0.012663531643511524
2013-01-02,0.025630136024345364
2013-01-03,-0.0022593602136466995
2013-01-04,0.004391765902046929
2013-01-07,-0.0027328598485344413
2013-01-08,-0.002877047075859007
2013-01-09,0.00254172563950239
2013-01-10,0.007949847404460142
2013-01-11,-6.793125931336963e-05
2013-01-14,-0.0006800772953474699
2013-01-15,0.0006805401152283341
2013-01-16,-0.00013606771743446266
2013-01-17,0.006460470215505554
2013-01-18,0.002229613878495851
2013-01-22,0.0053933669462360445
2013-01-23,0.0016096138253884895
2013-01-24,0.00026755914793730184
2013-01-25,0.0056224474547657
2013-01-28,-0.0011984988073517888
2013-01-29,0.0039318676015811516
2013-01-30,-0.003916468565715148
2013-01-31,-0.0024651073077399666
2013-02-01,0.009799178172093864
2013-02-04,-0.011986921086809606
2013-02-05,-0.0020858476652086504
2013-02-06,-0.0009749200725846226
2013-02-07,-0.0012228861154576106
2013-02-08,0.002705327095687849
2013-02-11,-0.001144061752180529
2013-02-12,0.0010916092269284135
2013-02-13,0.0007805123376563079
2013-02-14,0.0006366550357795782
2013-02-15,-0.0012743680422880608
2013-02-19,0.007277724703718627
2013-02-20,-0.012195546023830047
2013-02-21,-0.005820004573159057
2013-02-22,0.009256341060898891
2013-02-25,-0.0182754123944184
2013-02-26,0.006067856214750344
2013-02-27,0.01258741563284699
2013-02-28,-0.001974785795676942
2013-03-01,0.0032977376386800015
2013-03-04,0.005325025370797709
2013-03-05,0.00895902088999545
2013-03-06,0.0013611388385899037
2013-03-07,0.001812467786071359
2013-03-08,0.004264081714153489
2013-03-11,0.00379559979401467
2013-03-12,-0.0022429992857671
2013-03-13,0.0014130406409322838
2013-03-14,0.005323993236490132
2013-03-15,-0.0013200266150712459
2013-03-18,-0.005519155097458706
2013-03-19,-0.00232308265909531
2013-03-20,0.006985228366351848
2013-03-21,-0.008542633149208223
2013-03-22,0.008033420516445178
2013-03-25,-0.004177219025822909
2013-03-26,0.008001840928335335
2013-03-27,0.0
2013-03-28,0.0030741286243682886
2013-04-01,-0.00444583827133804
2013-04-02,0.0030567592431624854
2013-04-03,0.017236783161645074
2013-04-04,-0.009172272433851929
2013-04-05,0.002278824198764836
2013-04-08,-0.015064758984514388
2013-04-09,-0.0028614546009589027
2013-04-10,0.0045239075104480326
2013-04-11,0.0022043820112185326
2013-04-12,-0.002530984385001837
2013-04-15,0.01373511369458847
2013-04-16,-0.01891472532363017
2013-04-17,0.0073509943599551104
2013-04-18,0.00993586004052184
2013-04-19,-0.022838713146057323
2013-04-22,-0.003622483593831197
2013-04-23,0.008222491667473065
2013-04-24,0.0005471933614160136
2013-04-25,0.003991259714736759
2013-04-26,-0.00177319853772163
2013-04-29,0.006695195502716716
2013-04-30,0.0023852430145052954
2013-05-01,-0.008767267764888231
2013-05-02,0.009287264732788625
2013-05-03,0.010140773393005453
2013-05-06,0.0025403411027309364
2013-05-07,0.00506899065364208
2013-05-08,0.004551318061098764
2013-05-09,-0.0028165345686579357
2013-05-10,0.0032538592748729833
2013-05-13,0.000795901161694923
2013-05-14,0.010333924920552073
2013-05-15,0.005386062089696608
2013-05-16,-0.004695775816921488
2013-05-17,0.009677547365859906
2013-05-20,-5.969939920169587e-05
2013-05-21,0.0014368818780878811
2013-05-22,-0.007417147400285207
2013-05-23,-0.0028924674222743363
2013-05-24,-0.0008466713260759651
2013-05-28,0.005989116672116879
2013-05-29,-0.006494203378830776
2013-05-30,0.0036919624213613833
2013-05-31,-0.014352357109429392
2013-06-03,0.00501894276912229
2013-06-04,-0.006453313232595613
2013-06-05,0.005590096670708387
2013-06-06,-0.006749645803203693
2013-06-07,-0.0013832417013707413
2013-06-10,-0.0011996952975128995
2013-06-11,-0.001122988062046689
2013-06-12,0.003941911608275056
2013-06-13,-0.004765852504066918
2013-06-14,-0.0019968105513263057
2013-06-17,0.0005013089853841924
2013-06-18,0.005233245609086592
2013-06-19,-0.010849943498132165
2013-06-20,0.008178183727646428
2013-06-21,-0.010274873795757568
2013-06-24,0.002940486072474881
2013-06-25,-0.014058267799559706
2013-06-26,-0.002153723076494255
2013-06-27,0.002787114021092765
2013-06-28,-0.004132398142828278
2013-07-01,0.004467246174468384
2013-07-02,-0.0009325706855433463
2013-07-03,0.00043412701520012314
2013-07-05,0.010788857004580876
2013-07-08,0.005704997160107528
2013-07-09,0.007197106069542825
2013-07-10,0.00036344306648228297
2013-07-11,0.013620362096915084
2013-07-12,0.00041843243753714177
2013-07-15,0.0038198648649108158
2013-07-16,-0.003746257985623336
2013-07-17,0.0025669850891323343
2013-07-18,0.005477712548570768
2013-07-19,0.0017766314427820618
2013-07-22,0.001950637466569427
2013-07-23,-0.0021242131447278823
2013-07-24,-0.0036656047741624453
2013-07-25,0.002433080134015775
2013-07-26,0.0010659157909629347
2013-07-29,-0.0030747332562568452
2013-07-30,0.0
2013-07-31,0.000711516510986776
2013-08-01,0.011070403533103072
2013-08-02,-0.013751466622581355
2013-08-05,-0.002488474382585704
2013-08-06,-0.002083946385306172
2013-08-07,-0.001374388126282512
2013-08-08,0.00028197291998737937
2013-08-09,-0.00036963360865002824
2013-08-12,-0.004502638883368532
2013-08-13,0.0007533049778350228
2013-08-14,-0.0030270913685713752
2013-08-15,0.002671662326518942
2013-08-16,-0.002719244967054314
2013-08-19,4.3343456422661325e-05
2013-08-20,-0.007684141259579945
2013-08-21,0.005710378908275925
2013-08-22,-0.011105239628342135
2013-08-23,-0.0012203224076740727
2013-08-26,-0.005009912503636735
2013-08-27,-0.00527096394968431
2013-08-28,-0.005924479960367312
2013-08-29,-0.0007097905217633917
2013-08-30,-0.0032980048274868
2013-09-03,0.004034113052338253
2013-09-04,-0.0032547985385538297
2013-09-05,2.0688179456712988e-05
2013-09-06,-3.9298899098313815e-05
2013-09-09,0.005814201300866833
2013-09-10,0.005736218172997708
2013-09-11,0.0027131918420253208
2013-09-12,-0.00253271449311098
2013-09-13,0.0020823049322885967
2013-09-16,0.005604773944182066
2013-09-17,0.004425041014427539
2013-09-18,0.011541724962089257
2013-09-19,-0.0016768994933484542
2013-09-20,-0.006990548133385799
2013-09-23,-0.004628114651655576
2013-09-24,-0.002354283228725252
2013-09-25,-0.0028908184504874493
2013-09-26,0.003845599864609101
2013-09-27,-0.004596724246305755
2013-09-30,-0.00532810767896376
2013-10-01,0.007915801618496707
2013-10-02,-0.0009450124844301449
2013-10-03,-0.009220656419403506
2013-10-04,0.007576445665725462
2013-10-07,-0.008644379947738368
2013-10-08,-0.011647077118823734
2013-10-09,0.0007256067787990705
2013-10-10,0.021557913716202526
2013-10-11,0.0064431975641172645
2013-10-14,0.003993849627279555
2013-10-15,-0.007253716115732001
2013-10-16,0.013965123345273778
2013-10-17,0.006683793141471828
2013-10-18,0.006753872391800142
2013-10-21,5.798408868828986e-05
2013-10-22,0.005791232250052847
2013-10-23,-0.004789009179671955
2013-10-24,0.0033220767872026435
2013-10-25,0.004568110173480688
2013-10-28,0.0015910784237862519
2013-10-29,0.005334281764705517
2013-10-30,-0.004966953067359614
2013-10-31,-0.002836376033900745
2013-11-01,0.001901092849832422
2013-11-04,-0.008256922521262785
2013-11-05,-0.0007970960785755586
2013-11-06,-0.00027010956363481
2013-11-07,0.0001701164548830788
2013-11-08,-0.00021800164166610111
2013-11-11,-0.001805753839275651
2013-11-12,-0.0016589393665722646
2013-11-13,0.006365123420369769
2013-11-14,0.004588871648153407
2013-11-15,0.004205197060716523
2013-11-18,-0.0034998550980914647
2013-11-19,-0.002170644998175758
2013-11-20,-0.003134508946274699
2013-11-21,0.008012574051017095
2013-11-22,0.005000466991318562
2013-11-25,-0.0009954004443973896
2013-11-26,0.00027655006095008095
2013-11-27,0.0024354416178216077
2013-11-29,-0.0006623220016155342
2013-12-02,-0.0030846561200691376
2013-12-03,0.009633973081386292
2013-12-04,-0.0006128471400991747
2013-12-05,0.004699064871509428
2013-12-06,-0.01525701763649994
2013-12-09,-0.004030175753541306
2013-12-10,-0.00046101725736209017
2013-12-11,0.00999610486753003
2013-12-12,0.0013120647355375874
2013-12-13,-0.0011072189900100736
2013-12-16,-0.01041942063846045
2013-12-17,-0.0004006006859094556
2013-12-18,-0.0038256925868594104
2013-12-19,-0.0010904076793820587
2013-12-20,0.0043641210432398695
2013-12-23,0.004771630349925459
2013-12-24,0.002171328318441378
2013-12-26,0.0050815808501583045
2013-12-27,-5.440105780000264e-05
2013-12-30,-0.00016298406972312655
2013-12-31,0.0047326252684136705
2014-01-02,-0.010071223233143129
2014-01-03,0.012274716268687513
2014-01-06,-0.004891709601747593
2014-01-07,-0.0077972823552160606
2014-01-08,-0.0015162982203717448
2014-01-09,-0.001087160132009722
2014-01-10,-0.0030630326512907577
2014-01-13,0.00097610898704323
2014-01-14,-0.004834533524547269
2014-01-15,0.002619889711845849
2014-01-16,-0.0011024597992152765
2014-01-17,-0.0035833477873156903
2014-01-21,0.0004384902443622784
2014-01-22,0.00022638933503792087
2014-01-23,-0.006631308425740074
2014-01-24,0.01993054341796384
2014-01-27,-0.01739955689999237
2014-01-28,-0.017860574570778966
2014-01-29,0.004016401391605353
2014-01-30,-0.009495325422712489
2014-01-31,-0.006264749815356629
2014-02-03,-0.02299258202991283
2014-02-04,0.0230156970527784
2014-02-05,0.00237375897686828
2014-02-06,-0.00954518029318913
2014-02-07,0.001564653630307276
2014-02-10,0.00012530305595358183
2014-02-11,0.008465041451198202
2014-02-12,0.00021486164483337068
2014-02-13,0.00474807911343511
2014-02-14,0.005248205649776024
2014-02-18,0.001110485779420731
2014-02-19,-0.006466192195025031
2014-02-20,0.005746055314879489
2014-02-21,-0.0011547662911941053
2014-02-24,0.005520283618545095
2014-02-25,-0.0003791320820370185
2014-02-26,5.457801562084232e-05
2014-02-27,0.005247505167981644
2014-02-28,0.00252921042406135
2014-03-03,-0.007031757022375665
2014-03-04,0.01405518139600016
2014-03-05,0.0009065477669045752
2014-03-06,0.0022900470077062973
2014-03-07,0.00042505619709309883
2014-03-10,-0.0005309194289999652
2014-03-11,-0.004942565782098285
2014-03-12,0.00026737265924436926
2014-03-13,-0.011213576567359995
2014-03-14,-0.0028078788625243156
2014-03-17,0.009043088918863074
2014-03-18,0.007138200353973723
2014-03-19,-0.005328777738202062
2014-03-20,0.005839622275037204
2014-03-21,-0.0038787050505924014
2014-03-24,-0.004135496783776671
2014-03-25,0.004745648701256711
2014-03-26,-0.007192238236173543
2014-03-27,-0.002108058500929655
2014-03-28,0.0049295328235265945
2014-03-31,0.008194894249108131
2014-04-01,0.006142883810164703
2014-04-02,-0.008511256826456487
2014-04-03,-0.0003973863404512643
2014-04-04,-0.0004763474502775325
2014-04-07,0.011777227266817712
2014-04-08,-0.010012872067083952
2014-04-09,-0.007556636501188006
2014-04-10,0.020990672667885443
2014-04-11,0.024193328444207546
2014-04-14,-0.031724783341436275
2014-04-15,-0.012194422437912234
2014-04-16,-0.00774502215138656
2014-04-17,-0.001942531686791502
2014-04-21,0.0004725689225864812
2014-04-22,0.004007568754273428
2014-04-23,-0.0023718972457895853
2014-04-24,0.0018915121683198341
2014-04-25,-0.007999628703815822
2014-04-28,0.0028936771630640613
2014-04-29,0.004654279805461099
2014-04-30,0.002982884963655756
2014-05-01,0.0001057489279479013
2014-05-02,-0.001433632588413225
2014-05-05,0.0019146865220547316
2014-05-06,-0.008704266030791996
2014-05-07,0.005889435818853039
2014-05-08,-0.0010645006981730987
2014-05-09,0.0014918491306121773
2014-05-12,0.009736445188925247
2014-05-13,0.0008952155220749436
2014-05-14,-0.004737703794999826
2014-05-15,-0.008780330567856653
2014-05-16,0.0034686392129932297
2014-05-19,0.0036691376534370157
2014-05-20,-0.006304750921556024
2014-05-21,0.008424011582341073
2014-05-22,0.002432388782458217
2014-05-23,0.004008341480469468
2014-05-27,0.006147204885059265
2014-05-28,-0.0007315559682415929
2014-05-29,0.0051730418657987
2014-05-30,0.0016116310361109498
2014-06-02,0.0006536252095772379
2014-06-03,0.001146696737267722
2014-06-04,-0.0006761428086907513
2014-06-05,-0.003624231770043904
2014-06-06,-0.00100959250088924
2014-06-09,0.0004380491335622929
2014-06-10,-0.00043611804425385046
2014-06-11,-0.0021377514451291846
2014-06-12,-0.0015360392612053927
2014-06-13,-0.0009748738179301301
2014-06-16,-0.00062684212631155
2014-06-17,0.0009644090701136619
2014-06-18,0.006349090891537833
2014-06-19,0.0010948508933135833
2014-06-20,0.0020186358033154475
2014-06-23,-0.0003168746434937668
2014-06-24,-0.006013674072709436
2014-06-25,0.004508814680010945
2014-06-26,-0.0007165986333960958
2014-06-27,0.0019445635266259387
2014-06-30,-0.0005106173556888688
2014-07-01,0.006693176082104956
2014-07-02,0.0010149608218112949
2014-07-03,0.00491807978590475
2014-07-07,-0.0034811143520454557
2014-07-08,-0.006430036948099294
2014-07-09,0.004484242672701866
2014-07-10,-0.003956785970777199
2014-07-11,0.0013745748888112086
2014-07-14,0.005035910380613906
2014-07-15,-0.001872770772385235
2014-07-16,0.003701286026107642
2014-07-17,-0.011365704937943755
2014-07-18,0.010219302164301114
2014-07-21,-0.0018714455560081555
2014-07-22,0.004357588146830738
2014-07-23,0.0022200907526472857
2014-07-24,5.0637354246152455e-05
2014-07-25,-0.004681886225787024
2014-07-28,0.000404718557790007
2014-07-29,-0.004297357232384558
2014-07-30,0.00015236281755992565
2014-07-31,-0.01974834785422841
2014-08-01,-0.0035431122919605774
2014-08-04,-0.0038945712459753142
2014-08-05,0.001450689234601293
2014-08-06,-0.002920375268085565
2014-08-07,-0.0006978663939535019
2014-08-08,-0.0008258219483660168
2014-08-11,-0.002794577748445385
2014-08-12,-0.00162075909361758
2014-08-13,0.004583597622170366
2014-08-14,0.004256565682753975
2014-08-15,-0.00014194151207626532
2014-08-18,0.00811048880089438
2014-08-19,0.005210961266289228
2014-08-20,0.0026705371255563593
2014-08-21,0.002915463075118534
2014-08-22,-0.001553834592338058
2014-08-25,0.005070549749578065
2014-08-26,0.0006492409706526962
2014-08-27,-0.0003993525030607794
2014-08-28,-0.0005491776314257013
2014-08-29,0.002847539655432607
2014-09-02,-0.0009857019023447027
2014-09-03,0.0015465530519699357
2014-09-04,0.0014111947319481117
2014-09-05,-0.006548434396372338
2014-09-08,-0.00035497834663561706
2014-09-09,0.0076942977609256655
2014-09-10,-0.008827924975691012
2014-09-11,-0.002274138145916632
2014-09-12,0.0034570110546892543
2014-09-15,-0.0010640612789525852
2014-09-16,-0.009039884777732071
2014-09-17,-0.0005456746339364338
2014-09-18,0.002334081400414484
2014-09-19,-0.0010450468197877416
2014-09-22,-0.005969265846844436
2014-09-23,-0.0016109866594424
2014-09-24,0.0015705332711111438
2014-09-25,-0.005038267630254844
2014-09-26,-0.0018810740210379526
2014-09-29,-0.0035548805962149653
2014-09-30,-0.0028351365274952283
2014-10-01,-0.013423535510659987
2014-10-02,-4.964787134107996e-05
2014-10-03,0.01100926426018356
2014-10-06,-0.0011708004798892668
2014-10-07,-0.015435927746382916
2014-10-08,0.017489274284405942
2014-10-09,-0.01983299327438981
2014-10-10,-0.011414704850603918
2014-10-13,-0.016426892738113708
2014-10-14,0.0015475511197842184
2014-10-15,-0.006765987442186372
2014-10-16,-0.0008586460214340397
2014-10-17,0.01181099456986634
2014-10-20,0.009709895653263967
2014-10-21,0.01981058611754838
2014-10-22,-0.007110712354729931
2014-10-23,0.01162492314733754
2014-10-24,0.007695005117044129
2014-10-27,-0.0013743613059137294
2014-10-28,0.011469940987977933
2014-10-29,-0.0015115587057440427
2014-10-30,0.006409987752147295
2014-10-31,0.011435722065465725
2014-11-03,5.7482581012015385e-05
2014-11-04,0.0038116129019818206
2014-11-05,-0.005607276353103499
2014-11-06,-0.0017298784996399993
2014-11-07,-0.0018882225775540798
2014-11-10,-0.00032625834599446903
2014-11-11,0.0007317271928193277
2014-11-12,-0.0010785346733075464
2014-11-13,0.0015019863489079699
2014-11-14,-0.0007945381818074252
2014-11-17,0.00014721678004756705
2014-11-18,0.0048955741962436435
2014-11-19,-0.001634411952793422
2014-11-20,0.0014525389335487478
2014-11-21,0.005156024865804476
2014-11-24,0.002771785020776846
2014-11-25,-0.0007245722941842617
2014-11-26,0.0025585227930282842
2014-11-28,-0.002118884722874194
2014-12-01,-0.006949948219487828
2014-12-02,0.006463526738943587
2014-12-03,0.0038633999785451234
2014-12-04,-0.0011064092663540803
2014-12-05,0.001637167009640228
2014-12-08,-0.006682454631776968
2014-12-09,-0.0006775058614235663
2014-12-10,-0.016031681557880484
2014-12-11,0.005070211758484433
2014-12-12,-0.016161569483050253
2014-12-15,-0.0068695871350022975
2014-12-16,-0.008019618449460975
2014-12-17,0.019604924441367633
2014-12-18,0.024728595101208173
2014-12-19,0.004255005321900596
2014-12-22,0.004600225641743005
2014-12-23,0.0013495563835344004
2014-12-24,9.612088646404615e-05
2014-12-26,0.003224585804140645
2014-12-29,0.0013435423646557254
2014-12-30,-0.005365985164395015
2014-12-31,-0.009923354720333899
2015-01-02,-0.0010224688346969204
2015-01-05,-0.002172731541597254
2015-01-06,0.005981017479497332
2015-01-07,-0.010779778002427857
2015-01-08,-0.001610461912988921
2015-01-09,-0.003563308496555029
2015-01-12,-0.0002832653443688195
2015-01-13,0.000928390334181049
2015-01-14,0.0013163613442270187
2015-01-15,0.0037345650066690425
2015-01-16,-0.00901017355441559
2015-01-20,-0.008943201291247791
2015-01-21,-0.0005820144027584547
2015-01-22,0.009747056504191533
2015-01-23,-0.005317788842002403
2015-01-26,0.0017229627762722357
2015-01-27,-0.013024074387394075
2015-01-28,-0.011511558114265403
2015-01-29,0.007731291896485649
2015-01-30,-0.012578420474806756
2015-02-02,0.011896626529989575
2015-02-03,-0.0016200769833717675
2015-02-04,-0.0023798859046953395
2015-02-05,0.007103943602613942
2015-02-06,-0.0024001267199209924
2015-02-09,-0.0037482324752621385
2015-02-10,0.008738695074836747
2015-02-11,0.00035868136528435725
2015-02-12,0.009104012534290816
2015-02-13,0.0040515144111215665
2015-02-17,0.0015585800410413675
2015-02-18,8.720246480928836e-05
2015-02-19,-0.0007167752843502024
2015-02-20,0.005997423954640135
2015-02-23,-0.00014202685586508755
2015-02-24,0.002840311677311581
2015-02-25,-0.0008495528960247922
2015-02-26,-0.0011813595817292957
2015-02-27,-0.0034065214027929305
2015-03-02,0.006313960162995195
2015-03-03,-0.004104034400795875
2015-03-04,-0.004215708475271529
2015-03-05,0.0010939761543073967
2015-03-06,-0.01406430676363657
2015-03-09,0.004144054156072663
2015-03-10,-0.016221707275533515
2015-03-11,-0.0023414111009976146
2015-03-12,0.012713906437565203
2015-03-13,-0.006132066299493699
2015-03-16,0.013360414470273252
2015-03-17,-0.0029724958009278435
2015-03-18,0.012021366501735464
2015-03-19,-0.004561503539819434
2015-03-20,0.008827187409206516
2015-03-23,-0.001948677285581235
2015-03-24,-0.005619330018857505
2015-03-25,-0.01465375411076697
2015-03-26,-0.00238124924865335
2015-03-27,0.0022899040576878082
2015-03-30,0.012199608801588768
2015-03-31,-0.008739415175737175
2015-04-01,-0.004024208903500193
2015-04-02,-0.00017935758929090188
2015-04-06,-0.0007634382363294395
2015-04-07,-0.001902987440749416
2015-04-08,-0.0006823482869808559
2015-04-09,0.001536288922161538
2015-04-10,0.0041500854676728965
2015-04-13,-0.0037573140355407156
2015-04-14,0.0012602578879930347
2015-04-15,0.003799926234116403
2015-04-16,-0.0003823703659561402
2015-04-17,-0.010540207511045988
2015-04-20,0.008081010303596252
2015-04-21,-0.001218172411828689
2015-04-22,0.004865528955510051
2015-04-23,0.0025110277036128016
2015-04-24,0.0023197809451006917
2015-04-27,-0.0041582263860277715
2015-04-28,0.0031790462634766633
2015-04-29,-0.004114516192426584
2015-04-30,-0.010020442289183591
2015-05-01,0.01084122874669768
2015-05-04,0.0028478048599975825
2015-05-05,-0.011452252445438349
2015-05-06,-0.004116917136522291
2015-05-07,0.003989932657786577
2015-05-08,0.013165916433367064
2015-05-11,-0.004772620498717073
2015-05-12,-0.002991538222949952
2015-05-13,0.00019075630671627763
2015-05-14,0.010427511235443943
2015-05-15,0.0010836324357603733
2015-05-18,0.0031068767686057708
2015-05-19,-0.0003288065332563983
2015-05-20,-0.0007039292182509094
2015-05-21,0.002912643082565447
2015-05-22,-0.0023888993404491687
2015-05-26,-0.010751483048780264
2015-05-27,0.009492040665236345
2015-05-28,-0.0011282585935148415
2015-05-29,-0.006212994139308647
2015-06-01,0.001548728160716939
2015-06-02,-0.0010542960323279705
2015-06-03,-0.0037528983905268038
2015-06-04,0.005064466647012765
2015-06-05,-0.004133658321551242
2015-06-08,0.005208486012524962
2015-06-09,-0.0075497430976473965
2015-06-10,-0.007998017270385665
2015-06-11,-0.00016384087492518499
2015-06-12,-0.001295322510366348
2015-06-15,0.0017200109104503012
2015-06-16,-0.003149740931490865
2015-06-17,-0.0012735285938020183
2015-06-18,0.005502399555140238
2015-06-19,-0.003678023982448825
2015-06-22,0.0036411734880250294
2015-06-23,0.0006388448674377586
2015-06-24,-0.00716704388597263
2015-06-25,-0.0029910256781406565
2015-06-26,-0.00029237206739291915
2015-06-29,-0.01975504010772961
2015-06-30,0.0008092552989775903
2015-07-01,0.007995058381055142
2015-07-02,-0.0009156144142281608
2015-07-06,-0.0028457643399906196
2015-07-07,0.0062883760659244725
2015-07-08,-0.016777003021426595
2015-07-09,0.001808783957426785
2015-07-10,0.012591823380415201
2015-07-13,0.011037032802982738
2015-07-14,0.00433798429998844
2015-07-15,-0.0003322765346919221
2015-07-16,0.008024473414299127
2015-07-17,0.0008478438043264536
2015-07-20,0.0005172332560052784
2015-07-21,-0.003951065500651052
2015-07-22,-0.0017944748118813303
2015-07-23,-0.005630001808783813
2015-07-24,-0.010372098997098234
2015-07-27,-0.005817655164160995
2015-07-28,0.012283539467677684
2015-07-29,0.006878810687397596
2015-07-30,0.00023748718242178057
2015-07-31,-0.0015178208523444203
2015-08-03,-0.003860882612379708
2015-08-04,0.013128413180374904
2015-08-05,-0.008701498125622367
2015-08-06,0.019442755301368072
2015-08-07,-0.004169835774591455
2015-08-10,-0.023751628895910655
2015-08-11,0.01244850652939641
2015-08-12,-0.004432160580990185
2015-08-13,-0.0023896748186141
2015-08-14,-0.007976358969731423
2015-08-17,-0.0024404651278540704
2015-08-18,0.00028522162834550453
2015-08-19,0.007172945204720765
2015-08-20,0.09706201637696008
2015-08-21,0.3621204214378832
2015-08-24,0.4662390645539858
2015-08-25,0.06023069784261979
2015-08-26,-0.2772213444471294
2015-08-27,-0.22545548903500362
2015-08-28,-0.019906953483145116
2015-08-31,0.019621243497381754
2015-09-01,0.42193471274148214
2015-09-02,-0.2043184169698064
2015-09-03,0.0007163896061785913
2015-09-04,-0.015136923480083886
2015-09-08,0.025130796018080215
2015-09-09,-0.013371565173749933
2015-09-10,0.005441841569021166
2015-09-11,0.004544353988261696
2015-09-14,-0.003710294338854614
2015-09-15,0.012498674128398113
2015-09-16,0.008667075625546694
2015-09-17,-0.00224789673955772
2015-09-18,-0.016341688449934
2015-09-21,0.005167653436893849
2015-09-22,-0.01297949543141741
2015-09-23,-0.0015989259994625415
2015-09-24,-0.0036160174998318695
2015-09-25,-0.00025890071492651323
2015-09-28,-0.025097308812305652
2015-09-29,0.0005847250978576746
2015-09-30,0.018658651380947022
2015-10-01,0.0021214953776080847
2015-10-02,0.0024219931201925667
2015-10-05,0.012812202904234071
2015-10-06,-0.00337462798290156
2015-10-07,0.0070409265425049735
2015-10-08,0.0084620735506339
2015-10-09,0.0005084063336660857
2015-10-12,0.0008113858284722783
2015-10-13,-0.006199337550029993
2015-10-14,-0.00473895635521451
2015-10-15,0.015158093545768303
2015-10-16,0.004537951013577259
2015-10-19,0.0004911337724199542
2015-10-20,-0.0012787627907399073
2015-10-21,-0.006202938758213634
2015-10-22,0.016893248461362184
2015-10-23,0.010961838757790176
2015-10-26,-0.0024578766291917854
2015-10-27,-0.001932146110600554
2015-10-28,0.01137429172303861
2015-10-29,-0.0005741385982251934
2015-10-30,-0.0043099517390725595
2015-11-02,0.011343320398870427
2015-11-03,-0.009339993195722845
2015-11-04,0.0005255989518405941
2015-11-05,-0.0026049155517555737
2015-11-06,-0.002847903692573727
2015-11-09,0.0007948013529066617
2015-11-10,-0.0046907264608437955
2015-11-11,0.00019398975181066092
2015-11-12,0.01226400792199027
2015-11-13,0.02035014692494693
2015-11-16,-0.03137924703817537
2015-11-17,0.0007122345790693931
2015-11-18,-0.004300727114873715
2015-11-19,-0.001264944697603047
2015-11-20,0.0002742433171000337
2015-11-23,-0.0020753866256073374
2015-11-24,0.001064514505246451
2015-11-25,-0.0004315938842160933
2015-11-27,0.0010078541228949888
2015-11-30,-0.004167401044937651
2015-12-01,0.009535515226702521
2015-12-02,-0.010205039311775632
2015-12-03,-0.014003004909695527
2015-12-04,0.019503092037847614
2015-12-07,-0.006058478317175875
2015-12-08,-0.006719349282597653
2015-12-09,-0.007779542616455193
2015-12-10,0.0025808535020055423
2015-12-11,-0.019381349461876307
2015-12-14,0.005052574352604866
2015-12-15,0.010498083548560633
2015-12-16,0.014631882976904764
2015-12-17,-0.015238151918531728
2015-12-18,-0.017814928552491782
2015-12-21,0.00824912030225744
2015-12-22,0.009074075769299972
2015-12-23,0.012383322679779152
2015-12-24,-0.0016502176409003422
2015-12-28,-0.0022852955181016377
2015-12-29,0.010672088440390803
2015-12-30,-0.007087712028995274
2015-12-31,-0.010003718655212657
2016-01-04,-0.01446700524552202
2016-01-05,0.01596056092026074
2016-01-06,0.007444572314406445
2016-01-07,0.040953838281399285
2016-01-08,0.021669882610767605
2016-01-11,-0.020231023015755613
2016-01-12,-0.02070913000337616
2016-01-13,0.05048604690731509
2016-01-14,-0.03303350462179435
2016-01-15,0.04829083104914324
2016-01-19,-0.014646209272865047
2016-01-20,0.030126711116149715
2016-01-21,-0.01654128882571397
2016-01-22,-0.055166905789022946
2016-01-25,0.031820451804407276
2016-01-26,-0.03711063872024626
2016-01-27,0.02554669964588932
2016-01-28,-0.017045888408176186
2016-01-29,-0.056322880693979574
2016-02-01,-0.016118817587806724
2016-02-02,0.04493276873922347
2016-02-03,-0.02319352442956301
2016-02-04,0.0015685775105211963
2016-02-05,-0.019050488058410586
2016-02-08,-0.013460628624260784
2016-02-09,5.3589317823510285e-05
2016-02-10,-0.0008625563292132821
2016-02-11,-0.01300822729639084
2016-02-12,0.020616867932577332
2016-02-16,0.01687874523708155
2016-02-17,0.01633421626909759
2016-02-18,-0.00409562168414257
2016-02-19,-0.0004687603056600098
2016-02-22,0.014479373122017414
2016-02-23,-0.01262976080784084
2016-02-24,0.004575841117370194
2016-02-25,0.012111749688133111
2016-02-26,-0.0023015233465084606
2016-02-29,-0.00784230301398603
2016-03-01,0.02301916396278792
2016-03-02,-0.011623912284319544
2016-03-03,0.0028883776281318947
2016-03-04,0.0028570518860888718
2016-03-07,0.0004974502419792092
2016-03-08,-0.009043023079946075
2016-03-09,0.003746577672653164
2016-03-10,0.0003358787761037154
2016-03-11,0.014853277912292653
2016-03-14,-0.0013478932873796444
2016-03-15,-0.0016532450472364901
2016-03-16,0.005685034898083429
2016-03-17,0.006335227964937846
2016-03-18,0.003928509786372402
2016-03-21,0.0014182490625072254
2016-03-22,-0.0005373719653611204
2016-03-23,-0.006599162597012776
2016-03-24,-0.0004430610312707273
2016-03-28,0.0005908465328264635
2016-03-29,0.009250415143499271
2016-03-30,0.004387317493939058
2016-03-31,-0.00242687792429086
2016-04-01,0.006324282579793562
2016-04-04,-0.009430600853038533
2016-04-05,0.00790062751839845
2016-04-06,-0.009730508738094033
2016-04-07,0.011643356341297272
2016-04-08,-0.008514496798939071
2016-04-11,-0.00042070678029674526
2016-04-12,-0.007354940634937447
2016-04-13,0.003931192055580477
2016-04-14,-0.0004211216955066089
2016-04-15,-0.0013445713553886538
2016-04-18,0.0060765736477055585
2016-04-19,0.0030773318967840715
2016-04-20,0.0009343450450934346
2016-04-21,-0.005359035365700403
2016-04-22,-2.76008992184936e-05
2016-04-25,-0.001728092586622004
2016-04-26,0.0014858071168977944
2016-04-27,0.002058520489173862
2016-04-28,-0.009075821934400105
2016-04-29,-0.005399073298830335
2016-05-02,0.007460591200237453
2016-05-03,-0.009440214894401912
2016-05-04,0.0008714627993586053
2016-05-05,-0.0019270342651411794
2016-05-06,-0.005768924987026728
2016-05-09,-0.0029582793504864128
2016-05-10,0.004876689567316354
2016-05-11,-0.004778814846789036
2016-05-12,-0.0011753970812057458
2016-05-13,-0.0030535001573514693
2016-05-16,0.0017120788890064628
2016-05-17,-0.00453936798928383
2016-05-18,-0.00016964293022974687
2016-05-19,-0.0017116019144130942
2016-05-20,0.00013237640965359232
2016-05-23,-0.0025671567903762277
2016-05-24,0.01077312842537341
2016-05-25,0.0066596252302224485
2016-05-26,0.00027739792235306597
2016-05-27,0.004297179258122525
2016-05-31,-0.0019027044715806702
2016-06-01,0.002049582476408851
2016-06-02,0.003043551013326651
2016-06-03,-0.0029871034956914233
2016-06-06,0.005088357789082787
2016-06-07,0.0015614972004573957
2016-06-08,0.0032594176431153254
2016-06-09,-0.0013650895558100506
2016-06-10,-0.009477586937949867
2016-06-13,-0.007711824011082835
2016-06-14,-0.001967364298509966
2016-06-15,-0.001393674903993336
2016-06-16,0.0029843488963188225
2016-06-17,-0.0037243484399397397
2016-06-20,0.006440099579672287
2016-06-21,0.0028386364823349552
2016-06-22,-0.0016309668157808987
2016-06-23,0.01302248029084807
2016-06-24,-0.03590920322886437
2016-06-27,-0.017909516122151747
2016-06-28,0.01803589283215823
2016-06-29,0.01702733497744302
2016-06-30,0.01364578615588985
2016-07-01,0.0016123136261339034
2016-07-05,-0.007385309332251202
2016-07-06,-0.002398379094488078
2016-07-07,-0.001771642126958925
2016-07-08,0.006510763872730403
2016-07-11,0.0027582824582166703
2016-07-12,0.006777790785003117
2016-07-13,-0.000278107290142419
2016-07-14,0.005479462933768353
2016-07-15,-0.001354431474869753
2016-07-18,0.0026642314386638253
2016-07-19,-0.0010181870854419949
2016-07-20,0.004162519875169149
2016-07-21,-0.0037768723584193885
2016-07-22,0.00448501547454979
2016-07-25,-0.002716104528641304
2016-07-26,0.00046153736545068066
2016-07-27,-0.0010609966459381964
2016-07-28,0.0011547842800421204
2016-07-29,0.001614403493775507
2016-08-01,-0.0013167242384765029
2016-08-02,0.021441660860602826
2016-08-03,-0.011815093179277529
2016-08-04,-0.006970989497059613
2016-08-05,-0.008481066286997834
2016-08-08,-0.002205492593777599
2016-08-09,3.203376530520625e-05
2016-08-10,-0.0005627891166142213
2016-08-11,0.0005656324015525958
2016-08-12,-0.001374517809388876
2016-08-15,0.0013511679303241438
2016-08-16,-0.003342763727710342
2016-08-17,0.0002474812726568649
2016-08-18,0.0012365796574685406
2016-08-19,-0.00155201259548369
2016-08-22,-0.00019541834681051067
2016-08-23,0.0019136717069512777
2016-08-24,-0.004974038008409225
2016-08-25,-0.0007785484707039176
2016-08-26,-0.001939496851612729
2016-08-29,0.004870879483584069
2016-08-30,-0.0016487524516958416
2016-08-31,-0.002844024823896903
2016-09-01,-0.0004415753988697937
2016-09-02,-0.007286330137317255
2016-09-06,-0.0006542110754187767
2016-09-07,-0.0007070454878251412
2016-09-08,-0.0007412053615118916
2016-09-09,0.046378526916472526
2016-09-12,-0.04080662122777734
2016-09-13,0.030394830145424698
2016-09-14,-0.0011848606676044121
2016-09-15,-0.027422532779522314
2016-09-16,-0.005758008619397001
2016-09-19,-0.00721899335507664
2016-09-20,-0.0011782235203826844
2016-09-21,-0.0005570932754977876
2016-09-22,0.005463833747840396
2016-09-23,-0.005428238739588039
2016-09-26,-0.008018610356980973
2016-09-27,0.006013137448829169
2016-09-28,0.004962680154109337
2016-09-29,-0.009047546161966829
2016-09-30,0.007545915995050898
2016-10-03,-0.002891516338407116
2016-10-04,0.006299913714417493
2016-10-05,-0.007683761658043995
2016-10-06,-0.002150736925717144
2016-10-07,0.0031646892289500014
2016-10-10,-0.005047388587992531
2016-10-11,0.016689751923074383
2016-10-12,0.0003613073629364778
2016-10-13,0.007548045658100593
2016-10-14,-0.008546794169397026
2016-10-17,-0.004842864415389599
2016-10-18,-0.013972842903895322
2016-10-19,-0.00641897800064801
2016-10-20,-0.004175226984082378
2016-10-21,-0.0025226056072580575
2016-10-24,-0.0007143057099338306
2016-10-25,-0.0028604731853062674
2016-10-26,-0.0015329006660259339
2016-10-27,-0.0016197784900928531
2016-10-28,-0.002258643142024565
2016-10-31,-0.0038612478186381078
2016-11-01,-0.007319367320670185
2016-11-02,-0.006160516988132736
2016-11-03,-0.004576911833688024
2016-11-04,-0.0011015118790497214
2016-11-07,0.022057009330059607
2016-11-08,0.004503772278249274
2016-11-09,0.010601978015885694
2016-11-10,0.0024956533227986633
2016-11-11,-0.00230497971916932
2016-11-14,0.0007856667374646076
2016-11-15,0.007802524223604834
2016-11-16,-0.001878188049067031
2016-11-17,0.005140500075753174
2016-11-18,-0.00223769598864465
2016-11-21,0.007551521703895281
2016-11-22,0.00195339523456739
2016-11-23,0.0005438772199801711
2016-11-25,0.0037155912699393667
2016-11-28,-0.004694700449242473
2016-11-29,0.00195006671599951
2016-11-30,-0.002399215327417603
2016-12-01,-0.004162773328638676
2016-12-02,0.008701692023589334
2016-12-05,-0.014218431963192803
2016-12-06,3.7067475945182574e-05
2016-12-07,0.010228742664444337
2016-12-08,0.0022731978788371253
2016-12-09,0.005045545241748589
2016-12-12,-0.0011083537802892732
2016-12-13,0.0064744945753422555
2016-12-14,-0.00803907899598429
2016-12-15,0.0038894164558434022
2016-12-16,-0.0020041990216234287
2016-12-19,0.002137033662542125
2016-12-20,0.0038555552295780116
2016-12-21,-0.00278277468290898
2016-12-22,-0.0017278163142509823
2016-12-23,0.0014642858728516554
2016-12-27,0.002481306815301404
2016-12-28,-0.00826474239017004
2016-12-29,-0.00022274883911613757
2016-12-30,-0.003654889991973387
2017-01-03,0.0071623747834597155
2017-01-04,-0.010370037952493496
2017-01-05,-0.001204565125239891
2017-01-06,0.0022819909593461913
2017-01-09,-0.00321142868613001
2017-01-10,-0.00026612207150472124
2017-01-11,0.002251794648511518
2017-01-12,-0.0022853632953676066
2017-01-13,0.0018579427424650055
2017-01-17,-0.003534619301948994
2017-01-18,0.002172109270231865
2017-01-19,-0.0035299701334095073
2017-01-20,0.0032013745470055067
2017-01-23,-0.0026475111201389808
2017-01-24,0.006381482925474549
2017-01-25,0.008654554463804238
2017-01-26,-0.0010455299015300471
2017-01-27,-0.0015697638104474052
2017-01-30,-0.006201785109899093
2017-01-31,-8.81464319425011e-05
2017-02-01,0.00039583728385368764
2017-02-02,0.0006589488050099401
2017-02-03,0.0068926631640777725
2017-02-06,-0.001787490440990025
2017-02-07,4.373014245206974e-05
2017-02-08,0.0013103763994484208
2017-02-09,0.005932763966489452
2017-02-10,0.003946166715919963
2017-02-13,0.005442393358089825
2017-02-14,0.003995244528604669
2017-02-15,0.0052203470481075875
2017-02-16,-0.0008513972403203507
2017-02-17,0.0015764421580928278
2017-02-21,0.005955169210029698
2017-02-22,-0.0008878524034164892
2017-02-23,0.0006771672332348544
2017-02-24,0.0012686607374567949
2017-02-27,0.0015629160921679652
2017-02-28,-0.0026992623715008657
2017-03-01,0.013509830162435902
2017-03-02,-0.018817954983751658
2017-03-03,-0.002533978654354429
2017-03-06,-0.002599975798389288
2017-03-07,-0.0017254854551618127
2017-03-08,-0.00031019351823511634
2017-03-09,0.0011596502088255301
2017-03-10,-0.00019863163007888913
2017-03-13,-0.0011756229583107238
2017-03-14,-0.0020451034088228995
2017-03-15,0.006049096940611431
2017-03-16,-0.0021545167732170407
2017-03-17,-0.001758171412208831
2017-03-20,-0.001352549010074173
2017-03-21,-0.011172424284638386
2017-03-22,0.0016144487790508157
2017-03-23,-0.0011748194453318841
2017-03-24,-0.0011377066898255578
2017-03-27,-0.0015866020587213656
2017-03-28,0.007253795637813878
2017-03-29,0.0009348658041652512
2017-03-30,0.0031842484580631254
2017-03-31,-0.002327987275063448
2017-04-03,-0.0022267935779522957
2017-04-04,-0.003271979025243254
2017-04-05,0.007894669307299682
2017-04-06,-0.006405480588697367
2017-04-07,0.0020857421335816135
2017-04-10,0.002793839237687808
2017-04-11,0.006102415139112816
2017-04-12,0.007543000368673745
2017-04-13,0.008549487294654764
2017-04-17,-0.03125149328681809
2017-04-18,-0.002748608810211263
2017-04-19,0.000894943077758024
2017-04-20,-0.00497527109545845
2017-04-21,-0.0012351127233323671
2017-04-24,0.003015053766611271
2017-04-25,0.005793032007566672
2017-04-26,-0.0006301620468568685
2017-04-27,0.0008379944900946052
2017-04-28,-0.002179244586703278
2017-05-01,0.0025202382445889612
2017-05-02,0.00037659797283096086
2017-05-03,-0.001214191312602475
2017-05-04,0.001173944223260781
2017-05-05,0.003937105327967538
2017-05-08,-0.0001669999551034973
2017-05-09,-0.0009179538448097491
2017-05-10,0.001795891288969509
2017-05-11,-0.002042810392260175
2017-05-12,-0.0016709055922129457
2017-05-15,0.005523468225127504
2017-05-16,-0.000915508949191568
2017-05-17,-0.01774393389832407
2017-05-18,0.004028382640316908
2017-05-19,0.0065044054914964455
2017-05-22,0.005077122935045253
2017-05-23,0.00221277363020822
2017-05-24,0.0023329738037263237
2017-05-25,0.004779662031034304
2017-05-26,-0.00020695293258377045
2017-05-30,-0.0008689297085134884
2017-05-31,-0.0002483771838379667
2017-06-01,0.007464431722290054
2017-06-02,-0.01246356206912258
2017-06-05,-0.0010168460084898014
2017-06-06,-0.0009800163879609249
2017-06-07,-2.5555145435520637e-05
2017-06-08,-0.0008021754255538287
2017-06-09,-0.00016760436247668866
2017-06-12,-0.00021314247914945773
2017-06-13,0.001740237810202461
2017-06-14,-0.0011987080051974912
2017-06-15,-0.0017559915551001752
2017-06-16,-0.0002955354915181851
2017-06-19,0.00801804312638419
2017-06-20,-0.0067064495923169695
2017-06-21,-0.0002757845690776836
2017-06-22,-0.0004670068080041731
2017-06-23,0.001189761041105798
2017-06-26,0.0006575220612250042
2017-06-27,-0.00805581365620649
2017-06-28,0.008950500212647386
2017-06-29,-0.008789335211483396
2017-06-30,0.0018646885284920867
2017-07-03,0.0012078682004801364
2017-07-05,-0.005924104404636943
2017-07-06,0.018374792441517542
2017-07-07,-0.019394169992306334
2017-07-10,-0.0037159871798325625
2017-07-11,-0.0020958109891079197
2017-07-12,0.0026085783481888582
2017-07-13,0.0008416545664594673
2017-07-14,0.004163306042170615
2017-07-17,-0.000191804350223787
2017-07-18,0.0005014666939581235
2017-07-19,0.005370167134546072
2017-07-20,0.0004396248687988477
2017-07-21,-0.0008918488024513316
2017-07-24,-0.00024393845508775082
2017-07-25,0.0024307809237953176
2017-07-26,4.058568750532222e-05
2017-07-27,-0.0009295853855737668
2017-07-28,-0.0011732723106601846
2017-07-31,-0.0005669891661641209
2017-08-01,0.002228832705786443
2017-08-02,0.000485053150694581
2017-08-03,-0.0019396267149824897
2017-08-04,0.0018219028149777383
2017-08-07,0.0018593211583113334
2017-08-08,-0.0024609655937957164
2017-08-09,-4.0259315434276743e-05
2017-08-10,-0.014115470069508529
2017-08-11,0.0014769877430256262
2017-08-14,0.009913090018178305
2017-08-15,-0.00012162914405189351
2017-08-16,0.0017443228139575329
2017-08-17,-0.015590732795225826
2017-08-18,-0.0015633192692859899
2017-08-21,0.000782738861216048
2017-08-22,0.010457194629266642
2017-08-23,-0.003585613597219872
2017-08-24,-0.0023305252504557394
2017-08-25,0.0023359692858606618
2017-08-28,4.120630525394908e-05
2017-08-29,0.0011447558774171362
2017-08-30,0.004737628875293609
2017-08-31,0.006015913932851724
2017-09-01,0.0009264168896021562
2017-09-05,0.018879373055126287
2017-09-06,-0.017149209998991388
2017-09-07,-0.0033111222935251245
2017-09-08,0.004842271765191475
2017-09-11,-0.014316780014578704
2017-09-12,0.0019950557398279428
2017-09-13,0.00010810659310603289
2017-09-14,-0.0005123867456780237
2017-09-15,0.0010697098882379145
2017-09-18,0.001976617536346007
2017-09-19,0.0009891124574520004
2017-09-20,0.0003543436109876628
2017-09-21,-0.0026798896663508204
2017-09-22,0.00020028806619973205
2017-09-25,-0.002044770624244875
2017-09-26,0.000602560583344353
2017-09-27,0.0038944379096971867
2017-09-28,0.0011997935346268473
2017-09-29,0.003515028014784649
2017-10-02,0.0038508843543818582
2017-10-03,-0.008336803959411844
2017-10-04,-0.00011285723700117374
2017-10-05,0.00034612980321712967
2017-10-06,8.43131881189446e-05
2017-10-09,-0.00043904042539584347
2017-10-10,0.00020924984021836786
2017-10-11,0.0004940538279428386
2017-10-12,-0.0014510757920695061
2017-10-13,0.000582520170209152
2017-10-16,0.0010433797724047045
2017-10-17,0.0007040675801493367
2017-10-18,0.0008499029804405925
2017-10-19,0.00023851065527894283
2017-10-20,0.005127879085790544
2017-10-23,-0.0038878769662903444
2017-10-24,0.001752048065603261
2017-10-25,-0.004949833280454501
2017-10-26,0.0012910504158570929
2017-10-27,0.008176177745677428
2017-10-30,-0.0037251806031859077
2017-10-31,0.0015582287726965127
2017-11-01,0.0013218325679653642
2017-11-02,0.0003884207071860324
2017-11-03,0.0033387819976784527
2017-11-06,0.001547505875304056
2017-11-07,-0.0006952139235537613
2017-11-08,0.0017009167661090618
2017-11-09,-0.0036273153295334204
2017-11-10,-0.0003104592699496589
2017-11-13,0.0009302455921467168
2017-11-14,-0.0023225396508521623
2017-11-15,-0.005005383003239383
2017-11-16,0.008500741157156266
2017-11-17,-0.0029385587106497413
2017-11-20,0.0017064631376730865
2017-11-21,0.006542540002929753
2017-11-22,-0.0008844076749814356
2017-11-24,0.002309485130755906
2017-11-27,-0.0004990789048576749
2017-11-28,0.010144725264478183
2017-11-29,-0.0006084215511354962
2017-11-30,0.008754767429504318
2017-12-01,-0.002563069459285858
2017-12-04,0.002529611176060659
2017-12-05,-0.0025025753103377173
2017-12-06,-0.005253914238647801
2017-12-07,-0.008113012357050947
2017-12-08,-0.00012185797604253538
2017-12-11,0.0013278690817207484
2017-12-12,0.0018079079240652116
2017-12-13,-0.0001184216266930348
2017-12-14,-0.0035408080285452117
2017-12-15,0.007201247601700721
2017-12-18,0.006292437903579304
2017-12-19,-0.0038367310457033937
2017-12-20,-0.0005282516369775613
2017-12-21,0.002058423697239375
2017-12-22,-0.0002615916615339446
2017-12-26,-0.0011960834035566485
2017-12-27,0.00048664510138681985
2017-12-28,0.002057141445298116
2017-12-29,-0.0037705722508956097
2018-01-02,0.006669730992347357
2018-01-03,-0.011863161746260491
2018-01-04,0.0036538811227921097
2018-01-05,0.006230072052342407
2018-01-08,0.0017378450583035727
2018-01-09,0.002283315507214156
2018-01-10,-0.001576000746646963
2018-01-11,0.007224681959894735
2018-01-12,0.006504945233205941
2018-01-16,-0.003402896390613155
2018-01-17,0.009512188729215937
2018-01-18,-0.0016800238316042341
2018-01-19,0.00454557996841409
2018-01-22,0.00813070038583259
2018-01-23,0.0021229833052388127
2018-01-24,-0.0003886764208916134
2018-01-25,0.00042338317195089205
2018-01-26,0.011578169299639089
2018-01-29,-0.006629777223522204
2018-01-30,-0.010256932818271558
2018-01-31,0.00049633344922273
2018-02-01,-0.001135155591722059
2018-02-02,-0.021769992316908904
2018-02-05,-0.041822392547722353
2018-02-06,0.019702230459573533
2018-02-07,-0.005424622539695445
2018-02-08,-0.03750902178963089
2018-02-09,0.015021621084821524
2018-02-12,0.014684457735333556
2018-02-13,0.002487331783150415
2018-02-14,0.013496226182083015
2018-02-15,0.012760370629833373
2018-02-16,0.00029251492812853996
2018-02-20,-0.006260852741915457
2018-02-21,-0.004974313820008125
2018-02-22,0.0012961198016827602
2018-02-23,0.015939352388161687
2018-02-26,0.011612150515762032
2018-02-27,-0.012486687546298114
2018-02-28,-0.010129936771101078
2018-03-01,-0.015028538190148377
2018-03-02,0.010510649275571406
2018-03-05,-0.0011921405944788493
2018-03-06,-0.00015502394300266967
2018-03-07,-0.0019760021118153314
2018-03-08,0.0010477075102820043
2018-03-09,0.013801905751715755
2018-03-12,-0.0012092888973057202
2018-03-13,-0.0060422700530466
2018-03-14,-0.0044573969056040715
2018-03-15,-0.001574962974953815
2018-03-16,0.0005185990820160799
2018-03-19,-0.011414900136288144
2018-03-20,0.0003883056200133057
2018-03-21,-0.0022604238508369405
2018-03-22,-0.009958867075584646
2018-03-23,0.0071905130884279585
2018-03-26,-0.015387693180903946
2018-03-27,-0.010731112807544985
2018-03-28,-0.005956746071132345
2018-03-29,0.007632773571183519
2018-04-02,-0.02207239963115215
2018-04-03,0.021997094298292625
2018-04-04,-0.000649656511086432
2018-04-05,0.0008204931368886014
2018-04-06,-0.0025527029194735568
2018-04-09,-0.0017721323569306934
2018-04-10,0.0029148103776985707
2018-04-11,-0.004151747805388876
2018-04-12,0.0019103623642859838
2018-04-13,-0.003909113796166046
2018-04-16,0.005312213494438028
2018-04-17,0.009730513451015731
2018-04-18,0.0007099770303318355
2018-04-19,-0.005455483326558915
2018-04-20,-0.008075739930117476
2018-04-23,-0.0006391462485035095
2018-04-24,-0.012610375119458004
2018-04-25,0.0019186700575729286
2018-04-26,0.009701729125045983
2018-04-27,0.0009175217057217314
2018-04-30,-0.007693136868856226
2018-05-01,0.001776769858030762
2018-05-02,-0.0067171449938644105
2018-05-03,-0.0022040706310253455
2018-05-04,0.012946651841966084
2018-05-07,0.0033833162616536683
2018-05-08,0.0
2018-05-09,0.009665747212614262
2018-05-10,0.009350508832381532
2018-05-11,0.0030512626767091877
2018-05-14,0.00047686990613349245
2018-05-15,-0.006887155940263123
2018-05-16,0.004204973592957462
2018-05-17,-0.000844785953750038
2018-05-18,-0.0025000967376992422
2018-05-21,0.007518578240242713
2018-05-22,-0.0027800381859459655
2018-05-23,0.002750956516217151
2018-05-24,-0.002048247783329016
2018-05-25,-0.0023828188285394125
2018-05-29,-0.011501285122690108
2018-05-30,0.013345027982859525
2018-05-31,-0.0061260220038419355
2018-06-01,0.009329787623080014
2018-06-04,-0.01230388075116685
2018-06-05,2.3155978628292516e-07
2018-06-06,0.007129313912153142
2018-06-07,-2.9766719808332066e-05
2018-06-08,0.00279124527198354
2018-06-11,0.0011898272543643823
2018-06-12,0.0012465386193367897
2018-06-13,-0.003127918956675368
2018-06-14,0.002413012773643526
2018-06-15,-0.0012854186713082934
2018-06-18,-0.0020690373936323747
2018-06-19,-0.0038159822879653992
2018-06-20,0.0016862967168493686
2018-06-21,-0.00623036935804086
2018-06-22,0.001785373655396366
2018-06-25,-0.01357298193969408
2018-06-26,0.002169856937744163
2018-06-27,-0.008283121293508161
2018-06-28,0.00571537340970701
2018-06-29,0.0014395449017839605
2018-07-02,0.0016501438613696355
2018-07-03,-0.0031381991031325116
2018-07-05,-0.003014391877419897
2018-07-06,0.0022561454800397503
2018-07-09,0.00697292240867722
2018-07-10,0.003358052358385177
2018-07-11,-0.006650334968675203
2018-07-12,0.008246216733395964
2018-07-13,0.0007075262983068445
2018-07-16,-0.0009100828191611319
2018-07-17,0.003995622839718028
2018-07-18,0.002098333985932582
2018-07-19,-0.0037638729516097807
2018-07-20,-0.0011467400344556023
2018-07-23,0.0018518769281443686
2018-07-24,0.005031709777151637
2018-07-25,0.008522354672636161
2018-07-26,-0.002358940463784339
2018-07-27,-0.006776107745441727
2018-07-30,-0.005223478846321252
2018-07-31,0.004929062123838683
2018-08-01,-0.001670247504154676
2018-08-02,0.00544774104980883
2018-08-03,0.004284046516166873
2018-08-06,0.0036678612115881304
2018-08-07,0.003302253161117319
2018-08-08,-0.0004205054079119419
2018-08-09,-0.001366191149153373
2018-08-10,-0.006700042845209975
2018-08-13,-0.0037433093890886227
2018-08-14,0.006380871290789347
2018-08-15,-0.007467587831450961
2018-08-16,0.008091293704854507
2018-08-17,0.0035203141108153257
2018-08-20,0.002139856819310948
2018-08-21,0.002345534468328525
2018-08-22,-0.0005936333708747021
2018-08-23,-0.001327931752618805
2018-08-24,0.006018554617008398
2018-08-27,0.007895268599359628
2018-08-28,0.0004829241126389494
2018-08-29,0.005380696972528742
2018-08-30,-0.00404792278922228
2018-08-31,3.419532058401842e-05
2018-09-04,-0.002209741601534306
2018-09-05,0.010282485711718444
2018-09-06,0.007512864037449987
2018-09-07,0.0021899257619951134
2018-09-10,-0.015014820029182155
2018-09-11,-0.009681636836932616
2018-09-12,-0.0019528824385383896
2018-09-13,-0.0029984024053616113
2018-09-14,-0.001449598602152988
2018-09-17,-0.00013634910145272558
2018-09-18,-0.0009609820804257875
2018-09-19,-0.00105046245109697
2018-09-20,0.007137022077390869
2018-09-21,-0.0010121533205219937
2018-09-24,-0.0033954433577478575
2018-09-25,-0.000959509241413659
2018-09-26,-0.0029413091418711186
2018-09-27,0.0026360154322696634
2018-09-28,8.017479532804609e-05
2018-10-01,0.0034677359717420982
2018-10-02,-0.000583039133747566
2018-10-03,0.000548661005727546
2018-10-04,-0.007815602316333492
2018-10-05,-0.00559715603515043
2018-10-08,0.0
2018-10-09,-0.0014593375518334728
2018-10-10,-0.031663081242934044
2018-10-11,-0.022026463492407666
2018-10-12,0.013888371467353
2018-10-15,-0.005617112350267295
2018-10-16,0.02186609191406519
2018-10-17,0.00017860180302764483
2018-10-18,-0.014441589133944555
2018-10-19,-0.0005425664516657269
2018-10-22,-0.004488586566609443
2018-10-23,-0.005090753559041983
2018-10-24,-0.030298563091756714
2018-10-25,0.017940523083120663
2018-10-26,-0.017587298872914103
2018-10-29,-0.00554036090488863
2018-10-30,0.014818569197873277
2018-10-31,0.010681175627703432
2018-11-01,0.01015364654847373
2018-11-02,-0.012892884243731379
2018-11-05,0.002212844362514485
2018-11-06,0.003685856871347281
2018-11-07,0.015510929007993926
2018-11-08,-0.0017299053137660545
2018-11-09,-0.008999705374122232
2018-11-12,-0.013767366721029652
2018-11-13,-0.0024785308022184965
2018-11-14,-0.003606422469905047
2018-11-15,0.005067024483107831
2018-11-16,0.0005013540458738064
2018-11-19,-0.013738583225596393
2018-11-20,-0.007115499268038847
2018-11-21,-0.0030521704633409375
2018-11-23,-0.004918339419533542
2018-11-26,0.004874319663854626
2018-11-27,0.002943856360523447
2018-11-28,0.022912405495756395
2018-11-29,-0.002184969424045654
2018-11-30,0.006095399832702052
2018-12-03,0.012753134801139822
2018-12-04,-0.002610358819283669
2018-12-06,-0.00048730934603653624
2018-12-07,0.026087245760074304
2018-12-10,-0.01091120487675072
2018-12-11,-0.0064493611560833865
2018-12-12,-0.007979506851138048
2018-12-13,-0.005370371463626969
2018-12-14,0.024373075266404753
2018-12-17,0.0408899313434617
2018-12-18,0.003464371456394483
2018-12-19,0.03181692714289223
2018-12-20,0.04512956837660997
2018-12-21,0.05412988540843269
2018-12-24,0.06965190421937599
2018-12-26,-0.11720385923982476
2018-12-27,-0.022591800246361884
2018-12-28,0.0005133335770721886
2018-12-31,-0.030294937721340412
2019-01-02,-0.0028371971652034326
2019-01-03,-0.023863003464361543
2019-01-04,0.033495812281358006
2019-01-07,0.007884685136690273
2019-01-08,0.00939532836578083
2019-01-09,0.004673402552196393
2019-01-10,0.003527758301809625
2019-01-11,0.000386100233465303
2019-01-14,-0.006100861303490079
2019-01-15,0.011460882858806087
2019-01-16,0.0024199423110702334
2019-01-17,0.007586602916344498
2019-01-18,0.013309741452121271
2019-01-22,-0.013510612161445446
2019-01-23,0.002092632317188814
2019-01-24,0.0005313740227519403
2019-01-25,0.008461614183866262
2019-01-28,-0.007600277526578658
2019-01-29,-0.0013270601540246174
2019-01-30,0.015831073569141596
2019-01-31,0.008782427648270863
2019-02-01,-6.4218515967127965e-06
2019-02-04,-0.0034889391133959054
2019-02-05,0.001366572887684311
2019-02-06,-0.0017929462593878234
2019-02-07,-0.003266482840140756
2019-02-08,-0.0021325857819328663
2019-02-11,-0.0016244991327298073
2019-02-12,0.00814932670045479
2019-02-13,0.0026865769600520678
2019-02-14,-0.0019081208763957673
2019-02-15,0.00955168332830042
2019-02-19,0.0015536325302830832
2019-02-20,0.001995497751410286
2019-02-21,-0.0035552129590598236
2019-02-22,0.006196543616936676
2019-02-25,0.001361055483892061
2019-02-26,-0.0007152419530738777
2019-02-27,-0.0004297819504208479
2019-02-28,-0.0018626393726371099
2019-03-01,0.006243826208964354
2019-03-04,-0.003637296602627016
2019-03-05,-0.0013600982733424916
2019-03-06,-0.006056856656511678
2019-03-07,-0.008365543035778855
2019-03-08,-0.0020001166031758943
2019-03-11,0.014501443432438421
2019-03-12,0.0037704868222252497
2019-03-13,0.006619795721904076
2019-03-14,-0.0006399836257314773
2019-03-15,0.004940845503802027
2019-03-18,0.0036253417509710673
2019-03-19,0.0002481186142913039
2019-03-20,-0.0030098793462453033
2019-03-21,0.011294764411232228
2019-03-22,-0.019246537906308592
2019-03-25,-0.0007518358953202409
2019-03-26,0.007454027764549398
2019-03-27,-0.0052290507383020435
2019-03-28,0.0037904200954812506
2019-03-29,0.006305369201006439
2019-04-01,0.011371796943479229
2019-04-02,-0.011263390363290219
2019-04-03,0.0012931913946436814
2019-04-04,0.0005141568516419735
2019-04-05,0.001823564482580006
2019-04-08,0.00022071109184103115
2019-04-09,-0.0029663246523979267
2019-04-10,0.001081372353267926
2019-04-11,-0.0006926153130343702
2019-04-12,0.00588962699568968
2019-04-15,-0.0007320283985654553
2019-04-16,0.0006082445466122984
2019-04-17,-0.0024224563424047434
2019-04-18,0.0019111954808920765
2019-04-22,0.0008428939777999015
2019-04-23,0.008990401739183094
2019-04-24,-0.002219223809278704
2019-04-25,-0.0006161487948534006
2019-04-26,0.004656367458883857
2019-04-29,0.0015683923702838217
2019-04-30,0.0005099203902394489
2019-05-01,-0.007516452781375138
2019-05-02,-0.0021588339875519003
2019-05-03,0.009787793881975704
2019-05-06,-0.004115032865163237
2019-05-07,-0.016700042858393882
2019-05-08,-0.0013889811271969865
2019-05-09,-0.0030258708651491606
2019-05-10,0.005023432336743516
2019-05-13,-0.025130198324916697
2019-05-14,0.009043715240694805
2019-05-15,0.005857517743003804
2019-05-16,0.009261118185179162
2019-05-17,-0.006465016273216717
2019-05-20,-0.006612242725202222
2019-05-21,0.009015991854794958
2019-05-22,-0.0030716133657798794
2019-05-23,-0.01221871688727827
2019-05-24,0.0022682772829785147
2019-05-28,-0.009300359154352233
2019-05-29,-0.006710958625848029
2019-05-30,0.0027318986161390946
2019-05-31,-0.013475906992992615
2019-06-03,-0.003030837818533637
2019-06-04,0.00803144920752863
2019-06-05,0.005425771158300969
2019-06-06,0.005401986204323963
2019-06-07,0.00933321915237516
2019-06-10,0.004078694910909176
2019-06-11,-0.0002828553863278999
2019-06-12,-0.0017916915560258
2019-06-13,0.004016566100993476
2019-06-14,-0.001155367672690287
2019-06-17,0.0003362638800796975
2019-06-18,0.010448921054995123
2019-06-19,0.0022537842679164178
2019-06-20,0.00955385363531458
2019-06-21,-0.0014533111998076304
2019-06-24,-0.0012245078615351057
2019-06-25,-0.009808189798514845
2019-06-26,-0.0009975424115078017
2019-06-27,0.0035461465482448367
2019-06-28,0.005145697616976669
2019-07-01,0.009078786018995689
2019-07-02,0.002603982385107395
2019-07-03,0.007995303158475409
2019-07-05,-0.0011378613026368223
2019-07-08,-0.005494999552672075
2019-07-09,0.0012464574009005691
2019-07-10,0.004778090387931533
2019-07-11,0.0023445195200804125
2019-07-12,0.00447683713331104
2019-07-15,0.00033254626221035366
2019-07-16,-0.0032251209012941207
2019-07-17,-0.006805074242913545
2019-07-18,0.003660953207820894
2019-07-19,-0.00555504217377889
2019-07-22,0.0024560841597243144
2019-07-23,0.007150282323825863
2019-07-24,0.004699854382133495
2019-07-25,-0.004777326636898116
2019-07-26,0.006700375663139635
2019-07-29,-0.0018215511118780947
2019-07-30,-0.002454656739357408
2019-07-31,-0.010940451989097988
2019-08-01,-0.009195794380005394
2019-08-02,0.019369718511853554
2019-08-05,0.09028423649046487
2019-08-06,-0.05704346668505102
2019-08-07,-0.008025582311654574
2019-08-08,-0.03212065314730668
2019-08-09,0.0064461794248464165
2019-08-12,0.02273415646380853
2019-08-13,-0.033130325939391046
2019-08-14,0.06193011459800614
2019-08-15,-0.014454200133217191
2019-08-16,-0.03883152529537332
2019-08-19,-0.01812862486620168
2019-08-20,0.0003388337341099501
2019-08-21,-0.005953257007612553
2019-08-22,-0.00017867470655278628
2019-08-23,0.02284290873597438
2019-08-26,-0.029307225507743527
2019-08-27,-0.0018924219646634871
2019-08-28,-0.0063374253398936625
2019-08-29,0.009879396363729757
2019-08-30,-0.0004456126886250825
2019-09-03,-0.006335314043711681
2019-09-04,0.0030325808544947735
2019-09-05,0.0060284708244218105
2019-09-06,-0.0011070344434787327
2019-09-09,-4.632859589030834e-05
2019-09-10,-0.0004787894600321364
2019-09-11,0.00604555906240979
2019-09-12,0.0031218307797369954
2019-09-13,-0.0007890370542723122
2019-09-16,-0.003039787699793388
2019-09-17,0.002397314118670023
2019-09-18,0.0005248508579818676
2019-09-19,-8.288275472201378e-05
2019-09-20,-0.00462571629651437
2019-09-23,-0.0003549308223731697
2019-09-24,-0.007681651777744593
2019-09-25,0.005743009898407089
2019-09-26,-0.0020912430002926873
2019-09-27,-0.005367558218150867
2019-09-30,0.0046027884879076076
2019-10-01,-0.011894898054220277
2019-10-02,-0.017663937813793842
2019-10-03,0.008191540014838426
2019-10-04,0.013532528206620542
2019-10-07,-0.004314520263226096
2019-10-08,-0.015525051882188667
2019-10-09,0.00949621040126436
2019-10-10,0.006763787240334107
2019-10-11,0.01036710649443151
2019-10-14,-0.0011138750747484716
2019-10-15,0.00990020332216024
2019-10-16,-0.0016060163870631472
2019-10-17,0.002949193636768266
2019-10-18,-0.004377562641920907
2019-10-21,0.006779375099715601
2019-10-22,-0.0032665422675494105
2019-10-23,0.002909420775809579
2019-10-24,0.0016339823450473023
2019-10-25,0.004094981527835051
2019-10-28,0.00563634749154307
2019-10-29,-0.00029628916402524297
2019-10-30,0.003067074515119561
2019-10-31,-0.002663329724113761
2019-11-01,0.008776330629024724
2019-11-04,-0.010389052193410275
2019-11-05,-0.0005809283732738892
2019-11-06,-0.0015556311937655767
2019-11-07,0.0022898977688967682
2019-11-08,0.0010349024101730829
2019-11-11,-0.0018971163834666741
2019-11-12,0.0016873137222491424
2019-11-13,0.0002757480961046141
2019-11-14,0.0012343394562802901
2019-11-15,0.0068758100519656015
2019-11-18,0.0007108385824769036
2019-11-19,-0.0002901405941679102
2019-11-20,-0.003719746879963309
2019-11-21,-0.001610146526124159
2019-11-22,0.002219232331664591
2019-11-25,0.007749950635417426
2019-11-26,0.002265692521413007
2019-11-27,0.004457297515128909
2019-11-29,-0.003708703006538583
2019-12-02,-0.008982266554545704
2019-12-03,0.06647514996359592
2019-12-04,-0.03040611660796972
2019-12-05,-0.008221848202226349
2019-12-06,-0.015445558855066183
2019-12-09,0.011434091409106319
2019-12-10,-0.0032155586528245525
2019-12-11,-0.008375486801738533
2019-12-12,-0.004543343172030093
2019-12-13,-0.003047237905248221
2019-12-16,0.004733227945081282
2019-12-17,0.0001390633159312365
2019-12-18,2.5415817882063765e-05
2019-12-19,0.0039305417904992755
2019-12-20,0.004329553169043586
2019-12-23,0.0015096196695988714
2019-12-24,3.044022935547022e-05
2019-12-26,0.005323400865200859
2019-12-27,-0.00024798414209849863
2019-12-30,-0.005513513041299156
2019-12-31,0.0024293476203749442
2020-01-02,0.008864225859473555
2020-01-03,-0.009256958123893932
2020-01-06,-0.0034898731621360504
2020-01-07,-0.002009464770969824
2020-01-08,0.00014137568495503627
2020-01-09,0.0025409828475790623
2020-01-10,-0.0026256495204629183
2020-01-13,0.005177720093089982
2020-01-14,-0.0015355390376809435
2020-01-15,0.0020549518467875847
2020-01-16,0.008091128286564851
2020-01-17,0.00307236285457738
2020-01-21,-0.0019699621938081466
2020-01-22,0.00011792162297641074
2020-01-23,0.001145459444566999
2020-01-24,-0.00888415762724593
2020-01-27,-0.01592810023113526
2020-01-28,0.01036679477456828
2020-01-29,-0.0008263309832942377
2020-01-30,0.003245690876720223
2020-01-31,-0.018157796489883027
2020-02-03,0.006940562172610409
2020-02-04,-0.0005027341228241271
2020-02-05,0.009093304885696936
2020-02-06,0.0029467179574688943
2020-02-07,-0.004868379942146099
2020-02-10,0.006613095584443534
2020-02-11,0.0016537715307238306
2020-02-12,0.006202786649867361
2020-02-13,-0.0010585563481962266
2020-02-14,0.0015716543169926476
2020-02-18,-0.0025793173929792583
2020-02-19,0.004766683802936993
2020-02-20,-0.004099552826067658
2020-02-21,-0.010225315048790116
2020-02-24,-0.026697237943418398
2020-02-25,-0.004524254866705334
2020-02-26,-0.0034666078753043113
2020-02-27,0.07992201135711301
2020-02-28,0.00375707690252056
2020-03-02,-0.08874992973299037
2020-03-03,0.03559135167946728
2020-03-04,-0.042729415708974997
2020-03-05,-0.033241687919328244
2020-03-06,-0.016531294062326896
2020-03-09,-0.07809446834249256
2020-03-10,0.0517450221645781
2020-03-11,-0.04874835194914018
2020-03-12,-0.09567726043755831
2020-03-13,0.08548627996851321
2020-03-16,-0.10942389762600024
2020-03-17,0.05399219067451022
2020-03-18,-0.05063291977445039
2020-03-19,0.002124927460214643
2020-03-20,-0.0430941522228232
2020-03-23,-0.02556808407863309
2020-03-24,0.09060305345562769
2020-03-25,0.014970148611177514
2020-03-26,0.05839001460962501
2020-03-27,-0.029785769434702902
2020-03-30,0.032475652520079556
2020-03-31,-0.014905310217118828
2020-04-01,-0.04549279524532923
2020-04-02,0.025634321006675582
2020-04-03,-0.014161809486772094
2020-04-06,0.05351313565104471
2020-04-07,0.0011311779790860069
2020-04-08,0.02879632925289803
2020-04-09,0.013624767726343048
2020-04-13,-0.009611394264776897
2020-04-14,0.028006210612384674
2020-04-15,-0.02052582898304327
2020-04-16,0.004434266547024026
2020-04-17,0.0263535430873241
2020-04-20,-0.017369500426024292
2020-04-21,-0.02965422772252438
2020-04-22,0.02125941538347567
2020-04-23,-0.00018005069981272777
2020-04-24,0.013776518682345133
2020-04-27,0.014405523120624
2020-04-28,-0.004597876139919991
2020-04-29,0.02617850761685961
2020-04-30,-0.009310963923093944
2020-05-01,-0.02647334463965756
2020-05-04,0.002758164828184473
2020-05-05,0.009239332588624638
2020-05-06,-0.006778486968299524
2020-05-07,0.012066493405518353
2020-05-08,0.01654640950098707
2020-05-11,0.000204867725445812
2020-05-12,-0.01993102606214392
2020-05-13,-0.017685994015421924
2020-05-14,0.011966936147106866
2020-05-15,0.004597088156544249
2020-05-18,0.03045988510981701
2020-05-19,-0.010271496189074858
2020-05-20,0.016988306246874973
2020-05-21,-0.006904003292883765
2020-05-22,0.0018987602524531688
2020-05-26,0.012320692199339733
2020-05-27,0.014879170107801931
2020-05-28,-0.0018450880479613518
2020-05-29,0.004455798074423756
2020-06-01,0.0035542680293223503
2020-06-02,0.002269022467345853
2020-06-03,0.007895870812798744
2020-06-04,-0.002332099239663166
2020-06-05,0.02024579958670192
2020-06-08,0.011028132013398662
2020-06-09,-0.006357561713405719
2020-06-10,-0.005317368599657977
2020-06-11,-0.026051565643161183
2020-06-12,-0.0015920643423498245
2020-06-15,0.0005817114393426616
2020-06-16,0.012731585178644152
2020-06-17,-0.004215914309359458
2020-06-18,-0.0007915956720026983
2020-06-19,-0.004008090394989261
2020-06-22,0.0014037079148266447
2020-06-23,0.003612118775162514
2020-06-24,-0.022194135043829784
2020-06-25,0.007699715122709149
2020-06-26,-0.01997185406792082
2020-06-29,0.009269614351519455
2020-06-30,0.012695904012398581
2020-07-01,0.007005050964650907
2020-07-02,0.005506908340849659
2020-07-06,0.01543703925721207
2020-07-07,-0.010313602499806063
2020-07-08,0.007648709385901231
2020-07-09,-0.005692883219960421
2020-07-10,0.010210401844903183
2020-07-13,-0.0086589197411997
2020-07-14,0.012958733677908674
2020-07-15,0.009187343332614395
2020-07-16,-0.0032930373927521073
2020-07-17,0.002898765713182927
2020-07-20,0.008081465223680695
2020-07-21,0.0021276517480710577
2020-07-22,0.00569207627214996
2020-07-23,-0.011931876074352976
2020-07-24,-0.006440206837711182
2020-07-27,0.00729233794345574
2020-07-28,-0.00634223980925297
2020-07-29,0.012298757546592043
2020-07-30,-0.0035682437315952553
2020-07-31,0.007902531725460626
2020-08-03,0.006464428885559538
2020-08-04,-0.002495743428428553
2020-08-05,0.0025291078405782676
2020-08-06,0.0040888003508759915
2020-08-07,-0.00030785850695083075
2020-08-10,0.0012504185943734416
2020-08-11,-0.00534472399950048
2020-08-12,0.009702819095796839
2020-08-13,-0.001975542394674929
2020-08-14,-0.00029864229904021913
2020-08-17,0.001978658353355283
2020-08-18,0.001926058298071595
2020-08-19,-0.0038744011513212814
2020-08-20,0.0028026682766604605
2020-08-21,0.003244779810829067
2020-08-24,0.009781295218014917
2020-08-25,0.0034675776218561797
2020-08-26,0.010016130463079654
2020-08-27,0.002184831661317262
2020-08-28,0.006457639698762795
2020-08-31,-0.003622580350275265
2020-09-01,0.009418593638157892
2020-09-02,0.014463960818925203
2020-09-03,-0.034414231649231075
2020-09-04,-0.00816460892399229
2020-09-08,-0.027323152346247714
2020-09-09,0.019747362412065872
2020-09-10,-0.017363624775775577
2020-09-11,0.0005090497513009495
2020-09-14,0.013171421018146834
2020-09-15,0.005052409335330577
2020-09-16,-0.003968672242947169
2020-09-17,-0.008795228906673946
2020-09-18,-0.011512775049852042
2020-09-21,-0.011129583776086638
2020-09-22,0.010184214890891274
2020-09-23,-0.023190904867585793
2020-09-24,0.0026656442072390263
2020-09-25,0.01616703294909394
2020-09-28,0.016609341947838363
2020-09-29,-0.005445992956683243
2020-09-30,0.007581888948847704
2020-10-01,0.005931994640335562
2020-10-02,-0.006668641542921206
2020-10-05,0.008846653169143771
2020-10-06,-0.00724215247077257
2020-10-07,0.008190003997734499
2020-10-08,0.004275597151284599
2020-10-09,0.005957642695495378
2020-10-12,0.013801325624847432
2020-10-13,-0.00598299877392048
2020-10-14,-0.005909626484756401
2020-10-15,-0.0012256408236053314
2020-10-16,-0.0007317554166515724
2020-10-19,-0.014097314256086204
2020-10-20,0.003009929057453081
2020-10-21,-0.002432809053435333
2020-10-22,0.004588160045601744
2020-10-23,0.002948302526518685
2020-10-26,-0.018139318407764164
2020-10-27,-0.0036995934808968043
2020-10-28,-0.028714361791199353
2020-10-29,0.004544619715049777
2020-10-30,-0.010908112030936121
2020-11-02,0.010720404650758745
2020-11-03,0.008735690651091544
2020-11-04,0.015561814759566181
2020-11-05,0.01742018797163533
2020-11-06,-0.0008728672432513281
2020-11-09,0.012227929633431833
2020-11-10,-0.0015740971633080893
2020-11-11,0.007266967981054757
2020-11-12,-0.009556707380807808
2020-11-13,0.013645874022207322
2020-11-16,0.012447266519262222
2020-11-17,-0.005377719456053885
2020-11-18,-0.012024213192351136
2020-11-19,0.004199321047985458
2020-11-20,-0.006845333941393583
2020-11-23,0.005987267633597209
2020-11-24,0.01611362173887606
2020-11-25,-0.0015415404264781868
2020-11-27,0.0027846780018415786
2020-11-30,-0.004427030059935397
2020-12-01,0.010937473221067417
2020-12-02,0.00210362632065042
2020-12-03,-0.00027247980922795456
2020-12-04,0.008617587370773006
2020-12-07,-0.0020548909143497385
2020-12-08,0.002926017455053387
2020-12-09,-0.008968846172879519
2020-12-10,-0.0003272281927646503
2020-12-11,-0.0011724490053983683
2020-12-14,-0.004477331935832218
2020-12-15,0.013519650006811101
2020-12-16,0.0015692672249001394
2020-12-17,0.0055918977490725386
2020-12-18,-0.00399259824706244
2020-12-21,-0.003575765026852973
2020-12-22,-0.001685209299832291
2020-12-23,0.0008982609606944525
2020-12-24,0.003890699535490816
2020-12-28,0.008590708254467172
2020-12-29,-0.0019078377656149836
2020-12-30,0.0014268890774458143
2020-12-31,0.005080781743819873
2021-01-04,-0.014101741005683401
2021-01-05,0.016137509987445224
2021-01-06,0.0007528252294027446
2021-01-07,0.0022303935359602785
2021-01-08,0.00228961510795793
2021-01-11,-0.0030114696888284033
2021-01-12,-0.0016009541180870533
2021-01-13,-5.7605258535447894e-05
2021-01-14,-0.001929868956661198
2021-01-15,-0.004104612513415361
2021-01-19,0.0012774155081366817
2021-01-20,0.010466713293965757
2021-01-21,0.0005189659046643321
2021-01-22,-0.0033735994248656554
2021-01-25,0.0033180551132889454
2021-01-26,-0.0017061157822131543
2021-01-27,-0.014133649820879867
2021-01-28,0.0002517988595153401
2021-01-29,-0.014948979785162431
2021-02-01,0.009109953975888815
2021-02-02,0.014045378496764682
2021-02-03,0.0007862716761493721
2021-02-04,0.011365992551605641
2021-02-05,0.0039355266039096115
2021-02-08,0.007221971067865818
2021-02-09,-0.0006658061935882476
2021-02-10,-0.00043557627322055037
2021-02-11,0.0016150812136710435
2021-02-12,0.004939887728065306
2021-02-16,-0.0008661844616317804
2021-02-17,0.0002293005562277184
2021-02-18,-0.004255703726833593
2021-02-19,-0.001766032899607306
2021-02-22,-0.007691768392157461
2021-02-23,0.001214339188882585
2021-02-24,0.01101944216289863
2021-02-25,-0.024096040879940217
2021-02-26,-0.0051526075297355645
2021-03-01,0.023752658165041574
2021-03-02,-0.01834881328780941
2021-03-03,-0.006623736027775918
2021-03-04,-0.005239353216436094
2021-03-05,0.005743830329168689
2021-03-08,-0.004236758627638914
2021-03-09,0.008959912229984827
2021-03-10,0.003924633712595122
2021-03-11,0.008621094845664042
2021-03-12,0.00073067701428922
2021-03-15,0.005352462273180641
2021-03-16,-0.0013236953945672798
2021-03-17,0.0032850821027244977
2021-03-18,-0.01409181951588755
2021-03-19,-0.002007344475009196
2021-03-22,0.007594985350973624
2021-03-23,-0.007828923602669003
2021-03-24,-0.005057072392009054
2021-03-25,0.005543480666583918
2021-03-26,0.016104986667314324
2021-03-29,-0.0005052001339229872
2021-03-30,-0.0026527890635843023
2021-03-31,0.004053172336216937
2021-04-01,0.010311132139558365
2021-04-05,-0.0011944707990198915
2021-04-06,-0.0006197471572399127
2021-04-07,-0.00023903715692707495
2021-04-08,0.0038313357376411348
2021-04-09,0.006511487403798374
2021-04-12,9.878069998285231e-05
2021-04-13,0.0027775744221814726
2021-04-14,-0.003363395330747864
2021-04-15,0.010531886051878362
2021-04-16,0.00330869794323001
2021-04-19,-0.0049155015985281195
2021-04-20,-0.007280783703569493
2021-04-21,0.009408117238637445
2021-04-22,-0.009121823733953491
2021-04-23,0.010828054721709376
2021-04-26,0.0020871992640643677
2021-04-27,-0.0002155632051901627
2021-04-28,-0.00028716558191759466
2021-04-29,0.006372590569473145
2021-04-30,-0.0065703293906937965
2021-05-03,0.001668799010918988
2021-05-04,-0.001255926482779719
2021-05-05,-0.002052640739249611
2021-05-06,-0.00036295136396607974
2021-05-07,-8.9127877748057e-05
2021-05-10,-0.001329440990033369
2021-05-11,0.002640414737424093
2021-05-12,0.024739764500233685
2021-05-13,-0.02258200528337663
2021-05-14,-0.010620598376208702
2021-05-17,-0.0024630352138786597
2021-05-18,-0.0005384241292992181
2021-05-19,-3.88697814055804e-05
2021-05-20,-0.0014642914771252971
2021-05-21,-0.002464596650072197
2021-05-24,0.0034169872582263724
2021-05-25,-0.0022197939734022176
2021-05-26,0.0010843129345955262
2021-05-27,0.00028879023641994875
2021-05-28,0.001697935435410434
2021-06-01,-0.0009188646604061342
2021-06-02,0.0015728022647032267
2021-06-03,-0.003711312277780099
2021-06-04,0.009145595689917352
2021-06-07,-0.0009699749611115083
2021-06-08,0.0002130693942032913
2021-06-09,-0.0014918662221660162
2021-06-10,0.004648468865117827
2021-06-11,0.0016522870673620904
2021-06-14,0.0022392531252382053
2021-06-15,-0.0018343744658279038
2021-06-16,-0.005583542294927746
2021-06-17,-0.00033153868874891135
2021-06-18,-0.01349022777709552
2021-06-21,0.01431574981154582
2021-06-22,0.005346316557800712
2021-06-23,-0.001205263896303821
2021-06-24,0.005915763057328771
2021-06-25,0.003552087489885114
2021-06-28,0.002015789856375738
2021-06-29,0.0005381277447285004
2021-06-30,0.0008416845233569781
2021-07-01,0.005048911019889028
2021-07-02,-0.0042055198746942055
2021-07-06,-0.00035752204115028184
2021-07-07,0.0007386178954257813
2021-07-08,0.0032109082339768745
2021-07-09,-0.0026547216551131257
2021-07-12,0.0014377199490297954
2021-07-13,-0.002251921857918803
2021-07-14,1.8009512932075323e-05
2021-07-15,-0.0027016072888169872
2021-07-16,-0.004549458465461564
2021-07-19,-0.0009225811864989227
2021-07-20,-0.0016699654250144531
2021-07-21,0.005042516262024671
2021-07-22,0.0017226257328124433
2021-07-23,0.010036981837263707
2021-07-26,0.0024331367821522404
2021-07-27,-0.0045577892808901
2021-07-28,-0.0004101427908703072
2021-07-29,0.004147445316253944
2021-07-30,-0.0048564178236959465
2021-08-02,-0.002585825853641977
2021-08-03,0.0028479234628340597
2021-08-04,-0.0029592091594602553
2021-08-05,0.00031300342058050885
2021-08-06,-0.0018910945121341804
2021-08-09,-0.0011587264870461707
2021-08-10,0.00040596914824037717
2021-08-11,0.0005476521462072221
2021-08-12,0.0015400919831239108
2021-08-13,0.0012193743774823974
2021-08-16,0.0018117885536566528
2021-08-17,-0.004994330219768425
2021-08-18,-0.003725379872192517
2021-08-19,-0.00020981143059702902
2021-08-20,0.0018128791406630184
2021-08-23,0.007060320693798371
2021-08-24,0.0015067436893578862
2021-08-25,0.002044308326946761
2021-08-26,-0.005851242330037207
2021-08-27,0.008871268130234257
2021-08-30,0.00439719905274576
2021-08-31,-0.0014815175291391872
2021-09-01,0.0005312568400130946
2021-09-02,0.0030766471130352357
2021-09-03,-0.0002426620138195057
2021-09-07,-0.0035755211923534924
2021-09-08,-0.0012181763806280443
2021-09-09,-0.004280439886507725
2021-09-10,-0.007884395937267752
2021-09-13,0.0025592952137571956
2021-09-14,-0.00539645129970856
2021-09-15,0.008352407355240787
2021-09-16,-0.0015851407507733173
2021-09-17,-0.009741059158730692
2021-09-20,-0.016674119072535354
2021-09-21,-0.0009447723247922868
2021-09-22,0.009754866230590187
2021-09-23,0.012149914382467042
2021-09-24,0.0016472165756005186
2021-09-27,-0.002860749811639418
2021-09-28,-0.02015196641988437
2021-09-29,0.0016829943205787234
2021-09-30,-0.012222131406005143
2021-10-01,0.011396360835573383
2021-10-04,-0.015104700253201214
2021-10-05,0.0023858034869147747
2021-10-06,0.0018997489904882705
2021-10-07,0.004882648051391268
2021-10-08,-0.002433665781766582
2021-10-11,-0.0061968343257509315
2021-10-12,-0.0025527162451177035
2021-10-13,0.001869386307912781
2021-10-14,0.015142376468021608
2021-10-15,0.007448827476876345
2021-10-18,0.002914642388861286
2021-10-19,0.007706188561823156
2021-10-20,0.00392694451005436
2021-10-21,0.0026081932474835883
2021-10-22,-0.0010361587040440279
2021-10-25,0.0053627025598818765
2021-10-26,0.0009000196551006279
2021-10-27,-0.00443009394417484
2021-10-28,0.009648812922329553
2021-10-29,0.00202904981213603
2021-11-01,0.0012323886862502002
2021-11-02,-0.0019554962343088875
2021-11-03,-0.00027464007553424253
2021-11-04,0.0031964157329162973
2021-11-05,0.003756384242836955
2021-11-08,0.0002065664779844561
2021-11-09,-0.0018889990755275366
2021-11-10,-0.003152630286080308
2021-11-11,-0.00326027799758999
2021-11-12,0.0024328567426394228
2021-11-15,-0.0007272204804397041
2021-11-16,0.003137695880120653
2021-11-17,-0.002093057594092525
2021-11-18,0.003001607134125266
2021-11-19,-0.0017867904655596712
2021-11-22,-0.003054553448158818
2021-11-23,0.0010351740500434917
2021-11-24,0.0023541594958387635
2021-11-26,-0.01587881164273079
2021-11-29,0.005631997920286293
2021-11-30,-0.01942742869632641
2021-12-01,-0.011141217299881013
2021-12-02,0.015316297628443332
2021-12-03,-0.008701149916033324
2021-12-06,0.011843294495748058
2021-12-07,0.020684653965913125
2021-12-08,0.0026481361083574573
2021-12-09,-0.006751549227351661
2021-12-10,0.009413475525822168
2021-12-13,-0.00885849821140905
2021-12-14,-0.006879972989074279
2021-12-15,0.015625039511626415
2021-12-16,-0.008818460837475728
2021-12-17,-0.010642822278997821
2021-12-20,-0.01063325135608073
2021-12-21,0.01775881375230215
2021-12-22,0.009998680402804938
2021-12-23,0.006221915422616409
2021-12-27,0.014152260355331459
2021-12-28,-0.0008171310463721548
2021-12-29,0.00127906965672131
2021-12-30,-0.0027644942696756214
2021-12-31,-0.00252006303120611
2022-01-03,0.00530201257942609
2022-01-04,-0.005950396125842727
2022-01-05,0.009353470354250215
2022-01-06,-0.0018522342437396753
2022-01-07,-0.0043046783985881045
2022-01-10,-0.0014859535810939322
2022-01-11,-0.007420276649844924
2022-01-12,-0.0038056627865782275
2022-01-13,0.010904294906570178
2022-01-14,-0.006887920775630593
2022-01-18,0.01998609570682048
2022-01-19,0.016292283359311984
2022-01-20,0.0247316695582211
2022-01-21,0.056072363696080874
2022-01-24,-0.01871646443575608
2022-01-25,0.03325615103797533
2022-01-26,0.005196024370123271
2022-01-27,0.009663816934062161
2022-01-28,-0.08014011072219969
2022-01-31,-0.07192243186264095
2022-02-01,-0.027721491219751246
2022-02-02,-0.007763697140595247
2022-02-03,-0.023505015554534214
2022-02-04,0.004702101471736109
2022-02-07,-0.003209334110337414
2022-02-08,0.00822788504804417
2022-02-09,0.014636207252084033
2022-02-10,-0.017965689106528848
2022-02-11,-0.01971869823040473
2022-02-14,-0.0032690788804177195
2022-02-15,0.016126764689086137
2022-02-16,0.0011207507714203757
2022-02-17,-0.02136142344999703
2022-02-18,-0.006475034228912713
2022-02-22,-0.010731542920345616
2022-02-23,-0.017738959207279636
2022-02-24,0.015049145337250103
2022-02-25,0.02206407262384924
2022-02-28,-0.0025585469895174073
2022-03-01,-0.015717940893798403
2022-03-02,0.017497767555679004
2022-03-03,-0.004165557572752965
2022-03-04,-0.0036183989223009423
2022-03-07,-0.010579098124950115
2022-03-08,-0.005723895876601484
2022-03-09,0.007254406861159
2022-03-10,-0.006041795995892758
2022-03-11,-0.0061095391305111876
2022-03-14,-0.004531641631489162
2022-03-15,0.00674622859904222
2022-03-16,0.010719306221464608
2022-03-17,0.008887318806834212
2022-03-18,0.00871546924320983
2022-03-21,-0.0010062273110787992
2022-03-22,0.011214825138114733
2022-03-23,-0.012676222702935249
2022-03-24,0.014731502546617982
2022-03-25,0.004862005076418866
2022-03-28,0.0071098822454021115
2022-03-29,0.012370727866444707
2022-03-30,-0.006174546312004541
2022-03-31,-0.01539122183881636
2022-04-01,0.002345980098788613
2022-04-04,-0.00331654501754473
2022-04-05,-0.0024218900269066986
2022-04-06,-0.001051249411091814
2022-04-07,-0.0014606514262473893
2022-04-08,-0.0029107922824729345
2022-04-11,0.0033053099305160386
2022-04-12,-0.0015433945279729067
2022-04-13,-0.008682776152993836
2022-04-14,0.0008547985245068637
2022-04-18,-0.009509950731480686
2022-04-19,-0.00015493596693055486
2022-04-20,-0.00319639826473508
2022-04-21,-0.002273359421943455
2022-04-22,0.024566426405354815
2022-04-25,-0.020990490111739243
2022-04-26,0.05032459458089952
2022-04-27,-0.010936011988045615
2022-04-28,-0.05166115509793723
2022-04-29,0.08769833395070618
2022-05-02,0.005531377114977199
2022-05-03,-0.003208675127518711
2022-05-04,0.022173969438397383
2022-05-05,-0.02498280664421411
2022-05-06,-0.0058182850545130645
2022-05-09,-0.016943193220926463
2022-05-10,-0.00149515726933522
2022-05-11,-0.009348987051140218
2022-05-12,-0.0021533290535476765
2022-05-13,0.00906759950602984
2022-05-16,-0.005918898485547776
2022-05-17,0.012412180537464453
2022-05-18,-0.02103813975894074
2022-05-19,-0.004962168325109925
2022-05-20,-0.0007059343932423645
2022-05-23,0.005143023042430946
2022-05-24,-0.004504637942716513
2022-05-25,0.0029043001374599656
2022-05-26,0.012761368656511668
2022-05-27,0.021449376520943534
2022-05-31,-0.005923581671708419
2022-06-01,-0.00808855641705202
2022-06-02,0.01904335323929862
2022-06-03,-0.01641146542909755
2022-06-06,0.0030447090786343
2022-06-07,0.009592198098473448
2022-06-08,-0.01087204465477376
2022-06-09,-0.023782803443176515
2022-06-10,-0.02899570590897027
2022-06-13,-0.037968125358493476
2022-06-14,-0.0030132952989728734
2022-06-15,0.014256265639342569
2022-06-16,-0.03309631593429341
2022-06-17,0.002155792185725147
2022-06-21,0.025173772666607253
2022-06-22,-0.0018131008315989128
2022-06-23,0.009802663735166028
2022-06-24,0.031793788341729856
2022-06-27,-0.0038196872562453743
2022-06-28,-0.020432793080719103
2022-06-29,-0.0008143084860704475
2022-06-30,-0.008124412080311116
2022-07-01,0.010088730889391107
2022-07-05,-0.006453942542319508
2022-07-06,0.0010609778391761334
2022-07-07,0.010992695823263511
2022-07-08,-0.0019862728499209633
2022-07-11,-0.009874462659807005
2022-07-12,-0.006698302699911164
2022-07-13,-0.004992656665640727
2022-07-14,-0.002830865589253366
2022-07-15,0.013983333934667122
2022-07-18,-0.008072850671313686
2022-07-19,0.02501516947749867
2022-07-20,0.006180650012447205
2022-07-21,0.0101061091063664
2022-07-22,-0.009275635073819635
2022-07-25,0.0011998432510445663
2022-07-26,-0.011830715105831408
2022-07-27,0.025965753525906844
2022-07-28,0.012542475554134031
2022-07-29,0.014578718921921752
2022-08-01,-0.003449125325647451
2022-08-02,0.0058714277180048
2022-08-03,-7.089562360090146e-05
2022-08-04,-0.0021678275471747055
2022-08-05,-0.0022183378023065917
2022-08-08,-0.002657772815814594
2022-08-09,-0.0019794520007723722
2022-08-10,0.010317651448126948
2022-08-11,-4.999353146567314e-07
2022-08-12,0.014104596239119423
2022-08-15,0.0035434340748156713
2022-08-16,0.001734432174460994
2022-08-17,-0.006946989406823169
2022-08-18,0.002660332224259389
2022-08-19,-0.012864190530822278
2022-08-22,-0.018130843925317153
2022-08-23,-0.0025757554753092983
2022-08-24,0.0012767856250986702
2022-08-25,0.012758312322316652
2022-08-26,-0.028601185511889293
2022-08-29,-0.010230290355371149
2022-08-30,-0.01078595677856807
2022-08-31,-0.009807928900120689
2022-09-01,0.002649911161215939
2022-09-02,-0.008429212443928922
2022-09-06,-0.0025625056088330917
2022-09-07,0.00601122152593889
2022-09-08,0.002864532170852708
2022-09-09,0.011497160623977244
2022-09-12,0.009284255916731685
2022-09-13,-0.031510473528730126
2022-09-14,0.0001073744305589621
2022-09-15,-0.007582488953195096
2022-09-16,-0.004888658288200672
2022-09-19,0.00011242575909523218
2022-09-20,-0.005945699925087864
2022-09-21,-0.006106249214162571
2022-09-22,-0.003486237330379076
2022-09-23,0.003526513160009681
2022-09-26,-0.0006006811359274347
2022-09-27,-0.0006345017204914141
2022-09-28,-0.01451929000430787
2022-09-29,0.012548088498639122
2022-09-30,0.01551421311203944
2022-10-03,0.025913505488266875
2022-10-04,0.016208472297755207
2022-10-05,-0.0026351722193310796
2022-10-06,-0.008121954687631841
2022-10-07,-0.022141989466608752
2022-10-10,-0.006325136182429322
2022-10-11,-0.0039591885003338635
2022-10-12,-0.0030429853985650167
2022-10-13,0.017625769465291964
2022-10-14,-0.017977829835371047
2022-10-17,0.017966522103806302
2022-10-18,0.009615843624774452
2022-10-19,-0.006685900863367531
2022-10-20,-0.008193165408444955
2022-10-21,0.022107287167409697
2022-10-24,0.011542840762640205
2022-10-25,0.015812949711478036
2022-10-26,-0.007543079238752115
2022-10-27,-0.005343286983239178
2022-10-28,0.023783291728816665
2022-10-31,-0.0072231255070793095
2022-11-01,-0.004375656053714671
2022-11-02,-0.02509622230870001
2022-11-03,-0.010297107543585815
2022-11-04,0.014393288300025064
2022-11-07,0.009565525125008856
2022-11-08,0.005395575086668769
2022-11-09,-0.020602213911880773
2022-11-10,0.054954148457769136
2022-11-11,0.009678641545827205
2022-11-14,-0.008507027358941155
2022-11-15,0.008529057846936805
2022-11-16,-0.007628510196075022
2022-11-17,-0.003059828695321287
2022-11-18,0.0045403538300961
2022-11-21,-0.0036361543180882805
2022-11-22,0.013456952062477656
2022-11-23,0.006301630645245693
2022-11-25,-0.00022356636475118208
2022-11-28,-0.015956931776370586
2022-11-29,-0.0017176808150601852
2022-11-30,0.0315006244506395
2022-12-01,-0.0012236207221236754
2022-12-02,-0.0046867809190374015
2022-12-05,-0.0025093958551051423
2022-12-06,0.005212725233891529
2022-12-07,0.0008039340622012377
2022-12-08,-0.004549296822908857
2022-12-09,0.0019364528808649539
2022-12-12,-0.0007309197458092529
2022-12-13,-0.00683538013738498
2022-12-14,-0.005976454562898426
2022-12-15,0.007593725916564008
2022-12-16,0.005891141825501704
2022-12-19,0.0021774232748932587
2022-12-20,-0.005858373034952559
2022-12-21,-0.019303876547484174
2022-12-22,0.016026185898812863
2022-12-23,-0.01135177317670345
2022-12-27,-0.0063871145760090115
2022-12-28,0.02177464826915932
2022-12-29,-0.038539649645187565
2022-12-30,-0.0010177717789255484
2023-01-03,-0.004697817105995148
2023-01-04,0.005832467579995396
2023-01-05,-0.004372161680954704
2023-01-06,0.007974022582091036
2023-01-09,-0.0009076212847801552
2023-01-10,0.002745594653231963
2023-01-11,0.010496802157807577
2023-01-12,0.0018213851723883144
2023-01-13,0.0033912995749892524
2023-01-17,-0.001980361726151105
2023-01-18,-0.014721080462224085
2023-01-19,-0.006705026663346548
2023-01-20,0.01686126226372334
2023-01-23,0.011656156034282734
2023-01-24,-0.0010942017169245258
2023-01-25,0.00036598601614862356
2023-01-26,0.010985018629917744
2023-01-27,0.0022976654069445522
2023-01-30,-0.012547004505353633
2023-01-31,0.014703243509231623
2023-02-01,0.010628045420489883
2023-02-02,0.014556667384543864
2023-02-03,-0.010629049089082354
2023-02-06,-0.0061112957538349555
2023-02-07,0.013078689489489426
2023-02-08,-0.01093487954451866
2023-02-09,-0.008669125076817275
2023-02-10,0.0023336659339106003
2023-02-13,0.011739091835972548
2023-02-14,-0.00046030552876108466
2023-02-15,0.0032473677448867644
2023-02-16,-0.013768724773373986
2023-02-17,-0.002498373047901792
2023-02-21,-0.02006071142949284
2023-02-22,-0.0013782367350712033
2023-02-23,0.0053193887571933995
2023-02-24,-0.01068229738258586
2023-02-27,0.0034059418951144504
2023-02-28,-0.0036962640626068133
2023-03-01,-0.004323590346620329
2023-03-02,0.0022432223160551244
2023-03-03,0.007778129898467601
2023-03-06,-0.0005083768093353206
2023-03-07,-0.009799112805743138
2023-03-08,-0.0004181925661813951
2023-03-09,-0.0018747192812526535
2023-03-10,0.003579380222751921
2023-03-13,-0.00017563198811063486
2023-03-14,-0.006836947189969106
2023-03-15,0.002509204267661831
2023-03-16,-0.0013578850566761946
2023-03-17,-0.0020317452119526774
2023-03-20,-0.0022344549285765875
2023-03-21,0.0067019475348597144
2023-03-22,-0.013478043439689256
2023-03-23,0.001135506002017797
2023-03-24,0.004092439231337541
2023-03-27,0.000534113229019957
2023-03-28,-0.0023269842456678405
2023-03-29,0.014508182591974702
2023-03-30,0.00585517083941573
2023-03-31,0.014094875387657252
2023-04-03,0.0033225995616319452
2023-04-04,-0.004276887439224147
2023-04-05,-0.0013714761172002126
2023-04-06,-0.0018090542182754629
2023-04-10,-0.0016844338288366399
2023-04-11,-0.0004970648415030699
2023-04-12,-0.0026840211061681957
2023-04-13,0.0042250395845191985
2023-04-14,-0.0032419001216829287
2023-04-17,0.0013508765193768423
2023-04-18,0.00012036337241079801
2023-04-19,-0.0006556875347859324
2023-04-20,-0.0046785336022556155
2023-04-21,6.190012808755167e-05
2023-04-24,0.00019528239163433354
2023-04-25,-0.013304006353147095
2023-04-26,-0.003956303916807183
2023-04-27,0.016616841565647758
2023-04-28,0.008436257464216152
2023-05-01,-0.0010121864384509069
2023-05-02,-0.011239202514293247
2023-05-03,-0.006863899806082151
2023-05-04,-0.007083083650939903
2023-05-05,0.018512607799374692
2023-05-08,0.0002666828582174041
2023-05-09,-0.004385343579051404
2023-05-10,0.004672290870939344
2023-05-11,-0.0017439511579698808
2023-05-12,-0.0013104219588023769
2023-05-15,0.0034501455398587844
2023-05-16,-0.006682723226651199
2023-05-17,0.012139015210756332
2023-05-18,0.009633195523003346
2023-05-19,-0.0014550025391444343
2023-05-22,0.0004061867065905389
2023-05-23,-0.011222994863156255
2023-05-24,-0.007244921847796348
2023-05-25,0.008660102258984947
2023-05-26,0.012950739159889313
2023-05-30,0.00038091223939451524
2023-05-31,-0.005545262868599576
2023-06-01,0.009013234564459129
2023-06-02,-0.0026874275801817248
2023-06-05,-0.002209297787596689
2023-06-06,0.001267553535409947
2023-06-07,-0.0033277811341194197
2023-06-08,0.005413641043576607
2023-06-09,0.0016903137365485723
2023-06-12,0.008862182246095269
2023-06-13,0.006465469700171729
2023-06-14,0.001157381587497129
2023-06-15,0.012386728344276792
2023-06-16,-0.0034086061141766276
2023-06-20,-0.005189020524589344
2023-06-21,-0.005123856775101218
2023-06-22,0.0036098186025299
2023-06-23,-0.007559992377942553
2023-06-26,-0.004085748911055118
2023-06-27,0.010963234342975798
2023-06-28,0.0005045283360891479
2023-06-29,0.003941132571485539
2023-06-30,0.011800843307819608
2023-07-03,0.0006627088263202474
2023-07-05,-0.0001671887905544628
2023-07-06,0.011100062875259237
2023-07-07,-0.004858137849984095
2023-07-10,-0.0060511892239087615
2023-07-11,-0.004952530374548689
2023-07-12,-0.0036912296072880036
2023-07-13,0.004836803971206135
2023-07-14,-0.001233596320365165
2023-07-17,0.0022251519995637294
2023-07-18,0.006822994576903853
2023-07-19,0.0021695570351596724
2023-07-20,-0.006479396691532983
2023-07-21,-0.00016797005882908422
2023-07-24,0.004323266842999065
2023-07-25,0.0027165871897497818
2023-07-26,0.00015052062220948466
2023-07-27,-0.006627891158616866
2023-07-28,0.009787926162414789
2023-07-31,0.001903861541152365
2023-08-01,-0.002861579276229099
2023-08-02,-0.01391073356115402
2023-08-03,-0.0028658701146622167
2023-08-04,-0.004522815605686459
2023-08-07,0.00872863356782383
2023-08-08,-0.004348726007771142
2023-08-09,-0.006685170505201343
2023-08-10,0.00035873355967375176
2023-08-11,-0.0005829461056167107
2023-08-14,0.005520107342844582
2023-08-15,-0.01164883046200238
2023-08-16,-0.00733829991760504
2023-08-17,-0.007619873130607413
2023-08-18,0.00048130103023402704
2023-08-21,0.0065061582555341335
2023-08-22,-0.002708559085645379
2023-08-23,0.01113773976360699
2023-08-24,-0.01385914455289683
2023-08-25,0.00704987172296101
2023-08-28,0.0063414483828365675
2023-08-29,0.014454759398322858
2023-08-30,0.0041187998933380765
2023-08-31,-0.0014634309082703911
2023-09-01,0.0013773645511792067
2023-09-05,-0.004559322991910174
2023-09-06,0.004101006160251275
2023-09-07,-0.00015301872884069525
2023-09-08,-0.007233837565984752
2023-09-11,-0.006544481860045677
2023-09-12,0.0005552835048446888
2023-09-13,-0.005175477714312818
2023-09-14,0.0007179103030727375
2023-09-15,-0.0028138915734861273
2023-09-18,-0.004493847420493837
2023-09-19,-0.0019189965370264952
2023-09-20,0.0030911785112686784
2023-09-21,0.04750711367883641
2023-09-22,-0.002443942850979591
2023-09-25,-0.04324149125225527
2023-09-26,0.06667873424905041
2023-09-27,-0.023794829780569314
2023-09-28,-0.055778302464008125
2023-09-29,-0.028370020764250582
2023-10-02,-0.0008855138498936562
2023-10-03,0.008867525852004607
2023-10-04,-0.007293752893651246
2023-10-05,-0.0015723094649386378
2023-10-06,-0.0013937294941938159
2023-10-09,0.001643821619790248
2023-10-10,0.001845164034267818
2023-10-11,0.001854994819967443
2023-10-12,-0.004728561510918163
2023-10-13,-6.216523558729391e-05
2023-10-16,0.0035763993627231944
2023-10-17,3.7608234566058386e-05
2023-10-18,-0.009831227257834632
2023-10-19,-0.002449201497951017
2023-10-20,-0.004127884604303607
2023-10-23,-0.009672831472455554
2023-10-24,-0.00017120639768328227
2023-10-25,-0.0060278028896756704
2023-10-26,-0.00013800730104601006
2023-10-27,-2.0753117566683042e-05
2023-10-30,-0.015144618753534313
2023-10-31,0.0043060197029109355
2023-11-01,0.010650344783376843
2023-11-02,0.019164190478637266
2023-11-03,0.009123528237145573
2023-11-06,0.002300562654260041
2023-11-07,0.0028459731674910227
2023-11-08,0.0007323394361860025
2023-11-09,-0.007798829330961765
2023-11-10,0.015604935634324413
2023-11-13,-0.0009531810096826687
2023-11-14,0.0194007709739088
2023-11-15,0.0021168748756221767
2023-11-16,0.001223232574235844
2023-11-17,0.0012438928869544785
2023-11-20,0.0076975551059770275
2023-11-21,-0.002179493691767731
2023-11-22,0.0038607642891246297
2023-11-24,0.0006154686729429315
2023-11-27,-0.0018009688501092747
2023-11-28,0.0009900731535916751
2023-11-29,-0.0007032939705655661
2023-11-30,0.003937426941798883
2023-12-01,0.00542805839977767
2023-12-04,-0.009141109165200046
2023-12-05,-0.0025654134567766255
2023-12-06,-0.00040330306254659533
2023-12-07,-0.0003339667295521719
2023-12-08,-0.0008221595090665895
2023-12-11,0.0018464465730960791
2023-12-12,0.0033093772910386134
2023-12-13,0.013289780538081896
2023-12-14,0.0031779859685782948
2023-12-15,-0.0016609958039249851
2023-12-18,0.00560221708162038
2023-12-19,0.00607949150759688
2023-12-20,-0.013851039520524319
2023-12-21,0.009475540118964223
2023-12-22,0.002009488456922188
2023-12-26,0.0042226601843128155
2023-12-27,0.001807968664520263
2023-12-28,0.0003777782220157899
2023-12-29,-0.002895052070641113
2024-01-02,-0.006084056449760288
2024-01-03,0.03500125604351099
2024-01-04,0.0050744386427555455
2024-01-05,-0.015586084362996869
2024-01-08,-0.021502459165672554
2024-01-09,-0.003148073297250519
2024-01-10,-0.0010481820987656145
2024-01-11,-0.002034656475369408
2024-01-12,0.0001978814208453705
2024-01-16,-0.0020576928118584917
2024-01-17,0.0019229136375533687
2024-01-18,-0.00210998965952381
2024-01-19,0.00821171900064089
2024-01-22,0.0016512161862041615
2024-01-23,0.0028394226469003817
2024-01-24,0.0010891303441894617
2024-01-25,0.005431960609336873
2024-01-26,-0.0012712203244033683
2024-01-29,0.007919106766809365
2024-01-30,-0.0007733641238141224
2024-01-31,-0.016317387588725474
2024-02-01,0.013088114379607774
2024-02-02,0.010527296668721098
2024-02-05,-0.003641132800263014
2024-02-06,0.0029033818130268507
2024-02-07,0.008340432139917198
2024-02-08,0.0004416873593215964
2024-02-09,0.005779461760377247
2024-02-12,-0.00043895543159677697
2024-02-13,-0.013773176002226384
2024-02-14,0.009087731073101901
2024-02-15,0.006899667161367695
2024-02-16,-0.004979848643763218
2024-02-20,-0.005505506860028264
2024-02-21,0.0009058827445727058
2024-02-22,0.020695425164566572
2024-02-23,0.0006897199392619235
2024-02-26,-0.003662702757312508
2024-02-27,0.0018578106613764689
2024-02-28,-0.0013216409259561024
2024-02-29,0.003595092471804673
2024-03-01,0.008900401492826008
2024-03-04,-0.011624899026780218
2024-03-05,0.0032330202105203404
2024-03-06,-0.0022105989934015505
2024-03-07,0.0015362346744077198
2024-03-08,-0.0025667866585379344
2024-03-11,-0.00247543824797156
2024-03-12,0.0038444717625955704
2024-03-13,-0.0017517710524385627
2024-03-14,-0.0015331184639967583
2024-03-15,-0.005934829736159789
2024-03-18,0.003791942948097286
2024-03-19,0.005212841926054203
2024-03-20,0.009188086174424558
2024-03-21,0.0033034252401703363
2024-03-22,-0.0018959554496595483
2024-03-25,-0.002762816690216221
2024-03-26,-0.0018470923730897263
2024-03-27,0.008403865430141565
2024-03-28,-0.0001912187119730291
2024-04-01,-0.002227377136086449
2024-04-02,0.018379911827465893
2024-04-03,-0.005796246016540978
2024-04-04,0.040152846772995125
2024-04-05,-0.02514912723654393
2024-04-08,-0.015867065370389084
2024-04-09,-0.004871382983904084
2024-04-10,0.016343335953196134
2024-04-11,-0.01922393105153729
2024-04-12,0.04214309152428181
2024-04-15,0.04846562276535419
2024-04-16,-0.008336032365029293
2024-04-17,0.01851553451243932
2024-04-18,0.0013341643933424533
2024-04-19,0.052645515729912794
2024-04-22,-0.08910389290053328
2024-04-23,-0.061819328797095896
2024-04-24,-0.0037465622815741045
2024-04-25,-0.0011892014957300277
2024-04-26,-0.02432726750311743
2024-04-29,-0.009263795338789193
2024-04-30,-0.009192697606281615
2024-05-01,-0.01043652696558325
2024-05-02,0.00935338761440474
2024-05-03,0.012395333312771761
2024-05-06,0.010326918770771076
2024-05-07,0.001103423354728461
2024-05-08,9.660296931124357e-05
2024-05-09,0.005761986246374695
2024-05-10,0.0012881685454666503
2024-05-13,0.00013406675308802463
2024-05-14,0.004588282824879553
2024-05-15,0.012383006461730295
2024-05-16,-0.0020575211449046504
2024-05-17,0.001437424832782641
2024-05-20,0.0011521724820675594
2024-05-21,0.0024524666807941298
2024-05-22,-0.002879278736429791
2024-05-23,-0.007304162035511652
2024-05-24,0.00661651357559756
2024-05-28,0.000698751458297453
2024-05-29,-0.007002511477218976
2024-05-30,-0.00663387586724884
2024-05-31,0.009108274712344322
2024-06-03,0.00032755439884390964
2024-06-04,-0.0008097965099929526
2024-06-05,0.00010190616798010955
2024-06-06,-0.0007153644537926464
2024-06-07,-0.002152539413157879
2024-06-10,0.0018043026910867293
2024-06-11,0.0016447918363489355
2024-06-12,0.006507133006826154
2024-06-13,0.0018289971596741647
2024-06-14,0.0006919944434158658
2024-06-17,0.007684530549553151
2024-06-18,0.002506597004649677
2024-06-20,-0.0027083161057791035
2024-06-21,-0.0013479259647413626
2024-06-24,-0.003260407851414475
2024-06-25,0.0038487031041270275
2024-06-26,0.001248045489615784
2024-06-27,0.001576224856777244
2024-06-28,-0.0039351805625841
2024-07-01,0.0020583688056964077
2024-07-02,0.00672989144183278
2024-07-03,0.004462519705327184
2024-07-05,0.005766257097071348
2024-07-08,0.001154097016245137
2024-07-09,0.0009723971750748017
2024-07-10,0.009895394053725859
2024-07-11,-0.00862278725723753
2024-07-12,0.006307627031391316
2024-07-15,0.0027500647684435275
2024-07-16,0.005930226787752568
2024-07-17,-0.014021126594645938
2024-07-18,-0.007684866404461421
2024-07-19,-0.006640527977257338
2024-07-22,0.010309853262503
2024-07-23,-0.001568506940001102
2024-07-24,-0.022662531867334357
2024-07-25,-0.005210308454554946
2024-07-26,0.011199435925995038
2024-07-29,0.0005880315609070319
2024-07-30,-0.005066555093496405
2024-07-31,0.01625438469990037
2024-08-01,-0.014648677949828047
2024-08-02,0.08276740537452598
2024-08-05,0.15771757431996938
2024-08-06,-0.08611410678328926
2024-08-07,0.012170931486307747
2024-08-08,-0.07056054311323233
2024-08-09,-0.030408759166622515
2024-08-12,-0.007125704963860632
2024-08-13,-0.026966641288530824
2024-08-14,-0.008693754362476023
2024-08-15,0.00559360664681996
2024-08-16,0.0009884055410907247
2024-08-19,0.008151334754700633
2024-08-20,-0.0014844015677911682
2024-08-21,0.003265062005951801
2024-08-22,-0.0074809561272383696
2024-08-23,0.010099342322466247
2024-08-26,-0.002404012692231998
2024-08-27,0.0013724502610151566
2024-08-28,-0.005805298385385618
2024-08-29,8.975043440308647e-05
2024-08-30,0.009545847674876644
2024-09-03,-0.021066833996212786
2024-09-04,0.08663330067038123
2024-09-05,-0.0110628008646515
2024-09-06,0.05577066779029645
2024-09-09,-0.05688596764691095
2024-09-10,-0.01311456096960123
2024-09-11,-0.02400855146440129
2024-09-12,-0.009766911058088974
2024-09-13,-0.004176752372208424
2024-09-16,-0.0021396084327916756
2024-09-17,2.37942661717004e-05
2024-09-18,-0.0003303246717952721
2024-09-19,0.0041085780769412605
2024-09-20,-0.0020588883762950073
2024-09-23,0.0010874568884924464
2024-09-24,0.0025261914305873875
2024-09-25,-0.002243032862474111
2024-09-26,0.0038780525403891257
2024-09-27,-0.0014316443282001705
2024-09-30,0.003963239276051588
2024-10-01,-0.008958503026801812
2024-10-02,0.00042205633285036524
2024-10-03,-0.0018283967833657541
2024-10-04,0.009087535362690247
2024-10-07,-0.009040591890144833
2024-10-08,0.009457552416897164
2024-10-09,0.006926592378890151
2024-10-10,-0.0017500366951881396
2024-10-11,0.005988125594301508
2024-10-14,0.008178455361924408
2024-10-15,-0.00776970892320461
2024-10-16,0.004346199138516971
2024-10-17,8.611138834346832e-05
2024-10-18,0.003846334035071841
2024-10-21,-0.0016421736446260438
2024-10-22,-0.0005310730001248931
2024-10-23,-0.009137365781024864
2024-10-24,0.0021628023642212835
2024-10-25,-0.0003456198650340081
2024-10-28,0.003091430526182215
2024-10-29,0.0016184870427735643
2024-10-30,-0.0030253162524023214
2024-10-31,-0.019602980971893724
2024-11-01,0.0037326739248595446
2024-11-04,-0.007798772726594782
2024-11-05,0.004916774870304614
2024-11-06,0.018631455497037982
2024-11-07,0.007394066281139779
2024-11-08,0.004268753921354652
2024-11-11,0.0009218637108960001
2024-11-12,-0.0031102456129381444
2024-11-13,0.0004751128712008214
2024-11-14,-0.006425014100708587
2024-11-15,-0.012697009494443122
2024-11-18,0.003988146280059969
2024-11-19,0.0036502208760179114
2024-11-20,0.00033785813860859494
2024-11-21,0.005361598899118024
2024-11-22,0.0030982114824144036
2024-11-25,0.0033920865825916185
2024-11-26,0.0052213806823110664
2024-11-27,-0.0030300883971953185
2024-11-29,0.006212050385417278
2024-12-02,0.0013046260579507862
2024-12-03,-0.004211533372020415
2024-12-04,0.001056182649997065
2024-12-05,-0.001095870929081536
2024-12-06,-0.0024868836779432437
2024-12-09,-9.859459320689205e-06
2024-12-10,-0.0018797038754888949
2024-12-11,0.0002525431272981868
2024-12-12,-0.0026401456445874667
2024-12-13,-0.0013381880229436007
2024-12-16,0.0017759777954812267
2024-12-17,-0.0009449353009697388
2024-12-18,0.12319195750854586
2024-12-19,-0.038347211927523404
2024-12-20,-0.06878005706097837
2024-12-23,-0.016972176512658442
2024-12-24,0.004552379759607182
2024-12-26,-0.00018093684927764943
2024-12-27,-0.01015493049432904
2024-12-30,-0.011848687757775617
2024-12-31,-0.0036519309339272028
2025-01-02,-0.0029449288746287126
2025-01-03,0.0019390372855919713
2025-01-06,0.0018384815127168806
2025-01-07,-0.003220220652888182
2025-01-08,-0.0005944675199367161
2025-01-10,-0.00013649777989689985
2025-01-13,-0.005777855478943752
2025-01-14,-0.002570282094982019
2025-01-15,0.005265563928259453
2025-01-16,-0.0015935347092300512
2025-01-17,0.008174480903678448
2025-01-21,0.008507211599111438
2025-01-22,0.005602932346134972
2025-01-23,0.005453992771104648
2025-01-24,-0.002919593154945033
2025-01-27,-0.014144598328624042
2025-01-28,0.008591232746976284
2025-01-29,-0.004482762446079292
2025-01-30,0.005367082265690414
2025-01-31,-0.005322013686878346
2025-02-03,-0.00721735828153913
2025-02-04,0.008894602389057728
2025-02-05,-0.005095779238832802
2025-02-06,7.071635548888807e-05
2025-02-07,-0.0009713170570691387
2025-02-10,-0.0022891596773325
2025-02-11,0.0001500753249799922
2025-02-12,-0.0027719866617298577
2025-02-13,0.005217987180485911
2025-02-14,-0.0007265956794348735
2025-02-18,0.0018178738665001202
2025-02-19,0.001947332173059528
2025-02-20,-0.003926690915629654
2025-02-21,-0.011273008442224598
2025-02-24,-0.00517355701472568
2025-02-25,-0.003323745667697239
2025-02-26,-0.0019968262022241317
2025-02-27,-0.00142243039061829
2025-02-28,-0.0013462147967768998
2025-03-03,-0.014489220618217715
2025-03-04,-0.006194647849279417
2025-03-05,-0.0010386095009074052
2025-03-06,-0.017751261304090216
2025-03-07,0.005604994241949157
2025-03-10,-0.02663561657302338
2025-03-11,-0.008312890256780947
2025-03-12,0.005306487954566119
2025-03-13,-0.013330436330021067
2025-03-14,0.02065567864541107
2025-03-17,0.007711337640769589
2025-03-18,-0.010808379622018083
2025-03-19,0.010890845995021214
2025-03-20,-0.0028918084037365954
2025-03-21,0.00032978220980872663
2025-03-24,0.017908711172002434
2025-03-25,0.0024038215328545665
2025-03-26,-0.011938228305225729
2025-03-27,-0.0026558447361686444
2025-03-28,-0.020138105395326567
2025-03-31,0.006712577101404937
2025-04-01,0.0023367488229928423
2025-04-02,-0.0002481736200709572
2025-04-03,0.012399684855669509
2025-04-04,0.07025470789843999
2025-04-07,-0.0009480302080052764
2025-04-08,0.01895031919933443
2025-04-09,-0.06863863839629525
2025-04-10,0.024065714472781427
2025-04-11,-0.014679489179294888
2025-04-14,-0.02317912163518856
2025-04-15,-0.003425951207766078
2025-04-16,0.010386746148328893
2025-04-17,-0.009070501073922429
2025-04-21,0.01529691186052961
2025-04-22,-0.024522998617794868
2025-04-23,-0.011218606263407396
2025-04-24,-0.0025241734157476527
2025-04-25,0.0004049218920524284
2025-04-28,-0.0038351674831329664
2025-04-29,0.004904699076108387
2025-04-30,0.00025022413633083644
2025-05-01,0.007082346453905489
2025-05-02,0.014844136511218409
2025-05-05,-0.005734215590911473
2025-05-06,-0.008358325676825262
2025-05-07,0.004205416334334133
2025-05-08,0.006967762571935099
2025-05-09,-0.0012742213508586397
2025-05-12,0.03304754271395138
2025-05-13,0.006603860821533747
2025-05-14,0.001277977174232836
2025-05-15,0.004884390984280174
2025-05-16,0.006334043929497213
2025-05-19,0.0010938196429841618
2025-05-20,-0.003362153676216839
2025-05-21,-0.016850775346555102
2025-05-22,0.00039470808698149895
2025-05-23,-0.006825957405117156
2025-05-27,0.020790686941918546
2025-05-28,-0.005785242945128943
2025-05-29,0.0039473365509063996
2025-05-30,-0.0011184010326800164
2025-06-02,0.005144905799118865
2025-06-03,-0.0036643342931527087
2025-06-04,-0.0009376225589355581
2025-06-05,-0.0012728769406400147
2025-06-06,0.002376433029703884
2025-06-09,-7.946830762592654e-05
2025-06-10,0.004036926671652641
2025-06-11,-0.0024477995180499806
2025-06-12,0.0036332199100971973
2025-06-13,-0.005532803509605277
2025-06-16,0.0034477385425741433
2025-06-17,-0.005023530799735923
2025-06-18,-0.002343462295310434
2025-06-20,-0.0027191649153841192
2025-06-23,0.007180521659278375
2025-06-24,0.010611841608313917
2025-06-25,0.0005455606219214644
2025-06-26,0.007820491219429678
2025-06-27,0.004968279689448529
2025-06-30,0.004781175930992882
2025-07-01,-0.00032371413275378367
2025-07-02,0.00453326557880418
2025-07-03,0.007881400243543668
2025-07-07,-0.007451971921066947
2025-07-08,-0.0005477352950125081
2025-07-09,0.005996656078344209
2025-07-10,0.002820258275139098
2025-07-11,-0.0035154084840562927
2025-07-14,0.0019081841138897104
2025-07-15,-0.004273212189356279
2025-07-16,0.0033431741923299896
2025-07-17,0.006119736739210957
2025-07-18,-0.0007325310505222893
2025-07-21,0.0018962420109840394
2025-07-22,0.00014309729281114514
2025-07-23,0.008507575318954297
2025-07-24,0.0003309323466664793
2025-07-25,0.004224338563401986
2025-07-28,-0.00025097216601477346
2025-07-29,-0.0026376616892719307
2025-07-30,-0.0012592724779846298
2025-07-31,-0.0037512610547767444
2025-08-01,-0.01687822249935622
2025-08-04,0.016127758796219544
2025-08-05,-0.00012667842471546752
2025-08-06,-0.004179411519488193
2025-08-07,-0.0019071712500960598
2025-08-08,5.662694635484838e-05
2025-08-11,-0.0013581983245098237
2025-08-12,0.006331295381627137
2025-08-13,0.002870332682232016
2025-08-14,5.292093629991577e-05
2025-08-15,-0.002281016960638287
2025-08-18,-0.0006098910613533343
2025-08-19,-0.005261440322844949
2025-08-20,-0.0026763937269385697
2025-08-21,-0.0037914196545591854
2025-08-22,0.014788107390523423
2025-08-25,-0.004404526712560466
2025-08-26,0.004186743682169252
2025-08-27,0.002278548183896832
2025-08-28,0.003541419906216355
2025-08-29,-0.005963734491660877
2025-09-02,-0.007898057559657664
2025-09-03,0.011114139893433975
2025-09-04,-0.004308582968130739
2025-09-05,-0.002247251224347467
2025-09-08,-0.0018099461402421952
2025-09-09,0.00029310259151816686
2025-09-10,0.0017256568445885134
2025-09-11,0.004774867534784238
2025-09-12,-0.0005514029782538195
2025-09-15,0.0044975908036358325
2025-09-16,-0.0011122342197947453
2025-09-17,-0.001726444402506447
2025-09-18,0.004201367671784479
2025-09-19,0.004677402364128874
2025-09-22,0.0046133875951002564
2025-09-23,-0.005424364113733077
2025-09-24,-0.003204088754762377
2025-09-25,-0.004604208705053497
2025-09-26,0.005696000980318951
2025-09-29,0.0028095825565502153
2025-09-30,0.003766834604903378
2025-10-01,0.003407479845970207
2025-10-02,0.001151824796685963
2025-10-03,-1.4805406382656372e-05
2025-10-06,0.003586271966467658
2025-10-07,-0.0037075138893177817
2025-10-08,0.005963055269571305
2025-10-09,-0.002896974724933221
2025-10-10,-0.027027862178845674
2025-10-13,0.015344118135168339
2025-10-14,-0.0012216462876413203
2025-10-15,0.004439529909605389
2025-10-16,-0.006810319600221937
2025-10-17,0.005676392528467966
2025-10-20,0.010400500262923273
2025-10-21,-1.494287878323064e-05
2025-10-22,-0.005198916065879078
2025-10-23,0.005929962705964353
2025-10-24,0.008172554694480416
2025-10-27,0.011797664492784632
2025-10-28,0.002656016019079832
2025-10-29,0.0004803706386860007
2025-10-30,-0.010998097614260183
2025-10-31,0.003280040742968948
2025-11-03,0.001389025394634257
2025-11-04,0.0027276230616958864
2025-11-05,-0.005462479761241059
2025-11-06,0.006702149977052773
2025-11-07,-0.0037583844902890047
2025-11-10,-0.00818676915398035
2025-11-11,-0.0008241124780525074
2025-11-12,-8.04036736383486e-05
2025-11-13,0.003339796959638333
2025-11-14,-0.0023336360694441857
2025-11-17,0.006096782603107148
2025-11-18,0.012315567845066745
2025-11-19,-0.010053070075797825
2025-11-20,0.02326493616913384
2025-11-21,-0.025449222478907546
2025-11-24,-0.022651177651077048
2025-11-25,-0.0012830716995169966
2025-11-26,0.0035318625392194054
2025-11-28,0.004496629831427209
2025-12-01,-0.004644940298518438
2025-12-02,0.0018512687380314793
2025-12-03,0.0034627490578384144
2025-12-04,0.0007310498015529188
2025-12-05,0.0018994848443159018
2025-12-08,-0.0030042091058060105
2025-12-09,-0.0008631180942337835
2025-12-10,0.006632235252757246
2025-12-11,0.0023269460314641055
2025-12-12,-0.010751986278262682
2025-12-15,-0.001510898681416406
2025-12-16,-0.002732285145230273
2025-12-17,-0.011003593983400228
2025-12-18,0.00755126270975226
2025-12-19,0.009063506223587092
2025-12-22,0.00622989400678442
2025-12-23,0.0045704023396588855
2025-12-24,0.003517674396244841
2025-12-26,-0.00010140966545213459
2025-12-29,-0.0035636535074947684
2025-12-30,-0.0012211244085722495
2025-12-31,-0.0074089416209803804
2026-01-02,0.001345188223954793
2026-01-05,-0.0032279125902127306
2026-01-06,0.0020112442274031993
2026-01-07,-0.0010354492626352923
2026-01-08,-0.0006841243413847868
2026-01-09,0.0020775370246139437
2026-01-12,0.0007892229355581214
2026-01-13,-0.0011587902372497605
2026-01-14,-0.0031535956877443323
2026-01-15,0.00026789040187755837
2026-01-16,-0.001131673487090614
2026-01-20,-0.008582307875481462
2026-01-21,-0.0006267467081759997
2026-01-22,0.003918703801011865
2026-01-23,0.00026979633509275366
2026-01-26,0.004904306755452213
2026-01-27,0.003982909245521788
2026-01-28,-0.00010068765753138913
2026-01-29,-0.0019843771993094143
2026-01-30,-0.0029825725147667793
2026-02-02,0.0044835956471653855
2026-02-03,-0.004526806452339732
2026-02-04,0.0011700001553572271
2026-02-05,0.01713118629460076
2026-02-06,-0.011954543305854451
2026-02-09,-0.011378559371960199
2026-02-10,-0.0009510013482844756
2026-02-11,-0.0014092057628039023
2026-02-12,0.007156303710668992
2026-02-13,-0.002806484238500319
2026-02-17,-0.008438948392016359
2026-02-18,-0.0024649003124665985
2026-02-19,-0.0009089268089417172
2026-02-20,-0.0007834005490591212
2026-02-23,-0.0058462181227091296
2026-02-24,-6.101146294875109e-05
2026-02-25,0.005069926632107568
2026-02-26,-0.005200658385778774
2026-02-27,-0.00427673406554556
2026-03-02,-0.0010040600358041582
2026-03-03,-0.008845484912919232
2026-03-04,0.006998874996969155
2026-03-05,-0.005575491873376914
2026-03-06,-0.01310712873041986
2026-03-09,0.00875996072290297
2026-03-10,-0.0016071058958396778
2026-03-11,-0.0012551345486657706
2026-03-12,-0.015184966271003186
2026-03-13,-0.00566013575260893
2026-03-16,0.01017686501045656
2026-03-17,0.002630544991105488
2026-03-18,-0.013953644515257158
2026-03-19,-0.002464288275344284
2026-03-20,-0.014335787930812693
2026-03-23,0.010499991225476402
2026-03-24,-0.0033568144771775055
2026-03-25,0.0055726882440485515
2026-03-26,-0.017858729983344035
2026-03-27,-0.01705189415742525
2026-03-30,-0.0033433906874337227
2026-03-31,0.029067865784757174
2026-04-01,0.007046686532254712
2026-04-02,-0.0054065773267329715
2026-04-06,0.0013157247820125661
2026-04-07,0.0017250015671465202
2026-04-08,0.01626542693564327
2026-04-09,0.004747307366484087
2026-04-10,-0.0007940413157855491
2026-04-13,0.009347322828755146
2026-04-14,0.012050525788576447
2026-04-15,0.007869024401097347
2026-04-16,0.0024521312661212615
2026-04-17,0.012082402350698107
2026-04-20,-0.0019998618410712677
2026-04-21,-0.006546742113763837
2026-04-22,0.010126402541242013
2026-04-23,-0.003880743476491705
2026-04-24,0.007749301346850324
2026-04-27,0.00172278774970281
2026-04-28,-0.004865992267119496
2026-04-29,-0.00015450932498595193
2026-04-30,0.009949633527564838
2026-05-01,0.0027690952923506984
2026-05-04,-0.0036633921467564834
2026-05-05,0.008022228723942426
2026-05-06,0.013899399692774095
2026-05-07,-0.0030660824190705815
2026-05-08,0.00825609701116825
2026-05-11,0.002277563042387465
2026-05-12,-0.0015149526145865622
2026-05-13,0.00559483781461112
2026-05-14,0.0078943149045545
2026-05-15,-0.012029343756796207
2026-05-18,-0.0007035093177317764
2026-05-19,-0.0066607880874933745
2026-05-20,0.010248994582563453
2026-05-21,0.0019830877010671433
2026-05-22,0.003931549076803931
2026-05-26,0.006638641352187502
2026-05-27,-0.0001732421647460125
2026-05-28,0.005516578600909927
2026-05-29,0.0024914048034492264
2026-06-01,0.002235308582855034
2026-06-02,-0.004354835920039987
2026-06-03,0.0014034392952672094
2026-06-04,-0.008037044018273232
2026-06-05,0.1416350387095558
2026-06-08,-0.08721499229196344
2026-06-09,0.009419554289860013
2026-06-10,0.1326689558777693
2026-06-11,-0.14918454888980878
2026-06-12,-0.02994214962820889
2026-06-15,0.006500937577629219
2026-06-16,-0.005961563003436548
