date,0
1993-01-29,0.0
1993-02-01,0.006868255598736939
1993-02-02,-0.0031489987642869073
1993-02-03,0.007757316065272697
1993-02-04,0.003671977377231178
1993-02-05,-0.00031266947367825505
1993-02-08,-0.00032799206733443733
1993-02-09,-0.006025510232832846
1993-02-10,0.0008569513017922217
1993-02-11,0.0038516558664788737
1993-02-12,-0.007411351058563408
1993-02-16,-0.011916606876118818
1993-02-17,-0.0013032181130341568
1993-02-18,-0.002875813451720073
1993-02-19,-0.001681468166760707
1993-02-22,-0.0009025518146110398
1993-02-23,-0.0009457892676718537
1993-02-24,0.011444176654683157
1993-02-25,0.0020178922611437293
1993-02-26,0.0013986275567125185
1993-03-01,-0.0028158229184663745
1993-03-02,0.014819870994373307
1993-03-03,0.00417292245406764
1993-03-04,-0.0055404416348975305
1993-03-05,-0.002785925638740916
1993-03-08,0.02234679608085499
1993-03-09,-0.0034158036125245816
1993-03-10,0.0020564305646348924
1993-03-11,-0.0027358493867177813
1993-03-12,-0.01028836232512309
1993-03-15,0.004851644495537544
1993-03-16,0.0
1993-03-17,-0.00620757954559048
1993-03-18,0.006246354286695066
1993-03-19,-0.001514120490887616
1993-03-22,-0.005551923458489649
1993-03-23,0.0020941741082030063
1993-03-24,0.0
1993-03-25,0.006267928546508816
1993-03-26,-0.005536319722023286
1993-03-29,0.004174604860689657
1993-03-30,0.002771960244432048
1993-03-31,-0.0006910744302613958
1993-04-01,-0.0037018938109252258
1993-04-02,0.024780604083537335
1993-04-05,-0.013593039921924906
1993-04-06,0.0015362864048794733
1993-04-07,-0.008555958659026796
1993-04-08,-0.005701187316248949
1993-04-12,-0.005956880459202566
1993-04-13,0.0004929976628353951
1993-04-14,-0.0013757247626671261
1993-04-15,-0.0012777330437853882
1993-04-16,-2.487308858296456e-05
1993-04-19,-0.003854699326047449
1993-04-20,-0.004315259613479811
1993-04-21,-0.0009634620733068449
1993-04-22,-0.005250165570115056
1993-04-23,0.0007963165628621562
1993-04-26,0.0011756932818391738
1993-04-27,-0.01053056672648289
1993-04-28,-0.0035467040819672987
1993-04-29,0.0035006392068460315
1993-04-30,0.001418264144778345
1993-05-03,0.006143822821384815
1993-05-04,-0.0021804082339000113
1993-05-05,0.0021136439529169933
1993-05-06,-0.001142088637829824
1993-05-07,-0.002290191738385638
1993-05-10,0.0012496950487778744
1993-05-11,0.0020768027667632766
1993-05-12,-0.0012049260323214986
1993-05-13,-0.005418503160089922
1993-05-14,-0.0022519202110647223
1993-05-17,-0.0007164035197340709
1993-05-18,-0.0010146390185028103
1993-05-19,0.017718523018612365
1993-05-20,0.0025864342760922
1993-05-21,-0.008746675546856065
1993-05-24,0.0038476420570610808
1993-05-25,0.002063718072262847
1993-05-26,0.012483045771956731
1993-05-27,-0.0034268080774522455
1993-05-28,-0.004814612139248073
1993-06-01,0.00967526185301673
1993-06-02,-0.001368904339361765
1993-06-03,-0.0034268002821373766
1993-06-04,-0.0034385074927064663
1993-06-07,-0.003450600795662284
1993-06-08,-0.009003316442453335
1993-06-09,0.0034942383704394953
1993-06-10,0.0006969075680571812
1993-06-11,0.004174604860689657
1993-06-14,-0.0013862102495332262
1993-06-15,-0.002081471995609818
1993-06-16,0.0020858135581192094
1993-06-17,0.0034699905693502675
1993-06-18,-0.00823440271587017
1993-06-21,0.002106161760046188
1993-06-22,0.0007012202495526587
1993-06-23,-0.009103548856212451
1993-06-24,0.01342707744367666
1993-06-25,-0.0006974139959545766
1993-06-28,0.011165951342076541
1993-06-29,-0.004831130778156556
1993-06-30,0.0
1993-07-01,-0.0030178523865798104
1993-07-02,0.0020573193377639637
1993-07-06,0.025757428168070348
1993-07-07,-0.01473216603872085
1993-07-08,-0.012503892984441052
1993-07-09,-0.0048285419883412955
1993-07-12,-0.0019079599277229983
1993-07-13,-0.0006802779820029648
1993-07-14,0.001932504961412982
1993-07-15,-0.0039013907226615584
1993-07-16,-0.002084838153249002
1993-07-19,-0.0014420822357600165
1993-07-20,0.0017869979061162862
1993-07-21,-0.00047176906145526495
1993-07-22,-0.0065076668942003445
1993-07-23,0.003929257420798972
1993-07-26,0.005399227136354812
1993-07-27,-0.0006952911705384103
1993-07-28,-0.0020865339466054184
1993-07-29,0.005575270444593432
1993-07-30,-0.005544359522504094
1993-08-02,0.0025435797873583094
1993-08-03,-0.002791030680962349
1993-08-04,0.00011042237568517582
1993-08-05,-0.0005619479037379572
1993-08-06,0.0009023575300113752
1993-08-09,0.0016792256986503488
1993-08-10,-0.0010699364583990354
1993-08-11,-0.0007600042825102122
1993-08-12,-0.0020001088077603374
1993-08-13,0.00034877881186651336
1993-08-16,0.003949703631864323
1993-08-17,0.0030880429379325346
1993-08-18,0.005367898824975864
1993-08-19,-1.3153746313452946e-05
1993-08-20,0.0006667777606795945
1993-08-23,-0.0020569933764218924
1993-08-24,0.010932102597371351
1993-08-25,0.0006758580836046608
1993-08-26,0.0006753521940668646
1993-08-27,-0.0006749117152297582
1993-08-30,0.004054350368418074
1993-08-31,0.0026911477481827983
1993-09-01,-0.0013420362214785486
1993-09-02,-0.0033603009822740226
1993-09-03,0.0006740741448947318
1993-09-07,-0.0067381264370436345
1993-09-08,-0.0033926640667527597
1993-09-09,0.0020427674793093153
1993-09-10,0.008831134192679668
1993-09-13,0.0006740545971641865
1993-09-14,-0.004037979029698602
1993-09-15,0.0027022813992332306
1993-09-16,-0.004043572072089385
1993-09-17,-0.0019385619823365507
1993-09-20,-0.008185149660461355
1993-09-21,-0.0034385432975039265
1993-09-22,0.008281475952194084
1993-09-23,0.005475637606964456
1993-09-24,-0.0027229091397960037
1993-09-27,0.010921150787008616
1993-09-28,-0.0020259120255006202
1993-09-29,-0.0033826354107311385
1993-09-30,-0.0020369148170944484
1993-10-01,0.004518599611856412
1993-10-04,-0.003677662439248475
1993-10-05,-0.0011157478075315222
1993-10-06,-0.0014962835780918265
1993-10-07,-0.00130887577562011
1993-10-08,-0.0015109489212583862
1993-10-11,0.0009094507187038131
1993-10-12,0.0010181505257116055
1993-10-13,-0.0007256420506468139
1993-10-14,0.012402866488203235
1993-10-15,0.0053121231671473665
1993-10-18,-0.0026603147554211106
1993-10-19,-0.007314655551249604
1993-10-20,0.0013319628176590445
1993-10-21,-0.0013413334362523458
1993-10-22,-0.004693981556392881
1993-10-25,0.0026937050381484243
1993-10-26,-0.0006722763076613745
1993-10-27,0.000672725917688838
1993-10-28,0.0073919274889863665
1993-10-29,-9.711743397249904e-33
1993-11-01,0.0024250962525271848
1993-11-02,-0.0015969713407226087
1993-11-03,0.009838475906588519
1993-11-04,0.026385339005727836
1993-11-05,-0.007665130005001002
1993-11-08,-0.015102486796565222
1993-11-09,-0.0058668851306654946
1993-11-10,-0.007068346546945825
1993-11-11,-0.00010754744270484754
1993-11-12,-0.004583917076317367
1993-11-15,1.0217394587931639e-06
1993-11-16,0.0016701009187731469
1993-11-17,-0.0010531258793905016
1993-11-18,-0.005321578414808995
1993-11-19,-0.0007563284222776908
1993-11-22,-0.0037730414296011676
1993-11-23,-0.005096115427349321
1993-11-24,0.0013634423006126167
1993-11-26,-5.167149100029347e-06
1993-11-29,-0.004244441990302921
1993-11-30,0.0006725948607137643
1993-12-01,0.0013483443486710194
1993-12-02,0.0026939405095491864
1993-12-03,0.0040299806794210635
1993-12-06,0.0033439486490132175
1993-12-07,-0.0006668229407772452
1993-12-08,0.0
1993-12-09,-0.0033350277968775544
1993-12-10,-0.002008282740591061
1993-12-13,0.006036093040756585
1993-12-14,-0.007333231820700559
1993-12-15,-0.0013431312689451413
1993-12-16,0.0033624544286565694
1993-12-17,0.0054956261946297325
1993-12-20,0.0013423513676789067
1993-12-21,-0.0033509434072021005
1993-12-22,0.006724419965153716
1993-12-23,-0.0006675300857788002
1993-12-27,0.005347143730068726
1993-12-28,0.0019947844472887333
1993-12-29,-0.001327352782840685
1993-12-30,-0.003986485940972617
1993-12-31,-0.005336516450019313
1994-01-03,-0.002926658169785766
1994-01-04,0.003415837863341581
1994-01-05,-0.002643176796833401
1994-01-06,0.0003706331357881272
1994-01-07,0.0032662958834197035
1994-01-10,0.010147864065741034
1994-01-11,-0.0017677003114739186
1994-01-12,-0.0030010097453977247
1994-01-13,-0.002256056955341224
1994-01-14,0.0030823300668184755
1994-01-17,-4.7902600072087164e-05
1994-01-18,0.001192328414447359
1994-01-19,-0.0026165390422617438
1994-01-20,0.002541112445601817
1994-01-21,-0.001981071803446359
1994-01-24,-0.003966661275990271
1994-01-25,-8.018702939080287e-06
1994-01-26,0.0026459617993775343
1994-01-27,0.009247357157501208
1994-01-28,0.002617367320752308
1994-01-31,0.00718059916092572
1994-02-01,-0.005184619681122493
1994-02-02,0.006514355704557939
1994-02-03,-0.004531048075299915
1994-02-04,-0.022756525583200737
1994-02-07,0.004657086720456505
1994-02-08,0.0006625733495353447
1994-02-09,0.0039705820373112655
1994-02-10,-0.008569702800161116
1994-02-11,0.0033247850128166334
1994-02-14,0.0013255213583140968
1994-02-15,0.005294205115697004
1994-02-16,-0.000658290514452764
1994-02-17,-0.005928731721959402
1994-02-18,-0.005964163113394316
1994-02-22,0.00999964777239204
1994-02-23,-0.0026398282221153924
1994-02-24,-0.01323623078386138
1994-02-25,0.004694713384986615
1994-02-28,0.0
1994-03-01,-0.004249377005234975
1994-03-02,0.005390935165652641
1994-03-03,-0.0009043925234095433
1994-03-04,-0.0007252314589539484
1994-03-07,-0.0021657730822002555
1994-03-08,0.0005872706251405678
1994-03-09,-0.0006780322462998055
1994-03-10,-0.0017419489891664702
1994-03-11,-0.0004067685438511968
1994-03-14,0.0016648825576433789
1994-03-15,-0.002962121747252901
1994-03-16,0.006494022601816417
1994-03-17,-0.0006308424176619075
1994-03-18,-0.00019318186617616005
1994-03-21,-0.00269120851562476
1994-03-22,0.0024722756961044956
1994-03-23,-0.0007072184283181669
1994-03-24,-0.011863762015479389
1994-03-25,-0.00916527355478018
1994-03-28,0.0009866920921330323
1994-03-29,-0.018418142781626342
1994-03-30,-0.006918138849660942
1994-03-31,-0.005526823368399988
1994-04-04,-0.015660313265343784
1994-04-05,0.016252563878206255
1994-04-06,-0.0009962221816806097
1994-04-07,0.0035040907074412432
1994-04-08,-0.006662925465551152
1994-04-11,0.0025981366210461286
1994-04-12,-0.0015386734835673216
1994-04-13,-0.004301351060771704
1994-04-14,-0.0004605953285109943
1994-04-15,-0.00039505667263919176
1994-04-18,-0.005719372922633124
1994-04-19,0.0007006080968784238
1994-04-20,-0.0011580918221668216
1994-04-21,0.011517275830176392
1994-04-22,-0.0010879395552405298
1994-04-25,0.010201166786196899
1994-04-26,-0.0010412288076779557
1994-04-28,-0.0072458631285765105
1994-04-29,0.003123299038910695
1994-05-02,0.00623630939318659
1994-05-03,-0.0010327576278430515
1994-05-04,-0.0017238602153945015
1994-05-05,-0.0013809630761105751
1994-05-06,-0.009681899726133314
1994-05-09,-0.00872869603168569
1994-05-10,0.007748926689989277
1994-05-11,-0.009087727002777601
1994-05-12,0.00493812861872045
1994-05-13,0.0
1994-05-16,0.00035104973411526075
1994-05-17,0.014736870949413783
1994-05-18,0.007261312899618844
1994-05-19,0.0048060516184535995
1994-05-20,-0.0037585691802635157
1994-05-23,-0.0017146237519483076
1994-05-24,0.00412272820112114
1994-05-25,0.002737225334600968
1994-05-26,0.0006820151228352778
1994-05-27,0.0010229874278022688
1994-05-31,-0.0013627362827542955
1994-06-01,0.004189820075637621
1994-06-02,-0.00415898318323068
1994-06-03,0.00237071193315026
1994-06-06,3.9557945071151126e-05
1994-06-07,-0.0013415973235423497
1994-06-08,-0.005185960284573642
1994-06-09,0.0026913213190334867
1994-06-10,0.0002021017991189044
1994-06-13,-0.00014536193382162755
1994-06-14,0.00719449119895017
1994-06-15,-0.003992050993526046
1994-06-16,0.0018910267072329329
1994-06-17,-0.005304343169389436
1994-06-20,-0.007735963569613242
1994-06-21,-0.006672245312231699
1994-06-22,0.0018143641930773767
1994-06-23,-0.0052979113509138325
1994-06-24,-0.0012977287189934253
1994-06-27,-0.0032870741955886296
1994-06-28,-0.0050588086729593485
1994-06-29,0.0027649133531447607
1994-06-30,-0.006296264985037725
1994-07-01,0.0021056387059089684
1994-07-05,0.005259097238780486
1994-07-06,-0.001394889680373046
1994-07-07,0.004191113205120889
1994-07-08,-0.0003474538809205008
1994-07-11,-0.003479698724890956
1994-07-12,0.0013964254322589298
1994-07-13,0.0017437515445111185
1994-07-14,0.010789754757074554
1994-07-15,0.00034427935025749257
1994-07-18,0.0017216158400461534
1994-07-19,-0.002062226341290496
1994-07-20,-0.004476295757880444
1994-07-21,0.0020751125199220954
1994-07-22,0.0017262219656306588
1994-07-25,0.0013781399283567808
1994-07-26,-0.0010316108941886837
1994-07-27,0.0
1994-07-28,0.0020663121647015448
1994-07-29,0.009969295039841342
1994-08-01,0.004521029946219725
1994-08-02,-0.0024560897200471142
1994-08-03,-0.00012322734071585473
1994-08-04,0.0003315742889255756
1994-08-05,-0.0005075331218483683
1994-08-08,-0.0026077731239817657
1994-08-09,7.084360236289189e-05
1994-08-10,-0.0004673583396824898
1994-08-11,-0.0023464932658755445
1994-08-12,0.003763250054798873
1994-08-15,-0.00027001759025157646
1994-08-16,0.006225642452888185
1994-08-17,-0.0006901158712522934
1994-08-18,-0.003228638995716118
1994-08-19,-0.000566267335991861
1994-08-22,-0.001307666012297472
1994-08-23,0.005654610529665508
1994-08-24,0.010716846541823926
1994-08-25,-0.002651504900744968
1994-08-26,0.014290243929142544
1994-08-29,-0.0006550982554080384
1994-08-30,0.0026226728819882528
1994-08-31,-0.0026158124615808243
1994-09-01,-0.0035229462188439684
1994-09-02,-0.0016537278759284845
1994-09-06,-0.0021507832011107182
1994-09-07,-0.0006321203260688654
1994-09-08,0.0010220123567433988
1994-09-09,0.0032311190980728304
1994-09-12,0.000991815460485091
1994-09-13,-0.004305394407072106
1994-09-14,-0.0045211151209663845
1994-09-15,0.002882346105526585
1994-09-16,-0.004155656981893678
1994-09-19,-0.001253800441537604
1994-09-20,-0.0006020424318102374
1994-09-21,-0.0029712540809400936
1994-09-22,-0.004231501421017785
1994-09-23,0.0016003216884130297
1994-09-26,-0.011855234307398894
1994-09-27,-0.0029133188308709244
1994-09-28,0.006038451227378493
1994-09-29,-0.0050579467457808995
1994-09-30,-0.001354727568559722
1994-10-03,-0.0026127971878937566
1994-10-04,0.007645409266540868
1994-10-05,-0.0045117929325916625
1994-10-06,0.000778595438846352
1994-10-07,-0.006922549435292342
1994-10-10,-0.00014786862426373684
1994-10-11,0.007858928347293199
1994-10-12,0.0017277237336491985
1994-10-13,0.0028584384986814764
1994-10-14,0.002921781095805086
1994-10-17,-0.001777227913731208
1994-10-18,-0.0023972417914245167
1994-10-19,0.0044388045193610795
1994-10-20,-0.006126108451752798
1994-10-21,-0.003936804570453093
1994-10-24,-0.007982200750935638
1994-10-25,0.00019930821905247878
1994-10-26,0.003276361031805074
1994-10-27,0.0059157146570902154
1994-10-28,0.021063219097948022
1994-10-31,-0.0036065588189928364
1994-11-01,-0.011188052880235015
1994-11-02,-0.005657285400460732
1994-11-03,0.005354969464133719
1994-11-04,-0.012982650490214076
1994-11-07,0.0030354591198376024
1994-11-08,0.007734150978574883
1994-11-09,0.0016678460881920376
1994-11-10,-0.006995276710485165
1994-11-11,-0.003690386287538261
1994-11-14,0.009427507757874487
1994-11-15,-0.0033354351221558387
1994-11-16,0.0033465974809334664
1994-11-17,-0.006670941298700717
1994-11-18,-0.0013429337286453569
1994-11-21,-0.010087767646985712
1994-11-22,-0.021739216949412832
1994-11-23,0.00555555966475807
1994-11-25,0.00483453353831198
1994-11-28,0.004466925927620657
1994-11-29,-0.0003413584638460865
1994-11-30,-0.0013692536291928237
1994-12-01,-0.010182230012468428
1994-12-02,0.010418892126736126
1994-12-05,-0.002024024177560131
1994-12-06,-0.00018459418362106047
1994-12-07,-0.004335843071397969
1994-12-08,9.396918223463814e-05
1994-12-09,-0.004784899912763797
1994-12-12,0.0007398785576880357
1994-12-13,0.0012588042768726083
1994-12-14,0.0033118293466136944
1994-12-15,0.0027169401815422254
1994-12-16,0.004643705682096632
1994-12-19,0.0012532743236673698
1994-12-20,-0.003072577163435798
1994-12-21,0.01055853731432828
1994-12-22,-0.003045913961592283
1994-12-23,0.001017151683913134
1994-12-27,0.005427155446112303
1994-12-28,-0.0050597295212795644
1994-12-29,0.0006776505391422179
1994-12-30,-0.011860593340476067
1995-01-03,0.004556815929339875
1995-01-04,0.0007323024154014474
1995-01-05,-0.0005076899456731272
1995-01-06,-0.00035440767701957316
1995-01-09,3.0105747454306888e-05
1995-01-10,-0.0002684895740076769
1995-01-11,0.00015127806721264942
1995-01-12,0.0005688287618064141
1995-01-13,0.010692911942455365
1995-01-16,0.005961266284721508
1995-01-17,0.0003366258924447176
1995-01-18,-0.001002426623656523
1995-01-19,-0.005643535852637662
1995-01-20,-0.0036685066543971274
1995-01-23,0.002997724067168781
1995-01-24,0.0013335297135505914
1995-01-25,0.002673578130312897
1995-01-26,0.0010000880576397054
1995-01-27,0.003995394002108571
1995-01-30,-0.004311325278319502
1995-01-31,0.003997149710322629
1995-02-01,-0.0003317988920076287
1995-02-02,0.005974081777416318
1995-02-03,0.014186773741708958
1995-02-06,0.004229263378602299
1995-02-07,0.001295947251866325
1995-02-08,0.0
1995-02-09,0.0
1995-02-10,0.0012937229753631208
1995-02-13,0.0003234566943586259
1995-02-14,0.0012913605874262934
1995-02-15,0.005483692596619516
1995-02-16,-0.0012827970073403527
1995-02-17,-0.003854284502190275
1995-02-21,-0.00032330772700706056
1995-02-22,0.007419735089613022
1995-02-23,0.0016011590656554997
1995-02-24,0.0025569078366640685
1995-02-27,-0.007971601179222798
1995-02-28,0.008357791062831854
1995-03-01,-0.0066201566101632406
1995-03-02,0.0058743577643198715
1995-03-03,-0.0035062646190036624
1995-03-06,0.0006494462461245566
1995-03-07,0.011440679402810672
1995-03-08,-0.0059822058486262
1995-03-09,-0.0034038155781343908
1995-03-10,0.0004780878365860889
1995-03-13,-0.002360253957725803
1995-03-14,0.005919114594297594
1995-03-15,-0.0017249186362604985
1995-03-16,0.005305963593180392
1995-03-17,0.000888747991350366
1995-03-20,-0.00010107575778227145
1995-03-21,-0.0025202978454727373
1995-03-22,0.0009362203079286805
1995-03-23,0.0006285755386778902
1995-03-24,0.014198050630919726
1995-03-27,0.004044908879513039
1995-03-28,-5.943158156070036e-14
1995-03-29,-0.00030985845584952175
1995-03-30,-0.0018592708843326866
1995-03-31,-0.00403711002613194
1995-04-03,0.002250029048974422
1995-04-04,0.0006561734730241246
1995-04-05,0.0002310222879095137
1995-04-06,0.002284199587971796
1995-04-07,-0.0009674104309953153
1995-04-10,0.0007516355691267814
1995-04-11,-0.0031871352367738716
1995-04-12,0.002390721634630512
1995-04-13,0.005030518131951092
1995-04-17,-0.005714781007793656
1995-04-18,-0.0031527863209723644
1995-04-19,-0.0009681265924906198
1995-04-20,0.0011903912038594895
1995-04-21,0.004829248546006688
1995-04-24,0.01163421271562777
1995-04-25,-0.002731683017357707
1995-04-26,0.0009126248570216469
1995-04-27,0.00243220046560988
1995-04-28,0.0015170981829181547
1995-05-01,-0.0027258924243687963
1995-05-02,0.0021257279143589436
1995-05-03,0.013939519595094652
1995-05-04,-0.0005978022287291829
1995-05-05,-0.0011964453366416494
1995-05-08,0.007185886657304685
1995-05-09,-0.0008923427605951328
1995-05-10,0.0011901442050763489
1995-05-11,0.0026751097482122788
1995-05-12,0.000592841273415079
1995-05-15,0.004739359804445842
1995-05-16,0.0005890755547961479
1995-05-17,-0.003829152229982258
1995-05-18,-0.014493348296503061
1995-05-19,0.0006001878410042405
1995-05-22,0.011097067072654676
1995-05-23,0.009196413021674621
1995-05-24,-0.0005875296174491229
1995-05-25,0.0008823998357485596
1995-05-26,-0.011460528689000493
1995-05-30,-0.00029742675866073487
1995-05-31,0.02081531678498516
1995-06-01,-0.0028659606445040602
1995-06-02,0.0017373066878325033
1995-06-05,0.002129710998612178
1995-06-06,-0.002638968804707211
1995-06-07,-0.003797444975075886
1995-06-08,-0.0016334056422289177
1995-06-09,-0.0032173445763696283
1995-06-12,-0.001579699821955033
1995-06-13,0.008033033100786926
1995-06-14,-0.0009424331893468183
1995-06-15,0.004031034605886203
1995-06-16,0.0028146398187034894
1995-06-19,0.011237561721920301
1995-06-20,-0.002576968007074873
1995-06-21,-0.0005751910033635953
1995-06-22,0.013209207240831059
1995-06-23,-0.0019827445115964404
1995-06-26,-0.011929206280732359
1995-06-27,-0.0020112639775371616
1995-06-28,0.005183705993082474
1995-06-29,-0.0017187717054429896
1995-06-30,-0.0005745501111883433
1995-07-03,0.003489849492547271
1995-07-05,0.0005592798888476298
1995-07-06,0.007674999076693647
1995-07-07,0.004042005698161607
1995-07-10,0.0003498611683964392
1995-07-11,-0.004461185393297065
1995-07-12,0.011582503605173551
1995-07-13,-0.0021669526468001406
1995-07-14,-0.0009632511639360518
1995-07-17,0.005452983957390768
1995-07-18,-0.00851735924766638
1995-07-19,-0.010407599640744065
1995-07-20,0.003211419202368113
1995-07-21,-0.001199631692561125
1995-07-24,0.0072599440205837066
1995-07-25,0.007556354489247085
1995-07-26,-0.0008338784085830735
1995-07-27,0.00834304574792668
1995-07-28,-0.006343128297229487
1995-07-31,-0.0024975604693633856
1995-08-01,-0.0016702555317693608
1995-08-02,-0.002229024848222183
1995-08-03,-0.0002800677672937235
1995-08-04,0.0011182493838592933
1995-08-07,0.0022323675565536494
1995-08-08,0.0
1995-08-09,-0.00027839530247497635
1995-08-10,-0.002228131879236428
1995-08-11,-0.005583877287946404
1995-08-14,0.008984465154338706
1995-08-15,-0.0019480693913667135
1995-08-16,0.002787639217382454
1995-08-17,-0.0016681663160771354
1995-08-18,0.0011142795258760607
1995-08-21,-0.0027820169401928663
1995-08-22,0.0019524949628357824
1995-08-23,-0.0036192951973537113
1995-08-24,0.0011182493838592933
1995-08-25,0.0055818520578829744
1995-08-28,-0.003608359953016005
1995-08-29,0.002506953962457592
1995-08-30,0.0022234890418233455
1995-08-31,0.000830785359823949
1995-09-01,0.0041888319055669605
1995-09-05,0.0017027122695690896
1995-09-06,0.001317054790241406
1995-09-07,0.0004262277649774167
1995-09-08,0.0028995277976040365
1995-09-11,0.0024924115761363968
1995-09-12,0.0044855902346203685
1995-09-13,0.004537358156660754
1995-09-14,0.009106455192891497
1995-09-15,-0.0002758207099879847
1995-09-18,-0.0037437833210780206
1995-09-19,0.0048300123691786545
1995-09-20,0.004807554331522886
1995-09-21,-0.008239852558700517
1995-09-22,0.00026794872205923267
1995-09-25,-0.0016082014168723852
1995-09-26,-0.00026833450109140097
1995-09-27,-0.0008051079602460112
1995-09-28,0.00752289018018959
1995-09-29,-0.00186720630107573
1995-10-02,-0.005319436240282415
1995-10-03,0.010649583286836612
1995-10-04,0.0006204261962628516
1995-10-05,0.00296866282686353
1995-10-06,-0.008164109549704278
1995-10-09,-0.0007416314501803899
1995-10-10,-0.0007784872607788894
1995-10-11,-0.0026586280525436037
1995-10-12,0.00013630814524822222
1995-10-13,3.779357251540178e-06
1995-10-16,-0.003273420409687526
1995-10-17,0.003128266616973691
1995-10-18,0.0020858605205932865
1995-10-19,0.003908697690345843
1995-10-20,-0.005887456587366305
1995-10-23,-0.002351112060728057
1995-10-24,0.0008310622966024736
1995-10-25,-0.007927794570022635
1995-10-26,-0.007880580382716006
1995-10-27,0.006008298363851547
1995-10-30,0.0062923757807975935
1995-10-31,-0.0042683781152935175
1995-11-01,0.008038202851118947
1995-11-02,0.006380057840995601
1995-11-03,0.0013206287101847902
1995-11-06,-0.003429522780490468
1995-11-07,-0.003705635887492398
1995-11-08,0.00903303176471515
1995-11-09,0.003686121843205159
1995-11-10,-0.0005247795287997015
1995-11-13,-0.0010500010202131316
1995-11-14,-0.006568339280818569
1995-11-15,0.010050251808796817
1995-11-16,0.00549867015413974
1995-11-17,0.0031250690165418593
1995-11-20,-0.005192546079758831
1995-11-21,0.008090006269480865
1995-11-22,-0.003105924943824112
1995-11-24,0.0025967846074310685
1995-11-27,0.00025852135261472675
1995-11-28,0.01061665788466648
1995-11-29,0.0010246619733882412
1995-11-30,-0.002303448724963242
1995-12-01,0.0010388880120149062
1995-12-04,0.003720666016368836
1995-12-05,0.006474317002823004
1995-12-06,0.00268743399444099
1995-12-07,-0.004645361326227436
1995-12-08,0.0015399164367608166
1995-12-11,0.003991819363325589
1995-12-12,-0.0030318513119278446
1995-12-13,0.006229571672501929
1995-12-14,-0.007192925992961705
1995-12-15,0.0003633983897315023
1995-12-18,-0.016844162654899054
1995-12-19,0.00827204807135399
1995-12-20,-0.009647965994704102
1995-12-21,0.004950589201179654
1995-12-22,0.0035834000188371567
1995-12-26,0.004848795080973363
1995-12-27,-0.0005083780034725386
1995-12-28,-0.0010166430132630942
1995-12-29,0.0012722021671276451
1996-01-02,0.010429290648636515
1996-01-03,-0.0040170380894481265
1996-01-04,-0.002130732893426298
1996-01-05,-0.0022038460236049437
1996-01-08,-0.0012955684573028843
1996-01-09,0.003258502587693602
1996-01-10,0.015967556346357666
1996-01-11,-0.018647241238335114
1996-01-12,-0.0035510482537904732
1996-01-15,-0.00045892339410374917
1996-01-16,-0.007425664293424929
1996-01-17,-0.0014518481941747862
1996-01-18,-0.0019238766189604642
1996-01-19,0.0023385062731127657
1996-01-22,-0.0004967359726412073
1996-01-23,0.0018542485446454758
1996-01-24,0.007614074116370673
1996-01-25,-0.0035209946517749022
1996-01-26,0.008563655810685068
1996-01-29,0.004016549654304139
1996-01-30,0.008501832079207279
1996-01-31,0.010413944350574411
1996-02-01,0.003681410796837925
1996-02-02,-0.004156436784581663
1996-02-05,0.008101879912464582
1996-02-06,0.009498555368291361
1996-02-07,0.005789744285961795
1996-02-08,0.010793924386435894
1996-02-09,-0.00023727304637022328
1996-02-12,0.007595814373136722
1996-02-13,-0.0021205434594612216
1996-02-14,-0.008734288901811715
1996-02-15,-0.006191725644150492
1996-02-16,-0.004074062632920872
1996-02-20,-0.009865050099196249
1996-02-21,0.012393252629394391
1996-02-22,0.015843031544538366
1996-02-23,-0.0028355552700430886
1996-02-26,-0.014218582073748043
1996-02-27,-0.0031247883254366116
1996-02-28,-0.004581819775910434
1996-02-29,-0.009690051277780776
1996-03-01,0.015656936209007766
1996-03-04,-0.0013822203094910274
1996-03-05,0.007899914681966522
1996-03-06,-0.007938932900928515
1996-03-07,0.004331555343051086
1996-03-08,-0.018882108312196666
1996-03-11,0.002350995461429287
1996-03-12,-0.006317913684550376
1996-03-13,0.003234878164893093
1996-03-14,0.002431984097410506
1996-03-15,-0.0010578333509510052
1996-03-18,0.018131915597713173
1996-03-19,-0.002103034748644963
1996-03-20,-0.001227552986226192
1996-03-21,-0.002475731308071018
1996-03-22,0.002593648551691754
1996-03-25,-0.0019313802430434425
1996-03-26,0.004805233459119492
1996-03-27,-0.00908621406079527
1996-03-28,0.003860794773597992
1996-03-29,-0.004807952819095432
1996-04-01,0.011350673411827385
1996-04-02,-0.004529224901488952
1996-04-03,-0.00031498037040408156
1996-04-04,-0.000938442731407086
1996-04-08,-0.012044511086647594
1996-04-09,-0.004873257159122902
1996-04-10,-0.005479001014211917
1996-04-11,-0.0022828580633814056
1996-04-12,0.002169727676768221
1996-04-15,0.003974474841290194
1996-04-16,0.0017674889825868526
1996-04-17,-0.0019675691676216195
1996-04-18,0.0004974329830255335
1996-04-19,0.0014133930130266635
1996-04-22,0.007097316916206248
1996-04-23,0.0030194234352419673
1996-04-24,-0.003600366626855251
1996-04-25,0.004534012283455977
1996-04-26,0.00214767002067348
1996-04-29,-1.1151113926907524e-06
1996-04-30,-0.0007164104814700919
1996-05-01,0.00215047718104759
1996-05-02,-0.017167783128512415
1996-05-03,-0.0014554640475432645
1996-05-06,-0.0009709908003718848
1996-05-07,-0.004134723171715704
1996-05-08,0.01245376171809287
1996-05-09,-0.0007230729010869741
1996-05-10,0.009896130001865622
1996-05-13,0.015057429566075697
1996-05-14,0.006121311629107007
1996-05-15,-0.0011697207985907898
1996-05-16,0.002109235357126371
1996-05-17,0.005377448033374366
1996-05-20,0.006744473385043692
1996-05-21,-0.0013862468049524734
1996-05-22,0.009483885596579977
1996-05-23,-0.004124823195605476
1996-05-24,0.003911817617111568
1996-05-28,-0.010084803536917208
1996-05-29,-0.0067144238395761
1996-05-30,0.00512796468098875
1996-05-31,-0.007420847457707991
1996-06-03,0.0025597566570962895
1996-06-04,0.0032707266195022024
1996-06-05,0.006234444462184539
1996-06-06,-0.005013208562148457
1996-06-07,-0.0013720515462246378
1996-06-10,-0.002752632952318787
1996-06-11,-0.0012397852688724453
1996-06-12,-0.001422867119750644
1996-06-13,-0.00032764643208311767
1996-06-14,-0.0014042983886684863
1996-06-17,-0.0038499965927656175
1996-06-18,-0.006221518973196018
1996-06-19,0.0024474644564242984
1996-06-20,-0.0016546700509999857
1996-06-21,0.006161934239436898
1996-06-24,0.0012424559144120976
1996-06-25,-0.0013003380184945608
1996-06-26,-0.006722572296345684
1996-06-27,0.006851150230937755
1996-06-28,0.0034905105651909453
1996-07-01,0.008613400028926415
1996-07-02,-0.0036931430707010586
1996-07-03,-0.002085212030844108
1996-07-05,-0.02554034056130794
1996-07-08,-0.004050402188578217
1996-07-09,0.004066874666628584
1996-07-10,0.004051084632503255
1996-07-11,-0.020171367438128085
1996-07-12,0.0007271779539621548
1996-07-15,-0.02952565866107737
1996-07-16,0.0024928978787357448
1996-07-17,0.011940856651499354
1996-07-18,0.01376585988293888
1996-07-19,-0.007274443197718972
1996-07-22,-0.007327948377342186
1996-07-23,-0.012795139530390465
1996-07-24,0.0019935492918243813
1996-07-25,0.008955617042482489
1996-07-26,0.005424377598823638
1996-07-29,-0.011035247533017878
1996-07-30,0.009670524243728496
1996-07-31,0.007367337827478337
1996-08-01,0.016333220478985003
1996-08-02,0.012669689985796479
1996-08-05,-0.005483718242953584
1996-08-06,0.002675484718035443
1996-08-07,0.0022845828887741422
1996-08-08,-0.0016901288885782708
1996-08-09,-0.0033082442653635004
1996-08-12,0.007086594092049721
1996-08-13,-0.007843026508186812
1996-08-14,0.0034291966427240266
1996-08-15,-0.001913162656556296
1996-08-16,0.008439184452900003
1996-08-19,0.0004609924240325624
1996-08-20,-0.0007023979659862658
1996-08-21,-0.0035075732891640668
1996-08-22,0.009385078568624293
1996-08-23,-0.005346742074636719
1996-08-26,-0.004907318472849136
1996-08-27,0.003757805247212825
1996-08-28,-0.0016379388336521207
1996-08-29,-0.009843277009869977
1996-08-30,-0.010414319163460806
1996-09-03,0.006213527436749413
1996-09-04,0.0005964740217190812
1996-09-05,-0.0033599275895941066
1996-09-06,0.0016024746402652952
1996-09-09,0.00816629166781572
1996-09-10,-0.0006794863436164994
1996-09-11,0.004912500094394449
1996-09-12,0.0065209870087475355
1996-09-13,0.014871610029386046
1996-09-16,0.003603113921716992
1996-09-17,-0.002267472178485075
1996-09-18,-0.002504318945103367
1996-09-19,0.0038658420617281755
1996-09-20,0.0035391671446394113
1996-09-23,-0.00023020267267223206
1996-09-24,-0.0002281444377394579
1996-09-25,0.000683089010788313
1996-09-26,-0.00045539604016836744
1996-09-27,0.0009113752260575546
1996-09-30,-0.0009105571736173095
1996-10-01,0.0054651641203520085
1996-10-02,0.006793124685253726
1996-10-03,-0.0008998583464745469
1996-10-04,0.013507741233852233
1996-10-07,0.0011107407838080174
1996-10-08,-0.003993923174400726
1996-10-09,-0.007797067491548959
1996-10-10,-0.002020130934243136
1996-10-11,0.012372716959847319
1996-10-14,0.00133359048658388
1996-10-15,-0.0013318143915814762
1996-10-16,0.004889469936227853
1996-10-17,0.002653303107607252
1996-10-18,0.0052935510597516
1996-10-21,-0.0013166201818707313
1996-10-22,-0.007029174907881908
1996-10-23,0.003318861030225717
1996-10-24,-0.008600620500649914
1996-10-25,0.0008893983409909989
1996-10-28,-0.006666505041265092
1996-10-29,0.008053786133710661
1996-10-30,-0.003328813246954665
1996-10-31,0.00957455419617892
1996-11-01,-0.0037731160460516824
1996-11-04,0.0040149483659869005
1996-11-05,0.0032981463238989086
1996-11-06,0.015779765053058278
1996-11-07,0.0021490155778785343
1996-11-08,0.004865490653557347
1996-11-11,-0.0013180920362467917
1996-11-12,-0.0028928141159460944
1996-11-13,0.0043899715206991985
1996-11-14,0.00654848293626147
1996-11-15,0.0012671902928320454
1996-11-18,0.00020744338798731654
1996-11-19,0.007173028258822341
1996-11-20,0.0016762327803694391
1996-11-21,-0.0014641998996039194
1996-11-22,0.007749871666316188
1996-11-25,0.012678926922253135
1996-11-26,-0.003283787010805766
1996-11-27,-0.001853650627933426
1996-11-29,0.0037140180876762408
1996-12-02,0.00016719276361265684
1996-12-03,-0.004939859825325039
1996-12-04,-0.0017797585320948337
1996-12-05,-0.0011697538047003378
1996-12-06,-0.0005835910783020919
1996-12-09,0.0007379059966091603
1996-12-10,-0.002876312768169645
1996-12-11,-0.0002594085101544994
1996-12-12,0.00017903450414284358
1996-12-13,2.8590421885631677e-05
1996-12-16,0.0011279115618735847
1996-12-17,-0.007004132805839315
1996-12-18,-0.004980323757779617
1996-12-19,0.005330040756316757
1996-12-20,0.0006893923406069802
1996-12-23,-0.0037081200783965094
1996-12-24,0.004806051608758338
1996-12-26,0.006630358306116819
1996-12-27,0.0011437806514939316
1996-12-30,-0.008708785296497662
1996-12-31,-0.018279980758289873
1997-01-02,0.002295140641221716
1997-01-03,0.008417503399561108
1997-01-06,-0.007433543881039208
1997-01-07,0.009623150826542711
1997-01-08,-0.007146342593490069
1997-01-09,0.007285277070366773
1997-01-10,0.008968465830553541
1997-01-13,-0.001723871822448242
1997-01-14,0.011912563298664205
1997-01-15,-0.0024359200226132783
1997-01-16,0.003967275547295935
1997-01-17,0.005953051978684357
1997-01-20,0.0011719021038772448
1997-01-21,0.00803797550553081
1997-01-22,0.007185192833711104
1997-01-23,-0.013871951643454979
1997-01-24,-0.012858328748535276
1997-01-27,-0.002854159620867537
1997-01-28,0.0028581479615388443
1997-01-29,0.00977142459626385
1997-01-30,0.01290369475614179
1997-01-31,-0.0011940583963817586
1997-02-03,0.002745175523219956
1997-02-04,0.0031261740175430874
1997-02-05,-0.01052987895757607
1997-02-06,0.0020844187670824472
1997-02-07,0.00798642302528739
1997-02-10,-0.006486949517876331
1997-02-11,0.007783715588338314
1997-02-12,0.011783640897335104
1997-02-13,0.009945876431897318
1997-02-14,-0.0023301557196122188
1997-02-18,0.007970933419296613
1997-02-19,-0.006514053623771548
1997-02-20,-0.0116133177322865
1997-02-21,2.6788350038532422e-05
1997-02-24,0.011383101416174355
1997-02-25,0.0007492048248707547
1997-02-26,-0.009763904756824125
1997-02-27,-0.014821995504434284
1997-02-28,-0.003003424025123674
1997-03-03,0.006605547518988373
1997-03-04,-0.005490095187694157
1997-03-05,0.016955395730229857
1997-03-06,-0.005815898622071658
1997-03-07,0.00897079020780045
1997-03-10,0.010436299450343967
1997-03-11,-0.005355562868355701
1997-03-12,-0.008845643141566994
1997-03-13,-0.015522472944234145
1997-03-14,0.005124036867965032
1997-03-17,0.002744988364836276
1997-03-18,-0.010754085021940085
1997-03-19,-0.0033608121551668146
1997-03-20,-0.0051561557479281594
1997-03-21,0.0046295985971815945
1997-03-24,0.013944408381950657
1997-03-25,-0.009823447346136716
1997-03-26,0.004365307018720399
1997-03-27,-0.026471501498137928
1997-03-31,-0.021104257021193118
1997-04-01,0.006182246454993656
1997-04-02,-0.015808777051761834
1997-04-03,0.0032132655785087672
1997-04-04,0.007391356029981445
1997-04-07,0.002118720573899541
1997-04-08,0.006199232473386527
1997-04-09,-0.007442931252662487
1997-04-10,-0.003198563468264367
1997-04-11,-0.023301560438216337
1997-04-14,0.007051336836111031
1997-04-15,0.013411380331554732
1997-04-16,0.010449127861664973
1997-04-17,-0.003778884657973658
1997-04-18,0.004558430754078467
1997-04-21,-0.0064443674894118135
1997-04-22,0.02142196277115365
1997-04-23,0.0009972805603241767
1997-04-24,-0.005017008384238962
1997-04-25,-0.011460568306998035
1997-04-28,0.009716637755798134
1997-04-29,0.03154054470270803
1997-04-30,0.0047040946203706115
1997-05-01,-0.0011704780680215077
1997-05-02,0.017968361949911138
1997-05-05,0.023791288216352235
1997-05-06,-0.0007493823777844355
1997-05-07,-0.02175534966373971
1997-05-08,0.00690176887952032
1997-05-09,0.006854230466142308
1997-05-12,0.016641557174169375
1997-05-13,-0.004092324792981716
1997-05-14,0.0018681749545168547
1997-05-15,0.0067108878236088465
1997-05-16,-0.013703712809708724
1997-05-19,0.0030044460163869413
1997-05-20,0.011980954481725092
1997-05-21,-0.002220304454321642
1997-05-22,-0.003337044818445878
1997-05-23,0.009300997476957784
1997-05-27,0.004054464105096578
1997-05-28,-0.00018391998599154302
1997-05-29,-0.005874594466286798
1997-05-30,0.006463537560909671
1997-06-02,-0.004647329515176988
1997-06-03,0.00042711403117955517
1997-06-04,-0.0010227607338381321
1997-06-05,0.0020664082555069967
1997-06-06,0.011923997900783896
1997-06-09,0.003794263403518323
1997-06-10,0.002175047586292257
1997-06-11,0.0018044568629651636
1997-06-12,0.018124215888808793
1997-06-13,0.008293532926119883
1997-06-16,0.0002487739835869247
1997-06-17,-0.0013918162681311865
1997-06-18,-0.003472938771300861
1997-06-19,0.01020087607805401
1997-06-20,-0.0034093253396405136
1997-06-23,-0.024134513721135138
1997-06-24,0.02523589785785986
1997-06-25,-0.006971375622108626
1997-06-26,-0.004917035868273497
1997-06-27,0.0038765131560780006
1997-06-30,-0.006678600455710577
1997-07-01,0.01167740240033066
1997-07-02,0.016439174730116912
1997-07-03,0.013765030754872454
1997-07-07,-0.010183834344962617
1997-07-08,0.010459824511172
1997-07-09,-0.011030060788424167
1997-07-10,0.004461342332808371
1997-07-11,0.003416464276029707
1997-07-14,0.0030645128508550723
1997-07-15,0.005090689135915483
1997-07-16,0.01317193044523468
1997-07-17,-0.005000330961398514
1997-07-18,-0.02127289386661735
1997-07-21,0.00017089030823558282
1997-07-22,0.02652398617593299
1997-07-23,-0.0008338396298031014
1997-07-24,0.004670890625216861
1997-07-25,-0.0006639103639571875
1997-07-28,-0.0006648858004867364
1997-07-29,0.0033258387553056767
1997-07-30,0.011932078751853092
1997-07-31,-0.000982033726871001
1997-08-01,-0.004179325390566534
1997-08-04,0.0022196702462425827
1997-08-05,-0.0013971145261593067
1997-08-06,0.0054654659752996744
1997-08-07,-0.006545948971558211
1997-08-08,-0.011008253954949556
1997-08-11,0.002797960003149168
1997-08-12,-0.008402445704068626
1997-08-13,-0.001231568177770163
1997-08-14,-0.0009600292240119134
1997-08-15,-0.007762136492829412
1997-08-18,0.0017337317805881068
1997-08-19,0.0028448024993104736
1997-08-20,0.00889933653237588
1997-08-21,-0.011332277666269413
1997-08-22,-0.0006986234597376685
1997-08-25,-0.006874086192838161
1997-08-26,-0.00820272305559004
1997-08-27,-0.0006023511988421503
1997-08-28,-0.00632955306338564
1997-08-29,-0.00748245038106723
1997-09-02,0.032259831349660706
1997-09-03,-0.01020037182621147
1997-09-04,0.00556577053790566
1997-09-05,-0.003267803414295097
1997-09-08,0.0033648480728876483
1997-09-09,8.048451208282468e-05
1997-09-10,-0.01843450448603661
1997-09-11,-0.003849961821858189
1997-09-12,0.01325117925326002
1997-09-15,-0.002074327223355992
1997-09-16,0.023103688354288474
1997-09-17,-4.517084674461489e-05
1997-09-18,0.004101397216293616
1997-09-19,0.0016002552480360282
1997-09-22,0.005506190035528867
1997-09-23,-0.004579782917517806
1997-09-24,-0.00820753809350873
1997-09-25,-0.006952376321904899
1997-09-26,0.008321502012954314
1997-09-29,0.009590546796528873
1997-09-30,-0.010484411965537663
1997-10-01,0.013244821879451606
1997-10-02,0.0055555482841620485
1997-10-03,0.005037333054266124
1997-10-06,0.006629206883978167
1997-10-07,0.009315773496554991
1997-10-08,-0.007001692727428788
1997-10-09,-0.003525884060839757
1997-10-10,-0.0028943132204058974
1997-10-13,0.0009675499958430311
1997-10-14,0.00032177467834637596
1997-10-15,-0.0022546013783861785
1997-10-16,-0.01582220491040809
1997-10-17,-0.010170585266418786
1997-10-20,0.014252427094247233
1997-10-21,0.019444549879651163
1997-10-22,-0.0065710582252686
1997-10-23,-0.019684411497981724
1997-10-24,-0.009874878046320701
1997-10-27,-0.07247310582381494
1997-10-28,0.05770555582431558
1997-10-29,-0.002709912529419878
1997-10-30,-0.0220869352801224
1997-10-31,0.023627761652766033
1997-11-03,0.020801130260306836
1997-11-04,-0.004174803338993988
1997-11-05,0.002753034415432946
1997-11-06,-0.0034989246063442366
1997-11-07,-0.008245747458146645
1997-11-10,-0.006021386021825534
1997-11-11,-0.0001430684793723702
1997-11-12,-0.017150301194859968
1997-11-13,0.011273676611803632
1997-11-14,0.010482839912170097
1997-11-17,0.015718871256907192
1997-11-18,-0.006109376891965288
1997-11-19,0.004228699581591864
1997-11-20,0.014339363871196548
1997-11-21,0.006651698186748432
1997-11-24,-0.01788955670061067
1997-11-25,0.002457168050121292
1997-11-26,0.0028650623973932882
1997-11-28,0.0008981061813801097
1997-12-01,0.02580399789145981
1997-12-02,-0.006052283257127136
1997-12-03,0.0028839798395476897
1997-12-04,-0.0009587114713026645
1997-12-05,0.012796538459345586
1997-12-08,-0.0028427097805395762
1997-12-09,-0.006018723027227724
1997-12-10,-0.008604227915263052
1997-12-11,-0.01703627966783683
1997-12-12,0.001962202520595868
1997-12-15,0.010117408128683447
1997-12-16,0.006139034863048343
1997-12-17,-0.005137733547812329
1997-12-18,-0.009684073707710183
1997-12-19,-0.007474544129763672
1997-12-22,0.006429493478865345
1997-12-23,-0.017854209409358
1997-12-24,-0.0030012210465497624
1997-12-26,0.004013829691609239
1997-12-29,0.019659982713869262
1997-12-30,0.015686003296703888
1997-12-31,-0.0006429842994130075
1998-01-02,0.004907391453029321
1998-01-05,-0.00030581125506671386
1998-01-06,-0.011125281000506047
1998-01-07,0.0007561175890080417
1998-01-08,-0.005634370637152708
1998-01-09,-0.015946563865684632
1998-01-12,0.005604323442638134
1998-01-13,0.00496322481239923
1998-01-14,0.0014471017203546536
1998-01-15,-0.0066764646523395105
1998-01-16,0.008918773543023815
1998-01-20,0.013089464823340495
1998-01-21,-0.008924367977633152
1998-01-22,-0.008048922120373465
1998-01-23,-0.0017205117635691785
1998-01-26,-0.001940914439719559
1998-01-27,0.009363460287260301
1998-01-28,0.008974690775913443
1998-01-29,0.005435275472318642
1998-01-30,0.0006359387374514874
1998-02-02,0.01628525949473536
1998-02-03,0.0015936500173519023
1998-02-04,-0.0013902859385996951
1998-02-05,-0.00027006452606378187
1998-02-06,0.00928339174524634
1998-02-09,-0.0031663621997076413
1998-02-10,0.008400226184312676
1998-02-11,-0.0010670079077715056
1998-02-12,0.0038983696821929866
1998-02-13,-0.005670807533160352
1998-02-17,0.004578047007453636
1998-02-18,0.008938408227816184
1998-02-19,-0.0052719059261247285
1998-02-20,0.007378175179383343
1998-02-23,0.003904443714102853
1998-02-24,-0.0078067491369713535
1998-02-25,0.012407157625599735
1998-02-26,0.005680018427278239
1998-02-27,-2.0059099762906463e-09
1998-03-02,-0.0020805788195028922
1998-03-03,0.005659992834399219
1998-03-04,-0.006517437714430252
1998-03-05,-0.009242384253728031
1998-03-06,0.020162732839918318
1998-03-09,-0.003540039823829999
1998-03-10,0.009472895343844323
1998-03-11,0.004692176317454111
1998-03-12,0.004086785447140695
1998-03-13,-0.0037794264957151658
1998-03-16,0.010796590489105862
1998-03-17,0.002886994475106208
1998-03-18,0.003742208469110775
1998-03-19,0.0025813734979978076
1998-03-20,0.008609429384821121
1998-03-23,-0.0022748930122613586
1998-03-24,0.008551660513467008
1998-03-25,-0.0036743319340268865
1998-03-26,-0.0005669325103182521
1998-03-27,-0.00425801887181243
1998-03-30,-0.0005701333792342833
1998-03-31,0.003422978613134342
1998-04-01,0.007857402256711056
1998-04-02,0.00527023776929906
1998-04-03,0.004109453166972157
1998-04-06,-0.0073763287606980095
1998-04-07,-0.005231679842148174
1998-04-08,-0.005308312199054547
1998-04-09,0.005402235351067596
1998-04-13,-0.002881279653138802
1998-04-14,0.006907682030443302
1998-04-15,0.002242461792852042
1998-04-16,-0.010675060620782353
1998-04-17,0.011845427553188553
1998-04-20,-0.0006273132092278002
1998-04-21,0.004564276898343899
1998-04-22,0.0027022344186940876
1998-04-23,-0.009596900319123153
1998-04-24,-0.010405498351162801
1998-04-27,-0.0182692281026263
1998-04-28,-0.0020189179155750405
1998-04-29,0.00654562706534432
1998-04-30,0.01856227454913275
1998-05-01,0.011226425397703538
1998-05-04,-0.0024975112656835385
1998-05-05,-0.006956573709809288
1998-05-06,-0.0117672745607863
1998-05-07,-0.007939426809857597
1998-05-08,0.01629036724719435
1998-05-11,-0.003374960568970131
1998-05-12,0.010722837190774825
1998-05-13,0.002513041608773081
1998-05-14,-0.005012597957343101
1998-05-15,-0.005598391165303029
1998-05-18,-0.003940052272054295
1998-05-19,0.0067817836325867464
1998-05-20,0.00954231646087278
1998-05-21,-0.006393974741261799
1998-05-22,-0.003917121957663916
1998-05-26,-0.016011342480288238
1998-05-27,0.0014271404921477604
1998-05-28,0.0045609536421917785
1998-05-29,-0.009931357326136925
1998-06-01,0.004341772451652349
1998-06-02,-0.00022437533225995367
1998-06-03,-0.010286179465475512
1998-06-04,0.010688886706182016
1998-06-05,0.015056054745177816
1998-06-08,-0.0011889084188124585
1998-06-09,0.002590155998765068
1998-06-10,-0.0055858275351344435
1998-06-11,-0.014556590226768858
1998-06-12,0.006565702892232651
1998-06-15,-0.01860369490350644
1998-06-16,0.009250787544077443
1998-06-17,0.01663186545050835
1998-06-18,-0.0045424620210382655
1998-06-19,-0.005020742329784141
1998-06-22,0.00393784319010131
1998-06-23,0.011479836125220862
1998-06-24,0.01336206707812195
1998-06-25,-0.0016550844865003392
1998-06-26,0.004138927745312507
1998-06-29,0.0035730424251080306
1998-06-30,-0.006847427129412107
1998-07-01,0.011583284333789745
1998-07-02,0.0019085314545008725
1998-07-06,0.010067841483744955
1998-07-07,-0.00188516112850734
1998-07-08,0.007287118014924321
1998-07-09,-0.006699230852267313
1998-07-10,0.005395273872722983
1998-07-13,0.0002685288354113968
1998-07-14,0.011266036275483948
1998-07-15,-0.0018562636249844777
1998-07-16,0.006908945686900925
1998-07-17,0.0013196274862183888
1998-07-20,0.0
1998-07-21,-0.017395917388779214
1998-07-22,0.0
1998-07-23,-0.019849845036427283
1998-07-24,-0.0008213549241850027
1998-07-27,0.007121871583019912
1998-07-28,-0.016862124549835045
1998-07-29,-0.00387247815897096
1998-07-30,0.014996042545825539
1998-07-31,-0.021340487041137002
1998-08-03,-0.004437417356098592
1998-08-04,-0.01680856615278739
1998-08-05,0.0056724243933543375
1998-08-06,0.00024967460502843195
1998-08-07,-0.0007087954710355785
1998-08-10,-0.0034019273672186608
1998-08-11,-0.00571245676981528
1998-08-12,0.005550237948363382
1998-08-13,-0.006340831115715742
1998-08-14,-0.002269184440520532
1998-08-17,0.006662828367794702
1998-08-18,0.008938562077313488
1998-08-19,-0.0023166025005847087
1998-08-20,-0.004034125413004139
1998-08-21,-0.003844498450779401
1998-08-24,0.0003537459054507794
1998-08-25,-0.00011970501920127849
1998-08-26,-0.00470183085228763
1998-08-27,-0.019476611312462883
1998-08-28,-0.001999288869869568
1998-08-31,-0.0023613187427562604
1998-09-01,-0.00042476826652493305
1998-09-02,0.0005386772840575392
1998-09-03,-0.00786433838545142
1998-09-04,-0.008243235606694488
1998-09-08,0.05370757362689371
1998-09-09,-0.02427128694814029
1998-09-10,-0.01990083028574252
1998-09-11,0.03236085795950383
1998-09-14,0.017208967989552626
1998-09-15,0.00604250127759709
1998-09-16,0.009009015445438306
1998-09-17,-0.028571472404004705
1998-09-18,0.00445473367386251
1998-09-21,-0.0006124549684136671
1998-09-22,0.008269639038839038
1998-09-23,0.04009735905930101
1998-09-24,-0.024532784965109578
1998-09-25,-0.0011976648610997342
1998-09-28,0.008992902042309181
1998-09-29,-0.0023768273885453883
1998-09-30,-0.030375219843196688
1998-10-01,-0.02911403954927061
1998-10-02,0.02017141971554342
1998-10-05,-0.017052997867127852
1998-10-06,-0.001806312697202564
1998-10-07,-0.011632666055443441
1998-10-08,-0.0038732741410611128
1998-10-09,0.014585004967015591
1998-10-12,0.010470197562593628
1998-10-13,-0.003267196855636454
1998-10-14,0.00737711510423099
1998-10-15,0.048235468461224514
1998-10-16,0.0003278767711013033
1998-10-19,0.0029096216514305803
1998-10-20,0.005698206901622997
1998-10-21,-0.003534208322640622
1998-10-22,0.014760794952784085
1998-10-23,-0.012677244986813347
1998-10-26,0.007240200443439402
1998-10-27,-0.005809083773539023
1998-10-28,-0.001753273177511275
1998-10-29,0.02428323382232531
1998-10-30,0.0054268407469120206
1998-11-02,0.016801509374833934
1998-11-03,-0.009497147768272344
1998-11-04,0.008603967420937383
1998-11-05,0.01130610519322205
1998-11-06,0.002485722247332656
1998-11-09,-0.006206612760073164
1998-11-10,-0.0027009427352505675
1998-11-11,-0.006078711527640689
1998-11-12,-0.0009255903762966726
1998-11-13,0.008393762631702146
1998-11-16,0.006205950468371203
1998-11-17,-0.0003849781635457683
1998-11-18,0.005524545217778323
1998-11-19,0.00830158245809734
1998-11-20,0.00737578503985381
1998-11-23,0.023548590191458305
1998-11-24,-0.006282529422182287
1998-11-25,-6.127503182762778e-07
1998-11-27,0.007376576961488586
1998-11-30,-0.02824285061998576
1998-12-01,0.012916912765905559
1998-12-02,-0.002921835392145744
1998-12-03,-0.01652051878374916
1998-12-04,0.026279961616245462
1998-12-07,0.004752295960809283
1998-12-08,-0.004466958491067485
1998-12-09,0.0018472331702761302
1998-12-10,-0.01462019439397011
1998-12-11,0.002005021373796101
1998-12-14,-0.02881533523099422
1998-12-15,0.025824491154782026
1998-12-16,-0.001339536462607871
1998-12-17,0.015956027072489
1998-12-18,0.004248654493663739
1998-12-21,0.013976810968673758
1998-12-22,0.004421453672856623
1998-12-23,0.02097372204717174
1998-12-24,-0.00431076198343594
1998-12-28,-0.00254834329098097
1998-12-29,0.01583295428707099
1998-12-30,-0.008044048379325486
1998-12-31,0.0
1999-01-04,-0.0025248401074998684
1999-01-05,0.009140364597987938
1999-01-06,0.019664717083936557
1999-01-07,-0.004053081657804467
1999-01-08,0.00591868841841412
1999-01-11,-0.008241273584643074
1999-01-12,-0.01384331250542189
1999-01-13,-0.00437054134162083
1999-01-14,-0.010334101034993725
1999-01-15,0.015296543193333349
1999-01-19,0.003571537102421549
1999-01-20,0.006393248443915404
1999-01-21,-0.021788891737665187
1999-01-22,-0.0018711537170474914
1999-01-25,0.0057961669390079245
1999-01-26,0.01562504737412146
1999-01-27,-0.011205889120171907
1999-01-28,0.01569480941142895
1999-01-29,0.007469852432972901
1999-02-01,-0.005900374952044826
1999-02-02,-0.006156450427410978
1999-02-03,0.010158818005133883
1999-02-04,-0.01496206718919324
1999-02-05,-0.011453997205265853
1999-02-08,0.002014890469097974
1999-02-09,-0.022372859140204038
1999-02-10,0.006428487018522944
1999-02-11,0.02299404774002678
1999-02-12,-0.011987967674337185
1999-02-16,-0.006066761151106825
1999-02-17,-0.0010164806273755822
1999-02-18,0.007891380057610142
1999-02-19,0.004293936981274893
1999-02-22,0.026660185006624815
1999-02-23,-0.000489612260855754
1999-02-24,-0.017647609570020872
1999-02-25,-0.009480875143798473
1999-02-26,-0.004030574514591656
1999-03-01,0.0025386801358415773
1999-03-02,-0.006846662231529639
1999-03-03,0.0036898807781974045
1999-03-04,0.008515747947849551
1999-03-05,0.01646613897699114
1999-03-08,0.005778673535026659
1999-03-09,-0.0023083100963844716
1999-03-10,0.008166598123018391
1999-03-11,0.010626320304579188
1999-03-12,-0.009329920903139392
1999-03-15,0.013758642063479692
1999-03-16,-0.003820004300089451
1999-03-17,-0.004273221679095015
1999-03-18,0.01586318424695694
1999-03-19,-0.01692981975381353
1999-03-22,0.0018496055979982922
1999-03-23,-0.02851089747830835
1999-03-24,0.005446615170069993
1999-03-25,0.020294936293179223
1999-03-26,-0.007240893973359115
1999-03-29,0.020172616666977547
1999-03-30,-0.005241963301182683
1999-03-31,-0.016048050240843992
1999-04-01,0.007302577011783163
1999-04-05,0.016427079808997117
1999-04-06,-0.0021210698118254065
1999-04-07,0.007223989176753896
1999-04-08,0.011760252540743251
1999-04-09,-4.027769181398286e-05
1999-04-12,0.01025862704383201
1999-04-13,-0.006303028977689375
1999-04-14,-0.016002174869767207
1999-04-15,-0.003972554510916932
1999-04-16,-0.008198804388483156
1999-04-19,-0.014193861421617599
1999-04-20,0.01082415681741306
1999-04-21,0.027817960580548442
1999-04-22,0.00946522342454228
1999-04-23,-0.0025262056070900897
1999-04-26,0.005749502088366251
1999-04-27,0.004804359036364624
1999-04-28,-0.013661256479250544
1999-04-29,-0.0076181355724668914
1999-04-30,-0.008141030286376421
1999-05-03,0.018048752959959558
1999-05-04,-0.014971227177415098
1999-05-05,0.005702795306214487
1999-05-06,-0.003504379523766428
1999-05-07,0.00418720968315435
1999-05-10,-0.004269861247836101
1999-05-11,0.007580487108483292
1999-05-12,0.006876533614232498
1999-05-13,0.003259055289048237
1999-05-14,-0.022085679226976015
1999-05-17,0.0015141842265582292
1999-05-18,-0.0020098857468101123
1999-05-19,0.00505418542343352
1999-05-20,-0.0059361523716325755
1999-05-21,-0.005325025277600144
1999-05-24,-0.01406998784306129
1999-05-25,-0.011901149978173934
1999-05-26,0.006397232563254811
1999-05-27,-0.011003652370670967
1999-05-28,0.007271554794394756
1999-06-01,-0.0061033081033697225
1999-06-02,0.0007354812623333615
1999-06-03,0.005533777824033637
1999-06-04,0.02010088940990218
1999-06-07,0.002579712070846396
1999-06-08,-0.009826729970317638
1999-06-09,-0.0009445524942358619
1999-06-10,-0.009224017345278224
1999-06-11,-0.008355738220881204
1999-06-14,0.0009631393045195225
1999-06-15,0.00673378722857465
1999-06-16,0.019111683392443624
1999-06-17,0.00937613185338515
1999-06-18,0.0011556782650830044
1999-06-21,0.0023266410469748866
1999-06-22,-0.006963539224652426
1999-06-23,-0.004909510568773756
1999-06-24,-0.007516666977959607
1999-06-25,-0.0024855030860898575
1999-06-28,0.012219915354261257
1999-06-29,0.009376284243273858
1999-06-30,0.01811456344608864
1999-07-01,0.007283460000979905
1999-07-02,0.003538928850726932
1999-07-06,0.0002718440710360936
1999-07-07,0.0006334935908411139
1999-07-08,0.0003713470071729831
1999-07-09,0.004266144712481841
1999-07-12,-0.004027030836241962
1999-07-13,-0.0034046550153305783
1999-07-14,0.004955067023725205
1999-07-15,0.005796405351712492
1999-07-16,0.005182587455526572
1999-07-19,-0.0065670676160087815
1999-07-20,-0.019419696980251533
1999-07-21,-0.0014225791794964984
1999-07-22,-0.011588628004246721
1999-07-23,-0.002146431334452324
1999-07-26,-0.007889666164360324
1999-07-27,0.00674424613319773
1999-07-28,0.0029842770823100676
1999-07-29,-0.013968863556962878
1999-07-30,-0.012364991725381339
1999-08-02,0.002110031705956807
1999-08-03,-0.002945684342684749
1999-08-04,-0.008941070305815164
1999-08-05,0.005449998938704022
1999-08-06,-0.008459739287016162
1999-08-09,-0.0019148912981476825
1999-08-10,-0.006712479752081088
1999-08-11,0.004230651295959259
1999-08-12,-0.0012463635420993167
1999-08-13,0.015587933011615165
1999-08-16,0.0033570658520862082
1999-08-17,0.005215849648668934
1999-08-18,-0.0062892627474462085
1999-08-19,-0.0070674283660051036
1999-08-20,0.008182213759902347
1999-08-23,0.017869070926230586
1999-08-24,0.0035720672409077538
1999-08-25,0.010203533894796763
1999-08-26,-0.011963117324195957
1999-08-27,-0.01209668921069416
1999-08-30,-0.018521474403647428
1999-08-31,-0.0037897728937629567
1999-09-01,0.01230485302439631
1999-09-02,-0.011805421400496452
1999-09-03,0.02921397366965972
1999-09-07,-0.0036775865713223332
1999-09-08,-0.004844417463249928
1999-09-09,-0.000463130508016274
1999-09-10,0.008348477660198972
1999-09-13,-0.006784534917721685
1999-09-14,-0.006599691429098997
1999-09-15,-0.015850503898464874
1999-09-16,0.003908141647892993
1999-09-17,0.012634572231238872
1999-09-20,-0.0014022448876602756
1999-09-21,-0.021056629409518246
1999-09-22,-0.001076233535489246
1999-09-23,-0.020935291935298528
1999-09-24,-0.0009772063143296261
1999-09-27,0.006604839963284981
1999-09-28,-0.0019439625114503478
1999-09-29,-0.011930900896377161
1999-09-30,0.015278119995072004
1999-10-01,-0.002428194872751473
1999-10-04,0.012996874915395076
1999-10-05,-0.0009017696476431068
1999-10-06,0.012054345078755798
1999-10-07,-0.004772799299858611
1999-10-08,0.013154170818871738
1999-10-11,-0.0018001065794513561
1999-10-12,-0.014393514217841843
1999-10-13,-0.02141839246804144
1999-10-14,-0.0006243552946198767
1999-10-15,-0.016991190213162047
1999-10-18,0.00198362163230609
1999-10-19,0.005536621912415741
1999-10-20,0.006690197170434581
1999-10-21,0.005008507212046842
1999-10-22,0.007602357681056303
1999-10-25,-0.005170706903409878
1999-10-26,-0.012453619327269802
1999-10-27,0.017891810310576885
1999-10-28,0.03410140888986846
1999-10-29,0.018114208112027574
1999-11-01,-0.010736560411552132
1999-11-02,-0.0005081032323513623
1999-11-03,0.003816031198383762
1999-11-04,0.004539214778645171
1999-11-05,0.005681216231873671
1999-11-08,-0.00011831256046185485
1999-11-09,-0.007052156594901494
1999-11-10,0.005034226652453805
1999-11-11,0.0042413947442224275
1999-11-12,0.007432508290565485
1999-11-15,0.001862555804324793
1999-11-16,0.007255120364917267
1999-11-17,0.002512994820842142
1999-11-18,0.006791364160215305
1999-11-19,-0.0009235878179912586
1999-11-22,-0.00025551857643947996
1999-11-23,-0.008743476918288985
1999-11-24,0.00526663220256195
1999-11-26,-0.003745041885706047
1999-11-29,-0.0035416000101694874
1999-11-30,-0.011752134686456953
1999-12-01,0.008077594415402956
1999-12-02,0.006009565441595477
1999-12-03,0.018362471781466994
1999-12-06,-0.007386258968613557
1999-12-07,-0.008098423681358269
1999-12-08,-0.006398500845833821
1999-12-09,0.004885637637425111
1999-12-10,0.003314940684960632
1999-12-13,0.0017615534843891112
1999-12-14,-0.009674169531943777
1999-12-15,0.005328461874259505
1999-12-16,0.004416677362680366
1999-12-17,0.006422194124562353
1999-12-20,-0.007227438924646834
1999-12-21,0.015221511398534782
1999-12-22,0.002608139892340544
1999-12-23,0.015929268404106578
1999-12-27,-0.001386426716210254
1999-12-28,-0.0006410721669802832
1999-12-29,0.004276000774910527
1999-12-30,-0.0011707690717924768
1999-12-31,0.001597921713709649
2000-01-03,-0.010031174508840722
2000-01-04,-0.018573821560659568
2000-01-05,-0.0003675423742995664
2000-01-06,-0.008541015507242879
2000-01-07,0.029289331368147476
2000-01-10,0.0017155301698796397
2000-01-11,-0.008899903810862936
2000-01-12,-0.007050435683919682
2000-01-13,0.008307465870808176
2000-01-14,0.00958816305853771
2000-01-18,-0.006971899169468718
2000-01-19,0.006809992750486675
2000-01-20,-0.013338239157272842
2000-01-21,-0.0026643834201049293
2000-01-24,-0.019048076862300575
2000-01-25,0.0052495679265972634
2000-01-26,-0.005797204114762476
2000-01-27,-0.002898860943675243
2000-01-28,-0.009083793267318556
2000-01-31,0.0023011011344811483
2000-02-01,0.0033440026578699916
2000-02-02,-0.000715502517979736
2000-02-03,0.015064179942237077
2000-02-04,-0.004146883413206126
2000-02-07,-0.0015342330444322316
2000-02-08,0.013609019977985914
2000-02-09,-0.021005509612820217
2000-02-10,0.0019912806280264483
2000-02-11,-0.020309470602735358
2000-02-14,0.005858885628294619
2000-02-15,0.011313138577699666
2000-02-16,-0.014730666900493627
2000-02-17,-0.005170707360300009
2000-02-18,-0.021469370583584668
2000-02-22,-0.0025398234253135588
2000-02-23,0.011808235255380106
2000-02-24,-0.02013767603024985
2000-02-25,-0.0036195962648823965
2000-02-28,0.020977323559805416
2000-02-29,0.009641858494007227
2000-03-01,0.0070319396726592496
2000-03-02,-0.0034659255973005457
2000-03-03,0.015021294630370857
2000-03-06,-0.008129895622932662
2000-03-07,-0.013904832177181126
2000-03-08,-0.0018116179687780905
2000-03-09,0.023050811647166377
2000-03-10,-0.005451456465805428
2000-03-13,-0.009671391393251516
2000-03-14,-0.011040243499240304
2000-03-15,0.018380475556925183
2000-03-16,0.045058956309586555
2000-03-17,0.006604716091259561
2000-03-20,-0.005122182596610675
2000-03-21,0.020498465469621023
2000-03-22,0.006074341854533271
2000-03-23,0.01707224182765337
2000-03-24,0.00593681311984641
2000-03-27,-0.010581904054765912
2000-03-28,-0.005759391978364515
2000-03-29,0.0010344520695413611
2000-03-30,-0.0167387660247863
2000-03-31,0.01134950203039864
2000-04-03,0.005574525428113653
2000-04-04,-0.004409548972942108
2000-04-05,-0.003519940133206712
2000-04-06,0.004452579135741791
2000-04-07,0.0020740878041927285
2000-04-10,-0.002983141410506875
2000-04-11,-0.0016681302694083573
2000-04-12,-0.017597019619901573
2000-04-13,-0.007916697671259455
2000-04-14,-0.015043934534576538
2000-04-17,0.002846540038712833
2000-04-18,0.007964780862640717
2000-04-19,-0.0045380682798940595
2000-04-20,0.0004250021948991132
2000-04-24,-0.007247950004666719
2000-04-25,0.02306181899199792
2000-04-26,-0.00862759913577341
2000-04-27,-0.003720638298506221
2000-04-28,-0.005313434799997047
2000-05-01,0.0072826515589774765
2000-05-02,-0.017643257379932588
2000-05-03,-0.008832369051263105
2000-05-04,0.0075483976793515595
2000-05-05,0.012120072334712795
2000-05-08,-0.007511876444363796
2000-05-09,-0.008006940405508312
2000-05-10,-0.02255644202613072
2000-05-11,0.022850566995366473
2000-05-12,0.010838917050435715
2000-05-15,0.017286167536810337
2000-05-16,0.009679210983844166
2000-05-17,-0.010438450868914595
2000-05-18,-0.012271514976676556
2000-05-19,-0.015692881610912868
2000-05-22,-0.007528860474046217
2000-05-23,-0.014725306607775712
2000-05-24,0.01630401302201867
2000-05-25,-0.017156832394815136
2000-05-26,0.0011338287031437133
2000-05-30,0.03260864208352299
2000-05-31,0.002193219258773027
2000-06-01,0.017261923439347404
2000-06-02,0.010029342871947122
2000-06-05,-0.0044009844170945405
2000-06-06,-0.004046840265223878
2000-06-07,0.00581187977509006
2000-06-08,-0.003669938266884347
2000-06-09,-0.0023989812085550575
2000-06-12,-0.01121758723470143
2000-06-13,0.01705836407430315
2000-06-14,0.0014886653781838934
2000-06-15,0.0018725606235100174
2000-06-16,-0.008123834759164655
2000-06-19,0.01245572592473079
2000-06-20,-0.0035782279334392875
2000-06-21,-0.0004501241341506459
2000-06-22,-0.015090608445832116
2000-06-23,-0.008502038799829538
2000-06-26,0.012637186751527791
2000-06-27,-0.0073757337050773895
2000-06-28,0.0027974276897839777
2000-06-29,-0.009445459050951418
2000-06-30,0.007585244187958212
2000-07-03,0.013522370816987817
2000-07-05,-0.01500797731547688
2000-07-06,0.004262222110299901
2000-07-07,0.010321242128979394
2000-07-10,-0.0014452918646658693
2000-07-11,0.0013507068929732619
2000-07-12,0.005495582180166884
2000-07-13,0.0038363355911669415
2000-07-14,0.008982526421740494
2000-07-17,-0.001838562579378889
2000-07-18,-0.007978357902594942
2000-07-19,-0.007841923115182312
2000-07-20,0.013295899481354961
2000-07-21,-0.019094215329961646
2000-07-24,-0.00576795729668053
2000-07-25,0.00288818164294033
2000-07-26,-0.00957663286609923
2000-07-27,-0.0034888919221514178
2000-07-28,-0.02024906366599003
2000-07-31,0.0037738257360854805
2000-08-01,0.006011842754162346
2000-08-02,0.0049952023389599415
2000-08-03,0.0069160309130282815
2000-08-04,0.005365915241025032
2000-08-07,0.011955418486829128
2000-08-08,0.0037976120695142335
2000-08-09,-0.00840703857749281
2000-08-10,-0.004874935201928388
2000-08-11,0.004685508624769685
2000-08-14,0.01271980436608966
2000-08-15,-0.0008370440147335012
2000-08-16,-0.0035613717641754805
2000-08-17,0.01051368584062895
2000-08-18,-0.003329904683535667
2000-08-21,0.005427676284337046
2000-08-22,-0.0016612554099487697
2000-08-23,0.003952520721824282
2000-08-24,0.0031070608242380615
2000-08-25,-0.00041286346758884207
2000-08-28,0.003409292816268561
2000-08-29,0.00020573547718716334
2000-08-30,-0.009572913315938125
2000-08-31,0.013302803568249644
2000-09-01,0.0007818259498160197
2000-09-05,-0.0007346632653413981
2000-09-06,-0.001555637283906201
2000-09-07,-0.002194274728004302
2000-09-08,-0.005484127126733616
2000-09-11,-0.003548525194774169
2000-09-12,-0.0023818627433660365
2000-09-13,-0.0012747074902715052
2000-09-14,0.0004188765206522699
2000-09-15,-0.002580839094418745
2000-09-18,0.002995101370607862
2000-09-19,-0.007353858542669504
2000-09-20,0.0016150446153051206
2000-09-21,0.011734594429292824
2000-09-22,-0.01550834387216702
2000-09-25,-0.004108831045607353
2000-09-26,0.012339069123977135
2000-09-27,-0.011990128618473414
2000-09-28,-0.01921872175987068
2000-09-29,0.0010761019177793797
2000-10-02,0.001279361543246484
2000-10-03,-0.005346667560795685
2000-10-04,0.004574030173772156
2000-10-05,0.0014566790133236376
2000-10-06,-0.012015809454363341
2000-10-09,-0.003697205160120566
2000-10-10,-0.005427644680887658
2000-10-11,5.0227514176971744e-05
2000-10-12,0.0038923521646785503
2000-10-13,-0.0015435991972323412
2000-10-16,-0.0030789746298277203
2000-10-17,-0.003706236871352346
2000-10-18,-9.868540322669535e-06
2000-10-19,0.002212970321325128
2000-10-20,7.087854031027907e-05
2000-10-23,-0.0001459705312289606
2000-10-24,-0.005414516457069694
2000-10-25,-0.007308953105405313
2000-10-26,0.000379301860741785
2000-10-27,0.003376193777327988
2000-10-30,0.0017098510244508642
2000-10-31,0.016413900502478932
2000-11-01,-0.0033885266073687722
2000-11-02,0.0016448892045386465
2000-11-03,0.0005472830723876054
2000-11-06,0.007003372304441813
2000-11-07,-0.00021686837527001845
2000-11-08,-0.02217388427495226
2000-11-09,-0.0037796961385346828
2000-11-10,-0.02432450417262877
2000-11-13,-0.007776985271983117
2000-11-14,0.026279367872279247
2000-11-15,0.003145241148330147
2000-11-16,-0.01567464655968598
2000-11-17,-0.005345680192980096
2000-11-20,-0.014293638158612176
2000-11-21,0.005104539599888769
2000-11-22,-0.02389241969795064
2000-11-24,0.02045683055771086
2000-11-27,0.008806747471817866
2000-11-28,-0.01723006365397539
2000-11-29,-0.0018697361124495604
2000-11-30,-0.008665698376888908
2000-12-01,-0.0007162601049598414
2000-12-04,0.004972623391209272
2000-12-05,0.028200939454025527
2000-12-06,-0.015055736486046975
2000-12-07,-0.012471213128340266
2000-12-08,0.00071364208237912
2000-12-11,0.032998810838677124
2000-12-12,-0.004092549916231289
2000-12-13,-0.013539679010531581
2000-12-14,-0.01199116152024315
2000-12-15,-0.01997408045657596
2000-12-18,0.01115283111108032
2000-12-19,-0.018526688651770686
2000-12-20,-0.02048096487531033
2000-12-21,0.0029696035423055107
2000-12-22,0.023123241238309496
2000-12-26,0.009090842225499917
2000-12-27,0.007199886125263405
2000-12-28,0.0030408643287750978
2000-12-29,-0.01892976089504744
2001-01-02,-0.018347770827162657
2001-01-03,0.042798571458920374
2001-01-04,-0.009387201973882344
2001-01-05,-0.024935875585479828
2001-01-08,0.005395345999142483
2001-01-09,-0.0038554225324374993
2001-01-10,0.012927970536544434
2001-01-11,-7.451180574130785e-05
2001-01-12,-0.002553826601091753
2001-01-16,0.004850156867080179
2001-01-17,0.0038426069597990086
2001-01-18,0.0089095434408687
2001-01-19,-0.005615431041312722
2001-01-22,0.006135741738713845
2001-01-23,0.007689079839509959
2001-01-24,0.002967323432770445
2001-01-25,-0.0025234723872170463
2001-01-26,-0.0011594620230042476
2001-01-29,0.005326261867371043
2001-01-30,0.00878423828496186
2001-01-31,-0.005660026784173065
2001-02-01,0.00664150947378217
2001-02-02,-0.022693096914694788
2001-02-05,0.00734412964367781
2001-02-06,-0.0029455517474683557
2001-02-07,-0.00517038886667498
2001-02-08,-0.011656130594750791
2001-02-09,-0.00961561263552102
2001-02-12,0.01145407358002326
2001-02-13,-0.008174475307021756
2001-02-14,-0.001511901303345331
2001-02-15,0.009692334460217333
2001-02-16,-0.022048983322884408
2001-02-20,-0.01541403974077793
2001-02-21,-0.021575272691645275
2001-02-22,0.0015129749543849602
2001-02-23,-0.006755962764678269
2001-02-26,0.021286566217801672
2001-02-27,-0.009246198856248555
2001-02-28,-0.019693386944273583
2001-03-01,0.005000080919741692
2001-03-02,-0.008401181577305015
2001-03-05,0.006311415032251987
2001-03-06,0.008314252252414415
2001-03-07,0.0054822597674394555
2001-03-08,0.0008978220588378689
2001-03-09,-0.025638006634557557
2001-03-12,-0.028909813911980775
2001-03-13,0.008213092217430287
2001-03-14,-0.011842908414204592
2001-03-15,-0.0011839867960467406
2001-03-16,-0.010398608634571378
2001-03-19,0.00872385708656198
2001-03-20,-0.013452273314053336
2001-03-21,-0.006511820712922554
2001-03-22,-0.003333782213605754
2001-03-23,0.00890610811521857
2001-03-26,0.0020502097653304283
2001-03-27,0.009427253995818128
2001-03-28,-0.014261997375907696
2001-03-29,-3.002753688245664e-05
2001-03-30,0.0007226176438683025
2001-04-02,-0.021582215271536028
2001-04-03,-0.012406292248231098
2001-04-04,0.0015304066652617578
2001-04-05,0.022379181918633834
2001-04-06,-0.010177143257
2001-04-09,0.006845927841708553
2001-04-10,0.012258039171712726
2001-04-11,-0.00035425381952747075
2001-04-12,0.0144539431879962
2001-04-16,-0.010413034692963277
2001-04-17,0.012539856633074789
2001-04-18,0.03848205216037358
2001-04-19,0.013237507621677446
2001-04-20,-0.009120924766340624
2001-04-23,-0.018063183687629363
2001-04-24,-0.005396883666210257
2001-04-25,0.01294471824070795
2001-04-26,0.004445869506207922
2001-04-27,0.016647597275480257
2001-04-30,0.006996218544091375
2001-05-01,0.0030793792590727742
2001-05-02,-0.0018101950137776601
2001-05-03,-0.01269510235930249
2001-05-04,0.0170114054297148
2001-05-07,-0.008638742047417214
2001-05-08,-0.00047499001473894076
2001-05-09,-0.004200373810984481
2001-05-10,0.0029445158308969432
2001-05-11,-0.006903287700779748
2001-05-14,0.001997737638458341
2001-05-15,0.004624847648723618
2001-05-16,0.023575499458691196
2001-05-17,0.0015505527344485959
2001-05-18,0.004568719248513098
2001-05-21,0.014721369033692921
2001-05-22,-0.0012912003681737616
2001-05-23,-0.01696066672814489
2001-05-24,0.0029400403031802913
2001-05-25,-0.011802905521692608
2001-05-29,-0.007962460248438274
2001-05-30,-0.014006479760417356
2001-05-31,0.005186785760832535
2001-06-01,0.00594947854783512
2001-06-04,5.6444894673984315e-05
2001-06-05,0.00857903369244193
2001-06-06,-0.0071562312437346495
2001-06-07,0.002561240452825686
2001-06-08,-0.00826732566901143
2001-06-11,-0.0064135520577755754
2001-06-12,-0.0018003576631253444
2001-06-13,-0.006708540392650363
2001-06-14,-0.013546710394995961
2001-06-15,-0.00024203741234733625
2001-06-18,-0.00476079421867625
2001-06-19,0.0007530931533555802
2001-06-20,0.0020137924371187547
2001-06-21,0.006943760973440403
2001-06-22,-0.006756054019702308
2001-06-25,-0.009156499750519917
2001-06-26,-0.001929042738817679
2001-06-27,-0.0017008306456164773
2001-06-28,0.0042142963795277376
2001-06-29,0.0036183162761201687
2001-07-02,0.012235382317723253
2001-07-03,-0.004146058086286207
2001-07-05,-0.012644711352058587
2001-07-06,-0.007280320046879294
2001-07-09,0.0010805011105988306
2001-07-10,-0.0028048971525615196
2001-07-11,0.0007305454503771399
2001-07-12,0.0050378144492965946
2001-07-13,0.0034775229996089107
2001-07-16,-0.007672115056973034
2001-07-17,0.004482252079481365
2001-07-18,-0.004010102829772724
2001-07-19,0.0038186062820648858
2001-07-20,-0.005117315712275609
2001-07-23,-0.012692502758291903
2001-07-24,-0.002734697034037355
2001-07-25,0.0006278875057187053
2001-07-26,0.0041716265703865005
2001-07-27,0.0015550740296899667
2001-07-30,-0.0013798486813775552
2001-07-31,0.003963182085253095
2001-08-01,0.006261957253871022
2001-08-02,0.004094912074201096
2001-08-03,-0.0054646870121207725
2001-08-06,-0.0134491124067313
2001-08-07,0.0039068122242991166
2001-08-08,-0.018547027016729833
2001-08-09,0.002952506855838921
2001-08-10,0.0034487975624573064
2001-08-13,0.0002516233725466943
2001-08-14,-0.0004195680598040319
2001-08-15,-0.008635698829840055
2001-08-16,0.003467161883818237
2001-08-17,-0.016013228925489176
2001-08-20,0.009250695036299605
2001-08-21,-0.017057796967491434
2001-08-22,0.01036027027745634
2001-08-23,-0.0035886053026696896
2001-08-24,0.02075427004690744
2001-08-27,-0.005965474867062004
2001-08-28,-0.01462257615484086
2001-08-29,-0.0089208856111469
2001-08-30,-0.019214618604210254
2001-08-31,0.007324849216828522
2001-09-04,-0.006638556450326626
2001-09-05,0.004418109150455764
2001-09-06,-0.015371705148829498
2001-09-07,-0.008036094996719966
2001-09-10,0.005632516295602129
2001-09-17,-0.018377850779248972
2001-09-18,-0.004028964222569242
2001-09-19,-0.004606623233254347
2001-09-20,-0.004176918619150562
2001-09-21,-0.0022642258621917207
2001-09-24,0.0009487379282461239
2001-09-25,-0.00014638898899034698
2001-09-26,-0.0011522254248372537
2001-09-27,-0.0002194070067996854
2001-09-28,0.0011434987230694027
2001-10-01,-0.002956303636699434
2001-10-02,-0.00042803947721798893
2001-10-03,0.0007956571819184959
2001-10-04,-0.004262207659317601
2001-10-05,-0.0019545440454628027
2001-10-08,-0.006528388319371636
2001-10-09,-0.005350062490047658
2001-10-10,0.02227301292304995
2001-10-11,0.015509531589663617
2001-10-12,-0.004545984835864769
2001-10-15,-0.0018259785430895237
2001-10-16,0.006313219709285889
2001-10-17,-0.02127523560101463
2001-10-18,-0.002136477509044221
2001-10-19,-0.0006513393909415299
2001-10-22,0.01974796831144099
2001-10-23,-0.005115645362364529
2001-10-24,-0.0026621162130407994
2001-10-25,0.017951608687901688
2001-10-26,-0.0022608987064260955
2001-10-29,-0.02601472411093453
2001-10-30,-0.01200569498922055
2001-10-31,-0.003391045350789823
2001-11-01,0.02537036738035403
2001-11-02,0.001300256564118217
2001-11-05,0.011500423281933302
2001-11-06,0.01428949831999032
2001-11-07,-0.0013347278568041504
2001-11-08,0.0028409816151998947
2001-11-09,0.0008072124766191106
2001-11-12,-0.006001521445688495
2001-11-13,0.021913701251654056
2001-11-14,0.0009344326829788003
2001-11-15,0.0017878657668828285
2001-11-16,-0.004448437548256146
2001-11-19,0.012298833913023055
2001-11-20,-0.008378921062878842
2001-11-21,-0.006620599872264824
2001-11-23,0.014379003713623864
2001-11-26,0.002161003701813213
2001-11-27,-0.004313554322368915
2001-11-28,-0.018105750339695987
2001-11-29,0.013499379837358038
2001-11-30,-0.007138510910157492
2001-12-03,-0.006206159203765883
2001-12-04,0.014399631718903315
2001-12-05,0.014528255048107976
2001-12-06,-0.0002908897389963202
2001-12-07,-0.006198849621341685
2001-12-10,-0.014939460407319274
2001-12-11,-0.002247235047563151
2001-12-12,0.00014394914035880117
2001-12-13,-0.01390429907562325
2001-12-14,0.005172760268254318
2001-12-17,0.006639446473244395
2001-12-18,0.004294006831384282
2001-12-19,0.005869494281123594
2001-12-20,-0.008839595254478387
2001-12-21,0.004852032443779118
2001-12-24,-0.002427266257654494
2001-12-26,0.00497878626553902
2001-12-27,0.005914606799625243
2001-12-28,-0.0005428233792218814
2001-12-31,-0.0146697607134828
2002-01-02,0.0107583116144196
2002-01-03,0.01133875720070443
2002-01-04,0.006676312525837114
2002-01-07,-0.007056645441875564
2002-01-08,-0.00231222716809365
2002-01-09,-0.008152748507465057
2002-01-10,0.004412318916889646
2002-01-11,-0.009820588903273642
2002-01-14,-0.006263976962426088
2002-01-15,0.008142140618888849
2002-01-16,-0.020234553114358844
2002-01-17,0.00753445422369059
2002-01-18,-0.004574823285663165
2002-01-22,-0.006893930432999795
2002-01-23,0.00765356114352711
2002-01-24,0.003090978511820719
2002-01-25,-0.0002637445419386708
2002-01-28,0.002729501784202837
2002-01-29,-0.0314415393477413
2002-01-30,0.014417672134100945
2002-01-31,0.011710253639567902
2002-02-01,-0.0049269323105785
2002-02-04,-0.00726599651072108
2002-02-05,-0.0019887157792631994
2002-02-06,-0.0010397680864116603
2002-02-07,-0.0041234746269863355
2002-02-08,0.0024450255929283
2002-02-11,0.0023019978010887943
2002-02-12,-0.002767023690920333
2002-02-13,0.005664712541658737
2002-02-14,-0.0011067568399814045
2002-02-15,-0.006931662464102583
2002-02-19,-0.01080877200152647
2002-02-20,0.005238765977693859
2002-02-21,-0.009649096257867527
2002-02-22,0.0027346173682511812
2002-02-25,0.008486021932253509
2002-02-26,-0.002456066390339494
2002-02-27,0.0033561269775105483
2002-02-28,-0.004551067824441165
2002-03-01,0.023292437602914016
2002-03-04,0.017671857990027462
2002-03-05,-0.0031963546817977972
2002-03-06,0.011873477974045699
2002-03-07,-0.0021414212311597902
2002-03-08,0.0042061519963980665
2002-03-11,0.002137129782636249
2002-03-12,-0.0005969700346004636
2002-03-13,-0.009644647012255092
2002-03-14,-0.001378423837700149
2002-03-15,0.0095281028626093
2002-03-18,0.0001714589581052195
2002-03-19,0.006685651355579747
2002-03-20,-0.018816353920976914
2002-03-21,0.00043389190954745693
2002-03-22,-0.0021685186450416394
2002-03-25,-0.0124304707760452
2002-03-26,0.005809128457399337
2002-03-27,0.00262555501457018
2002-03-28,-0.0004367399567670738
2002-04-01,0.00019302834287349477
2002-04-02,-0.00037569936637022513
2002-04-03,-0.0014337045736959016
2002-04-04,-0.0032445758913858588
2002-04-05,-0.0022428737048910876
2002-04-08,-0.00047778893490658383
2002-04-09,-0.003669203334685764
2002-04-10,0.0016749463588354718
2002-04-11,-0.0038016787108175673
2002-04-12,-0.002192378662230413
2002-04-15,-0.0035531014530791223
2002-04-16,0.004721204799120474
2002-04-17,-0.0016458400522113136
2002-04-18,-0.002161384299262542
2002-04-19,2.897155130359222e-05
2002-04-22,-0.00942152957166675
2002-04-23,-0.0018695273031553166
2002-04-24,-0.0012096714985727446
2002-04-25,-0.00207242034628408
2002-04-26,0.009717677974492914
2002-04-29,-0.0007645284230412925
2002-04-30,-0.016524020003751656
2002-05-01,-0.016838223722443264
2002-05-02,-0.0038473147679126685
2002-05-03,-0.010849186308300007
2002-05-06,-0.0196133155343563
2002-05-07,-0.0035086756349442805
2002-05-08,0.037203384703459186
2002-05-09,-0.011558528503796572
2002-05-10,-0.018839993491150175
2002-05-13,0.020336642244622727
2002-05-14,0.021785343047918015
2002-05-15,-0.0039015290657458124
2002-05-16,0.00519158390310781
2002-05-17,0.004893246037015686
2002-05-20,-0.010820502732563075
2002-05-21,-0.00911565021622851
2002-05-22,0.002207659702827547
2002-05-23,0.010648102876887888
2002-05-24,-0.01280611771586393
2002-05-28,-0.00542857566957311
2002-05-29,-0.007400479208929944
2002-05-30,-0.0027962159763964545
2002-05-31,0.002056367393960201
2002-06-03,-0.026824787838628295
2002-06-04,0.02008119008706939
2002-06-05,0.0012740953107864671
2002-06-06,-0.005901042826558952
2002-06-07,-0.0023768128157155358
2002-06-10,-0.000841801416600862
2002-06-11,-0.0033616410286335108
2002-06-12,-0.00046819211632341193
2002-06-13,-0.0007231299744138407
2002-06-14,0.0005241242971544542
2002-06-17,0.0008821545233431358
2002-06-18,0.002214377332842166
2002-06-19,-0.006746493848484567
2002-06-20,-0.00043674222451312895
2002-06-21,6.19748989180921e-05
2002-06-24,-0.005412187099261017
2002-06-25,0.007870673552584289
2002-06-26,-0.0014969133087296147
2002-06-27,-0.010122829481294237
2002-06-28,-0.00019807446791508896
2002-07-01,0.011381546101474668
2002-07-02,0.01722694050327933
2002-07-03,-0.0039776747147172165
2002-07-05,0.03978656331903907
2002-07-08,-0.012486415065142253
2002-07-09,-0.025186013880140523
2002-07-10,-0.036401704140027524
2002-07-11,0.008141410015526818
2002-07-12,-0.010983031154176426
2002-07-15,0.005334442758427205
2002-07-16,-0.019276331055098517
2002-07-17,0.0019872947069676794
2002-07-18,-0.0323995023638628
2002-07-19,-0.0351940426496169
2002-07-22,-0.02963025141011788
2002-07-23,-0.02737206148808713
2002-07-24,0.059662174970050996
2002-07-25,-0.008499089532766346
2002-07-26,0.019047558734206493
2002-07-29,0.04871513075315903
2002-07-30,0.01303405557466819
2002-07-31,0.00241901015180912
2002-08-01,-0.026351982333466695
2002-08-02,-0.00456297575101966
2002-08-05,-0.0219172357434984
2002-08-06,0.01962608207291827
2002-08-07,0.009761452372526258
2002-08-08,0.023320208984969316
2002-08-09,0.0021714770158349694
2002-08-12,-0.006548588382597498
2002-08-13,-0.01565850827541524
2002-08-14,0.028517900246977042
2002-08-15,0.011622459749513725
2002-08-16,-0.0031559698409400756
2002-08-19,0.022140425437219717
2002-08-20,-0.010411793985391169
2002-08-21,0.014047299675812117
2002-08-22,0.009633895237945335
2002-08-23,-0.02141566726396656
2002-08-26,0.0068539240110662685
2002-08-27,-0.011548078892749778
2002-08-28,-0.02185174489367527
2002-08-29,0.0004031926777740386
2002-08-30,-0.003907942384652374
2002-09-03,-0.03837863852702894
2002-09-04,0.02200713512096724
2002-09-05,-0.005948549740054255
2002-09-06,0.008547272823374825
2002-09-09,0.0047284016709292515
2002-09-10,0.008322520085207242
2002-09-11,-0.005688883673037978
2002-09-12,-0.013763297668970664
2002-09-13,0.0005460974031674549
2002-09-16,0.0009916094152212164
2002-09-17,-0.01738203197385626
2002-09-18,-0.007969074438027836
2002-09-19,-0.016101747843445265
2002-09-20,-0.001147728564077139
2002-09-23,-0.006463500420941304
2002-09-24,-0.00917641599207418
2002-09-25,0.012085366286064663
2002-09-26,0.008301401883091008
2002-09-27,-0.01934698914745285
2002-09-30,-0.006318416628932959
2002-10-01,0.021766894039405443
2002-10-02,-0.01438401272522982
2002-10-03,-0.0038913557096114234
2002-10-04,-0.01834517266068003
2002-10-07,-0.020667853098156996
2002-10-08,0.015670037162834216
2002-10-09,-0.028244293085105232
2002-10-10,0.0323938992791879
2002-10-11,0.043780399152591354
2002-10-14,0.0055844555650499395
2002-10-15,0.04809205791861482
2002-10-16,-0.024239013575896196
2002-10-17,0.019872801830500553
2002-10-18,0.004191897189791849
2002-10-21,0.017260535855435855
2002-10-22,-0.007208751652256984
2002-10-23,0.007596525927693332
2002-10-24,-0.020399067430942885
2002-10-25,0.02082385464603953
2002-10-28,-0.006541396027539892
2002-10-29,-0.01160582027224355
2002-10-30,0.009709718940412948
2002-10-31,-0.010175237161529793
2002-11-01,0.019525786882463647
2002-11-04,0.004403484777856704
2002-11-05,0.007068571742043755
2002-11-06,0.011626850117401302
2002-11-07,-0.02248942058350684
2002-11-08,-0.011976334827395562
2002-11-11,-0.013470065651372301
2002-11-12,0.00605797804337924
2002-11-13,0.0007844811139362719
2002-11-14,0.015987865298163872
2002-11-15,0.006464810072929307
2002-11-18,-0.009988134789726714
2002-11-19,-0.001483185611306326
2002-11-20,0.021594934306456134
2002-11-21,0.018547086098325446
2002-11-22,-0.00712246887657737
2002-11-25,0.0006392310807115471
2002-11-26,-0.019040549967520557
2002-11-27,0.02813481555957282
2002-11-29,-0.00318258239245969
2002-12-02,0.0013526571719306734
2002-12-03,-0.010340710159587025
2002-12-04,-0.003230650582019495
2002-12-05,-0.007152286435701828
2002-12-06,0.0030206907647861367
2002-12-09,-0.017687067982489053
2002-12-10,0.0060151508059658335
2002-12-11,-0.0007630435441265118
2002-12-12,-0.0009665142380161607
2002-12-13,-0.00956843154906286
2002-12-16,0.01376774213221122
2002-12-17,-0.006461306242828948
2002-12-18,-0.006963547763531047
2002-12-19,-0.0035724478630784237
2002-12-20,0.005696051931329615
2002-12-23,-0.0022552065725923707
2002-12-24,-0.0054971332076596225
2002-12-26,-0.0012919509530568347
2002-12-27,-0.011398420982803862
2002-12-30,-0.0016136916537073647
2002-12-31,-0.0024811147707867005
2003-01-02,0.03194481927362092
2003-01-03,-0.003916064193928097
2003-01-06,0.01629109293040815
2003-01-07,-0.0024310069180533476
2003-01-08,-0.013712445532095833
2003-01-09,0.01437873886054072
2003-01-10,0.0025426606920033196
2003-01-13,-0.0004719718688722549
2003-01-14,0.0030679772200813958
2003-01-15,-0.009745806843485486
2003-01-16,-0.004160124634505468
2003-01-17,-0.014305030263618347
2003-01-21,-0.015172115758912962
2003-01-22,-0.011091533304006473
2003-01-23,0.004913967335933986
2003-01-24,-0.02246426510399145
2003-01-27,-0.012483358051929053
2003-01-28,0.0037953610069117413
2003-01-29,0.005595970027662623
2003-01-30,-0.021586920222232603
2003-01-31,0.016352381297362144
2003-02-03,0.0017318562443493508
2003-02-04,-0.007697205594587198
2003-02-05,-0.005104870803379968
2003-02-06,-0.0038514656208210657
2003-02-07,-0.00920080206384374
2003-02-10,0.0040326598493790975
2003-02-11,-0.005848290258959794
2003-02-12,-0.011529106000174354
2003-02-13,0.0012464705213260112
2003-02-14,0.015109264866822916
2003-02-18,0.011878433431763844
2003-02-19,-0.004788199430106673
2003-02-20,-0.008757067341665797
2003-02-21,0.007552570735132284
2003-02-24,-0.01435009757614615
2003-02-25,0.005858674047086211
2003-02-26,-0.012404937798489786
2003-02-27,0.009701410172793822
2003-02-28,0.005130033360268787
2003-03-03,-0.010380080020514186
2003-03-04,-0.015174386969013744
2003-03-05,0.006917459829145576
2003-03-06,-0.008388709698130326
2003-03-07,0.006888262314403537
2003-03-10,-0.024004003033197385
2003-03-11,-0.009837516089832743
2003-03-12,0.0067069147973766174
2003-03-13,0.034541938426493335
2003-03-14,0.00322006905454697
2003-03-17,0.031498554937836376
2003-03-18,0.0058772188186251295
2003-03-19,0.007674744683879853
2003-03-20,0.0021602870263948137
2003-03-21,0.021345196706324954
2003-03-24,-0.03323302590280919
2003-03-25,0.009574334752358693
2003-03-26,-0.005027206434653819
2003-03-27,0.0008038816708684227
2003-03-28,-0.005049083853940095
2003-03-31,-0.022719282640299987
2003-04-01,0.015096631411195771
2003-04-02,0.01802472605173015
2003-04-03,-0.004454406094271875
2003-04-04,0.005576657230000025
2003-04-07,-0.002620939948235331
2003-04-08,0.000883123844193844
2003-04-09,-0.012390745623019218
2003-04-10,0.0044621738762707286
2003-04-11,-0.004329132259202783
2003-04-14,0.01948012249637518
2003-04-15,0.009135444740958346
2003-04-16,-0.01690436499983126
2003-04-17,0.014642797948394001
2003-04-21,0.0009648526286939777
2003-04-22,0.01884038314827485
2003-04-23,0.00919626353536283
2003-04-24,-0.008895681989394937
2003-04-25,-0.012368370813191159
2003-04-28,0.017289458356316127
2003-04-29,0.003486327390352624
2003-04-30,-0.0021718672467514466
2003-05-01,-0.00010869647293587636
2003-05-02,0.01425442994210857
2003-05-05,-0.0019308756527341986
2003-05-06,0.009458844251013954
2003-05-07,-0.0055371839083209196
2003-05-08,-0.010064916877882357
2003-05-09,0.013845253697071236
2003-05-12,0.012269319868381201
2003-05-13,-0.0017924561819115947
2003-05-14,-0.0021113234661221947
2003-05-15,0.006348544209946239
2003-05-16,-0.002523275143685666
2003-05-19,-0.0234004753175443
2003-05-20,-0.0020507524566351076
2003-05-21,0.002054966684611914
2003-05-22,0.009930151417907984
2003-05-23,0.0020302767656033005
2003-05-27,0.017491906917169286
2003-05-28,0.0028297635198251125
2003-05-29,-0.0026129904713996233
2003-05-30,0.01603408867335898
2003-06-02,0.003881841650667407
2003-06-03,0.0030470340899185645
2003-06-04,0.010546500883683136
2003-06-05,0.004025877955508294
2003-06-06,-0.0032575103918563745
2003-06-09,-0.008491755546846932
2003-06-10,0.006845123121759668
2003-06-11,0.00912338013945091
2003-06-12,0.002801570869237698
2003-06-13,-0.00977481653583691
2003-06-16,0.019600823520150194
2003-06-17,-7.274159452606159e-05
2003-06-18,-0.00093531676040163
2003-06-19,-0.015068370339456296
2003-06-20,-0.002309973876613625
2003-06-23,-0.010155734897984773
2003-06-24,0.0008950411481019858
2003-06-25,-0.009914634946847077
2003-06-26,0.012700673332814803
2003-06-27,-0.01152322559211023
2003-06-30,-0.0003420049267593545
2003-07-01,0.009218229598567062
2003-07-02,0.012584856840349072
2003-07-03,-0.010323606500087346
2003-07-07,0.01985021675808163
2003-07-08,0.004468451923833827
2003-07-09,-0.005635258321643244
2003-07-10,-0.01272562181989445
2003-07-11,0.00946633826712917
2003-07-14,0.004887567398980552
2003-07-15,-0.002183890805459776
2003-07-16,-0.005869332848606579
2003-07-17,-0.014211949571341975
2003-07-18,0.010254474599913355
2003-07-21,-0.012361284614026191
2003-07-22,0.0090553820425181
2003-07-23,0.0007062100544810157
2003-07-24,-0.007557415488509189
2003-07-25,0.017666690345920832
2003-07-28,-0.003691524197363627
2003-07-29,-0.004606363599543917
2003-07-30,-0.002414802871385735
2003-07-31,0.0023205546358819884
2003-08-01,-0.009098985882753485
2003-08-04,0.004695593469888346
2003-08-05,-0.0066234155249895
2003-08-06,-0.0014150916866108847
2003-08-07,0.0017930900535882872
2003-08-08,-3.3495506889441584e-05
2003-08-11,0.0007948042422831971
2003-08-12,0.004728888895888843
2003-08-13,-0.0038608185828065437
2003-08-14,0.0015076940126110801
2003-08-15,0.0021430475021748667
2003-08-18,0.007098209580103231
2003-08-19,0.003466130187625101
2003-08-20,-0.004063576718988393
2003-08-21,0.003039225540359169
2003-08-22,-0.009744383750453566
2003-08-25,0.001339368328082921
2003-08-26,0.0017705424018426513
2003-08-27,0.0002951599375166194
2003-08-28,0.006190808499809597
2003-08-29,0.006748807337730317
2003-09-02,0.01316334465344271
2003-09-03,0.0010722934277461443
2003-09-04,-0.0006352259331305291
2003-09-05,-0.005382629461822489
2003-09-08,0.006271398610395091
2003-09-09,-0.005480698616634682
2003-09-10,-0.007252648732910365
2003-09-11,0.0010605331074151816
2003-09-12,0.0006791293350373545
2003-09-15,-0.0035396300882201606
2003-09-16,0.012145314494532536
2003-09-17,-0.0019420874928883808
2003-09-18,0.011190411573525077
2003-09-19,-0.005055893505273059
2003-09-22,-0.010500189174644521
2003-09-23,0.003513430094456061
2003-09-24,-0.01664175384793053
2003-09-25,-0.007217155643584168
2003-09-26,-0.003465175968281816
2003-09-29,0.007632385002409137
2003-09-30,-0.009681241781104697
2003-10-01,0.021206791734707065
2003-10-02,0.003624597853979385
2003-10-03,0.009175453410444012
2003-10-06,0.004545846986085067
2003-10-07,0.003851305647124992
2003-10-08,-0.0024943163855221107
2003-10-09,0.0026924756626851565
2003-10-10,0.002780949077700434
2003-10-13,0.003155653011029047
2003-10-14,0.0035273808523923478
2003-10-15,-0.002659552530451692
2003-10-16,0.003999966917815678
2003-10-17,-0.010909322959673728
2003-10-20,0.007481172419758986
2003-10-21,-0.001713943775810467
2003-10-22,-0.012587703361332414
2003-10-23,-0.0018350490910016282
2003-10-24,0.002225688985617813
2003-10-27,0.00048230925423475846
2003-10-28,0.013606071463324598
2003-10-29,0.001333018393868235
2003-10-30,0.002091199778265551
2003-10-31,-0.0009484019471128757
2003-11-03,0.006309075917125818
2003-11-04,-0.003515434047113476
2003-11-05,0.0005545334312687889
2003-11-06,0.0029391344791567693
2003-11-07,-0.005171627700063846
2003-11-10,-0.002958176458424372
2003-11-11,-0.0009465588622428634
2003-11-12,0.006259720414206123
2003-11-13,-0.00039752644918170934
2003-11-14,-0.006451015107215043
2003-11-17,-0.003088759866775764
2003-11-18,-0.005613824105373762
2003-11-19,0.003115669843143855
2003-11-20,-0.004897918199994048
2003-11-21,0.0003982873478843565
2003-11-24,0.007317453532327149
2003-11-25,0.003221743458374492
2003-11-26,0.003386203563417979
2003-11-28,0.0006914955770650979
2003-12-01,0.010793636341339265
2003-12-02,-0.0025098571698091003
2003-12-03,-0.0015827744775592791
2003-12-04,0.004105444859885621
2003-12-05,-0.006970056024711679
2003-12-08,0.006738124199667572
2003-12-09,-0.007716040745809671
2003-12-10,-9.338928591684503e-05
2003-12-11,0.011243775093257025
2003-12-12,0.0019453428909543824
2003-12-15,-0.004993683888664724
2003-12-16,0.005204462006534349
2003-12-17,0.0031439313860603946
2003-12-18,0.011243882513528147
2003-12-19,-0.002783620073636195
2003-12-22,0.006979004682086343
2003-12-23,0.0006382636873882852
2003-12-24,-0.0010025710639319785
2003-12-26,0.0007297405542117108
2003-12-29,0.013309261682250773
2003-12-30,0.00017985583544066763
2003-12-31,0.0008993247550099781
2004-01-02,-0.0006934196662207166
2004-01-05,0.005519832595730746
2004-01-06,-0.00023154942332675944
2004-01-07,0.0018247843414445936
2004-01-08,0.0035216645034675306
2004-01-09,-0.007306833851117826
2004-01-12,0.0059249503541470815
2004-01-13,-0.004873509881353493
2004-01-14,0.006905034055466443
2004-01-15,0.002063785003507764
2004-01-16,0.003802437509838032
2004-01-20,-0.0003311042917869377
2004-01-21,0.007864906211950313
2004-01-22,-0.0026062373239741313
2004-01-23,-0.003223239088526098
2004-01-26,0.012583677452294476
2004-01-27,-0.010270843682491291
2004-01-28,-0.011422536763897996
2004-01-29,0.000970076192289791
2004-01-30,-3.721184419563643e-18
2004-02-02,0.004074053812969772
2004-02-03,-0.0018665150484246244
2004-02-04,-0.003926916757292641
2004-02-05,0.0005230767921959212
2004-02-06,0.004206939023835842
2004-02-09,-0.00038235215798078305
2004-02-10,0.0019415248068054803
2004-02-11,0.00902906149931044
2004-02-12,-0.00354306452955389
2004-02-13,-0.004180314304034736
2004-02-17,0.00801844816092191
2004-02-18,-0.004320267271732964
2004-02-19,-0.003652980978795848
2004-02-20,-0.002988814487764721
2004-02-23,-0.002739907160989986
2004-02-24,-0.001827376473697981
2004-02-25,0.004083609241515
2004-02-26,0.0005970412923502567
2004-02-27,0.0006912727353745016
2004-03-01,0.009910231501312448
2004-03-02,-0.005853568819938596
2004-03-03,0.0018182888606608216
2004-03-04,0.0025931967108285825
2004-03-05,0.003362187898845681
2004-03-08,-0.012201164203370252
2004-03-09,-0.004001149514809121
2004-03-10,-0.016769342339620574
2004-03-11,-0.012967871115160734
2004-03-12,0.013138246198542758
2004-03-15,-0.012257623923753957
2004-03-16,0.005306482856157757
2004-03-17,0.011181398434497059
2004-03-18,0.00026494008775945765
2004-03-19,-0.014332733681710175
2004-03-22,-0.012695872484394188
2004-03-23,-0.0017332822979735374
2004-03-24,0.0008225644287933598
2004-03-25,0.013235641717045388
2004-03-26,0.0002703151172875895
2004-03-29,0.014050001918480826
2004-03-30,0.0033755364631777862
2004-03-31,0.0011505320613613979
2004-04-01,0.005768356611701276
2004-04-02,0.0015016989343152138
2004-04-05,0.003448710668025758
2004-04-06,-0.0028005239520425447
2004-04-07,-0.0019273356709842634
2004-04-08,-0.001761354547682413
2004-04-12,0.0019270793616858227
2004-04-13,-0.01088299659678562
2004-04-14,-0.0005012785152772254
2004-04-15,-0.003423936809486861
2004-04-16,0.00609067742430818
2004-04-19,-0.0003432174108064213
2004-04-20,-0.01460540781407773
2004-04-21,0.0048023201624889395
2004-04-22,0.013314969561639103
2004-04-23,0.0009298219508186044
2004-04-26,-0.0014088987677767363
2004-04-27,0.0008758056356870301
2004-04-28,-0.01294822644257922
2004-04-29,-0.008775277785714526
2004-04-30,-0.00777973519399974
2004-05-03,0.010480702816086042
2004-05-04,-0.005253074953200959
2004-05-05,0.004045036953220196
2004-05-06,-0.005731706068807849
2004-05-07,-0.008933816098187674
2004-05-10,-0.002724238888080239
2004-05-11,-2.422377978834704e-05
2004-05-12,0.00215900560667556
2004-05-13,-0.0019454173208978266
2004-05-14,-0.001074256787200322
2004-05-17,-0.00441678995004911
2004-05-18,0.0006188539809790531
2004-05-19,-0.003338763040617483
2004-05-20,0.0007034960084283154
2004-05-21,0.00020120277930622604
2004-05-24,0.001094867018232827
2004-05-25,0.01258139574474515
2004-05-26,0.0034042007154751613
2004-05-27,0.0055766276721717885
2004-05-28,-9.064744834013595e-05
2004-06-01,-0.00132972545227874
2004-06-02,0.0037266898499328455
2004-06-03,-0.00919316621450772
2004-06-04,0.007939930057314415
2004-06-07,0.01522412100670345
2004-06-08,0.0013951744543716504
2004-06-09,-0.009315830373368028
2004-06-10,0.0049207485205058354
2004-06-14,-0.009881274081839808
2004-06-15,0.007065639062742379
2004-06-16,-0.00017493335009144406
2004-06-17,-0.0014916760167122955
2004-06-18,0.0018869256881151042
2004-06-21,-0.0037841628610739697
2004-06-22,0.005035338331881967
2004-06-23,0.008613629351565733
2004-06-24,-0.003137131345439914
2004-06-25,-0.004808022659548383
2004-06-28,-0.003426127209922414
2004-06-29,0.004142933787283587
2004-06-30,0.005354825212933179
2004-07-01,-0.014126876597989724
2004-07-02,0.012102363253195199
2004-07-06,0.0018857887559046004
2004-07-07,-0.003997724120970882
2004-07-08,0.0025574446782221337
2004-07-09,-0.004334858709147932
2004-07-12,-0.007492132265287983
2004-07-13,-0.003092658174826165
2004-07-14,-0.0034554236453962664
2004-07-15,0.00374682527922692
2004-07-16,-0.002726699069935886
2004-07-19,-0.00028747027851907647
2004-07-20,-0.00743224832888419
2004-07-21,0.013036659726038909
2004-07-22,-0.008038511723970432
2004-07-23,0.010308707235949965
2004-07-26,-0.006627628742316891
2004-07-27,-0.018882290305051962
2004-07-28,-0.006138096332552943
2004-07-29,-0.0012712511704598538
2004-07-30,0.001984492581630218
2004-08-02,0.0018315952205569838
2004-08-03,-0.003550238387916356
2004-08-04,-0.00023956674916886445
2004-08-05,0.003693844712566275
2004-08-06,0.007698594417576046
2004-08-09,-0.006836748763240211
2004-08-10,-0.00940946119657855
2004-08-11,0.0007321471217878748
2004-08-12,0.005250504801982095
2004-08-13,-0.006299678038236249
2004-08-16,-0.00677157790006936
2004-08-17,-0.0013098625946561674
2004-08-18,0.0030424020403918006
2004-08-19,-0.0016413958119797121
2004-08-20,0.003294893209736988
2004-08-23,-0.0035308486291208674
2004-08-24,0.0006699816964701752
2004-08-25,0.006280777822068309
2004-08-26,-6.826765672393546e-05
2004-08-27,0.003103007005252366
2004-08-30,-0.008263876340180401
2004-08-31,0.005247957473113709
2004-09-01,0.0018896348620773156
2004-09-02,0.011318583589651876
2004-09-03,-0.004085518133456478
2004-09-07,0.006599503228524872
2004-09-08,-0.002480852767795194
2004-09-09,-0.0008882223946272694
2004-09-10,0.005156574956022286
2004-09-13,0.0032727733812136783
2004-09-14,0.002027803829143915
2004-09-15,-0.007566629401754232
2004-09-16,0.00301436975694247
2004-09-17,0.004251565504021393
2004-09-20,-0.00600984546068517
2004-09-21,0.004356415864027685
2004-09-22,-0.012482309449152185
2004-09-23,-0.0053787169298537
2004-09-24,0.004596838765800637
2004-09-27,-0.006370225653005157
2004-09-28,0.004785691689235483
2004-09-29,0.005032486264868519
2004-09-30,-0.0007158797762079061
2004-10-01,0.01666763280760497
2004-10-04,-0.005836110888414395
2004-10-05,0.0007377910415511903
2004-10-06,0.005329777371932348
2004-10-07,-0.008465352816555168
2004-10-08,-0.005365142845942628
2004-10-11,0.0006828833713730022
2004-10-12,-0.0030273410999808186
2004-10-13,-0.005641306776263624
2004-10-14,-0.0014487528161421116
2004-10-15,-0.002416425223722705
2004-10-18,0.00018048466787579575
2004-10-19,-0.006458814378443744
2004-10-20,-0.0025513687063578633
2004-10-21,0.004254969770691369
2004-10-22,-0.008842758253817543
2004-10-25,-0.0031866855042349085
2004-10-26,0.013993740795000067
2004-10-27,0.01199963727021753
2004-10-28,0.003012362345958652
2004-10-29,-0.0001773168300540695
2004-11-01,0.0024950313354854554
2004-11-02,-0.001498502810131529
2004-11-03,0.006652162661837796
2004-11-04,0.012373902326682264
2004-11-05,0.005937118866577081
2004-11-08,-0.0015558499846021663
2004-11-09,-0.0019914881958976987
2004-11-10,0.0006780429069921343
2004-11-11,0.007543280137643143
2004-11-12,0.007871671545031936
2004-11-15,0.0024476122615926968
2004-11-16,-0.007158162162033944
2004-11-17,0.005936007714393773
2004-11-18,0.0013481228259124727
2004-11-19,-0.01111452526145693
2004-11-22,0.004767040603697225
2004-11-23,0.0015261575047059333
2004-11-24,0.0023689293881024253
2004-11-26,-0.0007591628407505768
2004-11-29,-0.004563044656100836
2004-11-30,0.0006791375464225702
2004-12-01,0.011366556785229243
2004-12-02,0.0008388352119468312
2004-12-03,-0.0006706770839779441
2004-12-06,-0.00033570649116698714
2004-12-07,-0.009311169391354346
2004-12-08,0.005842709987810668
2004-12-09,0.003535316296911173
2004-12-10,0.001007171798884654
2004-12-13,0.008714898931962312
2004-12-14,0.0034891005481956228
2004-12-15,0.0007450513617077714
2004-12-16,-0.0005786248445363018
2004-12-17,-0.006669839332765992
2004-12-20,0.0002515227206332238
2004-12-21,0.007699846162072532
2004-12-22,0.002408882916588251
2004-12-23,0.0007461593732336347
2004-12-27,-0.002070443383835663
2004-12-28,0.005476504178748565
2004-12-29,0.0014856944410881479
2004-12-30,-0.0018954727595082987
2004-12-31,-0.002146432530190756
2005-01-03,-0.004959373625997739
2005-01-04,0.0050796059693615815
2005-01-05,0.0024496608993928807
2005-01-06,-0.006298008917410393
2005-01-07,-0.0012316579843400285
2005-01-10,-0.005017321198674079
2005-01-11,-0.000633833790234674
2005-01-12,-0.004156089504505637
2005-01-13,0.0015803487086288367
2005-01-14,-0.004177656764700397
2005-01-18,-6.132097394875163e-05
2005-01-19,-0.0032823728163563085
2005-01-20,0.0012941253814969201
2005-01-21,0.003617736697005984
2005-01-24,-0.004914810040728008
2005-01-25,-0.00652606772580836
2005-01-26,-0.004463353149409563
2005-01-27,-0.001899677958991681
2005-01-28,-0.0016072858843721297
2005-01-31,0.002559393155005984
2005-02-01,0.006322666696777239
2005-02-02,0.0030276379177381057
2005-02-03,-0.002599012951457147
2005-02-04,0.010675774369549362
2005-02-07,-0.0013310730608078192
2005-02-08,0.0011663589899666427
2005-02-09,-0.007486908562064687
2005-02-10,0.003604191331840312
2005-02-11,0.008601922288276054
2005-02-14,-0.0007456030345407427
2005-02-15,0.0037291104185641633
2005-02-16,0.0006604048771949866
2005-02-17,-0.008085110352418767
2005-02-18,0.0013305088077086857
2005-02-22,-0.014868129884517467
2005-02-23,0.007166974772443213
2005-02-24,0.006613444598629004
2005-02-25,0.009896554655416612
2005-02-28,-0.0065873642833119694
2005-03-01,0.00472999085425241
2005-03-02,-0.0023336136612580024
2005-03-03,0.0009233271928089249
2005-03-04,0.005872564484676832
2005-03-07,8.575442017191604e-05
2005-03-08,-0.003293497947039268
2005-03-09,-0.008036034238416003
2005-03-10,0.0005467643031179192
2005-03-11,-0.004261026440183002
2005-03-14,0.0019321206482575595
2005-03-15,-0.005219317568980895
2005-03-16,-0.0034553440008150095
2005-03-17,-0.0011910703620706467
2005-03-18,-0.002595708033592571
2005-03-21,-0.004038598523555727
2005-03-22,0.0008881380720595321
2005-03-23,-0.0039894972930903504
2005-03-24,-0.004354389017436852
2005-03-28,-0.005368119737905953
2005-03-29,-0.00608193616254316
2005-03-30,0.012891043964918586
2005-03-31,-0.001861677721520145
2005-04-01,-0.0047368542390408
2005-04-04,0.0014863945744278855
2005-04-05,0.0008950202106071357
2005-04-06,0.0010547784530906246
2005-04-07,0.003346846596704895
2005-04-08,-0.008539657759521068
2005-04-11,-0.0009710087166189057
2005-04-12,0.004190924343283954
2005-04-13,-0.008714959084670622
2005-04-14,-0.004163923477565204
2005-04-15,0.015904145409762805
2005-04-18,-0.014562970822852371
2005-04-19,-0.007432225091201356
2005-04-20,0.0074530705375788694
2005-04-21,-0.007886953351461421
2005-04-22,-0.002225237970195421
2005-04-25,0.002244002744009377
2005-04-26,-0.009277706431682737
2005-04-27,0.0032727705260202854
2005-04-28,-0.012235463409434932
2005-04-29,0.013220729351546182
2005-05-02,0.005372048738259582
2005-05-03,-0.002906550195442772
2005-05-04,0.004947730979071472
2005-05-05,-0.00038386665479086857
2005-05-06,-0.0028090580783581686
2005-05-09,0.004659650659298904
2005-05-10,-0.008264891258975685
2005-05-11,0.003937900362143479
2005-05-12,-0.007387582074212185
2005-05-13,-0.0016112752689910652
2005-05-16,0.005330905432210086
2005-05-17,0.005497405339312471
2005-05-18,0.009904782675982632
2005-05-19,0.004171189593643483
2005-05-20,-0.0014307761286893193
2005-05-23,0.005532133198772808
2005-05-24,-0.0023376233790515675
2005-05-25,-0.0007531740297166877
2005-05-26,0.00536005178653408
2005-05-27,0.0016660545852520538
2005-05-31,-0.0064035340033852875
2005-06-01,0.008536576859261347
2005-06-02,0.002157998905345293
2005-06-03,-0.005051316627982638
2005-06-06,-0.0009153379424871044
2005-06-07,0.0007498292899907888
2005-06-08,-0.0018316364500247095
2005-06-09,0.004753880502656127
2005-06-10,-0.0023246563798346997
2005-06-13,0.0031617332827240663
2005-06-14,0.0023217951255378733
2005-06-15,0.0019033234683558664
2005-06-16,0.002560164231475426
2005-06-17,0.003705105583170498
2005-06-20,0.0003296941580634982
2005-06-21,0.0005765667207351388
2005-06-22,0.0008231657343642507
2005-06-23,-0.014066088267227439
2005-06-24,-0.007341704699115881
2005-06-27,0.0014285924390662341
2005-06-28,0.008393257941440302
2005-06-29,-0.002663834504485041
2005-06-30,-0.00542427498320186
2005-07-01,0.002693195881767753
2005-07-05,0.00048253326658465306
2005-07-06,-0.005035819655283838
2005-07-07,0.0023070272448581296
2005-07-08,0.008048774266191296
2005-07-11,0.004679812606560495
2005-07-12,0.002549141341459178
2005-07-13,0.0013708683670026647
2005-07-14,0.003909208964698247
2005-07-15,-0.0005729007881760478
2005-07-18,-0.003989529796971246
2005-07-19,0.005475178619239415
2005-07-20,0.003414551216407514
2005-07-21,-0.005832941229911323
2005-07-22,0.006681670097671394
2005-07-25,-0.0028330785625220742
2005-07-26,0.001217873299106098
2005-07-27,0.0036481752666557288
2005-07-28,0.006301068128775622
2005-07-29,-0.0066629537197829825
2005-08-01,-0.0009712878375239811
2005-08-02,0.0028579041019517323
2005-08-03,0.0011489166253597066
2005-08-04,-0.001648902613345606
2005-08-05,-0.001646641552956826
2005-08-08,0.0004344061199383275
2005-08-09,-0.00447278416397316
2005-08-10,-0.0011243241902380249
2005-08-11,0.0011634435303043648
2005-08-12,-0.0025774598949788335
2005-08-15,-3.1335562938709927e-05
2005-08-16,-0.003341071816131261
2005-08-17,-0.0023872727751631205
2005-08-18,-0.0011301972522430816
2005-08-19,-0.0006724048725372353
2005-08-22,-0.003204377517963235
2005-08-23,-0.002254825078093437
2005-08-24,-0.0041803233056554355
2005-08-25,-0.0009622423294975415
2005-08-26,-0.005107269806128565
2005-08-29,0.0035128705090724755
2005-08-30,-0.005268251509195025
2005-08-31,0.012638970889986643
2005-09-01,-0.0009784456441108706
2005-09-02,0.0031001386195809175
2005-09-06,0.0007942056640543194
2005-09-07,0.00031352671652995663
2005-09-08,-0.0023210653695979362
2005-09-09,0.006300863102234506
2005-09-12,-0.0023522085582761464
2005-09-13,-0.004969649296959214
2005-09-14,-0.003048875279683427
2005-09-15,-0.001011157949103371
2005-09-16,0.006194391502590731
2005-09-19,-0.0033056846547569103
2005-09-20,-0.008141018782362694
2005-09-21,-0.007759068513770153
2005-09-22,0.002186880494643291
2005-09-23,0.00042410788900807544
2005-09-26,0.0009031009163262842
2005-09-27,-0.0002541935344693599
2005-09-28,0.0009863891739913704
2005-09-29,0.008137206239989099
2005-09-30,0.0030976464825636096
2005-10-03,-0.003819746833963244
2005-10-04,0.012551357961317924
2005-10-05,0.029143063336533694
2005-10-06,0.00979619680598581
2005-10-07,-0.013710618805450697
2005-10-10,0.02209932807019827
2005-10-11,0.0017620726802013102
2005-10-12,0.02938586372688507
2005-10-13,0.001251116448137636
2005-10-14,-0.05134849388282686
2005-10-17,-0.01996496683988594
2005-10-18,0.031943092577281305
2005-10-19,-0.05205082021093463
2005-10-20,0.05884367552195892
2005-10-21,-0.017225682279895523
2005-10-24,-0.04681696737461756
2005-10-25,-0.002916426418699603
2005-10-26,-0.0014058600568957317
2005-10-27,0.019316019744671852
2005-10-28,-0.02687601017256641
2005-10-31,-0.0029544462075683977
2005-11-01,0.0026412139893461227
2005-11-02,0.01045639757025882
2005-11-03,0.00427079042466616
2005-11-04,-0.00130843778393408
2005-11-07,0.000982774103097439
2005-11-08,0.0
2005-11-09,0.0013090484812159353
2005-11-10,0.007762160106039806
2005-11-11,0.003405044228898202
2005-11-14,-0.0005657921301915891
2005-11-15,-0.0036376945452732956
2005-11-16,0.0020284608069125465
2005-11-17,0.00931251905096575
2005-11-18,0.00393132683826658
2005-11-21,0.005034412695442914
2005-11-22,0.004293950420175774
2005-11-23,0.005779910257333265
2005-11-25,0.0007873172459407218
2005-11-28,-0.007079577906810797
2005-11-29,-0.0011090883124178497
2005-11-30,-0.0053928551180656426
2005-12-01,0.009962316752297974
2005-12-02,-0.006331757740030117
2005-12-05,-0.0016752685534145557
2005-12-06,0.0011331880287792238
2005-12-07,-0.0037665567875675033
2005-12-08,-0.000843198609844482
2005-12-09,0.0008210298860176623
2005-12-12,-7.421906438346225e-05
2005-12-13,0.006172533557314313
2005-12-14,0.003770142953726159
2005-12-15,-0.0028768814375571303
2005-12-16,-0.0032143468502794227
2005-12-19,-0.005124314943120357
2005-12-20,0.0009047754256071804
2005-12-21,0.00156514211633744
2005-12-22,0.005231289803184556
2005-12-23,0.0005524512613885936
2005-12-27,-0.01017700978545503
2005-12-28,0.002231799403362358
2005-12-29,-0.004453306722946455
2005-12-30,-0.0054318268148689786
2006-01-03,0.017344989929065413
2006-01-04,-0.0038395305060124046
2006-01-05,0.0004102242642871908
2006-01-06,0.007738792408948663
2006-01-09,0.0024503595526624974
2006-01-10,0.000961397819345491
2006-01-11,0.0031578951735094416
2006-01-12,-0.003923646115571577
2006-01-13,-0.0009374902424672005
2006-01-17,-0.002728661192752118
2006-01-18,-0.003950509386270762
2006-01-19,0.0037925147493864534
2006-01-20,-0.01723596614735636
2006-01-23,0.002669405259944715
2006-01-24,0.0009321324329852749
2006-01-25,0.0008433010556766479
2006-01-26,0.005519195548699898
2006-01-27,0.009264732926084677
2006-01-30,-0.0007775968209618326
2006-01-31,-0.0073185171754459035
2006-02-01,0.00698024206584688
2006-02-02,-0.011605478295989347
2006-02-03,-0.0049645472037364025
2006-02-06,0.002613623504819529
2006-02-07,-0.008846813584059143
2006-02-08,0.009085072307888797
2006-02-09,-0.0016582743837761926
2006-02-10,0.001818975105310594
2006-02-13,-0.0018156724423387116
2006-02-14,0.010600243326923442
2006-02-15,0.0035227339142631653
2006-02-16,0.007488218462329943
2006-02-17,-0.002709897482914503
2006-02-21,-0.002484453941123843
2006-02-22,0.006070566542110134
2006-02-23,-0.0014693126384437427
2006-02-24,0.002556294559021177
2006-02-27,0.0003862699450816187
2006-02-28,-0.009501112017600066
2006-03-01,0.008646766370478788
2006-03-02,-0.006130419766654767
2006-03-03,-0.0029414084171849545
2006-03-06,-0.001989391239587019
2006-03-07,-0.0016250847638327153
2006-03-08,-0.0004791911914358827
2006-03-09,-0.0027448473785767922
2006-03-10,0.0028250793456561967
2006-03-13,0.00021751835954634245
2006-03-14,0.009610010645202824
2006-03-15,0.004421931348837936
2006-03-16,0.002062284271582545
2006-03-17,0.0008112671443425148
2006-03-20,-0.0016497164462190624
2006-03-21,-0.006284105221999757
2006-03-22,0.006084093697733593
2006-03-23,-0.0020714299029281724
2006-03-24,0.0007684596976813023
2006-03-27,-0.0014591137243367424
2006-03-28,-0.006153005527708095
2006-03-29,0.006268263257610398
2006-03-30,-0.0017688215059690204
2006-03-31,0.00023139527428450712
2006-04-03,-0.0010142175939884517
2006-04-04,0.0017505135752737032
2006-04-05,0.001759712279310415
2006-04-06,-0.00043474321523976896
2006-04-07,-0.002218336150217175
2006-04-10,-0.0026264571869921314
2006-04-11,0.0018717785928551584
2006-04-12,-0.0029026184072855647
2006-04-13,-0.003046789969064086
2006-04-17,-0.004157779432713225
2006-04-18,0.008383052016534106
2006-04-19,0.0016441907939415475
2006-04-20,0.0013032902678062112
2006-04-21,6.803328804429538e-05
2006-04-24,-0.0019215142458596187
2006-04-25,-0.004120919337049708
2006-04-26,0.00020373879846073012
2006-04-27,0.004815912494247704
2006-04-28,0.0033567590814053967
2006-05-01,-0.00813901460176967
2006-05-02,0.007515361432010502
2006-05-03,-0.0037293983466452074
2006-05-04,0.0035909154936364374
2006-05-05,0.00883054894612112
2006-05-08,-0.00120763607472274
2006-05-09,0.0019649381325836934
2006-05-10,-0.0005283020883242173
2006-05-11,-0.012070790658662789
2006-05-12,-0.013058399611857618
2006-05-15,0.0020116883950933584
2006-05-16,-0.0014672173196762506
2006-05-17,-0.019023885680385044
2006-05-18,-0.005045327774001129
2006-05-19,0.007051804395421968
2006-05-22,-0.007632035130714088
2006-05-23,-0.007611238032833589
2006-05-24,0.007988963155318274
2006-05-25,0.012364354269396749
2006-05-26,0.0050888933981019235
2006-05-30,-0.01776021230741298
2006-05-31,0.011181789404001607
2006-06-01,0.009324207737057446
2006-06-02,-0.004766455815099716
2006-06-05,-0.0081464371976888
2006-06-06,-0.0005805214740524144
2006-06-07,-0.0029908172366399045
2006-06-08,0.00013706230897222592
2006-06-09,-0.002469950628722773
2006-06-12,0.002534504258163305
2006-06-13,0.00915316747028512
2006-06-14,-0.010328331058426836
2006-06-15,-0.006896054662378064
2006-06-16,-0.002825595186748838
2006-06-19,-0.00532329761392239
2006-06-20,-0.0016842094579466206
2006-06-21,0.0026312990391085056
2006-06-22,-0.0036186674273171507
2006-06-23,-0.0008873458832479802
2006-06-26,0.0021084109850882005
2006-06-27,-0.008225406430833072
2006-06-28,0.006098411207731525
2006-06-29,0.02017773150640008
2006-06-30,7.852087789638909e-05
2006-07-03,0.003841805848952442
2006-07-05,-0.0024369627912087534
2006-07-06,-0.0012708710695024288
2006-07-07,-0.002020489905857001
2006-07-10,-0.0017955745388785545
2006-07-11,-0.0004759119446193895
2006-07-12,-0.0016411222744854605
2006-07-13,0.021536430166605447
2006-07-14,0.0033849634594037307
2006-07-17,-0.003163021472408846
2006-07-18,-0.01293316286940888
2006-07-19,-0.014037520319489842
2006-07-20,-0.00011373866534103612
2006-07-21,0.004858081980372821
2006-07-24,-0.008743002771751985
2006-07-25,0.002233342450434165
2006-07-26,0.0007855025246933849
2006-07-27,-0.0010657115363621008
2006-07-28,0.009696028747871399
2006-07-31,-0.0010268600533479399
2006-08-01,-0.004927394410033543
2006-08-02,0.006760039010366356
2006-08-03,0.0026542020507225317
2006-08-04,-0.0017126766557075124
2006-08-07,-0.0023405140725631934
2006-08-08,-0.0038308977799831334
2006-08-09,-0.0033748494760578174
2006-08-10,0.003071650410781279
2006-08-11,-0.002826434157552793
2006-08-14,0.0007871628435542899
2006-08-15,0.011958428816104316
2006-08-16,0.008317695272468839
2006-08-17,0.0025443412045571545
2006-08-18,0.0050761068617684035
2006-08-21,-0.004285134979054028
2006-08-22,-7.654113976174326e-05
2006-08-23,-0.0027672925512828295
2006-08-24,-0.000847240528767057
2006-08-25,0.001234460990701347
2006-08-28,0.004776004627552899
2006-08-29,0.0011498686335063013
2006-08-30,0.0006124970320178225
2006-08-31,-0.00015338891257044018
2006-09-01,0.005727206767527138
2006-09-05,-0.0035387778248163687
2006-09-06,-0.0016192513403569678
2006-09-07,-0.001222354748686438
2006-09-08,-0.0032910988210658057
2006-09-11,-0.002532665809478481
2006-09-12,0.0054854633343525295
2006-09-13,0.003341963112732037
2006-09-14,7.812927303232088e-05
2006-09-15,0.002254864460488706
2006-09-18,0.00125010095980617
2006-09-19,-0.0024953921362875693
2006-09-20,0.005283211518538098
2006-09-21,-0.004824172619456228
2006-09-22,-0.00303224870395353
2006-09-25,0.007674262494099285
2006-09-26,0.008302849563936046
2006-09-27,0.0011975768592967604
2006-09-28,-0.0003736156943856539
2006-09-29,-0.0008228361145627971
2006-10-02,-0.003987161603837719
2006-10-03,0.0035823808561957545
2006-10-04,0.004182960790177837
2006-10-05,0.0012598313640496653
2006-10-06,-0.0019193439939695842
2006-10-09,-0.00016372642009633044
2006-10-10,0.0008000069148285796
2006-10-11,-0.0011599385096484893
2006-10-12,0.007762073920016729
2006-10-13,0.002435981664650131
2006-10-16,0.0014907045731816864
2006-10-17,-0.0031011812208652546
2006-10-18,0.0012708336442843005
2006-10-19,0.0015916554471696808
2006-10-20,0.00021545902787330396
2006-10-23,0.0046025754724987105
2006-10-24,0.0029823732240686213
2006-10-25,0.003408681448148767
2006-10-26,0.0031080125465226373
2006-10-27,-0.006268616934609237
2006-10-30,-0.0007253529348074791
2006-10-31,-0.00014527141157327783
2006-11-01,-0.006749454476350891
2006-11-02,-0.0005842376232036983
2006-11-03,-0.0017550206719990635
2006-11-06,0.011279259858425927
2006-11-07,0.003838390226091226
2006-11-08,0.0021641196480777225
2006-11-09,-0.005255402998728398
2006-11-10,0.00043432978848989556
2006-11-13,0.0024597897616946973
2006-11-14,0.007504618104743566
2006-11-15,0.0028646982607136717
2006-11-16,0.002571263242358457
2006-11-17,0.00028483296129233615
2006-11-20,0.0005698161940450586
2006-11-21,0.0009964933397033082
2006-11-22,0.0019904566654675993
2006-11-24,-0.004044466085093568
2006-11-27,-0.013751423589945633
2006-11-28,0.004334339808056642
2006-11-29,0.010430449257760044
2006-11-30,0.0004269366991178636
2006-12-01,-0.002449802470279482
2006-12-04,0.003188850621531237
2006-12-05,0.0021804472007839774
2006-12-06,-0.0009111929971381295
2006-12-07,0.0009533640175157804
2006-12-08,-0.001968414790575955
2006-12-11,-0.0010094329832734793
2006-12-12,-0.0009088530207525643
2006-12-13,0.0006995424176222595
2006-12-14,0.008603608109337503
2006-12-15,8.324942934230417e-05
2006-12-18,-0.002745424841106757
2006-12-19,0.0018927935122115245
2006-12-20,-0.0005637938315462359
2006-12-21,-0.003658005881268466
2006-12-22,-0.006136791265435257
2006-12-26,0.005889937592534436
2006-12-27,0.006568515963237189
2006-12-28,-0.0021051750056377827
2006-12-29,-0.004148965393658277
2007-01-03,-0.0020088935593772774
2007-01-04,0.000976298766151004
2007-01-05,0.0013195203703453545
2007-01-08,-0.003474274445137388
2007-01-09,-0.0014482759953702335
2007-01-10,-0.0007437165466865486
2007-01-11,0.0013174281037695358
2007-01-12,0.0058964349360144325
2007-01-16,-0.002009295981570671
2007-01-17,0.0002819664252950586
2007-01-18,-0.0032377078840420304
2007-01-19,0.0017407762604563714
2007-01-22,-0.003115948151452401
2007-01-23,0.002889566695653472
2007-01-24,0.008041403062575683
2007-01-25,-0.011721256943547802
2007-01-26,-0.0009248762156045841
2007-01-29,-0.0005714145710810404
2007-01-30,0.005209434295608557
2007-01-31,0.006723487585732053
2007-02-01,0.005982153711935556
2007-02-02,0.0013834467082207702
2007-02-05,0.00027662348492718536
2007-02-06,0.0002758691742970054
2007-02-07,0.00220837760478787
2007-02-08,-0.0013083137762398556
2007-02-09,-0.007447486807949599
2007-02-12,-0.003404193591806548
2007-02-13,0.008434951057024742
2007-02-14,0.0065672705203261295
2007-02-15,0.0013047946708995006
2007-02-16,-0.0004801307284413303
2007-02-20,0.0021268547753885425
2007-02-21,-0.00041039492855232673
2007-02-22,-0.00075394509674509
2007-02-23,-0.00390725902406619
2007-02-26,-0.0008949435389731253
2007-02-27,-0.03905727027968586
2007-02-28,0.010250471413455253
2007-03-01,-0.003223772063535744
2007-03-02,0.007835837391946203
2007-03-05,0.0015311451401884574
2007-03-06,-0.011982650145338225
2007-03-07,-0.0028989748209509517
2007-03-08,0.002509073635703315
2007-03-09,-0.000488970571323452
2007-03-12,-5.117199437182341e-05
2007-03-13,-0.0030884064604133205
2007-03-14,-0.0010108196626926434
2007-03-15,-0.0017670927179354794
2007-03-16,-0.0017399116912804621
2007-03-19,0.0046764106680949645
2007-03-20,0.0047351617502282735
2007-03-21,0.016303437355227535
2007-03-22,-0.0007671071799411691
2007-03-23,0.0014650825980194917
2007-03-26,-0.0013249181260551882
2007-03-27,-0.0023744888548175346
2007-03-28,-0.007279988041464085
2007-03-29,0.0010579354237219567
2007-03-30,0.00021101142898216082
2007-04-02,0.0008829378780763619
2007-04-03,0.0041698606327233555
2007-04-04,0.00040719590349258235
2007-04-05,0.002088160633162562
2007-04-09,0.0005284886735637261
2007-04-10,0.0007895911276548348
2007-04-11,-0.0035553004657838554
2007-04-12,0.0037407372641770926
2007-04-13,0.004305341380881826
2007-04-16,0.009379376565119267
2007-04-17,0.0026528783280329667
2007-04-18,0.0012225385001489685
2007-04-19,-0.00027266328992918616
2007-04-20,0.009438204055885325
2007-04-23,-0.003767644246207128
2007-04-24,0.00040507079572927554
2007-04-25,0.00918186841086488
2007-04-26,0.0011371105853150492
2007-04-27,-0.0008018913727676816
2007-04-30,-0.008292618589909125
2007-05-01,0.0025623426563410323
2007-05-02,0.005851743931515108
2007-05-03,0.005417258772890454
2007-05-04,0.0037908153328087835
2007-05-07,0.0001989298538631612
2007-05-08,-0.0013250714561772181
2007-05-09,0.002719755611942043
2007-05-10,-0.010452286418784706
2007-05-11,0.008557169838733003
2007-05-14,-0.0021874417936647017
2007-05-15,0.0002655660389616621
2007-05-16,0.006840749660084189
2007-05-17,-0.0019790136110495737
2007-05-18,0.008724395191740397
2007-05-21,-0.0005247131342747124
2007-05-22,-0.0007862719398221696
2007-05-23,0.00013138607244900236
2007-05-24,-0.009052900716754686
2007-05-25,0.0041705629324853
2007-05-29,0.0036261710092562183
2007-05-30,0.00814485851702118
2007-05-31,-0.0010424131311770335
2007-06-01,0.004713222884695558
2007-06-04,-0.003670118646069997
2007-06-05,-0.0018596045599064497
2007-06-06,0.0014736248131964821
2007-06-07,0.02558941816994243
2007-06-08,-0.02644156025729718
2007-06-11,-0.00547677508758048
2007-06-12,0.012974055324608894
2007-06-13,-0.01461347942330914
2007-06-14,-0.00022258987304231165
2007-06-15,0.004029976702673759
2007-06-18,-0.002410282524955507
2007-06-19,0.001971793801818028
2007-06-20,-0.011312751324906023
2007-06-21,0.003499447423161548
2007-06-22,-0.006851927452582434
2007-06-25,-0.006295911991731767
2007-06-26,-0.004954694690456929
2007-06-27,0.0070072487223146055
2007-06-28,-0.00015479595369184677
2007-06-29,0.00033254385460483956
2007-07-02,0.008796515233925108
2007-07-03,-0.002574596599924493
2007-07-05,-0.0007697461574924753
2007-07-06,0.003442656733978989
2007-07-09,0.000417507963611862
2007-07-10,-0.009192535324001362
2007-07-11,0.0036990172996768673
2007-07-12,0.013170292911990272
2007-07-13,0.002675664465286439
2007-07-16,-0.0002534220726316636
2007-07-17,-0.0005581271213148944
2007-07-18,-0.0017916624209858524
2007-07-19,0.003740203615581995
2007-07-20,-0.009858962175272218
2007-07-23,0.002794771627051031
2007-07-24,-0.016788461176634194
2007-07-25,0.001681736151363248
2007-07-26,-0.02002907555963153
2007-07-27,-0.0052744839829195825
2007-07-30,-0.002353827929233075
2007-07-31,-0.010667003403907582
2007-08-01,0.003794935377115195
2007-08-02,0.007990436066314999
2007-08-03,-0.025745540129379685
2007-08-06,0.016759491975642415
2007-08-07,0.01066950069806194
2007-08-08,0.013940733632727298
2007-08-09,-0.029633526847363756
2007-08-10,-0.0046773127486130495
2007-08-13,0.0035935152839539075
2007-08-14,-0.015286068936416819
2007-08-15,-0.013775148416044547
2007-08-16,0.007515880257115803
2007-08-17,0.01836679299298205
2007-08-20,-0.00048380570494477304
2007-08-21,0.0020052012408355857
2007-08-22,0.011867681332742075
2007-08-23,-0.000886568120406328
2007-08-24,0.012353408680836342
2007-08-27,-0.009303568624267178
2007-08-28,-0.021980537382522147
2007-08-29,0.019621719795195558
2007-08-30,-0.0026611102033933243
2007-08-31,0.009852606219107995
2007-09-04,0.009851911801688209
2007-09-05,-0.008161236638313585
2007-09-06,0.0007736847404661549
2007-09-07,-0.008109002667188187
2007-09-10,-0.001619199892418197
2007-09-11,0.005660900967835466
2007-09-12,0.0012642883416781132
2007-09-13,0.005058962815866949
2007-09-14,-0.0003326955539274291
2007-09-17,-0.004646565589937355
2007-09-18,0.023829928744572806
2007-09-19,0.0056795484198634665
2007-09-20,-0.006937605647218115
2007-09-21,0.0024935017573706354
2007-09-24,-0.0019049417900640878
2007-09-25,-0.0020040701822428247
2007-09-26,0.005262761093435347
2007-09-27,0.005910287715415812
2007-09-28,-0.0033315957080232057
2007-10-01,0.011273042974755104
2007-10-02,-0.0013612019283823142
2007-10-03,-0.002011846054817737
2007-10-04,0.0015604699798068555
2007-10-05,0.011882133829966612
2007-10-08,-0.005326053851838486
2007-10-09,0.009418240639639697
2007-10-10,-0.0016618160045080987
2007-10-11,-0.004801019386879157
2007-10-12,0.005531970627570049
2007-10-15,-0.008443656229957797
2007-10-16,-0.007935017137680966
2007-10-17,0.003056168376426527
2007-10-18,-0.0036299794500355143
2007-10-19,-0.026157040332032144
2007-10-22,0.005813038265601422
2007-10-23,0.008104466437182767
2007-10-24,-0.0018457615176497022
2007-10-25,0.002376850178750667
2007-10-26,0.011722886790834997
2007-10-29,0.003319969480085616
2007-10-30,-0.0069419283586119596
2007-10-31,0.010387857967742775
2007-11-01,-0.023651914931096304
2007-11-02,0.02242799194317879
2007-11-05,-0.0013875876785022978
2007-11-06,-0.0035688273913208196
2007-11-07,0.006303345791397491
2007-11-08,-0.0016262138759006932
2007-11-09,0.007078531990063093
2007-11-12,0.004684690692926428
2007-11-13,-0.022058634967246853
2007-11-14,0.002485277641835014
2007-11-15,0.005539875566851649
2007-11-16,-0.006983625186718502
2007-11-19,0.0024774169017937123
2007-11-20,-0.006653137956495541
2007-11-21,0.015823048200176014
2007-11-23,-0.017281125547621068
2007-11-26,0.018308620860794884
2007-11-27,-0.014806386749882376
2007-11-28,-0.027031384780579724
2007-11-29,-0.005187914912628995
2007-11-30,-0.00034361276715907767
2007-12-03,-0.006836140202016726
2007-12-04,-0.0034253987371917673
2007-12-05,0.009852911770797019
2007-12-06,0.00995429939410377
2007-12-07,-0.0004865831001038019
2007-12-10,0.00615897998417672
2007-12-11,-0.02117166381876389
2007-12-12,0.006382259155374374
2007-12-13,-0.0019922961004455665
2007-12-14,-0.009666120336692317
2007-12-17,-0.010265357982643393
2007-12-18,0.0013713699750447228
2007-12-19,-0.0013263667106168202
2007-12-20,0.003554166004689795
2007-12-21,0.011358569389522958
2007-12-24,0.006698405127976984
2007-12-26,0.0019764289693301345
2007-12-27,-0.012316452674765136
2007-12-28,-0.002551382292128831
2007-12-31,-0.007635271272266149
2008-01-02,-0.008812778786137496
2008-01-03,-0.0004832038261345373
2008-01-04,-0.024506314115722017
2008-01-07,-0.0008494180925145978
2008-01-08,-0.016148263968309817
2008-01-09,0.010510699811905777
2008-01-10,0.006553625703911603
2008-01-11,-0.008068265718604084
2008-01-14,0.008062890808157697
2008-01-15,-0.022013361575440094
2008-01-16,-0.008612718828789778
2008-01-17,-0.02591569551947137
2008-01-18,-0.010268049162174941
2008-01-22,-0.010146495421439972
2008-01-23,0.02402061965488045
2008-01-24,0.008441922423999104
2008-01-25,-0.01444574559370393
2008-01-28,0.016536316105632443
2008-01-29,0.004954351660519274
2008-01-30,-0.007357967180003477
2008-01-31,0.01823468594279265
2008-02-01,0.015843766937849058
2008-02-04,-0.014559329571916598
2008-02-05,-0.018015617466780504
2008-02-06,-0.0049541926037624156
2008-02-07,0.0023852884499354528
2008-02-08,-0.004339730107738112
2008-02-11,0.001139854939564069
2008-02-12,0.004875662237183699
2008-02-13,0.0063995295707023215
2008-02-14,-0.006942913088196884
2008-02-15,-0.0010231659454832407
2008-02-19,0.0003619272748159267
2008-02-20,0.0014657398636431674
2008-02-21,-0.007193044090529235
2008-02-22,0.004254405684753734
2008-02-25,0.010716342140628226
2008-02-26,0.007361581120084409
2008-02-27,-0.001019414674558047
2008-02-28,-0.009768074352981701
2008-02-29,-0.02228407855549777
2008-03-03,-0.0026351037403294897
2008-03-04,-0.0036274575616666825
2008-03-05,0.003933232740078525
2008-03-06,-0.013496908562166711
2008-03-07,-0.007489451501395324
2008-03-10,-0.007914850496789898
2008-03-11,0.02150778361429776
2008-03-12,-0.006824161848216836
2008-03-13,0.0012073667833268549
2008-03-14,-0.008290602691403373
2008-03-17,-0.007486189262363026
2008-03-18,0.025324190334594203
2008-03-19,-0.01742739480485839
2008-03-20,0.011690896712749305
2008-03-24,0.016078889092973375
2008-03-25,0.0007003777703859886
2008-03-26,-0.011783833346315019
2008-03-27,-0.0033109776734500107
2008-03-28,-0.009262790606893223
2008-03-31,0.0023053704479364225
2008-04-01,0.03508228333639362
2008-04-02,0.0006585829207918367
2008-04-03,0.0024873387510393474
2008-04-04,-0.001094634896795621
2008-04-07,0.0005113219225050258
2008-04-08,-0.0010223546796404026
2008-04-09,-0.007235476715778066
2008-04-10,0.0013990407205675126
2008-04-11,-0.0194091459500918
2008-04-14,-0.003373936280303469
2008-04-15,0.0023323299108242157
2008-04-16,0.027094162528177534
2008-04-17,0.0014615909081350242
2008-04-18,0.010433497690189864
2008-04-21,0.0005057589247090544
2008-04-22,-0.004403055729138128
2008-04-23,-0.0015943819401667003
2008-04-24,0.0043566865809285815
2008-04-25,0.00925366047354359
2008-04-28,0.0002150038644959107
2008-04-29,-0.00393900729413299
2008-04-30,-0.005896317420656327
2008-05-01,0.020442184226161068
2008-05-02,-0.004478136094259813
2008-05-05,-0.004411674505116366
2008-05-06,0.007300303861011525
2008-05-07,-0.015025767527636489
2008-05-08,-0.0026954460590151007
2008-05-09,-0.001847931751897036
2008-05-12,0.008228215629978903
2008-05-13,3.7614400655042586e-05
2008-05-14,0.0017235617260135672
2008-05-15,0.011935113803796195
2008-05-16,0.0008845129631283932
2008-05-19,0.002679334590114256
2008-05-20,-0.008078970584097483
2008-05-21,-0.016637519893958612
2008-05-22,-1.675594150732826e-05
2008-05-23,-0.012825562763069178
2008-05-27,0.006654298482813027
2008-05-28,0.004605702915632967
2008-05-29,0.005024983727841124
2008-05-30,0.0025001973739656232
2008-06-02,-0.010574858939512708
2008-06-03,0.0068301996881807315
2008-06-04,0.00037887051610397955
2008-06-05,0.005337307594857199
2008-06-06,-0.00262218029350738
2008-06-09,-0.003916350907720334
2008-06-10,-0.0016480902917167463
2008-06-11,0.0015652438204873526
2008-06-12,-0.0036135026433944074
2008-06-13,-0.0053497614895905085
2008-06-16,-0.003809835280604637
2008-06-17,-0.0017078961187467394
2008-06-18,0.0007580392891426424
2008-06-19,-0.0028786099227488034
2008-06-20,0.005366284380307403
2008-06-23,-0.005015869252466588
2008-06-24,-0.0010623076601752202
2008-06-25,-0.006408032574324174
2008-06-26,0.026660377592269656
2008-06-27,0.005489646333631139
2008-06-30,-0.006357418907768494
2008-07-01,-0.004716658016879916
2008-07-02,0.026437573540827375
2008-07-03,0.0010306306245728702
2008-07-07,-0.010213242302662073
2008-07-08,0.017757342642986895
2008-07-09,-0.019255311159697253
2008-07-10,0.0040869400046998905
2008-07-11,-0.011651775761401528
2008-07-14,-0.00904364185355866
2008-07-15,-0.014097341092394688
2008-07-16,0.024547330228784414
2008-07-17,0.010003382029828867
2008-07-18,0.006230067523810945
2008-07-21,0.000555447238573592
2008-07-22,0.01134492534231768
2008-07-23,0.005412161177329455
2008-07-24,-0.02075371981630114
2008-07-25,-0.00023887999672822513
2008-07-28,-0.014663484557877915
2008-07-29,0.021352067129436048
2008-07-30,0.017817503805954704
2008-07-31,-0.013226502976445675
2008-08-01,-0.0055265974923481825
2008-08-04,-0.005413238398806318
2008-08-05,0.017433149716018684
2008-08-06,0.003021078302791066
2008-08-07,-0.012235573207712238
2008-08-08,0.015301542153372207
2008-08-11,0.008990946612391118
2008-08-12,-0.009656583025115361
2008-08-13,-0.005591352740841279
2008-08-14,0.00641949245275503
2008-08-15,0.004423111402528833
2008-08-18,-0.01329752643832955
2008-08-19,-0.010302988470472141
2008-08-20,0.003880548103635799
2008-08-21,0.0014167351341097846
2008-08-22,0.014180210307556201
2008-08-25,-0.020232146674702935
2008-08-26,0.00284389845235229
2008-08-27,0.009724393563379147
2008-08-28,0.012127116527941626
2008-08-29,-0.010753625422115243
2008-09-02,-0.00645520634016927
2008-09-03,0.0021269360961438345
2008-09-04,-0.010677485146897998
2008-09-05,-0.0013530625091468847
2008-09-08,0.0072523556784085345
2008-09-09,-0.008627711682188788
2008-09-10,-0.0012716228848492685
2008-09-11,0.004600115193901003
2008-09-12,0.0032450703619158862
2008-09-15,-0.005330637216630504
2008-09-16,-0.0016401246026692684
2008-09-17,0.008904786115149423
2008-09-18,-0.007265920643080466
2008-09-19,0.005368482113353057
2008-09-22,-0.008746509564143622
2008-09-23,0.00013811861646770285
2008-09-24,-0.0026575133955873227
2008-09-25,-0.004480107185553344
2008-09-26,-0.00047160639566592034
2008-09-29,0.032072454258468455
2008-09-30,-0.021635838460746057
2008-10-01,-0.00110076018422447
2008-10-02,0.023416168721206353
2008-10-03,-0.013500247703615464
2008-10-06,-0.050933981586035126
2008-10-07,-0.04478581592019615
2008-10-08,-0.025192516329575976
2008-10-09,-0.06983881014070858
2008-10-10,-0.024255587331123873
2008-10-13,0.1451972707285314
2008-10-14,-0.01479953860164085
2008-10-15,-0.09844812814493165
2008-10-16,0.04165765703293767
2008-10-17,-0.005972137446985215
2008-10-20,0.06007938968879789
2008-10-21,-0.029855390752307476
2008-10-22,-0.05445450347497449
2008-10-23,0.011584982519687204
2008-10-24,-0.05071467671932972
2008-10-27,-0.03550115430298828
2008-10-28,0.11685602058154232
2008-10-29,-0.007253382085081972
2008-10-30,0.03459427715388386
2008-10-31,0.005503720025946235
2008-11-03,0.0026474197394890115
2008-11-04,0.028699747761032915
2008-11-05,-0.03802748353303516
2008-11-06,-0.048274309864051033
2008-11-07,0.027591033273228347
2008-11-10,-0.011731275780197432
2008-11-11,-0.027459769110978798
2008-11-12,-0.03751037267554183
2008-11-13,0.052766251667949765
2008-11-14,-0.0426665438414699
2008-11-17,-0.011852426977070148
2008-11-18,0.01550939039766351
2008-11-19,-0.05337461382844216
2008-11-20,-0.06013146284167668
2008-11-21,0.04277016000579232
2008-11-24,0.0551531770961392
2008-11-25,0.0053813229391619435
2008-11-26,0.03140112781025364
2008-11-28,0.009865253694794192
2008-12-01,-0.07231184870777654
2008-12-02,0.029957164712246707
2008-12-03,0.018666513456519523
2008-12-04,-0.02313327939524945
2008-12-05,0.03083213353159775
2008-12-08,0.03491489364636324
2008-12-09,-0.016483930317393702
2008-12-10,0.006815747320521037
2008-12-11,-0.024082067052474954
2008-12-12,0.01194031533003348
2008-12-15,-0.013934155643275603
2008-12-16,0.047065561259527655
2008-12-17,-0.009686746683758796
2008-12-18,-0.018683302374312927
2008-12-19,-0.004301524528786738
2008-12-22,-0.012813018034862789
2008-12-23,-0.010338116194327451
2008-12-24,0.005803394047724231
2008-12-26,0.005769365856767239
2008-12-29,-0.002868105603648363
2008-12-30,0.023703153394042165
2008-12-31,0.01427426197193804
2009-01-02,0.029897516329362217
2009-01-05,-0.005410478660672037
2009-01-06,0.005723085822841139
2009-01-07,-0.02557270003210412
2009-01-08,0.002940509866956466
2009-01-09,-0.018847232355513513
2009-01-12,-0.02007681647967785
2009-01-13,4.4517825036750284e-05
2009-01-14,-0.023049436794816136
2009-01-15,0.0003921243147357524
2009-01-16,0.0036767253959211323
2009-01-20,-0.03729917233938433
2009-01-21,0.027097295428049124
2009-01-22,-0.01151933321831888
2009-01-23,0.002342498252775919
2009-01-26,0.00203586312862532
2009-01-27,0.00559028997521721
2009-01-28,0.025361898691892638
2009-01-29,-0.026776420611292387
2009-01-30,-0.012721946959860637
2009-02-02,-0.0032618771272840937
2009-02-03,0.01204310068547887
2009-02-04,-0.0043878014938327735
2009-02-05,0.013201187687833089
2009-02-06,0.026097444532673018
2009-02-09,0.0007768487972854493
2009-02-10,-0.041716005056086664
2009-02-11,0.004417635885474698
2009-02-12,-0.0004892665770773682
2009-02-13,-0.009599839371322179
2009-02-17,-0.03716858636691891
2009-02-18,-0.0025168491490682823
2009-02-19,-0.00976130185721132
2009-02-20,-0.007820002641387637
2009-02-23,-0.02859373333186263
2009-02-24,0.02731583658348742
2009-02-25,-0.006922170223886105
2009-02-26,-0.01286454314948603
2009-02-27,-0.016258644537399232
2009-03-02,-0.03042369023059543
2009-03-03,-0.0048927691179875025
2009-03-04,0.015621185437626023
2009-03-05,-0.04084792456852582
2009-03-06,0.001744759071523161
2009-03-09,-0.01175306379379315
2009-03-10,0.05960940502393197
2009-03-11,0.006512419830278615
2009-03-12,0.039372105399874346
2009-03-13,0.007814140262740521
2009-03-16,-0.00302240721737701
2009-03-17,0.03058277232216855
2009-03-18,0.022384351564020744
2009-03-19,-0.012385896431552412
2009-03-20,-0.021294274683436476
2009-03-23,0.07182917063508976
2009-03-24,-0.019703052792810927
2009-03-25,0.010546053460198213
2009-03-26,0.02038020463337631
2009-03-27,-0.018048421066179654
2009-03-30,-0.03455453902413619
2009-03-31,0.009265334690089944
2009-04-01,0.019122590776639917
2009-04-02,0.024131981981927952
2009-04-03,0.00862547975599832
2009-04-06,-0.007631283548425873
2009-04-07,-0.022146976245891327
2009-04-08,0.009482779347813285
2009-04-09,0.03759317512137875
2009-04-13,-1.5122832951719434e-05
2009-04-14,-0.016947135033677566
2009-04-15,0.010178636190503335
2009-04-16,0.014371854167473963
2009-04-17,0.006549504678432945
2009-04-20,-0.0413429570325699
2009-04-21,0.01902081596900924
2009-04-22,-0.0060908581571469484
2009-04-23,0.009672422801932293
2009-04-24,0.015045884876531893
2009-04-27,-0.009477616775548385
2009-04-28,-0.003147026263120332
2009-04-29,0.021267747246110236
2009-04-30,0.0003437984121610114
2009-05-01,0.005376523559206694
2009-05-04,0.03401951916379198
2009-05-05,-0.0034109747475422614
2009-05-06,0.01733489492401241
2009-05-07,-0.013891932102522486
2009-05-08,0.0233322909222915
2009-05-11,-0.018714004709663667
2009-05-12,-0.002958613894000539
2009-05-13,-0.02517335385191455
2009-05-14,0.008570057054469782
2009-05-15,-0.008161433071848134
2009-05-18,0.02840671160189312
2009-05-19,-0.0012054086180398604
2009-05-20,-0.0066949062136425486
2009-05-21,-0.01436322544305424
2009-05-22,-0.0021292041595964983
2009-05-26,0.02561185117573106
2009-05-27,-0.017853419620027178
2009-05-28,0.013940237363333718
2009-05-29,0.017708270153150574
2009-06-01,0.02396417333949885
2009-06-02,-0.0028671878821251067
2009-06-03,-0.010284531548367594
2009-06-04,0.007198130454372215
2009-06-05,-0.000394256734133219
2009-06-08,-0.004387674790544057
2009-06-09,0.003560161220219321
2009-06-10,-0.0024519937437080786
2009-06-11,0.0036302598401246377
2009-06-12,0.002292807785851796
2009-06-15,-0.020340614027831973
2009-06-16,-0.010850099550779948
2009-06-17,-0.0018815604567365852
2009-06-18,0.004936208484298961
2009-06-19,0.002054188007378516
2009-06-22,-0.025029620464327725
2009-06-23,-0.0004063929743385881
2009-06-24,0.00559062298499084
2009-06-25,0.018487866413926326
2009-06-26,-0.0027879929412719206
2009-06-29,0.008875753297154015
2009-06-30,-0.008093781450815477
2009-07-01,0.004132934042536159
2009-07-02,-0.02729344861267835
2009-07-06,-0.00011153663679552839
2009-07-07,-0.01937676494792151
2009-07-08,-0.0006809949633110879
2009-07-09,0.0019316024954521005
2009-07-10,-0.002381269734109681
2009-07-13,0.024329058904372758
2009-07-14,0.005660432503990176
2009-07-15,0.02924553128213625
2009-07-16,-0.0016078370317644808
2009-07-17,0.01095478095872715
2009-07-20,0.010623238552380121
2009-07-21,0.0046255648160933305
2009-07-22,-0.00020930453193479526
2009-07-23,0.022082846393971955
2009-07-24,0.004095341331139757
2009-07-27,0.002957589074149558
2009-07-28,-0.004676775389619303
2009-07-29,-0.002452127392469916
2009-07-30,0.01044536135852936
2009-07-31,0.0014192054500838935
2009-08-03,0.016252195782982204
2009-08-04,-0.0018430800988921692
2009-08-05,-0.0027191661572230504
2009-08-06,-0.00413921351923725
2009-08-07,0.010463916128059818
2009-08-10,-0.002439478803721802
2009-08-11,-0.010589508842836113
2009-08-12,0.008737339310553637
2009-08-13,0.006405611533559938
2009-08-14,-0.00740862263428275
2009-08-17,-0.020431618198367273
2009-08-18,0.005244780480225713
2009-08-19,0.007395384547898621
2009-08-20,0.008918561770839998
2009-08-21,0.01878063656635208
2009-08-24,-0.0002903365654615943
2009-08-25,0.0018829541966429268
2009-08-26,7.095886781428706e-05
2009-08-27,0.0022091749391817254
2009-08-28,-0.00019967077853967518
2009-08-31,-0.008901889590324863
2009-09-01,-0.02205761137998026
2009-09-02,-0.0037924405252574627
2009-09-03,0.00831553814240249
2009-09-04,0.014008689791357387
2009-09-08,0.008622255401823375
2009-09-09,0.007674160619558723
2009-09-10,0.010218800645877879
2009-09-11,-0.00019059319125036556
2009-09-14,0.004867656882233451
2009-09-15,0.004179419595462974
2009-09-16,0.015134226958702701
2009-09-17,-0.0014908211968158724
2009-09-18,0.0006376745895591007
2009-09-21,-0.0025300039495798066
2009-09-22,0.0058244029972445155
2009-09-23,-0.008312409280708866
2009-09-24,-0.0110189458885398
2009-09-25,-0.005332774526554118
2009-09-28,0.017903428115242592
2009-09-29,-0.00301011158912301
2009-09-30,-0.003868004210861531
2009-10-01,-0.025056630642837807
2009-10-02,0.007336686515457736
2009-10-05,0.006461184657135221
2009-10-06,0.00926295564629724
2009-10-07,0.0010732640517706357
2009-10-08,0.005729064071116982
2009-10-09,0.004502051460643166
2009-10-12,0.0028418636721793704
2009-10-13,-0.0020941424518401354
2009-10-14,0.01608949552223461
2009-10-15,0.003327589872947715
2009-10-16,-0.007418287453578089
2009-10-19,0.007979988926479123
2009-10-20,-0.005298415427064682
2009-10-21,-0.008875311990637878
2009-10-22,0.010010943499072677
2009-10-23,-0.011378648646114068
2009-10-26,-0.010852110538473582
2009-10-27,-0.004603229495846552
2009-10-28,-0.018708466400367295
2009-10-29,0.021240881283622302
2009-10-30,-0.02897324588339369
2009-11-02,0.007094675008558317
2009-11-03,9.58328777595622e-05
2009-11-04,0.001405635459482652
2009-11-05,0.015412646324085183
2009-11-06,0.0019264750798311829
2009-11-09,0.021494378647826207
2009-11-10,9.779428128182966e-05
2009-11-11,0.005012053044143795
2009-11-12,-0.009942850068547775
2009-11-13,0.0051867289262747815
2009-11-16,0.01430281774287672
2009-11-17,0.0011481585173917024
2009-11-18,-0.0006418126739597434
2009-11-19,-0.013004516391582593
2009-11-20,-0.003561320756460392
2009-11-23,0.0126727308646896
2009-11-24,0.0015331342630735634
2009-11-25,0.003513781034503588
2009-11-27,-0.01625036974589766
2009-11-30,0.003376658608564798
2009-12-01,0.012370011019443159
2009-12-02,-0.00044916452996468514
2009-12-03,-0.007819935643788467
2009-12-04,0.005707256380798942
2009-12-07,-0.0015310932665134613
2009-12-08,-0.011097395625951245
2009-12-09,0.0037406120174616753
2009-12-10,0.0056355030432651
2009-12-11,0.004248483620012067
2009-12-14,0.006839821521932965
2009-12-15,-0.004648738595895208
2009-12-16,0.0015271566668904057
2009-12-17,-0.01201577379054275
2009-12-18,0.005657541192989335
2009-12-21,0.010161977768186503
2009-12-22,0.0035930370616599205
2009-12-23,0.00196900842949721
2009-12-24,0.004734323153419817
2009-12-28,0.0021337443345847973
2009-12-29,-0.0014193465183520715
2009-12-30,-0.0003553863925610523
2009-12-31,-0.009598389626332748
2010-01-04,0.01671602194216959
2010-01-05,-0.003673063289060495
2010-01-06,0.0002916417418271428
2010-01-07,0.003531320571994958
2010-01-08,0.0024970992796373164
2010-01-11,0.0008120829130966318
2010-01-12,-0.008677355949552065
2010-01-13,0.00772028218928341
2010-01-14,0.0024813134259443013
2010-01-15,-0.010789708396554118
2010-01-19,0.011741739875924424
2010-01-20,-0.009905413940156614
2010-01-21,-0.016853781732624334
2010-01-22,-0.013633543347786041
2010-01-25,-0.0007504632206206266
2010-01-26,-0.0044425909651811665
2010-01-27,0.0021358437324749155
2010-01-28,-0.009290599916132042
2010-01-29,-0.007470563560341422
2010-02-01,0.007309901523569138
2010-02-02,0.011724481106493195
2010-02-03,-0.0049829491542982855
2010-02-04,-0.0308661809282742
2010-02-05,0.0020666747023476706
2010-02-08,-0.007219018359572282
2010-02-09,0.012560418934217
2010-02-10,-0.001958773463043628
2010-02-11,0.0104665306030427
2010-02-12,-0.0008325445306380796
2010-02-16,0.015734917829614004
2010-02-17,0.004738558575326568
2010-02-18,0.005895193631933582
2010-02-19,0.0020738032079750113
2010-02-22,0.00017973356017408904
2010-02-23,-0.012144457742705672
2010-02-24,0.00919765009661555
2010-02-25,-0.0013538314509362603
2010-02-26,0.0006326629790731619
2010-03-01,0.010140848364066816
2010-03-02,-0.0015589500452637068
2010-03-03,0.00018839017982216495
2010-03-04,0.0021276917104793374
2010-03-05,0.011781587367161334
2010-03-08,-6.624140451731177e-05
2010-03-09,0.0015033492047712852
2010-03-10,0.004323835253557228
2010-03-11,0.0038659848779449683
2010-03-12,-3.1445752384644016e-05
2010-03-15,0.00016431895938429694
2010-03-16,0.007869586127823232
2010-03-17,0.005893963252718797
2010-03-18,-0.0005167502676716164
2010-03-19,-0.005059732677016357
2010-03-22,0.005339806501666225
2010-03-23,0.0070331794984910346
2010-03-24,-0.00485505147808806
2010-03-25,-0.0016262325537867795
2010-03-26,-0.0005997964108756633
2010-03-29,0.0063473590234865325
2010-03-30,0.0006820019773632335
2010-03-31,-0.003406992073564097
2010-04-01,0.006593811347758828
2010-04-05,0.0017957923035058993
2010-04-06,0.0011373405585655056
2010-04-07,-0.004840638317113806
2010-04-08,0.0025937050543480564
2010-04-09,0.005545953496041494
2010-04-12,0.0009661011628863633
2010-04-13,0.0007634114485577518
2010-04-14,0.010966167641839135
2010-04-15,0.000807479566768737
2010-04-16,-0.015184780034601601
2010-04-19,0.003107707467971958
2010-04-20,0.008785955762288288
2010-04-21,-0.001819447175986628
2010-04-22,0.0029759819881890756
2010-04-23,0.0065243288556065225
2010-04-26,-0.0037766217383626973
2010-04-27,-0.023634709567324882
2010-04-28,0.007580105822462435
2010-04-29,0.012397034859512587
2010-04-30,-0.01696181679020725
2010-05-03,0.012718126487318406
2010-05-04,-0.018331893878601385
2010-05-05,-0.00270837871671455
2010-05-06,-0.0034637900317195554
2010-05-07,0.007220115596642245
2010-05-10,-0.003011552987483651
2010-05-11,-0.002942563600661728
2010-05-12,0.004071084044191367
2010-05-13,-0.006781657340549681
2010-05-14,-0.0033873195003350735
2010-05-17,-0.0033811314656613262
2010-05-18,-0.00239529467018507
2010-05-19,-0.000670449927321958
2010-05-20,0.005238282311238164
2010-05-21,-0.005720034926356112
2010-05-24,-0.005563460832322351
2010-05-25,-0.0036093106709857974
2010-05-26,0.0001134627109532424
2010-05-27,-0.006920661090406725
2010-05-28,0.0007183130716813171
2010-06-01,0.001732459529494152
2010-06-02,-0.010414772781359626
2010-06-03,0.003443895535753194
2010-06-04,-0.03513672804847667
2010-06-07,-0.012450422194082544
2010-06-08,0.010711421736486537
2010-06-09,-0.005345741000982729
2010-06-10,0.029231603117602534
2010-06-11,0.004855910237855587
2010-06-14,-0.0015499837742745104
2010-06-15,0.022736962592589727
2010-06-16,-0.0003568804107015877
2010-06-17,0.0016076263999553753
2010-06-18,0.001083921331225035
2010-06-21,-0.0028634455519102042
2010-06-22,-0.016516049746966854
2010-06-23,-0.0031024446686928053
2010-06-24,-0.01657071613174943
2010-06-25,0.004189042214912897
2010-06-28,-0.0031518070451196367
2010-06-29,-0.030875362299174758
2010-06-30,-0.00950008527450319
2010-07-01,-0.004700287907532407
2010-07-02,-0.006533669563213636
2010-07-06,0.00425775641172895
2010-07-07,0.027151118941526386
2010-07-08,0.009008248981070553
2010-07-09,0.007005038961415484
2010-07-12,0.0003631485306142645
2010-07-13,0.014854228248458973
2010-07-14,-0.00010879416227881916
2010-07-15,0.0002506973746731154
2010-07-16,-0.02710944970535993
2010-07-19,0.005541906866888103
2010-07-20,0.010927079357149028
2010-07-21,-0.012927130426755503
2010-07-22,0.022222323984211177
2010-07-23,0.00867318587098602
2010-07-26,0.010415034437324997
2010-07-27,-8.982910359230178e-05
2010-07-28,-0.006454192655245525
2010-07-29,-0.004872478459946358
2010-07-30,-0.0001811756313998547
2010-08-02,0.022337226482342265
2010-08-03,-0.00933716089767752
2010-08-04,0.005237320729576767
2010-08-05,-0.0012210590835425247
2010-08-06,-0.004014957259139675
2010-08-09,0.004298595349830934
2010-08-10,-0.004949481435402716
2010-08-11,-0.020394697282288078
2010-08-12,-0.004517145197387691
2010-08-13,-0.0020858124292797145
2010-08-16,-0.0023332854124609673
2010-08-17,0.007113270630188159
2010-08-18,0.0011238879097896994
2010-08-19,-0.012234977031459142
2010-08-20,-0.003641681668375278
2010-08-23,-0.004862485955765785
2010-08-24,-0.008170998638598777
2010-08-25,0.0002455311203067279
2010-08-26,-0.004161954512748017
2010-08-27,0.00596870732203887
2010-08-30,-0.012527153580999038
2010-08-31,-0.003076802617748635
2010-09-01,0.02586601634078546
2010-09-02,0.00931252576756636
2010-09-03,0.012971392810673388
2010-09-07,-0.011272168045849296
2010-09-08,0.00702289701017178
2010-09-09,0.004618902672656855
2010-09-10,0.005049037878289697
2010-09-13,0.011122795950884834
2010-09-14,-0.000621073791548965
2010-09-15,0.0038176284991067178
2010-09-16,-0.00026577501508762147
2010-09-17,0.0003736718136098105
2010-09-20,0.015290271908888542
2010-09-21,-0.0020140891817121975
2010-09-22,-0.004912435835650819
2010-09-23,-0.008111845631715409
2010-09-24,0.02062226958923441
2010-09-27,-0.004790471934430163
2010-09-28,0.0035005573919684174
2010-09-29,-0.0017439973294216538
2010-09-30,-0.002970204012883504
2010-10-01,0.003961777047470029
2010-10-04,-0.008033737089020634
2010-10-05,0.014471997554000415
2010-10-06,-0.0004809236992100773
2010-10-07,-0.0012672519278393336
2010-10-08,0.004401757042205559
2010-10-11,-0.00013273241898056204
2010-10-12,0.0028453093096550367
2010-10-13,0.007504409180292364
2010-10-14,-0.0037836309930587906
2010-10-15,0.0018402910656244464
2010-10-18,0.00477180557293969
2010-10-19,-0.012937584344496461
2010-10-20,0.00958553054213876
2010-10-21,0.002178590648561242
2010-10-22,0.001852940015853925
2010-10-25,0.0029543336664668526
2010-10-26,0.00016868455627491735
2010-10-27,-0.00286413078578338
2010-10-28,0.00016900217396111664
2010-10-29,0.000759828029958997
2010-11-01,9.438366255443297e-05
2010-11-02,0.005800517522675505
2010-11-03,0.0009820967886399602
2010-11-04,0.01619258745164412
2010-11-05,0.0033236315205127424
2010-11-08,-0.002078048961905738
2010-11-09,-0.006651785304507515
2010-11-10,0.0034808309593085916
2010-11-11,-0.0036496414227763264
2010-11-12,-0.010267448827255481
2010-11-15,-0.002208617432839586
2010-11-16,-0.0122667543251697
2010-11-17,-0.0006332601226822592
2010-11-18,0.011496977175724237
2010-11-19,0.0023863168109947213
2010-11-22,-0.0010327160452464623
2010-11-23,-0.013746797561558367
2010-11-24,0.013967873203537479
2010-11-26,-0.011474458427610823
2010-11-29,0.002754472224670171
2010-11-30,-0.0056240333889288705
2010-12-01,0.02126806728872908
2010-12-02,0.012808465782623735
2010-12-03,0.0026924034338751124
2010-12-06,-0.001057584513058707
2010-12-07,0.000570197793363425
2010-12-08,0.0036635152301289775
2010-12-09,0.0038940198711923113
2010-12-10,0.005817640000501445
2010-12-13,0.0006422338207197065
2010-12-14,0.0008832734262058661
2010-12-15,-0.004571490012927115
2010-12-16,0.005801456239991065
2010-12-17,0.0010709461663629405
2010-12-20,0.002413524058895389
2010-12-21,0.0063402625824970915
2010-12-22,0.003110178785105555
2010-12-23,-0.0014308999133696432
2010-12-27,0.0003981703640711931
2010-12-28,0.0014326991661302024
2010-12-29,0.0007150458588693898
2010-12-30,-0.0015884746964340835
2010-12-31,0.0002386901691551202
2011-01-03,0.010094265455903084
2011-01-04,-0.004475097637753338
2011-01-05,0.0033529808041314266
2011-01-06,-0.001484507556147235
2011-01-07,-0.002146687384291827
2011-01-10,-0.0015844215471734811
2011-01-11,0.0021221559205530423
2011-01-12,0.007573105269249798
2011-01-13,-0.0016069029165666241
2011-01-14,0.0065528312550943955
2011-01-18,0.0015044310483853637
2011-01-19,-0.009427948206404043
2011-01-20,-0.0012540028211005527
2011-01-21,0.0021226810720614353
2011-01-24,0.005285411513549525
2011-01-25,0.000515932027713917
2011-01-26,0.0038500080796700724
2011-01-27,0.0024656821961775415
2011-01-28,-0.017426430403974964
2011-01-31,0.007479414400673639
2011-02-01,0.016008408951205828
2011-02-02,-0.0019123519052659521
2011-02-03,0.0022226615434604025
2011-02-04,0.0028291265954227818
2011-02-07,0.006252265715291916
2011-02-08,0.00454635136727477
2011-02-09,-0.002262660914344017
2011-02-10,0.0003780158933435196
2011-02-11,0.005969969889874971
2011-02-14,0.002404351861050813
2011-02-15,-0.0031478185283969617
2011-02-16,0.006315366401605571
2011-02-17,0.0029882801351952537
2011-02-18,0.0020855040997611596
2011-02-22,-0.020069499320053752
2011-02-23,-0.006144190432485153
2011-02-24,-0.000687333451536376
2011-02-25,0.010692622072391744
2011-02-28,0.006196819422140676
2011-03-01,-0.01691690177774574
2011-03-02,0.013046825255415912
2011-03-03,0.005134242131935009
2011-03-04,-0.004541730332304147
2011-03-07,-0.0032707053590239794
2011-03-08,0.0027686046811215906
2011-03-09,-0.0008933875443285905
2011-03-10,-0.0063975823082651415
2011-03-11,-0.0014606906522506412
2011-03-14,-0.003414002200262976
2011-03-15,0.0017152554694526163
2011-03-16,0.009027499993729676
2011-03-17,-0.008170843825000072
2011-03-18,-0.00467443228229409
2011-03-21,-0.00423349547263039
2011-03-22,-0.0033947502831046784
2011-03-23,-0.0003635038854925736
2011-03-24,0.00584862204566393
2011-03-25,0.0022887920807170593
2011-03-28,-0.0029713227563391543
2011-03-29,0.006534380310776746
2011-03-30,0.006898701009480379
2011-03-31,-0.0013558685573879102
2011-04-01,0.003979429879647168
2011-04-04,-0.0026575368303414473
2011-04-05,-0.0008556755014117964
2011-04-06,0.0016207272010025392
2011-04-07,-0.002128514579921107
2011-04-08,-0.0021252206531980023
2011-04-11,-0.004977718687795505
2011-04-12,-0.005337408274845213
2011-04-13,-0.0008214720403787473
2011-04-14,-0.0006482794925415966
2011-04-15,0.0017671795360149599
2011-04-18,-0.008842487799821091
2011-04-19,0.003077994196959435
2011-04-20,0.012147260233854092
2011-04-21,0.00494909719634996
2011-04-25,-0.001092010251936335
2011-04-26,0.008603174347565629
2011-04-27,0.0065287290500371355
2011-04-28,0.003243083274001722
2011-04-29,0.002351454985233481
2011-05-02,-0.001783495540394696
2011-05-03,0.00446506697343319
2011-05-04,-0.0008342852230297723
2011-05-05,0.003944011092936217
2011-05-06,-0.0011038787859137906
2011-05-09,-0.007770441419179555
2011-05-10,-0.0014261942088167057
2011-05-11,-0.0016618160104831924
2011-05-12,-0.002197961062753796
2011-05-13,-0.00014241933813747502
2011-05-16,-0.0006787138320754451
2011-05-17,-0.0037157625670193495
2011-05-18,-0.002920385154907173
2011-05-19,-0.0010527448659203896
2011-05-20,-0.0006609306776830942
2011-05-23,-0.0037026796654261018
2011-05-24,-0.003331209289741783
2011-05-25,-0.0040255547846639725
2011-05-26,-0.0018864922959639608
2011-05-27,0.0010068569184303474
2011-05-31,0.008258351144437763
2011-06-01,-0.022461228413280417
2011-06-02,-0.0010616355758743534
2011-06-03,-0.009944768714730379
2011-06-06,-0.010580920755574263
2011-06-07,-0.0006198207409101597
2011-06-08,-0.004187545952232474
2011-06-09,0.00763109433070519
2011-06-10,-0.013910179135340872
2011-06-13,0.0007835194756029562
2011-06-14,0.012685892306523394
2011-06-15,-0.01778535926467395
2011-06-16,0.002204580097477482
2011-06-17,0.002983998765371698
2011-06-20,0.005116235503986433
2011-06-21,0.013703623467145043
2011-06-22,-0.006025166993153475
2011-06-23,-0.0028755158782177714
2011-06-24,-0.011613586254530905
2011-06-27,0.008911078546945506
2011-06-28,0.013053212175937912
2011-06-29,0.008563905018062146
2011-06-30,0.009562806441508531
2011-07-01,0.01453145041533377
2011-07-05,-0.007280944271499058
2011-07-06,0.0009440501718433866
2011-07-07,0.008623060155594572
2011-07-08,-0.006608690959241836
2011-07-11,-0.012938385930555527
2011-07-12,-0.0010226095224578537
2011-07-13,0.0010753305461453653
2011-07-14,-0.0032973140166278176
2011-07-15,0.00044015191090539686
2011-07-18,-0.006070740642232281
2011-07-19,0.009463959020925318
2011-07-20,-0.0009949661145823626
2011-07-21,0.012766745707993653
2011-07-22,0.0006188787310457433
2011-07-25,-0.005602243876341674
2011-07-26,-0.0037412642613834112
2011-07-27,-0.020316614861096247
2011-07-28,-0.003064214561831289
2011-07-29,-0.006848923997439673
2011-08-01,-0.004496568631380369
2011-08-02,-0.017521103085234437
2011-08-03,0.001579936542633238
2011-08-04,-0.01569866841016541
2011-08-05,-0.000819057613253958
2011-08-08,-0.00691112686501303
2011-08-09,0.002573569721577941
2011-08-10,-0.0055258538074398275
2011-08-11,0.009008873723867446
2011-08-12,-0.0007870336572537474
2011-08-15,0.0016081401556213189
2011-08-16,-0.0030937258569944566
2011-08-17,-0.0015255617327239275
2011-08-18,-0.004271237149122718
2011-08-19,-0.003442630347766585
2011-08-22,-0.0018663541656849195
2011-08-23,0.002144539953402684
2011-08-24,0.0015572551368325232
2011-08-25,-0.0020085320222480076
2011-08-26,-6.706079813747177e-05
2011-08-29,0.0006022433256223647
2011-08-30,-0.0016901328961996948
2011-08-31,-0.003487056487456657
2011-09-01,-0.010716816816770393
2011-09-02,-0.01623054427237503
2011-09-06,-0.004819207009232454
2011-09-07,0.01822701092572338
2011-09-08,-0.007888338086722397
2011-09-09,-0.016588110564535467
2011-09-12,0.0027661614305344727
2011-09-13,0.004939461333082584
2011-09-14,0.0085639845480124
2011-09-15,0.012256128173116236
2011-09-16,0.0042891916002450355
2011-09-19,-0.009260397233534591
2011-09-20,-0.0014623101969705944
2011-09-21,-0.02205399704750141
2011-09-22,-0.020010928297501555
2011-09-23,0.0025194003774441343
2011-09-26,0.011091316247946405
2011-09-27,0.00672017479219375
2011-09-28,-0.0156562820273458
2011-09-29,0.002618694595970303
2011-09-30,-0.01506584468768591
2011-10-03,-0.028701611170403374
2011-10-04,0.021695937251008737
2011-10-05,0.01519949866488016
2011-10-06,0.01593304180803674
2011-10-07,-0.006406965887198728
2011-10-10,0.030501582768543735
2011-10-11,0.0008457954855155301
2011-10-12,0.008276350053462108
2011-10-13,-0.002070407510268079
2011-10-14,0.016688884233755145
2011-10-17,-0.0187148784078112
2011-10-18,0.01915780538763692
2011-10-19,-0.011638811085552236
2011-10-20,0.004280111830042123
2011-10-21,0.018770130253480313
2011-10-24,0.01222677083406796
2011-10-25,-0.019434818378057703
2011-10-26,0.01014826375931256
2011-10-27,0.03483469574369204
2011-10-28,-0.00023340286670467137
2011-10-31,-0.02410542926628617
2011-11-01,-0.027888642604268127
2011-11-02,0.016311320242715692
2011-11-03,0.018227332877592373
2011-11-04,-0.0060989623091081135
2011-11-07,0.006216010683155471
2011-11-08,0.01283031964107928
2011-11-09,-0.036909101180095716
2011-11-10,0.009418251119287957
2011-11-11,0.018822753950381577
2011-11-14,-0.00947406668618811
2011-11-15,0.004941809402655206
2011-11-16,-0.01586319203943387
2011-11-17,-0.015876847686119522
2011-11-18,-0.0010644721474989405
2011-11-21,-0.01901936984605146
2011-11-22,-0.003928167165299312
2011-11-23,-0.02206546751721805
2011-11-25,-0.0018877885785314463
2011-11-28,0.02896720123793739
2011-11-29,0.002839888676297697
2011-11-30,0.0411498148157905
2011-12-01,-0.00040377229136523266
2011-12-02,-0.0012209585504921842
2011-12-05,0.008113754156991011
2011-12-06,0.0001158252510775815
2011-12-07,0.0031355752925299103
2011-12-08,-0.016971872239886835
2011-12-09,0.010786472275628647
2011-12-12,-0.013689524829758364
2011-12-13,-0.008069427681588585
2011-12-14,-0.008140783435137522
2011-12-15,0.0016250142196065215
2011-12-16,0.00020739262693208376
2011-12-19,-0.009237119189196105
2011-12-20,0.023926118859939557
2011-12-21,0.0012023677627838228
2011-12-22,0.008357490620263234
2011-12-23,0.008732560118129257
2011-12-27,0.0007287529322195156
2011-12-28,-0.013122228931729943
2011-12-29,0.010331739811668352
2011-12-30,-0.0049157246115388116
2012-01-03,0.01569209036469643
2012-01-04,-0.0032309642885421158
2012-01-05,0.0015487953336541342
2012-01-06,-0.0029890033498106475
2012-01-09,0.0017643711609831273
2012-01-10,0.00758535434362469
2012-01-11,0.0004784706161782882
2012-01-12,0.001948579613996555
2012-01-13,-0.0048915448662923315
2012-01-17,0.003415720878005537
2012-01-18,0.010457936418115458
2012-01-19,0.005120374175292537
2012-01-20,0.003662753738277183
2012-01-23,-0.0025876437073305506
2012-01-24,-0.0011413071864701976
2012-01-25,0.008363248003931102
2012-01-26,-0.005129271744748922
2012-01-27,-0.0004553237545423667
2012-01-30,-0.0034140731845869322
2012-01-31,-0.00038048430983665747
2012-02-01,0.008757235597935509
2012-02-02,0.001585579404028481
2012-02-03,0.014017960794443285
2012-02-06,-0.0006683701090174354
2012-02-07,0.0025283872954400266
2012-02-08,0.0029677356464794524
2012-02-09,0.001257673595856934
2012-02-10,-0.007387477163743883
2012-02-13,0.007442458153394282
2012-02-14,-0.0012560938398006316
2012-02-15,-0.004660234909079075
2012-02-16,0.011073062993029348
2012-02-17,0.00264655040063122
2012-02-21,0.00043935152779961406
2012-02-22,-0.0032238543055603808
2012-02-23,0.004410842790055103
2012-02-24,0.0021957363471918345
2012-02-27,0.0016799487201479835
2012-02-28,0.002915881469744086
2012-02-29,-0.003925534140060916
2012-03-01,0.004937907031757006
2012-03-02,-0.005858659000767992
2012-03-05,-0.0030234591181755796
2012-03-06,-0.0035690865084828296
2012-03-07,-0.0006422620494449484
2012-03-08,0.004319267845566518
2012-03-09,0.0017071261272292187
2012-03-12,-0.0018637520504846705
2012-03-13,0.01649932187054357
2012-03-14,-0.001033961068777679
2012-03-15,0.00563964115007415
2012-03-16,0.0012952842510770804
2012-03-19,0.003886672913175779
2012-03-20,-0.002907538266756684
2012-03-21,-0.0016453281158785957
2012-03-22,-0.007196973500503909
2012-03-23,0.003221340260215849
2012-03-26,0.014033379969616481
2012-03-27,-0.003106814621115754
2012-03-28,-0.004958290070338825
2012-03-29,-0.0017089792091051353
2012-03-30,0.004136586201167081
2012-04-02,0.007070653098076864
2012-04-03,-0.005595777293040366
2012-04-04,-0.003735838525070076
2012-04-05,-0.00022539573816588858
2012-04-09,-8.346123659736318e-05
2012-04-10,0.007606877888235421
2012-04-11,-0.00539590138065423
2012-04-12,-0.008793104875270994
2012-04-13,0.004415358533012885
2012-04-16,-0.004571873265636683
2012-04-17,-0.0013111253770868615
2012-04-18,-0.002117803641730389
2012-04-19,-0.0037168370429637326
2012-04-20,-0.002715625670896887
2012-04-23,-0.003650446792549296
2012-04-24,-0.0025059216815569675
2012-04-25,0.005983118558615677
2012-04-26,0.005672160395401307
2012-04-27,0.0014265582908674927
2012-04-30,-0.0038362445411400745
2012-05-01,0.00621717305081782
2012-05-02,-0.0029842998927664716
2012-05-03,-0.0076255732070357185
2012-05-04,-0.01615767938084023
2012-05-07,0.0007297954217719838
2012-05-08,-0.004011660794621674
2012-05-09,-0.005931712310341952
2012-05-10,0.0020626975938531356
2012-05-11,-0.003014538690689017
2012-05-14,-0.011060942791893957
2012-05-15,-0.005741454125524292
2012-05-16,-0.0038248084901039148
2012-05-17,-0.014831022008892525
2012-05-18,-0.008558851226778907
2012-05-21,0.01718838159664604
2012-05-22,0.001742669076759018
2012-05-23,0.000529612442911942
2012-05-24,0.0019655732335508436
2012-05-25,-0.0032447163252418143
2012-05-29,0.012112224592475851
2012-05-30,-0.014510378565380733
2012-05-31,-0.002200916845859213
2012-06-01,-0.025420486872405057
2012-06-04,0.009245862195925263
2012-06-05,0.002402155332021796
2012-06-06,0.013635648786411771
2012-06-07,-0.00013861962403404512
2012-06-08,0.006217770779817481
2012-06-11,-0.010291373264931757
2012-06-12,0.008587698747454839
2012-06-13,-0.004779243005072404
2012-06-14,0.00794917730346565
2012-06-15,0.009372994960391302
2012-06-18,0.0014299527397707442
2012-06-19,0.009613266811003527
2012-06-20,-0.0016337846058584917
2012-06-21,-0.022253021237808816
2012-06-22,0.007524373202433549
2012-06-25,-0.016015834035005467
2012-06-26,0.0049899756188642765
2012-06-27,0.009014734126110828
2012-06-28,-0.002853776184668323
2012-06-29,0.024926525003000972
2012-07-02,0.002768915114275795
2012-07-03,0.0024353626754336595
2012-07-05,-0.0028288936185578437
2012-07-06,-0.007207169944654179
2012-07-09,-0.0009104391936550485
2012-07-10,-0.0036128495679177107
2012-07-11,-0.002243181930458248
2012-07-12,-0.0020463802042845164
2012-07-13,0.006116046915946929
2012-07-16,-0.0027870814555895655
2012-07-17,0.004498932107477818
2012-07-18,0.0061821753057358765
2012-07-19,0.002136708241526853
2012-07-20,-0.008515173529501142
2012-07-23,-0.008763721542429144
2012-07-24,-0.005739434260966677
2012-07-25,-0.0017372775143379856
2012-07-26,0.013384216616140789
2012-07-27,0.01820904310559918
2012-07-30,-2.1760418213950845e-06
2012-07-31,-0.006994371025262224
2012-08-01,-0.0008716077932925596
2012-08-02,-0.006904504106068687
2012-08-03,0.019833016520739433
2012-08-06,0.0019374095809214786
2012-08-07,0.005013828102935491
2012-08-08,0.0012116258127385926
2012-08-09,0.0008540144216622192
2012-08-10,0.0016355968520778141
2012-08-13,-0.0004966321763643089
2012-08-14,0.0001416495385886396
2012-08-15,0.0011367665423918094
2012-08-16,0.0073787292691482875
2012-08-17,0.0013376704353253999
2012-08-20,7.066971976255054e-05
2012-08-21,-0.0030242860913074487
2012-08-22,0.00042335329292009227
2012-08-23,-0.00817940059611999
2012-08-24,0.006042723933595839
2012-08-27,0.00021205063480467246
2012-08-28,-0.000989107856050775
2012-08-29,0.0007778715760717869
2012-08-30,-0.007207796974680103
2012-08-31,0.004769256865521321
2012-09-04,-0.0011650435156252974
2012-09-05,-0.0001584227981731443
2012-09-06,0.012142534943637253
2012-09-07,0.0026478061305297918
2012-09-10,-0.004537193260578876
2012-09-11,0.002343190611464741
2012-09-12,0.002594497044378423
2012-09-13,0.01433962263959959
2012-09-14,0.004406814953885129
2012-09-17,-0.0034189464263620147
2012-09-18,-0.0008370523174302437
2012-09-19,0.0005330326241177178
2012-09-20,6.539450357242703e-05
2012-09-21,-0.0004214209849087873
2012-09-24,-0.0015125260053446658
2012-09-25,-0.010631854790625261
2012-09-26,-0.005596279360446207
2012-09-27,0.009385362318901533
2012-09-28,-0.004631402260464238
2012-10-01,0.0026385711586546946
2012-10-02,0.0010392357701056972
2012-10-03,0.0040828602760167336
2012-10-04,0.00716806560854244
2012-10-05,6.799708334215282e-05
2012-10-08,-0.0034210733990190922
2012-10-09,-0.00988776811868397
2012-10-10,-0.006380189829618854
2012-10-11,0.0005591865655310002
2012-10-12,-0.003278736762425849
2012-10-15,0.008327944688466316
2012-10-16,0.010133092232634588
2012-10-17,0.00453511965549569
2012-10-18,-0.002598932076627092
2012-10-19,-0.016664311235407125
2012-10-22,0.0001393350365268553
2012-10-23,-0.013876308504297885
2012-10-24,-0.0028289410175718066
2012-10-25,0.0029075649035874562
2012-10-26,-0.0005656115562074904
2012-10-31,0.0
2012-11-01,0.010226586087032974
2012-11-02,-0.011289579778722528
2012-11-05,0.0013168743825585087
2012-11-06,0.004819098856421665
2012-11-07,-0.014355941244550023
2012-11-08,-0.0073880899419720165
2012-11-09,-0.00016362993795524926
2012-11-12,-0.0049735894533339785
2012-11-13,-0.0024232620095598744
2012-11-14,-0.0026816866079565783
2012-11-15,-0.0010654362425638348
2012-11-16,-0.002839745157046731
2012-11-19,0.0077748725970079695
2012-11-20,-0.00015255560938410076
2012-11-21,0.0013333323336793647
2012-11-23,0.012400214115271936
2012-11-26,-0.002217913286676315
2012-11-27,-0.00510667750929896
2012-11-28,0.00804191438647344
2012-11-29,0.0046657704874186
2012-11-30,0.00021117667890497156
2012-12-03,-0.005168412166074555
2012-12-04,0.004294098780803796
2012-12-05,-0.0015296181145143602
2012-12-06,0.0014004394529149073
2012-12-07,-2.605501204367604e-05
2012-12-10,-0.0009135139524290973
2012-12-11,0.0041285708027293255
2012-12-12,0.0004316879476870011
2012-12-13,-0.004469205611807213
2012-12-14,-0.0025517031239290196
2012-12-17,0.0073960178404893755
2012-12-18,0.009950399375120062
2012-12-19,-0.006648361026220181
2012-12-20,0.005249185568983412
2012-12-21,-0.00860367908891489
2012-12-24,-0.003610593117430485
2012-12-26,-0.004094353717800858
2012-12-27,-0.0015657465991170934
2012-12-28,-0.00915598713467736
2012-12-31,0.014846845233690245
2013-01-02,0.025630167873971117
2013-01-03,-0.0022593602136466995
2013-01-04,0.004391765902046929
2013-01-07,-0.0027328598485344413
2013-01-08,-0.002877047075859007
2013-01-09,0.00254172563950239
2013-01-10,0.007949847404460142
2013-01-11,-6.793125931336963e-05
2013-01-14,-0.0006800772953474699
2013-01-15,0.0006805401152283341
2013-01-16,-0.00013606771743446266
2013-01-17,0.006460470215505554
2013-01-18,0.002229613878495851
2013-01-22,0.0053933669462360445
2013-01-23,0.0016096138253884895
2013-01-24,0.00026755914793730184
2013-01-25,0.0056224474547657
2013-01-28,-0.0011984988073517888
2013-01-29,0.0039318676015811516
2013-01-30,-0.003916468565715148
2013-01-31,-0.0024651073077399666
2013-02-01,0.01004308061111825
2013-02-04,-0.011613722193400464
2013-02-05,0.004009912976537599
2013-02-06,-0.00011783783493279389
2013-02-07,-0.0012731138435778592
2013-02-08,0.004145374942742591
2013-02-11,-0.0006666692910430737
2013-02-12,0.0013719767372702672
2013-02-13,0.0008182007161042736
2013-02-14,0.0007800095667423319
2013-02-15,-0.0012279538934671856
2013-02-19,0.007387227164947304
2013-02-20,-0.012330748293602674
2013-02-21,-0.0059506643914481955
2013-02-22,0.009517043255615275
2013-02-25,-0.01865505415892527
2013-02-26,0.006460414718080568
2013-02-27,0.012593002645581932
2013-02-28,-0.0019747857884368433
2013-03-01,0.003297737638680011
2013-03-04,0.005325025370797709
2013-03-05,0.00895902088999545
2013-03-06,0.0013611388385899037
2013-03-07,0.001812467786071359
2013-03-08,0.004264081714153489
2013-03-11,0.00379559979401467
2013-03-12,-0.0022429992857671
2013-03-13,0.0014130406409322838
2013-03-14,0.005323993236490132
2013-03-15,-0.0013200266150712459
2013-03-18,-0.005519155097458706
2013-03-19,-0.00232308265909531
2013-03-20,0.006985228366351848
2013-03-21,-0.008542633149208223
2013-03-22,0.008033420516445178
2013-03-25,-0.004177219025822909
2013-03-26,0.008001840928335335
2013-03-27,0.0
2013-03-28,0.0030741286243682886
2013-04-01,-0.0042019358323136516
2013-04-02,0.003995799860794529
2013-04-03,0.0035327809495729456
2013-04-04,-0.0026392997054454307
2013-04-05,-0.0010865806454567173
2013-04-08,-0.004249102202843665
2013-04-09,0.0003031145419298562
2013-04-10,0.008405198613317573
2013-04-11,0.002745629062643271
2013-04-12,-0.0024902268322083646
2013-04-15,-0.004891057883523477
2013-04-16,-0.002231439165979829
2013-04-17,-0.0037142188133342247
2013-04-18,0.0018684108438920266
2013-04-19,-0.007253385347198011
2013-04-22,0.0004258810356874386
2013-04-23,0.009274490992593983
2013-04-24,0.0005909249333241281
2013-04-25,0.004022689671956482
2013-04-26,-0.00176970859041726
2013-04-29,0.006697006337716092
2013-04-30,0.0023852430146323843
2013-05-01,-0.008767267764888231
2013-05-02,0.009287264732788625
2013-05-03,0.010140773393005453
2013-05-06,0.0025403411027309364
2013-05-07,0.00506899065364208
2013-05-08,0.004551318061098764
2013-05-09,-0.0028165345686579357
2013-05-10,0.0032538592748729833
2013-05-13,0.000795901161694923
2013-05-14,0.010333924920552073
2013-05-15,0.005386062089696608
2013-05-16,-0.004695775816921488
2013-05-17,0.009677547365859906
2013-05-20,-5.969939920169587e-05
2013-05-21,0.0014368818780878811
2013-05-22,-0.007417147400285207
2013-05-23,-0.0028924674222743363
2013-05-24,-0.0008466713260759651
2013-05-28,0.005989116672116879
2013-05-29,-0.006494203378830776
2013-05-30,0.0036919624213613833
2013-05-31,-0.014352357109429392
2013-06-03,0.0052628452081466826
2013-06-04,-0.005629892026590798
2013-06-05,-0.004216135835954572
2013-06-06,0.0010826067167735987
2013-06-07,0.005662467908812542
2013-06-10,-0.0005961658841064491
2013-06-11,-0.005750217734018166
2013-06-12,-0.0021805091155066873
2013-06-13,0.005181292699831072
2013-06-14,-0.004147195459034801
2013-06-17,0.004124924904579089
2013-06-18,0.006579372616932474
2013-06-19,-0.012346444790901485
2013-06-20,-0.008418655558702148
2013-06-21,-0.0035955654249112635
2013-06-24,-0.004827311038305195
2013-06-25,-0.0023460261992734217
2013-06-26,0.0038819067170227893
2013-06-27,0.0043400615933767445
2013-06-28,-0.004114706534667388
2013-07-01,0.005169537843732994
2013-07-02,-0.0009310117967677039
2013-07-03,0.0004341288491403322
2013-07-05,0.010788857004580876
2013-07-08,0.005704997160107528
2013-07-09,0.007197106069542825
2013-07-10,0.00036344306648228297
2013-07-11,0.013620362096915084
2013-07-12,0.00041843243753714177
2013-07-15,0.0038198648649108158
2013-07-16,-0.003746257985623336
2013-07-17,0.0025669850891323343
2013-07-18,0.005477712548570768
2013-07-19,0.0017766314427820618
2013-07-22,0.001950637466569427
2013-07-23,-0.0021242131447278823
2013-07-24,-0.0036656047741624453
2013-07-25,0.002433080134015775
2013-07-26,0.0010659157909629347
2013-07-29,-0.0030747332562568452
2013-07-30,0.0
2013-07-31,0.000711516510986776
2013-08-01,0.011314305972127459
2013-08-02,-0.0060241958720864235
2013-08-05,-0.0019710926025484337
2013-08-06,-0.003898916044005054
2013-08-07,-0.002313670652224559
2013-08-08,0.001983367681172182
2013-08-09,-0.0016372020320331352
2013-08-12,-0.0028315960868253213
2013-08-13,0.0018635694597832397
2013-08-14,-0.004087618017178709
2013-08-15,-0.005723306517512343
2013-08-16,-0.0030121461476340476
2013-08-19,-0.00317223232279719
2013-08-20,-0.0014092040228282565
2013-08-21,-0.00023855705097776837
2013-08-22,-0.0010313671253763344
2013-08-23,0.0010907819337868715
2013-08-26,-0.004359511717519241
2013-08-27,-0.010728785268864512
2013-08-28,-0.0011679382282768283
2013-08-29,0.00044820445485438246
2013-08-30,-0.0032320422787620977
2013-09-03,0.004278015491362642
2013-09-04,0.002510367895243979
2013-09-05,0.0006476677805241761
2013-09-06,0.00022319741671606472
2013-09-09,0.007708000141201902
2013-09-10,0.006573877505593003
2013-09-11,0.002927759780215146
2013-09-12,-0.002595182973109198
2013-09-13,0.002166885353161308
2013-09-16,0.005696860745791006
2013-09-17,0.004444188262968727
2013-09-18,0.011557936813423625
2013-09-19,-0.0016764395199328351
2013-09-20,-0.006990724463612751
2013-09-23,-0.004628152310184288
2013-09-24,-0.0023539967854500896
2013-09-25,-0.0028907145916249543
2013-09-26,0.0038456981569689195
2013-09-27,-0.0045967648049758
2013-09-30,-0.005328057239663944
2013-10-01,0.007915801769036744
2013-10-02,-0.0009450124844301373
2013-10-03,-0.009220656419403506
2013-10-04,0.007576445665725462
2013-10-07,-0.008644379947738368
2013-10-08,-0.011647077118823734
2013-10-09,0.0007256067787990705
2013-10-10,0.021557913716202526
2013-10-11,0.0064431975641172645
2013-10-14,0.003993849627279555
2013-10-15,-0.007253716115732001
2013-10-16,0.013965123345273778
2013-10-17,0.006683793141471828
2013-10-18,0.006753872391800142
2013-10-21,5.798408868828986e-05
2013-10-22,0.005791232250052847
2013-10-23,-0.004789009179671955
2013-10-24,0.0033220767872026435
2013-10-25,0.004568110173480688
2013-10-28,0.0015910784237862519
2013-10-29,0.005334281764705517
2013-10-30,-0.004966953067359614
2013-10-31,-0.002836376033900745
2013-11-01,0.002144995288856811
2013-11-04,-0.0023676995957948657
2013-11-05,-0.001989150025931739
2013-11-06,0.002431204008243611
2013-11-07,-0.00628565741510681
2013-11-08,0.006644939130417794
2013-11-11,-0.000810490776282745
2013-11-12,-0.001846340037601093
2013-11-13,0.0072021635841024645
2013-11-14,0.004791019358413044
2013-11-15,0.004278680902626217
2013-11-18,-0.003499442823777034
2013-11-19,-0.0021721381002590113
2013-11-20,-0.0031310858531923016
2013-11-21,0.008040882220671655
2013-11-22,0.005001364312811096
2013-11-25,-0.000995371711313475
2013-11-26,0.000276550091849428
2013-11-27,0.002435441617882941
2013-11-29,-0.0006623220016155341
2013-12-02,-0.0028407536810447485
2013-12-03,0.002655043119798221
2013-12-04,-0.0003638350585814388
2013-12-05,0.0001811510430908365
2013-12-06,-0.0021855444698303857
2013-12-09,-0.0007366209989742058
2013-12-10,-0.0020307995002082427
2013-12-11,-0.0006594567968628267
2013-12-12,-0.0009793063175633152
2013-12-13,-0.0006141481878100191
2013-12-16,-0.002164166430438725
2013-12-17,-0.0017901157828473756
2013-12-18,0.006607360242630011
2013-12-19,-0.0011233705042560532
2013-12-20,0.005096798371256923
2013-12-23,0.00505992910457776
2013-12-24,0.0021813985718538787
2013-12-26,0.00508273965468412
2013-12-27,-5.439710624029498e-05
2013-12-30,-0.00016298387771010537
2013-12-31,0.0047326252684136705
2014-01-02,-0.009827320794118742
2014-01-03,0.006053817045089267
2014-01-06,-0.0039007855549949974
2014-01-07,-0.000862268459100507
2014-01-08,-0.0006472651637032139
2014-01-09,-0.00021403291879119543
2014-01-10,-0.00015917585498519083
2014-01-13,-0.00621226939191178
2014-01-14,0.0030274774593509555
2014-01-15,0.004015400576977294
2014-01-16,-0.0012020827852007269
2014-01-17,-0.003909145183847822
2014-01-21,0.0016997299817308636
2014-01-22,0.0004411173662396924
2014-01-23,-0.007419895111656369
2014-01-24,-0.0008876108730724586
2014-01-27,-0.011232305136656639
2014-01-28,-0.006017075457560224
2014-01-29,-0.002839224750346609
2014-01-30,0.0005503040709021103
2014-01-31,-0.006059690359358122
2014-02-03,-0.022748679590888443
2014-02-04,0.015007946311801506
2014-02-05,0.000573674996826264
2014-02-06,0.0017134827449228687
2014-02-07,0.006990397952391481
2014-02-10,0.0009874005886502737
2014-02-11,0.009714285515191034
2014-02-12,0.0003561419704051918
2014-02-13,0.004957416747963834
2014-02-14,0.0053848253186719475
2014-02-18,0.001153415073059704
2014-02-19,-0.006544752177859044
2014-02-20,0.005824296076880324
2014-02-21,-0.0011477499471651352
2014-02-24,0.005533463349934591
2014-02-25,-0.00037880727667065817
2014-02-26,5.459634976186353e-05
2014-02-27,0.005247542650388329
2014-02-28,0.0025292111024359755
2014-03-03,-0.007031757009564322
2014-03-04,0.014055181396000267
2014-03-05,0.0009065477669045752
2014-03-06,0.0022900470077062973
2014-03-07,0.00042505619709309883
2014-03-10,-0.0005309194289999652
2014-03-11,-0.004942565782098285
2014-03-12,0.00026737265924436926
2014-03-13,-0.011213576567359995
2014-03-14,-0.0028078788625243156
2014-03-17,0.009043088918863074
2014-03-18,0.007138200353973723
2014-03-19,-0.005328777738202062
2014-03-20,0.005839622275037204
2014-03-21,-0.0038787050505924014
2014-03-24,-0.004135496783776671
2014-03-25,0.004745648701256711
2014-03-26,-0.007192238236173543
2014-03-27,-0.002108058500929655
2014-03-28,0.0049295328235265945
2014-03-31,0.008194894249108131
2014-04-01,0.006386786249189092
2014-04-02,-0.0025808931746477996
2014-04-03,-0.0008632738160185444
2014-04-04,-0.00618174002567983
2014-04-07,0.0003626732612093623
2014-04-08,-0.0030256227650691005
2014-04-09,0.0015578052268538835
2014-04-10,-0.00010923066253951813
2014-04-11,0.007860860879287623
2014-04-14,-0.01256950582380114
2014-04-15,-0.002773461335725055
2014-04-16,0.0013384550902720282
2014-04-17,-0.0002627016632292664
2014-04-21,0.001991557424374309
2014-04-22,0.0042787659384136085
2014-04-23,-0.0023568347739009584
2014-04-24,0.001959926763041585
2014-04-25,-0.008100229269991727
2014-04-28,0.0030318432934336188
2014-04-29,0.004654818109993665
2014-04-30,0.0029828852273617807
2014-05-01,0.00010574892794790156
2014-05-02,-0.001433632588413225
2014-05-05,0.0019146865220547316
2014-05-06,-0.008704266030791996
2014-05-07,0.005889435818853039
2014-05-08,-0.0010645006981730987
2014-05-09,0.0014918491306121773
2014-05-12,0.009736445188925247
2014-05-13,0.0008952155220749436
2014-05-14,-0.004737703794999826
2014-05-15,-0.008780330567856653
2014-05-16,0.0034686392129932297
2014-05-19,0.0036691376534370157
2014-05-20,-0.006304750921556024
2014-05-21,0.008424011582341073
2014-05-22,0.002432388782458217
2014-05-23,0.004008341480469468
2014-05-27,0.006147204885059265
2014-05-28,-0.0007315559682415929
2014-05-29,0.0051730418657987
2014-05-30,0.0016116310361109498
2014-06-02,0.0008975276486016271
2014-06-03,0.000314091641084998
2014-06-04,0.0006726490876653353
2014-06-05,0.0014527625184642722
2014-06-06,0.001903373980080906
2014-06-09,0.0007334441680188893
2014-06-10,-0.00016458170385630794
2014-06-11,-0.0028133911715064915
2014-06-12,-0.004331744033988352
2014-06-13,0.0010486590927018748
2014-06-16,0.00010421716934415435
2014-06-17,0.00187967398843357
2014-06-18,0.006849171886407516
2014-06-19,0.0011078581796643457
2014-06-20,0.0020246121961772375
2014-06-23,-0.0003115808410060915
2014-06-24,-0.006018916368598805
2014-06-25,0.004514462871302153
2014-06-26,-0.0007164443994325981
2014-06-27,0.0019446069818627734
2014-06-30,-0.0005106167743726249
2014-07-01,0.006693176082104957
2014-07-02,0.0010149608218112949
2014-07-03,0.00491807978590475
2014-07-07,-0.0034811143520454557
2014-07-08,-0.006430036948099294
2014-07-09,0.004484242672701866
2014-07-10,-0.003956785970777199
2014-07-11,0.0013745748888112086
2014-07-14,0.005035910380613906
2014-07-15,-0.001872770772385235
2014-07-16,0.003701286026107642
2014-07-17,-0.011365704937943755
2014-07-18,0.010219302164301114
2014-07-21,-0.0018714455560081555
2014-07-22,0.004357588146830738
2014-07-23,0.0022200907526472857
2014-07-24,5.0637354246152455e-05
2014-07-25,-0.004681886225787024
2014-07-28,0.000404718557790007
2014-07-29,-0.004297357232384558
2014-07-30,0.00015236281755992565
2014-07-31,-0.01974834785422841
2014-08-01,-0.0032992098529361896
2014-08-04,0.0016642456400616035
2014-08-05,-0.0041549265394670515
2014-08-06,-0.0013035871505404546
2014-08-07,-0.0030604917781515903
2014-08-08,0.005367962610871219
2014-08-11,6.775483381748484e-05
2014-08-12,-0.00150595254069041
2014-08-13,0.005685527581702825
2014-08-14,0.004491437409425453
2014-08-15,-0.000173375999938183
2014-08-18,0.008246180802102735
2014-08-19,0.005214986707956599
2014-08-20,0.002671142001066111
2014-08-21,0.0029155169603259697
2014-08-22,-0.001553829165583144
2014-08-25,0.0050705505438745305
2014-08-26,0.0006492409706546987
2014-08-27,-0.0003993525030607793
2014-08-28,-0.0005491776314257013
2014-08-29,0.002847539655432607
2014-09-02,-0.0007417994633203114
2014-09-03,0.0004987387282010282
2014-09-04,-1.6357798160866873e-05
2014-09-05,-0.0010389638366451372
2014-09-08,-0.0014739574591006545
2014-09-09,0.0006663552210786393
2014-09-10,-0.002563035515412597
2014-09-11,-0.0005597222276114012
2014-09-12,-0.0012071274528944057
2014-09-15,-0.0009089476446860213
2014-09-16,-0.0007611993280658945
2014-09-17,0.0004068707699447854
2014-09-18,0.003844031433330253
2014-09-19,-0.0009724347370204872
2014-09-22,-0.00685433314531961
2014-09-23,-0.0036853570060563687
2014-09-24,0.004719693396433822
2014-09-25,-0.010640416951283392
2014-09-26,0.0030520247670093427
2014-09-29,-0.0026792569183259917
2014-09-30,-0.0027326207451634104
2014-10-01,-0.013488397684062396
2014-10-02,5.3406466191868634e-05
2014-10-03,0.01100926426018356
2014-10-06,-0.0011708004798892668
2014-10-07,-0.015435927746382916
2014-10-08,0.017489274284405942
2014-10-09,-0.01983299327438981
2014-10-10,-0.011414704850603918
2014-10-13,-0.016426892738113708
2014-10-14,0.0015475511197842184
2014-10-15,-0.006765987442186372
2014-10-16,-0.0008586460214340397
2014-10-17,0.01181099456986634
2014-10-20,0.009709895653263967
2014-10-21,0.01981058611754838
2014-10-22,-0.007110712354729931
2014-10-23,0.01162492314733754
2014-10-24,0.007695005117044129
2014-10-27,-0.0013743613059137294
2014-10-28,0.011469940987977933
2014-10-29,-0.0015115587057440427
2014-10-30,0.006409987752147295
2014-10-31,0.011435722065465725
2014-11-03,0.00030138502003640465
2014-11-04,0.00017033995030521975
2014-11-05,0.0003341147858943582
2014-11-06,0.0011441973491661725
2014-11-07,-0.00046881155842127967
2014-11-10,0.0014221774629806423
2014-11-11,0.0008572987386503087
2014-11-12,-0.0010779105116684102
2014-11-13,0.0013133213872759816
2014-11-14,-0.0002705400560757584
2014-11-17,0.00039408288511517947
2014-11-18,0.005338918142760695
2014-11-19,-0.0016197881462670202
2014-11-20,0.0016046555508708992
2014-11-21,0.005254327264947417
2014-11-24,0.002789148058830258
2014-11-25,-0.0007239441202906934
2014-11-26,0.0025586718796871267
2014-11-28,-0.002118877183936039
2014-12-01,-0.00694994452342206
2014-12-02,0.006463526738980974
2014-12-03,0.0038633999785451234
2014-12-04,-0.0011064092663540803
2014-12-05,0.001637167009640228
2014-12-08,-0.006682454631776968
2014-12-09,-0.0006775058614235663
2014-12-10,-0.016031681557880484
2014-12-11,0.005070211758484433
2014-12-12,-0.016161569483050253
2014-12-15,-0.0068695871350022975
2014-12-16,-0.008019618449460975
2014-12-17,0.019604924441367633
2014-12-18,0.024728595101208173
2014-12-19,0.004255005321900596
2014-12-22,0.004600225641743005
2014-12-23,0.0013495563835344004
2014-12-24,9.612088646404615e-05
2014-12-26,0.003224585804140645
2014-12-29,0.0013435423646557254
2014-12-30,-0.005365985164395015
2014-12-31,-0.009923354720333899
2015-01-02,-0.0007785663956725291
2015-01-05,-0.010118429417231688
2015-01-06,-0.0016588140081408046
2015-01-07,0.0006606982139370707
2015-01-08,0.008029503231235111
2015-01-09,-0.005801202569159933
2015-01-12,-0.004071458178379362
2015-01-13,-0.0009415364561483821
2015-01-14,-0.0023525357335097714
2015-01-15,-0.002675054575038689
2015-01-16,0.0019156685493675885
2015-01-20,-0.003412431973304892
2015-01-21,0.00224493721195013
2015-01-22,0.012327026256178687
2015-01-23,-0.005401031380516977
2015-01-26,0.0020353698478955706
2015-01-27,-0.013108132666096223
2015-01-28,-0.012174404638660626
2015-01-29,0.008494455996437117
2015-01-30,-0.0125768015521584
2015-02-02,0.012140528969013964
2015-02-03,0.0064223427745156506
2015-02-04,-0.003099826068083347
2015-02-05,0.00861082776319887
2015-02-06,-0.0025845251895672836
2015-02-09,-0.004115135189372621
2015-02-10,0.009704204122054296
2015-02-11,0.0004705016028168762
2015-02-12,0.009362794929351072
2015-02-13,0.004084283162458854
2015-02-17,0.0015659400143141118
2015-02-18,9.116026885129251e-05
2015-02-19,-0.0007152935078788702
2015-02-20,0.005999087950647285
2015-02-23,-0.00014193401587306244
2015-02-24,0.002840317493133204
2015-02-25,-0.0008495528281643603
2015-02-26,-0.0011813595673931193
2015-02-27,-0.003406521401293571
2015-03-02,0.00631396016301108
2015-03-03,-0.004104034400795875
2015-03-04,-0.004215708475271529
2015-03-05,0.0010939761543073967
2015-03-06,-0.01406430676363657
2015-03-09,0.004144054156072663
2015-03-10,-0.016221707275533515
2015-03-11,-0.0023414111009976146
2015-03-12,0.012713906437565203
2015-03-13,-0.006132066299493699
2015-03-16,0.013360414470273252
2015-03-17,-0.0029724958009278435
2015-03-18,0.012021366501735464
2015-03-19,-0.004561503539819434
2015-03-20,0.008827187409206516
2015-03-23,-0.001948677285581235
2015-03-24,-0.005619330018857505
2015-03-25,-0.01465375411076697
2015-03-26,-0.00238124924865335
2015-03-27,0.0022899040576878082
2015-03-30,0.012199608801588768
2015-03-31,-0.008739415175737175
2015-04-01,-0.0037803064644758005
2015-04-02,0.0017095344424885683
2015-04-06,0.0029928352580442436
2015-04-07,-0.0022768102554860496
2015-04-08,0.0013585307168994683
2015-04-09,0.0029906996582441904
2015-04-10,0.004809310196396199
2015-04-13,-0.004143701998085407
2015-04-14,0.0015898399997946416
2015-04-15,0.004146668300174355
2015-04-16,-0.00033333492221439655
2015-04-17,-0.011026529929756708
2015-04-20,0.008613816217248662
2015-04-21,-0.0012045358826068067
2015-04-22,0.00489009090913984
2015-04-23,0.0025136318430526044
2015-04-24,0.0023202017538613527
2015-04-27,-0.004158181303575636
2015-04-28,0.0031790469577060586
2015-04-29,-0.004114516192363706
2015-04-30,-0.010020442289181822
2015-05-01,0.010841228746697682
2015-05-04,0.0028478048599975825
2015-05-05,-0.011452252445438349
2015-05-06,-0.004116917136522291
2015-05-07,0.003989932657786577
2015-05-08,0.013165916433367064
2015-05-11,-0.004772620498717073
2015-05-12,-0.002991538222949952
2015-05-13,0.00019075630671627763
2015-05-14,0.010427511235443943
2015-05-15,0.0010836324357603733
2015-05-18,0.0031068767686057708
2015-05-19,-0.0003288065332563983
2015-05-20,-0.0007039292182509094
2015-05-21,0.002912643082565447
2015-05-22,-0.0023888993404491687
2015-05-26,-0.010751483048780264
2015-05-27,0.009492040665236345
2015-05-28,-0.0011282585935148415
2015-05-29,-0.006212994139308647
2015-06-01,0.001792630599741332
2015-06-02,-0.001023525879739315
2015-06-03,-0.0005506484917358551
2015-06-04,-0.0017146079271882341
2015-06-05,-0.0029273757717005397
2015-06-08,-0.0004588929783053081
2015-06-09,-0.003875360602177383
2015-06-10,0.0019571108786961486
2015-06-11,0.0015399257603213679
2015-06-12,-0.004499527194392816
2015-06-15,-0.001295764803575095
2015-06-16,0.001156934409961747
2015-06-17,0.0001799972241897823
2015-06-18,0.00796848012948153
2015-06-19,-0.004062247987247682
2015-06-22,0.004388922702367059
2015-06-23,0.0006738124416267515
2015-06-24,-0.007215382647204565
2015-06-25,-0.0030159733975427113
2015-06-26,-0.00024095732526900517
2015-06-29,-0.020368761688178433
2015-06-30,0.00145716881908361
2015-07-01,0.008005470245985451
2015-07-02,-0.0009156144142281608
2015-07-06,-0.0028457643399906196
2015-07-07,0.0062883760659244725
2015-07-08,-0.016777003021426595
2015-07-09,0.001808783957426785
2015-07-10,0.012591823380415201
2015-07-13,0.011037032802982738
2015-07-14,0.00433798429998844
2015-07-15,-0.0003322765346919221
2015-07-16,0.008024473414299127
2015-07-17,0.0008478438043264536
2015-07-20,0.0005172332560052784
2015-07-21,-0.003951065500651052
2015-07-22,-0.0017944748118813303
2015-07-23,-0.005630001808783813
2015-07-24,-0.010372098997098234
2015-07-27,-0.005817655164160995
2015-07-28,0.012283539467677684
2015-07-29,0.006878810687397596
2015-07-30,0.00023748718242178057
2015-07-31,-0.0015178208523444203
2015-08-03,-0.0036169801733553202
2015-08-04,0.005585248909479783
2015-08-05,-0.0027465183105073714
2015-08-06,0.005644605015691043
2015-08-07,-0.003061609171386048
2015-08-10,-0.00582803216909443
2015-08-11,0.0016650739354380356
2015-08-12,-0.0016347926049246936
2015-08-13,-0.0018190138290498188
2015-08-14,-0.0021838208068640647
2015-08-17,0.0015849219363738695
2015-08-18,-0.0013167220777054048
2015-08-19,-0.00040646529775499596
2015-08-20,0.038220099208267334
2015-08-21,0.17757997937497333
2015-08-24,0.2692446845978314
2015-08-25,0.039173999315542676
2015-08-26,-0.1894415693806392
2015-08-27,-0.13631282276660472
2015-08-28,-0.01147040075436867
2015-08-31,0.007774875726672587
2015-09-01,0.23176357271006398
2015-09-02,-0.13028696302558157
2015-09-03,0.0007163896061785913
2015-09-04,-0.015136923480083886
2015-09-08,0.025130796018080215
2015-09-09,-0.013371565173749933
2015-09-10,0.005441841569021166
2015-09-11,0.004544353988261696
2015-09-14,-0.003710294338854614
2015-09-15,0.012498674128398113
2015-09-16,0.008667075625546694
2015-09-17,-0.00224789673955772
2015-09-18,-0.016341688449934
2015-09-21,0.005167653436893849
2015-09-22,-0.01297949543141741
2015-09-23,-0.0015989259994625415
2015-09-24,-0.0036160174998318695
2015-09-25,-0.00025890071492651323
2015-09-28,-0.025097308812305652
2015-09-29,0.0005847250978576746
2015-09-30,0.018658651380947022
2015-10-01,0.0023653978166324747
2015-10-02,0.008681360552403958
2015-10-05,0.015319669542767447
2015-10-06,-0.0034005944335709815
2015-10-07,0.007620745461947436
2015-10-08,0.00874702591570025
2015-10-09,0.000552970632376673
2015-10-12,0.0008780863015436323
2015-10-13,-0.006251262090657859
2015-10-14,-0.004766667040522974
2015-10-15,0.015257313989734875
2015-10-16,0.004542084410946398
2015-10-19,0.000491667798275676
2015-10-20,-0.0012787813320023077
2015-10-21,-0.0062031062785764535
2015-10-22,0.016893488238920368
2015-10-23,0.010961838789912701
2015-10-26,-0.0024578766291127683
2015-10-27,-0.001932146110600553
2015-10-28,0.01137429172303861
2015-10-29,-0.0005741385982251934
2015-10-30,-0.0043099517390725595
2015-11-02,0.011587222837894819
2015-11-03,-0.0032188977028189403
2015-11-04,-0.0012650452831819102
2015-11-05,-0.0017980817453571406
2015-11-06,-0.0016793191142346927
2015-11-09,-0.004301692278181361
2015-11-10,-0.001186746435008611
2015-11-11,-0.0018791735963772952
2015-11-12,-0.0008860213510262956
2015-11-13,0.004722037612047151
2015-11-16,-0.008689939892041226
2015-11-17,-6.896264479687225e-06
2015-11-18,0.005750900939821521
2015-11-19,-0.0010622125139185554
2015-11-20,0.0019711364986931814
2015-11-23,-0.0016068664460885988
2015-11-24,0.0012031264933756037
2015-11-25,-0.0002861114756958741
2015-11-27,0.0010777078894618059
2015-11-30,-0.004159284872519505
2015-12-01,0.009535537042915054
2015-12-02,-0.010205039311775632
2015-12-03,-0.014003004909695527
2015-12-04,0.019503092037847614
2015-12-07,-0.006058478317175875
2015-12-08,-0.006719349282597653
2015-12-09,-0.007779542616455193
2015-12-10,0.0025808535020055423
2015-12-11,-0.019381349461876307
2015-12-14,0.005052574352604866
2015-12-15,0.010498083548560633
2015-12-16,0.014631882976904764
2015-12-17,-0.015238151918531728
2015-12-18,-0.017814928552491782
2015-12-21,0.00824912030225744
2015-12-22,0.009074075769299972
2015-12-23,0.012383322679779152
2015-12-24,-0.0016502176409003422
2015-12-28,-0.0022852955181016377
2015-12-29,0.010672088440390803
2015-12-30,-0.007087712028995274
2015-12-31,-0.010003718655212657
2016-01-04,-0.014223102806497632
2016-01-05,0.008824327164356896
2016-01-06,-0.0025166143278924757
2016-01-07,0.009029415169565222
2016-01-08,0.006147213221139158
2016-01-11,-0.010312733422990255
2016-01-12,-0.007105370260620197
2016-01-13,0.014285383793232347
2016-01-14,-0.010217869783298882
2016-01-15,0.015240027933123686
2016-01-19,-0.007349853560625874
2016-01-20,0.010345041049722059
2016-01-21,-0.006574345395946252
2016-01-22,-0.02068475000113887
2016-01-25,0.009535431343257364
2016-01-26,-0.013602002234727444
2016-01-27,0.008206551660136372
2016-01-28,-0.006653292174647043
2016-01-29,-0.018188082568630706
2016-02-01,-0.008349536154813014
2016-02-02,0.013643448490621754
2016-02-03,-0.00913989247768714
2016-02-04,0.0015685775105211963
2016-02-05,-0.019050488058410586
2016-02-08,-0.013460628624260784
2016-02-09,5.3589317823510285e-05
2016-02-10,-0.0008625563292132821
2016-02-11,-0.01300822729639084
2016-02-12,0.020616867932577332
2016-02-16,0.01687874523708155
2016-02-17,0.01633421626909759
2016-02-18,-0.00409562168414257
2016-02-19,-0.0004687603056600098
2016-02-22,0.014479373122017414
2016-02-23,-0.01262976080784084
2016-02-24,0.004575841117370194
2016-02-25,0.012111749688133111
2016-02-26,-0.0023015233465084606
2016-02-29,-0.00784230301398603
2016-03-01,0.023263066401812305
2016-03-02,-0.003563904098613105
2016-03-03,0.003408211181421435
2016-03-04,0.0030571629329674095
2016-03-07,0.0006492670222898646
2016-03-08,-0.009988931019616943
2016-03-09,0.004347885862613065
2016-03-10,0.0005711478724984481
2016-03-11,0.015501104133904223
2016-03-14,-0.001314817978659484
2016-03-15,-0.001641425454568909
2016-03-16,0.005736788888421696
2016-03-17,0.006339713277496219
2016-03-18,0.003929112147763138
2016-03-21,0.0014183533368741794
2016-03-22,-0.0005373709021553549
2016-03-23,-0.006599167228236448
2016-03-24,-0.0004430556987984992
2016-03-28,0.0005908472997502567
2016-03-29,0.009250415143499304
2016-03-30,0.004387317493939058
2016-03-31,-0.00242687792429086
2016-04-01,0.006568185018817951
2016-04-04,-0.006333582362538748
2016-04-05,-0.0010736899252730102
2016-04-06,0.0005376363218529152
2016-04-07,-0.00021712828530895227
2016-04-08,-0.0029485184247604063
2016-04-11,-0.0013825362774543535
2016-04-12,0.0009586954204598274
2016-04-13,0.007034475937554716
2016-04-14,-0.00018456597465317374
2016-04-15,-0.0012239929610404281
2016-04-18,0.006556043728954354
2016-04-19,0.0031160260175473005
2016-04-20,0.0009438486393928782
2016-04-21,-0.005368883463023145
2016-04-22,-1.3664818752841065e-05
2016-04-25,-0.001725438679641871
2016-04-26,0.0014858724744865564
2016-04-27,0.002058521096944871
2016-04-28,-0.009075821934366214
2016-04-29,-0.005399073298830247
2016-05-02,0.0077044936392618455
2016-05-03,-0.009071500709408438
2016-05-04,-0.002355389541479733
2016-05-05,-0.0010633660122561241
2016-05-06,-0.0010631709831459722
2016-05-09,-0.0010602999429734539
2016-05-10,0.008673662325567509
2016-05-11,-0.007086461679007081
2016-05-12,-0.0004378934342583493
2016-05-13,-0.005903705181863221
2016-05-16,0.005805504580573036
2016-05-17,-0.006956119036357773
2016-05-18,6.301338718892437e-05
2016-05-19,-0.0025935689037704024
2016-05-20,0.003240793070591161
2016-05-23,-0.0019598567567681137
2016-05-24,0.011877447330676366
2016-05-25,0.006721959842905951
2016-05-26,0.00028221852645281644
2016-05-27,0.0042980796825258
2016-05-31,-0.0019026779971164686
2016-06-01,0.002049582476408851
2016-06-02,0.003043551013326651
2016-06-03,-0.0029871034956914233
2016-06-06,0.005088357789082787
2016-06-07,0.0015614972004573957
2016-06-08,0.0032594176431153254
2016-06-09,-0.0013650895558100506
2016-06-10,-0.009477586937949867
2016-06-13,-0.007711824011082835
2016-06-14,-0.001967364298509966
2016-06-15,-0.001393674903993336
2016-06-16,0.0029843488963188225
2016-06-17,-0.0037243484399397397
2016-06-20,0.006440099579672287
2016-06-21,0.0028386364823349552
2016-06-22,-0.0016309668157808987
2016-06-23,0.01302248029084807
2016-06-24,-0.03590920322886437
2016-06-27,-0.017909516122151747
2016-06-28,0.01803589283215823
2016-06-29,0.01702733497744302
2016-06-30,0.01364578615588985
2016-07-01,0.0018562160651582912
2016-07-05,-0.007289117234585895
2016-07-06,0.0018010695933555494
2016-07-07,-0.0011932734255362802
2016-07-08,0.010722222170586864
2016-07-11,0.0031459317771057285
2016-07-12,0.007023088537988438
2016-07-13,-0.00020812230276479559
2016-07-14,0.005531971522302108
2016-07-15,-0.0013481146354765692
2016-07-18,0.0026759579020314054
2016-07-19,-0.0010174896376934628
2016-07-20,0.004162723538506821
2016-07-21,-0.0037769294865374644
2016-07-22,0.004485087878034079
2016-07-25,-0.002716103813797913
2016-07-26,0.0004615373665244518
2016-07-27,-0.0010609966459366705
2016-07-28,0.0011547842800421204
2016-07-29,0.001614403493775507
2016-08-01,-0.001072821799452116
2016-08-02,0.007513778347894254
2016-08-03,-0.004546269861591013
2016-08-04,-0.0029782416682461194
2016-08-05,-0.00016912461112092263
2016-08-08,-0.00139555623841368
2016-08-09,0.00031595437094788343
2016-08-10,-0.001525768437946555
2016-08-11,0.0026159608775141755
2016-08-12,-0.0011195653756275032
2016-08-15,0.0021241118262792513
2016-08-16,-0.004258745821728148
2016-08-17,0.0010711435101691837
2016-08-18,0.0017447848924390737
2016-08-19,-0.0015065118027271726
2016-08-22,-0.00011980211357021819
2016-08-23,0.0019641907058257917
2016-08-24,-0.005045213944960278
2016-08-25,-0.0007331174536704636
2016-08-26,-0.0019112565927601323
2016-08-29,0.0048979304193155085
2016-08-30,-0.0016487524286215153
2016-08-31,-0.002844024823896899
2016-09-01,-0.00019767295984540588
2016-09-02,-0.001387834543384427
2016-09-06,0.001195390136064181
2016-09-07,-0.00039665884536133696
2016-09-08,-0.0015185286431468133
2016-09-09,0.010957540923223465
2016-09-12,-0.013981252295851176
2016-09-13,0.007994059259426041
2016-09-14,-0.0007887323244472459
2016-09-15,-0.0091096672252171
2016-09-16,-0.004814031443050156
2016-09-19,-0.003520368567900894
2016-09-20,-0.0005642384018660435
2016-09-21,0.005362112107620265
2016-09-22,0.005886435340015114
2016-09-23,-0.005453952784168018
2016-09-26,-0.00806083903988473
2016-09-27,0.006111527784893671
2016-09-28,0.004963183521536062
2016-09-29,-0.00904754613086793
2016-09-30,0.007545916004997769
2016-10-03,-0.002647613899382724
2016-10-04,0.0005995911118610855
2016-10-05,-0.0016623333960059722
2016-10-06,-0.000726551874131029
2016-10-07,-0.00013909333912637484
2016-10-10,7.387996076059847e-05
2016-10-11,0.0019733503742827858
2016-10-12,0.000831664531501861
2016-10-13,0.002191945078985906
2016-10-14,-0.004086146703669045
2016-10-17,-0.004165310372925668
2016-10-18,-0.0039609537608744725
2016-10-19,-0.0018772670375991896
2016-10-20,-0.003016074796498851
2016-10-21,-0.00101941479298738
2016-10-24,0.0017865135183836255
2016-10-25,-0.0031079126463031317
2016-10-26,-0.0017724231406766049
2016-10-27,-0.00214804642447066
2016-10-28,-0.0026099339572018413
2016-10-31,-0.0018914021859051157
2016-11-01,-0.0072820379288806225
2016-11-02,-0.006088876905382398
2016-11-03,-0.004576911833688024
2016-11-04,-0.0011015118790497214
2016-11-07,0.022057009330059607
2016-11-08,0.004503772278249274
2016-11-09,0.010601978015885694
2016-11-10,0.0024956533227986633
2016-11-11,-0.00230497971916932
2016-11-14,0.0007856667374646076
2016-11-15,0.007802524223604834
2016-11-16,-0.001878188049067031
2016-11-17,0.005140500075753174
2016-11-18,-0.00223769598864465
2016-11-21,0.007551521703895281
2016-11-22,0.00195339523456739
2016-11-23,0.0005438772199801711
2016-11-25,0.0037155912699393667
2016-11-28,-0.004694700449242473
2016-11-29,0.00195006671599951
2016-11-30,-0.002399215327417603
2016-12-01,-0.003918870889614288
2016-12-02,0.004600302805124355
2016-12-05,-0.004143790785727438
2016-12-06,0.0016120731416393536
2016-12-07,0.01166603588791189
2016-12-08,0.0023617922237461676
2016-12-09,0.005547617109376806
2016-12-12,-0.0011282316562494258
2016-12-13,0.0065752189013004465
2016-12-14,-0.008147837893987932
2016-12-15,0.004004446046236653
2016-12-16,-0.001979578987112486
2016-12-19,0.0021573661014118034
2016-12-20,0.0038565658178515982
2016-12-21,-0.0027827142980535063
2016-12-22,-0.0017277962125399884
2016-12-23,0.0014643090538964333
2016-12-27,0.0024813095569392995
2016-12-28,-0.008264742390169992
2016-12-29,-0.000222748839116121
2016-12-30,-0.003654889991973387
2017-01-03,0.007406277222484105
2017-01-04,-0.0022086258290365205
2017-01-05,-0.0009976609530577907
2017-01-06,0.0029354893029533173
2017-01-09,-0.0032564726418726755
2017-01-10,-0.00013183339240525804
2017-01-11,0.0025414101024134887
2017-01-12,-0.0023987515658814317
2017-01-13,0.002078796035547871
2017-01-17,-0.0035288757688857596
2017-01-18,0.002191268473085182
2017-01-19,-0.0036181304695822526
2017-01-20,0.003439840568764181
2017-01-23,-0.0026245840785672067
2017-01-24,0.006396815213811121
2017-01-25,0.008655163279261989
2017-01-26,-0.0010455232838941539
2017-01-27,-0.0015697629176177142
2017-01-30,-0.0062017849645204385
2017-01-31,-8.814643138788236e-05
2017-02-01,0.0003958372838537082
2017-02-02,0.0006589488050099401
2017-02-03,0.0068926631640777725
2017-02-06,-0.001787490440990025
2017-02-07,4.373014245206974e-05
2017-02-08,0.0013103763994484208
2017-02-09,0.005932763966489452
2017-02-10,0.003946166715919963
2017-02-13,0.005442393358089825
2017-02-14,0.003995244528604669
2017-02-15,0.0052203470481075875
2017-02-16,-0.0008513972403203507
2017-02-17,0.0015764421580928278
2017-02-21,0.005955169210029698
2017-02-22,-0.0008878524034164892
2017-02-23,0.0006771672332348544
2017-02-24,0.0012686607374567949
2017-02-27,0.0015629160921679652
2017-02-28,-0.0026992623715008657
2017-03-01,0.013753732601460289
2017-03-02,-0.01255611554895247
2017-03-03,-0.0009419451069118134
2017-03-06,-0.0027904867529130236
2017-03-07,-0.002361175096451224
2017-03-08,-0.0010891063762032624
2017-03-09,0.001214415965050148
2017-03-10,0.0016649664610870372
2017-03-13,-0.0003282064752588137
2017-03-14,-0.002944221071028625
2017-03-15,0.007362302463048171
2017-03-16,-0.0020597629303716835
2017-03-17,-0.0017571792184568594
2017-03-20,-0.0012234941983437343
2017-03-21,-0.01201421475982582
2017-03-22,0.0019870593542832674
2017-03-23,-0.0011203868492463366
2017-03-24,-0.0009302107343411839
2017-03-27,-0.0013037122903511828
2017-03-28,0.007265572538934592
2017-03-29,0.0009348747182116647
2017-03-30,0.0031842484627797834
2017-03-31,-0.002327987275063448
2017-04-03,-0.001982891138927909
2017-04-04,-0.0013169002781542017
2017-04-05,0.002449190635940902
2017-04-06,-0.0018120971681602335
2017-04-07,0.0005309730265042503
2017-04-10,0.001694836491560226
2017-04-11,0.0024607411429720277
2017-04-12,0.0016097963451336137
2017-04-13,0.0011086822176003559
2017-04-17,-0.011563757742116685
2017-04-18,-0.002866704531574483
2017-04-19,-0.0004741846077003335
2017-04-20,0.0015848419698764622
2017-04-21,-0.0022178559621532676
2017-04-24,0.0070305109000525084
2017-04-25,0.005805947036241538
2017-04-26,-0.0006294962180655094
2017-04-27,0.0008384078325786845
2017-04-28,-0.00217923915497
2017-05-01,0.0025202521759363104
2017-05-02,0.0003765979728309609
2017-05-03,-0.001214191312602475
2017-05-04,0.001173944223260781
2017-05-05,0.003937105327967538
2017-05-08,-0.0001669999551034973
2017-05-09,-0.0009179538448097491
2017-05-10,0.001795891288969509
2017-05-11,-0.002042810392260175
2017-05-12,-0.0016709055922129457
2017-05-15,0.005523468225127504
2017-05-16,-0.000915508949191568
2017-05-17,-0.01774393389832407
2017-05-18,0.004028382640316908
2017-05-19,0.0065044054914964455
2017-05-22,0.005077122935045253
2017-05-23,0.00221277363020822
2017-05-24,0.0023329738037263237
2017-05-25,0.004779662031034304
2017-05-26,-0.00020695293258377045
2017-05-30,-0.0008689297085134884
2017-05-31,-0.0002483771838379667
2017-06-01,0.007708334161314447
2017-06-02,-0.004565702843697211
2017-06-05,-0.0008757709632305877
2017-06-06,-0.0020976329669943044
2017-06-07,0.0009190249977312884
2017-06-08,-0.0001495703122657339
2017-06-09,-0.0008485945495739464
2017-06-12,-0.00020927895980964775
2017-06-13,0.0033278252956669796
2017-06-14,-0.0012334460559198747
2017-06-15,-0.0018411280254366576
2017-06-16,-3.5880990403220714e-05
2017-06-19,0.008173099812980237
2017-06-20,-0.006725566703331505
2017-06-21,-0.00026118037728484845
2017-06-22,-0.00045983480613879385
2017-06-23,0.0011920720219100907
2017-06-26,0.0006576800788951504
2017-06-27,-0.008055814183288679
2017-06-28,0.008950500756727637
2017-06-29,-0.008789335211483396
2017-06-30,0.0018646885284920867
2017-07-03,0.0014517706395045253
2017-07-05,-0.0018050667092657348
2017-07-06,0.0045550555898908746
2017-07-07,-0.006575257411153784
2017-07-10,-0.001312244762358554
2017-07-11,-0.0014150560314203713
2017-07-12,0.005078300047356474
2017-07-13,0.001264775404108649
2017-07-14,0.004416104175168282
2017-07-17,-0.0001565790760068533
2017-07-18,0.0005156894222427085
2017-07-19,0.005392165767383966
2017-07-20,0.00044254013328121945
2017-07-21,-0.000891009210545358
2017-07-24,-0.00024349761713431673
2017-07-25,0.0024308000819662444
2017-07-26,4.058689063445388e-05
2017-07-27,-0.0009295852827359836
2017-07-28,-0.001173272131450959
2017-07-31,-0.0005669891414063773
2017-08-01,0.002228832705786443
2017-08-02,0.000485053150694581
2017-08-03,-0.0019396267149824897
2017-08-04,0.0018219028149777383
2017-08-07,0.0018593211583113334
2017-08-08,-0.0024609655937957164
2017-08-09,-4.0259315434276743e-05
2017-08-10,-0.014115470069508529
2017-08-11,0.0014769877430256262
2017-08-14,0.009913090018178305
2017-08-15,-0.00012162914405189351
2017-08-16,0.0017443228139575329
2017-08-17,-0.015590732795225826
2017-08-18,-0.0015633192692859899
2017-08-21,0.000782738861216048
2017-08-22,0.010457194629266642
2017-08-23,-0.003585613597219872
2017-08-24,-0.0023305252504557394
2017-08-25,0.0023359692858606618
2017-08-28,4.120630525394908e-05
2017-08-29,0.0011447558774171362
2017-08-30,0.004737628875293609
2017-08-31,0.006015913932851724
2017-09-01,0.0011703193286265452
2017-09-05,0.005845490442970166
2017-09-06,-0.006998488329744786
2017-09-07,-0.0017199076448938826
2017-09-08,0.0018359000445696098
2017-09-11,-0.0018724712414567076
2017-09-12,0.002688992329505391
2017-09-13,0.00029575632479620116
2017-09-14,-0.0004152031971143268
2017-09-15,0.0012093170835921724
2017-09-18,0.0020525259833709024
2017-09-19,0.0009950551182013473
2017-09-20,0.0003572303515376988
2017-09-21,-0.0026796573843946353
2017-09-22,0.0002004926966593951
2017-09-25,-0.002044734906596508
2017-09-26,0.0006025607030125508
2017-09-27,0.003894437909847908
2017-09-28,0.0011997935346268473
2017-09-29,0.003515028014784649
2017-10-02,0.0040947867934062465
2017-10-03,-0.0030970783840051797
2017-10-04,0.0005404079073958947
2017-10-05,0.003152743897622724
2017-10-06,-0.0005326860239831075
2017-10-09,-0.001050145277084925
2017-10-10,0.0014331464225669055
2017-10-11,0.0010372911294064288
2017-10-12,-0.0014707322821829593
2017-10-13,0.0009029613923213272
2017-10-16,0.001189861954078506
2017-10-17,0.0007046650271651376
2017-10-18,0.0009147987977616023
2017-10-19,0.0002562675421215232
2017-10-20,0.005144479011261281
2017-10-23,-0.003888750658004429
2017-10-24,0.0017545854351475522
2017-10-25,-0.004949972559836285
2017-10-26,0.0012917957524520487
2017-10-27,0.008176284885750871
2017-10-30,-0.003725180602627895
2017-10-31,0.0015582287726965127
2017-11-01,0.0013218325679653642
2017-11-02,0.0003884207071860324
2017-11-03,0.0033387819976784527
2017-11-06,0.001547505875304056
2017-11-07,-0.0006952139235537613
2017-11-08,0.0017009167661090618
2017-11-09,-0.0036273153295334204
2017-11-10,-0.0003104592699496589
2017-11-13,0.0009302455921467168
2017-11-14,-0.0023225396508521623
2017-11-15,-0.005005383003239383
2017-11-16,0.008500741157156266
2017-11-17,-0.0029385587106497413
2017-11-20,0.0017064631376730865
2017-11-21,0.006542540002929753
2017-11-22,-0.0008844076749814356
2017-11-24,0.002309485130755906
2017-11-27,-0.0004990789048576749
2017-11-28,0.010144725264478183
2017-11-29,-0.0006084215511354962
2017-11-30,0.008754767429504318
2017-12-01,-0.0023191670202614705
2017-12-04,0.000659221704426114
2017-12-05,-0.003048633791141278
2017-12-06,-0.0025378528391428144
2017-12-07,-0.002476920391593255
2017-12-08,0.0026830082274671907
2017-12-11,0.002177991938188952
2017-12-12,0.0017861854758582513
2017-12-13,-0.00011549851216134991
2017-12-14,-0.0038161073297031897
2017-12-15,0.007769676135844894
2017-12-18,0.006317110445958071
2017-12-19,-0.003838646685849491
2017-12-20,-0.000526083385537999
2017-12-21,0.0020590033295433637
2017-12-22,-0.0002615518914311078
2017-12-26,-0.0011960529499278907
2017-12-27,0.00048664510142188105
2017-12-28,0.002057141445298116
2017-12-29,-0.0037705722508956097
2018-01-02,0.006913633431371747
2018-01-03,-0.002766963745487752
2018-01-04,0.0039371025255522316
2018-01-05,0.006449074512766596
2018-01-08,0.0017839018937839239
2018-01-09,0.0022731390917169925
2018-01-10,-0.0015527384836715326
2018-01-11,0.0072607117258127706
2018-01-12,0.006512160624673924
2018-01-16,-0.0034107878777798585
2018-01-17,0.009521999666311103
2018-01-18,-0.0016803431019515112
2018-01-19,0.004547604307601195
2018-01-22,0.008130756243037811
2018-01-23,0.0021229833450387937
2018-01-24,-0.0003886764190372745
2018-01-25,0.00042338317300994556
2018-01-26,0.011578169299699402
2018-01-29,-0.006629777223522204
2018-01-30,-0.010256932818271558
2018-01-31,0.00049633344922273
2018-02-01,-0.001135155591722059
2018-02-02,-0.021769992316908904
2018-02-05,-0.041822392547722353
2018-02-06,0.019702230459573533
2018-02-07,-0.005424622539695445
2018-02-08,-0.03750902178963089
2018-02-09,0.015021621084821524
2018-02-12,0.014684457735333556
2018-02-13,0.002487331783150415
2018-02-14,0.013496226182083015
2018-02-15,0.012760370629833373
2018-02-16,0.00029251492812853996
2018-02-20,-0.006260852741915457
2018-02-21,-0.004974313820008125
2018-02-22,0.0012961198016827602
2018-02-23,0.015939352388161687
2018-02-26,0.011612150515762032
2018-02-27,-0.012486687546298114
2018-02-28,-0.010129936771101078
2018-03-01,-0.014784635751123987
2018-03-02,0.00783225943516207
2018-03-05,0.005167527864946445
2018-03-06,0.0011951885249854369
2018-03-07,-0.0011669398284518979
2018-03-08,0.0029549052611645673
2018-03-09,0.015616484625068358
2018-03-12,-0.0012323995958220522
2018-03-13,-0.006254551374478988
2018-03-14,-0.004797650982125412
2018-03-15,-0.0013300751551274404
2018-03-16,0.0008041209470824443
2018-03-19,-0.012482864863088663
2018-03-20,0.0010500314159860927
2018-03-21,-0.002088193423281807
2018-03-22,-0.01754906434706946
2018-03-23,-0.00708771873521569
2018-03-26,0.00571732915347422
2018-03-27,-0.01389876038780765
2018-03-28,-0.004447368142956376
2018-03-29,0.010223196716455055
2018-04-02,-0.021828497192127757
2018-04-03,0.017405892777629044
2018-04-04,0.0050006054607254335
2018-04-05,0.004361054150045715
2018-04-06,-0.012467693189613565
2018-04-09,0.0015611545642098936
2018-04-10,0.009396197461786649
2018-04-11,-0.004699556626358426
2018-04-12,0.005081869865321469
2018-04-13,-0.0034176019690742403
2018-04-16,0.006778292915277212
2018-04-17,0.010219135243626493
2018-04-18,0.000725084833845768
2018-04-19,-0.005501923417707157
2018-04-20,-0.008279646490005496
2018-04-23,-0.0003921241738859651
2018-04-24,-0.013042892061102871
2018-04-25,0.002197565424418287
2018-04-26,0.009936010141119736
2018-04-27,0.0009280721499647571
2018-04-30,-0.00769172215729475
2018-05-01,0.001776773247911303
2018-05-02,-0.006717144993863755
2018-05-03,-0.0022040706310253455
2018-05-04,0.012946651841966084
2018-05-07,0.0033833162616536683
2018-05-08,0.0
2018-05-09,0.009665747212614262
2018-05-10,0.009350508832381532
2018-05-11,0.0030512626767091877
2018-05-14,0.00047686990613349245
2018-05-15,-0.006887155940263123
2018-05-16,0.004204973592957462
2018-05-17,-0.000844785953750038
2018-05-18,-0.0025000967376992422
2018-05-21,0.007518578240242713
2018-05-22,-0.0027800381859459655
2018-05-23,0.002750956516217151
2018-05-24,-0.002048247783329016
2018-05-25,-0.0023828188285394125
2018-05-29,-0.011501285122690108
2018-05-30,0.013345027982859525
2018-05-31,-0.0061260220038419355
2018-06-01,0.009573690062104403
2018-06-04,-0.0037742495658059077
2018-06-05,0.0003673408909696551
2018-06-06,0.0077504399945078585
2018-06-07,-6.9184291857752e-05
2018-06-08,0.0028744669070636495
2018-06-11,0.0012606478056082814
2018-06-12,0.0012695409342522088
2018-06-13,-0.0031594409698893905
2018-06-14,0.002465838497723459
2018-06-15,-0.0012804873553570134
2018-06-18,-0.0020631460057839576
2018-06-19,-0.0038244583824354854
2018-06-20,0.0016962932363382265
2018-06-21,-0.006249656360820265
2018-06-22,0.001804450920056026
2018-06-25,-0.013593115593638433
2018-06-26,0.0021923358248491084
2018-06-27,-0.008283931752196362
2018-06-28,0.005716587378005945
2018-06-29,0.0014395449026670315
2018-07-02,0.0018940463003940269
2018-07-03,-0.0033346931860916912
2018-07-05,0.002571983734284796
2018-07-06,0.00537450399611752
2018-07-09,0.007997615103482673
2018-07-10,0.003479365760817592
2018-07-11,-0.006985773646893333
2018-07-12,0.008660242617022853
2018-07-13,0.0007477054108258386
2018-07-16,-0.0009020756225535405
2018-07-17,0.004020799425649314
2018-07-18,0.002100960623941883
2018-07-19,-0.0037676125014019274
2018-07-20,-0.0011448187982228328
2018-07-23,0.0018555919614327949
2018-07-24,0.005031853614253978
2018-07-25,0.00852236161739418
2018-07-26,-0.002358940423214531
2018-07-27,-0.006776107770650705
2018-07-30,-0.005223478817118786
2018-07-31,0.0049290621238386925
2018-08-01,-0.001670247504154676
2018-08-02,0.00544774104980883
2018-08-03,0.004284046516166873
2018-08-06,0.0036678612115881304
2018-08-07,0.003302253161117319
2018-08-08,-0.0004205054079119419
2018-08-09,-0.001366191149153373
2018-08-10,-0.006700042845209975
2018-08-13,-0.0037433093890886227
2018-08-14,0.006380871290789347
2018-08-15,-0.007467587831450961
2018-08-16,0.008091293704854507
2018-08-17,0.0035203141108153257
2018-08-20,0.002139856819310948
2018-08-21,0.002345534468328525
2018-08-22,-0.0005936333708747021
2018-08-23,-0.001327931752618805
2018-08-24,0.006018554617008398
2018-08-27,0.007895268599359628
2018-08-28,0.0004829241126389494
2018-08-29,0.005380696972528742
2018-08-30,-0.00404792278922228
2018-08-31,3.419532058401842e-05
2018-09-04,-0.0019658391625099166
2018-09-05,0.0037935866468812455
2018-09-06,0.0022843226326146986
2018-09-07,0.0001469062638219951
2018-09-10,-0.006751279298104753
2018-09-11,-0.003225486595052178
2018-09-12,-0.0008537397322776203
2018-09-13,0.0014692441613602019
2018-09-14,-0.0006331144609758683
2018-09-17,-0.0027352541851225457
2018-09-18,0.002249074059438012
2018-09-19,1.638999749524429e-05
2018-09-20,0.007624839143908991
2018-09-21,-0.0009623611721257864
2018-09-24,-0.003358366484212392
2018-09-25,-0.0009432603833877543
2018-09-26,-0.002966994638675049
2018-09-27,0.0027157383888006064
2018-09-28,9.196545085498115e-05
2018-10-01,0.0034709761257965075
2018-10-02,-0.0005830389676353275
2018-10-03,0.0005486610058037686
2018-10-04,-0.007815602316333492
2018-10-05,-0.00559715603515043
2018-10-08,0.0
2018-10-09,-0.0014593375518334728
2018-10-10,-0.031663081242934044
2018-10-11,-0.022026463492407666
2018-10-12,0.013888371467353
2018-10-15,-0.005617112350267295
2018-10-16,0.02186609191406519
2018-10-17,0.00017860180302764483
2018-10-18,-0.014441589133944555
2018-10-19,-0.0005425664516657269
2018-10-22,-0.004488586566609443
2018-10-23,-0.005090753559041983
2018-10-24,-0.030298563091756714
2018-10-25,0.017940523083120663
2018-10-26,-0.017587298872914103
2018-10-29,-0.00554036090488863
2018-10-30,0.014818569197873277
2018-10-31,0.010681175627703432
2018-11-01,0.01039754898749812
2018-11-02,-0.009407144546772456
2018-11-05,0.0038710000256780295
2018-11-06,0.005014231583847446
2018-11-07,0.018479658981966882
2018-11-08,-0.0017728554969297927
2018-11-09,-0.009387764525197765
2018-11-12,-0.01624863306694683
2018-11-13,-0.0021728924525503544
2018-11-14,-0.005232722490172828
2018-11-15,0.007766185637347034
2018-11-16,0.0015593878819182823
2018-11-19,-0.015340979746967593
2018-11-20,-0.01285338754237772
2018-11-21,0.0001832901047771631
2018-11-23,-0.005803016941682406
2018-11-26,0.010532103775726763
2018-11-27,0.003156222196085235
2018-11-28,0.022969411627961414
2018-11-29,-0.0021849662496128144
2018-11-30,0.0060953998328175185
2018-12-03,0.012997037240164213
2018-12-04,-0.017509878772681422
2018-12-06,-0.00099447927633771
2018-12-07,0.0018063089362240319
2018-12-10,-0.004763692064764005
2018-12-11,-0.003223103831487515
2018-12-12,-0.001669096714063103
2018-12-13,-0.002914651287214559
2018-12-14,0.003409263423844615
2018-12-17,0.011924014137557074
2018-12-18,0.0013490127952642136
2018-12-19,0.010168079276657527
2018-12-20,0.017426223091251886
2018-12-21,0.02158132198486122
2018-12-24,0.029470314429149304
2018-12-26,-0.05086302380015843
2018-12-27,-0.009340729273746011
2018-12-28,-0.00028961151064006165
2018-12-31,-0.012922009276865175
2019-01-02,-0.0010743018141415143
2019-01-03,-0.023863003464361543
2019-01-04,0.033495812281358006
2019-01-07,0.007884685136690273
2019-01-08,0.00939532836578083
2019-01-09,0.004673402552196393
2019-01-10,0.003527758301809625
2019-01-11,0.000386100233465303
2019-01-14,-0.006100861303490079
2019-01-15,0.011460882858806087
2019-01-16,0.0024199423110702334
2019-01-17,0.007586602916344498
2019-01-18,0.013309741452121271
2019-01-22,-0.013510612161445446
2019-01-23,0.002092632317188814
2019-01-24,0.0005313740227519403
2019-01-25,0.008461614183866262
2019-01-28,-0.007600277526578658
2019-01-29,-0.0013270601540246174
2019-01-30,0.015831073569141596
2019-01-31,0.008782427648270863
2019-02-01,0.0002374805874276752
2019-02-04,0.00177456220689231
2019-02-05,0.00278704295941674
2019-02-06,-0.0015540027882633937
2019-02-07,-0.006422014349309788
2019-02-08,-0.0004488378301067612
2019-02-11,-0.0005286548878682899
2019-02-12,0.010520301692193371
2019-02-13,0.0029690097140901805
2019-02-14,-0.0020645325839898352
2019-02-15,0.010230836475894614
2019-02-19,0.001642803382566297
2019-02-20,0.0020055796963156323
2019-02-21,-0.0035556282755277355
2019-02-22,0.006198445608985295
2019-02-25,0.0013610883682166753
2019-02-26,-0.0007152418328004568
2019-02-27,-0.0004297819487099792
2019-02-28,-0.0018626393726370984
2019-03-01,0.006243826208964354
2019-03-04,-0.003637296602627016
2019-03-05,-0.0013600982733424916
2019-03-06,-0.006056856656511678
2019-03-07,-0.008365543035778855
2019-03-08,-0.0020001166031758943
2019-03-11,0.014501443432438421
2019-03-12,0.0037704868222252497
2019-03-13,0.006619795721904076
2019-03-14,-0.0006399836257314773
2019-03-15,0.004940845503802027
2019-03-18,0.0036253417509710673
2019-03-19,0.0002481186142913039
2019-03-20,-0.0030098793462453033
2019-03-21,0.011294764411232228
2019-03-22,-0.019246537906308592
2019-03-25,-0.0007518358953202409
2019-03-26,0.007454027764549398
2019-03-27,-0.0052290507383020435
2019-03-28,0.0037904200954812506
2019-03-29,0.006305369201006439
2019-04-01,0.011615699382503621
2019-04-02,-0.005385614000706541
2019-04-03,0.0014345396327190482
2019-04-04,0.001590322439752901
2019-04-05,0.003343062167381796
2019-04-08,0.0004939218086910549
2019-04-09,-0.004055361327030209
2019-04-10,0.002255424420362968
2019-04-11,-0.00048317998223906095
2019-04-12,0.006331992516055312
2019-04-15,-0.0006930917082253748
2019-04-16,0.0006320272081873031
2019-04-17,-0.002434911557706832
2019-04-18,0.001940728070452222
2019-04-22,0.0008524474068344859
2019-04-23,0.00899105257100173
2019-04-24,-0.002219237360759134
2019-04-25,-0.0006161270008427161
2019-04-26,0.00465637291498127
2019-04-29,0.0015683923832989723
2019-04-30,0.0005099203902394489
2019-05-01,-0.007516452781375138
2019-05-02,-0.0021588339875519003
2019-05-03,0.009787793881975704
2019-05-06,-0.004115032865163237
2019-05-07,-0.016700042858393882
2019-05-08,-0.0013889811271969865
2019-05-09,-0.0030258708651491606
2019-05-10,0.005023432336743516
2019-05-13,-0.025130198324916697
2019-05-14,0.009043715240694805
2019-05-15,0.005857517743003804
2019-05-16,0.009261118185179162
2019-05-17,-0.006465016273216717
2019-05-20,-0.006612242725202222
2019-05-21,0.009015991854794958
2019-05-22,-0.0030716133657798794
2019-05-23,-0.01221871688727827
2019-05-24,0.0022682772829785147
2019-05-28,-0.009300359154352233
2019-05-29,-0.006710958625848029
2019-05-30,0.0027318986161390946
2019-05-31,-0.013475906992992615
2019-06-03,-0.0027869353795092464
2019-06-04,0.014871041285712119
2019-06-05,0.007055192505780961
2019-06-06,0.005956906146156272
2019-06-07,0.00967327661526159
2019-06-10,0.0043361959634719656
2019-06-11,-0.0002624100307541016
2019-06-12,-0.0017782107111483751
2019-06-13,0.004072007210529788
2019-06-14,-0.0011299809598864852
2019-06-17,0.0003583881062548589
2019-06-18,0.01046017587920115
2019-06-19,0.002255371428817896
2019-06-20,0.009554074520084319
2019-06-21,-0.0014533300566824628
2019-06-24,-0.0012244448594659187
2019-06-25,-0.009808206760715876
2019-06-26,-0.0009975273354091462
2019-06-27,0.003546150397285208
2019-06-28,0.0051456976876727055
2019-07-01,0.009078786019037346
2019-07-02,0.002603982385107395
2019-07-03,0.007995303158475409
2019-07-05,-0.0011378613026368223
2019-07-08,-0.005494999552672075
2019-07-09,0.0012464574009005691
2019-07-10,0.004778090387931533
2019-07-11,0.0023445195200804125
2019-07-12,0.00447683713331104
2019-07-15,0.00033254626221035366
2019-07-16,-0.0032251209012941207
2019-07-17,-0.006805074242913545
2019-07-18,0.003660953207820894
2019-07-19,-0.00555504217377889
2019-07-22,0.0024560841597243144
2019-07-23,0.007150282323825863
2019-07-24,0.004699854382133495
2019-07-25,-0.004777326636898116
2019-07-26,0.006700375663139635
2019-07-29,-0.0018215511118780947
2019-07-30,-0.002454656739357408
2019-07-31,-0.010940451989097988
2019-08-01,-0.008951891940981003
2019-08-02,0.005917064923163259
2019-08-05,0.030895177535295984
2019-08-06,-0.0240505461997775
2019-08-07,-0.00386930162180521
2019-08-08,-0.007050911564738891
2019-08-09,-0.00015014016022463824
2019-08-12,0.005481996398576029
2019-08-13,-0.00949299131901275
2019-08-14,0.016380570747309912
2019-08-15,-0.006328341914710203
2019-08-16,-0.013130941147415979
2019-08-19,-0.0032466930156826706
2019-08-20,-0.0036676848213193338
2019-08-21,0.0010733188994979832
2019-08-22,-0.00024374670735085484
2019-08-23,-0.0015293411147697077
2019-08-26,-0.009525765824595678
2019-08-27,-0.002908444291789232
2019-08-28,0.00034831718367143213
2019-08-29,0.011335172439347972
2019-08-30,-0.0004447785344215262
2019-09-03,-0.006091411604687291
2019-09-04,0.007192513909271493
2019-09-05,0.009456937616468042
2019-09-06,-0.0001601333508168063
2019-09-09,0.00023075302793816355
2019-09-10,-0.0003556130707627941
2019-09-11,0.006583054745468634
2019-09-12,0.0032945448025451128
2019-09-13,-0.0007258012390438347
2019-09-16,-0.0030644730960872574
2019-09-17,0.0024652368309415707
2019-09-18,0.0005619014665811135
2019-09-19,-7.470052128884717e-05
2019-09-20,-0.0046757385489796
2019-09-23,-0.0002941771550510423
2019-09-24,-0.007765243750045631
2019-09-25,0.005829938181389904
2019-09-26,-0.0020872367858531774
2019-09-27,-0.005377305091175091
2019-09-30,0.004620464677470396
2019-10-01,-0.011894953639623255
2019-10-02,-0.01766428630861626
2019-10-03,0.008191956801634245
2019-10-04,0.013532528206620542
2019-10-07,-0.004314520263226096
2019-10-08,-0.015525051882188667
2019-10-09,0.00949621040126436
2019-10-10,0.006763787240334107
2019-10-11,0.01036710649443151
2019-10-14,-0.0011138750747484716
2019-10-15,0.00990020332216024
2019-10-16,-0.0016060163870631472
2019-10-17,0.002949193636768266
2019-10-18,-0.004377562641920907
2019-10-21,0.006779375099715601
2019-10-22,-0.0032665422675494105
2019-10-23,0.002909420775809579
2019-10-24,0.0016339823450473023
2019-10-25,0.004094981527835051
2019-10-28,0.00563634749154307
2019-10-29,-0.00029628916402524297
2019-10-30,0.003067074515119561
2019-10-31,-0.002663329724113761
2019-11-01,0.009020233068049112
2019-11-04,-0.0031839949498638455
2019-11-05,-0.0008454682379225909
2019-11-06,-0.0006573711872286324
2019-11-07,0.0029082269890833086
2019-11-08,0.001756667012718077
2019-11-11,-0.0019034246015067772
2019-11-12,0.0018995990360479412
2019-11-13,0.0002999028719660272
2019-11-14,0.0013461506490714458
2019-11-15,0.007057958585298233
2019-11-18,0.0007243261442564463
2019-11-19,-0.000289390731362376
2019-11-20,-0.0037190349210521226
2019-11-21,-0.001609669685923545
2019-11-22,0.002221543937799995
2019-11-25,0.007750056302619732
2019-11-26,0.0022656925215041963
2019-11-27,0.00445729751512891
2019-11-29,-0.003708703006538583
2019-12-02,-0.008738364115521313
2019-12-03,0.029875295014350774
2019-12-04,-0.01276315251803966
2019-12-05,-0.003295987185707671
2019-12-06,-0.003300316886821692
2019-12-09,0.004141082213929875
2019-12-10,-0.002172558567614161
2019-12-11,-0.0028000173090060925
2019-12-12,0.0020378759106614314
2019-12-13,-0.0012121194419976253
2019-12-16,0.005810525946855646
2019-12-17,0.00017947814597636314
2019-12-18,4.420538510268425e-05
2019-12-19,0.00401517210174399
2019-12-20,0.004357386887643644
2019-12-23,0.0015187454040647345
2019-12-24,3.080558332227372e-05
2019-12-26,0.005323532775701945
2019-12-27,-0.0002479839872911938
2019-12-30,-0.005513513008035339
2019-12-31,0.0024293476203749442
2020-01-02,0.009108128298497943
2020-01-03,-0.008414255092077548
2020-01-06,0.0001664822658679877
2020-01-07,-0.002412492769021141
2020-01-08,0.0027466570155003315
2020-01-09,0.004675475037878057
2020-01-10,-0.002752836238990297
2020-01-13,0.006035136517016316
2020-01-14,-0.001530010434170013
2020-01-15,0.002158429288062957
2020-01-16,0.008205837052611275
2020-01-17,0.0030925099086756805
2020-01-21,-0.0019638002826914587
2020-01-22,0.0001192539925346925
2020-01-23,0.0011461611215212103
2020-01-24,-0.008888667007306566
2020-01-27,-0.015979131868173038
2020-01-28,0.010423481936172822
2020-01-29,-0.0008262738387964187
2020-01-30,0.003245691240243707
2020-01-31,-0.018157796489883027
2020-02-03,0.007184464611634802
2020-02-04,0.007371213616830102
2020-02-05,0.010330463791977686
2020-02-06,0.003157741500607666
2020-02-07,-0.005101144333236003
2020-02-10,0.007043062512946986
2020-02-11,0.001693827494583623
2020-02-12,0.0063239729028372604
2020-02-13,-0.0010629934065485513
2020-02-14,0.001587117514331304
2020-02-18,-0.002578117530827688
2020-02-19,0.004774025358628322
2020-02-20,-0.004103993959234008
2020-02-21,-0.010261934766343718
2020-02-24,-0.02996321730544795
2020-02-25,-0.01749652109406704
2020-02-26,-0.003571826059738549
2020-02-27,0.017926433197888267
2020-02-28,4.871533539623288e-05
2020-03-02,-0.02747744838012721
2020-03-03,0.003623317118002206
2020-03-04,-0.0018940343017012362
2020-03-05,-0.033241687919328244
2020-03-06,-0.016531294062326896
2020-03-09,-0.07809446834249256
2020-03-10,0.0517450221645781
2020-03-11,-0.04874835194914018
2020-03-12,-0.09567726043755831
2020-03-13,0.08548627996851321
2020-03-16,-0.10942389762600024
2020-03-17,0.05399219067451022
2020-03-18,-0.05063291977445039
2020-03-19,0.002124927460214643
2020-03-20,-0.0430941522228232
2020-03-23,-0.02556808407863309
2020-03-24,0.09060305345562769
2020-03-25,0.014970148611177514
2020-03-26,0.05839001460962501
2020-03-27,-0.029785769434702902
2020-03-30,0.032475652520079556
2020-03-31,-0.014905310217118828
2020-04-01,-0.04524889280630484
2020-04-02,0.02435450622996835
2020-04-03,-0.014307808027238357
2020-04-06,0.060331814692613006
2020-04-07,0.0010752830437986615
2020-04-08,0.031194738034010506
2020-04-09,0.0144269483061512
2020-04-13,-0.009368660163921445
2020-04-14,0.028755991597778783
2020-04-15,-0.02089043585331845
2020-04-16,0.004631099033288428
2020-04-17,0.026687462615659997
2020-04-20,-0.01749484044894696
2020-04-21,-0.030012018782533102
2020-04-22,0.021731110311275517
2020-04-23,-0.00012538133957101425
2020-04-24,0.01385839489727269
2020-04-27,0.014411844765374866
2020-04-28,-0.00459787217295067
2020-04-29,0.02617850787994054
2020-04-30,-0.009310963923093942
2020-05-01,-0.02647334463965756
2020-05-04,0.002758164828184473
2020-05-05,0.009239332588624638
2020-05-06,-0.006778486968299524
2020-05-07,0.012066493405518353
2020-05-08,0.01654640950098707
2020-05-11,0.000204867725445812
2020-05-12,-0.01993102606214392
2020-05-13,-0.017685994015421924
2020-05-14,0.011966936147106866
2020-05-15,0.004597088156544249
2020-05-18,0.03045988510981701
2020-05-19,-0.010271496189074858
2020-05-20,0.016988306246874973
2020-05-21,-0.006904003292883765
2020-05-22,0.0018987602524531688
2020-05-26,0.012320692199339733
2020-05-27,0.014879170107801931
2020-05-28,-0.0018450880479613518
2020-05-29,0.004455798074423756
2020-06-01,0.0037981704683467403
2020-06-02,0.005275202572970805
2020-06-03,0.010610873580911808
2020-06-04,-0.0024803546354519993
2020-06-05,0.022953348116940792
2020-06-08,0.01156212013132231
2020-06-09,-0.006911879249701809
2020-06-10,-0.005449962349440682
2020-06-11,-0.04198036257378579
2020-06-12,0.005135803425104914
2020-06-15,0.004952144874287704
2020-06-16,0.015999024937975823
2020-06-17,-0.004184733446710173
2020-06-18,-0.00019987889635258505
2020-06-19,-0.004867261049170636
2020-06-22,0.003924127924330728
2020-06-23,0.004111898185501284
2020-06-24,-0.02386586684499877
2020-06-25,0.009220933431928277
2020-06-26,-0.021878083809318133
2020-06-29,0.012001889573966286
2020-06-30,0.012753077705585135
2020-07-01,0.007005072856656127
2020-07-02,0.005506908340849659
2020-07-06,0.01543703925721207
2020-07-07,-0.010313602499806063
2020-07-08,0.007648709385901231
2020-07-09,-0.005692883219960421
2020-07-10,0.010210401844903183
2020-07-13,-0.0086589197411997
2020-07-14,0.012958733677908674
2020-07-15,0.009187343332614395
2020-07-16,-0.0032930373927521073
2020-07-17,0.002898765713182927
2020-07-20,0.008081465223680695
2020-07-21,0.0021276517480710577
2020-07-22,0.00569207627214996
2020-07-23,-0.011931876074352976
2020-07-24,-0.006440206837711182
2020-07-27,0.00729233794345574
2020-07-28,-0.00634223980925297
2020-07-29,0.012298757546592043
2020-07-30,-0.0035682437315952553
2020-07-31,0.007902531725460626
2020-08-03,0.006708331324583928
2020-08-04,0.0006841125732069534
2020-08-05,0.0043763014835125555
2020-08-06,0.005393389762475103
2020-08-07,0.00020863436206390498
2020-08-10,0.0021257222074803745
2020-08-11,-0.0068110982325755446
2020-08-12,0.01183614984603206
2020-08-13,-0.0018909339886968649
2020-08-14,-0.00013309690384777123
2020-08-17,0.002582848834997405
2020-08-18,0.00204430664028929
2020-08-19,-0.004020439735755954
2020-08-20,0.0029596743743877914
2020-08-21,0.0033973701679758743
2020-08-24,0.009959110111249751
2020-08-25,0.003483584397508946
2020-08-26,0.010020947481252552
2020-08-27,0.0021856739450440118
2020-08-28,0.006458468648843159
2020-08-31,-0.0036225660749195287
2020-09-01,0.009418593640127251
2020-09-02,0.014463960818925203
2020-09-03,-0.034414231649231075
2020-09-04,-0.00816460892399229
2020-09-08,-0.027323152346247714
2020-09-09,0.019747362412065872
2020-09-10,-0.017363624775775577
2020-09-11,0.0005090497513009495
2020-09-14,0.013171421018146834
2020-09-15,0.005052409335330577
2020-09-16,-0.003968672242947169
2020-09-17,-0.008795228906673946
2020-09-18,-0.011512775049852042
2020-09-21,-0.011129583776086638
2020-09-22,0.010184214890891274
2020-09-23,-0.023190904867585793
2020-09-24,0.0026656442072390263
2020-09-25,0.01616703294909394
2020-09-28,0.016609341947838363
2020-09-29,-0.005445992956683243
2020-09-30,0.007581888948847704
2020-10-01,0.0061758970793599505
2020-10-02,-0.008081855711814537
2020-10-05,0.013284644222386694
2020-10-06,-0.01074020297462349
2020-10-07,0.012796815065383271
2020-10-08,0.006578676407508587
2020-10-09,0.007453666867079186
2020-10-12,0.014953563022747002
2020-10-13,-0.006256994024721987
2020-10-14,-0.0060981031262287546
2020-10-15,-0.0012308603590676325
2020-10-16,-0.0006673686885760871
2020-10-19,-0.014655339991345525
2020-10-20,0.0035119671962982766
2020-10-21,-0.0021605332112947804
2020-10-22,0.005040666668237276
2020-10-23,0.0031738686559317666
2020-10-26,-0.018311279032244936
2020-10-27,-0.003572200216313715
2020-10-28,-0.03147264914731418
2020-10-29,0.007372695913499171
2020-10-30,-0.010664110063252073
2020-11-02,0.010964307089783134
2020-11-03,0.013197090064427064
2020-11-04,0.018971221934488608
2020-11-05,0.018469857573075243
2020-11-06,-0.0005479425619854619
2020-11-09,0.012398374060174912
2020-11-10,-0.0015197669608936345
2020-11-11,0.007348574985612398
2020-11-12,-0.009629483062027724
2020-11-13,0.013746072481656126
2020-11-16,0.012465124850748412
2020-11-17,-0.005378101405932123
2020-11-18,-0.012029558370699946
2020-11-19,0.0042048475213198695
2020-11-20,-0.006846551692555738
2020-11-23,0.005990822736507602
2020-11-24,0.016113727461352517
2020-11-25,-0.0015415395631039324
2020-11-27,0.0027846781107330664
2020-11-30,-0.004427030059887585
2020-12-01,0.010937473221067417
2020-12-02,0.00210362632065042
2020-12-03,-0.00027247980922795456
2020-12-04,0.008617587370773006
2020-12-07,-0.0020548909143497385
2020-12-08,0.002926017455053387
2020-12-09,-0.008968846172879519
2020-12-10,-0.0003272281927646503
2020-12-11,-0.0011724490053983683
2020-12-14,-0.004477331935832218
2020-12-15,0.013519650006811101
2020-12-16,0.0015692672249001394
2020-12-17,0.0055918977490725386
2020-12-18,-0.00399259824706244
2020-12-21,-0.003575765026852973
2020-12-22,-0.001685209299832291
2020-12-23,0.0008982609606944525
2020-12-24,0.003890699535490816
2020-12-28,0.008590708254467172
2020-12-29,-0.0019078377656149836
2020-12-30,0.0014268890774458143
2020-12-31,0.005080781743819873
2021-01-04,-0.013857838566659009
2021-01-05,0.011511340966491274
2021-01-06,0.0033542901348255173
2021-01-07,0.008533150770244649
2021-01-08,0.004001388250091676
2021-01-11,-0.004887896969341271
2021-01-12,-0.0006907712544339664
2021-01-13,0.001324820849782446
2021-01-14,-0.002720984737920247
2021-01-15,-0.0057080808081302805
2021-01-19,0.004578685871871877
2021-01-20,0.01216541946661219
2021-01-21,0.0007169631778267141
2021-01-22,-0.0034571769909953645
2021-01-25,0.0036337939618082955
2021-01-26,-0.0016328227488735423
2021-01-27,-0.019336919016112068
2021-01-28,0.0044444462462946786
2021-01-29,-0.01750597279002073
2021-02-01,0.012900362058665312
2021-02-02,0.014093260298171057
2021-02-03,0.0007862718093672685
2021-02-04,0.011365992551605641
2021-02-05,0.0039355266039096115
2021-02-08,0.007221971067865818
2021-02-09,-0.0006658061935882476
2021-02-10,-0.00043557627322055037
2021-02-11,0.0016150812136710435
2021-02-12,0.004939887728065306
2021-02-16,-0.0008661844616317804
2021-02-17,0.0002293005562277184
2021-02-18,-0.004255703726833593
2021-02-19,-0.001766032899607306
2021-02-22,-0.007691768392157461
2021-02-23,0.001214339188882585
2021-02-24,0.01101944216289863
2021-02-25,-0.024096040879940217
2021-02-26,-0.0051526075297355645
2021-03-01,0.023996560604065967
2021-03-02,-0.013074812190324947
2021-03-03,-0.009953142571776501
2021-03-04,-0.008815108960437076
2021-03-05,0.012061535318538331
2021-03-08,-0.004609461701776613
2021-03-09,0.011630649692231092
2021-03-10,0.005082870044260848
2021-03-11,0.009386378185941388
2021-03-12,0.0010415564994495916
2021-03-15,0.005660732705232157
2021-03-16,-0.0012920718472659222
2021-03-17,0.003348047847519616
2021-03-18,-0.014323059515063028
2021-03-19,-0.0019280089015898914
2021-03-22,0.0077918570303705985
2021-03-23,-0.007850041248740126
2021-03-24,-0.005070397653204839
2021-03-25,0.005584858851303818
2021-03-26,0.016110065999014787
2021-03-29,-0.0005051699423406382
2021-03-30,-0.0026527890628512954
2021-03-31,0.004053172336216937
2021-04-01,0.010555034578582758
2021-04-05,0.006581151412157813
2021-04-06,-0.0006049295675467933
2021-04-07,0.00046476902737435904
2021-04-08,0.004293021476009508
2021-04-09,0.006894177404973587
2021-04-12,0.00023308243090180725
2021-04-13,0.002871487312462607
2021-04-14,-0.0033895577071494194
2021-04-15,0.010638156475788623
2021-04-16,0.0033257377827295574
2021-04-19,-0.004914259207367962
2021-04-20,-0.007301415578799299
2021-04-21,0.00943538821649352
2021-04-22,-0.009127418548089862
2021-04-23,0.010835313332606726
2021-04-26,0.002087310105843165
2021-04-27,-0.00021556314719379727
2021-04-28,-0.00028716558173572104
2021-04-29,0.006372590569473146
2021-04-30,-0.0065703293906937965
2021-05-03,0.0019127014499433783
2021-05-04,-0.0037131564031473493
2021-05-05,-0.0008725321113681004
2021-05-06,0.0038069455900565565
2021-05-07,0.0036058346637086063
2021-05-10,-0.00564498051420437
2021-05-11,-0.003156478003280232
2021-05-12,0.001823648543130968
2021-05-13,-0.005739173608577376
2021-05-14,0.002251865480377568
2021-05-17,-0.002503882120602673
2021-05-18,-0.004593246110393376
2021-05-19,-0.0013302625457263756
2021-05-20,0.004638651750990879
2021-05-21,-0.0016377857319725534
2021-05-24,0.006824650127869102
2021-05-25,-0.002219294663874456
2021-05-26,0.0015384920118494644
2021-05-27,0.00040808042860572595
2021-05-28,0.0017435486309314886
2021-06-01,-0.0008996195428364472
2021-06-02,0.0015728022666548843
2021-06-03,-0.003711312277780099
2021-06-04,0.009145595689917352
2021-06-07,-0.0009699749611115083
2021-06-08,0.0002130693942032913
2021-06-09,-0.0014918662221660162
2021-06-10,0.004648468865117827
2021-06-11,0.0016522870673620904
2021-06-14,0.0022392531252382053
2021-06-15,-0.0018343744658279038
2021-06-16,-0.005583542294927746
2021-06-17,-0.00033153868874891135
2021-06-18,-0.01349022777709552
2021-06-21,0.01431574981154582
2021-06-22,0.005346316557800712
2021-06-23,-0.001205263896303821
2021-06-24,0.005915763057328771
2021-06-25,0.003552087489885114
2021-06-28,0.002015789856375738
2021-06-29,0.0005381277447285004
2021-06-30,0.0008416845233569781
2021-07-01,0.0052928134589134155
2021-07-02,0.0017203807517178083
2021-07-06,-0.001094011496556428
2021-07-07,0.0021440051056833363
2021-07-08,-0.0025073351939155428
2021-07-09,0.004017461902128526
2021-07-12,0.002518201489637113
2021-07-13,-0.0028355754137407117
2021-07-14,0.0007612444333521724
2021-07-15,-0.003061836714305048
2021-07-16,-0.006210679318400998
2021-07-19,-0.007893592162943296
2021-07-20,0.006330307939483559
2021-07-21,0.006581411172122598
2021-07-22,0.0019101065810183263
2021-07-23,0.010163862786783304
2021-07-26,0.0024440748667541273
2021-07-27,-0.004557805717121091
2021-07-28,-0.0004100521048924065
2021-07-29,0.004147445399750151
2021-07-30,-0.0048564178236959465
2021-08-02,-0.0023419234146175865
2021-08-03,0.005492287021080332
2021-08-04,-0.003941887622206219
2021-08-05,0.003328613610935831
2021-08-06,-0.00011056720381318898
2021-08-09,-0.0009849892766354634
2021-08-10,0.0008277893656000242
2021-08-11,0.001523262636650964
2021-08-12,0.0022744667380320965
2021-08-13,0.0015224440829680083
2021-08-16,0.002085624138450391
2021-08-17,-0.005782140023107941
2021-08-18,-0.007366757286244861
2021-08-19,0.0006737196088512843
2021-08-20,0.004903373825084932
2021-08-23,0.00793622027710101
2021-08-24,0.0015474394952588839
2021-08-25,0.00207165820191862
2021-08-26,-0.005877589464766506
2021-08-27,0.008906555751253426
2021-08-30,0.004397436960853629
2021-08-31,-0.0014815175291257763
2021-09-01,0.0005312568400130946
2021-09-02,0.0030766471130352357
2021-09-03,-0.0002426620138195057
2021-09-07,-0.0035755211923534924
2021-09-08,-0.0012181763806280443
2021-09-09,-0.004280439886507725
2021-09-10,-0.007884395937267752
2021-09-13,0.0025592952137571956
2021-09-14,-0.00539645129970856
2021-09-15,0.008352407355240787
2021-09-16,-0.0015851407507733173
2021-09-17,-0.009741059158730692
2021-09-20,-0.016674119072535354
2021-09-21,-0.0009447723247922868
2021-09-22,0.009754866230590187
2021-09-23,0.012149914382467042
2021-09-24,0.0016472165756005186
2021-09-27,-0.002860749811639418
2021-09-28,-0.02015196641988437
2021-09-29,0.0016829943205787234
2021-09-30,-0.012222131406005143
2021-10-01,0.011640263274597775
2021-10-04,-0.0140000586302033
2021-10-05,0.006400841963148686
2021-10-06,0.003033857030377652
2021-10-07,0.006776345424249466
2021-10-08,-0.002126147569881866
2021-10-11,-0.006722789077398764
2021-10-12,-0.0025067582947561565
2021-10-13,0.0027405364456583817
2021-10-14,0.015989137441476897
2021-10-15,0.007533026869697311
2021-10-18,0.0029379191149369135
2021-10-19,0.007710589935866764
2021-10-20,0.003927289481175868
2021-10-21,0.002608244326504982
2021-10-22,-0.0010361566795638812
2021-10-25,0.005362704289521666
2021-10-26,0.000900019655104854
2021-10-27,-0.004430093944174829
2021-10-28,0.009648812922329553
2021-10-29,0.00202904981213603
2021-11-01,0.001476291125274587
2021-11-02,0.0010445522669341842
2021-11-03,0.0029256252088430217
2021-11-04,0.003959375811060302
2021-11-05,0.0036118664008788575
2021-11-08,0.0005324385577042699
2021-11-09,-0.0026023957098975543
2021-11-10,-0.005614973953432301
2021-11-11,-0.0014608187024153097
2021-11-12,0.005005166337183634
2021-11-15,-0.00018780361131912797
2021-11-16,0.0035513429428701924
2021-11-17,-0.0022626957467604568
2021-11-18,0.003200803313795729
2021-11-19,-0.0017874895982409802
2021-11-22,-0.0029336914830532614
2021-11-23,0.0011819546106500553
2021-11-24,0.0025135444738101174
2021-11-26,-0.01912280606595415
2021-11-29,0.00897134949454783
2021-11-30,-0.01944270390952338
2021-12-01,-0.011124083210766382
2021-12-02,0.015316297628443332
2021-12-03,-0.008701149916033324
2021-12-06,0.011843294495748058
2021-12-07,0.020684653965913125
2021-12-08,0.0026481361083574573
2021-12-09,-0.006751549227351661
2021-12-10,0.009413475525822168
2021-12-13,-0.00885849821140905
2021-12-14,-0.006879972989074279
2021-12-15,0.015625039511626415
2021-12-16,-0.008818460837475728
2021-12-17,-0.010642822278997821
2021-12-20,-0.01063325135608073
2021-12-21,0.01775881375230215
2021-12-22,0.009998680402804938
2021-12-23,0.006221915422616409
2021-12-27,0.014152260355331459
2021-12-28,-0.0008171310463721548
2021-12-29,0.00127906965672131
2021-12-30,-0.0027644942696756214
2021-12-31,-0.00252006303120611
2022-01-03,0.005545915018450477
2022-01-04,-0.0031419444291185252
2022-01-05,-0.004968039804716117
2022-01-06,-0.001400970743259468
2022-01-07,-0.004130981339271818
2022-01-10,-0.0013664068729071926
2022-01-11,0.0007568398620368157
2022-01-12,-0.0005584532531228291
2022-01-13,-0.001449228928361683
2022-01-14,-0.003280945850312786
2022-01-18,0.0012837733490450413
2022-01-19,0.0033083884141860975
2022-01-20,0.007544766777377414
2022-01-21,0.020399779786693738
2022-01-24,-0.00832028338364615
2022-01-25,0.012411832313450617
2022-01-26,0.0017495076344255052
2022-01-27,0.0031599324293812518
2022-01-28,-0.03375961109967672
2022-01-31,-0.02977832571187996
2022-02-01,-0.010768584118322024
2022-02-02,0.000982402292196911
2022-02-03,-0.023505015554534214
2022-02-04,0.004702101471736109
2022-02-07,-0.003209334110337414
2022-02-08,0.00822788504804417
2022-02-09,0.014636207252084033
2022-02-10,-0.017965689106528848
2022-02-11,-0.01971869823040473
2022-02-14,-0.0032690788804177195
2022-02-15,0.016126764689086137
2022-02-16,0.0011207507714203757
2022-02-17,-0.02136142344999703
2022-02-18,-0.006475034228912713
2022-02-22,-0.010731542920345616
2022-02-23,-0.017738959207279636
2022-02-24,0.015049145337250103
2022-02-25,0.02206407262384924
2022-02-28,-0.0025585469895174073
2022-03-01,-0.015474038454774018
2022-03-02,0.017947043502859746
2022-03-03,-0.004572237399765345
2022-03-04,-0.005872151641110589
2022-03-07,-0.020010460154388524
2022-03-08,-0.006641895563848414
2022-03-09,0.016909814750770268
2022-03-10,-0.005281053585872518
2022-03-11,-0.009405037339007244
2022-03-14,-0.005912378083786562
2022-03-15,0.014315596763739287
2022-03-16,0.01645023156147544
2022-03-17,0.010710537569922015
2022-03-18,0.009843075316699897
2022-03-21,-0.0006460922997706985
2022-03-22,0.01146045131653615
2022-03-23,-0.01277829246482391
2022-03-24,0.01490461350745622
2022-03-25,0.004872886191330561
2022-03-28,0.007111417003428278
2022-03-29,0.012370727906668572
2022-03-30,-0.006174546312004538
2022-03-31,-0.01539122183881636
2022-04-01,0.002589882537813004
2022-04-04,0.002626421114631075
2022-04-05,-0.0075580231541210385
2022-04-06,-0.005529865526189787
2022-04-07,0.0017778503010136967
2022-04-08,-0.002792289221043234
2022-04-11,-0.006892375651169793
2022-04-12,-0.0026131834135007205
2022-04-13,0.001269864256980252
2022-04-14,-0.0057889499907154834
2022-04-18,-0.004589658074900046
2022-04-19,0.007968536381970613
2022-04-20,-0.0019628866432499694
2022-04-21,-0.008652707924783822
2022-04-22,-0.0014312441819983972
2022-04-25,-0.007947860372270427
2022-04-26,0.011187162643724567
2022-04-27,-0.004419143940241295
2022-04-28,-0.014933831048790501
2022-04-29,0.02575126613085761
2022-05-02,0.00577527955400159
2022-05-03,0.0006887587889126039
2022-05-04,0.026330551657815126
2022-05-05,-0.030305935156449686
2022-05-06,-0.005893898537551031
2022-05-09,-0.02450016404065834
2022-05-10,0.00039806188103173445
2022-05-11,-0.012607170220412288
2022-05-12,-0.001602287706961557
2022-05-13,0.016443842259498263
2022-05-16,-0.00498697644711981
2022-05-17,0.01650059917684633
2022-05-18,-0.030735719744928718
2022-05-19,-0.0055411824304923045
2022-05-20,-0.0001372329039453355
2022-05-23,0.011901877666115227
2022-05-24,-0.0060738725897213665
2022-05-25,0.005873895581829118
2022-05-26,0.016387490434841143
2022-05-27,0.023011637082722223
2022-05-31,-0.005765861261521238
2022-06-01,-0.008088471502642296
2022-06-02,0.01904335323929862
2022-06-03,-0.01641146542909755
2022-06-06,0.0030447090786343
2022-06-07,0.009592198098473448
2022-06-08,-0.01087204465477376
2022-06-09,-0.023782803443176515
2022-06-10,-0.02899570590897027
2022-06-13,-0.037968125358493476
2022-06-14,-0.0030132952989728734
2022-06-15,0.014256265639342569
2022-06-16,-0.03309631593429341
2022-06-17,0.002155792185725147
2022-06-21,0.025173772666607253
2022-06-22,-0.0018131008315989128
2022-06-23,0.009802663735166028
2022-06-24,0.031793788341729856
2022-06-27,-0.0038196872562453743
2022-06-28,-0.020432793080719103
2022-06-29,-0.0008143084860704475
2022-06-30,-0.008124412080311116
2022-07-01,0.010332633328415499
2022-07-05,-0.0022816865645238693
2022-07-06,0.002224344059089653
2022-07-07,0.012995894309470821
2022-07-08,-0.001399999774232187
2022-07-11,-0.0106552418231115
2022-07-12,-0.007781657571646738
2022-07-13,-0.0051229052371542716
2022-07-14,-0.0026284003328318696
2022-07-15,0.016560445111844416
2022-07-18,-0.008165787101225343
2022-07-19,0.026026032766451976
2022-07-20,0.00627781997943212
2022-07-21,0.010145050780906635
2022-07-22,-0.009276811370128273
2022-07-25,0.001207391465656526
2022-07-26,-0.011830813970572429
2022-07-27,0.025965970071003576
2022-07-28,0.012542475554194734
2022-07-29,0.014578718921921752
2022-08-01,-0.003205222886623059
2022-08-02,-0.0003644773942967751
2022-08-03,0.007747176504067007
2022-08-04,-0.0014203508503181316
2022-08-05,-0.0019535957197480153
2022-08-08,-0.0019071680955886226
2022-08-09,-0.0029788159522741034
2022-08-10,0.015674566008198748
2022-08-11,-2.4800889534491745e-07
2022-08-12,0.0155279026001388
2022-08-15,0.0038347462535446995
2022-08-16,0.0018476389338158287
2022-08-17,-0.007023158794069169
2022-08-18,0.002784554555801581
2022-08-19,-0.013153955917872974
2022-08-22,-0.019489252658272265
2022-08-23,-0.002496980797697754
2022-08-24,0.002246793822944943
2022-08-25,0.013444084455296754
2022-08-26,-0.03125063384967139
2022-08-29,-0.008408510579231098
2022-08-30,-0.010882797584544107
2022-08-31,-0.008698838486579073
2022-09-01,0.0028938136002403273
2022-09-02,-0.009487101322444019
2022-09-06,-0.0031672760912589875
2022-09-07,0.011979501267939712
2022-09-08,0.004708753430508672
2022-09-09,0.013528881612423636
2022-09-12,0.01002201177835185
2022-09-13,-0.03755048148990195
2022-09-14,0.0019667832828266915
2022-09-15,-0.009476720711031013
2022-09-16,-0.0062624356062226435
2022-09-19,0.003938825244008952
2022-09-20,-0.008726450053712479
2022-09-21,-0.01178844766397737
2022-09-22,-0.005934814007864085
2022-09-23,-0.0065551379304682016
2022-09-26,-0.0051721367014973966
2022-09-27,-0.0015738336891526342
2022-09-28,0.002208290150066884
2022-09-29,-0.004093440435435445
2022-09-30,0.00035669029434336544
2022-10-03,0.026157407927291265
2022-10-04,0.023599331537187004
2022-10-05,-0.0024804983379957176
2022-10-06,-0.0092273188899123
2022-10-07,-0.025036615393533725
2022-10-10,-0.006982594690779005
2022-10-11,-0.0051494773447650416
2022-10-12,-0.0031710405612242454
2022-10-13,0.022015376037435374
2022-10-14,-0.02039732934437595
2022-10-17,0.02184489569967928
2022-10-18,0.010690421548337305
2022-10-19,-0.006887829266280591
2022-10-20,-0.008290025622489323
2022-10-21,0.02321302941304885
2022-10-24,0.011892768793565269
2022-10-25,0.015891535085482085
2022-10-26,-0.0075385073178851104
2022-10-27,-0.0053416202861371375
2022-10-28,0.02378684280531358
2022-10-31,-0.007223115374601433
2022-11-01,-0.004375656053703425
2022-11-02,-0.02509622230870001
2022-11-03,-0.010297107543585815
2022-11-04,0.014393288300025064
2022-11-07,0.009565525125008856
2022-11-08,0.005395575086668769
2022-11-09,-0.020602213911880773
2022-11-10,0.054954148457769136
2022-11-11,0.009678641545827205
2022-11-14,-0.008507027358941155
2022-11-15,0.008529057846936805
2022-11-16,-0.007628510196075022
2022-11-17,-0.003059828695321287
2022-11-18,0.0045403538300961
2022-11-21,-0.0036361543180882805
2022-11-22,0.013456952062477656
2022-11-23,0.006301630645245693
2022-11-25,-0.00022356636475118208
2022-11-28,-0.015956931776370586
2022-11-29,-0.0017176808150601852
2022-11-30,0.0315006244506395
2022-12-01,-0.0009797182830992848
2022-12-02,-0.0029198225291616423
2022-12-05,-0.010265012859375273
2022-12-06,-0.0045440337550996385
2022-12-07,-0.0004290494838648242
2022-12-08,0.0015375915455711825
2022-12-09,-0.0027163738630660928
2022-12-12,0.006726132201217729
2022-12-13,0.0003101827863257675
2022-12-14,-0.006184840299575374
2022-12-15,-0.008419028547016805
2022-12-16,-0.002806071582801963
2022-12-19,-0.0030127275055384364
2022-12-20,-0.002358112670891872
2022-12-21,-0.0026501231650114324
2022-12-22,0.0010395572560329795
2022-12-23,-0.003019223989842515
2022-12-27,-0.005186155931988654
2022-12-28,0.00494466875386361
2022-12-29,-0.011199127907221766
2022-12-30,-0.0018223566502812082
2023-01-03,-0.004453914666970758
2023-01-04,0.006776565926978841
2023-01-05,-0.007896969187226585
2023-01-06,0.015435288611602052
2023-01-09,-0.0007363606404738726
2023-01-10,0.00489034362977399
2023-01-11,0.011580039577036053
2023-01-12,0.002738787690266796
2023-01-13,0.0036375862787391793
2023-01-17,-0.0019053480212151625
2023-01-18,-0.015259642776725032
2023-01-19,-0.006995056375945905
2023-01-20,0.017752881729747257
2023-01-23,0.011828931447248937
2023-01-24,-0.0010835384119154258
2023-01-25,0.00037040890475179114
2023-01-26,0.010987734121776418
2023-01-27,0.0022977707555745797
2023-01-30,-0.0125469943631868
2023-01-31,0.01470324364934585
2023-02-01,0.010628045420489889
2023-02-02,0.014556667384543864
2023-02-03,-0.010629049089082354
2023-02-06,-0.0061112957538349555
2023-02-07,0.013078689489489426
2023-02-08,-0.01093487954451866
2023-02-09,-0.008669125076817275
2023-02-10,0.0023336659339106003
2023-02-13,0.011739091835972548
2023-02-14,-0.00046030552876108466
2023-02-15,0.0032473677448867644
2023-02-16,-0.013768724773373986
2023-02-17,-0.002498373047901792
2023-02-21,-0.02006071142949284
2023-02-22,-0.0013782367350712033
2023-02-23,0.0053193887571933995
2023-02-24,-0.01068229738258586
2023-02-27,0.0034059418951144504
2023-02-28,-0.0036962640626068133
2023-03-01,-0.00407968790759594
2023-03-02,0.005010926062632816
2023-03-03,0.011920323978620065
2023-03-06,9.647363604070927e-05
2023-03-07,-0.012585146004449743
2023-03-08,0.0006119374667245077
2023-03-09,-0.010211189740712083
2023-03-10,-0.005402890512819289
2023-03-13,-0.0007931481911006402
2023-03-14,0.004704675981803326
2023-03-15,-0.001870315694267378
2023-03-16,0.008047251453645439
2023-03-17,-0.006883867296163442
2023-03-20,0.003688259814612331
2023-03-21,0.009933921044646233
2023-03-22,-0.01527773536210042
2023-03-23,0.0019248080473799455
2023-03-24,0.005336672267183343
2023-03-27,0.0012079928011150126
2023-03-28,-0.00228552385858604
2023-03-29,0.014521705011356184
2023-03-30,0.005855174415833247
2023-03-31,0.014094875387657389
2023-04-03,0.0035665020006563366
2023-04-04,-0.004912614126129346
2023-04-05,-0.001994637638370677
2023-04-06,0.0010428693904107
2023-04-10,-0.00032647712626777004
2023-04-11,-0.00011302647734025279
2023-04-12,-0.0033824908806776976
2023-04-13,0.008766837238334952
2023-04-14,-0.002839288782278746
2023-04-17,0.002478208238774206
2023-04-18,0.00038867741771282785
2023-04-19,-0.00041009258406291764
2023-04-20,-0.0050715404331472674
2023-04-21,0.000422762088800461
2023-04-24,0.0006231091846114546
2023-04-25,-0.014601559974766646
2023-04-26,-0.004097021840302525
2023-04-27,0.01827609061645434
2023-04-28,0.008486164944006058
2023-05-01,-0.0010109059297746489
2023-05-02,-0.011239202462367568
2023-05-03,-0.006863899799830601
2023-05-04,-0.007083083650939903
2023-05-05,0.018512607799374692
2023-05-08,0.0002666828582174041
2023-05-09,-0.004385343579051404
2023-05-10,0.004672290870939344
2023-05-11,-0.0017439511579698808
2023-05-12,-0.0013104219588023769
2023-05-15,0.0034501455398587844
2023-05-16,-0.006682723226651199
2023-05-17,0.012139015210756332
2023-05-18,0.009633195523003346
2023-05-19,-0.0014550025391444343
2023-05-22,0.0004061867065905389
2023-05-23,-0.011222994863156255
2023-05-24,-0.007244921847796348
2023-05-25,0.008660102258984947
2023-05-26,0.012950739159889313
2023-05-30,0.00038091223939451524
2023-05-31,-0.005545262868599576
2023-06-01,0.009257137003483521
2023-06-02,0.005888965384455373
2023-06-05,-0.0020615440498752352
2023-06-06,0.0017265250360244534
2023-06-07,-0.003393286772746561
2023-06-08,0.005734011932519718
2023-06-09,0.0017427875115478893
2023-06-12,0.00896804098152019
2023-06-13,0.006529874782411568
2023-06-14,0.001174212888708075
2023-06-15,0.01239235444725974
2023-06-16,-0.003407454217367796
2023-06-20,-0.005188653053798213
2023-06-21,-0.005123810511241037
2023-06-22,0.003609837431831292
2023-06-23,-0.007559995244538195
2023-06-26,-0.004085745163452987
2023-06-27,0.010963234357918275
2023-06-28,0.0005045283360891543
2023-06-29,0.003941132571485539
2023-06-30,0.011800843307819608
2023-07-03,0.0009066112653446378
2023-07-05,-0.0008273035561672271
2023-07-06,0.0016386189182305104
2023-07-07,-0.0037029484349531674
2023-07-10,-0.0017973464460698096
2023-07-11,0.0006830435645075348
2023-07-12,0.002184832264192524
2023-07-13,0.0063978621544219065
2023-07-14,-0.0009256338256472833
2023-07-17,0.002854271519030875
2023-07-18,0.00712973247519916
2023-07-19,0.002196904088226691
2023-07-20,-0.00655767913455145
2023-07-21,-8.31591917902642e-05
2023-07-24,0.004395983046119853
2023-07-25,0.0027233589050111337
2023-07-26,0.00015220204539207648
2023-07-27,-0.006628980491027889
2023-07-28,0.009789213285910864
2023-07-31,0.0019038628920753013
2023-08-01,-0.0028615792762290986
2023-08-02,-0.01391073356115402
2023-08-03,-0.0028658701146622167
2023-08-04,-0.004522815605686459
2023-08-07,0.00872863356782383
2023-08-08,-0.004348726007771142
2023-08-09,-0.006685170505201343
2023-08-10,0.00035873355967375176
2023-08-11,-0.0005829461056167107
2023-08-14,0.005520107342844582
2023-08-15,-0.01164883046200238
2023-08-16,-0.00733829991760504
2023-08-17,-0.007619873130607413
2023-08-18,0.00048130103023402704
2023-08-21,0.0065061582555341335
2023-08-22,-0.002708559085645379
2023-08-23,0.01113773976360699
2023-08-24,-0.01385914455289683
2023-08-25,0.00704987172296101
2023-08-28,0.0063414483828365675
2023-08-29,0.014454759398322858
2023-08-30,0.0041187998933380765
2023-08-31,-0.0014634309082703911
2023-09-01,0.0016212669902035965
2023-09-05,-0.004440519650319887
2023-09-06,-0.0013127168564540234
2023-09-07,-0.001604250195484517
2023-09-08,-0.0028924054865338503
2023-09-11,2.1496886789687877e-06
2023-09-12,-0.0024785118897989967
2023-09-13,-0.0020003577964983342
2023-09-14,0.004688169631132005
2023-09-15,-0.007470321484309433
2023-09-18,-0.001943945455482317
2023-09-19,-0.001996872558565813
2023-09-20,-0.0030899623658079706
2023-09-21,0.015484135418779854
2023-09-22,-0.0023492873618955407
2023-09-25,-0.02026002902021812
2023-09-26,0.026281810607079042
2023-09-27,-0.01226297226336628
2023-09-28,-0.02605261991246998
2023-09-29,-0.015436382571789252
2023-10-02,-0.0006416114108692667
2023-10-03,-0.0022619640590297273
2023-10-04,-8.545291785849122e-05
2023-10-05,-0.0009766752912119462
2023-10-06,0.005219515296528137
2023-10-09,0.0040315563976471
2023-10-10,0.0035349538195595014
2023-10-11,0.0029842018481635287
2023-10-12,-0.005418485389856872
2023-10-13,-0.0025413910513269475
2023-10-16,0.007068376848899594
2023-10-17,-4.5576854963503204e-06
2023-10-18,-0.011593866152799349
2023-10-19,-0.005640714873010609
2023-10-20,-0.008224402968244789
2023-10-23,-0.0057032982173909
2023-10-24,0.0036991515737670056
2023-10-25,-0.010222170456502783
2023-10-26,-0.006077369433500628
2023-10-27,-0.0022714018108993274
2023-10-30,-0.0016575667896785388
2023-10-31,0.005301887149852332
2023-11-01,0.010657666643039906
2023-11-02,0.019164190478637266
2023-11-03,0.009123528237145573
2023-11-06,0.002300562654260041
2023-11-07,0.0028459731674910227
2023-11-08,0.0007323394361860025
2023-11-09,-0.007798829330961765
2023-11-10,0.015604935634324413
2023-11-13,-0.0009531810096826687
2023-11-14,0.0194007709739088
2023-11-15,0.0021168748756221767
2023-11-16,0.001223232574235844
2023-11-17,0.0012438928869544785
2023-11-20,0.0076975551059770275
2023-11-21,-0.002179493691767731
2023-11-22,0.0038607642891246297
2023-11-24,0.0006154686729429315
2023-11-27,-0.0018009688501092747
2023-11-28,0.0009900731535916751
2023-11-29,-0.0007032939705655661
2023-11-30,0.003937426941798883
2023-12-01,0.005671960838802059
2023-12-04,-0.007194790038964787
2023-12-05,-0.001378626805248577
2023-12-06,-0.002222646370635405
2023-12-07,0.0036543814337505736
2023-12-08,0.0017526924168750893
2023-12-11,0.0028763617291980258
2023-12-12,0.00394399167042926
2023-12-13,0.013542392638369524
2023-12-14,0.0031937644957921274
2023-12-15,-0.0016536562489752036
2023-12-18,0.005613767067583037
2023-12-19,0.0060802599378272535
2023-12-20,-0.013854248664691007
2023-12-21,0.009478741512950101
2023-12-22,0.0020096104783854443
2023-12-26,0.004222664023069736
2023-12-27,0.001807968664520264
2023-12-28,0.0003777782220157899
2023-12-29,-0.002895052070641113
2024-01-02,-0.005840154010735898
2024-01-03,0.013411959402576577
2024-01-04,0.001014004446772565
2024-01-05,-0.0073217728871932865
2024-01-08,-0.003911333073093735
2024-01-09,-0.0023315116992557476
2024-01-10,0.0023106875999518916
2024-01-11,-0.0012333162412865389
2024-01-12,0.0004468461233762628
2024-01-16,-0.0028696126013181902
2024-01-17,-0.0018392179643942873
2024-01-18,0.0034021430300155264
2024-01-19,0.010354733587061855
2024-01-22,0.0018849762370520562
2024-01-23,0.0028782938405790123
2024-01-24,0.0010912168364103892
2024-01-25,0.0054354346484001195
2024-01-26,-0.001270805403018085
2024-01-29,0.007919208269901704
2024-01-30,-0.0007733641237560497
2024-01-31,-0.016317387588725474
2024-02-01,0.013088114379607774
2024-02-02,0.010527296668721098
2024-02-05,-0.003641132800263014
2024-02-06,0.0029033818130268507
2024-02-07,0.008340432139917198
2024-02-08,0.0004416873593215964
2024-02-09,0.005779461760377247
2024-02-12,-0.00043895543159677697
2024-02-13,-0.013773176002226384
2024-02-14,0.009087731073101901
2024-02-15,0.006899667161367695
2024-02-16,-0.004979848643763218
2024-02-20,-0.005505506860028264
2024-02-21,0.0009058827445727058
2024-02-22,0.020695425164566572
2024-02-23,0.0006897199392619235
2024-02-26,-0.003662702757312508
2024-02-27,0.0018578106613764689
2024-02-28,-0.0013216409259561024
2024-02-29,0.003595092471804673
2024-03-01,0.009144303931850395
2024-03-04,-0.006347343098175797
2024-03-05,-0.0034173328618218183
2024-03-06,0.0014244120665177014
2024-03-07,0.005742006988847524
2024-03-08,-0.004296041701121837
2024-03-11,-0.0016636461564681951
2024-03-12,0.007321035954330109
2024-03-13,-0.0016588301777984403
2024-03-14,-0.0017570089725114624
2024-03-15,-0.0064049497450091005
2024-03-18,0.004876870230875465
2024-03-19,0.005386605329606832
2024-03-20,0.009219016998318336
2024-03-21,0.003304115452238525
2024-03-22,-0.0018959139341224879
2024-03-25,-0.0027627948572255057
2024-03-26,-0.001847092372348846
2024-03-27,0.00840386543014164
2024-03-28,-0.0001912187119730291
2024-04-01,-0.001983474697062058
2024-04-02,0.006007925394382519
2024-04-03,-0.0023905182859227376
2024-04-04,0.014198438019904992
2024-04-05,-0.007963534807481423
2024-04-08,-0.007789287361744028
2024-04-09,-0.001882046040212468
2024-04-10,0.0032335382096946187
2024-04-11,-0.0060837651897250496
2024-04-12,0.014306050479947076
2024-04-15,0.01895812501413248
2024-04-16,-0.005282869280993231
2024-04-17,0.007020390573494611
2024-04-18,-0.00024104325960692973
2024-04-19,0.024194346036215668
2024-04-22,-0.04499381123048092
2024-04-23,-0.026882261500263786
2024-04-24,-0.0021334013890989406
2024-04-25,-0.0024779897923886927
2024-04-26,-0.007657230148581197
2024-04-29,-0.0028394266994247012
2024-04-30,-0.012549601826582171
2024-05-01,-0.006818677582000337
2024-05-02,0.00935338761440474
2024-05-03,0.012395333312771761
2024-05-06,0.010326918770771076
2024-05-07,0.001103423354728461
2024-05-08,9.660296931124357e-05
2024-05-09,0.005761986246374695
2024-05-10,0.0012881685454666503
2024-05-13,0.00013406675308802463
2024-05-14,0.004588282824879553
2024-05-15,0.012383006461730295
2024-05-16,-0.0020575211449046504
2024-05-17,0.001437424832782641
2024-05-20,0.0011521724820675594
2024-05-21,0.0024524666807941298
2024-05-22,-0.002879278736429791
2024-05-23,-0.007304162035511652
2024-05-24,0.00661651357559756
2024-05-28,0.000698751458297453
2024-05-29,-0.007002511477218976
2024-05-30,-0.00663387586724884
2024-05-31,0.009108274712344322
2024-06-03,0.0005714568378683007
2024-06-04,0.00015422220569494619
2024-06-05,0.006000716666523514
2024-06-06,-0.00036460057029649425
2024-06-07,-0.0016807277707441518
2024-06-10,0.0024521619729637656
2024-06-11,0.0020298781212497036
2024-06-12,0.007367597663101159
2024-06-13,0.0019220945699594948
2024-06-14,0.0006498953326951205
2024-06-17,0.007823081333428242
2024-06-18,0.0025237701119591774
2024-06-20,-0.002712535994582995
2024-06-21,-0.0013441726700354848
2024-06-24,-0.0032555255776252905
2024-06-25,0.0038497970009852096
2024-06-26,0.0012481015002477186
2024-06-27,0.0015762287589763356
2024-06-28,-0.003935180504150404
2024-07-01,0.002058368833732399
2024-07-02,0.00672989144183278
2024-07-03,0.004462519705327184
2024-07-05,0.005766257097071348
2024-07-08,0.001154097016245137
2024-07-09,0.0009723971750748017
2024-07-10,0.009895394053725859
2024-07-11,-0.00862278725723753
2024-07-12,0.006307627031391316
2024-07-15,0.0027500647684435275
2024-07-16,0.005930226787752568
2024-07-17,-0.014021126594645938
2024-07-18,-0.007684866404461421
2024-07-19,-0.006640527977257338
2024-07-22,0.010309853262503
2024-07-23,-0.001568506940001102
2024-07-24,-0.022662531867334357
2024-07-25,-0.005210308454554946
2024-07-26,0.011199435925995038
2024-07-29,0.0005880315609070319
2024-07-30,-0.005066555093496405
2024-07-31,0.01625438469990037
2024-08-01,-0.014404775510803656
2024-08-02,0.032061971079169124
2024-08-05,0.06886251704426098
2024-08-06,-0.04493308382013586
2024-08-07,0.003564428086079952
2024-08-08,-0.028236889773641312
2024-08-09,-0.013846587285444543
2024-08-12,-0.0034188278543044216
2024-08-13,-0.0058508549706201285
2024-08-14,-0.002801500594196321
2024-08-15,0.01137015463434285
2024-08-16,0.001619126249456883
2024-08-19,0.008861241047212967
2024-08-20,-0.001555712356137849
2024-08-21,0.003351292227292113
2024-08-22,-0.007666020752635349
2024-08-23,0.010364315371468374
2024-08-26,-0.0023938326937041634
2024-08-27,0.0013727067197719716
2024-08-28,-0.005805297725804626
2024-08-29,8.975165349877261e-05
2024-08-30,0.009545847674876647
2024-09-03,-0.020822931557188396
2024-09-04,0.04228219016406222
2024-09-05,-0.006929994960543276
2024-09-06,0.020847998868772005
2024-09-09,-0.02534560013534641
2024-09-10,-0.004717646184115106
2024-09-11,-0.00738819685221398
2024-09-12,-0.0007874853038280349
2024-09-13,0.0005060832626995514
2024-09-16,-0.00032943860210167693
2024-09-17,0.0002168204506676712
2024-09-18,-0.0016521386955945263
2024-09-19,0.010597849872592244
2024-09-20,-0.0018922854498200207
2024-09-23,0.0017990106003132177
2024-09-24,0.0026952449948829988
2024-09-25,-0.0022241858232286927
2024-09-26,0.003921826701076331
2024-09-27,-0.0014411085860348792
2024-09-30,0.0039855321404737454
2024-10-01,-0.008958553773719199
2024-10-02,0.00042212038867429425
2024-10-03,-0.0018283967829128998
2024-10-04,0.009087535362690247
2024-10-07,-0.009040591890144833
2024-10-08,0.009457552416897164
2024-10-09,0.006926592378890151
2024-10-10,-0.0017500366951881396
2024-10-11,0.005988125594301508
2024-10-14,0.008178455361924408
2024-10-15,-0.00776970892320461
2024-10-16,0.004346199138516971
2024-10-17,8.611138834346832e-05
2024-10-18,0.003846334035071841
2024-10-21,-0.0016421736446260438
2024-10-22,-0.0005310730001248931
2024-10-23,-0.009137365781024864
2024-10-24,0.0021628023642212835
2024-10-25,-0.0003456198650340081
2024-10-28,0.003091430526182215
2024-10-29,0.0016184870427735643
2024-10-30,-0.0030253162524023214
2024-10-31,-0.019602980971893724
2024-11-01,0.003976576363883932
2024-11-04,-0.0049757015456983675
2024-11-05,0.008515397241136449
2024-11-06,0.021769156957927707
2024-11-07,0.0075647544433236945
2024-11-08,0.004300543003940539
2024-11-11,0.0009375280667477686
2024-11-12,-0.0031082714712883886
2024-11-13,0.00048049352564292016
2024-11-14,-0.006427636006228869
2024-11-15,-0.01275332508450884
2024-11-18,0.0040432087175938086
2024-11-19,0.003652980901705464
2024-11-20,0.0003382411569946268
2024-11-21,0.005365116087867612
2024-11-22,0.0030987555207234083
2024-11-25,0.0033920959160698614
2024-11-26,0.005221380682362797
2024-11-27,-0.0030300883971953185
2024-11-29,0.006212050385417278
2024-12-02,0.0015485284969751786
2024-12-03,-0.0018732246510521208
2024-12-04,0.0036394569649156046
2024-12-05,-0.0013721189657095643
2024-12-06,-0.0002850093603646315
2024-12-09,-0.002597882781396616
2024-12-10,-0.0024971090767623993
2024-12-11,0.004006033598014288
2024-12-12,-0.003905889845490931
2024-12-13,-0.0007647907486369828
2024-12-16,0.0030316861052216487
2024-12-17,-0.0025454583036983378
2024-12-18,0.046192185096656166
2024-12-19,-0.02059301659799676
2024-12-20,-0.03029205245602093
2024-12-23,-0.005556872698869224
2024-12-24,0.007853004341854293
2024-12-26,-5.604096731599026e-05
2024-12-27,-0.010342427239666259
2024-12-30,-0.011628152257467111
2024-12-31,-0.0036449158269403147
2025-01-02,-0.002701026435604324
2025-01-03,0.007222565855345678
2025-01-06,0.003810259562213431
2025-01-07,-0.007292162182668825
2025-01-08,0.00043668363153562067
2025-01-10,-0.007735238337251109
2025-01-13,-0.0021254559964915013
2025-01-14,-0.0005963393327869733
2025-01-15,0.011743329820942627
2025-01-16,-0.001759716886331441
2025-01-17,0.009115251885530955
2025-01-21,0.008833437305067159
2025-01-22,0.005612327316187141
2025-01-23,0.005456045772717662
2025-01-24,-0.002919427433102275
2025-01-27,-0.014144981026432269
2025-01-28,0.008591727089239968
2025-01-29,-0.004482762338311532
2025-01-30,0.005367082266245846
2025-01-31,-0.005322013686878346
2025-02-03,-0.006973455842514742
2025-02-04,0.007801217601349553
2025-02-05,-0.000524465240987159
2025-02-06,0.00177958898862537
2025-02-07,-0.005084661834623522
2025-02-10,0.002256949168259563
2025-02-11,0.00045704406676369563
2025-02-12,-0.00299806911214151
2025-02-13,0.007903642671051855
2025-02-14,-0.0003850300556286714
2025-02-18,0.0023818225508479285
2025-02-19,0.0021530577377096424
2025-02-20,-0.004044650096312929
2025-02-21,-0.014216451465726289
2025-02-24,-0.00485981867339507
2025-02-25,-0.004154225615669718
2025-02-26,-0.0007383912764622575
2025-02-27,-0.008745575512097679
2025-02-28,0.007129745373190131
2025-03-03,-0.016017319801884165
2025-03-04,-0.009035191555192314
2025-03-05,0.004878489208775814
2025-03-06,-0.017751261304090216
2025-03-07,0.005604994241949157
2025-03-10,-0.02663561657302338
2025-03-11,-0.008312890256780947
2025-03-12,0.005306487954566119
2025-03-13,-0.013330436330021067
2025-03-14,0.02065567864541107
2025-03-17,0.007711337640769589
2025-03-18,-0.010808379622018083
2025-03-19,0.010890845995021214
2025-03-20,-0.0028918084037365954
2025-03-21,0.00032978220980872663
2025-03-24,0.017908711172002434
2025-03-25,0.0024038215328545665
2025-03-26,-0.011938228305225729
2025-03-27,-0.0026558447361686444
2025-03-28,-0.020138105395326567
2025-03-31,0.006712577101404937
2025-04-01,0.0025806512620172336
2025-04-02,0.003040917461029834
2025-04-03,-0.01854916500747637
2025-04-04,0.007652658328214074
2025-04-07,-0.0013263835517459302
2025-04-08,0.003239036302679646
2025-04-09,0.008701766340293238
2025-04-10,-0.009054411513402
2025-04-11,0.0006311403037436679
2025-04-14,-0.007433694894058741
2025-04-15,-0.0031214143581981494
2025-04-16,-0.005506239792134732
2025-04-17,-0.00404124782334832
2025-04-21,-0.003538514425046029
2025-04-22,-0.0006712303691718997
2025-04-23,0.0017253805175670885
2025-04-24,0.009054841391231295
2025-04-25,0.003794893889840474
2025-04-28,-0.0017322311959198458
2025-04-29,0.00560175039399305
2025-04-30,0.00032349122312983256
2025-05-01,0.0070846642654033625
2025-05-02,0.014844136511218409
2025-05-05,-0.005734215590911473
2025-05-06,-0.008358325676825262
2025-05-07,0.004205416334334133
2025-05-08,0.006967762571935099
2025-05-09,-0.0012742213508586397
2025-05-12,0.03304754271395138
2025-05-13,0.006603860821533747
2025-05-14,0.001277977174232836
2025-05-15,0.004884390984280174
2025-05-16,0.006334043929497213
2025-05-19,0.0010938196429841618
2025-05-20,-0.003362153676216839
2025-05-21,-0.016850775346555102
2025-05-22,0.00039470808698149895
2025-05-23,-0.006825957405117156
2025-05-27,0.020790686941918546
2025-05-28,-0.005785242945128943
2025-05-29,0.0039473365509063996
2025-05-30,-0.0011184010326800164
2025-06-02,0.005388808238143252
2025-06-03,0.0010203524177025735
2025-06-04,-0.0006014210116393946
2025-06-05,-0.00306222412949466
2025-06-06,0.006336428461740626
2025-06-09,0.0004145049467051087
2025-06-10,0.004859809565571737
2025-06-11,-0.0026517477293613203
2025-06-12,0.0038052997657951402
2025-06-13,-0.008380940869224748
2025-06-16,0.006498574223052437
2025-06-17,-0.0067997926748989985
2025-06-18,-0.0012394043837145087
2025-06-20,-0.0025323084421288713
2025-06-23,0.008540248583886453
2025-06-24,0.010831671907285421
2025-06-25,0.0005529944514969334
2025-06-26,0.00782216689807341
2025-06-27,0.004968352130104994
2025-06-30,0.004781177404424124
2025-07-01,-0.0003237141327537833
2025-07-02,0.00453326557880418
2025-07-03,0.007881400243543668
2025-07-07,-0.007451971921066947
2025-07-08,-0.0005477352950125081
2025-07-09,0.005996656078344209
2025-07-10,0.002820258275139098
2025-07-11,-0.0035154084840562927
2025-07-14,0.0019081841138897104
2025-07-15,-0.004273212189356279
2025-07-16,0.0033431741923299896
2025-07-17,0.006119736739210957
2025-07-18,-0.0007325310505222893
2025-07-21,0.0018962420109840394
2025-07-22,0.00014309729281114514
2025-07-23,0.008507575318954297
2025-07-24,0.0003309323466664793
2025-07-25,0.004224338563401986
2025-07-28,-0.00025097216601477346
2025-07-29,-0.0026376616892719307
2025-07-30,-0.0012592724779846298
2025-07-31,-0.0037512610547767444
2025-08-01,-0.01663432006033183
2025-08-04,0.015663646393717673
2025-08-05,-0.0025977862762921952
2025-08-06,0.0017242194119528051
2025-08-07,-0.0013706805904835917
2025-08-08,0.003941684790503212
2025-08-11,-0.0016702071737454854
2025-08-12,0.008504393226856422
2025-08-13,0.0031492938579422212
2025-08-14,7.325868165463607e-05
2025-08-15,-0.0023114486495040333
2025-08-18,-0.0004118982792717723
2025-08-19,-0.005344081091979161
2025-08-20,-0.0026665937263770025
2025-08-21,-0.0039027467015686325
2025-08-22,0.015075185320452095
2025-08-25,-0.004402707758657445
2025-08-26,0.0041868088388990875
2025-08-27,0.0022785484059194712
2025-08-28,0.00354141990625645
2025-08-29,-0.005963734491660877
2025-09-02,-0.007654155120633276
2025-09-03,0.008266143209046301
2025-09-04,0.0020080897402247116
2025-09-05,-0.002572936868611728
2025-09-08,0.0003306047119706291
2025-09-09,0.0013080950444656256
2025-09-10,0.0023120989800615504
2025-09-11,0.006555149971385324
2025-09-12,-0.00044209996925322987
2025-09-15,0.004914496991446596
2025-09-16,-0.0012457581967240219
2025-09-17,-0.0014822046048535242
2025-09-18,0.004439224410823496
2025-09-19,0.00481643221580486
2025-09-22,0.004672847464934878
2025-09-23,-0.005434058826767904
2025-09-24,-0.0031927649913248094
2025-09-25,-0.004608884224689348
2025-09-26,0.00571272911626562
2025-09-29,0.002809971888061645
2025-09-30,0.0037668346808807244
2025-10-01,0.003407479845972685
2025-10-02,0.001151824796685963
2025-10-03,-1.4805406382656372e-05
2025-10-06,0.003586271966467658
2025-10-07,-0.0037075138893177817
2025-10-08,0.005963055269571305
2025-10-09,-0.002896974724933221
2025-10-10,-0.027027862178845674
2025-10-13,0.015344118135168339
2025-10-14,-0.0012216462876413203
2025-10-15,0.004439529909605389
2025-10-16,-0.006810319600221937
2025-10-17,0.005676392528467966
2025-10-20,0.010400500262923273
2025-10-21,-1.494287878323064e-05
2025-10-22,-0.005198916065879078
2025-10-23,0.005929962705964353
2025-10-24,0.008172554694480416
2025-10-27,0.011797664492784632
2025-10-28,0.002656016019079832
2025-10-29,0.0004803706386860007
2025-10-30,-0.010998097614260183
2025-10-31,0.003280040742968948
2025-11-03,0.0016329278336586507
2025-11-04,-0.0045647374417517655
2025-11-05,-0.0010301542083593785
2025-11-06,-0.0019908396420067996
2025-11-07,-0.0014138147608889996
2025-11-10,0.0036020428778342026
2025-11-11,0.0007370625412703655
2025-11-12,0.00023945121385845022
2025-11-13,-0.006674491654285875
2025-11-14,-0.0012544114948244475
2025-11-17,-0.0015775190340240105
2025-11-18,0.0020823642323058826
2025-11-19,-0.0032497271916869996
2025-11-20,0.004305303038195381
2025-11-21,-0.008353653139649739
2025-11-24,-0.00427655805600359
2025-11-25,0.004073015058242739
2025-11-26,0.005230290062795947
2025-11-28,0.004981936652487569
2025-12-01,-0.004604867811530237
2025-12-02,0.0018518234376646943
2025-12-03,0.0034627490692079846
2025-12-04,0.0007310498015529188
2025-12-05,0.0018994848443159018
2025-12-08,-0.0030042091058060105
2025-12-09,-0.0008631180942337835
2025-12-10,0.006632235252757246
2025-12-11,0.0023269460314641055
2025-12-12,-0.010751986278262682
2025-12-15,-0.001510898681416406
2025-12-16,-0.002732285145230273
2025-12-17,-0.011003593983400228
2025-12-18,0.00755126270975226
2025-12-19,0.009063506223587092
2025-12-22,0.00622989400678442
2025-12-23,0.0045704023396588855
2025-12-24,0.003517674396244841
2025-12-26,-0.00010140966545213459
2025-12-29,-0.0035636535074947684
2025-12-30,-0.0012211244085722495
2025-12-31,-0.0074089416209803804
2026-01-02,0.0015890906629791853
2026-01-05,0.0017173062951999843
2026-01-06,0.0039894385282637015
2026-01-07,-0.0021372409067630864
2026-01-08,-0.00039106553571416217
2026-01-09,0.00435982575317099
2026-01-12,0.0011831841653904373
2026-01-13,-0.0015829243353161675
2026-01-14,-0.004041920845850976
2026-01-15,0.0015049742963214718
2026-01-16,-0.000983481646765958
2026-01-20,-0.014522832890861741
2026-01-21,0.005475897741610426
2026-01-22,0.004576934142807521
2026-01-23,0.0003167200641125977
2026-01-26,0.0049920785249303185
2026-01-27,0.003983588440947666
2026-01-28,-0.00010067600458099938
2026-01-29,-0.001984377176851228
2026-01-30,-0.0029825725147667624
2026-02-02,0.004727498086189775
2026-02-03,-0.006491616772643791
2026-02-04,-0.001831711530469036
2026-02-05,0.0023912530725871094
2026-02-06,0.0033111796009131604
2026-02-09,-0.003310845991636323
2026-02-10,-0.0017975453496081562
2026-02-11,-0.0008182358224039952
2026-02-12,-0.004189938197148652
2026-02-13,-0.0010641361382321157
2026-02-17,-0.003441532164652427
2026-02-18,0.0012838285534779552
2026-02-19,-0.0017758249261033265
2026-02-20,0.0032330634022956738
2026-02-23,-0.008042300029943338
2026-02-24,0.003618349885572993
2026-02-25,0.0067669841606589915
2026-02-26,-0.00537919940304549
2026-02-27,-0.0045417364030384405
2026-03-02,-0.00021074786295726495
2026-03-03,-0.008829761817329274
2026-03-04,0.007027343132968752
2026-03-05,-0.005575491873376914
2026-03-06,-0.01310712873041986
2026-03-09,0.00875996072290297
2026-03-10,-0.0016071058958396778
2026-03-11,-0.0012551345486657706
2026-03-12,-0.015184966271003186
2026-03-13,-0.00566013575260893
2026-03-16,0.01017686501045656
2026-03-17,0.002630544991105488
2026-03-18,-0.013953644515257158
2026-03-19,-0.002464288275344284
2026-03-20,-0.014335787930812693
2026-03-23,0.010499991225476402
2026-03-24,-0.0033568144771775055
2026-03-25,0.0055726882440485515
2026-03-26,-0.017858729983344035
2026-03-27,-0.01705189415742525
2026-03-30,-0.0033433906874337227
2026-03-31,0.029067865784757174
2026-04-01,0.0072905889712790994
2026-04-02,-0.002252295313836763
2026-04-06,0.003027088568708154
2026-04-07,0.0010792222783961567
2026-04-08,0.02088806344412182
2026-04-09,0.005262744509781327
2026-04-10,-0.000727281604865602
2026-04-13,0.009561913634398757
2026-04-14,0.012118356736042392
2026-04-15,0.007880104567980776
2026-04-16,0.002454765098495386
2026-04-17,0.012084060372252878
2026-04-20,-0.0019997978548352965
2026-04-21,-0.006546818222436011
2026-04-22,0.010126558840494581
2026-04-23,-0.0038807421596188567
2026-04-24,0.007749305330844637
2026-04-27,0.0017227877940653076
2026-04-28,-0.0048659922671194875
2026-04-29,-0.00015450932498595193
2026-04-30,0.009949633527564838
2026-05-01,0.0027690952923506984
2026-05-04,-0.0036633921467564834
2026-05-05,0.008022228723942426
2026-05-06,0.013899399692774095
2026-05-07,-0.0030660824190705815
2026-05-08,0.00825609701116825
2026-05-11,0.002277563042387465
2026-05-12,-0.0015149526145865622
2026-05-13,0.00559483781461112
2026-05-14,0.0078943149045545
2026-05-15,-0.012029343756796207
2026-05-18,-0.0007035093177317764
2026-05-19,-0.0066607880874933745
2026-05-20,0.010248994582563453
2026-05-21,0.0019830877010671433
2026-05-22,0.003931549076803931
2026-05-26,0.006638641352187502
2026-05-27,-0.0001732421647460125
2026-05-28,0.005516578600909927
2026-05-29,0.0024914048034492264
2026-06-01,0.0024792110218794256
2026-06-02,-0.0014977531043614358
2026-06-03,-0.0028199401974509505
2026-06-04,-0.0021357853321808196
2026-06-05,0.05751077480166655
2026-06-08,-0.04580246906579975
2026-06-09,0.003413398293452009
2026-06-10,0.060966839415815086
2026-06-11,-0.07471542942498582
2026-06-12,-0.012530801366226096
2026-06-15,0.012083973932686683
2026-06-16,-0.005961562923161279
