date,vix,fwd_rv
1993-02-01,12.329999923706056,13.277088934925901
1993-02-02,12.25,13.32442985462616
1993-02-03,12.119999885559082,12.999193292738815
1993-02-04,12.289999961853027,12.942404557150166
1993-02-05,12.899999618530272,15.181017013855252
1993-02-08,13.220000267028809,15.255166949156514
1993-02-09,13.479999542236328,14.987886245924903
1993-02-10,13.43000030517578,15.050323447777666
1993-02-11,12.6899995803833,15.484704535268865
1993-02-12,12.380000114440918,15.278973727656977
1993-02-16,15.760000228881836,11.709171935423875
1993-02-17,15.899999618530272,12.042105505552483
1993-02-18,15.5600004196167,12.10150762160846
1993-02-19,15.020000457763672,12.156379668214528
1993-02-22,14.699999809265137,12.418872824447073
1993-02-23,15.039999961853027,12.394336297227754
1993-02-24,14.720000267028809,11.66950162335105
1993-02-25,13.760000228881836,11.816147481171555
1993-02-26,13.15999984741211,12.051388494916328
1993-03-01,13.600000381469728,12.028569647501683
1993-03-02,12.489999771118164,10.939813374909535
1993-03-03,13.130000114440918,10.862404393327775
1993-03-04,13.4399995803833,10.737372883019338
1993-03-05,14.079999923706056,13.143046429513458
1993-03-08,16.219999313354492,10.342435196871563
1993-03-09,14.170000076293944,10.328818711935535
1993-03-10,13.90999984741211,10.40593517250393
1993-03-11,14.260000228881836,10.391505161985046
1993-03-12,15.65999984741211,11.1181361192066
1993-03-15,14.739999771118164,11.002376560988234
1993-03-16,14.510000228881836,11.011583941904373
1993-03-17,14.529999732971191,10.777399256743013
1993-03-18,14.170000076293944,10.534206371260753
1993-03-19,13.229999542236328,10.6211917688336
1993-03-22,13.65999984741211,10.579913117819078
1993-03-23,13.020000457763672,10.54326179520606
1993-03-24,12.4399995803833,11.407639340052505
1993-03-25,12.079999923706056,11.1220405104897
1993-03-26,12.210000038146973,11.262692228935208
1993-03-29,12.630000114440918,11.938355648114126
1993-03-30,12.229999542236328,11.839423150495453
1993-03-31,12.529999732971191,12.020603602635962
1993-04-01,13.020000457763672,12.032618196779529
1993-04-02,14.5,9.728079760890646
1993-04-05,14.119999885559082,9.649349012800915
1993-04-06,14.239999771118164,9.624115200499093
1993-04-07,13.640000343322754,9.650466663085206
1993-04-08,12.829999923706056,9.668267247410235
1993-04-12,11.93000030517578,8.20325318167856
1993-04-13,11.699999809265137,8.326746840540537
1993-04-14,11.760000228881836,8.326928736544478
1993-04-15,10.960000038146973,9.280568704313664
1993-04-16,11.289999961853027,9.273652504592068
1993-04-19,12.0600004196167,9.333427816340594
1993-04-20,11.9399995803833,9.19902304255209
1993-04-21,12.109999656677246,11.78968838760177
1993-04-22,12.68000030517578,10.701542843583695
1993-04-23,13.359999656677246,11.158390426557776
1993-04-26,15.25,10.676698844816418
1993-04-27,13.93000030517578,10.136556518502665
1993-04-28,13.119999885559082,10.777655977594488
1993-04-29,12.800000190734863,10.911032135065593
1993-04-30,12.420000076293944,11.150602874587573
1993-05-03,12.899999618530272,11.403225863500221
1993-05-04,12.140000343322754,11.420072505123287
1993-05-05,12.380000114440918,11.521511052029576
1993-05-06,13.220000267028809,11.51815589444656
1993-05-07,13.010000228881836,11.575178177968546
1993-05-10,13.720000267028809,12.083082262591931
1993-05-11,13.350000381469728,12.054860780486468
1993-05-12,13.5600004196167,12.03905408951364
1993-05-13,14.760000228881836,11.170668380764685
1993-05-14,14.390000343322754,11.188536900522566
1993-05-17,14.130000114440918,11.20766800685964
1993-05-18,14.1899995803833,11.19911164874298
1993-05-19,14.289999961853027,8.651922231976622
1993-05-20,13.979999542236328,9.088589985516704
1993-05-21,14.510000228881836,8.523588237130854
1993-05-24,14.100000381469728,8.395343474097286
1993-05-25,14.039999961853027,8.954050301933105
1993-05-26,12.880000114440918,9.135652494415353
1993-05-27,13.100000381469728,9.070999553290235
1993-05-28,13.470000267028809,9.769649574388534
1993-06-01,13.670000076293944,9.300101534283595
1993-06-02,13.479999542236328,9.291936151339975
1993-06-03,13.539999961853027,9.264893933634124
1993-06-04,12.859999656677246,9.394125460634855
1993-06-07,14.06999969482422,10.025027724041689
1993-06-08,14.739999771118164,9.584217224808837
1993-06-09,13.960000038146973,10.327600130717872
1993-06-10,13.3100004196167,10.364244739799599
1993-06-11,12.710000038146973,10.274631524216984
1993-06-14,12.329999923706056,10.263577249160107
1993-06-15,11.989999771118164,10.288114082811207
1993-06-16,11.869999885559082,10.398671460225902
1993-06-17,11.65999984741211,10.373566394890087
1993-06-18,12.239999771118164,9.924493553572978
1993-06-21,12.25,9.944541604787029
1993-06-22,11.649999618530272,9.949064825363285
1993-06-23,12.039999961853027,9.707487841144669
1993-06-24,12.25,8.606228921581632
1993-06-25,11.25,8.833901898001253
1993-06-28,11.109999656677246,7.84085446885157
1993-06-29,11.289999961853027,7.692533049782256
1993-06-30,11.260000228881836,7.964215920336214
1993-07-01,11.510000228881836,8.15348915099615
1993-07-02,11.329999923706056,7.946478001868698
1993-07-06,13.869999885559082,6.83309869995948
1993-07-07,13.050000190734863,6.799786479615902
1993-07-08,12.239999771118164,5.617814825744119
1993-07-09,10.800000190734863,5.549923402014091
1993-07-12,10.850000381469728,5.878445703013605
1993-07-13,11.020000457763672,5.878331909811876
1993-07-14,10.779999732971191,5.758632702375378
1993-07-15,10.600000381469728,5.639954797272642
1993-07-16,10.960000038146973,5.539443637843871
1993-07-19,11.460000038146973,5.807219061846222
1993-07-20,11.050000190734863,5.842086131303361
1993-07-21,11.970000267028809,6.045208721521957
1993-07-22,11.6899995803833,5.266947720139102
1993-07-23,11.31999969482422,5.107312038650837
1993-07-26,11.31999969482422,4.957553055849438
1993-07-27,11.34000015258789,6.064688511756431
1993-07-28,11.369999885559082,5.931354480713715
1993-07-29,11.25,5.743153637327114
1993-07-30,11.729999542236328,5.205983719371371
1993-08-02,11.470000267028809,5.26481807748814
1993-08-03,11.489999771118164,5.266534857745963
1993-08-04,11.710000038146973,5.345240151389938
1993-08-05,12.029999732971191,5.481182890768112
1993-08-06,12.329999923706056,5.490288260921827
1993-08-09,12.390000343322754,6.0125327228366015
1993-08-10,12.3100004196167,6.183385427973706
1993-08-11,12.06999969482422,6.191273172865345
1993-08-12,12.380000114440918,6.629313323254942
1993-08-13,12.1899995803833,6.635315161320755
1993-08-16,12.010000228881836,6.721769623463943
1993-08-17,11.59000015258789,6.690630922234139
1993-08-18,11.520000457763672,6.6845197344287355
1993-08-19,11.630000114440918,6.736807961154271
1993-08-20,11.619999885559082,7.387179433726869
1993-08-23,12.149999618530272,7.452327592342373
1993-08-24,11.800000190734863,6.9785312974586775
1993-08-25,12.100000381469728,7.268109705020665
1993-08-26,12.140000343322754,7.322426200282994
1993-08-27,11.90999984741211,8.308701492917102
1993-08-30,11.739999771118164,8.229140216458871
1993-08-31,11.850000381469728,8.252525351618475
1993-09-01,11.479999542236328,8.268287939224491
1993-09-02,11.869999885559082,8.370219722537087
1993-09-03,11.15999984741211,8.379783354426776
1993-09-07,12.899999618530272,8.000229779333056
1993-09-08,13.239999771118164,7.885820641123299
1993-09-09,12.670000076293944,7.9468182365694116
1993-09-10,11.699999809265137,7.3067827510192265
1993-09-13,12.15999984741211,7.34078788649042
1993-09-14,13.149999618530272,7.194138709168002
1993-09-15,12.699999809265137,7.137195935049968
1993-09-16,13.359999656677246,8.237901742869479
1993-09-17,13.390000343322754,8.299541122231576
1993-09-20,14.600000381469728,7.659784700365034
1993-09-21,17.299999237060547,8.114513335886295
1993-09-22,13.75,7.7047591388194325
1993-09-23,13.359999656677246,7.569307929831852
1993-09-24,12.470000267028809,7.720731929208946
1993-09-27,12.489999771118164,6.773210709114011
1993-09-28,12.1899995803833,6.7300768903998085
1993-09-29,12.630000114440918,6.587473666752997
1993-09-30,12.989999771118164,6.941693165715371
1993-10-01,11.829999923706056,6.802533912001558
1993-10-04,12.850000381469728,6.8341151870487264
1993-10-05,12.970000267028809,6.809643788285954
1993-10-06,12.68000030517578,8.338102440562999
1993-10-07,13.140000343322754,9.177430496224256
1993-10-08,12.039999961853027,9.33073964083167
1993-10-11,12.260000228881836,9.314236769156524
1993-10-12,12.40999984741211,9.303971793873941
1993-10-13,11.380000114440918,9.676473356660614
1993-10-14,11.0,8.523252207015757
1993-10-15,10.869999885559082,8.469935084755463
1993-10-18,11.329999923706056,8.432007083670644
1993-10-19,11.609999656677246,8.195526398018012
1993-10-20,11.31999969482422,8.41400676710327
1993-10-21,11.199999809265137,8.453223093349754
1993-10-22,11.479999542236328,8.316128830241139
1993-10-25,11.829999923706056,8.511710084967266
1993-10-26,11.829999923706056,8.766560658746464
1993-10-27,12.010000228881836,8.891926944101098
1993-10-28,11.880000114440918,8.460247967940388
1993-10-29,11.460000038146973,8.557951464044573
1993-11-01,11.779999732971191,8.487000889876784
1993-11-02,11.739999771118164,8.5171599362244
1993-11-03,13.260000228881836,7.263548965297109
1993-11-04,14.68000030517578,6.085711742919505
1993-11-05,14.970000267028809,5.987654902520938
1993-11-08,14.3100004196167,6.0090917862030055
1993-11-09,13.9399995803833,6.015330884933005
1993-11-10,13.720000267028809,5.630661444274123
1993-11-11,13.880000114440918,5.589252201171484
1993-11-12,13.329999923706056,5.745666514790402
1993-11-15,14.460000038146973,6.3541522357143
1993-11-16,15.109999656677246,6.116076518294167
1993-11-17,15.56999969482422,5.946757181556054
1993-11-18,14.649999618530272,6.1422231020559055
1993-11-19,15.029999732971191,6.074035134907038
1993-11-22,15.899999618530272,5.738130778197688
1993-11-23,14.270000457763672,5.890994968877304
1993-11-24,13.510000228881836,5.791815154702458
1993-11-26,13.770000457763672,6.026478709580737
1993-11-29,14.119999885559082,5.747711465211788
1993-11-30,13.760000228881836,5.814535326452771
1993-12-01,13.829999923706056,6.08454265676821
1993-12-02,13.510000228881836,6.41550038847037
1993-12-03,12.6899995803833,6.355973502682616
1993-12-06,12.84000015258789,6.407390003353342
1993-12-07,12.40999984741211,6.434785678241435
1993-12-08,12.460000038146973,6.434785678241435
1993-12-09,12.43000030517578,6.597113686436101
1993-12-10,12.600000381469728,7.605467469630238
1993-12-13,10.979999542236328,7.490322861507187
1993-12-14,11.130000114440918,7.012035808554367
1993-12-15,11.029999732971191,7.089459997689502
1993-12-16,10.899999618530272,7.117775616180859
1993-12-17,11.079999923706056,6.9414337792169505
1993-12-20,10.75,6.941236169352837
1993-12-21,10.079999923706056,6.8872399613075
1993-12-22,9.3100004196167,6.579911566914616
1993-12-23,9.479999542236328,6.63297746786939
1993-12-27,9.699999809265137,6.585945038994023
1993-12-28,9.81999969482422,6.5518592881712285
1993-12-29,10.460000038146973,6.588739787107599
1993-12-30,10.6899995803833,7.094684528180766
1993-12-31,11.65999984741211,6.7080902610105655
1994-01-03,12.56999969482422,6.829943610533099
1994-01-04,11.90999984741211,7.213865663616456
1994-01-05,10.9399995803833,7.437297398200496
1994-01-06,11.270000457763672,7.736486711201751
1994-01-07,10.960000038146973,11.42083383254314
1994-01-10,10.739999771118164,10.68057471380517
1994-01-11,11.289999961853027,10.671029729420665
1994-01-12,11.649999618530272,10.711472999399387
1994-01-13,12.079999923706056,11.113147095944761
1994-01-14,11.149999618530272,11.083239720734692
1994-01-17,11.880000114440918,11.09739545796475
1994-01-18,11.630000114440918,11.257174840520099
1994-01-19,11.760000228881836,11.217544628664376
1994-01-20,11.15999984741211,11.37266471760819
1994-01-21,11.09000015258789,11.53724807878938
1994-01-24,11.600000381469728,12.034413321209723
1994-01-25,11.380000114440918,12.075734992514823
1994-01-26,11.170000076293944,12.918680939272765
1994-01-27,10.300000190734863,12.550292219176676
1994-01-28,9.9399995803833,12.484824028104283
1994-01-31,10.630000114440918,12.127069975363613
1994-02-01,10.649999618530272,12.097576712706747
1994-02-02,10.609999656677246,11.741394091010488
1994-02-03,10.75,11.798518722581793
1994-02-04,15.25,8.84819530519585
1994-02-07,13.960000038146973,8.77381149191248
1994-02-08,13.65999984741211,8.955464272309955
1994-02-09,13.300000190734863,9.211134713243469
1994-02-10,14.239999771118164,8.984773285046362
1994-02-11,14.460000038146973,8.909937392361753
1994-02-14,14.279999732971191,8.890811020107051
1994-02-15,13.399999618530272,9.164127154282218
1994-02-16,13.130000114440918,9.163033395160443
1994-02-17,13.789999961853027,8.9084792452904
1994-02-18,14.699999809265137,8.68366951718315
1994-02-22,13.520000457763672,7.95969147955803
1994-02-23,13.90999984741211,7.906992929588317
1994-02-24,15.960000038146973,7.631796747685988
1994-02-25,14.800000190734863,8.131313799049833
1994-02-28,14.869999885559082,8.160145352658956
1994-03-01,15.829999923706056,10.621286881456617
1994-03-02,16.079999923706055,11.456423319604587
1994-03-03,16.360000610351562,11.587324583508742
1994-03-04,16.0,12.412796562090554
1994-03-07,14.260000228881836,14.672625115112947
1994-03-08,16.229999542236328,14.670002992248682
1994-03-09,14.40999984741211,14.681988860393053
1994-03-10,16.549999237060547,14.662724404166694
1994-03-11,14.869999885559082,14.593078011619568
1994-03-14,16.610000610351562,14.545966429251383
1994-03-15,14.779999732971191,14.581204606314536
1994-03-16,14.510000228881836,14.118362787265568
1994-03-17,12.760000228881836,14.118362787265568
1994-03-18,13.31999969482422,14.159675064785171
1994-03-21,14.34000015258789,14.243373093138795
1994-03-22,13.390000343322754,14.117273005536147
1994-03-23,12.3100004196167,15.239156445615357
1994-03-24,13.43000030517578,14.790369887505195
1994-03-25,13.670000076293944,15.07676430148953
1994-03-28,14.899999618530272,15.057996832279159
1994-03-29,16.489999771118164,13.52143362922826
1994-03-30,18.59000015258789,12.532380600962451
1994-03-31,20.450000762939453,12.666262956056439
1994-04-04,23.8700008392334,11.127677455544692
1994-04-05,18.1299991607666,8.658559948996219
1994-04-06,17.3799991607666,8.682704111945688
1994-04-07,16.979999542236328,9.219492384255783
1994-04-08,16.920000076293945,9.343764924930962
1994-04-11,16.610000610351562,9.651229569018623
1994-04-12,16.420000076293945,10.156382253029472
1994-04-13,17.020000457763672,10.178318727727374
1994-04-14,16.270000457763672,10.177158749198584
1994-04-15,15.979999542236328,10.178322254158596
1994-04-18,17.219999313354492,11.110899436633046
1994-04-19,16.93000030517578,11.32996965231791
1994-04-20,17.010000228881836,11.359761741098806
1994-04-21,14.93000030517578,10.613527767998233
1994-04-22,14.9399995803833,10.631055176761981
1994-04-25,14.260000228881836,10.090764009832702
1994-04-26,13.800000190734863,10.109448171248317
1994-04-28,14.510000228881836,9.676364717435014
1994-04-29,13.770000457763672,9.64284874135027
1994-05-02,14.109999656677246,9.457819094984565
1994-05-03,13.8100004196167,9.540044546284722
1994-05-04,14.289999961853027,9.518979465998822
1994-05-05,14.5600004196167,9.639992482850529
1994-05-06,15.079999923706056,8.77226185826403
1994-05-09,16.15999984741211,7.9662623898190565
1994-05-10,15.1899995803833,8.430626492203036
1994-05-11,15.550000190734863,7.6117713744307505
1994-05-12,15.460000038146973,7.528503971181753
1994-05-13,14.539999961853027,7.501838261040087
1994-05-16,14.670000076293944,7.764317645372387
1994-05-17,14.079999923706056,6.529013431482114
1994-05-18,12.550000190734863,6.147674964894681
1994-05-19,12.329999923706056,6.399031564354475
1994-05-20,12.789999961853027,7.0162431136318535
1994-05-23,13.489999771118164,7.6704208508800225
1994-05-24,12.729999542236328,7.648595748233554
1994-05-25,12.43000030517578,7.832195531591678
1994-05-26,12.5,10.66651945373002
1994-05-27,12.489999771118164,12.580954636195024
1994-05-31,13.029999732971191,12.663056805831333
1994-06-01,12.720000267028809,12.598465269167852
1994-06-02,12.729999542236328,12.73486909278698
1994-06-03,12.1899995803833,12.529324648823655
1994-06-06,13.029999732971191,12.753453023740185
1994-06-07,13.050000190734863,12.753515262365934
1994-06-08,13.31999969482422,12.616590179523321
1994-06-09,13.210000038146973,12.413254480977008
1994-06-10,12.6899995803833,12.405387837711986
1994-06-13,11.920000076293944,12.406493568551053
1994-06-14,11.600000381469728,12.010554918154725
1994-06-15,11.520000457763672,12.71459482502596
1994-06-16,11.220000267028809,12.68042156255009
1994-06-17,12.3100004196167,12.579698870153727
1994-06-20,13.960000038146973,12.231141055772786
1994-06-21,14.699999809265137,11.934012877161432
1994-06-22,14.020000457763672,11.878163207288427
1994-06-23,14.119999885559082,11.683630547239668
1994-06-24,16.719999313354492,8.507166129376271
1994-06-27,15.529999732971191,6.182149418121526
1994-06-28,15.039999961853027,5.841429269700184
1994-06-29,14.420000076293944,5.797008801892999
1994-06-30,14.970000267028809,6.023680215163103
1994-07-01,14.359999656677246,6.126160731671182
1994-07-05,14.920000076293944,5.983483846716418
1994-07-06,14.699999809265137,5.90218492006394
1994-07-07,14.010000228881836,6.366383198779592
1994-07-08,13.260000228881836,6.549817953192442
1994-07-11,13.829999923706056,6.349200586105253
1994-07-12,13.399999618530272,6.351004632015665
1994-07-13,12.420000076293944,6.409470997470125
1994-07-14,11.640000343322754,5.6155258461545445
1994-07-15,11.279999732971191,6.157102479773703
1994-07-18,11.4399995803833,6.169477071750051
1994-07-19,11.649999618530272,6.428967095241559
1994-07-20,11.699999809265137,6.101896849582809
1994-07-21,11.649999618530272,6.341832169856749
1994-07-22,11.220000267028809,6.377270350661256
1994-07-25,11.460000038146973,6.4233920812511505
1994-07-26,11.65999984741211,6.576909906626367
1994-07-27,11.93000030517578,7.324096960749918
1994-07-28,12.029999732971191,7.501693364222304
1994-07-29,11.130000114440918,8.239661978322578
1994-08-01,11.170000076293944,8.215160674331864
1994-08-02,11.270000457763672,8.22173713957089
1994-08-03,11.350000381469728,8.352505530885276
1994-08-04,12.18000030517578,8.107175256875015
1994-08-05,12.34000015258789,8.185741893904366
1994-08-08,12.40999984741211,8.193015941889586
1994-08-09,12.539999961853027,8.240975886123705
1994-08-10,11.90999984741211,8.297800604488192
1994-08-11,12.130000114440918,9.175127879211018
1994-08-12,11.09000015258789,8.92941057188471
1994-08-15,12.0600004196167,8.962856213792502
1994-08-16,11.390000343322754,8.648357427846044
1994-08-17,11.539999961853027,9.639424133846662
1994-08-18,12.06999969482422,9.959563473876132
1994-08-19,12.829999923706056,9.942105079864612
1994-08-22,12.619999885559082,12.235162682886298
1994-08-23,11.75,12.053328759133898
1994-08-24,11.56999969482422,11.363275263312538
1994-08-25,12.020000457763672,11.38192909478431
1994-08-26,12.1899995803833,10.177788432701124
1994-08-29,11.81999969482422,10.177590429092163
1994-08-30,11.229999542236328,10.598579630720401
1994-08-31,11.970000267028809,10.680219711765062
1994-09-01,11.859999656677246,10.652464827347888
1994-09-02,11.399999618530272,10.598438833185405
1994-09-06,11.6899995803833,11.686950156204356
1994-09-07,11.8100004196167,11.708614754106101
1994-09-08,11.859999656677246,11.446405930081681
1994-09-09,13.119999885559082,11.216459729860976
1994-09-12,14.010000228881836,11.968132787269493
1994-09-13,13.770000457763672,13.135900522510314
1994-09-14,13.09000015258789,13.140254552049502
1994-09-15,11.880000114440918,12.35022636545238
1994-09-16,12.800000190734863,12.20725330078498
1994-09-19,13.0600004196167,12.222112818731896
1994-09-20,14.449999809265137,10.016852296125832
1994-09-21,14.489999771118164,10.10841605352974
1994-09-22,13.890000343322754,10.406092377394286
1994-09-23,14.529999732971191,10.441124615048075
1994-09-26,14.5600004196167,10.78537199988867
1994-09-27,14.130000114440918,10.787296881951649
1994-09-28,13.25,10.49845410426335
1994-09-29,13.970000267028809,10.540517361189327
1994-09-30,14.279999732971191,12.750993501634028
1994-10-03,15.4399995803833,12.80952611950165
1994-10-04,16.65999984741211,12.217128830579444
1994-10-05,15.920000076293944,12.489998071676368
1994-10-06,16.239999771118164,12.44501551755366
1994-10-07,14.920000076293944,13.466458669394429
1994-10-10,14.720000267028809,13.007507782462355
1994-10-11,13.550000190734863,12.18814551631098
1994-10-12,14.510000228881836,12.19268990844402
1994-10-13,14.899999618530272,12.395466458216438
1994-10-14,13.31999969482422,12.326596746964036
1994-10-17,14.760000228881836,12.818173173682585
1994-10-18,14.59000015258789,12.846268108880032
1994-10-19,15.130000114440918,12.788964920857952
1994-10-20,15.989999771118164,12.791017819467566
1994-10-21,15.90999984741211,12.72111355363999
1994-10-24,16.969999313354492,12.8833911450403
1994-10-25,16.1299991607666,15.009086046169553
1994-10-26,15.699999809265137,15.104365187847815
1994-10-27,15.670000076293944,15.03225282624301
1994-10-28,14.5600004196167,12.780855137309016
1994-10-31,14.5600004196167,12.783148158978452
1994-11-01,14.84000015258789,12.303090184440261
1994-11-02,15.34000015258789,12.590622469461888
1994-11-03,15.579999923706056,12.957032699976754
1994-11-04,16.75,12.231812426290055
1994-11-07,17.3700008392334,12.162978205856222
1994-11-08,16.299999237060547,11.913710698939814
1994-11-09,16.420000076293945,12.175152685803809
1994-11-10,16.0,12.215754291532239
1994-11-11,16.5,12.529401183848227
1994-11-14,16.68000030517578,12.053145043789346
1994-11-15,16.65999984741211,12.24963748941257
1994-11-16,15.5600004196167,12.237192614228881
1994-11-17,15.90999984741211,12.21564763185728
1994-11-18,16.0,12.227178066777064
1994-11-21,16.1299991607666,11.720953538590734
1994-11-22,17.239999771118164,8.984239135949055
1994-11-23,18.40999984741211,9.010343534642598
1994-11-25,17.440000534057617,8.910117957428247
1994-11-28,16.829999923706055,8.96493064477398
1994-11-29,16.149999618530273,9.219068885265342
1994-11-30,15.949999809265137,9.182037063590547
1994-12-01,16.690000534057617,9.50943617932781
1994-12-02,16.549999237060547,9.104455391343937
1994-12-05,16.100000381469727,9.221753911282505
1994-12-06,16.049999237060547,9.226322182736586
1994-12-07,16.280000686645508,8.728300012298016
1994-12-08,18.149999618530277,7.723951480261226
1994-12-09,16.040000915527344,7.687556531962087
1994-12-12,15.460000038146973,7.463399198179986
1994-12-13,14.479999542236328,7.411482806045487
1994-12-14,13.029999732971191,8.217556547820564
1994-12-15,12.869999885559082,8.358233503294468
1994-12-16,12.789999961853027,8.278030817385618
1994-12-19,13.020000457763672,8.320972869013445
1994-12-20,12.979999542236328,8.548316238575852
1994-12-21,12.050000190734863,7.94034340750494
1994-12-22,12.420000076293944,7.880297056897642
1994-12-23,11.81999969482422,7.882693576198499
1994-12-27,12.06999969482422,7.7256750922295945
1994-12-28,12.8100004196167,7.4289305228839115
1994-12-29,12.859999656677246,7.507841561514264
1994-12-30,13.199999809265137,6.116555131248613
1995-01-03,14.25,6.06505843295361
1995-01-04,13.529999732971191,5.960268796315144
1995-01-05,13.5,6.177765115927398
1995-01-06,13.130000114440918,7.626724757513198
1995-01-09,13.329999923706056,7.650597254321399
1995-01-10,12.520000457763672,7.645180918872587
1995-01-11,12.149999618530272,7.667780792834278
1995-01-12,12.829999923706056,7.6799063667977
1995-01-13,11.100000381469728,6.804684418101514
1995-01-16,11.140000343322754,6.625927749331795
1995-01-17,11.789999961853027,6.613684261882713
1995-01-18,11.56999969482422,6.691193447101522
1995-01-19,11.859999656677246,6.20556049103595
1995-01-20,12.149999618530272,6.227275702740835
1995-01-23,12.789999961853027,6.268172233688593
1995-01-24,11.9399995803833,6.565246767793967
1995-01-25,11.460000038146973,6.564828591494567
1995-01-26,11.25,6.553789559864673
1995-01-27,11.25,7.434905570016164
1995-01-30,12.260000228881836,7.46144624122556
1995-01-31,11.960000038146973,8.020817614597698
1995-02-01,11.729999542236328,7.987504106846388
1995-02-02,11.130000114440918,7.844122613718298
1995-02-03,10.979999542236328,6.272249827514097
1995-02-06,11.220000267028809,6.8174556435338545
1995-02-07,11.170000076293944,6.8595797335495226
1995-02-08,11.420000076293944,6.862232767020362
1995-02-09,11.630000114440918,8.561498203551167
1995-02-10,11.279999732971191,8.588105215751906
1995-02-13,11.40999984741211,8.877858440113478
1995-02-14,11.43000030517578,8.946518916212181
1995-02-15,11.520000457763672,8.981688859391845
1995-02-16,11.609999656677246,8.937974687799716
1995-02-17,11.710000038146973,8.750567634855532
1995-02-21,12.050000190734863,8.842532061805072
1995-02-22,11.390000343322754,8.543673259237314
1995-02-23,11.149999618530272,8.541113184784436
1995-02-24,10.84000015258789,9.733877366688485
1995-02-27,12.510000228881836,9.092136579305215
1995-02-28,11.75,8.812311681247596
1995-03-01,11.649999618530272,8.323321888802706
1995-03-02,12.020000457763672,8.432767853500883
1995-03-03,11.449999809265137,8.675409680763279
1995-03-06,12.170000076293944,8.672759903603158
1995-03-07,14.220000267028809,8.072949786184848
1995-03-08,13.720000267028809,8.117861641157969
1995-03-09,13.359999656677246,8.071830260293645
1995-03-10,12.380000114440918,6.731678619866481
1995-03-13,12.149999618530272,6.657914660077028
1995-03-14,12.100000381469728,6.580718285996601
1995-03-15,12.420000076293944,6.505982978160799
1995-03-16,11.949999809265137,6.4666693377979225
1995-03-17,11.800000190734863,6.978559705236048
1995-03-20,11.34000015258789,7.158314715094987
1995-03-21,11.529999732971191,7.074600690144411
1995-03-22,11.289999961853027,7.075787111866506
1995-03-23,11.43000030517578,7.196745654785677
1995-03-24,11.1899995803833,6.643608709098474
1995-03-27,11.829999923706056,6.7007700035173645
1995-03-28,11.329999923706056,6.692231063742428
1995-03-29,12.510000228881836,6.694385534586246
1995-03-30,12.619999885559082,6.603754777464113
1995-03-31,13.369999885559082,6.478971907275103
1995-04-03,13.5,6.471498499894837
1995-04-04,12.619999885559082,7.666883655365668
1995-04-05,12.960000038146973,7.687085353377478
1995-04-06,12.8100004196167,7.709600447498506
1995-04-07,12.850000381469728,7.9180803906728725
1995-04-10,12.789999961853027,7.975471452554123
1995-04-11,12.729999542236328,7.7531933779773565
1995-04-12,12.039999961853027,7.738982710984884
1995-04-13,11.479999542236328,7.6263907062140115
1995-04-17,12.329999923706056,7.167404267608661
1995-04-18,12.960000038146973,6.894235944658128
1995-04-19,13.09000015258789,7.149593302409149
1995-04-20,12.100000381469728,9.312742680593175
1995-04-21,11.859999656677246,9.220760363378881
1995-04-24,11.920000076293944,9.138017001677179
1995-04-25,12.40999984741211,9.438872456347156
1995-04-26,12.279999732971191,9.47117049773556
1995-04-27,11.93000030517578,9.470417749404387
1995-04-28,11.75,10.552352074896335
1995-05-01,12.140000343322754,10.475512654126788
1995-05-02,11.880000114440918,12.570259883754552
1995-05-03,11.6899995803833,11.846549867469175
1995-05-04,12.640000343322754,11.829212551679442
1995-05-05,12.0600004196167,11.91476845157204
1995-05-08,12.220000267028809,11.781184644053887
1995-05-09,12.75,11.980581502490763
1995-05-10,13.079999923706056,12.035746358916327
1995-05-11,12.979999542236328,12.235458566933604
1995-05-12,11.84000015258789,12.377176247089267
1995-05-15,12.380000114440918,12.824508219320895
1995-05-16,12.199999809265137,12.839295323172706
1995-05-17,12.359999656677246,12.775255342612773
1995-05-18,13.130000114440918,11.33170725726623
1995-05-19,12.8100004196167,11.765998979961651
1995-05-22,11.68000030517578,11.463383733487559
1995-05-23,11.550000190734863,11.167842533988685
1995-05-24,11.260000228881836,11.873468382984203
1995-05-25,11.630000114440918,11.957079136120505
1995-05-26,12.199999809265137,12.029185322570445
1995-05-30,12.520000457763672,12.087425377455629
1995-05-31,12.850000381469728,9.975304791669702
1995-06-01,12.210000038146973,9.93536543467028
1995-06-02,12.979999542236328,9.954216917544489
1995-06-05,13.449999809265137,9.829930303110693
1995-06-06,13.0,9.821032425508262
1995-06-07,12.84000015258789,10.30919459451198
1995-06-08,12.890000343322754,10.199985939843062
1995-06-09,12.760000228881836,9.746600715466457
1995-06-12,11.90999984741211,10.043845062759118
1995-06-13,11.289999961853027,10.228091285540426
1995-06-14,11.289999961853027,10.29606283663088
1995-06-15,11.229999542236328,10.323661242359261
1995-06-16,10.75,10.395475796235655
1995-06-19,11.210000038146973,10.489344963814567
1995-06-20,11.15999984741211,11.280084459391574
1995-06-21,11.31999969482422,11.314240024189818
1995-06-22,11.4399995803833,10.375268381376324
1995-06-23,11.119999885559082,10.63025963249262
1995-06-26,11.800000190734863,9.75535228366456
1995-06-27,12.369999885559082,9.704741955280818
1995-06-28,11.739999771118164,9.912942087050887
1995-06-29,11.59000015258789,10.269161138863133
1995-06-30,11.380000114440918,10.347685151383335
1995-07-03,11.56999969482422,10.376736826553586
1995-07-05,12.100000381469728,10.408901733122224
1995-07-06,11.520000457763672,9.44415877697451
1995-07-07,11.770000457763672,9.323667072017363
1995-07-10,12.1899995803833,9.351121695146283
1995-07-11,12.25,9.160732424620937
1995-07-12,12.3100004196167,8.032899310168258
1995-07-13,12.5600004196167,8.03306065131462
1995-07-14,12.079999923706056,8.264660409148004
1995-07-17,12.260000228881836,8.663271362878486
1995-07-18,12.68000030517578,8.105490498539787
1995-07-19,13.489999771118164,6.997293500420327
1995-07-20,12.779999732971191,6.96772867227636
1995-07-21,12.369999885559082,6.940521885320707
1995-07-24,12.550000190734863,6.579027639110316
1995-07-25,12.770000457763672,6.027386404126426
1995-07-26,13.18000030517578,6.152805484579261
1995-07-27,13.18000030517578,5.2983025415137694
1995-07-28,13.18000030517578,5.2682769961622125
1995-07-31,13.489999771118164,5.352593621435208
1995-08-01,13.5600004196167,5.390472743306508
1995-08-02,13.65999984741211,5.360853182803969
1995-08-03,13.779999732971191,5.357327237242691
1995-08-04,13.210000038146973,5.538893813018022
1995-08-07,13.100000381469728,6.333565328948261
1995-08-08,13.0600004196167,6.331803745679478
1995-08-09,12.75,6.315666404568356
1995-08-10,13.0,6.258301663637367
1995-08-11,12.899999618530272,5.697347220388204
1995-08-14,13.239999771118164,5.158029799636168
1995-08-15,12.350000381469728,5.08367089026456
1995-08-16,12.449999809265137,5.682655182456477
1995-08-17,12.130000114440918,5.576392938266723
1995-08-18,12.029999732971191,5.967119337352641
1995-08-21,13.420000076293944,5.755595143028454
1995-08-22,12.600000381469728,5.812127648821211
1995-08-23,13.170000076293944,6.644745943792452
1995-08-24,12.9399995803833,6.672364256767701
1995-08-25,12.329999923706056,6.693092196707958
1995-08-28,12.479999542236328,6.424438618974615
1995-08-29,12.649999618530272,6.5045533550068
1995-08-30,12.029999732971191,6.796886339995595
1995-08-31,11.520000457763672,6.935683532544427
1995-09-01,11.289999961853027,7.319765836738462
1995-09-05,11.649999618530272,6.725422828982132
1995-09-06,11.649999618530272,6.766098803433003
1995-09-07,11.850000381469728,6.796644431406924
1995-09-08,11.15999984741211,6.724501879248559
1995-09-11,11.510000228881836,7.455451512557396
1995-09-12,11.460000038146973,7.2986636151889535
1995-09-13,11.350000381469728,7.207174106052429
1995-09-14,11.100000381469728,6.7895569712562915
1995-09-15,11.579999923706056,6.883424228470064
1995-09-18,12.34000015258789,6.9728096455223625
1995-09-19,12.670000076293944,7.167184959605623
1995-09-20,12.350000381469728,7.03749436155183
1995-09-21,12.5,6.477700590606187
1995-09-22,12.460000038146973,6.919613668546259
1995-09-25,13.220000267028809,6.942309673314605
1995-09-26,12.899999618530272,6.941038275138229
1995-09-27,12.899999618530272,7.600054372129203
1995-09-28,12.460000038146973,7.7503073008437635
1995-09-29,12.739999771118164,8.269359391145835
1995-10-02,13.949999809265137,8.385628048881397
1995-10-03,14.5,8.53573229756021
1995-10-04,14.859999656677246,8.973928058745779
1995-10-05,15.739999771118164,9.176378953466727
1995-10-06,13.979999542236328,9.17914490440678
1995-10-09,14.850000381469728,8.69201467044916
1995-10-10,14.970000267028809,8.835851106161204
1995-10-11,14.56999969482422,9.272751746341292
1995-10-12,14.239999771118164,9.132547168942729
1995-10-13,13.670000076293944,9.106569883521864
1995-10-16,14.619999885559082,8.89669638059106
1995-10-17,14.029999732971191,9.011086357962462
1995-10-18,14.050000190734863,9.615105004946631
1995-10-19,13.550000190734863,9.659347587413656
1995-10-20,13.460000038146973,9.351287631479476
1995-10-23,14.170000076293944,9.555729468487606
1995-10-24,13.850000381469728,9.880026713676926
1995-10-25,14.489999771118164,9.370273619811433
1995-10-26,15.59000015258789,8.466519961685481
1995-10-27,14.630000114440918,8.246565537147028
1995-10-30,14.260000228881836,8.672679605519505
1995-10-31,13.829999923706056,8.360133536814143
1995-11-01,13.40999984741211,8.225465750021241
1995-11-02,13.1899995803833,8.045648634656995
1995-11-03,12.260000228881836,8.89541985574229
1995-11-06,12.739999771118164,8.782174421387744
1995-11-07,13.050000190734863,8.465994100851166
1995-11-08,12.15999984741211,8.610842816211814
1995-11-09,12.460000038146973,8.602490717315007
1995-11-10,12.970000267028809,8.57429307600978
1995-11-13,13.199999809265137,8.705136171204504
1995-11-14,13.380000114440918,8.146944723565712
1995-11-15,12.949999809265137,8.454380214684386
1995-11-16,12.56999969482422,8.373647062765112
1995-11-17,12.489999771118164,11.229443606284343
1995-11-20,12.369999885559082,11.520719102996544
1995-11-21,11.739999771118164,11.894126125579378
1995-11-22,11.8100004196167,11.916264175729726
1995-11-24,11.869999885559082,11.939133157218851
1995-11-27,12.43000030517578,12.010482349245608
1995-11-28,11.56999969482422,11.50533138357392
1995-11-29,11.649999618530272,11.520598010897695
1995-11-30,11.579999923706056,11.470718699717905
1995-12-01,11.109999656677246,11.991587197734793
1995-12-04,10.65999984741211,11.292905452547215
1995-12-05,11.649999618530272,11.643351228861972
1995-12-06,12.699999809265137,11.630847815736175
1995-12-07,12.739999771118164,11.555809472257165
1995-12-08,11.119999885559082,13.049324980131653
1995-12-11,11.0600004196167,13.606843427355674
1995-12-12,10.630000114440918,13.863154941309313
1995-12-13,10.359999656677246,13.5766159243031
1995-12-14,11.06999969482422,13.415539049235539
1995-12-15,11.4399995803833,14.244486110033586
1995-12-18,14.550000190734863,12.486597684150409
1995-12-19,13.15999984741211,11.935327966713427
1995-12-20,12.199999809265137,11.636456402348939
1995-12-21,10.770000457763672,11.505971575018098
1995-12-22,11.510000228881836,11.465419106145351
1995-12-26,11.489999771118164,11.697975416461654
1995-12-27,11.979999542236328,11.776388958840494
1995-12-28,12.25,12.132607205345943
1995-12-29,12.520000457763672,12.189394940705586
1996-01-02,12.1899995803833,11.981964797810907
1996-01-03,12.100000381469728,12.449869805308003
1996-01-04,13.779999732971191,11.81854025537095
1996-01-05,13.579999923706056,11.93274484173327
1996-01-08,13.109999656677246,12.13014396376082
1996-01-09,15.210000038146973,10.062265099193821
1996-01-10,16.399999618530273,8.008122986808953
1996-01-11,14.6899995803833,8.325180869587092
1996-01-12,14.229999542236328,8.213072106761492
1996-01-15,14.989999771118164,7.905668477499105
1996-01-16,14.09000015258789,7.798510652227472
1996-01-17,14.25,8.711736449812236
1996-01-18,13.579999923706056,9.427088151815033
1996-01-19,12.699999809265137,9.708851808735192
1996-01-22,13.34000015258789,10.698314255933889
1996-01-23,13.5600004196167,11.261663209751882
1996-01-24,12.539999961853027,12.026306063243561
1996-01-25,12.9399995803833,11.976138251997813
1996-01-26,12.0,13.325086595959423
1996-01-29,12.1899995803833,13.435181698812105
1996-01-30,12.420000076293944,13.37753849002507
1996-01-31,12.529999732971191,13.44715476273905
1996-02-01,12.649999618530272,14.510731005101569
1996-02-02,13.229999542236328,14.491291887748043
1996-02-05,13.460000038146973,14.573883760187298
1996-02-06,14.59000015258789,14.66430005076877
1996-02-07,14.109999656677246,14.629804349142367
1996-02-08,13.890000343322754,18.27842167690056
1996-02-09,14.630000114440918,18.877431635863726
1996-02-12,14.6899995803833,18.71611670223028
1996-02-13,14.9399995803833,18.976629485454207
1996-02-14,15.59000015258789,18.886190983008248
1996-02-15,16.1299991607666,18.781225656119517
1996-02-16,15.369999885559082,19.973612600206444
1996-02-20,16.799999237060547,19.62148898715434
1996-02-21,14.470000267028809,19.16263766343082
1996-02-22,14.5600004196167,18.282819041761805
1996-02-23,14.779999732971191,18.299215512444427
1996-02-26,16.3799991607666,17.56024736061423
1996-02-27,16.6299991607666,17.583487735543414
1996-02-28,16.719999313354492,17.83445801179234
1996-02-29,17.040000915527344,17.45682276604904
1996-03-01,16.719999313354492,16.67272510300977
1996-03-04,16.670000076293945,17.05528046948382
1996-03-05,16.100000381469727,16.740359096129296
1996-03-06,16.559999465942383,16.415159284577253
1996-03-07,16.489999771118164,16.328547779613363
1996-03-08,20.700000762939453,12.669718330182286
1996-03-11,19.399999618530277,12.131371190019147
1996-03-12,19.09000015258789,13.471903838468286
1996-03-13,18.1299991607666,13.201839670845676
1996-03-14,16.93000030517578,13.927357872862558
1996-03-15,16.540000915527344,14.260343019430465
1996-03-18,17.309999465942383,12.448030476194578
1996-03-19,18.350000381469727,12.452603704064881
1996-03-20,18.65999984741211,12.474845359537783
1996-03-21,17.739999771118164,12.499509091375993
1996-03-22,17.049999237060547,12.787247174717278
1996-03-25,17.84000015258789,12.81697327288471
1996-03-26,17.799999237060547,12.760280591888455
1996-03-27,17.889999389648438,12.4195359218679
1996-03-28,18.15999984741211,12.371729594327121
1996-03-29,18.8799991607666,12.222768499848634
1996-04-01,17.899999618530273,11.520260786042297
1996-04-02,16.450000762939453,11.525944114077964
1996-04-03,16.329999923706055,13.058405779468801
1996-04-04,16.18000030517578,13.059742475756028
1996-04-08,18.71999931335449,11.538574551764508
1996-04-09,17.31999969482422,11.549909576671942
1996-04-10,20.21999931335449,10.290759221435827
1996-04-11,19.649999618530277,10.274820021102595
1996-04-12,17.3799991607666,9.920085113601333
1996-04-15,16.829999923706055,10.785902138205488
1996-04-16,16.450000762939453,10.895670168465605
1996-04-17,17.06999969482422,10.840379827238355
1996-04-18,16.40999984741211,10.839811779298344
1996-04-19,15.119999885559082,10.90971774251769
1996-04-22,15.380000114440918,10.846191309713223
1996-04-23,15.010000228881836,10.900522000091863
1996-04-24,14.90999984741211,11.034881468849266
1996-04-25,14.720000267028809,11.238195890939458
1996-04-26,14.75,11.259376501236904
1996-04-29,15.449999809265137,12.050805911502739
1996-04-30,15.829999923706056,12.385182120975207
1996-05-01,16.06999969482422,12.458618130401938
1996-05-02,18.6200008392334,10.886939757053147
1996-05-03,16.700000762939453,10.818509809636689
1996-05-06,16.920000076293945,10.886866016893809
1996-05-07,16.8700008392334,10.806838075657375
1996-05-08,15.779999732971191,10.839851020061047
1996-05-09,16.989999771118164,10.817455453973983
1996-05-10,15.609999656677246,10.582765542518558
1996-05-13,15.15999984741211,9.341066281222982
1996-05-14,14.899999618530272,9.160129674720272
1996-05-15,15.59000015258789,9.143970513225204
1996-05-16,15.710000038146973,9.260398505194006
1996-05-17,15.130000114440918,9.049475737552541
1996-05-20,15.800000190734863,9.081988238384985
1996-05-21,16.0,9.28150419189965
1996-05-22,15.5,8.47911380451394
1996-05-23,16.170000076293945,9.070308633912443
1996-05-24,15.539999961853027,8.966006871756138
1996-05-28,16.920000076293945,8.243505766877286
1996-05-29,17.149999618530273,8.250173379306128
1996-05-30,16.020000457763672,8.440222956764485
1996-05-31,16.06999969482422,8.063606621282899
1996-06-03,16.860000610351562,8.534986734025527
1996-06-04,16.18000030517578,8.338647375186499
1996-06-05,16.040000915527344,7.728372109055207
1996-06-06,16.84000015258789,11.718968983501647
1996-06-07,16.100000381469727,11.749030570695112
1996-06-10,16.780000686645508,11.888465045247392
1996-06-11,16.68000030517578,12.0287062883351
1996-06-12,17.0,13.88515180220155
1996-06-13,17.1200008392334,13.899956617081926
1996-06-14,18.63999938964844,17.13549444830861
1996-06-17,17.459999084472656,17.230442113455453
1996-06-18,17.450000762939453,17.8692379944012
1996-06-19,17.540000915527344,18.587100322828668
1996-06-20,16.969999313354492,18.700709436471087
1996-06-21,15.800000190734863,18.387715085664887
1996-06-24,15.90999984741211,18.661493267549943
1996-06-25,15.43000030517578,18.742446138841963
1996-06-26,15.229999542236328,19.158961561719483
1996-06-27,14.1899995803833,19.062025749412342
1996-06-28,13.68000030517578,19.165009162148785
1996-07-01,13.779999732971191,19.25331857609347
1996-07-02,14.1899995803833,19.602952235161077
1996-07-03,14.210000038146973,20.73091162357915
1996-07-05,16.09000015258789,20.17231606312731
1996-07-08,16.420000076293945,20.240297206843046
1996-07-09,15.489999771118164,20.221174293203767
1996-07-10,15.510000228881836,20.194916277207938
1996-07-11,17.809999465942383,18.6588546737611
1996-07-12,17.09000015258789,18.734579666017254
1996-07-15,20.11000061035156,14.736820622968905
1996-07-16,20.100000381469727,15.257980417625605
1996-07-17,19.21999931335449,14.868585116817373
1996-07-18,17.93000030517578,14.289140407636857
1996-07-19,17.260000228881836,14.108272990514505
1996-07-22,20.40999984741211,13.672265801994557
1996-07-23,21.549999237060547,12.476149846327086
1996-07-24,21.440000534057617,12.697822196274855
1996-07-25,19.38999938964844,12.725354738142741
1996-07-26,17.450000762939453,13.019508714337908
1996-07-29,20.09000015258789,12.336571904129375
1996-07-30,20.530000686645508,12.073629571663682
1996-07-31,19.459999084472656,12.008923726603125
1996-08-01,18.76000022888184,11.424340956570143
1996-08-02,16.190000534057617,9.13200122433281
1996-08-05,17.360000610351562,9.29232998893195
1996-08-06,16.93000030517578,9.220260821642386
1996-08-07,16.239999771118164,10.034768222861059
1996-08-08,16.040000915527344,11.395110688567685
1996-08-09,15.770000457763672,12.116433008517518
1996-08-12,15.56999969482422,11.839226873215983
1996-08-13,16.40999984741211,11.604892846151191
1996-08-14,15.960000038146973,11.779841044660396
1996-08-15,15.460000038146973,12.768483131608566
1996-08-16,14.8100004196167,12.54288827613246
1996-08-19,15.270000457763672,12.608948957033947
1996-08-20,14.729999542236328,12.66342013496414
1996-08-21,14.520000457763672,12.56794023507813
1996-08-22,13.710000038146973,12.25848419134628
1996-08-23,14.18000030517578,12.02148409678004
1996-08-26,15.380000114440918,11.799400648681232
1996-08-27,15.109999656677246,11.782177154257585
1996-08-28,15.100000381469728,11.745899196247445
1996-08-29,16.219999313354492,10.929385266855174
1996-08-30,17.010000228881836,9.93675407106224
1996-09-03,18.46999931335449,9.893875450525139
1996-09-04,18.63999938964844,9.975132847404895
1996-09-05,20.51000022888184,8.37995616145046
1996-09-06,17.100000381469727,8.271766141273213
1996-09-09,16.360000610351562,7.701367206884879
1996-09-10,16.25,8.005980436075863
1996-09-11,16.059999465942383,8.761594619993527
1996-09-12,15.970000267028809,8.68134350725625
1996-09-13,15.199999809265137,8.134054107974052
1996-09-16,15.43000030517578,8.095312376262457
1996-09-17,15.739999771118164,8.045425496682938
1996-09-18,15.859999656677246,7.990710011859982
1996-09-19,16.030000686645508,7.960788722459726
1996-09-20,15.649999618530272,8.036029078136378
1996-09-23,16.459999084472656,8.082448331645113
1996-09-24,16.450000762939453,8.651551272885138
1996-09-25,16.219999313354492,8.671073386812234
1996-09-26,16.110000610351562,9.382950236294104
1996-09-27,16.100000381469727,9.383033968190242
1996-09-30,16.950000762939453,9.769117924999543
1996-10-01,17.049999237060547,9.969239969978933
1996-10-02,16.780000686645508,9.839100987274332
1996-10-03,16.770000457763672,10.326146182459917
1996-10-04,14.800000190734863,9.333467632286899
1996-10-07,15.109999656677246,9.607267137501422
1996-10-08,15.579999923706056,9.62788766885405
1996-10-09,16.09000015258789,11.011417225735954
1996-10-10,16.260000228881836,10.89346833545864
1996-10-11,15.06999969482422,10.337807103968602
1996-10-14,15.130000114440918,10.398216022636
1996-10-15,15.829999923706056,10.485656350362271
1996-10-16,15.600000381469728,10.47184171892396
1996-10-17,15.40999984741211,10.598877620847139
1996-10-18,15.079999923706056,10.536612465841067
1996-10-21,15.979999542236328,10.487860783135627
1996-10-22,16.399999618530273,10.062434658291753
1996-10-23,16.450000762939453,10.066494227618257
1996-10-24,16.889999389648438,9.292828976446113
1996-10-25,17.290000915527344,9.40273122501222
1996-10-28,18.34000015258789,9.16342252340558
1996-10-29,18.280000686645508,9.430768774357002
1996-10-30,18.479999542236328,9.297283435448097
1996-10-31,18.11000061035156,9.049011814299943
1996-11-01,17.889999389648438,8.744011543726863
1996-11-04,18.040000915527344,11.38569571765982
1996-11-05,17.649999618530273,11.32455447371533
1996-11-06,16.969999313354492,9.574026587652593
1996-11-07,17.209999084472656,9.89266250499533
1996-11-08,15.779999732971191,10.928625622338782
1996-11-11,14.039999961853027,11.11457645229332
1996-11-12,15.359999656677246,11.628385320033994
1996-11-13,14.890000343322754,13.093919089305578
1996-11-14,13.789999961853027,12.893609413842263
1996-11-15,14.359999656677246,13.604489454949444
1996-11-18,15.119999885559082,13.978477972002981
1996-11-19,15.229999542236328,14.036641784557766
1996-11-20,15.9399995803833,15.907348113158271
1996-11-21,15.770000457763672,15.908649733901306
1996-11-22,14.920000076293944,15.698412782149152
1996-11-25,15.90999984741211,15.235700225031549
1996-11-26,16.969999313354492,15.45096418482435
1996-11-27,16.959999084472656,15.43582599926882
1996-11-29,17.139999389648438,15.70166863563455
1996-12-02,17.93000030517578,16.967468833702412
1996-12-03,18.68000030517578,15.916517423645635
1996-12-04,17.93000030517578,16.707384094090997
1996-12-05,18.13999938964844,16.990555766157353
1996-12-06,18.81999969482422,17.355635760319668
1996-12-09,17.75,16.888554162888827
1996-12-10,17.8799991607666,17.061049988340844
1996-12-11,19.68000030517578,17.03686450993849
1996-12-12,20.450000762939453,15.68610940045697
1996-12-13,21.09000015258789,16.105656861623526
1996-12-16,21.989999771118164,15.168450630741773
1996-12-17,20.770000457763672,15.069170834690002
1996-12-18,19.420000076293945,15.004237111803281
1996-12-19,18.770000457763672,13.509604701114753
1996-12-20,18.850000381469727,13.680272295552836
1996-12-23,19.5,13.665165417165198
1996-12-24,18.68000030517578,14.76312039373538
1996-12-26,18.59000015258789,15.449378543597986
1996-12-27,19.1299991607666,15.4964267488647
1996-12-30,19.51000022888184,15.133076458317637
1996-12-31,20.920000076293945,13.55040122720023
1997-01-02,21.13999938964844,14.04523975608619
1997-01-03,19.1299991607666,13.451759278044534
1997-01-06,19.88999938964844,12.816446437855314
1997-01-07,19.350000381469727,12.407602424221043
1997-01-08,20.239999771118164,14.046311562929478
1997-01-09,20.90999984741211,13.955720659597478
1997-01-10,19.6299991607666,14.221700258216652
1997-01-13,19.84000015258789,14.7586446038369
1997-01-14,19.270000457763672,14.666982633404563
1997-01-15,19.399999618530277,15.233188748916247
1997-01-16,19.61000061035156,15.518640268284994
1997-01-17,18.6299991607666,15.562618045399883
1997-01-20,18.600000381469727,15.706991455815919
1997-01-21,17.809999465942383,15.907052335758737
1997-01-22,17.09000015258789,16.529303887230572
1997-01-23,18.46999931335449,15.569127706773351
1997-01-24,19.32999992370605,14.955110102239466
1997-01-27,20.15999984741211,14.825065506253651
1997-01-28,20.739999771118164,15.518994825204791
1997-01-29,20.229999542236328,16.440352673287784
1997-01-30,19.46999931335449,15.907075413351834
1997-01-31,19.46999931335449,16.04670935446717
1997-02-03,19.57999992370605,16.176594935195066
1997-02-04,19.43000030517578,17.09754165725798
1997-02-05,21.059999465942383,15.650348333506358
1997-02-06,20.15999984741211,15.770196365790149
1997-02-07,18.899999618530277,15.49674025873509
1997-02-10,20.649999618530277,15.171434864743565
1997-02-11,19.96999931335449,15.159537330473807
1997-02-12,19.479999542236328,15.357303991476378
1997-02-13,19.229999542236328,14.914424857181125
1997-02-14,19.18000030517578,14.965455104762922
1997-02-18,19.700000762939453,14.950692018073939
1997-02-19,20.61000061035156,14.850962173783827
1997-02-20,21.40999984741211,14.389486716079713
1997-02-21,20.549999237060547,14.530657177459402
1997-02-24,19.84000015258789,14.787677526959309
1997-02-25,19.979999542236328,15.104924008751372
1997-02-26,20.739999771118164,14.89925180294353
1997-02-27,21.07999992370605,16.857787417290343
1997-02-28,21.100000381469727,18.29239449796284
1997-03-03,20.88999938964844,18.27429859709907
1997-03-04,20.6200008392334,19.096395076291696
1997-03-05,19.489999771118164,17.930317399224403
1997-03-06,20.479999542236328,18.764237075528992
1997-03-07,19.31999969482422,18.438283167353635
1997-03-10,19.0,18.165795081752307
1997-03-11,19.25,18.242427474012267
1997-03-12,19.61000061035156,18.117076560381314
1997-03-13,19.790000915527344,20.481063636387752
1997-03-14,19.809999465942383,21.145610604531193
1997-03-17,20.950000762939453,22.24525850740771
1997-03-18,21.26000022888184,22.555760371125093
1997-03-19,21.739999771118164,22.565442796361506
1997-03-20,21.21999931335449,22.630601007416765
1997-03-21,19.690000534057617,22.61150942335292
1997-03-24,20.059999465942383,23.480796743173453
1997-03-25,19.26000022888184,23.260872291567278
1997-03-26,18.31999969482422,23.23434635021622
1997-03-27,20.5,21.5617697115842
1997-03-31,22.13999938964844,20.329544609494278
1997-04-01,20.84000015258789,22.881315923943195
1997-04-02,21.299999237060547,21.55644727693071
1997-04-03,21.190000534057617,21.610102720797887
1997-04-04,19.229999542236328,21.99238578566221
1997-04-07,18.51000022888184,23.106540690954365
1997-04-08,18.440000534057617,23.158097779760308
1997-04-09,18.559999465942383,24.606877519624113
1997-04-10,19.01000022888184,24.48507512391717
1997-04-11,19.76000022888184,20.400372350494568
1997-04-14,19.09000015258789,20.583427502980623
1997-04-15,18.25,20.472652425235008
1997-04-16,17.639999389648438,20.354971016681734
1997-04-17,18.709999084472656,20.104968936582157
1997-04-18,18.75,21.19603306472581
1997-04-21,20.100000381469727,20.823187016338327
1997-04-22,19.520000457763672,20.029911781917203
1997-04-23,20.479999542236328,20.129741558514475
1997-04-24,20.82999992370605,20.03799152441041
1997-04-25,21.149999618530277,19.228282400578664
1997-04-28,21.34000015258789,19.152444449493814
1997-04-29,19.809999465942383,16.5075944775361
1997-04-30,20.059999465942383,16.81150706651086
1997-05-01,19.8700008392334,16.793662183212128
1997-05-02,17.510000228881836,16.052416257838278
1997-05-05,20.1299991607666,13.97735773246525
1997-05-06,20.850000381469727,13.982796349689956
1997-05-07,21.34000015258789,11.15083840038963
1997-05-08,21.26000022888184,12.662448600298307
1997-05-09,20.11000061035156,12.598503681451048
1997-05-12,20.25,11.465188575526438
1997-05-13,20.809999465942383,11.25150721843772
1997-05-14,21.09000015258789,12.769796292467664
1997-05-15,19.90999984741211,12.849553842222944
1997-05-16,21.56999969482422,11.270543642111198
1997-05-19,21.479999542236328,11.417694162135799
1997-05-20,19.26000022888184,11.230945803382824
1997-05-21,19.280000686645508,11.366288399921608
1997-05-22,18.770000457763672,11.371837499698616
1997-05-23,18.07999992370605,14.86075805425685
1997-05-27,19.36000061035156,17.014649629783644
1997-05-28,19.280000686645508,17.340365672944774
1997-05-29,19.020000457763672,17.28229514514597
1997-05-30,19.190000534057617,17.228090467410144
1997-06-02,20.850000381469727,17.365756533703134
1997-06-03,20.01000022888184,17.5399752517198
1997-06-04,20.100000381469727,18.082200484573665
1997-06-05,20.36000061035156,18.41440455021081
1997-06-06,18.940000534057617,18.210423976674658
1997-06-09,19.459999084472656,18.393673698730517
1997-06-10,19.040000915527344,19.07501183072939
1997-06-11,18.850000381469727,19.088375433443503
1997-06-12,18.51000022888184,18.061611297874556
1997-06-13,19.270000457763672,17.899854901035372
1997-06-16,19.770000457763672,17.938746799634863
1997-06-17,20.170000076293945,18.3372787610735
1997-06-18,20.450000762939453,18.410323340266004
1997-06-19,20.100000381469727,19.988508569808936
1997-06-20,20.200000762939453,19.929209898017337
1997-06-23,21.190000534057617,19.447444882063635
1997-06-24,20.739999771118164,17.734598415255075
1997-06-25,21.5,17.41253650102698
1997-06-26,21.81999969482422,17.226895339624072
1997-06-27,21.21999931335449,17.271503166838404
1997-06-30,21.530000686645508,16.905197288607106
1997-07-01,21.0,16.921894215956172
1997-07-02,19.700000762939453,16.256922731854832
1997-07-03,17.81999969482422,15.836741130090596
1997-07-07,19.1299991607666,15.214400742271724
1997-07-08,18.76000022888184,14.905837851856333
1997-07-09,20.399999618530277,14.269103682636455
1997-07-10,19.920000076293945,14.695100673670336
1997-07-11,19.059999465942383,16.72187442564325
1997-07-14,19.57999992370605,16.864745974024594
1997-07-15,19.0,17.841949663195074
1997-07-16,19.36000061035156,17.18134462868291
1997-07-17,20.540000915527344,17.17621809394204
1997-07-18,22.280000686645508,19.00379024126003
1997-07-21,23.51000022888184,20.668977536192358
1997-07-22,21.770000457763672,18.80038179117643
1997-07-23,21.299999237060547,19.58756019399941
1997-07-24,20.959999084472656,20.51903198869887
1997-07-25,20.81999969482422,20.519652862335633
1997-07-28,21.84000015258789,20.54590034137571
1997-07-29,22.020000457763672,21.052346531778916
1997-07-30,21.38999938964844,20.6450039242958
1997-07-31,21.479999542236328,21.159973008213075
1997-08-01,22.290000915527344,21.292798124345765
1997-08-04,21.940000534057617,24.52811115080645
1997-08-05,20.63999938964844,24.56760936956632
1997-08-06,20.049999237060547,24.48412029549972
1997-08-07,19.770000457763672,24.38509345400958
1997-08-08,22.459999084472656,23.3388059781483
1997-08-11,22.770000457763672,23.183013924663264
1997-08-12,23.75,23.679958124216206
1997-08-13,24.520000457763672,23.721267461516764
1997-08-14,23.11000061035156,24.40635180527352
1997-08-15,24.450000762939453,21.474963322372705
1997-08-18,24.3700008392334,21.83032285201125
1997-08-19,22.63999938964844,21.5191440774023
1997-08-20,21.09000015258789,20.922557246031477
1997-08-21,23.82999992370605,19.78160309149114
1997-08-22,24.739999771118164,19.82074202797362
1997-08-25,24.100000381469727,19.85499921748433
1997-08-26,24.729999542236328,19.252724230182057
1997-08-27,24.26000022888184,19.45106053691472
1997-08-28,24.51000022888184,18.54019744880002
1997-08-29,24.76000022888184,18.699828019024658
1997-09-02,24.530000686645508,15.784798028166936
1997-09-03,24.950000762939453,16.19674709554281
1997-09-04,25.270000457763672,16.167235067370754
1997-09-05,24.309999465942383,16.119212114219174
1997-09-08,24.399999618530277,16.182103845244352
1997-09-09,23.88999938964844,16.362794379124864
1997-09-10,24.63999938964844,14.334157138814701
1997-09-11,25.989999771118164,14.22087419566671
1997-09-12,25.170000076293945,13.561422862205669
1997-09-15,25.739999771118164,13.487593133234272
1997-09-16,23.770000457763672,10.6561480776338
1997-09-17,24.100000381469727,10.723239823642098
1997-09-18,23.479999542236328,12.250815471354427
1997-09-19,22.739999771118164,12.777051955107071
1997-09-22,22.07999992370605,13.642125925644319
1997-09-23,22.0,15.117101060693647
1997-09-24,22.63999938964844,14.99041463054063
1997-09-25,22.959999084472656,16.554297476165157
1997-09-26,22.26000022888184,16.702113900728655
1997-09-29,22.229999542236328,31.053477203693575
1997-09-30,22.90999984741211,37.64192919849312
1997-10-01,22.31999969482422,37.26114659045406
1997-10-02,22.270000457763672,37.82746572926434
1997-10-03,21.540000915527344,38.909197734057095
1997-10-06,21.61000061035156,39.667064509849155
1997-10-07,20.290000915527344,39.46241334638165
1997-10-08,20.770000457763672,39.46474445917483
1997-10-09,22.309999465942383,39.46666991036152
1997-10-10,19.75,39.60058376005567
1997-10-13,20.26000022888184,39.60768644093781
1997-10-14,19.989999771118164,39.60783970883724
1997-10-15,20.049999237060547,40.14328845997944
1997-10-16,20.530000686645508,40.32551226064373
1997-10-17,21.690000534057617,40.55095312798909
1997-10-20,20.71999931335449,40.777865620439925
1997-10-21,19.530000686645508,40.144160999571966
1997-10-22,19.86000061035156,40.167715523385525
1997-10-23,22.989999771118164,39.9204682627599
1997-10-24,23.170000076293945,39.776661150602436
1997-10-27,31.1200008392334,28.85042053606775
1997-10-28,31.21999931335449,21.39425958293765
1997-10-29,33.75,21.336572462049975
1997-10-30,38.20000076293945,19.335440377795614
1997-10-31,35.09000015258789,19.64510741443288
1997-11-03,32.09000015258789,18.738432403010304
1997-11-04,32.2400016784668,18.7290539619657
1997-11-05,32.18000030517578,18.749793400803448
1997-11-06,32.56999969482422,19.014284836140362
1997-11-07,36.27000045776367,18.466824467020963
1997-11-10,36.630001068115234,18.464602318036885
1997-11-11,36.380001068115234,18.90534149181581
1997-11-12,37.84000015258789,18.340859929963855
1997-11-13,36.63999938964844,17.81440058815352
1997-11-14,33.65999984741211,17.560840242330972
1997-11-17,31.57999992370605,16.55828832604618
1997-11-18,31.549999237060547,16.494088509169657
1997-11-19,29.93000030517578,16.889993675916323
1997-11-20,27.31999969482422,16.219062647902398
1997-11-21,26.649999618530277,16.195977614596995
1997-11-24,29.799999237060547,16.161565843784985
1997-11-25,28.950000762939453,16.140788179778166
1997-11-26,28.950000762939453,16.17749638215883
1997-11-28,27.43000030517578,17.696069546451277
1997-12-01,26.01000022888184,16.092832141489293
1997-12-02,25.65999984741211,15.94927783002557
1997-12-03,23.920000076293945,16.02382226492439
1997-12-04,23.84000015258789,16.036352592792692
1997-12-05,22.649999618530277,16.3251738806908
1997-12-08,23.21999931335449,16.36634413995345
1997-12-09,23.36000061035156,16.508661541494025
1997-12-10,24.549999237060547,20.378850850017848
1997-12-11,27.6299991607666,20.827451364502707
1997-12-12,27.920000076293945,21.443212735865984
1997-12-15,27.3700008392334,21.18747222511614
1997-12-16,26.11000061035156,21.228382673642336
1997-12-17,26.32999992370605,21.833961510963746
1997-12-18,27.190000534057617,22.237382996875397
1997-12-19,29.18000030517578,22.360304174181525
1997-12-22,28.559999465942383,22.540319997207572
1997-12-23,29.86000061035156,21.492116307776513
1997-12-24,30.270000457763672,21.447409697262586
1997-12-26,29.270000457763672,21.65489873528514
1997-12-29,26.790000915527344,20.811711191850662
1997-12-30,24.3799991607666,20.17740789327414
1997-12-31,24.01000022888184,20.172266109660598
1998-01-02,23.420000076293945,20.8881559008309
1998-01-05,24.36000061035156,21.005046004368364
1998-01-06,25.65999984741211,19.994023093789306
1998-01-07,25.06999969482422,20.018351670021868
1998-01-08,26.01000022888184,19.836596665871703
1998-01-09,28.690000534057617,14.061055244398057
1998-01-12,28.020000457763672,13.277397372728561
1998-01-13,25.170000076293945,12.881967707270997
1998-01-14,23.75,12.878917441661214
1998-01-15,23.450000762939453,12.597169346187053
1998-01-16,21.649999618530277,11.972373461243043
1998-01-20,21.649999618530277,11.199610892611767
1998-01-21,22.530000686645508,10.657364933132374
1998-01-22,23.15999984741211,9.781963283825073
1998-01-23,23.31999969482422,9.582571140918219
1998-01-26,23.96999931335449,10.35974011358642
1998-01-27,22.270000457763672,10.574337899975632
1998-01-28,22.059999465942383,10.42315778521428
1998-01-29,21.649999618530277,10.478650686464325
1998-01-30,21.46999931335449,10.616659634810034
1998-02-02,21.36000061035156,9.475290963152116
1998-02-03,20.670000076293945,9.838880482957025
1998-02-04,20.549999237060547,10.577714427748328
1998-02-05,21.290000915527344,12.37389766505048
1998-02-06,20.51000022888184,12.131563826269668
1998-02-09,21.549999237060547,12.24299008978915
1998-02-10,20.65999984741211,11.995184835671644
1998-02-11,20.3799991607666,11.948465484845359
1998-02-12,19.729999542236328,12.135287746900735
1998-02-13,19.84000015258789,12.118567663414423
1998-02-17,20.76000022888184,12.09739891612923
1998-02-18,19.65999984741211,11.878713360518455
1998-02-19,19.8799991607666,11.506664922048053
1998-02-20,19.0,11.572824693710047
1998-02-23,18.989999771118164,11.719772902792442
1998-02-24,19.350000381469727,11.18619638322263
1998-02-25,18.6200008392334,10.963445760417304
1998-02-26,18.6299991607666,10.967960129795228
1998-02-27,18.549999237060547,11.196716851656026
1998-03-02,19.190000534057617,11.131969042090974
1998-03-03,19.040000915527344,11.071538888167263
1998-03-04,19.57999992370605,10.751272198489168
1998-03-05,20.93000030517578,10.06543615539265
1998-03-06,19.13999938964844,8.119460356282486
1998-03-09,20.229999542236328,8.753334716748121
1998-03-10,19.43000030517578,9.045850432937025
1998-03-11,18.88999938964844,9.399703934431693
1998-03-12,18.25,9.626538516121256
1998-03-13,18.709999084472656,9.557227200089685
1998-03-16,18.51000022888184,9.304138486672455
1998-03-17,18.65999984741211,9.302728745956554
1998-03-18,18.290000915527344,10.426663432326231
1998-03-19,17.760000228881836,11.28389691643958
1998-03-20,18.690000534057617,10.98269840147978
1998-03-23,19.979999542236328,10.980826490589209
1998-03-24,20.51000022888184,10.673415699680994
1998-03-25,22.540000915527344,11.234875615754323
1998-03-26,22.809999465942383,11.949714099337266
1998-03-27,23.46999931335449,13.728277531139
1998-03-30,24.65999984741211,13.733033454586153
1998-03-31,24.21999931335449,13.916753666020165
1998-04-01,23.3700008392334,15.16817322920632
1998-04-02,21.979999542236328,15.202567423729244
1998-04-03,21.81999969482422,15.124338320486308
1998-04-06,22.46999931335449,15.052433070589167
1998-04-07,23.65999984741211,15.455458867280065
1998-04-08,23.170000076293945,15.582939947025205
1998-04-09,21.51000022888184,16.422345730958323
1998-04-13,22.770000457763672,16.436318870731682
1998-04-14,21.61000061035156,16.608409458816748
1998-04-15,20.88999938964844,16.602568154602295
1998-04-16,22.059999465942383,16.131631017322302
1998-04-17,20.76000022888184,15.523034412445421
1998-04-20,20.38999938964844,15.568791097489996
1998-04-21,19.90999984741211,15.68002948601635
1998-04-22,19.440000534057617,16.05164260833522
1998-04-23,20.600000381469727,15.836046458921984
1998-04-24,21.96999931335449,15.417613693859986
1998-04-27,26.09000015258789,14.95946608094146
1998-04-28,24.170000076293945,14.94876393109013
1998-04-29,22.780000686645508,14.838828357103163
1998-04-30,21.18000030517578,13.63402796891788
1998-05-01,19.34000015258789,13.038824698931517
1998-05-04,20.31999969482422,13.054933932873691
1998-05-05,21.459999084472656,13.958429703858656
1998-05-06,22.790000915527344,15.110079513765957
1998-05-07,23.38999938964844,16.27272447511798
1998-05-08,20.56999969482422,15.292317417318005
1998-05-11,21.049999237060547,15.25570000561246
1998-05-12,20.979999542236328,14.97248759164096
1998-05-13,20.440000534057617,16.3348651443189
1998-05-14,19.63999938964844,16.69208614632895
1998-05-15,20.440000534057617,19.04649109051638
1998-05-18,21.690000534057617,19.93506334414171
1998-05-19,20.38999938964844,21.192840109417606
1998-05-20,19.88999938964844,20.946719270110105
1998-05-21,19.3799991607666,20.901640310498195
1998-05-22,18.989999771118164,20.94598892220871
1998-05-26,22.06999969482422,20.45676032937563
1998-05-27,22.59000015258789,20.90006349077079
1998-05-28,20.739999771118164,20.909956253969483
1998-05-29,21.31999969482422,20.473798060385803
1998-06-01,22.82999992370605,20.461732299676992
1998-06-02,22.0,20.71131901063499
1998-06-03,22.850000381469727,19.84614410463352
1998-06-04,21.21999931335449,19.01954544985392
1998-06-05,19.780000686645508,18.20919721904834
1998-06-08,20.57999992370605,18.228249021646477
1998-06-09,20.520000457763672,18.325144911883278
1998-06-10,21.479999542236328,18.34363225926425
1998-06-11,23.56999969482422,16.594601224529743
1998-06-12,22.780000686645508,16.465447637778315
1998-06-15,25.940000534057617,12.46911359416371
1998-06-16,24.799999237060547,12.020172747211321
1998-06-17,22.88999938964844,10.34161674603541
1998-06-18,22.399999618530277,9.968562075790727
1998-06-19,21.920000076293945,9.551843990656687
1998-06-22,21.940000534057617,12.155582447976188
1998-06-23,20.170000076293945,11.684007772165646
1998-06-24,20.020000457763672,13.29428104344699
1998-06-25,20.25,13.2809596281631
1998-06-26,19.36000061035156,13.432720173582949
1998-06-29,19.56999969482422,14.73807086213367
1998-06-30,19.709999084472656,14.604095609665471
1998-07-01,18.0,15.01023093411945
1998-07-02,17.670000076293945,16.78633765780863
1998-07-06,18.6299991607666,16.25961985426352
1998-07-07,18.6200008392334,21.0000152814914
1998-07-08,17.81999969482422,21.565150896913583
1998-07-09,18.15999984741211,21.71016742181343
1998-07-10,17.920000076293945,21.559462252357804
1998-07-13,18.26000022888184,21.534695354809045
1998-07-14,17.8799991607666,21.16379939478872
1998-07-15,17.889999389648438,22.511764929534564
1998-07-16,16.969999313354492,22.31107930479882
1998-07-17,16.229999542236328,22.309492460089327
1998-07-20,17.34000015258789,24.16628348596974
1998-07-21,20.100000381469727,24.93384024811401
1998-07-22,20.31999969482422,24.913630190548037
1998-07-23,23.01000022888184,24.111334687867096
1998-07-24,23.01000022888184,24.195213304258868
1998-07-27,23.1299991607666,24.15560478757547
1998-07-28,25.25,23.585518315666366
1998-07-29,24.790000915527344,23.618636441421913
1998-07-30,22.65999984741211,27.977818109194835
1998-07-31,24.799999237060547,27.267751819632245
1998-08-03,25.979999542236328,36.91972054245602
1998-08-04,31.059999465942383,38.7205157802495
1998-08-05,29.82999992370605,38.211374830847674
1998-08-06,28.200000762939453,38.087999289734014
1998-08-07,27.020000457763672,38.01916630009563
1998-08-10,28.75,43.2028669143638
1998-08-11,31.90999984741211,43.69460980634974
1998-08-12,28.549999237060547,43.42980293651194
1998-08-13,29.920000076293945,45.229354849514955
1998-08-14,34.34000015258789,45.622394662375555
1998-08-17,31.86000061035156,44.9585088740122
1998-08-18,28.399999618530277,44.51958870218491
1998-08-19,28.690000534057617,45.50207715057364
1998-08-20,30.0,45.58678182139963
1998-08-21,33.13999938964844,45.56070429096539
1998-08-24,31.799999237060547,45.61750041886468
1998-08-25,30.32999992370605,47.999630809198166
1998-08-26,31.13999938964844,48.72436352557995
1998-08-27,38.54999923706055,45.55616930026144
1998-08-28,39.59999847412109,45.62694841511448
1998-08-31,44.27999877929688,36.08440878035496
1998-09-01,36.47999954223633,35.41918722736936
1998-09-02,36.7599983215332,36.93439271430701
1998-09-03,41.43000030517578,37.41830616159146
1998-09-04,43.310001373291016,38.06784768133545
1998-09-08,37.900001525878906,32.81320137964357
1998-09-09,39.65999984741211,32.109232659825096
1998-09-10,45.290000915527344,31.399404884710023
1998-09-11,43.7400016784668,30.003437744415567
1998-09-14,38.56999969482422,29.806254265556433
1998-09-15,36.58000183105469,29.67721950875012
1998-09-16,35.939998626708984,29.697058873104577
1998-09-17,39.22999954223633,33.660748538106844
1998-09-18,38.630001068115234,33.65438666845449
1998-09-21,38.58000183105469,33.64586579244426
1998-09-22,36.619998931884766,33.598773168282484
1998-09-23,32.470001220703125,30.588941910720614
1998-09-24,34.65999984741211,29.571276127642804
1998-09-25,34.54999923706055,30.010399113457954
1998-09-28,34.869998931884766,29.959278766727635
1998-09-29,36.08000183105469,30.03788375956044
1998-09-30,40.95000076293945,27.629021341174713
1998-10-01,43.47999954223633,25.937246824983617
1998-10-02,40.470001220703125,25.40582462926392
1998-10-05,42.810001373291016,23.989576521209568
1998-10-06,41.20000076293945,24.34550504080622
1998-10-07,43.5099983215332,23.08598952298229
1998-10-08,45.7400016784668,22.679950050053204
1998-10-09,42.20000076293945,22.315415206062394
1998-10-12,40.06999969482422,22.714935261197553
1998-10-13,40.22999954223633,22.677466262454708
1998-10-14,38.959999084472656,23.099504302012704
1998-10-15,33.34000015258789,15.135794609702257
1998-10-16,34.81999969482422,15.29514414939926
1998-10-19,33.130001068115234,15.36545800888994
1998-10-20,33.11000061035156,15.386335640154611
1998-10-21,33.209999084472656,15.205966059795943
1998-10-22,31.530000686645508,14.75661799056186
1998-10-23,32.27000045776367,13.517630823221735
1998-10-26,32.380001068115234,15.080271957603356
1998-10-27,32.95000076293945,15.127463990056874
1998-10-28,32.41999816894531,15.033717038629485
1998-10-29,29.5,13.346999889906156
1998-10-30,28.049999237060547,17.756490847597984
1998-11-02,27.26000022888184,17.37999895131921
1998-11-03,27.76000022888184,17.120967088219675
1998-11-04,27.3700008392334,18.158036542902533
1998-11-05,26.01000022888184,19.72634081466135
1998-11-06,25.700000762939453,19.747860677096867
1998-11-09,28.09000015258789,19.605048113274588
1998-11-10,28.170000076293945,19.518476679356848
1998-11-11,28.46999931335449,20.214497420426305
1998-11-12,29.280000686645508,20.180535752353666
1998-11-13,29.030000686645508,22.817110641401325
1998-11-16,28.899999618530277,24.418040391570642
1998-11-17,27.950000762939453,24.430955844112585
1998-11-18,27.1299991607666,24.93772071650665
1998-11-19,25.5,24.81927857604825
1998-11-20,22.46999931335449,25.129711626498203
1998-11-23,21.84000015258789,23.832322934416606
1998-11-24,23.280000686645508,24.695830300748053
1998-11-25,22.149999618530277,24.791179944771542
1998-11-27,22.09000015258789,24.74892660043473
1998-11-30,26.01000022888184,22.52533206997382
1998-12-01,24.96999931335449,22.60777412618859
1998-12-02,25.43000030517578,22.53791798145389
1998-12-03,28.700000762939453,21.45413377348292
1998-12-04,25.309999465942383,19.99669035877212
1998-12-07,24.899999618530277,21.36025043321899
1998-12-08,25.57999992370605,21.38286638700278
1998-12-09,25.65999984741211,21.412701849194292
1998-12-10,26.809999465942383,20.891752754015858
1998-12-11,27.71999931335449,22.34383262644145
1998-12-14,31.309999465942383,19.258345209232495
1998-12-15,29.420000076293945,19.024171022995155
1998-12-16,29.959999084472656,20.726994624163357
1998-12-17,27.959999084472656,20.245510642914617
1998-12-18,25.040000915527344,20.31958084671849
1998-12-21,23.86000061035156,22.493236501886894
1998-12-22,22.780000686645508,22.488437644541808
1998-12-23,20.209999084472656,21.532884040703987
1998-12-24,21.479999542236328,22.349011775227492
1998-12-28,23.5,22.79412518710893
1998-12-29,22.18000030517578,22.8788414551707
1998-12-30,23.34000015258789,22.7357513720015
1998-12-31,24.420000076293945,22.890960706133605
1999-01-04,26.170000076293945,23.016179341567568
1999-01-05,24.459999084472656,22.947030729987098
1999-01-06,23.34000015258789,21.99022436808434
1999-01-07,24.3700008392334,22.27858881269417
1999-01-08,23.280000686645508,22.08918362526627
1999-01-11,25.459999084472656,23.190585386635163
1999-01-12,28.100000381469727,22.54971058319975
1999-01-13,30.11000061035156,23.890043857699574
1999-01-14,32.97999954223633,23.399727005935684
1999-01-15,29.239999771118164,21.596555400845734
1999-01-19,29.239999771118164,21.4321587203417
1999-01-20,28.600000381469727,21.426897273495502
1999-01-21,30.920000076293945,19.173412722294934
1999-01-22,31.950000762939453,21.189525697262052
1999-01-25,31.1299991607666,20.982434703006223
1999-01-26,29.229999542236328,21.088528727888626
1999-01-27,29.729999542236328,20.94523741261717
1999-01-28,28.11000061035156,20.000449163157004
1999-01-29,26.25,19.788527725964165
1999-02-01,27.670000076293945,19.90406896045448
1999-02-02,28.15999984741211,19.975125460538866
1999-02-03,27.8799991607666,20.176427284648483
1999-02-04,29.479999542236328,20.741023865790567
1999-02-05,29.670000076293945,20.301121393351384
1999-02-08,30.270000457763672,20.35366058226446
1999-02-09,31.36000061035156,18.37443317626897
1999-02-10,30.450000762939453,18.560609128876617
1999-02-11,27.420000076293945,17.592184236310537
1999-02-12,29.76000022888184,17.33736687266025
1999-02-16,29.649999618530277,17.198216723888994
1999-02-17,30.649999618530277,17.341875698936647
1999-02-18,30.450000762939453,17.877199496055145
1999-02-19,29.299999237060547,19.28849028104789
1999-02-22,25.8700008392334,17.070859033063652
1999-02-23,26.489999771118164,20.18911561600816
1999-02-24,27.209999084472656,19.20007070010301
1999-02-25,28.01000022888184,19.97211082234886
1999-02-26,27.8799991607666,20.139371140289548
1999-03-01,28.3700008392334,21.116966749867807
1999-03-02,29.21999931335449,20.88630274532225
1999-03-03,29.040000915527344,21.955860382776873
1999-03-04,26.670000076293945,21.70684706390159
1999-03-05,24.07999992370605,22.123070635642694
1999-03-08,24.540000915527344,22.10800417599692
1999-03-09,25.020000457763672,22.169145176031183
1999-03-10,24.790000915527344,22.364009783836035
1999-03-11,24.3700008392334,22.12787688022113
1999-03-12,24.84000015258789,21.916654377249618
1999-03-15,25.239999771118164,21.71168915813701
1999-03-16,25.149999618530277,22.63926876860379
1999-03-17,25.56999969482422,22.622819274713486
1999-03-18,24.1299991607666,22.150120029250903
1999-03-19,24.31999969482422,21.995926309190985
1999-03-22,25.0,22.436974311131102
1999-03-23,27.270000457763672,21.593546335763826
1999-03-24,26.600000381469727,21.689384347381647
1999-03-25,24.32999992370605,20.85153310083244
1999-03-26,24.040000915527344,20.56258624980573
1999-03-29,23.540000915527344,19.586296792512865
1999-03-30,22.729999542236328,20.24093487287908
1999-03-31,23.26000022888184,19.44423253373467
1999-04-01,22.059999465942383,19.6791680310091
1999-04-05,22.190000534057617,18.97675531153177
1999-04-06,22.649999618530277,19.74221788985266
1999-04-07,22.809999465942383,19.73736635551505
1999-04-08,22.59000015258789,19.34696129799643
1999-04-09,21.770000457763672,19.548082674940563
1999-04-12,21.93000030517578,19.212024401440576
1999-04-13,22.729999542236328,19.453798007216218
1999-04-14,24.940000534057617,18.535563897852235
1999-04-15,23.93000030517578,18.463116109457705
1999-04-16,23.899999618530277,20.711409905203283
1999-04-19,26.420000076293945,19.788360891403638
1999-04-20,25.020000457763672,19.411695450298097
1999-04-21,23.309999465942383,16.769936796628464
1999-04-22,22.6200008392334,16.51276566959067
1999-04-23,22.76000022888184,16.59246414091245
1999-04-26,23.530000686645508,17.304622516413467
1999-04-27,23.36000061035156,17.81561739984711
1999-04-28,24.399999618530277,18.025539457902806
1999-04-29,25.059999465942383,18.474113241554456
1999-04-30,25.06999969482422,19.05361090574236
1999-05-03,24.149999618530277,17.644837965262493
1999-05-04,25.6200008392334,17.075541710295504
1999-05-05,25.190000534057617,16.92150941857155
1999-05-06,27.440000534057617,18.447726238376937
1999-05-07,25.36000061035156,18.25081834575019
1999-05-10,26.6200008392334,18.489815999755816
1999-05-11,25.6200008392334,18.040611202377985
1999-05-12,26.1299991607666,17.911724207824143
1999-05-13,25.020000457763672,17.867143449796412
1999-05-14,26.86000061035156,15.595054111879158
1999-05-17,27.280000686645508,15.789015338303408
1999-05-18,27.26000022888184,17.335640757617217
1999-05-19,25.07999992370605,17.47253957342849
1999-05-20,24.459999084472656,17.335726487452725
1999-05-21,24.399999618530277,17.20945747581131
1999-05-24,27.6200008392334,16.21815229351889
1999-05-25,28.899999618530277,15.05267725945065
1999-05-26,27.56999969482422,14.962983092731688
1999-05-27,28.1200008392334,13.911962675766482
1999-05-28,25.38999938964844,13.855405982564509
1999-06-01,26.6200008392334,14.010625653387557
1999-06-02,26.209999084472656,15.103664724075577
1999-06-03,26.200000762939453,15.166811454940044
1999-06-04,23.43000030517578,14.057299767485635
1999-06-07,23.780000686645508,14.088310410958416
1999-06-08,24.020000457763672,13.347775681158849
1999-06-09,23.899999618530277,13.29673708974033
1999-06-10,25.31999969482422,12.519222711825606
1999-06-11,25.899999618530277,12.086356797972037
1999-06-14,26.51000022888184,12.337004239875956
1999-06-15,25.90999984741211,12.306569441242955
1999-06-16,22.399999618530277,10.964348152310764
1999-06-17,21.950000762939453,10.748875314856269
1999-06-18,21.75,11.248337837003243
1999-06-21,21.809999465942383,13.92405140953282
1999-06-22,21.700000762939453,13.617344475111148
1999-06-23,21.31999969482422,14.434964927169261
1999-06-24,23.059999465942383,14.123461070654997
1999-06-25,21.76000022888184,14.406521135332689
1999-06-28,22.6299991607666,14.078859782006061
1999-06-29,22.51000022888184,13.7597177129612
1999-06-30,21.09000015258789,13.09861818348427
1999-07-01,19.690000534057617,13.297931150263514
1999-07-02,18.65999984741211,12.658834727378137
1999-07-06,20.729999542236328,12.660038780446218
1999-07-07,20.350000381469727,13.170537020177203
1999-07-08,20.239999771118164,13.821978919487735
1999-07-09,17.959999084472656,13.693429150192395
1999-07-12,19.729999542236328,13.701736085218153
1999-07-13,19.950000762939453,13.956896129749879
1999-07-14,19.709999084472656,14.716619642291755
1999-07-15,18.68000030517578,14.290648126551536
1999-07-16,17.420000076293945,16.928587857452825
1999-07-19,19.06999969482422,17.08249048908733
1999-07-20,21.790000915527344,15.94608138552803
1999-07-21,21.459999084472656,16.08692335901385
1999-07-22,23.049999237060547,15.696516772332444
1999-07-23,23.31999969482422,16.20222229224137
1999-07-26,24.979999542236328,17.409541593143647
1999-07-27,23.229999542236328,17.21445447870838
1999-07-28,22.850000381469727,17.542406448212557
1999-07-29,24.520000457763672,17.327068499839545
1999-07-30,24.63999938964844,17.305813317337133
1999-08-02,25.59000015258789,18.62635003293662
1999-08-03,26.270000457763672,18.599343749827142
1999-08-04,27.399999618530277,18.35975879725576
1999-08-05,27.01000022888184,18.666849738134854
1999-08-06,26.600000381469727,20.7558970597477
1999-08-09,27.65999984741211,20.80440352653894
1999-08-10,28.450000762939453,20.39505892246359
1999-08-11,25.38999938964844,20.084510667248978
1999-08-12,25.030000686645508,20.197430830184572
1999-08-13,22.309999465942383,18.85798284665182
1999-08-16,23.06999969482422,18.972830971399723
1999-08-17,21.670000076293945,19.634826266905126
1999-08-18,23.299999237060547,19.564772691807562
1999-08-19,24.38999938964844,19.858575872033484
1999-08-20,22.950000762939453,19.545932362771058
1999-08-23,22.549999237060547,19.59207293978341
1999-08-24,22.399999618530277,19.48254665281228
1999-08-25,20.959999084472656,19.999093699303703
1999-08-26,21.209999084472656,19.77915339410219
1999-08-27,21.82999992370605,19.776658253214183
1999-08-30,24.6299991607666,18.80778100933501
1999-08-31,24.450000762939453,19.164462185236868
1999-09-01,22.93000030517578,19.476687127453403
1999-09-02,24.530000686645508,19.108177413634376
1999-09-03,20.979999542236328,17.07854484674101
1999-09-07,23.440000534057617,17.066415115782767
1999-09-08,23.81999969482422,18.028434595828617
1999-09-09,23.01000022888184,18.11478644863664
1999-09-10,22.030000686645508,18.719008843406108
1999-09-13,22.88999938964844,18.581068790234074
1999-09-14,23.770000457763672,19.240076317626382
1999-09-15,24.559999465942383,20.60828368262813
1999-09-16,25.25,20.521870912179015
1999-09-17,23.299999237060547,21.546172993444834
1999-09-20,24.030000686645508,21.869600193662283
1999-09-21,25.649999618530277,21.185345047788058
1999-09-22,25.190000534057617,21.559288225134342
1999-09-23,27.84000015258789,20.28878028533641
1999-09-24,27.790000915527344,20.47632392935369
1999-09-27,26.399999618530277,20.46536559889149
1999-09-28,26.059999465942383,20.968272596897826
1999-09-29,26.489999771118164,21.422053037382007
1999-09-30,25.40999984741211,23.85455653088772
1999-10-01,24.93000030517578,24.426747601835686
1999-10-04,24.459999084472656,24.27100684499762
1999-10-05,24.790000915527344,24.46437802174585
1999-10-06,22.059999465942383,24.015582273462265
1999-10-07,23.57999992370605,23.982755481403004
1999-10-08,20.489999771118164,23.66607970600439
1999-10-11,20.6299991607666,23.63900346430906
1999-10-12,22.84000015258789,23.14539246341468
1999-10-13,25.959999084472656,20.670466235543923
1999-10-14,26.049999237060547,20.631556842401206
1999-10-15,28.75,17.40986481430424
1999-10-18,28.190000534057617,17.43651059204615
1999-10-19,26.559999465942383,17.400201586101495
1999-10-20,23.899999618530277,17.341048350017843
1999-10-21,24.020000457763672,17.354350520207824
1999-10-22,21.63999938964844,17.42572111357565
1999-10-25,23.600000381469727,17.15433611649764
1999-10-26,24.26000022888184,16.68666986042746
1999-10-27,24.200000762939453,15.97442256975857
1999-10-28,21.34000015258789,11.90611774343667
1999-10-29,22.200000762939453,10.574292574865813
1999-11-01,22.09000015258789,10.773223973108506
1999-11-02,23.100000381469727,10.527466609847389
1999-11-03,23.15999984741211,10.488842131556861
1999-11-04,23.0,11.819791587487641
1999-11-05,21.65999984741211,12.009101532698255
1999-11-08,21.8700008392334,12.511148805382085
1999-11-09,22.700000762939453,12.209356936978525
1999-11-10,22.26000022888184,12.078108044623118
1999-11-11,22.06999969482422,11.994783605927779
1999-11-12,21.649999618530277,11.642229370837942
1999-11-15,22.739999771118164,12.209716450271705
1999-11-16,20.729999542236328,11.98951601872415
1999-11-17,20.959999084472656,12.055319485178796
1999-11-18,19.76000022888184,12.009460967608595
1999-11-19,19.11000061035156,12.291398694656195
1999-11-22,19.979999542236328,13.434733528361518
1999-11-23,21.0,12.97818204800123
1999-11-24,20.26000022888184,13.923534647940377
1999-11-26,22.32999992370605,13.826105156735425
1999-11-29,23.56999969482422,13.715225490061393
1999-11-30,24.18000030517578,12.72566775360125
1999-12-01,22.229999542236328,12.63779724148042
1999-12-02,21.770000457763672,12.563357147933644
1999-12-03,19.31999969482422,11.703588403450043
1999-12-06,20.57999992370605,18.426975499347154
1999-12-07,21.09000015258789,18.249813217561282
1999-12-08,21.25,18.989295866128863
1999-12-09,21.190000534057617,27.845789615140255
1999-12-10,21.479999542236328,27.846742101027594
1999-12-13,21.71999931335449,28.266494983767654
1999-12-14,23.059999465942383,28.280500162184996
1999-12-15,22.030000686645508,28.593347230249083
1999-12-16,21.90999984741211,28.902284603099243
1999-12-17,21.350000381469727,29.04556787758756
1999-12-20,23.780000686645508,28.97258199014083
1999-12-21,22.65999984741211,29.146350547477105
1999-12-22,22.43000030517578,29.14599650409605
1999-12-23,21.1200008392334,30.230260037504753
1999-12-27,23.06999969482422,30.604890831298786
1999-12-28,22.96999931335449,30.687512647081427
1999-12-29,23.09000015258789,30.608356319730472
1999-12-30,24.76000022888184,32.32963037144284
1999-12-31,24.63999938964844,34.07677928096779
2000-01-03,24.209999084472656,34.232879640955694
2000-01-04,27.01000022888184,31.09507505476106
2000-01-05,26.40999984741211,31.517443426590784
2000-01-06,25.729999542236328,30.923510296852374
2000-01-07,21.71999931335449,23.19869753918839
2000-01-10,21.709999084472656,23.734321729794125
2000-01-11,22.5,24.529294618437657
2000-01-12,22.84000015258789,24.322477951952788
2000-01-13,21.709999084472656,24.71879893420392
2000-01-14,19.65999984741211,24.21822067588558
2000-01-18,21.5,24.613976807933348
2000-01-19,21.71999931335449,24.754652600908376
2000-01-20,21.75,24.325032469109768
2000-01-21,20.81999969482422,25.281982789224283
2000-01-24,24.06999969482422,23.42050655701694
2000-01-25,23.020000457763672,23.454576792710135
2000-01-26,23.030000686645508,24.27444361991275
2000-01-27,23.540000915527344,24.271821018098038
2000-01-28,26.13999938964844,23.022737557964263
2000-01-31,24.950000762939453,21.10972809557722
2000-02-01,23.450000762939453,20.958989814159803
2000-02-02,23.1200008392334,20.956765234085065
2000-02-03,22.01000022888184,21.352970419213015
2000-02-04,21.540000915527344,21.565681537781796
2000-02-07,22.790000915527344,22.547864368533784
2000-02-08,21.25,21.80507038086693
2000-02-09,22.899999618530277,23.329185321323692
2000-02-10,23.06999969482422,23.385253537412712
2000-02-11,24.420000076293945,22.53290013624599
2000-02-14,24.3799991607666,22.966943622481473
2000-02-15,22.920000076293945,24.15730328148126
2000-02-16,23.51000022888184,28.527026948219223
2000-02-17,23.170000076293945,28.408181196446495
2000-02-18,26.0,27.06076071581924
2000-02-22,25.86000061035156,27.54066665676998
2000-02-23,23.88999938964844,27.433595293947384
2000-02-24,24.3799991607666,26.048989888125018
2000-02-25,25.200000762939453,25.765241175877478
2000-02-28,24.68000030517578,25.981829026836834
2000-02-29,23.3700008392334,26.241643982537976
2000-03-01,21.63999938964844,26.259105591969263
2000-03-02,21.059999465942383,27.32003818613549
2000-03-03,19.209999084472656,26.913785924794475
2000-03-06,21.5,26.473279274640703
2000-03-07,24.309999465942383,25.369346731538883
2000-03-08,23.81999969482422,25.58628659104552
2000-03-09,22.209999084472656,23.99059144530733
2000-03-10,21.239999771118164,23.78161406743758
2000-03-13,22.850000381469727,23.318677108284863
2000-03-14,24.40999984741211,22.442746841840894
2000-03-15,22.34000015258789,24.188752764247376
2000-03-16,20.770000457763672,18.675153806862376
2000-03-17,22.3700008392334,27.645610380346653
2000-03-20,22.959999084472656,30.777908890407073
2000-03-21,21.700000762939453,31.391455647513304
2000-03-22,21.489999771118164,31.368808290517986
2000-03-23,22.26000022888184,30.666111842089165
2000-03-24,23.309999465942383,30.600296849243634
2000-03-27,24.530000686645508,34.28530270066011
2000-03-28,24.86000061035156,34.439347198522285
2000-03-29,24.100000381469727,34.43083842951343
2000-03-30,25.46999931335449,34.01532187758001
2000-03-31,24.11000061035156,34.13095401455191
2000-04-03,24.030000686645508,34.67422554681194
2000-04-04,27.1200008392334,35.45763208810175
2000-04-05,28.40999984741211,35.63801332859186
2000-04-06,27.149999618530277,35.799232260238064
2000-04-07,24.38999938964844,35.69136436980079
2000-04-10,25.989999771118164,35.73446311224474
2000-04-11,27.25,36.40060540434639
2000-04-12,28.979999542236328,36.47236780534188
2000-04-13,29.399999618530277,36.42897569459282
2000-04-14,33.4900016784668,29.627245672747758
2000-04-17,28.950000762939453,27.410566961012485
2000-04-18,26.1200008392334,26.20913486946562
2000-04-19,27.020000457763672,26.37587444302454
2000-04-20,25.850000381469727,26.897664594158112
2000-04-24,27.3700008392334,26.7581464383209
2000-04-25,25.239999771118164,22.222569484015963
2000-04-26,26.96999931335449,23.072717886914067
2000-04-27,26.190000534057617,23.69063284113618
2000-04-28,26.200000762939453,23.696539519245558
2000-05-01,25.8799991607666,26.154808234279248
2000-05-02,28.5,25.2338645704508
2000-05-03,31.6299991607666,24.41375731269733
2000-05-04,30.770000457763672,24.966555737508305
2000-05-05,27.530000686645508,24.792699847081835
2000-05-08,28.200000762939453,24.67222977277342
2000-05-09,28.93000030517578,24.484410580531986
2000-05-10,29.8700008392334,22.790827259456297
2000-05-11,27.76000022888184,21.64431829718987
2000-05-12,26.049999237060547,21.890274657095617
2000-05-15,24.86000061035156,22.040511969733263
2000-05-16,24.34000015258789,21.79684482923158
2000-05-17,23.979999542236328,21.41782377529282
2000-05-18,23.959999084472656,21.125952090659535
2000-05-19,25.440000534057617,20.490487793129518
2000-05-22,26.0,20.275305569658673
2000-05-23,25.8700008392334,19.226025937976004
2000-05-24,24.31999969482422,19.733510396762043
2000-05-25,24.57999992370605,18.826635671216927
2000-05-26,24.46999931335449,19.171956938584554
2000-05-30,23.6200008392334,16.10926982602436
2000-05-31,23.649999618530277,16.11641098491072
2000-06-01,22.36000061035156,15.316271777200747
2000-06-02,21.479999542236328,14.18749241961145
2000-06-05,22.709999084472656,14.978975265541845
2000-06-06,23.049999237060547,16.27946509111002
2000-06-07,22.479999542236328,16.33278851924613
2000-06-08,22.770000457763672,17.272749578042497
2000-06-09,22.13999938964844,17.264515740537327
2000-06-12,22.31999969482422,16.641010497558682
2000-06-13,21.670000076293945,15.482444445388186
2000-06-14,21.479999542236328,15.536450595109832
2000-06-15,20.68000030517578,15.857931965371701
2000-06-16,20.5,15.508327400998729
2000-06-19,20.6299991607666,15.275324162730003
2000-06-20,20.8799991607666,15.512675243471874
2000-06-21,20.61000061035156,16.238782659347983
2000-06-22,22.0,16.879063629766062
2000-06-23,22.34000015258789,16.6974823537654
2000-06-26,22.450000762939453,16.123963257342545
2000-06-27,21.799999237060547,16.299353575595678
2000-06-28,20.290000915527344,16.32013846469622
2000-06-29,19.700000762939453,17.94767086181143
2000-06-30,19.540000915527344,17.879165187353745
2000-07-03,19.82999992370605,17.257948156274878
2000-07-05,21.15999984741211,16.150226860940894
2000-07-06,20.940000534057617,16.098471286097897
2000-07-07,19.21999931335449,15.109842066921795
2000-07-10,20.32999992370605,15.733453162438623
2000-07-11,20.11000061035156,15.773237195227754
2000-07-12,20.030000686645508,15.869472826125147
2000-07-13,20.030000686645508,15.826544152382665
2000-07-14,19.31999969482422,15.465530602927057
2000-07-17,19.450000762939453,16.23373332413611
2000-07-18,19.75,15.982786602280585
2000-07-19,19.649999618530277,15.767640871908595
2000-07-20,18.940000534057617,15.422691979443067
2000-07-21,18.940000534057617,13.665472271073565
2000-07-24,19.920000076293945,13.544980246102782
2000-07-25,19.38999938964844,13.561412882432325
2000-07-26,19.670000076293945,12.975591550409588
2000-07-27,19.600000381469727,12.84105766930809
2000-07-28,20.84000015258789,8.975286115347968
2000-07-31,20.739999771118164,8.89493524215929
2000-08-01,20.549999237060547,8.86627079485725
2000-08-02,20.0,9.826272270816053
2000-08-03,19.989999771118164,10.48248476859433
2000-08-04,18.6200008392334,10.425917471906123
2000-08-07,19.030000686645508,10.329597356124918
2000-08-08,18.790000915527344,11.172896182590376
2000-08-09,19.18000030517578,11.036340503196927
2000-08-10,19.190000534057617,11.200355521045557
2000-08-11,18.549999237060547,11.148157837886394
2000-08-14,17.8799991607666,10.558959552517152
2000-08-15,17.979999542236328,10.605450159464588
2000-08-16,18.020000457763672,10.670039830124141
2000-08-17,17.479999542236328,12.654858241818587
2000-08-18,17.049999237060547,12.952127844969432
2000-08-21,17.350000381469727,13.271241379920076
2000-08-22,17.469999313354492,13.44206301180818
2000-08-23,17.3799991607666,14.0947398753505
2000-08-24,17.040000915527344,15.793982656235334
2000-08-25,16.530000686645508,15.889050371018884
2000-08-28,16.540000915527344,16.168996561619313
2000-08-29,16.889999389648438,16.401658076671925
2000-08-30,17.690000534057617,17.08249485123207
2000-08-31,16.84000015258789,16.343208835592858
2000-09-01,17.530000686645508,16.359663334814094
2000-09-05,19.81999969482422,16.424411341045115
2000-09-06,20.790000915527344,16.55246938849025
2000-09-07,19.420000076293945,16.22479403872888
2000-09-08,18.459999084472656,17.6257960108678
2000-09-11,18.399999618530277,17.693347348722618
2000-09-12,18.59000015258789,18.28251802123959
2000-09-13,18.31999969482422,18.199859522816475
2000-09-14,18.26000022888184,19.304286402203477
2000-09-15,18.520000457763672,22.665027560947753
2000-09-18,20.25,22.687228325840366
2000-09-19,19.540000915527344,23.654111126951154
2000-09-20,19.93000030517578,23.619696860665627
2000-09-21,20.18000030517578,27.26276867197386
2000-09-22,20.739999771118164,26.40060361341424
2000-09-25,21.40999984741211,26.415851102538728
2000-09-26,21.8799991607666,26.14719190484721
2000-09-27,21.670000076293945,27.23567495503694
2000-09-28,19.46999931335449,26.718165151735647
2000-09-29,20.56999969482422,27.668488442366495
2000-10-02,21.229999542236328,27.901248335346406
2000-10-03,21.850000381469727,28.44386053269541
2000-10-04,21.540000915527344,28.30252734930897
2000-10-05,21.030000686645508,28.27651884267916
2000-10-06,22.709999084472656,27.12307234788023
2000-10-09,24.020000457763672,27.033363271188016
2000-10-10,24.86000061035156,26.19944509971001
2000-10-11,26.56999969482422,27.392761278597877
2000-10-12,30.51000022888184,25.617519046360627
2000-10-13,27.600000381469727,24.713156188956592
2000-10-16,26.790000915527344,24.778409080068595
2000-10-17,27.84000015258789,24.793654042315453
2000-10-18,28.71999931335449,24.718051763963363
2000-10-19,25.09000015258789,21.703675600831858
2000-10-20,24.239999771118164,21.680916915373814
2000-10-23,24.690000534057617,22.060243910223747
2000-10-24,24.280000686645508,22.132969012823764
2000-10-25,26.649999618530277,22.186196413394228
2000-10-26,28.6200008392334,23.46913145481849
2000-10-27,26.46999931335449,22.61980578812037
2000-10-30,25.459999084472656,22.984792340487658
2000-10-31,23.6299991607666,21.796864295980107
2000-11-01,24.280000686645508,21.876576919797035
2000-11-02,23.920000076293945,21.820725129338864
2000-11-03,23.670000076293945,22.208813724098192
2000-11-06,24.520000457763672,25.371296462352426
2000-11-07,24.90999984741211,25.834494498802712
2000-11-08,25.65999984741211,25.14540864463547
2000-11-09,27.200000762939453,25.198303789442612
2000-11-10,28.530000686645508,26.850471576274288
2000-11-13,29.059999465942383,26.73102729693658
2000-11-14,26.809999465942383,25.48670683912012
2000-11-15,26.149999618530277,25.76406244841321
2000-11-16,25.049999237060547,26.382896712920985
2000-11-17,24.809999465942383,26.91388012515592
2000-11-20,27.43000030517578,27.39779935207202
2000-11-21,26.6200008392334,28.967842097936103
2000-11-22,27.709999084472656,28.08919920440808
2000-11-24,26.0,29.227441646174928
2000-11-27,26.93000030517578,29.32278954304136
2000-11-28,27.63999938964844,28.823104331710653
2000-11-29,27.489999771118164,28.833279394291832
2000-11-30,29.649999618530277,29.491495817539416
2000-12-01,27.479999542236328,30.17700426370483
2000-12-04,27.780000686645508,34.569126144503464
2000-12-05,24.989999771118164,32.6927777171126
2000-12-06,25.06999969482422,34.23753791065406
2000-12-07,25.34000015258789,34.1245679103421
2000-12-08,22.40999984741211,34.102665473077955
2000-12-11,23.51000022888184,32.25311370160877
2000-12-12,24.8799991607666,32.262658952752616
2000-12-13,23.6299991607666,31.960226723099844
2000-12-14,24.86000061035156,31.775437085414314
2000-12-15,26.549999237060547,30.682001150571033
2000-12-18,27.700000762939453,30.525247058207945
2000-12-19,27.170000076293945,29.587525236745023
2000-12-20,31.739999771118164,27.26905347048689
2000-12-21,29.65999984741211,27.287467586191777
2000-12-22,27.549999237060547,25.475375468988755
2000-12-26,28.729999542236328,25.311551058822484
2000-12-27,28.13999938964844,25.22695533295696
2000-12-28,26.56999969482422,25.26494802199429
2000-12-29,26.850000381469727,24.22803499323661
2001-01-02,29.989999771118164,23.18911252688675
2001-01-03,26.600000381469727,16.548176851185925
2001-01-04,26.96999931335449,18.18438842312052
2001-01-05,28.670000076293945,13.25870170698897
2001-01-08,29.84000015258789,13.24216741756481
2001-01-09,27.989999771118164,13.389151436350247
2001-01-10,26.799999237060547,12.876406682829591
2001-01-11,25.790000915527344,13.355704754266313
2001-01-12,24.559999465942383,13.94564118020772
2001-01-16,25.280000686645508,14.092180999897296
2001-01-17,24.93000030517578,13.982626415448784
2001-01-18,23.3700008392334,13.957402912253958
2001-01-19,23.239999771118164,15.882091265919785
2001-01-22,23.25,16.34421068558613
2001-01-23,21.56999969482422,17.22682248702899
2001-01-24,22.030000686645508,17.155916251361052
2001-01-25,22.63999938964844,17.172788744180618
2001-01-26,22.56999969482422,19.372922214892967
2001-01-29,22.61000061035156,19.220738873633998
2001-01-30,22.56999969482422,19.415698799181342
2001-01-31,22.020000457763672,19.770129174671
2001-02-01,21.65999984741211,19.33074418365329
2001-02-02,21.950000762939453,18.82985373082971
2001-02-05,22.190000534057617,19.130960773172493
2001-02-06,21.979999542236328,19.51362978093633
2001-02-07,21.670000076293945,19.556655675013765
2001-02-08,21.459999084472656,21.622543007081113
2001-02-09,22.030000686645508,25.822942008129573
2001-02-12,21.920000076293945,26.303113244769754
2001-02-13,21.3700008392334,26.802383970855974
2001-02-14,21.520000457763672,26.847664813239692
2001-02-15,20.270000457763672,26.66914921000179
2001-02-16,22.1200008392334,27.729008715765424
2001-02-20,24.690000534057617,28.60543728897055
2001-02-21,25.75,28.303058935132537
2001-02-22,26.76000022888184,28.2242530375375
2001-02-23,27.209999084472656,30.95583187666266
2001-02-26,25.43000030517578,30.179544684147825
2001-02-27,26.489999771118164,31.375520667833527
2001-02-28,28.350000381469727,32.075263857611205
2001-03-01,28.07999992370605,32.02758201329337
2001-03-02,27.43000030517578,32.36331068500214
2001-03-05,27.1200008392334,32.703630932605435
2001-03-06,25.88999938964844,33.811817865657424
2001-03-07,24.1200008392334,33.669863571886786
2001-03-08,24.290000915527344,37.040883275502175
2001-03-09,25.6200008392334,36.070921811994175
2001-03-12,30.31999969482422,33.218950196128915
2001-03-13,27.549999237060547,33.35061314897502
2001-03-14,29.61000061035156,32.615998866895296
2001-03-15,28.559999465942383,33.25486971709986
2001-03-16,29.90999984741211,32.61941002400876
2001-03-19,29.780000686645508,32.21553256469452
2001-03-20,30.959999084472656,33.134633836221205
2001-03-21,31.93000030517578,32.29380855009178
2001-03-22,32.84000015258789,32.22984660375699
2001-03-23,30.450000762939453,31.980773535118228
2001-03-26,29.040000915527344,31.920549717771397
2001-03-27,27.040000915527344,31.483581253900788
2001-03-28,28.57999992370605,29.416244377392857
2001-03-29,29.170000076293945,29.76966627521441
2001-03-30,28.63999938964844,29.700213412351527
2001-04-02,31.209999084472656,28.12164502100713
2001-04-03,34.720001220703125,24.21345947264403
2001-04-04,34.06999969482422,25.197432516235747
2001-04-05,29.940000534057617,22.788437740192265
2001-04-06,31.690000534057617,22.110925754057398
2001-04-09,31.90999984741211,22.09894576491406
2001-04-10,29.440000534057617,21.73995999261041
2001-04-11,28.459999084472656,21.712984343712698
2001-04-12,26.1200008392334,21.355307855085673
2001-04-16,26.32999992370605,20.786854996070762
2001-04-17,25.61000061035156,20.4029388901415
2001-04-18,24.1299991607666,17.221566942955363
2001-04-19,24.15999984741211,16.699752864447486
2001-04-20,25.3799991607666,16.252993835073358
2001-04-23,28.15999984741211,14.925653907828638
2001-04-24,28.489999771118164,14.660895048422754
2001-04-25,27.399999618530277,16.018927037595844
2001-04-26,25.959999084472656,16.002253934813794
2001-04-27,24.020000457763672,15.837491383607267
2001-04-30,25.479999542236328,15.968665566439027
2001-05-01,24.200000762939453,16.701213879120292
2001-05-02,24.229999542236328,16.822789524854855
2001-05-03,25.780000686645508,16.302174657503222
2001-05-04,23.90999984741211,15.23304085932153
2001-05-07,24.86000061035156,15.382624651668827
2001-05-08,24.440000534057617,15.73243307849701
2001-05-09,24.350000381469727,15.659045569543581
2001-05-10,24.0,16.057802315350255
2001-05-11,23.540000915527344,16.069070910728257
2001-05-14,24.26000022888184,16.074003501815216
2001-05-15,23.709999084472656,16.275993674069372
2001-05-16,21.88999938964844,15.537389822433939
2001-05-17,21.46999931335449,15.539604357162693
2001-05-18,21.229999542236328,15.308550152334874
2001-05-21,20.76000022888184,14.108297019264201
2001-05-22,21.350000381469727,14.445871179598102
2001-05-23,22.07999992370605,14.395098888316898
2001-05-24,20.56999969482422,14.414056056461847
2001-05-25,20.600000381469727,14.217021918531842
2001-05-29,22.13999938964844,14.065530960993716
2001-05-30,22.76000022888184,13.332447349652046
2001-05-31,22.63999938964844,13.354350125736545
2001-06-01,21.59000015258789,13.195251224264796
2001-06-04,21.3799991607666,13.932950721977102
2001-06-05,19.57999992370605,13.13376130761211
2001-06-06,20.38999938964844,14.445697260208433
2001-06-07,19.670000076293945,15.829734384769784
2001-06-08,19.920000076293945,15.983253018334315
2001-06-11,20.700000762939453,16.25693762293806
2001-06-12,20.700000762939453,16.316111687347536
2001-06-13,21.450000762939453,18.64036650161729
2001-06-14,23.1200008392334,17.133494209666488
2001-06-15,22.809999465942383,17.715087485592765
2001-06-18,23.170000076293945,17.962475634865825
2001-06-19,22.34000015258789,18.061087571364585
2001-06-20,21.709999084472656,18.244573311385967
2001-06-21,19.3799991607666,17.834644843197925
2001-06-22,20.020000457763672,18.925348537074946
2001-06-25,20.670000076293945,18.95144928929536
2001-06-26,21.200000762939453,19.473896772162504
2001-06-27,20.8799991607666,19.89512661501234
2001-06-28,20.01000022888184,19.836977781453836
2001-06-29,19.059999465942383,19.777826714826556
2001-07-02,18.76000022888184,19.261142164454768
2001-07-03,18.920000076293945,19.43766908224566
2001-07-05,20.09000015258789,18.1645538426391
2001-07-06,21.6299991607666,16.345496955051633
2001-07-09,22.479999542236328,17.064866057518906
2001-07-10,23.25,16.463270766666312
2001-07-11,24.01000022888184,17.896994236756267
2001-07-12,22.09000015258789,15.684904686465243
2001-07-13,21.13999938964844,15.369281715075815
2001-07-16,22.90999984741211,14.773198642635176
2001-07-17,22.61000061035156,14.304927366016024
2001-07-18,23.600000381469727,14.417659391347563
2001-07-19,22.51000022888184,14.055942442573793
2001-07-20,22.34000015258789,14.928303219293978
2001-07-23,23.739999771118164,13.816009292467434
2001-07-24,25.239999771118164,14.707553382655597
2001-07-25,24.0,14.638009267223524
2001-07-26,23.01000022888184,14.033608339201317
2001-07-27,22.0,16.004534515349558
2001-07-30,22.690000534057617,16.10479288839623
2001-07-31,21.6200008392334,16.679659024503547
2001-08-01,20.559999465942383,16.55511166512171
2001-08-02,20.09000015258789,17.346315234865983
2001-08-03,19.88999938964844,17.78334072503103
2001-08-06,21.88999938964844,17.41524265168475
2001-08-07,21.01000022888184,17.34784058595559
2001-08-08,22.31999969482422,18.400997389646683
2001-08-09,21.75,19.005244306814227
2001-08-10,20.549999237060547,19.724584948632806
2001-08-13,20.420000076293945,26.345296500865583
2001-08-14,20.479999542236328,26.291742140744077
2001-08-15,20.90999984741211,26.726207055811184
2001-08-16,21.540000915527344,27.78963732445317
2001-08-17,23.84000015258789,27.677499344671347
2001-08-20,22.8700008392334,31.12792940444029
2001-08-21,24.399999618530277,31.543739139387583
2001-08-22,22.440000534057617,30.954889588261313
2001-08-23,22.229999542236328,31.433470459635377
2001-08-24,19.709999084472656,31.485533413786392
2001-08-27,20.559999465942383,31.530084713422408
2001-08-28,22.0,32.02152809056673
2001-08-29,23.030000686645508,32.85441024657439
2001-08-30,25.40999984741211,32.33564070358074
2001-08-31,24.920000076293945,32.1308024818095
2001-09-04,25.850000381469727,32.13276906774554
2001-09-05,26.350000381469727,32.07800808717731
2001-09-06,28.61000061035156,32.09684692761381
2001-09-07,30.989999771118164,31.87568413595573
2001-09-10,31.84000015258789,31.635058742572504
2001-09-17,41.7599983215332,24.542159289216343
2001-09-18,38.869998931884766,24.504588563744537
2001-09-19,40.560001373291016,24.648445723582483
2001-09-20,43.7400016784668,20.98856151172249
2001-09-21,42.65999984741211,20.306158977491805
2001-09-24,37.75,17.96716579000525
2001-09-25,35.810001373291016,18.100043533750494
2001-09-26,35.2599983215332,18.05796536939566
2001-09-27,34.0,18.68842760208912
2001-09-28,31.93000030517578,17.662055049539617
2001-10-01,32.31999969482422,20.436666848419556
2001-10-02,31.18000030517578,20.545484123635323
2001-10-03,31.34000015258789,19.641302690709495
2001-10-04,31.96999931335449,21.708981862823286
2001-10-05,33.38999938964844,21.80001124960644
2001-10-08,35.119998931884766,22.013711296116522
2001-10-09,34.83000183105469,22.33664135999958
2001-10-10,31.600000381469727,21.20059354956253
2001-10-11,31.5,20.594613712595518
2001-10-12,35.27000045776367,20.48374417270611
2001-10-15,35.310001373291016,20.63190674521649
2001-10-16,32.880001068115234,21.889408368008993
2001-10-17,35.08000183105469,20.061959072537398
2001-10-18,34.95000076293945,19.97234099082381
2001-10-19,34.11000061035156,20.1183269374788
2001-10-22,32.25,19.48630755680341
2001-10-23,32.0,19.697305245248266
2001-10-24,30.950000762939453,19.888861320376165
2001-10-25,29.459999084472656,19.56549544375095
2001-10-26,28.420000076293945,19.492758126862263
2001-10-29,31.63999938964844,16.50987990692147
2001-10-30,33.459999084472656,17.410822123177997
2001-10-31,33.560001373291016,17.57820839826317
2001-11-01,32.310001373291016,16.105298140008095
2001-11-02,30.709999084472656,16.289644829434437
2001-11-05,30.5,16.684524725266463
2001-11-06,28.799999237060547,16.998262509240835
2001-11-07,29.1299991607666,16.978182235927676
2001-11-08,28.6200008392334,17.262436619780004
2001-11-09,27.440000534057617,18.751616115051426
2001-11-12,29.350000381469727,18.607708358420595
2001-11-13,26.46999931335449,16.825037507878847
2001-11-14,26.559999465942383,18.181009720575698
2001-11-15,25.559999465942383,18.547976625193165
2001-11-16,25.06999969482422,18.89398377976739
2001-11-19,24.459999084472656,18.477611872564967
2001-11-20,24.1200008392334,18.39540331954181
2001-11-21,24.190000534057617,18.596292641121785
2001-11-23,23.25,17.99342153356367
2001-11-26,23.790000915527344,17.982359362614044
2001-11-27,24.0,18.031456736677413
2001-11-28,25.899999618530277,16.75926229235149
2001-11-29,25.18000030517578,16.148961878180433
2001-11-30,23.84000015258789,16.847667584619032
2001-12-03,25.770000457763672,17.06479799984289
2001-12-04,24.07999992370605,16.495257714047067
2001-12-05,23.020000457763672,15.363038816815846
2001-12-06,23.709999084472656,15.582550540379533
2001-12-07,23.489999771118164,15.413456685220561
2001-12-10,25.6200008392334,14.07088184416588
2001-12-11,25.299999237060547,14.091745834493189
2001-12-12,24.8700008392334,14.610586421213501
2001-12-13,25.90999984741211,12.839796554871336
2001-12-14,24.6299991607666,12.728195588956476
2001-12-17,24.26000022888184,14.343728287126725
2001-12-18,23.290000915527344,14.44758794516379
2001-12-19,22.57999992370605,14.242772555834431
2001-12-20,23.670000076293945,14.03341193817357
2001-12-21,22.5,14.14670020534407
2001-12-24,22.6200008392334,14.203517849583736
2001-12-26,22.290000915527344,14.028052935818769
2001-12-27,21.59000015258789,13.861728143020851
2001-12-28,21.399999618530277,17.690218384978827
2001-12-31,23.799999237060547,18.030658873053753
2002-01-02,22.709999084472656,18.114812876969143
2002-01-03,21.34000015258789,17.554612193572126
2002-01-04,20.450000762939453,19.08366856023415
2002-01-07,21.940000534057617,19.06395645953775
2002-01-08,21.82999992370605,19.06244308369469
2002-01-09,22.1299991607666,19.01178693706198
2002-01-10,22.36000061035156,20.452831582453676
2002-01-11,22.600000381469727,20.913528322846485
2002-01-14,23.57999992370605,20.848806639468208
2002-01-15,22.700000762939453,21.014780081842883
2002-01-16,23.450000762939453,19.763949137129877
2002-01-17,22.25,19.849130637799085
2002-01-18,22.520000457763672,20.851203307477395
2002-01-22,23.61000061035156,21.77265991926971
2002-01-23,21.8799991607666,22.64857641623549
2002-01-24,21.149999618530277,23.165167461239726
2002-01-25,21.01000022888184,24.044322266012095
2002-01-28,21.13999938964844,24.007734209231156
2002-01-29,24.350000381469727,21.109808890986255
2002-01-30,23.21999931335449,20.539045467335377
2002-01-31,21.09000015258789,21.779878209888274
2002-02-01,21.1200008392334,22.52587101999882
2002-02-04,24.8700008392334,20.33811029671306
2002-02-05,25.450000762939453,20.325295616217083
2002-02-06,26.09000015258789,20.23101333356533
2002-02-07,25.11000061035156,19.901123224183486
2002-02-08,23.26000022888184,19.100113936732185
2002-02-11,21.780000686645508,18.83469173772346
2002-02-12,21.6200008392334,19.234344819167838
2002-02-13,20.850000381469727,19.00967291852139
2002-02-14,21.770000457763672,19.16268200795046
2002-02-15,22.3700008392334,18.594714059775843
2002-02-19,24.43000030517578,16.69455215803679
2002-02-20,22.65999984741211,17.858488478760485
2002-02-21,23.799999237060547,15.664532972263267
2002-02-22,22.86000061035156,15.398381297465733
2002-02-25,21.84000015258789,15.37152803554878
2002-02-26,21.68000030517578,15.409733306929258
2002-02-27,21.489999771118164,15.390829184782518
2002-02-28,21.59000015258789,15.250619117664613
2002-03-01,19.959999084472656,12.98679474657205
2002-03-04,20.5,11.470237649752873
2002-03-05,20.299999237060547,11.6634557914421
2002-03-06,19.940000534057617,10.706040846165978
2002-03-07,20.040000915527344,10.723120407684544
2002-03-08,19.270000457763672,10.601217893806703
2002-03-11,19.84000015258789,10.668658963486788
2002-03-12,19.59000015258789,11.670827367859625
2002-03-13,19.459999084472656,14.147113325769567
2002-03-14,19.200000762939453,14.56355738803319
2002-03-15,18.420000076293945,14.061560864591996
2002-03-18,18.93000030517578,16.85149761297386
2002-03-19,18.15999984741211,16.572603349807164
2002-03-20,18.459999084472656,15.344367779268797
2002-03-21,18.149999618530277,15.432006688826707
2002-03-22,17.770000457763672,16.413977015158597
2002-03-25,18.479999542236328,15.955910674113577
2002-03-26,18.1299991607666,16.005357906216705
2002-03-27,17.700000762939453,15.939750022124297
2002-03-28,17.399999618530273,17.006072521806463
2002-04-01,18.729999542236328,16.960095735305742
2002-04-02,19.15999984741211,17.53175779569437
2002-04-03,20.200000762939453,18.21887089245324
2002-04-04,19.780000686645508,18.213858852531267
2002-04-05,19.1299991607666,18.480115455999417
2002-04-08,19.61000061035156,19.397498753880445
2002-04-09,19.46999931335449,19.35099568634103
2002-04-10,18.190000534057617,23.49685744562462
2002-04-11,20.299999237060547,22.177252749850698
2002-04-12,19.420000076293945,22.77272892791332
2002-04-15,19.81999969482422,24.058487845888358
2002-04-16,18.11000061035156,23.800292520989817
2002-04-17,18.43000030517578,23.8165900420948
2002-04-18,19.290000915527344,23.901343880221894
2002-04-19,18.299999237060547,23.937007183141688
2002-04-22,19.770000457763672,23.503671534829493
2002-04-23,20.280000686645508,23.66740192869065
2002-04-24,20.770000457763672,23.430366570562985
2002-04-25,20.950000762939453,23.742918414576188
2002-04-26,22.13999938964844,23.156181537140412
2002-04-29,24.049999237060547,23.172606746711804
2002-04-30,21.90999984741211,23.097268359383236
2002-05-01,20.059999465942383,22.635827625455725
2002-05-02,20.06999969482422,22.634460599407497
2002-05-03,20.190000534057617,24.250001973720224
2002-05-06,22.559999465942383,23.291735210574856
2002-05-07,21.940000534057617,23.508774444627527
2002-05-08,20.38999938964844,20.343297896284536
2002-05-09,21.559999465942383,20.06561131105263
2002-05-10,22.40999984741211,19.126952928938067
2002-05-13,20.71999931335449,18.25180137918203
2002-05-14,19.350000381469727,16.22454879662849
2002-05-15,19.190000534057617,16.388217359173254
2002-05-16,18.5,16.066296914377425
2002-05-17,17.700000762939453,19.210886980730574
2002-05-20,19.239999771118164,19.38130925506392
2002-05-21,20.049999237060547,20.703900976751722
2002-05-22,19.57999992370605,20.898283658100667
2002-05-23,18.229999542236328,20.60275994156661
2002-05-24,18.899999618530277,20.68565436804368
2002-05-28,20.309999465942383,21.716554537644924
2002-05-29,20.38999938964844,21.817858311734643
2002-05-30,20.61000061035156,23.157299977869496
2002-05-31,19.979999542236328,23.06679508790392
2002-06-03,23.3700008392334,22.23245066009024
2002-06-04,23.88999938964844,22.993175130235453
2002-06-05,22.61000061035156,22.733486815363214
2002-06-06,24.15999984741211,26.753099646982943
2002-06-07,23.51000022888184,27.017832566136253
2002-06-10,23.71999931335449,28.098643723360954
2002-06-11,24.450000762939453,30.15066568787312
2002-06-12,24.149999618530277,30.257843424302415
2002-06-13,25.020000457763672,30.2818030961869
2002-06-14,25.959999084472656,30.477574283653237
2002-06-17,24.63999938964844,28.58858110081049
2002-06-18,24.239999771118164,28.244035929250742
2002-06-19,26.059999465942383,29.14574258225532
2002-06-20,27.479999542236328,30.791955133608624
2002-06-21,27.229999542236328,31.633842992821126
2002-06-24,26.979999542236328,31.771937176847036
2002-06-25,27.84000015258789,39.756730350097044
2002-06-26,28.420000076293945,39.62542812585253
2002-06-27,26.290000915527344,39.75567721928127
2002-06-28,25.399999618530277,44.309931671869855
2002-07-01,27.11000061035156,44.376761139186975
2002-07-02,28.959999084472656,43.883221732101106
2002-07-03,29.420000076293945,44.60949599963153
2002-07-05,27.11000061035156,42.08639126589132
2002-07-08,28.25,43.271047269730225
2002-07-09,30.21999931335449,45.0691000272193
2002-07-10,34.099998474121094,44.04858172286605
2002-07-11,33.849998474121094,45.56646998843907
2002-07-12,32.939998626708984,45.43808543298049
2002-07-15,35.029998779296875,45.45289439834947
2002-07-16,36.650001525878906,45.39567848633245
2002-07-17,35.45000076293945,47.23686495771493
2002-07-18,35.119998931884766,45.6962147049714
2002-07-19,38.16999816894531,43.411358184032665
2002-07-22,41.869998931884766,41.822526818257074
2002-07-23,44.91999816894531,40.32683936502474
2002-07-24,39.86000061035156,35.93701893197642
2002-07-25,39.27000045776367,35.53106030457645
2002-07-26,35.5099983215332,36.64386618581158
2002-07-29,31.32999992370605,33.04569119967233
2002-07-30,31.920000076293945,33.21149494435831
2002-07-31,32.029998779296875,34.27038234612909
2002-08-01,36.95000076293945,32.75983452859425
2002-08-02,41.290000915527344,31.551554066954452
2002-08-05,45.08000183105469,32.12674661279844
2002-08-06,42.02999877929688,30.400072823864832
2002-08-07,38.72999954223633,30.020160231482794
2002-08-08,36.33000183105469,28.127174707154374
2002-08-09,35.33000183105469,28.227384650243437
2002-08-12,37.04999923706055,28.394237704195426
2002-08-13,35.81999969482422,27.63540705137283
2002-08-14,32.36000061035156,25.230020951576847
2002-08-15,29.43000030517578,24.631736333203083
2002-08-16,28.809999465942383,24.681001726275078
2002-08-19,28.61000061035156,23.93766430554491
2002-08-20,29.59000015258789,23.917791873827444
2002-08-21,28.229999542236328,24.105405709171713
2002-08-22,27.75,23.51455728506214
2002-08-23,29.31999969482422,22.838972613780353
2002-08-26,29.88999938964844,22.589011674185386
2002-08-27,30.11000061035156,25.120557478368017
2002-08-28,33.31999969482422,25.396914980954975
2002-08-29,33.66999816894531,27.759047529991477
2002-08-30,32.63999938964844,27.849585552741946
2002-09-03,39.970001220703125,30.73205403199481
2002-09-04,37.43999862670898,31.823696474178824
2002-09-05,38.86000061035156,31.863204957955816
2002-09-06,36.33000183105469,31.603757015042984
2002-09-09,36.45000076293945,31.711956843022175
2002-09-10,35.08000183105469,32.055716887413695
2002-09-11,34.810001373291016,33.01628264562779
2002-09-12,37.5,35.5299306309488
2002-09-13,35.81999969482422,39.338169376315946
2002-09-16,36.7400016784668,39.410434696367346
2002-09-17,38.0099983215332,42.35361240752334
2002-09-18,37.52000045776367,43.14624622696355
2002-09-19,40.650001525878906,42.519421304678495
2002-09-20,38.97999954223633,42.517901784095244
2002-09-23,39.68000030517578,42.62334319785349
2002-09-24,40.52000045776367,42.17899648674327
2002-09-25,37.33000183105469,41.522365651015456
2002-09-26,34.599998474121094,42.062805676803265
2002-09-27,36.970001220703125,40.20421909887588
2002-09-30,39.68999862670898,39.975237615452684
2002-10-01,34.119998931884766,37.042764233483595
2002-10-02,36.83000183105469,35.12259771268675
2002-10-03,37.310001373291016,35.1264416084233
2002-10-04,39.459999084472656,34.53777726199229
2002-10-07,42.63999938964844,33.10864832698836
2002-10-08,41.02000045776367,32.95938598804882
2002-10-09,42.130001068115234,30.240030833418434
2002-10-10,37.54999923706055,31.17054325239926
2002-10-11,35.70000076293945,28.54063373719319
2002-10-14,36.040000915527344,29.285272372320176
2002-10-15,34.02000045776367,24.18509304696216
2002-10-16,36.0,22.357930002177063
2002-10-17,34.099998474121094,22.253511572755254
2002-10-18,33.529998779296875,22.335024066573176
2002-10-21,33.11000061035156,21.90297051158531
2002-10-22,34.09000015258789,21.737780654884755
2002-10-23,33.20000076293945,22.93379925614088
2002-10-24,34.029998779296875,22.18864882674144
2002-10-25,30.0,21.466099717993213
2002-10-28,31.06999969482422,21.247104907244683
2002-10-29,32.27000045776367,22.05084428960736
2002-10-30,31.229999542236328,23.7795649441892
2002-10-31,31.13999938964844,23.402617482620823
2002-11-01,29.299999237060547,22.568099437126776
2002-11-04,30.81999969482422,23.037720408023503
2002-11-05,31.229999542236328,22.96385926142568
2002-11-06,30.729999542236328,22.802345119199753
2002-11-07,31.420000076293945,21.088293407382846
2002-11-08,29.40999984741211,22.999127169157234
2002-11-11,31.299999237060547,22.697735338544582
2002-11-12,30.57999992370605,22.565993340194908
2002-11-13,31.239999771118164,22.56951478369168
2002-11-14,28.670000076293945,22.30112039393074
2002-11-15,26.649999618530277,24.044195208616912
2002-11-18,27.65999984741211,23.97254716245322
2002-11-19,27.40999984741211,24.335705373265558
2002-11-20,25.31999969482422,22.9516544508262
2002-11-21,23.809999465942383,22.497187425007493
2002-11-22,23.15999984741211,22.42603006250603
2002-11-25,24.06999969482422,22.502793771951826
2002-11-26,25.96999931335449,21.571463325314802
2002-11-27,27.25,20.027713195145903
2002-11-29,27.5,20.467465888799644
2002-12-02,27.459999084472656,20.4606744558208
2002-12-03,28.32999992370605,23.451779220414934
2002-12-04,28.920000076293945,23.443709347599036
2002-12-05,30.100000381469727,23.896251722031064
2002-12-06,28.8799991607666,23.837005345200694
2002-12-09,30.780000686645508,22.13275722390143
2002-12-10,28.76000022888184,22.296041646257365
2002-12-11,27.76000022888184,22.29975792201001
2002-12-12,27.290000915527344,22.301894386654258
2002-12-13,28.18000030517578,21.340453578926212
2002-12-16,26.239999771118164,19.920245808352263
2002-12-17,26.65999984741211,19.695876487192677
2002-12-18,28.290000915527344,20.002670036467066
2002-12-19,30.209999084472656,20.66538519576541
2002-12-20,26.709999084472656,20.434196080027682
2002-12-23,26.200000762939453,20.587124529433254
2002-12-24,26.489999771118164,22.45526214930607
2002-12-26,27.3700008392334,22.838524908258847
2002-12-27,29.549999237060547,21.756758505014673
2002-12-30,29.6200008392334,21.71489246452956
2002-12-31,28.6200008392334,23.17507473588884
2003-01-02,25.38999938964844,21.073050801268657
2003-01-03,24.68000030517578,21.03589628235956
2003-01-06,24.90999984741211,19.726363170410274
2003-01-07,25.1299991607666,19.726501775710425
2003-01-08,25.530000686645508,19.363192912967815
2003-01-09,24.25,18.14625135093224
2003-01-10,24.31999969482422,18.464883128538947
2003-01-13,24.899999618530277,18.386162932913653
2003-01-14,24.56999969482422,18.45519229913224
2003-01-15,25.51000022888184,18.697217950730863
2003-01-16,25.01000022888184,21.07768171346194
2003-01-17,25.700000762939453,22.058517077705613
2003-01-21,27.59000015258789,21.560006922492402
2003-01-22,29.01000022888184,21.443221830418445
2003-01-23,27.530000686645508,21.689173674155203
2003-01-24,31.51000022888184,20.412674329515948
2003-01-27,34.689998626708984,20.139614337286368
2003-01-28,31.93000030517578,20.523365712190444
2003-01-29,31.26000022888184,20.942300967852375
2003-01-30,31.31999969482422,19.287687423820373
2003-01-31,31.170000076293945,18.230691879471735
2003-02-03,31.020000457763672,18.930621073126954
2003-02-04,32.7599983215332,19.040804385078328
2003-02-05,33.040000915527344,19.134349310106526
2003-02-06,33.349998474121094,19.29696942862481
2003-02-07,34.0099983215332,20.678274851233326
2003-02-10,33.9900016784668,20.647991425260635
2003-02-11,33.68000030517578,20.79259365073978
2003-02-12,34.33000183105469,23.527770054026035
2003-02-13,33.70000076293945,23.52980133129437
2003-02-14,32.619998931884766,24.81841515907746
2003-02-18,31.11000061035156,24.166694810103053
2003-02-19,31.309999465942383,24.15997070906949
2003-02-20,31.15999984741211,23.76568431833434
2003-02-21,30.25,24.56216446911084
2003-02-24,31.979999542236328,27.022729207828533
2003-02-25,31.739999771118164,27.07500001316224
2003-02-26,31.940000534057617,26.49958901329237
2003-02-27,30.530000686645508,26.200718311704836
2003-02-28,29.6299991607666,26.246197985724095
2003-03-03,30.43000030517578,27.386032849839236
2003-03-04,31.82999992370605,27.11371400779002
2003-03-05,30.3799991607666,28.125031262826578
2003-03-06,31.3700008392334,27.959191878158656
2003-03-07,31.07999992370605,27.944241552608872
2003-03-10,33.310001373291016,26.1077053259535
2003-03-11,33.61000061035156,25.60071282152354
2003-03-12,33.5099983215332,26.366667528330773
2003-03-13,31.76000022888184,23.858621770524373
2003-03-14,30.979999542236328,23.96449059213759
2003-03-17,31.75,22.515127846963505
2003-03-18,30.43000030517578,22.63701645286972
2003-03-19,31.540000915527344,23.459940108929434
2003-03-20,30.440000534057617,24.005880210326158
2003-03-21,28.670000076293945,22.800789263828285
2003-03-24,30.38999938964844,19.91293254018886
2003-03-25,28.75,19.89612448749785
2003-03-26,28.229999542236328,20.14090861337529
2003-03-27,27.959999084472656,20.81780903561437
2003-03-28,27.75,21.341458084784186
2003-03-31,29.149999618530277,19.036554545884144
2003-04-01,28.36000061035156,18.695291761353623
2003-04-02,28.020000457763672,17.05926011202562
2003-04-03,28.209999084472656,17.3677280065287
2003-04-04,29.1299991607666,17.41923680477821
2003-04-07,28.450000762939453,17.488602458103962
2003-04-08,27.1299991607666,17.758669229607584
2003-04-09,27.11000061035156,17.414044423287038
2003-04-10,25.600000381469727,17.811543906954732
2003-04-11,24.440000534057617,17.835244059489344
2003-04-14,23.40999984741211,16.878323995272748
2003-04-15,22.559999465942383,16.81233695721494
2003-04-16,22.520000457763672,15.135942209915761
2003-04-17,21.5,14.7073490601259
2003-04-21,21.950000762939453,17.474311788310914
2003-04-22,20.700000762939453,16.30500893973286
2003-04-23,20.799999237060547,16.00345784895241
2003-04-24,20.32999992370605,15.964133545800117
2003-04-25,20.799999237060547,15.12871474863449
2003-04-28,20.84000015258789,15.155407851090837
2003-04-29,20.76000022888184,15.148300154251679
2003-04-30,21.209999084472656,15.16486241276975
2003-05-01,21.59000015258789,15.933270803968771
2003-05-02,20.6299991607666,15.362301583019065
2003-05-05,21.1299991607666,15.297592130052612
2003-05-06,20.799999237060547,15.687042540074152
2003-05-07,21.0,15.392386775644184
2003-05-08,21.239999771118164,14.825929763659593
2003-05-09,19.690000534057617,15.07957978275018
2003-05-12,19.520000457763672,14.917599325909503
2003-05-13,19.90999984741211,15.114020406309567
2003-05-14,20.0,14.999005927575732
2003-05-15,19.239999771118164,15.695073662947115
2003-05-16,18.399999618530277,16.895412717422463
2003-05-19,20.51000022888184,13.625856919092982
2003-05-20,21.290000915527344,13.555929809373213
2003-05-21,21.209999084472656,15.306218701806943
2003-05-22,19.780000686645508,15.273621503966062
2003-05-23,19.170000076293945,16.011637623118638
2003-05-27,19.989999771118164,15.038061284399292
2003-05-28,20.030000686645508,15.60898256873208
2003-05-29,20.43000030517578,16.081387796305428
2003-05-30,19.46999931335449,15.871741933719674
2003-06-02,20.850000381469727,15.817279998809342
2003-06-03,20.84000015258789,16.07844519823608
2003-06-04,20.6200008392334,15.884409794607521
2003-06-05,20.82999992370605,16.241860054389996
2003-06-06,21.25,17.6367555049837
2003-06-09,22.149999618530277,17.172114439082712
2003-06-10,20.63999938964844,17.050131679849105
2003-06-11,20.209999084472656,17.303144534238633
2003-06-12,20.40999984741211,17.611982819369253
2003-06-13,20.65999984741211,17.23905541921159
2003-06-16,20.21999931335449,15.529957773286993
2003-06-17,20.01000022888184,15.650529071181928
2003-06-18,19.76000022888184,16.382349966126792
2003-06-19,19.799999237060547,15.989720692743148
2003-06-20,19.13999938964844,16.572417233740065
2003-06-23,20.57999992370605,16.48807543616603
2003-06-24,20.75,16.48685977094729
2003-06-25,20.809999465942383,16.29833485247111
2003-06-26,19.399999618530277,16.833887702387937
2003-06-27,19.15999984741211,16.291390358491252
2003-06-30,19.520000457763672,16.41262805940629
2003-07-01,19.459999084472656,16.150958966687277
2003-07-02,19.030000686645508,15.52398836370167
2003-07-03,19.38999938964844,15.403399138381623
2003-07-07,20.059999465942383,13.522293468675157
2003-07-08,19.479999542236328,15.139472875868307
2003-07-09,18.93000030517578,15.356312412149675
2003-07-10,19.190000534057617,15.370079575945866
2003-07-11,18.46999931335449,14.97031941099748
2003-07-14,19.59000015258789,14.917408909722136
2003-07-15,19.549999237060547,15.33331656087358
2003-07-16,19.76000022888184,15.30048176746054
2003-07-17,20.21999931335449,14.421769770747684
2003-07-18,19.11000061035156,13.996685893774066
2003-07-21,19.780000686645508,13.488698773688437
2003-07-22,19.170000076293945,13.206563176608743
2003-07-23,18.63999938964844,13.321695897788558
2003-07-24,18.600000381469727,12.987563478854113
2003-07-25,17.75,12.02185228868555
2003-07-28,18.36000061035156,11.966141911167778
2003-07-29,18.670000076293945,11.851503955194024
2003-07-30,18.850000381469727,11.806323986853997
2003-07-31,19.489999771118164,11.963596458228354
2003-08-01,20.75,11.583653023878206
2003-08-04,21.270000457763672,12.302553814295532
2003-08-05,22.68000030517578,8.619177813718098
2003-08-06,21.5,8.635917282266565
2003-08-07,20.26000022888184,8.731342359795642
2003-08-08,19.59000015258789,8.973355559138096
2003-08-11,19.75,9.540287834906573
2003-08-12,17.940000534057617,10.113931221077515
2003-08-13,18.770000457763672,9.846028036351205
2003-08-14,18.46999931335449,9.837723333929333
2003-08-15,18.270000457763672,9.97918224640599
2003-08-18,18.18000030517578,10.746468749948376
2003-08-19,17.860000610351562,10.778515758986233
2003-08-20,17.81999969482422,11.198216125677906
2003-08-21,17.84000015258789,11.467283687280991
2003-08-22,18.549999237060547,11.58997536114968
2003-08-25,19.530000686645508,11.617002631962155
2003-08-26,19.489999771118164,13.542065437405359
2003-08-27,19.1299991607666,13.909130810565914
2003-08-28,18.479999542236328,13.78096167757381
2003-08-29,18.6299991607666,14.023205771686817
2003-09-02,19.020000457763672,13.485185661761811
2003-09-03,19.440000534057617,15.502500810584833
2003-09-04,18.709999084472656,15.566835106698235
2003-09-05,18.170000076293945,15.774234386058586
2003-09-08,18.26000022888184,15.586201719822187
2003-09-09,18.850000381469727,15.416094869032587
2003-09-10,20.01000022888184,14.926894911056468
2003-09-11,19.25,14.923272471980297
2003-09-12,18.68000030517578,14.93246732273586
2003-09-15,19.280000686645508,14.839320998337174
2003-09-16,18.030000686645508,14.061026573491391
2003-09-17,18.149999618530277,14.083603260447624
2003-09-18,17.56999969482422,13.556913289792167
2003-09-19,17.540000915527344,14.03460756355307
2003-09-22,19.649999618530277,13.60474029084675
2003-09-23,19.46999931335449,13.605911074374186
2003-09-24,21.21999931335449,12.737899121162352
2003-09-25,22.26000022888184,12.30445018734211
2003-09-26,22.229999542236328,12.173926257826237
2003-09-29,21.670000076293945,11.807923074766155
2003-09-30,22.71999931335449,11.801886727990501
2003-10-01,21.06999969482422,9.537862761691443
2003-10-02,20.799999237060547,9.50813571738878
2003-10-03,19.5,9.087438355741558
2003-10-06,19.51000022888184,9.219567309807974
2003-10-07,19.40999984741211,9.222081046449036
2003-10-08,19.18000030517578,9.143781671464453
2003-10-09,18.81999969482422,9.257235727754578
2003-10-10,18.450000762939453,9.699345744899507
2003-10-13,17.549999237060547,9.775995934721198
2003-10-14,17.3700008392334,9.694069446786626
2003-10-15,17.690000534057617,10.416072874656658
2003-10-16,17.190000534057617,10.340420293875844
2003-10-17,17.6200008392334,10.01039813833003
2003-10-20,17.040000915527344,9.852298140876488
2003-10-21,16.549999237060547,10.512505081712206
2003-10-22,17.670000076293945,9.922502330457002
2003-10-23,17.68000030517578,10.465639202692968
2003-10-24,17.709999084472656,10.536242540428326
2003-10-27,18.049999237060547,11.482636588819272
2003-10-28,16.81999969482422,10.550574469768884
2003-10-29,16.43000030517578,10.605449084564828
2003-10-30,16.329999923706055,10.590533121296446
2003-10-31,16.100000381469727,11.176282171925147
2003-11-03,16.549999237060547,11.051608210997975
2003-11-04,16.549999237060547,11.033781680272146
2003-11-05,16.860000610351562,11.10126484311898
2003-11-06,16.739999771118164,11.301294563178992
2003-11-07,16.93000030517578,11.144924586955556
2003-11-10,17.6200008392334,11.435264625938574
2003-11-11,17.540000915527344,11.433189265182618
2003-11-12,16.75,11.435750749871657
2003-11-13,16.469999313354492,11.441998693171227
2003-11-14,16.940000534057617,11.127292823985776
2003-11-17,18.600000381469727,10.982019995816373
2003-11-18,19.11000061035156,10.038220688790632
2003-11-19,18.799999237060547,10.308055193030805
2003-11-20,19.479999542236328,9.612068356479147
2003-11-21,18.979999542236328,9.721586004100725
2003-11-24,17.440000534057617,8.933991751430211
2003-11-25,16.709999084472656,8.980028705254647
2003-11-26,16.229999542236328,8.967166330808894
2003-11-28,16.31999969482422,9.829096695502821
2003-12-01,16.770000457763672,9.342864008340687
2003-12-02,16.270000457763672,9.20798692233444
2003-12-03,16.6299991607666,9.157390167750446
2003-12-04,16.299999237060547,9.649623841494348
2003-12-05,17.09000015258789,9.010066593599868
2003-12-08,16.540000915527344,8.896474052833943
2003-12-09,17.6299991607666,8.005138032150466
2003-12-10,17.8700008392334,9.014934677073377
2003-12-11,16.729999542236328,8.638899217410325
2003-12-12,16.40999984741211,9.148317632923803
2003-12-15,17.229999542236328,8.969534435540622
2003-12-16,15.93000030517578,8.929494371259933
2003-12-17,15.579999923706056,8.938560845352338
2003-12-18,16.15999984741211,8.42522412111415
2003-12-19,16.420000076293945,8.430034619293394
2003-12-22,16.940000534057617,8.483564621820452
2003-12-23,16.489999771118164,8.691883556167806
2003-12-24,16.65999984741211,9.35059094968124
2003-12-26,17.450000762939453,10.431596731875272
2003-12-29,17.09000015258789,10.660151181290782
2003-12-30,17.68000030517578,10.655931672542614
2003-12-31,18.309999465942383,10.662104509811929
2004-01-02,18.21999931335449,10.711220969339344
2004-01-05,17.489999771118164,10.127614617296961
2004-01-06,16.729999542236328,10.595251499548157
2004-01-07,15.5,10.578179947879532
2004-01-08,15.609999656677246,11.21444992788296
2004-01-09,16.75,10.672708477729541
2004-01-12,16.81999969482422,10.440496129844133
2004-01-13,18.040000915527344,10.694852378728205
2004-01-14,16.75,10.529314780649509
2004-01-15,15.5600004196167,10.68495538168524
2004-01-16,15.0,11.039409624077864
2004-01-20,15.210000038146973,11.190962172200038
2004-01-21,14.34000015258789,10.952884513190046
2004-01-22,14.710000038146973,10.967916181714664
2004-01-23,14.84000015258789,10.943075843072032
2004-01-26,14.550000190734863,9.916128346530485
2004-01-27,15.350000381469728,9.359322981362553
2004-01-28,16.780000686645508,8.300912343155789
2004-01-29,17.139999389648438,8.300247790940961
2004-01-30,16.6299991607666,8.909894477435492
2004-02-02,17.110000610351562,9.16293951467701
2004-02-03,17.34000015258789,9.12900184521229
2004-02-04,17.8700008392334,8.493372288086743
2004-02-05,17.709999084472656,8.505333858270475
2004-02-06,16.0,8.990923324718093
2004-02-09,16.389999389648438,9.11538945851913
2004-02-10,15.9399995803833,10.816612594741622
2004-02-11,15.390000343322754,10.716109633346885
2004-02-12,15.3100004196167,11.978525932071998
2004-02-13,15.579999923706056,12.560528235830368
2004-02-17,15.399999618530272,12.204956357612911
2004-02-18,15.59000015258789,13.004046037126693
2004-02-19,15.800000190734863,12.976191254070923
2004-02-20,16.040000915527344,13.822993873344982
2004-02-23,16.290000915527344,14.389667037964154
2004-02-24,15.899999618530272,14.389698196631898
2004-02-25,14.93000030517578,14.245764405540454
2004-02-26,14.829999923706056,15.234345560913196
2004-02-27,14.550000190734863,15.226707565087766
2004-03-01,14.4399995803833,15.696668081641388
2004-03-02,14.859999656677246,15.689196770936862
2004-03-03,14.550000190734863,15.67552928575125
2004-03-04,14.399999618530272,15.823580594830322
2004-03-05,14.479999542236328,16.036457273619764
2004-03-08,15.789999961853027,15.549789754125623
2004-03-09,16.600000381469727,15.523074639563827
2004-03-10,18.670000076293945,14.17789031849713
2004-03-11,20.670000076293945,13.238118067583486
2004-03-12,18.299999237060547,12.572068357847483
2004-03-15,21.1299991607666,12.839738586713494
2004-03-16,20.34000015258789,12.745179862054759
2004-03-17,18.11000061035156,12.246814638796444
2004-03-18,18.530000686645508,12.53574440515822
2004-03-19,19.149999618530277,11.232460063621003
2004-03-22,21.57999992370605,11.988972055284561
2004-03-23,20.670000076293945,12.103595822411323
2004-03-24,19.809999465942383,12.882815765958485
2004-03-25,17.8799991607666,12.205078114861747
2004-03-26,17.329999923706055,12.24159436600098
2004-03-29,16.5,11.308759316194509
2004-03-30,16.280000686645508,12.263998452047097
2004-03-31,16.739999771118164,12.637229442470058
2004-04-01,16.649999618530273,12.636970124960708
2004-04-02,15.640000343322754,12.970892340301319
2004-04-05,14.970000267028809,12.73789212543158
2004-04-06,15.31999969482422,13.012049556599392
2004-04-07,15.760000228881836,13.291388385931368
2004-04-08,16.260000228881836,14.37909008504192
2004-04-12,15.279999732971191,14.494203275695448
2004-04-13,17.260000228881836,14.341596081731176
2004-04-14,15.619999885559082,14.578085817633163
2004-04-15,15.739999771118164,14.587134149362294
2004-04-16,14.9399995803833,14.216448335457258
2004-04-19,15.420000076293944,14.405840181525317
2004-04-20,16.670000076293945,13.493130662466424
2004-04-21,15.600000381469728,13.202443657791141
2004-04-22,14.609999656677246,12.033964520067162
2004-04-23,14.010000228881836,12.062757523604487
2004-04-26,14.770000457763672,12.262376653537515
2004-04-27,15.06999969482422,13.495534655372596
2004-04-28,16.290000915527344,12.81189480595984
2004-04-29,16.600000381469727,12.554034109762247
2004-04-30,17.190000534057617,12.172556213741629
2004-05-03,16.6200008392334,11.62152256225068
2004-05-04,16.549999237060547,11.677971556556512
2004-05-05,15.770000457763672,11.94138316656253
2004-05-06,17.049999237060547,11.854416621605608
2004-05-07,18.1299991607666,11.081177131597078
2004-05-10,19.770000457763672,10.070927176061232
2004-05-11,18.56999969482422,10.689364585520016
2004-05-12,18.13999938964844,10.619686504881214
2004-05-13,18.86000061035156,11.223938000122876
2004-05-14,18.46999931335449,11.388944122082618
2004-05-17,19.959999084472656,10.748078226225848
2004-05-18,19.32999992370605,10.769414300409258
2004-05-19,18.93000030517578,10.58320003099225
2004-05-20,18.670000076293945,10.779373886717277
2004-05-21,18.489999771118164,10.840182948858189
2004-05-24,18.07999992370605,11.069868987550121
2004-05-25,15.960000038146973,10.247832241107007
2004-05-26,15.970000267028809,10.435922852519788
2004-05-27,15.279999732971191,10.387831382345135
2004-05-28,15.5,10.467265869499483
2004-06-01,16.299999237060547,10.567285897782428
2004-06-02,16.079999923706055,11.759811343411993
2004-06-03,17.030000686645508,11.237809140350711
2004-06-04,16.780000686645508,11.348883460330866
2004-06-07,15.390000343322754,9.884869481936748
2004-06-08,15.010000228881836,10.070679463140394
2004-06-09,15.390000343322754,9.693516856478155
2004-06-10,15.039999961853027,9.476159432424499
2004-06-14,16.06999969482422,8.872978533331914
2004-06-15,15.050000190734863,8.460527255863406
2004-06-16,14.789999961853027,8.679226139218825
2004-06-17,15.149999618530272,8.67997188915972
2004-06-18,14.989999771118164,8.66339660381866
2004-06-21,15.260000228881836,9.953683826093656
2004-06-22,14.3100004196167,11.561934764042771
2004-06-23,13.979999542236328,11.035369135183334
2004-06-24,14.8100004196167,11.253140546660488
2004-06-25,15.1899995803833,11.218506798271582
2004-06-28,16.06999969482422,11.938103047829294
2004-06-29,15.470000267028809,11.871918894575453
2004-06-30,14.34000015258789,11.7927678670759
2004-07-01,15.199999809265137,10.945810631254501
2004-07-02,15.079999923706056,10.997585226722736
2004-07-06,16.25,10.90336246790229
2004-07-07,15.8100004196167,10.819615210713708
2004-07-08,16.200000762939453,11.987415523404017
2004-07-09,15.779999732971191,12.734178725042991
2004-07-12,14.960000038146973,12.76533962530341
2004-07-13,14.460000038146973,13.809701158571071
2004-07-14,13.760000228881836,13.800135238192274
2004-07-15,14.710000038146973,14.10256933438011
2004-07-16,14.34000015258789,14.161374569346444
2004-07-19,15.170000076293944,14.7327731674027
2004-07-20,14.170000076293944,14.076334567424825
2004-07-21,16.40999984741211,13.03724982887492
2004-07-22,15.75,13.046019797771589
2004-07-23,16.5,12.886170211762396
2004-07-26,17.299999237060547,12.904394336869615
2004-07-27,16.549999237060547,12.497510415586259
2004-07-28,16.149999618530273,12.67755569103996
2004-07-29,15.68000030517578,12.597794770558341
2004-07-30,15.31999969482422,12.616638472035113
2004-08-02,15.369999885559082,12.95244883898292
2004-08-03,16.030000686645508,12.77124647757389
2004-08-04,16.209999084472656,12.780331071411014
2004-08-05,18.31999969482422,11.634070110777158
2004-08-06,19.34000015258789,10.207157281681903
2004-08-09,18.88999938964844,10.304451726377591
2004-08-10,17.469999313354492,9.72045467154987
2004-08-11,18.040000915527344,9.667442140922327
2004-08-12,19.07999992370605,8.421216970354992
2004-08-13,17.979999542236328,8.417465460695716
2004-08-16,17.56999969482422,7.9421546126381
2004-08-17,17.020000457763672,8.593742980981082
2004-08-18,16.229999542236328,8.011650164471085
2004-08-19,16.959999084472656,7.90344674232544
2004-08-20,16.0,8.10688292509239
2004-08-23,15.880000114440918,8.065321164315996
2004-08-24,15.329999923706056,9.475185740570574
2004-08-25,14.979999542236328,9.433198253596522
2004-08-26,14.90999984741211,9.563736971774079
2004-08-27,14.710000038146973,9.792912183010063
2004-08-30,15.4399995803833,9.4366428295807
2004-08-31,15.289999961853027,9.422806408107895
2004-09-01,14.90999984741211,9.418559799040008
2004-09-02,14.279999732971191,10.412251021227052
2004-09-03,13.90999984741211,10.261630966495346
2004-09-07,14.06999969482422,10.045476259653748
2004-09-08,14.0600004196167,10.200482657835435
2004-09-09,14.010000228881836,11.03122948083396
2004-09-10,13.760000228881836,11.332890952230674
2004-09-13,13.170000076293944,11.36793249030072
2004-09-14,13.5600004196167,11.42274293239977
2004-09-15,14.640000343322754,11.535957449216456
2004-09-16,14.390000343322754,11.777980359115348
2004-09-17,14.029999732971191,11.865431100386358
2004-09-20,14.43000030517578,11.806953874814432
2004-09-21,13.65999984741211,12.003787240601776
2004-09-22,14.739999771118164,11.212999202899875
2004-09-23,14.800000190734863,11.3133364439244
2004-09-24,14.279999732971191,11.874995058883215
2004-09-27,14.619999885559082,11.684242724648474
2004-09-28,13.829999923706056,12.823486171882209
2004-09-29,13.210000038146973,13.397104867022078
2004-09-30,13.34000015258789,13.418837296012326
2004-10-01,12.75,11.990884801355792
2004-10-04,13.40999984741211,12.018812451898567
2004-10-05,13.949999809265137,12.017673798073634
2004-10-06,13.279999732971191,12.611108199838315
2004-10-07,14.5,12.776475084494592
2004-10-08,15.050000190734863,12.353697563838805
2004-10-11,14.710000038146973,12.390647667501572
2004-10-12,15.050000190734863,12.291165210155068
2004-10-13,15.420000076293944,11.633984196227695
2004-10-14,16.43000030517578,11.079091690904956
2004-10-15,15.039999961853027,11.174041205367647
2004-10-18,14.710000038146973,11.176082901805055
2004-10-19,15.130000114440918,11.00846250204591
2004-10-20,14.850000381469728,10.86424353791812
2004-10-21,14.539999961853027,10.840232497330803
2004-10-22,15.279999732971191,10.818271972788285
2004-10-25,16.579999923706055,10.688048606345117
2004-10-26,16.389999389648438,9.8084612890812
2004-10-27,15.720000267028809,9.226273876055599
2004-10-28,15.390000343322754,9.298217426620155
2004-10-29,16.270000457763672,9.584104530283506
2004-11-01,16.270000457763672,9.595064413485229
2004-11-02,16.18000030517578,10.11276544960781
2004-11-03,14.039999961853027,9.41808863425149
2004-11-04,13.970000267028809,8.401864285110483
2004-11-05,13.84000015258789,8.21001186981667
2004-11-08,13.800000190734863,8.963198826715473
2004-11-09,13.609999656677246,9.096651704358639
2004-11-10,13.079999923706056,9.14168150206565
2004-11-11,13.039999961853027,8.815304357573902
2004-11-12,13.329999923706056,8.906798775808946
2004-11-15,13.380000114440918,8.939454412724377
2004-11-16,13.210000038146973,8.421059122048387
2004-11-17,13.210000038146973,8.258017541457257
2004-11-18,12.979999542236328,8.686307355644235
2004-11-19,13.5,7.511048508062064
2004-11-22,12.970000267028809,7.765971057845415
2004-11-23,12.670000076293944,7.776447635991013
2004-11-24,12.720000267028809,7.767993330087496
2004-11-26,12.779999732971191,7.825912438026451
2004-11-29,13.300000190734863,7.662483239545718
2004-11-30,13.239999771118164,7.654331544005549
2004-12-01,12.970000267028809,6.8462740842868826
2004-12-02,12.979999542236328,6.938624899649929
2004-12-03,12.960000038146973,7.202923253671768
2004-12-06,13.1899995803833,8.55023106144662
2004-12-07,13.670000076293944,8.232254148220669
2004-12-08,13.1899995803833,8.167916890500134
2004-12-09,12.880000114440918,8.085968703458992
2004-12-10,12.760000228881836,8.258030500664026
2004-12-13,12.539999961853027,7.958610983330497
2004-12-14,12.729999542236328,7.94579721374805
2004-12-15,12.350000381469728,8.337850572177606
2004-12-16,12.270000457763672,8.640977536824778
2004-12-17,11.949999809265137,9.20880315510564
2004-12-20,11.829999923706056,9.936561952513491
2004-12-21,11.550000190734863,9.628086864694597
2004-12-22,11.449999809265137,9.67994986775543
2004-12-23,11.229999542236328,9.638995551682825
2004-12-27,12.140000343322754,9.775135302120356
2004-12-28,12.0,9.577938331688944
2004-12-29,11.619999885559082,9.587823932293684
2004-12-30,12.5600004196167,9.604865378923085
2004-12-31,13.289999961853027,9.985299241452717
2005-01-03,14.079999923706056,10.22580363525465
2005-01-04,13.979999542236328,9.302401671838103
2005-01-05,14.09000015258789,8.985466514690243
2005-01-06,13.579999923706056,9.565067618848175
2005-01-07,13.489999771118164,9.562139289570629
2005-01-10,13.229999542236328,9.445843307742924
2005-01-11,13.1899995803833,9.5106144286936
2005-01-12,12.5600004196167,9.523132568340696
2005-01-13,12.84000015258789,9.372541401410079
2005-01-14,12.43000030517578,9.279973829131128
2005-01-18,12.470000267028809,8.67485996232255
2005-01-19,13.18000030517578,7.600095990252309
2005-01-20,13.829999923706056,7.8861475724243295
2005-01-21,14.359999656677246,7.40050768783828
2005-01-24,14.649999618530272,9.38850398678857
2005-01-25,14.0600004196167,9.629473995366705
2005-01-26,13.4399995803833,9.807084852075432
2005-01-27,13.239999771118164,10.270268907044281
2005-01-28,13.239999771118164,10.673252651078208
2005-01-31,12.81999969482422,10.607566744657333
2005-02-01,12.029999732971191,10.452543296644679
2005-02-02,11.65999984741211,10.424626099290766
2005-02-03,11.789999961853027,11.108131514023365
2005-02-04,11.210000038146973,10.581928256221255
2005-02-07,11.729999542236328,10.688676319031174
2005-02-08,11.600000381469728,11.519015681771203
2005-02-09,12.0,11.154028375354487
2005-02-10,11.510000228881836,11.435702027360065
2005-02-11,11.43000030517578,11.238048235939571
2005-02-14,11.520000457763672,11.630252347240768
2005-02-15,11.270000457763672,11.888787422356874
2005-02-16,11.100000381469728,11.921017140805057
2005-02-17,11.770000457763672,11.636860323910165
2005-02-18,11.18000030517578,11.668833572874403
2005-02-22,13.140000343322754,11.002272825249596
2005-02-23,12.390000343322754,10.641601668565293
2005-02-24,11.56999969482422,10.308983833177795
2005-02-25,11.489999771118164,9.526338323865406
2005-02-28,12.079999923706056,9.530763200281296
2005-03-01,12.039999961853027,10.8139114592881
2005-03-02,12.5,10.815038088098508
2005-03-03,12.93000030517578,10.861715551265567
2005-03-04,11.9399995803833,9.660968220266037
2005-03-07,12.260000228881836,9.917170634444048
2005-03-08,12.399999618530272,10.050201479428669
2005-03-09,12.699999809265137,9.612130723894595
2005-03-10,12.489999771118164,10.16844632150967
2005-03-11,12.800000190734863,9.944903124008823
2005-03-14,12.390000343322754,9.85301016010925
2005-03-15,13.149999618530272,10.284566395039779
2005-03-16,13.489999771118164,10.845886678223271
2005-03-17,13.289999961853027,11.681581239529658
2005-03-18,13.140000343322754,11.812996705555292
2005-03-21,13.609999656677246,12.266947035471564
2005-03-22,14.270000457763672,12.710225767730138
2005-03-23,14.0600004196167,14.657137500793802
2005-03-24,13.420000076293944,14.691108552358639
2005-03-28,13.75,14.899276900756202
2005-03-29,14.489999771118164,15.110121324856124
2005-03-30,13.640000343322754,14.208487657839393
2005-03-31,14.020000457763672,14.787900602870454
2005-04-01,14.09000015258789,15.674170408726054
2005-04-04,14.109999656677246,15.814533796740498
2005-04-05,13.68000030517578,15.716714337608495
2005-04-06,13.149999618530272,15.934449510409435
2005-04-07,12.329999923706056,15.784663758200903
2005-04-08,12.619999885559082,15.39755492980789
2005-04-11,11.979999542236328,15.572224068929113
2005-04-12,11.300000190734863,15.851331601924318
2005-04-13,13.3100004196167,15.449337778082258
2005-04-14,14.529999732971191,15.232829438079479
2005-04-15,17.739999771118164,14.317883257075948
2005-04-18,16.559999465942383,14.622549058805317
2005-04-19,14.960000038146973,14.55009458478465
2005-04-20,16.920000076293945,13.766595687960267
2005-04-21,14.40999984741211,12.241329170596805
2005-04-22,15.380000114440918,12.136275626739458
2005-04-25,14.619999885559082,12.084948513769763
2005-04-26,14.90999984741211,11.440850405277725
2005-04-27,14.869999885559082,11.448568409028086
2005-04-28,16.860000610351562,10.197186741745526
2005-04-29,15.3100004196167,9.335347084791389
2005-05-02,15.119999885559082,9.674012691022533
2005-05-03,14.529999732971191,10.006205569002603
2005-05-04,13.850000381469728,9.752462046025027
2005-05-05,13.979999542236328,10.003153146838086
2005-05-06,14.050000190734863,9.906954409728359
2005-05-09,13.75,9.731610360228576
2005-05-10,14.90999984741211,8.83657376887888
2005-05-11,14.449999809265137,8.795563026437645
2005-05-12,16.1200008392334,7.6275621188654625
2005-05-13,16.31999969482422,7.5064989332193495
2005-05-16,15.68000030517578,7.00686884814875
2005-05-17,14.56999969482422,6.760504283036811
2005-05-18,13.630000114440918,5.939304358483995
2005-05-19,13.31999969482422,5.906959906407402
2005-05-20,13.140000343322754,5.841393428259882
2005-05-23,12.949999809265137,5.6092382435303865
2005-05-24,12.6899995803833,5.477577654202138
2005-05-25,12.579999923706056,7.689146840547879
2005-05-26,12.239999771118164,7.9231323279746135
2005-05-27,12.149999618530272,7.91599176013245
2005-05-31,13.289999961853027,8.125142928288314
2005-06-01,12.359999656677246,7.614200215747428
2005-06-02,11.84000015258789,7.793906142219799
2005-06-03,12.149999618530272,7.683097348514684
2005-06-06,12.279999732971191,8.186163849957417
2005-06-07,12.390000343322754,8.759206514562013
2005-06-08,12.699999809265137,8.84357701915135
2005-06-09,12.079999923706056,9.573928013131887
2005-06-10,11.960000038146973,9.640590755458454
2005-06-13,11.649999618530272,9.625965286338353
2005-06-14,11.789999961853027,9.61335031007581
2005-06-15,11.460000038146973,9.66898377195451
2005-06-16,11.149999618530272,9.663645717247878
2005-06-17,11.479999542236328,9.742323093169299
2005-06-20,11.470000267028809,9.905865901297577
2005-06-21,11.079999923706056,9.953495980015372
2005-06-22,11.050000190734863,10.229851941952786
2005-06-23,12.130000114440918,8.856605039854013
2005-06-24,12.18000030517578,8.387578505927706
2005-06-27,12.520000457763672,8.388946065907685
2005-06-28,11.579999923706056,8.054946626805974
2005-06-29,11.770000457763672,8.068341370902177
2005-06-30,12.039999961853027,8.230007915625078
2005-07-01,11.399999618530272,8.270217621370126
2005-07-05,11.68000030517578,8.094347667929263
2005-07-06,12.270000457763672,7.180800414724285
2005-07-07,12.489999771118164,7.998898900715304
2005-07-08,11.449999809265137,7.635359915418224
2005-07-11,11.279999732971191,7.4951912953342354
2005-07-12,10.949999809265137,7.728417293091691
2005-07-13,10.84000015258789,7.727178416378785
2005-07-14,10.8100004196167,7.730351241328397
2005-07-15,10.329999923706056,8.067380624513032
2005-07-18,10.770000457763672,8.18943408303833
2005-07-19,10.449999809265137,9.29977694977257
2005-07-20,10.229999542236328,9.195596017513953
2005-07-21,10.970000267028809,8.976223834735041
2005-07-22,10.520000457763672,8.660713497500199
2005-07-25,11.100000381469728,8.61477465756696
2005-07-26,10.989999771118164,8.612911310017077
2005-07-27,10.359999656677246,8.972920408271774
2005-07-28,10.520000457763672,8.73024944988131
2005-07-29,11.56999969482422,8.744083705439447
2005-08-01,12.079999923706056,9.297437243535134
2005-08-02,11.75,9.065784017616231
2005-08-03,11.829999923706056,10.2521835965987
2005-08-04,12.520000457763672,9.894819661253877
2005-08-05,12.479999542236328,9.626970159586822
2005-08-08,13.210000038146973,10.479837987557525
2005-08-09,12.399999618530272,10.28463925796612
2005-08-10,12.380000114440918,10.358766109539955
2005-08-11,12.420000076293944,10.742426141969087
2005-08-12,12.739999771118164,10.50939268141287
2005-08-15,12.260000228881836,10.499335973288494
2005-08-16,13.520000457763672,9.426114164277068
2005-08-17,13.300000190734863,9.430000934826746
2005-08-18,13.420000076293944,9.721409891473046
2005-08-19,13.420000076293944,9.80710383429418
2005-08-22,13.420000076293944,10.309955963222562
2005-08-23,13.34000015258789,10.826584439492562
2005-08-24,14.170000076293944,10.407673389512045
2005-08-25,13.729999542236328,10.335891458741196
2005-08-26,13.720000267028809,10.002002110683135
2005-08-29,13.520000457763672,9.64278554828011
2005-08-30,13.649999618530272,9.429071172075048
2005-08-31,12.600000381469728,8.781573988279323
2005-09-01,13.149999618530272,8.829904297282965
2005-09-02,13.56999969482422,8.912134957407327
2005-09-06,12.93000030517578,8.781358612596076
2005-09-07,12.520000457763672,9.757914346902858
2005-09-08,12.93000030517578,9.765334401457352
2005-09-09,11.979999542236328,9.16799742158711
2005-09-12,11.649999618530272,9.467516908289184
2005-09-13,12.390000343322754,9.383385255695336
2005-09-14,12.90999984741211,9.603082603741688
2005-09-15,12.489999771118164,9.600641138636332
2005-09-16,11.220000267028809,10.101126443566999
2005-09-19,12.140000343322754,10.284648150123669
2005-09-20,12.640000343322754,10.52937204452191
2005-09-21,13.789999961853027,11.956406892686411
2005-09-22,13.329999923706056,13.32322178696982
2005-09-23,12.960000038146973,13.439797581001848
2005-09-26,13.039999961853027,14.685584428647951
2005-09-27,12.760000228881836,14.692085898821178
2005-09-28,12.630000114440918,14.696122587949608
2005-09-29,12.239999771118164,14.674349178670754
2005-09-30,11.920000076293944,15.682912158217984
2005-10-03,12.460000038146973,15.723579272046607
2005-10-04,13.199999809265137,15.294664788520427
2005-10-05,14.550000190734863,14.945077964908476
2005-10-06,14.960000038146973,14.893036719334104
2005-10-07,14.59000015258789,14.896863441956345
2005-10-10,15.550000190734863,14.467770494483508
2005-10-11,15.630000114440918,14.43802480373748
2005-10-12,16.219999313354492,14.001054143803634
2005-10-13,16.469999313354492,14.104896772233763
2005-10-14,14.869999885559082,13.78911811365183
2005-10-17,14.670000076293944,13.806568462679278
2005-10-18,15.329999923706056,13.140827807149666
2005-10-19,13.5,12.015286651499984
2005-10-20,16.110000610351562,9.90347178498096
2005-10-21,16.1299991607666,9.90377421900195
2005-10-24,14.739999771118164,8.790843426320126
2005-10-25,14.529999732971191,8.659235164361528
2005-10-26,14.59000015258789,8.46065181794638
2005-10-27,16.020000457763672,6.792886104349045
2005-10-28,14.25,6.604584353880265
2005-10-31,15.31999969482422,6.734862656749997
2005-11-01,14.850000381469728,7.278433910297317
2005-11-02,13.479999542236328,7.2408066239363436
2005-11-03,13.0,7.1940431801913025
2005-11-04,13.170000076293944,7.247438979982383
2005-11-07,13.100000381469728,7.24105830546521
2005-11-08,13.079999923706056,7.720735238923091
2005-11-09,12.800000190734863,7.759517272749042
2005-11-10,11.899999618530272,7.415312840510113
2005-11-11,11.630000114440918,7.369690645454026
2005-11-14,12.18000030517578,7.609941614780174
2005-11-15,12.229999542236328,7.41042317785557
2005-11-16,12.260000228881836,7.596218732343791
2005-11-17,11.25,7.201905398024003
2005-11-18,11.119999885559082,7.422524882397346
2005-11-21,10.81999969482422,7.231521231793633
2005-11-22,10.600000381469728,7.096136806354929
2005-11-23,10.960000038146973,7.04194677871638
2005-11-25,10.880000114440918,7.039537565898811
2005-11-28,11.84000015258789,7.534695508831316
2005-11-29,11.890000343322754,7.564841819733843
2005-11-30,12.0600004196167,7.48013442425423
2005-12-01,11.239999771118164,6.732570398245182
2005-12-02,11.010000228881836,9.289366790866218
2005-12-05,11.600000381469728,9.379035412072282
2005-12-06,11.520000457763672,9.365691900162746
2005-12-07,12.18000030517578,9.441354564324511
2005-12-08,12.210000038146973,9.427589917463088
2005-12-09,11.6899995803833,9.416267324410098
2005-12-12,11.470000267028809,9.439298459730054
2005-12-13,11.109999656677246,9.394123750246747
2005-12-14,10.479999542236328,9.341272655868572
2005-12-15,10.729999542236328,9.332746108067562
2005-12-16,10.68000030517578,9.377837679761301
2005-12-19,11.380000114440918,9.189882252071515
2005-12-20,11.1899995803833,11.490717847735214
2005-12-21,10.8100004196167,11.547015431893609
2005-12-22,10.289999961853027,11.397818288434625
2005-12-23,10.270000457763672,11.400609421028436
2005-12-27,11.56999969482422,10.892478545643652
2005-12-28,11.350000381469728,11.294091826009241
2005-12-29,11.609999656677246,11.127981884143876
2005-12-30,12.06999969482422,11.299339870244248
2006-01-03,11.140000343322754,9.81533885701586
2006-01-04,11.369999885559082,10.609044743006358
2006-01-05,11.3100004196167,10.739762518224184
2006-01-06,11.0,10.308452522465382
2006-01-09,11.130000114440918,10.6208722923886
2006-01-10,10.859999656677246,11.21812697208192
2006-01-11,10.9399995803833,11.116421196776262
2006-01-12,11.199999809265137,11.111104262757857
2006-01-13,11.229999542236328,11.116459803719971
2006-01-17,11.90999984741211,11.80267039766305
2006-01-18,12.25,11.786333594017131
2006-01-19,11.979999542236328,12.005286010650186
2006-01-20,14.5600004196167,9.8571799905004
2006-01-23,13.93000030517578,9.891671075499284
2006-01-24,13.3100004196167,10.065461822026624
2006-01-25,12.869999885559082,10.105624682598018
2006-01-26,12.420000076293944,9.98220004166113
2006-01-27,11.970000267028809,9.472968707336511
2006-01-30,12.390000343322754,10.102672880637591
2006-01-31,12.949999809265137,10.193672224118865
2006-02-01,12.359999656677246,9.925949606226016
2006-02-02,13.229999542236328,9.071374960582936
2006-02-03,12.960000038146973,9.040283167869914
2006-02-06,13.039999961853027,9.04750912911058
2006-02-07,13.59000015258789,8.342806391629548
2006-02-08,12.829999923706056,8.225599801874354
2006-02-09,13.119999885559082,8.800506213527006
2006-02-10,12.869999885559082,8.801213077784896
2006-02-13,13.350000381469728,9.36259889103441
2006-02-14,12.25,8.812675692379269
2006-02-15,12.3100004196167,8.776238136619405
2006-02-16,11.479999542236328,8.447518959625649
2006-02-17,12.010000228881836,8.396221302490584
2006-02-21,12.40999984741211,8.69957800818181
2006-02-22,11.880000114440918,8.701685544187496
2006-02-23,11.869999885559082,8.723551381249257
2006-02-24,11.460000038146973,8.69339402347046
2006-02-27,11.59000015258789,8.72144294736919
2006-02-28,12.34000015258789,8.281432116535598
2006-03-01,11.539999961853027,7.982929846556959
2006-03-02,11.720000267028809,8.020375142141836
2006-03-03,11.960000038146973,7.799473926829761
2006-03-06,12.739999771118164,7.575996319774475
2006-03-07,12.65999984741211,7.769000647808354
2006-03-08,12.31999969482422,7.804001630620178
2006-03-09,12.68000030517578,7.275640081214053
2006-03-10,11.850000381469728,7.774302401830428
2006-03-13,11.369999885559082,7.7680004831353315
2006-03-14,10.739999771118164,7.478718211101692
2006-03-15,11.350000381469728,7.311298917318836
2006-03-16,11.979999542236328,7.250840590988005
2006-03-17,12.119999885559082,7.22957479336312
2006-03-20,11.789999961853027,9.28597718335309
2006-03-21,11.619999885559082,8.985906518660492
2006-03-22,11.210000038146973,8.752276676123783
2006-03-23,11.170000076293944,8.708223934822053
2006-03-24,11.1899995803833,8.742394946800887
2006-03-27,11.460000038146973,8.863184686240537
2006-03-28,11.579999923706056,8.544622072727458
2006-03-29,10.949999809265137,8.430392758175488
2006-03-30,11.56999969482422,8.45292597781497
2006-03-31,11.390000343322754,9.014398874963083
2006-04-03,11.56999969482422,9.36396386381743
2006-04-04,11.140000343322754,9.228086522661695
2006-04-05,11.130000114440918,9.235053120625478
2006-04-06,11.449999809265137,9.715577954768026
2006-04-07,12.260000228881836,8.872028862512844
2006-04-10,12.1899995803833,8.876210961588283
2006-04-11,13.0,8.15229513793303
2006-04-12,12.760000228881836,9.477427258154062
2006-04-13,12.380000114440918,10.680713320877508
2006-04-17,12.579999923706056,10.69693834911397
2006-04-18,11.399999618530272,9.022758715997876
2006-04-19,11.31999969482422,11.131191815220884
2006-04-20,11.640000343322754,11.138151641614478
2006-04-21,11.59000015258789,11.56625043446066
2006-04-24,11.75,11.76721650625012
2006-04-25,11.75,11.92190087490053
2006-04-26,11.760000228881836,12.421679562852786
2006-04-27,11.84000015258789,13.196300294349566
2006-04-28,11.59000015258789,13.290308479401034
2006-05-01,12.539999961853027,14.375673318248896
2006-05-02,11.989999771118164,14.736094197099137
2006-05-03,11.989999771118164,15.212498452963446
2006-05-04,11.859999656677246,15.164265348344449
2006-05-05,11.619999885559082,15.459312341647532
2006-05-08,12.0,15.456287370484285
2006-05-09,11.989999771118164,15.488748258161381
2006-05-10,11.779999732971191,15.483044787843003
2006-05-11,12.489999771118164,15.074317362890973
2006-05-12,14.1899995803833,14.878408688473833
2006-05-15,13.56999969482422,15.170916732044182
2006-05-16,13.350000381469728,15.61865374399404
2006-05-17,16.260000228881836,16.34804504711328
2006-05-18,16.989999771118164,16.45460372236863
2006-05-19,17.18000030517578,16.413494650005212
2006-05-22,17.719999313354492,16.300180645537722
2006-05-23,18.26000022888184,16.311448869275434
2006-05-24,17.360000610351562,16.116551630265104
2006-05-25,15.5,15.400180231413026
2006-05-26,14.260000228881836,15.366610210783088
2006-05-30,18.65999984741211,14.342363988509183
2006-05-31,16.440000534057617,13.945371937587517
2006-06-01,14.520000457763672,15.401040323781038
2006-06-02,14.31999969482422,15.375188704874617
2006-06-05,16.649999618530273,14.488801026638972
2006-06-06,17.34000015258789,14.623266975885857
2006-06-07,17.799999237060547,14.347410167802558
2006-06-08,18.350000381469727,14.576196671043434
2006-06-09,18.1200008392334,14.514409628963893
2006-06-12,20.959999084472656,13.87765804730819
2006-06-13,23.809999465942383,13.760838959223873
2006-06-14,21.459999084472656,14.955735960107525
2006-06-15,15.899999618530272,12.88033046340204
2006-06-16,17.25,12.654553477630625
2006-06-19,17.829999923706055,12.490754674448867
2006-06-20,16.690000534057617,13.365053673066237
2006-06-21,15.520000457763672,13.368376552907732
2006-06-22,15.880000114440918,13.515762964400894
2006-06-23,15.890000343322754,14.99217537148434
2006-06-26,15.619999885559082,14.967329343198541
2006-06-27,16.399999618530273,14.554790572750973
2006-06-28,15.789999961853027,14.418475160948411
2006-06-29,13.029999732971191,13.017095921424007
2006-06-30,13.079999923706056,13.025121656113628
2006-07-03,13.050000190734863,13.064459182123892
2006-07-05,14.149999618530272,13.117532841633563
2006-07-06,13.649999618530272,13.11131024317595
2006-07-07,13.970000267028809,12.883660576578437
2006-07-10,14.020000457763672,12.916022174211363
2006-07-11,13.140000343322754,12.90948294467485
2006-07-12,14.489999771118164,12.350602976210261
2006-07-13,17.790000915527344,10.663696191105025
2006-07-14,18.049999237060547,10.601954955648251
2006-07-17,18.63999938964844,10.551711837410682
2006-07-18,17.739999771118164,11.118446666285477
2006-07-19,15.550000190734863,10.489507729346123
2006-07-20,16.209999084472656,10.00654019709128
2006-07-21,17.399999618530273,9.452244602077542
2006-07-24,14.979999542236328,7.802300452511626
2006-07-25,14.850000381469728,7.783556882867584
2006-07-26,14.619999885559082,7.9196909845706305
2006-07-27,14.9399995803833,7.916300263797865
2006-07-28,14.329999923706056,7.199307455144374
2006-07-31,14.949999809265137,7.3071013395746345
2006-08-01,15.050000190734863,6.962287450871287
2006-08-02,14.34000015258789,6.661215042097619
2006-08-03,14.460000038146973,6.643236077366326
2006-08-04,14.34000015258789,6.805204953857746
2006-08-07,15.229999542236328,6.674269649397704
2006-08-08,15.229999542236328,7.398693929344473
2006-08-09,15.199999809265137,7.511496841557948
2006-08-10,14.460000038146973,7.504336432374736
2006-08-11,14.300000190734863,7.358018833800799
2006-08-14,14.260000228881836,7.9391934736793
2006-08-15,13.420000076293944,7.0506782551334455
2006-08-16,12.40999984741211,6.5698029188920595
2006-08-17,12.239999771118164,6.563914419350837
2006-08-18,11.640000343322754,6.385831389091449
2006-08-21,12.220000267028809,6.226879312331292
2006-08-22,12.1899995803833,6.409040219066419
2006-08-23,12.399999618530272,6.614989985490752
2006-08-24,12.399999618530272,6.74172520476533
2006-08-25,12.3100004196167,7.15427431538975
2006-08-28,12.18000030517578,7.483919039894392
2006-08-29,12.279999732971191,7.483715709075191
2006-08-30,12.220000267028809,7.5058934401120005
2006-08-31,12.3100004196167,7.527605950560588
2006-09-01,11.960000038146973,7.52556723987081
2006-09-05,12.630000114440918,7.52964961086346
2006-09-06,13.739999771118164,7.5373823523146175
2006-09-07,13.880000114440918,7.137544988186667
2006-09-08,13.15999984741211,7.236872379002069
2006-09-11,12.989999771118164,7.245756271372104
2006-09-12,11.920000076293944,6.636727895342892
2006-09-13,11.18000030517578,6.638233372028128
2006-09-14,11.550000190734863,7.105881474762546
2006-09-15,11.760000228881836,7.108847296983066
2006-09-18,11.779999732971191,7.107902059747436
2006-09-19,11.979999542236328,7.162665228958411
2006-09-20,11.390000343322754,7.036931479470648
2006-09-21,12.25,6.624381146508831
2006-09-22,12.59000015258789,6.403587965888785
2006-09-25,12.119999885559082,6.131776212827521
2006-09-26,11.529999732971191,5.667081198219259
2006-09-27,11.579999923706056,5.701083987065635
2006-09-28,11.720000267028809,5.667284181640893
2006-09-29,11.979999542236328,6.307404248083824
2006-10-02,12.56999969482422,6.0537050019890675
2006-10-03,12.239999771118164,6.0886490553152095
2006-10-04,11.859999656677246,5.562971559390624
2006-10-05,11.979999542236328,5.561816656396966
2006-10-06,11.5600004196167,5.58652349026822
2006-10-09,11.68000030517578,6.746234923048743
2006-10-10,11.520000457763672,6.815860191205901
2006-10-11,11.619999885559082,6.7626400728745875
2006-10-12,11.09000015258789,6.586771487416609
2006-10-13,10.75,6.549753490372541
2006-10-16,11.09000015258789,6.575580944470705
2006-10-17,11.729999542236328,6.841747632730703
2006-10-18,11.34000015258789,6.868242374344397
2006-10-19,10.899999618530272,6.883491793874554
2006-10-20,10.630000114440918,6.882183441540343
2006-10-23,11.079999923706056,6.7734524430457785
2006-10-24,10.779999732971191,6.736620583985374
2006-10-25,10.65999984741211,6.6879896652232995
2006-10-26,10.5600004196167,6.858397170486992
2006-10-27,10.800000190734863,8.244511267687733
2006-10-30,11.199999809265137,8.364606750097861
2006-10-31,11.100000381469728,9.071397755158959
2006-11-01,11.510000228881836,8.605131948806113
2006-11-02,11.420000076293944,8.67192490808129
2006-11-03,11.15999984741211,8.87659841107791
2006-11-06,11.15999984741211,8.208970567214756
2006-11-07,11.09000015258789,8.19045225458254
2006-11-08,10.75,8.407733939583913
2006-11-09,11.010000228881836,8.099780193422848
2006-11-10,10.789999961853027,8.117653267249587
2006-11-13,10.859999656677246,8.13664769146756
2006-11-14,10.5,7.782905821403919
2006-11-15,10.3100004196167,8.258937599204476
2006-11-16,10.15999984741211,8.247131653183192
2006-11-17,10.050000190734863,8.349981305238716
2006-11-20,9.970000267028809,8.358046765759347
2006-11-21,9.899999618530272,8.373632496959011
2006-11-22,10.140000343322754,8.50735107861625
2006-11-24,10.729999542236328,8.688903511459293
2006-11-27,12.300000190734863,7.062109179649159
2006-11-28,11.619999885559082,7.226050218823844
2006-11-29,10.829999923706056,6.520441739244838
2006-11-30,10.90999984741211,6.762515352733951
2006-12-01,11.65999984741211,6.73940531987369
2006-12-04,11.229999542236328,6.256934985867015
2006-12-05,11.270000457763672,6.7478509822254935
2006-12-06,11.329999923706056,6.954151899514647
2006-12-07,12.670000076293944,6.764674380824499
2006-12-08,12.06999969482422,6.8313499902304775
2006-12-11,10.710000038146973,6.924567607373255
2006-12-12,10.649999618530272,7.357576289766456
2006-12-13,10.18000030517578,7.421702699561548
2006-12-14,9.970000267028809,6.77486159941364
2006-12-15,10.050000190734863,6.89489721395883
2006-12-18,10.600000381469728,6.842318600219192
2006-12-19,10.300000190734863,6.916700628819014
2006-12-20,10.260000228881836,6.98684791602923
2006-12-21,10.529999732971191,7.344609642102065
2006-12-22,11.359999656677246,8.271468593999275
2006-12-26,11.260000228881836,8.037289754847484
2006-12-27,10.640000343322754,7.680196365461857
2006-12-28,10.989999771118164,7.869985998895487
2006-12-29,11.5600004196167,8.01445760718589
2007-01-03,12.039999961853027,8.161413842339906
2007-01-04,11.510000228881836,8.153786015669985
2007-01-05,12.140000343322754,7.424602110381946
2007-01-08,12.0,7.343287665672616
2007-01-09,11.90999984741211,7.304983236177405
2007-01-10,11.470000267028809,7.332018170324275
2007-01-11,10.869999885559082,7.84361092547646
2007-01-12,10.149999618530272,7.515281576102756
2007-01-16,10.739999771118164,8.026010121825452
2007-01-17,10.59000015258789,8.298612874295342
2007-01-18,10.850000381469728,8.144874049246592
2007-01-19,10.399999618530272,8.157933408499588
2007-01-22,10.770000457763672,8.019574073932528
2007-01-23,10.34000015258789,8.014978967545323
2007-01-24,9.890000343322754,7.604961016142549
2007-01-25,11.220000267028809,6.290362939844895
2007-01-26,11.130000114440918,6.289596309021499
2007-01-29,11.449999809265137,15.837683475139256
2007-01-30,10.960000038146973,16.188934770705053
2007-01-31,10.420000076293944,15.968746688440522
2007-02-01,10.3100004196167,16.28217491348073
2007-02-02,10.079999923706056,16.434850511159677
2007-02-05,10.550000190734863,17.836077490794853
2007-02-06,10.649999618530272,17.822017577701533
2007-02-07,10.31999969482422,18.144210140003658
2007-02-08,10.4399995803833,18.15598615826887
2007-02-09,11.100000381469728,18.042138475315912
2007-02-12,11.609999656677246,19.205873415571844
2007-02-13,10.34000015258789,19.139796641476885
2007-02-14,10.229999542236328,18.923843603052514
2007-02-15,10.220000267028809,18.880412245248298
2007-02-16,10.020000457763672,19.551361944240867
2007-02-20,10.239999771118164,19.6750006922872
2007-02-21,10.199999809265137,20.67676783787813
2007-02-22,10.18000030517578,20.676770309477156
2007-02-23,10.579999923706056,20.65513509491609
2007-02-26,11.149999618530272,20.65689115240231
2007-02-27,18.309999465942383,14.575668010566318
2007-02-28,15.420000076293944,14.496524008477754
2007-03-01,15.81999969482422,14.438083695004913
2007-03-02,18.61000061035156,13.47919403507945
2007-03-05,19.6299991607666,12.846780648263886
2007-03-06,15.960000038146973,12.04134326596123
2007-03-07,15.239999771118164,12.003930577982446
2007-03-08,14.289999961853027,11.74916331881079
2007-03-09,14.09000015258789,11.741471630908745
2007-03-12,13.989999771118164,11.741968359132159
2007-03-13,18.1299991607666,9.020097489259008
2007-03-14,17.270000457763672,8.853243571885502
2007-03-15,16.43000030517578,8.89066877760894
2007-03-16,16.790000915527344,9.029418219696774
2007-03-19,14.59000015258789,8.362550654986354
2007-03-20,13.270000457763672,8.2908690416614
2007-03-21,12.1899995803833,6.4191779934145625
2007-03-22,12.93000030517578,6.96389797326923
2007-03-23,12.949999809265137,7.246408964867348
2007-03-26,13.15999984741211,7.1793988261733155
2007-03-27,13.479999542236328,7.4722373546417575
2007-03-28,14.979999542236328,6.586321274184162
2007-03-29,15.140000343322754,6.679762243021453
2007-03-30,14.640000343322754,7.694284728854958
2007-04-02,14.529999732971191,7.685379689880688
2007-04-03,13.460000038146973,7.1495463328935625
2007-04-04,13.239999771118164,7.240893787217657
2007-04-05,13.229999542236328,7.260751621058407
2007-04-09,13.140000343322754,7.291929675630452
2007-04-10,12.68000030517578,7.392120505507298
2007-04-11,13.489999771118164,7.024697914530899
2007-04-12,12.710000038146973,8.33608138554466
2007-04-13,12.199999809265137,8.63170925559691
2007-04-16,11.979999542236328,8.256657050222346
2007-04-17,12.140000343322754,8.247783250337855
2007-04-18,12.420000076293944,8.488189327875556
2007-04-19,12.539999961853027,8.55556380692825
2007-04-20,12.06999969482422,8.470469623705869
2007-04-23,13.039999961853027,8.287386458312794
2007-04-24,13.119999885559082,8.318820058366754
2007-04-25,13.210000038146973,7.810642892231781
2007-04-26,12.789999961853027,8.588972139304978
2007-04-27,12.449999809265137,8.67188574196437
2007-04-30,14.220000267028809,8.032642064590743
2007-05-01,13.510000228881836,8.381030125721448
2007-05-02,13.079999923706056,8.274149130682904
2007-05-03,13.09000015258789,8.245209850504631
2007-05-04,12.90999984741211,8.196712343299414
2007-05-07,13.149999618530272,8.384785629344952
2007-05-08,13.210000038146973,9.330891053222489
2007-05-09,12.880000114440918,11.364965781399007
2007-05-10,13.600000381469728,11.71769873739666
2007-05-11,12.949999809265137,11.341814935475378
2007-05-14,13.960000038146973,11.990677498133797
2007-05-15,14.010000228881836,13.14406757338391
2007-05-16,13.5,13.115943387106919
2007-05-17,13.510000228881836,13.211667586309009
2007-05-18,12.760000228881836,12.890417314844683
2007-05-21,13.300000190734863,12.908977304504543
2007-05-22,13.0600004196167,13.891333100634595
2007-05-23,13.239999771118164,14.040797914228317
2007-05-24,14.079999923706056,14.072481315420518
2007-05-25,13.34000015258789,14.08413217036402
2007-05-29,13.529999732971191,14.422365546045961
2007-05-30,12.829999923706056,15.075392805036719
2007-05-31,13.050000190734863,15.076896326163608
2007-06-01,12.779999732971191,14.933919600449123
2007-06-04,13.289999961853027,15.34780651773361
2007-06-05,13.630000114440918,15.359309740362221
2007-06-06,14.869999885559082,14.844125897476216
2007-06-07,17.059999465942383,13.203524237633657
2007-06-08,14.84000015258789,12.494181226469966
2007-06-11,14.710000038146973,13.60456279460647
2007-06-12,16.670000076293945,13.159582042005466
2007-06-13,14.729999542236328,13.275375585921973
2007-06-14,13.640000343322754,13.14860606613673
2007-06-15,13.9399995803833,13.027728489267915
2007-06-18,13.420000076293944,13.018088744427669
2007-06-19,12.850000381469728,13.025148462812217
2007-06-20,14.670000076293944,11.903979095083404
2007-06-21,14.210000038146973,12.453037386413733
2007-06-22,15.75,11.906893106089653
2007-06-25,16.649999618530273,13.49173663284855
2007-06-26,18.88999938964844,12.87657908767173
2007-06-27,15.529999732971191,14.732956267629438
2007-06-28,15.539999961853027,16.204747183676606
2007-06-29,16.229999542236328,17.32600389851632
2007-07-02,15.399999618530272,17.26850520728348
2007-07-03,14.920000076293944,17.328052209935947
2007-07-05,15.479999542236328,17.683482010949074
2007-07-06,14.720000267028809,19.495813847134443
2007-07-09,15.15999984741211,20.687647975845106
2007-07-10,17.56999969482422,20.657884463245573
2007-07-11,16.639999389648438,21.145694805089988
2007-07-12,15.539999961853027,22.628269931108573
2007-07-13,15.149999618530272,22.523012650212095
2007-07-16,15.59000015258789,22.632655329157927
2007-07-17,15.630000114440918,23.01227710151766
2007-07-18,16.0,23.26078794022126
2007-07-19,15.229999542236328,23.46863939688239
2007-07-20,16.950000762939453,24.66797886015863
2007-07-23,16.809999465942383,24.585512284978538
2007-07-24,18.549999237060547,24.042378878862895
2007-07-25,18.100000381469727,24.512715819706923
2007-07-26,20.739999771118164,23.053446351687835
2007-07-27,24.170000076293945,22.2858794238562
2007-07-30,20.8700008392334,21.895917920400016
2007-07-31,23.520000457763672,22.95044646040388
2007-08-01,23.670000076293945,23.97778388770805
2007-08-02,21.21999931335449,23.808239910725625
2007-08-03,25.15999984741211,22.03427614452406
2007-08-06,22.940000534057617,21.546135191465304
2007-08-07,21.559999465942383,21.4900213985865
2007-08-08,21.450000762939453,20.88627855101023
2007-08-09,26.479999542236328,18.518900323822983
2007-08-10,28.299999237060547,18.447228277805454
2007-08-13,26.56999969482422,18.846860975061723
2007-08-14,27.68000030517578,17.85456776613441
2007-08-15,30.670000076293945,16.959825880923425
2007-08-16,30.82999992370605,16.889705514796624
2007-08-17,29.989999771118164,16.00348130305696
2007-08-20,26.32999992370605,18.785802567333914
2007-08-21,25.25,18.819074012867855
2007-08-22,22.88999938964844,18.817758604154804
2007-08-23,22.6200008392334,18.790748085336098
2007-08-24,20.71999931335449,18.437861819589934
2007-08-27,22.71999931335449,18.052028286390126
2007-08-28,26.299999237060547,15.698641590788043
2007-08-29,23.809999465942383,14.52213461177008
2007-08-30,25.059999465942383,14.555311300678989
2007-08-31,23.3799991607666,14.658493852209173
2007-09-04,22.780000686645508,14.433092089608971
2007-09-05,24.57999992370605,13.971105464555697
2007-09-06,23.989999771118164,13.973041590466215
2007-09-07,26.229999542236328,12.974912435190653
2007-09-10,27.3799991607666,13.21821560720266
2007-09-11,25.270000457763672,13.056193274992548
2007-09-12,24.959999084472656,13.169065905870347
2007-09-13,24.76000022888184,13.357005541887315
2007-09-14,24.920000076293945,13.367711664903645
2007-09-17,26.479999542236328,13.656900543968293
2007-09-18,20.350000381469727,9.944422042455841
2007-09-19,20.030000686645508,9.796953140220063
2007-09-20,20.450000762939453,9.51591526973031
2007-09-21,19.0,13.509792517200896
2007-09-24,19.3700008392334,13.699544975736291
2007-09-25,18.600000381469727,14.005128024691224
2007-09-26,17.6299991607666,13.885456044070791
2007-09-27,17.0,13.734706406802912
2007-09-28,18.0,14.329004978850579
2007-10-01,17.84000015258789,13.798823201177104
2007-10-02,18.489999771118164,14.01097581672455
2007-10-03,18.799999237060547,14.49211598086961
2007-10-04,18.440000534057617,16.78610531634364
2007-10-05,16.90999984741211,16.121405949006697
2007-10-08,17.459999084472656,16.213937582318582
2007-10-09,16.1200008392334,16.63057574683162
2007-10-10,16.670000076293945,19.07495121944561
2007-10-11,18.8799991607666,19.07911059034503
2007-10-12,17.729999542236328,19.202693469161076
2007-10-15,19.25,19.259021949382994
2007-10-16,20.020000457763672,22.5977741710603
2007-10-17,18.540000915527344,22.523350768566008
2007-10-18,18.5,22.94473225212422
2007-10-19,22.959999084472656,21.184608399806674
2007-10-22,21.63999938964844,21.46862485830379
2007-10-23,20.40999984741211,21.353471410455562
2007-10-24,20.799999237060547,22.313059271539615
2007-10-25,21.170000076293945,23.404458175013836
2007-10-26,19.559999465942383,23.762217746449217
2007-10-29,19.8700008392334,24.276160922151398
2007-10-30,21.06999969482422,27.28216404111793
2007-10-31,18.530000686645508,26.912198155303805
2007-11-01,23.209999084472656,26.033223491753986
2007-11-02,23.01000022888184,26.102530390315447
2007-11-05,24.309999465942383,26.150922607484546
2007-11-06,21.38999938964844,26.414052033358942
2007-11-07,26.489999771118164,24.956755869134724
2007-11-08,26.15999984741211,24.858506813264107
2007-11-09,28.5,24.295083584440373
2007-11-12,31.09000015258789,26.23972255991677
2007-11-13,24.100000381469727,24.22367955636856
2007-11-14,25.940000534057617,24.21273899548216
2007-11-15,28.059999465942383,24.075186371412606
2007-11-16,25.489999771118164,24.643023438117034
2007-11-19,26.01000022888184,24.1671857218466
2007-11-20,24.8799991607666,24.084251921415923
2007-11-21,26.84000015258789,22.819115253569443
2007-11-23,25.61000061035156,22.587040891031133
2007-11-26,28.90999984741211,20.80129089094015
2007-11-27,26.280000686645508,20.569204662544838
2007-11-28,24.11000061035156,18.193750297782977
2007-11-29,23.96999931335449,18.2240762407622
2007-11-30,22.8700008392334,18.043045341533816
2007-12-03,23.61000061035156,18.156125876973277
2007-12-04,23.790000915527344,17.889301115219723
2007-12-05,22.530000686645508,18.735033087475443
2007-12-06,20.959999084472656,17.70678768612338
2007-12-07,20.850000381469727,18.27153828981578
2007-12-10,20.739999771118164,18.525663790999474
2007-12-11,23.59000015258789,16.51052580674359
2007-12-12,22.46999931335449,16.02334239189317
2007-12-13,22.559999465942383,16.48887439678748
2007-12-14,23.270000457763672,17.587412489716407
2007-12-17,24.520000457763672,17.20512108003734
2007-12-18,22.63999938964844,18.83199416394573
2007-12-19,21.68000030517578,18.88330476911403
2007-12-20,20.57999992370605,18.512845758107375
2007-12-21,18.46999931335449,20.088180035702035
2007-12-24,18.600000381469727,20.17414198311969
2007-12-26,18.65999984741211,20.25877291524457
2007-12-27,20.26000022888184,21.548702377556452
2007-12-28,20.739999771118164,21.796162002118013
2007-12-31,22.5,21.79529945445811
2008-01-02,23.170000076293945,23.0643339800848
2008-01-03,22.489999771118164,23.991781021022263
2008-01-04,23.940000534057617,22.81024580161046
2008-01-07,23.790000915527344,24.588458117028654
2008-01-08,25.43000030517578,24.150339711785318
2008-01-09,24.1200008392334,23.92058838775619
2008-01-10,23.450000762939453,23.72427407318347
2008-01-11,23.68000030517578,23.810080719428285
2008-01-14,22.899999618530277,23.882952039283712
2008-01-15,23.34000015258789,23.043753323998885
2008-01-16,24.3799991607666,23.052530980794884
2008-01-17,28.459999084472656,20.978095672112293
2008-01-18,27.18000030517578,20.58244150335081
2008-01-22,31.01000022888184,20.133038390080404
2008-01-23,29.020000457763672,18.698326968803862
2008-01-24,27.780000686645508,18.58566380202065
2008-01-25,29.07999992370605,18.21074515044538
2008-01-28,27.780000686645508,17.50967690835042
2008-01-29,27.31999969482422,17.46571891622658
2008-01-30,27.6200008392334,17.637977163835693
2008-01-31,26.200000762939453,18.220366080503343
2008-02-01,24.020000457763672,17.03971433395103
2008-02-04,25.989999771118164,16.602781743345506
2008-02-05,28.239999771118164,13.843209740767835
2008-02-06,28.96999931335449,15.476157325779905
2008-02-07,27.65999984741211,15.578024971532386
2008-02-08,28.01000022888184,16.04126205574199
2008-02-11,27.600000381469727,20.7056797722227
2008-02-12,26.32999992370605,20.608378276762306
2008-02-13,24.8799991607666,20.20717515567662
2008-02-14,25.540000915527344,20.660223202577573
2008-02-15,25.020000457763672,20.840694492306564
2008-02-19,25.59000015258789,25.87685810006888
2008-02-20,24.399999618530277,27.229891448983096
2008-02-21,25.1200008392334,28.054809113312817
2008-02-22,24.059999465942383,28.906199988807373
2008-02-25,23.030000686645508,28.525745292801098
2008-02-26,21.899999618530277,28.641469328343327
2008-02-27,22.690000534057617,28.645228804327456
2008-02-28,23.530000686645508,28.637702096567217
2008-02-29,26.540000915527344,27.60378215658117
2008-03-03,26.280000686645508,30.247806850493618
2008-03-04,25.520000457763672,30.18685773330434
2008-03-05,24.600000381469727,30.138859007002228
2008-03-06,27.549999237060547,28.98891356937226
2008-03-07,27.489999771118164,28.607822180428492
2008-03-10,29.3799991607666,28.009875345612734
2008-03-11,26.36000061035156,25.585229649736785
2008-03-12,27.21999931335449,25.263194228574072
2008-03-13,27.290000915527344,26.398722392947672
2008-03-14,31.15999984741211,25.732196307709277
2008-03-17,32.2400016784668,25.36015440036487
2008-03-18,25.790000915527344,22.90868881135106
2008-03-19,29.84000015258789,20.660595924593995
2008-03-20,26.6200008392334,20.047396881052514
2008-03-24,25.729999542236328,18.963687915580557
2008-03-25,25.71999931335449,19.07585625290708
2008-03-26,26.07999992370605,18.442962146416093
2008-03-27,25.8799991607666,18.37472795073716
2008-03-28,25.709999084472656,18.002213032335664
2008-03-31,25.61000061035156,18.027535378492395
2008-04-01,22.68000030517578,13.69914265090834
2008-04-02,23.43000030517578,13.911255814597414
2008-04-03,23.209999084472656,15.602987619319567
2008-04-04,22.450000762939453,15.579013508243175
2008-04-07,22.420000076293945,15.74502204062239
2008-04-08,22.36000061035156,15.92018032169058
2008-04-09,22.809999465942383,17.142407760269375
2008-04-10,21.979999542236328,17.198792589568537
2008-04-11,23.459999084472656,15.422681551473127
2008-04-14,23.81999969482422,15.609565295844014
2008-04-15,22.780000686645508,15.636747955799764
2008-04-16,20.530000686645508,12.789048787914187
2008-04-17,20.3700008392334,13.373423748836707
2008-04-18,20.1299991607666,12.99995178021088
2008-04-21,20.5,13.001661372231588
2008-04-22,20.8700008392334,13.294427983448994
2008-04-23,20.26000022888184,14.805674551978829
2008-04-24,20.059999465942383,14.741065419643734
2008-04-25,19.59000015258789,15.144588837537597
2008-04-28,19.63999938964844,15.41382756868864
2008-04-29,20.239999771118164,15.447913440101093
2008-04-30,20.790000915527344,15.372417329780339
2008-05-01,18.8799991607666,13.504599306493128
2008-05-02,18.18000030517578,13.912862503501891
2008-05-05,18.899999618530277,13.955862396921159
2008-05-06,18.209999084472656,13.490687347249583
2008-05-07,19.729999542236328,14.004095345019046
2008-05-08,19.399999618530277,18.227216616079563
2008-05-09,19.40999984741211,18.264894104889255
2008-05-12,17.790000915527344,17.750706413735486
2008-05-13,17.979999542236328,18.336981578098605
2008-05-14,17.65999984741211,18.403131814308583
2008-05-15,16.299999237060547,18.41799022167671
2008-05-16,16.469999313354492,18.410886363644018
2008-05-19,17.010000228881836,18.332433113005276
2008-05-20,17.579999923706055,18.40638120755645
2008-05-21,18.59000015258789,17.653147985006193
2008-05-22,18.049999237060547,18.36406930164687
2008-05-23,19.549999237060547,17.9181166242043
2008-05-27,19.63999938964844,17.569080240384007
2008-05-28,19.06999969482422,17.575018493862757
2008-05-29,18.13999938964844,19.426319786400786
2008-05-30,17.829999923706055,19.27047332547899
2008-06-02,19.82999992370605,19.3431816670321
2008-06-03,20.239999771118164,19.481446233884483
2008-06-04,20.799999237060547,20.053380530312857
2008-06-05,18.6299991607666,18.079320438530406
2008-06-06,23.559999465942383,15.12065950937102
2008-06-09,23.1200008392334,16.8463012387693
2008-06-10,23.18000030517578,17.792447580767153
2008-06-11,24.1200008392334,17.534945930126575
2008-06-12,23.32999992370605,17.592058976001532
2008-06-13,21.21999931335449,16.559289351464276
2008-06-16,20.950000762939453,16.73506730972749
2008-06-17,21.1299991607666,19.82905141754576
2008-06-18,22.239999771118164,20.326897046625678
2008-06-19,21.57999992370605,20.546883023101987
2008-06-20,22.8700008392334,19.95564497581588
2008-06-23,22.63999938964844,20.517453228406797
2008-06-24,22.420000076293945,20.662763952685488
2008-06-25,21.13999938964844,21.68011701607598
2008-06-26,23.93000030517578,19.551512289612266
2008-06-27,23.440000534057617,20.099318557622876
2008-06-30,23.950000762939453,21.60362662505313
2008-07-01,23.649999618530277,22.53817537305008
2008-07-02,25.920000076293945,22.17406991998735
2008-07-03,24.780000686645508,22.25837646442917
2008-07-07,25.780000686645508,22.203167989633776
2008-07-08,23.149999618530277,23.350871364006252
2008-07-09,25.229999542236328,22.162419602320895
2008-07-10,25.59000015258789,22.905653553011902
2008-07-11,27.489999771118164,23.237214577104275
2008-07-14,28.479999542236328,23.008222144356726
2008-07-15,28.540000915527344,22.670076451021355
2008-07-16,25.100000381469727,21.4835874438175
2008-07-17,25.01000022888184,21.378420476381006
2008-07-18,24.049999237060547,21.345841131980258
2008-07-21,23.049999237060547,22.036396326007207
2008-07-22,21.18000030517578,22.063844960287838
2008-07-23,21.309999465942383,22.03987190654459
2008-07-24,23.440000534057617,20.63461823690104
2008-07-25,22.90999984741211,21.172049603072395
2008-07-28,24.229999542236328,21.84684468716406
2008-07-29,22.030000686645508,20.579629466444167
2008-07-30,21.209999084472656,19.87720219475836
2008-07-31,22.940000534057617,19.65532601297876
2008-08-01,22.56999969482422,19.99564798950085
2008-08-04,23.489999771118164,19.81295614190353
2008-08-05,21.13999938964844,17.38983802397549
2008-08-06,20.229999542236328,20.344031437270697
2008-08-07,21.149999618530277,19.810868616679535
2008-08-08,20.65999984741211,20.08701824923125
2008-08-11,20.1200008392334,22.114742495505
2008-08-12,21.170000076293945,22.060994559736965
2008-08-13,21.549999237060547,22.77030226063955
2008-08-14,20.34000015258789,22.64577058659295
2008-08-15,19.57999992370605,28.04864107198014
2008-08-18,20.979999542236328,28.713639354083874
2008-08-19,21.280000686645508,32.523136123101345
2008-08-20,20.420000076293945,34.52699315150989
2008-08-21,19.81999969482422,37.59863540476126
2008-08-22,18.809999465942383,37.8815596030638
2008-08-25,20.96999931335449,38.04579791897426
2008-08-26,20.489999771118164,38.052090087887116
2008-08-27,19.76000022888184,38.367942116786566
2008-08-28,19.43000030517578,37.98972148658855
2008-08-29,20.649999618530277,47.04457126751299
2008-09-02,21.989999771118164,49.98225217690841
2008-09-03,21.43000030517578,49.99959909892293
2008-09-04,24.030000686645508,50.48862081577783
2008-09-05,23.059999465942383,50.48547741866409
2008-09-08,22.63999938964844,52.06210685252965
2008-09-09,25.46999931335449,53.178144871867715
2008-09-10,24.520000457763672,53.16760857948227
2008-09-11,24.38999938964844,56.36818490686093
2008-09-12,25.65999984741211,55.90580850749289
2008-09-15,31.700000762939453,76.6427922897702
2008-09-16,30.299999237060547,76.10509339910534
2008-09-17,36.220001220703125,82.2462735087265
2008-09-18,33.099998474121094,83.12601889273331
2008-09-19,32.06999969482422,80.97049658396081
2008-09-22,33.849998474121094,84.87035633891965
2008-09-23,35.720001220703125,85.05511806829314
2008-09-24,35.189998626708984,86.36447282762727
2008-09-25,32.81999969482422,86.19722675681092
2008-09-26,34.7400016784668,87.0563149618132
2008-09-29,46.720001220703125,83.98251448610249
2008-09-30,39.38999938964844,93.19212658333217
2008-10-01,39.810001373291016,93.10797864522668
2008-10-02,45.2599983215332,93.89196775817712
2008-10-03,45.13999938964844,93.97160074161687
2008-10-06,52.04999923706055,92.4374471697541
2008-10-07,53.68000030517578,91.93473316640328
2008-10-08,57.52999877929688,92.78483158537964
2008-10-09,63.91999816894531,91.35681245594884
2008-10-10,69.94999694824219,91.55955443618602
2008-10-13,54.9900016784668,77.0556401597364
2008-10-14,55.130001068115234,77.57006502614344
2008-10-15,69.25,70.15035408836067
2008-10-16,67.61000061035156,72.07693117369641
2008-10-17,70.33000183105469,74.21277423472375
2008-10-20,52.970001220703125,70.54013813265108
2008-10-21,53.11000061035156,70.55884479032278
2008-10-22,69.6500015258789,71.62871943076333
2008-10-23,67.80000305175781,75.66416437166681
2008-10-24,79.12999725341797,77.00497867021777
2008-10-27,80.05999755859375,80.030263777998
2008-10-28,66.95999908447266,68.84065137657012
2008-10-29,69.95999908447266,70.45048094920094
2008-10-30,62.900001525878906,69.3878676913947
2008-10-31,59.88999938964844,76.16289848270478
2008-11-03,53.68000030517578,77.82693480597557
2008-11-04,47.72999954223633,77.24307280762994
2008-11-05,54.560001373291016,76.34323112769799
2008-11-06,63.68000030517578,74.88789462048916
2008-11-07,56.09999847412109,75.0015005589224
2008-11-10,59.97999954223633,75.08196315584246
2008-11-11,61.43999862670898,74.30145748162273
2008-11-12,66.45999908447266,72.98702787728723
2008-11-13,59.83000183105469,69.71952589821147
2008-11-14,66.30999755859375,67.39492859663247
2008-11-17,69.1500015258789,69.03160506401629
2008-11-18,67.63999938964844,68.94655596010544
2008-11-19,74.26000213623047,64.62700590712619
2008-11-20,80.86000061035156,57.15499566533724
2008-11-21,72.66999816894531,55.10611617370477
2008-11-24,64.69999694824219,50.17234369730791
2008-11-25,60.900001525878906,50.148890313068875
2008-11-26,54.91999816894531,48.272048259471134
2008-11-28,55.27999877929688,48.02516732037401
2008-12-01,68.51000213623047,34.52035294523205
2008-12-02,62.97999954223633,32.45153775038831
2008-12-03,60.720001220703125,33.013281677950545
2008-12-04,63.63999938964844,31.516719649675153
2008-12-05,59.93000030517578,30.03935243275846
2008-12-08,58.4900016784668,30.007445529494397
2008-12-09,58.90999984741211,29.358861116606032
2008-12-10,55.72999954223633,30.366421732180594
2008-12-11,55.77999877929688,30.35981095941051
2008-12-12,54.27999877929688,30.03968994217129
2008-12-15,56.7599983215332,31.72481758334449
2008-12-16,52.369998931884766,26.329485562248735
2008-12-17,49.84000015258789,26.543277968029606
2008-12-18,47.34000015258789,31.801226838823087
2008-12-19,44.93000030517578,35.918303059853066
2008-12-22,44.560001373291016,36.035115415824094
2008-12-23,45.02000045776367,35.98872410388891
2008-12-24,44.209999084472656,36.01994574895237
2008-12-26,43.380001068115234,36.17303879237894
2008-12-29,43.900001525878906,38.21343792813941
2008-12-30,41.630001068115234,38.92592996847216
2008-12-31,40.0,38.8991354794459
2009-01-02,39.18999862670898,36.78465408036172
2009-01-05,39.08000183105469,37.42965169452393
2009-01-06,38.560001373291016,37.16951874912887
2009-01-07,43.38999938964844,36.64836314073657
2009-01-08,42.560001373291016,38.26206072523426
2009-01-09,42.81999969482422,37.58296582717417
2009-01-12,45.84000015258789,40.19398432482669
2009-01-13,43.27000045776367,40.274095252892586
2009-01-14,49.13999938964844,38.695380366576785
2009-01-15,51.0,38.868403405540256
2009-01-16,46.11000061035156,41.53525424740741
2009-01-20,56.650001525878906,36.972333130569154
2009-01-21,46.41999816894531,33.36191148409181
2009-01-22,47.290000915527344,33.148302450329446
2009-01-23,47.27000045776367,35.00486984954343
2009-01-26,45.68999862670898,37.946141427187
2009-01-27,42.25,37.60465204332913
2009-01-28,39.65999984741211,34.98534934699456
2009-01-29,42.630001068115234,34.150552302938095
2009-01-30,44.84000015258789,36.635834300946605
2009-02-02,45.52000045776367,36.589701608724454
2009-02-03,43.060001373291016,37.493245095904996
2009-02-04,43.84999847412109,39.35363959629651
2009-02-05,43.72999954223633,38.54791276791313
2009-02-06,43.369998931884766,35.78890900366401
2009-02-09,43.63999938964844,43.4439969491364
2009-02-10,46.66999816894531,41.41945721227314
2009-02-11,44.52999877929688,44.27340591233762
2009-02-12,41.25,44.467094078187735
2009-02-13,42.93000030517578,44.411902233911796
2009-02-17,48.65999984741211,43.455802594523036
2009-02-18,48.459999084472656,44.19217772819523
2009-02-19,47.08000183105469,44.25234687975483
2009-02-20,49.29999923706055,44.80684348913986
2009-02-23,52.619998931884766,48.97413753074994
2009-02-24,45.4900016784668,48.21087189325481
2009-02-25,44.66999816894531,48.135034442514154
2009-02-26,44.65999984741211,47.90530714079855
2009-02-27,46.34999847412109,47.593308192127054
2009-03-02,52.650001525878906,46.165589201809624
2009-03-03,50.93000030517578,45.903901033452385
2009-03-04,47.560001373291016,45.72347286981287
2009-03-05,50.16999816894531,42.61523122820941
2009-03-06,49.33000183105469,42.50391692939024
2009-03-09,49.68000030517578,42.251824029610546
2009-03-10,44.369998931884766,39.99531643661397
2009-03-11,43.61000061035156,40.02296393287204
2009-03-12,41.18000030517578,40.06084232091016
2009-03-13,42.36000061035156,40.124775260882615
2009-03-16,43.7400016784668,40.8882685515585
2009-03-17,40.79999923706055,39.914953744300426
2009-03-18,40.060001373291016,39.56448256661902
2009-03-19,43.68000030517578,39.068766778606665
2009-03-20,45.88999938964844,41.65134407074441
2009-03-23,43.22999954223633,34.42990669983666
2009-03-24,42.93000030517578,33.621799621033745
2009-03-25,42.25,33.59974036613161
2009-03-26,40.36000061035156,33.28417128029521
2009-03-27,41.040000915527344,32.7184207194374
2009-03-30,45.540000915527344,29.657039618794588
2009-03-31,44.13999938964844,30.218041414771772
2009-04-01,42.27999877929688,29.758570081445885
2009-04-02,42.040000915527344,28.268163334793506
2009-04-03,39.70000076293945,30.241969689315184
2009-04-06,40.93000030517578,30.055461222833067
2009-04-07,40.38999938964844,28.5354843474289
2009-04-08,38.84999847412109,29.335144886806646
2009-04-09,36.52999877929688,27.35429131411122
2009-04-13,37.810001373291016,28.522159749453774
2009-04-14,37.66999816894531,27.59478183274063
2009-04-15,36.16999816894531,29.330600933517236
2009-04-16,35.790000915527344,29.064598208026332
2009-04-17,33.939998626708984,29.20378629773943
2009-04-20,39.18000030517578,25.749649191749203
2009-04-21,37.13999938964844,25.202132576296616
2009-04-22,38.09999847412109,25.232468975236767
2009-04-23,37.150001525878906,25.88080390542397
2009-04-24,36.81999969482422,25.46838284045767
2009-04-27,38.31999969482422,26.477252473865697
2009-04-28,37.95000076293945,27.449304621287823
2009-04-29,36.08000183105469,26.91222192867532
2009-04-30,36.5,27.46116276931106
2009-05-01,35.29999923706055,28.45911242777485
2009-05-04,34.529998779296875,26.213086859939267
2009-05-05,33.36000061035156,26.679365413675665
2009-05-06,32.45000076293945,26.216084515883132
2009-05-07,33.439998626708984,25.596334004716198
2009-05-08,32.04999923706055,24.420038740442955
2009-05-11,32.869998931884766,23.336907613413032
2009-05-12,31.799999237060547,23.325854710282375
2009-05-13,33.650001525878906,20.972800004219838
2009-05-14,31.3700008392334,20.88342572375188
2009-05-15,33.119998931884766,22.566281499333645
2009-05-18,30.239999771118164,21.068913805971647
2009-05-19,28.799999237060547,21.067050153678885
2009-05-20,29.030000686645508,21.040722367523173
2009-05-21,31.350000381469727,20.249890405474677
2009-05-22,32.630001068115234,23.257791951583744
2009-05-26,30.6200008392334,21.330209404127014
2009-05-27,32.36000061035156,20.558155166745905
2009-05-28,31.670000076293945,21.380956851773714
2009-05-29,28.920000076293945,20.47884412258748
2009-06-01,30.040000915527344,18.79486858570144
2009-06-02,29.6299991607666,18.958250274819022
2009-06-03,31.020000457763672,18.546354006454578
2009-06-04,30.18000030517578,20.509413698627043
2009-06-05,29.6200008392334,20.504530640231604
2009-06-08,29.770000457763672,21.4002899195876
2009-06-09,28.270000457763672,21.205956991826568
2009-06-10,28.459999084472656,21.28794889556017
2009-06-11,28.11000061035156,21.1030361677468
2009-06-12,28.149999618530277,23.186127304728313
2009-06-15,30.809999465942383,21.985819089059238
2009-06-16,32.68000030517578,23.82797925336602
2009-06-17,31.540000915527344,23.83648036023791
2009-06-18,30.030000686645508,23.99388751229995
2009-06-19,27.989999771118164,24.2078484316706
2009-06-22,31.170000076293945,21.0331895973437
2009-06-23,30.57999992370605,21.05254647111061
2009-06-24,29.049999237060547,21.99445080280222
2009-06-25,26.36000061035156,21.003115994994086
2009-06-26,25.93000030517578,20.893459691324708
2009-06-29,25.350000381469727,20.96072938871204
2009-06-30,26.350000381469727,20.666156179190143
2009-07-01,26.21999931335449,20.830155878969187
2009-07-02,27.950000762939453,17.359679727516372
2009-07-06,29.0,17.725598151800302
2009-07-07,30.850000381469727,15.104614989552733
2009-07-08,31.299999237060547,15.2669001807613
2009-07-09,29.780000686645508,15.757049283153076
2009-07-10,29.020000457763672,15.587075139913074
2009-07-13,26.309999465942383,14.523623808129582
2009-07-14,25.020000457763672,15.904768948868423
2009-07-15,25.88999938964844,13.370247487698444
2009-07-16,25.420000076293945,13.267670415607613
2009-07-17,24.34000015258789,13.686970273722679
2009-07-20,24.399999618530277,16.69333610204671
2009-07-21,23.8700008392334,16.811313191217007
2009-07-22,23.46999931335449,16.968326716352102
2009-07-23,23.43000030517578,15.640663143418765
2009-07-24,23.09000015258789,16.853533146615632
2009-07-27,24.280000686645508,16.87605307472719
2009-07-28,25.01000022888184,16.675359687849255
2009-07-29,25.61000061035156,16.596728951170046
2009-07-30,25.399999618530277,16.349322426487298
2009-07-31,25.920000076293945,16.37139051799963
2009-08-03,25.559999465942383,15.938669514196526
2009-08-04,24.88999938964844,17.933287303463302
2009-08-05,24.899999618530277,17.954058854540733
2009-08-06,25.670000076293945,18.102975089549066
2009-08-07,24.76000022888184,18.18728883383212
2009-08-10,24.989999771118164,18.385607693438647
2009-08-11,25.989999771118164,17.80578956992386
2009-08-12,25.450000762939453,17.77392838409611
2009-08-13,24.709999084472656,17.65924159240751
2009-08-14,24.270000457763672,17.345822181259475
2009-08-17,27.88999938964844,14.086870445694622
2009-08-18,26.18000030517578,14.590592872848
2009-08-19,26.26000022888184,14.600701944338784
2009-08-20,25.09000015258789,14.406647881190123
2009-08-21,25.01000022888184,13.139827441047006
2009-08-24,25.13999938964844,13.187899731421284
2009-08-25,24.920000076293945,13.709475096714344
2009-08-26,24.950000762939453,14.435542570437818
2009-08-27,24.68000030517578,14.607937561889
2009-08-28,24.76000022888184,15.795007876501547
2009-08-31,26.01000022888184,15.403917531652093
2009-09-01,29.149999618530277,12.71115475586629
2009-09-02,28.899999618530277,16.016790349385253
2009-09-03,27.100000381469727,15.98058241108846
2009-09-04,25.26000022888184,16.07958284104825
2009-09-08,25.6200008392334,16.541376492633862
2009-09-09,24.31999969482422,16.389539695989217
2009-09-10,23.549999237060547,16.229777314342954
2009-09-11,24.149999618530277,16.316048769286873
2009-09-14,23.86000061035156,16.29297189017784
2009-09-15,23.420000076293945,16.30037850553882
2009-09-16,23.690000534057617,16.547533647187425
2009-09-17,23.649999618530277,16.53909608553535
2009-09-18,23.920000076293945,16.83943981216306
2009-09-21,24.059999465942383,16.972347212653148
2009-09-22,23.07999992370605,17.059933868676126
2009-09-23,23.489999771118164,17.10991343011343
2009-09-24,24.950000762939453,16.783180551335114
2009-09-25,25.61000061035156,17.275958320171586
2009-09-28,24.8799991607666,16.73153667501745
2009-09-29,25.190000534057617,16.782056404627436
2009-09-30,25.61000061035156,18.08687872774435
2009-10-01,28.270000457763672,17.1996585727476
2009-10-02,28.68000030517578,20.372671864757226
2009-10-05,26.84000015258789,19.84123034879661
2009-10-06,25.700000762939453,19.177597776566067
2009-10-07,24.68000030517578,19.174023955768476
2009-10-08,24.18000030517578,20.11029439537041
2009-10-09,23.1200008392334,20.011399233992037
2009-10-12,23.01000022888184,21.533661737066037
2009-10-13,22.989999771118164,21.50816805705976
2009-10-14,22.86000061035156,20.72603918216169
2009-10-15,21.71999931335449,21.0186729087477
2009-10-16,21.43000030517578,20.931834656410885
2009-10-19,21.489999771118164,21.35085804204519
2009-10-20,20.899999618530277,21.235333762186656
2009-10-21,22.21999931335449,20.918906413358428
2009-10-22,20.690000534057617,21.255926276133494
2009-10-23,22.270000457763672,20.85825219339097
2009-10-26,24.309999465942383,20.807472204173486
2009-10-27,24.82999992370605,20.67113086269146
2009-10-28,27.90999984741211,19.09801424512805
2009-10-29,24.76000022888184,19.063851031733265
2009-10-30,30.690000534057617,15.212603876641232
2009-11-02,29.780000686645508,15.500451907850547
2009-11-03,28.809999465942383,15.55571855783015
2009-11-04,27.71999931335449,16.03157380204926
2009-11-05,25.43000030517578,14.987760503624726
2009-11-06,24.190000534057617,15.034086086512188
2009-11-09,23.149999618530277,13.526264936797569
2009-11-10,22.84000015258789,13.590566484835783
2009-11-11,23.040000915527344,13.616817567172298
2009-11-12,24.239999771118164,13.103839531577608
2009-11-13,23.36000061035156,13.177296774017602
2009-11-16,22.88999938964844,12.318442709345554
2009-11-17,22.40999984741211,12.323350698273362
2009-11-18,21.6299991607666,13.060207488611496
2009-11-19,22.6299991607666,12.332318853626367
2009-11-20,22.190000534057617,12.692941848198549
2009-11-23,21.15999984741211,11.993764337093115
2009-11-24,20.46999931335449,11.99886353482754
2009-11-25,20.479999542236328,12.044267560007071
2009-11-27,24.739999771118164,10.200845639343013
2009-11-30,24.51000022888184,10.237558021363963
2009-12-01,21.920000076293945,9.411095044992553
2009-12-02,21.1200008392334,10.114505512500681
2009-12-03,22.459999084472656,11.193347748223347
2009-12-04,21.25,11.097015623219846
2009-12-07,22.100000381469727,11.045987505000001
2009-12-08,23.690000534057617,9.998838557474132
2009-12-09,22.65999984741211,9.992167202843214
2009-12-10,22.31999969482422,9.917965589403858
2009-12-11,21.59000015258789,10.673373894618644
2009-12-14,21.149999618530277,10.794940483705764
2009-12-15,21.489999771118164,10.552939774129008
2009-12-16,20.540000915527344,11.539272894944098
2009-12-17,22.51000022888184,11.062337882302716
2009-12-18,21.68000030517578,11.857003098983853
2009-12-21,20.489999771118164,13.568804226970812
2009-12-22,19.540000915527344,15.698195735558246
2009-12-23,19.709999084472656,15.82011147157063
2009-12-24,19.46999931335449,15.709895988188999
2009-12-28,19.93000030517578,15.815553621819756
2009-12-29,20.01000022888184,16.228353860296007
2009-12-30,19.959999084472656,16.534170594443513
2009-12-31,21.68000030517578,17.43482245809096
2010-01-04,20.040000915527344,16.856285550366554
2010-01-05,19.350000381469727,16.836199090817306
2010-01-06,19.15999984741211,19.811372704527415
2010-01-07,19.059999465942383,19.717746179868197
2010-01-08,18.1299991607666,19.595544808896086
2010-01-11,17.549999237060547,20.37552537822516
2010-01-12,18.25,20.256246011388075
2010-01-13,17.850000381469727,20.417769706412457
2010-01-14,17.6299991607666,20.327185697024998
2010-01-15,17.90999984741211,21.115953541728015
2010-01-19,17.579999923706055,20.60200048947612
2010-01-20,18.68000030517578,20.55599595811024
2010-01-21,22.270000457763672,19.432220984683717
2010-01-22,27.309999465942383,17.5584962793009
2010-01-25,25.40999984741211,18.075108716514652
2010-01-26,24.549999237060547,18.2822691461308
2010-01-27,23.13999938964844,18.230759628142685
2010-01-28,23.729999542236328,17.678836636122675
2010-01-29,24.6200008392334,17.386266945676283
2010-02-01,22.59000015258789,16.659738123263857
2010-02-02,21.479999542236328,16.181043233848364
2010-02-03,21.600000381469727,16.045839216289828
2010-02-04,26.07999992370605,11.171058633080765
2010-02-05,26.11000061035156,11.224186974611044
2010-02-08,26.51000022888184,10.52230040041161
2010-02-09,26.0,10.027090996342
2010-02-10,25.399999618530277,9.81909825714939
2010-02-11,23.959999084472656,9.577374857815752
2010-02-12,22.729999542236328,9.522862228001374
2010-02-16,22.25,8.550189971498153
2010-02-17,21.71999931335449,8.59299308526651
2010-02-18,20.6299991607666,8.609438828236998
2010-02-19,20.020000457763672,9.040408579385973
2010-02-22,19.940000534057617,9.062637722767448
2010-02-23,21.3700008392334,7.29264424761009
2010-02-24,20.270000457763672,7.557299200058567
2010-02-25,20.100000381469727,7.578023841360744
2010-02-26,19.5,7.637959862060628
2010-03-01,19.26000022888184,7.234164895958103
2010-03-02,19.059999465942383,7.264626141110964
2010-03-03,18.82999992370605,7.544000243721209
2010-03-04,18.71999931335449,7.713304390423235
2010-03-05,17.420000076293945,6.724074109024997
2010-03-08,17.790000915527344,6.683919369236137
2010-03-09,17.920000076293945,7.260165586467671
2010-03-10,18.56999969482422,7.22222754815193
2010-03-11,18.059999465942383,7.372133325314385
2010-03-12,17.579999923706055,7.340992620827313
2010-03-15,18.0,7.327366036058043
2010-03-16,17.690000534057617,7.767581787294888
2010-03-17,16.90999984741211,7.655890836986552
2010-03-18,16.6200008392334,9.959391473561135
2010-03-19,16.969999313354492,9.713474078983745
2010-03-22,16.8700008392334,9.97218605260348
2010-03-23,16.350000381469727,9.853148553400661
2010-03-24,17.549999237060547,9.58491186270612
2010-03-25,18.399999618530277,9.63861928484971
2010-03-26,17.770000457763672,9.824155200738806
2010-03-29,17.59000015258789,13.311809879425338
2010-03-30,17.1299991607666,13.547118444498226
2010-03-31,17.59000015258789,14.035018057956684
2010-04-01,17.469999313354492,15.366921136565049
2010-04-05,17.020000457763672,15.770675620184402
2010-04-06,16.229999542236328,17.97658435551848
2010-04-07,16.6200008392334,17.98600699697269
2010-04-08,16.479999542236328,21.390993319179287
2010-04-09,16.139999389648438,21.546029177542277
2010-04-12,15.579999923706056,27.173645540828804
2010-04-13,16.200000762939453,27.163804549222775
2010-04-14,15.59000015258789,27.343993834776363
2010-04-15,15.890000343322754,27.5977033088393
2010-04-16,18.36000061035156,27.75661855253854
2010-04-19,17.34000015258789,27.685833882833794
2010-04-20,15.729999542236328,27.61324491483758
2010-04-21,16.31999969482422,27.61384407974331
2010-04-22,16.469999313354492,30.071594528462033
2010-04-23,16.6200008392334,30.637177331334474
2010-04-26,17.469999313354492,30.7403733416639
2010-04-27,22.809999465942383,30.074334896612882
2010-04-28,21.07999992370605,29.72317923755668
2010-04-29,18.440000534057617,32.156267033653926
2010-04-30,22.049999237060547,31.959550245285218
2010-05-03,20.190000534057617,31.605664102758844
2010-05-04,23.84000015258789,32.69801575087158
2010-05-05,24.90999984741211,32.761073960912945
2010-05-06,32.79999923706055,33.01828402390319
2010-05-07,40.95000076293945,32.909149203908974
2010-05-10,28.84000015258789,28.667062337767668
2010-05-11,28.31999969482422,28.664210527892198
2010-05-12,25.520000457763672,30.366758485631813
2010-05-13,26.68000030517578,30.32113421890243
2010-05-14,31.239999771118164,29.76516688086976
2010-05-17,30.84000015258789,31.003083152740412
2010-05-18,33.54999923706055,30.63012470963426
2010-05-19,35.31999969482422,30.565469119798173
2010-05-20,45.790000915527344,26.93941946589689
2010-05-21,40.09999847412109,26.586758872178716
2010-05-24,38.31999969482422,26.883079168137456
2010-05-25,34.61000061035156,26.924460453091125
2010-05-26,35.02000045776367,27.54748273940992
2010-05-27,29.68000030517578,24.78708012357358
2010-05-28,32.06999969482422,24.427415039003108
2010-06-01,35.540000915527344,26.177508466682287
2010-06-02,30.170000076293945,24.26970982377715
2010-06-03,29.459999084472656,24.14946555099602
2010-06-04,35.47999954223633,20.962346684605613
2010-06-07,36.56999969482422,20.780608861271084
2010-06-08,33.70000076293945,23.389742698244575
2010-06-09,33.72999954223633,23.55007281838366
2010-06-10,30.56999969482422,21.286278902924693
2010-06-11,28.790000915527344,21.203449547712257
2010-06-14,28.57999992370605,21.897157171595573
2010-06-15,25.8700008392334,20.270638556810177
2010-06-16,25.920000076293945,20.273797795587118
2010-06-17,25.049999237060547,22.407557073507782
2010-06-18,23.950000762939453,22.56725957410599
2010-06-21,24.8799991607666,23.033031346901893
2010-06-22,27.049999237060547,22.751133796347485
2010-06-23,26.90999984741211,24.17593679598552
2010-06-24,29.739999771118164,23.502763121596242
2010-06-25,28.530000686645508,23.70227498288207
2010-06-28,29.0,23.644166456278537
2010-06-29,34.130001068115234,20.443381011887855
2010-06-30,34.540000915527344,20.12609032705593
2010-07-01,32.86000061035156,19.963241095391542
2010-07-02,30.1200008392334,20.72626562443909
2010-07-06,29.649999618530277,20.997669800499168
2010-07-07,26.84000015258789,18.53127189031577
2010-07-08,25.709999084472656,18.411215054545938
2010-07-09,24.979999542236328,18.46277934778468
2010-07-12,24.43000030517578,18.491593784904417
2010-07-13,24.559999465942383,18.040521175780544
2010-07-14,24.88999938964844,20.779705511305956
2010-07-15,25.13999938964844,20.886725097394958
2010-07-16,26.25,18.25009657112359
2010-07-19,25.96999931335449,18.152673699365142
2010-07-20,23.93000030517578,18.248460057161182
2010-07-21,25.63999938964844,17.52881067229892
2010-07-22,24.6299991607666,16.918685466911416
2010-07-23,23.46999931335449,16.568235718641812
2010-07-26,22.729999542236328,15.996777427345632
2010-07-27,23.190000534057617,16.615812900830896
2010-07-28,24.25,16.71601186720803
2010-07-29,24.1299991607666,16.767040252786284
2010-07-30,23.5,17.903906374648123
2010-08-02,22.01000022888184,16.07148119584136
2010-08-03,22.6299991607666,16.106993601967503
2010-08-04,22.209999084472656,19.609691758775714
2010-08-05,22.100000381469727,20.01652518087716
2010-08-06,21.739999771118164,20.62555542178311
2010-08-09,22.13999938964844,20.82998978987409
2010-08-10,22.3700008392334,20.986446284529276
2010-08-11,25.38999938964844,18.47870400261369
2010-08-12,25.729999542236328,18.352095181237082
2010-08-13,26.239999771118164,18.594583048471616
2010-08-16,26.100000381469727,18.597469001785704
2010-08-17,24.32999992370605,18.220281595348965
2010-08-18,24.59000015258789,18.231479041975778
2010-08-19,26.440000534057617,16.806807438727
2010-08-20,25.489999771118164,17.25770065742386
2010-08-23,25.65999984741211,17.170908459944265
2010-08-24,27.459999084472656,16.086014235537107
2010-08-25,26.700000762939453,16.6419529624113
2010-08-26,27.3700008392334,17.256689342225975
2010-08-27,24.450000762939453,17.075717679449127
2010-08-30,27.209999084472656,15.662893176066788
2010-08-31,26.049999237060547,15.741824974667438
2010-09-01,23.88999938964844,12.844335822003755
2010-09-02,23.190000534057617,12.630674929810077
2010-09-03,21.309999465942383,12.49543761480165
2010-09-07,23.799999237060547,13.134856863495756
2010-09-08,23.25,13.096911804205055
2010-09-09,22.809999465942383,13.15001613840625
2010-09-10,21.989999771118164,13.16597889873901
2010-09-13,21.209999084472656,12.776059204194565
2010-09-14,21.559999465942383,12.743619736119713
2010-09-15,22.100000381469727,12.886808398603177
2010-09-16,21.71999931335449,13.04919538496029
2010-09-17,22.01000022888184,13.03198613747633
2010-09-20,21.5,12.163834827313162
2010-09-21,22.350000381469727,13.223397493643995
2010-09-22,22.51000022888184,13.346021762263103
2010-09-23,23.8700008392334,12.805050439653085
2010-09-24,21.709999084472656,10.90403324703403
2010-09-27,22.540000915527344,10.652829416903721
2010-09-28,22.600000381469727,10.652293307360027
2010-09-29,23.25,10.708261930270856
2010-09-30,23.700000762939453,10.584477752044604
2010-10-01,22.5,10.553091609590046
2010-10-04,23.530000686645508,9.998630802047979
2010-10-05,21.76000022888184,7.820838856864791
2010-10-06,21.489999771118164,7.84877872990814
2010-10-07,21.559999465942383,9.899605304188238
2010-10-08,20.709999084472656,9.849119889543271
2010-10-11,18.959999084472656,9.961582338723408
2010-10-12,18.93000030517578,10.527848464209576
2010-10-13,19.06999969482422,10.336050677884856
2010-10-14,19.8799991607666,10.326447742694839
2010-10-15,19.030000686645508,11.404903009730608
2010-10-18,19.09000015258789,11.341612160999023
2010-10-19,20.6299991607666,11.77718170817273
2010-10-20,19.790000915527344,11.275389062301585
2010-10-21,19.270000457763672,12.381242867343333
2010-10-22,18.780000686645508,12.395605829305854
2010-10-25,19.850000381469727,12.38173342593139
2010-10-26,20.21999931335449,13.509526510181283
2010-10-27,20.709999084472656,14.43726940182496
2010-10-28,20.8799991607666,15.103048049178472
2010-10-29,21.200000762939453,15.136186276762553
2010-11-01,21.82999992370605,15.281242873406834
2010-11-02,21.56999969482422,16.81953386843818
2010-11-03,19.559999465942383,17.328098763097906
2010-11-04,18.520000457763672,15.995660106381631
2010-11-05,18.26000022888184,15.947207980595493
2010-11-08,18.290000915527344,15.93234147625949
2010-11-09,19.07999992370605,15.733227447663905
2010-11-10,18.46999931335449,15.7294974071536
2010-11-11,18.63999938964844,15.737445347665432
2010-11-12,20.61000061035156,14.967485616629409
2010-11-15,20.200000762939453,14.924549411328867
2010-11-16,22.57999992370605,13.653330831320526
2010-11-17,21.76000022888184,13.682097281089787
2010-11-18,18.75,12.945214434904646
2010-11-19,18.040000915527344,12.943324055404313
2010-11-22,18.3700008392334,12.983072414253066
2010-11-23,20.6299991607666,11.330971200220928
2010-11-24,19.559999465942383,10.599819213478987
2010-11-26,22.21999931335449,9.235710021655573
2010-11-29,21.530000686645508,9.253928810264393
2010-11-30,23.540000915527344,8.728468363769457
2010-12-01,21.36000061035156,5.849325353360473
2010-12-02,19.38999938964844,4.347144972859641
2010-12-03,18.010000228881836,5.335637917675597
2010-12-06,18.020000457763672,5.3009402204282665
2010-12-07,17.989999771118164,5.393582008098149
2010-12-08,17.739999771118164,5.556104292337767
2010-12-09,17.25,5.666015821580324
2010-12-10,17.610000610351562,5.525820182651381
2010-12-13,17.549999237060547,5.5784552719989104
2010-12-14,17.610000610351562,6.186631118606206
2010-12-15,17.940000534057617,5.862964186825353
2010-12-16,17.389999389648438,6.007523403728221
2010-12-17,16.110000610351562,5.99839635700857
2010-12-20,16.40999984741211,7.333675579980876
2010-12-21,16.489999771118164,7.159506178782664
2010-12-22,15.449999809265137,7.133773257069419
2010-12-23,16.469999313354492,7.254578326965097
2010-12-27,17.670000076293945,7.2521893649040114
2010-12-28,17.520000457763672,7.305595689308698
2010-12-29,17.280000686645508,7.3069630296789825
2010-12-30,17.520000457763672,9.96387745720849
2010-12-31,17.75,10.239279356918946
2011-01-03,17.610000610351562,11.061119869631963
2011-01-04,17.3799991607666,11.104022726194493
2011-01-05,17.020000457763672,11.018272422340244
2011-01-06,17.399999618530273,10.966161384662215
2011-01-07,17.139999389648438,11.013136859757052
2011-01-10,17.540000915527344,10.987233412210355
2011-01-11,16.889999389648438,11.082977841906846
2011-01-12,16.239999771118164,10.766158738472678
2011-01-13,16.389999389648438,10.816099210528227
2011-01-14,15.460000038146973,10.630365907412177
2011-01-18,15.869999885559082,10.761377274110071
2011-01-19,17.309999465942383,10.037959339806552
2011-01-20,17.989999771118164,9.956998541903738
2011-01-21,18.46999931335449,9.957415193038285
2011-01-24,17.649999618530273,12.691099474389803
2011-01-25,17.59000015258789,12.947038279540479
2011-01-26,16.639999389648438,12.900770585217247
2011-01-27,16.149999618530273,13.384201097170731
2011-01-28,20.040000915527344,11.56069403994112
2011-01-31,19.530000686645508,13.160919852943634
2011-02-01,17.6299991607666,11.927658575006413
2011-02-02,17.299999237060547,13.310503332861542
2011-02-03,16.690000534057617,13.649371758990913
2011-02-04,15.93000030517578,13.948103153185173
2011-02-07,16.280000686645508,14.119245495075102
2011-02-08,15.8100004196167,14.036586024423938
2011-02-09,15.869999885559082,15.509386737634168
2011-02-10,16.09000015258789,15.751114677525646
2011-02-11,15.6899995803833,15.668934812982863
2011-02-14,15.949999809265137,16.024386402981985
2011-02-15,16.3700008392334,17.103029101836793
2011-02-16,16.719999313354492,17.738786144538658
2011-02-17,16.59000015258789,17.765785412411326
2011-02-18,16.43000030517578,18.794048012623605
2011-02-22,20.799999237060547,17.47980664884199
2011-02-23,22.1299991607666,17.402822455836997
2011-02-24,21.31999969482422,17.746704077112156
2011-02-25,19.21999931335449,17.35536073577513
2011-02-28,18.350000381469727,17.20600493459464
2011-03-01,21.01000022888184,16.26672451024858
2011-03-02,20.700000762939453,16.413646861005677
2011-03-03,18.600000381469727,15.253385571980541
2011-03-04,19.059999465942383,15.065243702623512
2011-03-07,20.65999984741211,14.738300014837357
2011-03-08,19.81999969482422,14.448789619952063
2011-03-09,20.21999931335449,14.460422292195151
2011-03-10,21.8799991607666,12.609088415650794
2011-03-11,20.07999992370605,12.556536731344254
2011-03-14,21.1299991607666,12.375492155540723
2011-03-15,24.31999969482422,11.90334707337722
2011-03-16,29.399999618530277,9.299884950095477
2011-03-17,26.3700008392334,8.370550443706781
2011-03-18,24.440000534057617,8.370892661199974
2011-03-21,20.61000061035156,7.905244516331919
2011-03-22,20.209999084472656,7.994543960418281
2011-03-23,19.170000076293945,9.17560047607518
2011-03-24,18.0,8.776505053312295
2011-03-25,17.90999984741211,8.77548619159994
2011-03-28,19.440000534057617,9.086979227917789
2011-03-29,18.15999984741211,9.072706151562816
2011-03-30,17.709999084472656,8.872324214075714
2011-03-31,17.739999771118164,8.825731182738929
2011-04-01,17.399999618530273,8.821129485356312
2011-04-04,17.5,8.980708932817215
2011-04-05,17.25,9.37146214133796
2011-04-06,16.899999618530273,9.919806269387186
2011-04-07,17.110000610351562,9.991593025925855
2011-04-08,17.8700008392334,9.961722821552135
2011-04-11,16.59000015258789,10.22792511959138
2011-04-12,17.09000015258789,10.628573765251703
2011-04-13,16.920000076293945,10.694535703050684
2011-04-14,16.270000457763672,11.171395882471593
2011-04-15,15.31999969482422,11.411523675926766
2011-04-18,16.959999084472656,10.548679222395117
2011-04-19,15.829999923706056,10.794543673954252
2011-04-20,15.06999969482422,9.77396254023071
2011-04-21,14.6899995803833,10.071655625175273
2011-04-25,15.770000457763672,10.882178794675456
2011-04-26,15.619999885559082,10.32994489756416
2011-04-27,15.350000381469728,10.07951563236459
2011-04-28,14.619999885559082,10.170459564680629
2011-04-29,14.75,10.251236029362715
2011-05-02,15.989999771118164,11.021694599257458
2011-05-03,16.700000762939453,13.5392884225535
2011-05-04,17.079999923706055,13.398640651166021
2011-05-05,18.200000762939453,13.47324748751153
2011-05-06,18.399999618530277,13.698096958797617
2011-05-09,17.15999984741211,13.536546014958633
2011-05-10,15.90999984741211,12.944671070102817
2011-05-11,16.950000762939453,13.106845236041254
2011-05-12,16.030000686645508,13.527157899403253
2011-05-13,17.06999969482422,13.457092622445646
2011-05-16,18.239999771118164,14.373816351729603
2011-05-17,17.549999237060547,15.50020533473264
2011-05-18,16.229999542236328,15.03019615047637
2011-05-19,15.520000457763672,15.058619604575377
2011-05-20,17.43000030517578,15.162510684457867
2011-05-23,18.270000457763672,15.674421582390316
2011-05-24,17.81999969482422,15.786759274480078
2011-05-25,17.06999969482422,15.71401127039308
2011-05-26,16.09000015258789,15.961231330071696
2011-05-27,15.979999542236328,16.307860458715588
2011-05-31,15.449999809265137,16.591667706728437
2011-06-01,18.299999237060547,14.984468719653146
2011-06-02,18.09000015258789,15.368517503117937
2011-06-03,17.950000762939453,15.659788626942081
2011-06-06,18.489999771118164,15.019327194226056
2011-06-07,18.06999969482422,14.990129887206209
2011-06-08,18.790000915527344,15.060221280572087
2011-06-09,17.770000457763672,15.351449987105786
2011-06-10,18.86000061035156,16.002657922270224
2011-06-13,19.61000061035156,16.153463975014837
2011-06-14,18.26000022888184,15.64887636899387
2011-06-15,21.31999969482422,14.28946539468257
2011-06-16,22.729999542236328,14.360585854725755
2011-06-17,21.850000381469727,14.798216265755146
2011-06-20,19.989999771118164,15.655159098230481
2011-06-21,18.86000061035156,15.050111629362432
2011-06-22,18.520000457763672,15.420974211694602
2011-06-23,19.290000915527344,15.316658525270865
2011-06-24,21.100000381469727,14.715175539722662
2011-06-27,20.559999465942383,14.694049536958953
2011-06-28,19.170000076293945,16.16423319272557
2011-06-29,17.270000457763672,15.907564683059105
2011-06-30,16.520000457763672,15.641734130317994
2011-07-01,15.869999885559082,14.528953518668445
2011-07-05,16.059999465942383,16.812517644554752
2011-07-06,16.34000015258789,17.023864949847784
2011-07-07,15.949999809265137,22.627848542009193
2011-07-08,15.949999809265137,22.67608692835516
2011-07-11,18.38999938964844,31.339427563353578
2011-07-12,19.8700008392334,36.66090583120779
2011-07-13,19.90999984741211,39.05925718896901
2011-07-14,20.799999237060547,43.19740783251685
2011-07-15,19.530000686645508,43.230564371152774
2011-07-18,20.950000762939453,44.209843386088075
2011-07-19,19.209999084472656,43.586691677263175
2011-07-20,19.09000015258789,43.60686249474156
2011-07-21,17.559999465942383,45.08702802547654
2011-07-22,17.520000457763672,45.058199306792076
2011-07-25,19.350000381469727,45.1773149279954
2011-07-26,20.229999542236328,47.452550818912364
2011-07-27,22.979999542236328,47.699517544495905
2011-07-28,23.739999771118164,47.830431106687286
2011-07-29,25.25,48.353791228740576
2011-08-01,23.65999984741211,49.747721248726435
2011-08-02,24.790000915527344,49.03034817756231
2011-08-03,23.3799991607666,49.013223989317495
2011-08-04,31.65999984741211,46.02434072655448
2011-08-05,32.0,46.953894961512646
2011-08-08,48.0,40.017053799048234
2011-08-09,35.060001373291016,37.91566352421322
2011-08-10,42.9900016784668,34.09405118852831
2011-08-11,39.0,31.967340404241618
2011-08-12,36.36000061035156,31.959528902810575
2011-08-15,31.8700008392334,31.16766179847461
2011-08-16,32.849998474121094,31.473657245725928
2011-08-17,31.57999992370605,32.061948989598235
2011-08-18,42.66999816894531,27.362202748993603
2011-08-19,43.04999923706055,26.836661374367687
2011-08-22,42.43999862670898,26.87238629273186
2011-08-23,36.27000045776367,27.07356852883959
2011-08-24,35.900001525878906,28.981017220235692
2011-08-25,39.7599983215332,28.66551177571004
2011-08-26,35.59000015258789,29.479768561301267
2011-08-29,32.279998779296875,27.836093513597476
2011-08-30,32.88999938964844,28.60964670878474
2011-08-31,31.6200008392334,28.746131135519253
2011-09-01,31.81999969482422,29.765580706067485
2011-09-02,33.91999816894531,30.08653490352
2011-09-06,37.0,31.29953869667804
2011-09-07,33.380001068115234,30.27598147519762
2011-09-08,34.31999969482422,30.924856391498707
2011-09-09,38.52000045776367,29.50437140469524
2011-09-12,38.59000015258789,31.665891609076567
2011-09-13,36.90999984741211,31.536981576122102
2011-09-14,34.599998474121094,31.31931730635824
2011-09-15,31.96999931335449,30.73103436719455
2011-09-16,30.979999542236328,31.26386850889326
2011-09-19,32.72999954223633,31.84201708679586
2011-09-20,32.86000061035156,32.570241546246024
2011-09-21,37.31999969482422,30.888963956093583
2011-09-22,41.34999847412109,28.028131208885405
2011-09-23,41.25,28.52853802989705
2011-09-26,39.02000045776367,27.796738089726546
2011-09-27,37.709999084472656,28.850486706246897
2011-09-28,41.08000183105469,27.64976753300837
2011-09-29,38.84000015258789,29.67190419179424
2011-09-30,42.959999084472656,27.515316526617113
2011-10-03,45.45000076293945,26.791631643241075
2011-10-04,40.81999969482422,28.857571739500216
2011-10-05,37.810001373291016,28.725917369401582
2011-10-06,36.27000045776367,28.734542450537116
2011-10-07,36.20000076293945,28.705533027113077
2011-10-10,33.02000045776367,26.637001203784116
2011-10-11,32.86000061035156,26.862053542412685
2011-10-12,31.26000022888184,30.420796945160472
2011-10-13,30.700000762939453,30.5404659432508
2011-10-14,28.239999771118164,30.659711072705353
2011-10-17,33.38999938964844,29.96461530421802
2011-10-18,31.559999465942383,29.29455572606296
2011-10-19,34.439998626708984,29.575667906645126
2011-10-20,34.779998779296875,30.164764088568667
2011-10-21,31.31999969482422,29.35122706147241
2011-10-24,29.26000022888184,29.62147051824508
2011-10-25,32.220001220703125,28.924398729991285
2011-10-26,29.86000061035156,29.469106864273993
2011-10-27,25.459999084472656,25.959925094298985
2011-10-28,24.530000686645508,28.54662618137499
2011-10-31,29.959999084472656,27.53118781617019
2011-11-01,34.77000045776367,29.60947292881958
2011-11-02,32.7400016784668,29.077143054839556
2011-11-03,30.5,28.31795226121807
2011-11-04,30.15999984741211,28.51476977399094
2011-11-07,29.850000381469727,28.429590885558948
2011-11-08,27.479999542236328,28.070890115179303
2011-11-09,36.15999984741211,25.805286214296103
2011-11-10,32.810001373291016,26.28115435285921
2011-11-11,30.040000915527344,25.922855667670614
2011-11-14,31.1299991607666,25.916942191403802
2011-11-15,31.21999931335449,26.03874635927396
2011-11-16,33.5099983215332,25.541890998284334
2011-11-17,34.5099983215332,24.90499246843038
2011-11-18,32.0,25.20070876782723
2011-11-21,32.90999984741211,26.326201164049206
2011-11-22,31.96999931335449,26.230894028959145
2011-11-23,33.97999954223633,24.625315599573725
2011-11-25,34.470001220703125,24.585572064489874
2011-11-28,32.130001068115234,22.89345223033139
2011-11-29,30.63999938964844,23.61255423995114
2011-11-30,27.799999237060547,19.182893002566384
2011-12-01,27.40999984741211,19.287793021392055
2011-12-02,27.520000457763672,20.022128974458465
2011-12-05,27.84000015258789,19.708488253659677
2011-12-06,28.1299991607666,19.71684564819229
2011-12-07,28.670000076293945,19.729180308719464
2011-12-08,30.59000015258789,17.781355978856414
2011-12-09,26.3799991607666,17.098757790515478
2011-12-12,25.670000076293945,16.00075331119622
2011-12-13,25.40999984741211,15.396347935205526
2011-12-14,26.040000915527344,14.866543125063291
2011-12-15,25.11000061035156,14.867925737887106
2011-12-16,24.290000915527344,15.106778823545703
2011-12-19,24.920000076293945,14.121080240003996
2011-12-20,23.21999931335449,10.46820946682706
2011-12-21,21.43000030517578,10.657838984716381
2011-12-22,21.15999984741211,10.510683434615505
2011-12-23,20.729999542236328,10.465938591870723
2011-12-27,21.90999984741211,10.792480278510483
2011-12-28,23.520000457763672,9.231473389133358
2011-12-29,22.649999618530277,9.022641916395852
2011-12-30,23.399999618530277,8.695379998575374
2012-01-03,22.96999931335449,7.514596820105625
2012-01-04,22.21999931335449,7.514496547131107
2012-01-05,21.479999542236328,8.641555718113306
2012-01-06,20.6299991607666,8.518938323455602
2012-01-09,21.06999969482422,8.518782830460319
2012-01-10,20.690000534057617,8.216503850623816
2012-01-11,21.049999237060547,8.200203731493087
2012-01-12,20.46999931335449,8.899236831156292
2012-01-13,20.90999984741211,8.701855664115381
2012-01-17,22.200000762939453,8.782167726123465
2012-01-18,20.88999938964844,8.458710832396445
2012-01-19,19.8700008392334,9.031189704161187
2012-01-20,18.280000686645508,9.007553384702453
2012-01-23,18.670000076293945,8.881842785033768
2012-01-24,18.90999984741211,9.004079987889499
2012-01-25,18.309999465942383,8.724303108924314
2012-01-26,18.56999969482422,8.363305891864789
2012-01-27,18.530000686645508,8.318500468523721
2012-01-30,19.399999618530277,8.072799150833635
2012-01-31,19.440000534057617,8.323976099163739
2012-02-01,18.549999237060547,8.041508090023061
2012-02-02,17.979999542236328,8.235431589944971
2012-02-03,17.100000381469727,7.097742563058697
2012-02-06,17.760000228881836,8.990960641598589
2012-02-07,17.649999618530273,9.281216201635772
2012-02-08,18.15999984741211,9.851010768356478
2012-02-09,18.6299991607666,9.914397883115214
2012-02-10,20.790000915527344,9.435238076714713
2012-02-13,19.040000915527344,10.95700641208874
2012-02-14,19.540000915527344,10.950539606654681
2012-02-15,21.13999938964844,10.768622770891778
2012-02-16,19.21999931335449,10.25839662356114
2012-02-17,17.780000686645508,10.282815765439809
2012-02-21,18.190000534057617,10.410700234225585
2012-02-22,18.190000534057617,10.326774966149312
2012-02-23,16.799999237060547,10.744908874079846
2012-02-24,17.309999465942383,10.764486652523303
2012-02-27,18.190000534057617,11.677250650859296
2012-02-28,17.959999084472656,11.797346376504173
2012-02-29,18.43000030517578,11.866418492627632
2012-03-01,17.260000228881836,11.832621493890187
2012-03-02,17.290000915527344,11.771249981759285
2012-03-05,18.049999237060547,11.750584848401688
2012-03-06,20.8700008392334,10.246467207452959
2012-03-07,19.06999969482422,11.018360732720422
2012-03-08,17.950000762939453,10.606664019978858
2012-03-09,17.110000610351562,11.436479939980348
2012-03-12,15.640000343322754,12.997268970293261
2012-03-13,14.800000190734863,11.556448608028894
2012-03-14,15.3100004196167,12.559439920045573
2012-03-15,15.420000076293944,13.013149957271553
2012-03-16,14.470000267028809,12.982253262846577
2012-03-19,15.039999961853027,14.062886382577375
2012-03-20,15.579999923706056,14.074000005054337
2012-03-21,15.130000114440918,14.220959136978307
2012-03-22,15.56999969482422,14.044975175283875
2012-03-23,14.81999969482422,14.24912394304307
2012-03-26,14.260000228881836,13.255888559161416
2012-03-27,15.59000015258789,14.280797269934038
2012-03-28,15.470000267028809,14.434415042621879
2012-03-29,15.479999542236328,14.434141759827176
2012-03-30,15.5,14.409074348851547
2012-04-02,15.640000343322754,14.337779779774268
2012-04-03,15.65999984741211,14.305100406008508
2012-04-04,16.440000534057617,14.121588129727025
2012-04-05,16.700000762939453,15.231923973326577
2012-04-09,18.809999465942383,14.745151039922805
2012-04-10,20.38999938964844,13.485037626697979
2012-04-11,20.020000457763672,13.323125398791536
2012-04-12,17.200000762939453,12.393228358260018
2012-04-13,19.549999237060547,11.734212913718737
2012-04-16,19.549999237060547,12.319043226670923
2012-04-17,18.459999084472656,10.900477425953579
2012-04-18,18.63999938964844,10.908574469213491
2012-04-19,18.36000061035156,11.739877324585915
2012-04-20,17.440000534057617,11.815266197527807
2012-04-23,18.96999931335449,13.605067584674762
2012-04-24,18.100000381469727,13.512394251764947
2012-04-25,16.81999969482422,12.263401345472811
2012-04-26,16.239999771118164,11.873135985720582
2012-04-27,16.31999969482422,11.757020876065868
2012-04-30,17.149999618530273,12.911063066221368
2012-05-01,16.600000381469727,13.213708066609714
2012-05-02,16.8799991607666,13.219075168616042
2012-05-03,17.559999465942383,15.351836180682485
2012-05-04,19.15999984741211,14.70607704091301
2012-05-07,18.940000534057617,15.149558870347917
2012-05-08,19.049999237060547,17.586574701742524
2012-05-09,20.07999992370605,17.530631838284876
2012-05-10,18.82999992370605,17.80431782789079
2012-05-11,19.88999938964844,18.275720309300187
2012-05-14,21.8700008392334,18.46468703989073
2012-05-15,21.96999931335449,18.49123039862723
2012-05-16,22.270000457763672,18.84618590734935
2012-05-17,24.489999771118164,18.262365613839624
2012-05-18,25.100000381469727,17.868857981843984
2012-05-21,22.01000022888184,17.224373128523787
2012-05-22,22.479999542236328,17.263400147348253
2012-05-23,22.32999992370605,19.283716959707757
2012-05-24,21.540000915527344,19.453861421217617
2012-05-25,21.76000022888184,20.314677484170605
2012-05-29,21.030000686645508,19.909724539760827
2012-05-30,24.13999938964844,19.429118733685176
2012-05-31,24.059999465942383,19.4438792608831
2012-06-01,26.65999984741211,18.587437653094003
2012-06-04,26.1200008392334,18.535741567144655
2012-06-05,24.68000030517578,18.510359994251647
2012-06-06,22.15999984741211,17.296310666006278
2012-06-07,21.71999931335449,17.777822003857572
2012-06-08,21.229999542236328,17.639181398835696
2012-06-11,23.559999465942383,17.274033059402644
2012-06-12,22.09000015258789,16.85485727442102
2012-06-13,24.270000457763672,16.77622243054774
2012-06-14,21.68000030517578,17.374462945544284
2012-06-15,21.11000061035156,17.073706180935766
2012-06-18,18.31999969482422,17.217532090277825
2012-06-19,18.3799991607666,17.08141224091548
2012-06-20,17.239999771118164,17.07415891946346
2012-06-21,20.07999992370605,15.174370844832982
2012-06-22,18.11000061035156,15.52856051719928
2012-06-25,20.3799991607666,14.65442002831107
2012-06-26,19.71999931335449,14.57817515810694
2012-06-27,19.450000762939453,15.34686446606354
2012-06-28,19.709999084472656,16.416179951644708
2012-06-29,17.079999923706055,14.11536213195152
2012-07-02,16.799999237060547,14.36690923286687
2012-07-03,16.65999984741211,14.187264308412043
2012-07-05,17.5,14.315584590255822
2012-07-06,17.100000381469727,15.45223590953399
2012-07-09,17.979999542236328,15.42086121220022
2012-07-10,18.71999931335449,14.966027300373543
2012-07-11,17.950000762939453,14.950986198077873
2012-07-12,18.32999992370605,14.723831876621752
2012-07-13,16.739999771118164,13.756676053209418
2012-07-16,17.110000610351562,13.696993624680543
2012-07-17,16.479999542236328,13.584479591149046
2012-07-18,16.15999984741211,13.411746314203294
2012-07-19,15.449999809265137,13.57831636546929
2012-07-20,16.270000457763672,12.977512015355321
2012-07-23,18.6200008392334,12.184315968794891
2012-07-24,20.46999931335449,11.653372237371416
2012-07-25,19.34000015258789,11.647662224762021
2012-07-26,17.530000686645508,11.121323755845818
2012-07-27,16.700000762939453,9.408664930218611
2012-07-30,18.030000686645508,9.405946592450046
2012-07-31,18.93000030517578,8.955113649174997
2012-08-01,18.959999084472656,8.920585184674204
2012-08-02,17.56999969482422,8.959005204967898
2012-08-03,15.640000343322754,6.010635310861835
2012-08-06,15.949999809265137,6.014849671817594
2012-08-07,15.989999771118164,5.788770407861385
2012-08-08,15.31999969482422,9.135009342209122
2012-08-09,15.279999732971191,9.185117971767056
2012-08-10,14.739999771118164,9.513164302634191
2012-08-13,13.699999809265137,9.518758120349286
2012-08-14,14.850000381469728,9.543297680516954
2012-08-15,14.630000114440918,10.735472080743115
2012-08-16,14.289999961853027,10.589839093314419
2012-08-17,13.449999809265137,10.750585082476618
2012-08-20,14.020000457763672,10.771733547249791
2012-08-21,15.020000457763672,10.644892582430355
2012-08-22,15.109999656677246,10.651340686135272
2012-08-23,15.960000038146973,10.030947056145314
2012-08-24,15.18000030517578,9.994904497233142
2012-08-27,16.350000381469727,10.919152386653414
2012-08-28,16.489999771118164,11.1625247291671
2012-08-29,17.059999465942383,11.557311060249255
2012-08-30,17.829999923706055,11.336234433823694
2012-08-31,17.469999313354492,11.279978510397678
2012-09-04,17.979999542236328,11.248265000702602
2012-09-05,17.739999771118164,11.248668916553278
2012-09-06,15.600000381469728,9.196411561779767
2012-09-07,14.380000114440918,9.141558141617203
2012-09-10,16.280000686645508,8.958261195047381
2012-09-11,16.40999984741211,9.72780685098983
2012-09-12,15.800000190734863,9.945457237732313
2012-09-13,14.050000190734863,8.170517953219528
2012-09-14,14.510000228881836,7.96643835117962
2012-09-17,14.59000015258789,8.600634432936449
2012-09-18,14.18000030517578,9.404840497816789
2012-09-19,13.880000114440918,9.546271098063757
2012-09-20,14.06999969482422,9.594228490049588
2012-09-21,13.979999542236328,11.293138712735441
2012-09-24,14.149999618530272,11.295676487510645
2012-09-25,15.43000030517578,11.728755063741241
2012-09-26,16.809999465942383,11.621530855739687
2012-09-27,14.84000015258789,11.084550282501668
2012-09-28,15.729999542236328,11.007011940586224
2012-10-01,16.31999969482422,10.93364321352442
2012-10-02,15.710000038146973,11.654190613922518
2012-10-03,15.43000030517578,11.877393973381833
2012-10-04,14.550000190734863,11.53365489840827
2012-10-05,14.329999923706056,11.988898493915782
2012-10-08,15.109999656677246,14.27120675888621
2012-10-09,16.3700008392334,14.448534670504094
2012-10-10,16.290000915527344,14.3974121112471
2012-10-11,15.59000015258789,14.40285183636284
2012-10-12,16.139999389648438,14.405644185270367
2012-10-15,15.270000457763672,14.46283642523542
2012-10-16,15.220000267028809,13.640319167601229
2012-10-17,15.06999969482422,13.672260024698065
2012-10-18,15.029999732971191,16.024460081147897
2012-10-19,17.059999465942383,15.103613484111762
2012-10-22,16.6200008392334,15.140667126267902
2012-10-23,18.82999992370605,15.258765105349523
2012-10-24,18.32999992370605,15.243539607502163
2012-10-25,18.1200008392334,15.307423900695508
2012-10-26,17.809999465942383,15.595064175602582
2012-10-31,18.600000381469727,15.680823745130896
2012-11-01,16.690000534057617,15.216736972564593
2012-11-02,17.59000015258789,14.97821577080643
2012-11-05,18.420000076293945,14.964676180381076
2012-11-06,17.579999923706055,14.687344168436198
2012-11-07,19.07999992370605,12.104923946587338
2012-11-08,18.489999771118164,11.11749066785553
2012-11-09,18.61000061035156,11.12230574812852
2012-11-12,16.68000030517578,11.271662028394472
2012-11-13,16.649999618530273,11.110502965343647
2012-11-14,17.920000076293945,9.979055605155612
2012-11-15,17.989999771118164,10.114705549754172
2012-11-16,16.40999984741211,10.618954100028551
2012-11-19,15.239999771118164,9.02836820637425
2012-11-20,15.079999923706056,9.645699628692851
2012-11-21,15.3100004196167,9.746526938446774
2012-11-23,15.140000343322754,9.50285637137456
2012-11-26,15.5,9.54892628272915
2012-11-27,15.920000076293944,9.480341165979704
2012-11-28,15.510000228881836,9.117626831028199
2012-11-29,15.0600004196167,9.793953384818654
2012-11-30,15.869999885559082,11.552561406631952
2012-12-03,16.639999389648438,14.336678783400547
2012-12-04,17.1200008392334,14.36622457864199
2012-12-05,16.459999084472656,14.392631856769974
2012-12-06,16.579999923706055,14.480794242328122
2012-12-07,15.899999618530272,14.56277804129801
2012-12-10,16.049999237060547,14.562452922576815
2012-12-11,15.56999969482422,14.62190338028082
2012-12-12,15.949999809265137,14.628868452336288
2012-12-13,16.559999465942383,14.372132253992659
2012-12-14,17.0,14.229869146915316
2012-12-17,16.34000015258789,13.782461426177164
2012-12-18,15.56999969482422,13.449414743386914
2012-12-19,17.360000610351562,13.05131181384844
2012-12-20,17.670000076293945,13.037410190185858
2012-12-21,17.84000015258789,12.39526543111546
2012-12-24,17.84000015258789,12.26011660662204
2012-12-26,19.479999542236328,12.048279582858374
2012-12-27,19.46999931335449,12.041713084641142
2012-12-28,22.71999931335449,10.884880085326586
2012-12-31,18.020000457763672,10.00755718058644
2013-01-02,14.68000030517578,5.495341531200926
2013-01-03,14.5600004196167,6.18845804486607
2013-01-04,13.829999923706056,7.667359702790214
2013-01-07,13.789999961853027,8.152777833136883
2013-01-08,13.619999885559082,7.982054380534725
2013-01-09,13.8100004196167,8.057858030902675
2013-01-10,13.489999771118164,7.8566080316922084
2013-01-11,13.359999656677246,7.860351708932814
2013-01-14,13.520000457763672,7.815152484556474
2013-01-15,13.550000190734863,7.812409860613524
2013-01-16,13.420000076293944,7.788483047701591
2013-01-17,13.56999969482422,7.648571023068207
2013-01-18,12.460000038146973,7.946793801416509
2013-01-22,12.43000030517578,9.262942543663101
2013-01-23,12.460000038146973,9.56554107417753
2013-01-24,12.6899995803833,10.127321970809328
2013-01-25,12.890000343322754,12.193223578549487
2013-01-28,13.56999969482422,12.454681010265377
2013-01-29,13.3100004196167,13.168676094735929
2013-01-30,14.31999969482422,13.101577587370148
2013-01-31,14.279999732971191,13.087433421077582
2013-02-01,12.899999618530272,12.72838099728982
2013-02-04,14.670000076293944,12.24494134487985
2013-02-05,13.720000267028809,11.827808230533126
2013-02-06,13.40999984741211,11.829180591959636
2013-02-07,13.5,11.838122044444027
2013-02-08,13.020000457763672,11.773849929801735
2013-02-11,12.9399995803833,11.832404777197484
2013-02-12,12.640000343322754,11.831715912575813
2013-02-13,12.979999542236328,11.9168488113757
2013-02-14,12.65999984741211,11.957367364737951
2013-02-15,12.460000038146973,12.178349767739048
2013-02-19,12.3100004196167,11.999797665668103
2013-02-20,14.68000030517578,11.117748781272983
2013-02-21,15.220000267028809,11.378658947227553
2013-02-22,14.170000076293944,11.229142387632022
2013-02-25,18.989999771118164,8.501793955863883
2013-02-26,16.8700008392334,8.594184530827576
2013-02-27,14.729999542236328,7.711078247403302
2013-02-28,15.510000228881836,7.607009701952163
2013-03-01,15.359999656677246,7.858331423071836
2013-03-04,14.010000228881836,7.834511732303026
2013-03-05,13.479999542236328,8.347958005276297
2013-03-06,13.529999732971191,8.43775979280616
2013-03-07,13.0600004196167,8.619140171733665
2013-03-08,12.59000015258789,8.812131016243086
2013-03-11,11.5600004196167,8.796058969181685
2013-03-12,12.270000457763672,9.656667580266184
2013-03-13,11.829999923706056,9.685303145004282
2013-03-14,11.300000190734863,9.647348757219302
2013-03-15,11.300000190734863,12.948281568765049
2013-03-18,13.359999656677246,13.805802226479221
2013-03-19,14.390000343322754,14.838067522880017
2013-03-20,12.670000076293944,14.777234396686339
2013-03-21,13.989999771118164,14.793871728776256
2013-03-22,13.56999969482422,14.602287567140632
2013-03-25,13.739999771118164,14.925492072844968
2013-03-26,12.770000457763672,14.690230206594961
2013-03-27,13.149999618530272,14.740670273087614
2013-03-28,12.699999809265137,14.73930723087659
2013-04-01,13.579999923706056,14.79576600105019
2013-04-02,12.779999732971191,14.734504461172518
2013-04-03,14.210000038146973,14.603836912322986
2013-04-04,13.890000343322754,14.86308917686305
2013-04-05,13.920000076293944,15.018096648735616
2013-04-08,13.1899995803833,14.914277377535315
2013-04-09,12.84000015258789,14.949380618049746
2013-04-10,12.359999656677246,14.487394028477507
2013-04-11,12.239999771118164,14.54707919137451
2013-04-12,12.0600004196167,14.500705697202331
2013-04-15,17.270000457763672,11.15097816728663
2013-04-16,13.960000038146973,10.621573570373402
2013-04-17,16.510000228881836,8.503648908227044
2013-04-18,17.559999465942383,8.281876092827432
2013-04-19,14.970000267028809,8.369067204307404
2013-04-22,14.390000343322754,8.458158078029271
2013-04-23,13.479999542236328,8.071019520539428
2013-04-24,13.609999656677246,8.843097874565496
2013-04-25,13.619999885559082,9.022305916520803
2013-04-26,13.609999656677246,8.975213346271698
2013-04-29,13.710000038146973,8.931798490239693
2013-04-30,13.520000457763672,9.444812164788827
2013-05-01,14.489999771118164,8.604399490036624
2013-05-02,13.59000015258789,10.066871674451741
2013-05-03,12.850000381469728,9.648616520662518
2013-05-06,12.65999984741211,9.836046964370825
2013-05-07,12.829999923706056,10.957810298537941
2013-05-08,12.65999984741211,11.334310677567885
2013-05-09,13.130000114440918,12.156686390245897
2013-05-10,12.59000015258789,12.116941604829115
2013-05-13,12.550000190734863,12.705284351839493
2013-05-14,12.770000457763672,12.393995507139573
2013-05-15,12.8100004196167,13.495165109536075
2013-05-16,13.06999969482422,13.571002033524948
2013-05-17,12.449999809265137,13.39227401076121
2013-05-20,13.020000457763672,13.73854149629964
2013-05-21,13.369999885559082,14.5303329542213
2013-05-22,13.81999969482422,16.731483244888445
2013-05-23,14.06999969482422,16.828400993759416
2013-05-24,13.989999771118164,17.270047751793484
2013-05-28,14.479999542236328,17.543456435800927
2013-05-29,14.829999923706056,17.956247721751602
2013-05-30,14.529999732971191,18.052268887548095
2013-05-31,16.299999237060547,17.40565317385775
2013-06-03,16.280000686645508,17.422557591201222
2013-06-04,16.270000457763672,17.353826983745527
2013-06-05,17.5,16.588614148735008
2013-06-06,16.6299991607666,16.71947181779402
2013-06-07,15.140000343322754,16.216406477183227
2013-06-10,15.4399995803833,16.414677279000855
2013-06-11,17.06999969482422,15.918512436562665
2013-06-12,18.59000015258789,16.12856309464206
2013-06-13,16.40999984741211,15.370910558361892
2013-06-14,17.149999618530273,15.129146084652245
2013-06-17,16.799999237060547,15.079771447498175
2013-06-18,16.610000610351562,14.884168956977732
2013-06-19,16.639999389648438,13.876994204992968
2013-06-20,20.489999771118164,9.550059635185841
2013-06-21,18.899999618530277,9.5610441987216
2013-06-24,20.11000061035156,7.8038440157964555
2013-06-25,18.46999931335449,7.899115654219652
2013-06-26,17.209999084472656,7.478703181252802
2013-06-27,16.860000610351562,7.401282543467097
2013-06-28,16.860000610351562,7.289155648735811
2013-07-01,16.3700008392334,7.226863762459068
2013-07-02,16.440000534057617,7.155976436672838
2013-07-03,16.200000762939453,7.824242990883601
2013-07-05,14.890000343322754,7.249801453014405
2013-07-08,14.779999732971191,7.260681832246435
2013-07-09,14.350000381469728,7.482890234566899
2013-07-10,14.210000038146973,7.655203008024578
2013-07-11,14.010000228881836,6.211405552497222
2013-07-12,13.84000015258789,6.340961732256156
2013-07-15,13.789999961853027,6.245617537814234
2013-07-16,14.420000076293944,6.1229630496542935
2013-07-17,13.779999732971191,6.403112993013351
2013-07-18,13.770000457763672,7.876358561968054
2013-07-19,12.539999961853027,7.867616060787968
2013-07-22,12.289999961853027,8.010955105098596
2013-07-23,12.65999984741211,8.311216382082415
2013-07-24,13.18000030517578,8.461820751951272
2013-07-25,12.970000267028809,9.140158692920368
2013-07-26,12.720000267028809,9.24027808152045
2013-07-29,13.390000343322754,9.264849759223281
2013-07-30,13.390000343322754,10.753458692787314
2013-07-31,13.449999809265137,10.879977797576542
2013-08-01,12.9399995803833,9.836036769355562
2013-08-02,11.979999542236328,9.74876134155442
2013-08-05,11.84000015258789,10.033734635883787
2013-08-06,12.720000267028809,10.537783732383033
2013-08-07,12.979999542236328,10.542551151053994
2013-08-08,12.729999542236328,10.417511293005301
2013-08-09,13.40999984741211,11.051206481891612
2013-08-12,12.8100004196167,11.392704562577574
2013-08-13,12.3100004196167,11.39926280800443
2013-08-14,13.039999961853027,11.28601417990322
2013-08-15,14.729999542236328,9.984650066812929
2013-08-16,14.369999885559082,9.99960128177076
2013-08-19,15.100000381469728,9.619892846601246
2013-08-20,14.90999984741211,10.16564453836696
2013-08-21,15.9399995803833,9.79188471532927
2013-08-22,14.760000228881836,10.007415379138966
2013-08-23,13.979999542236328,10.22396108966898
2013-08-26,14.989999771118164,10.147148055694045
2013-08-27,16.770000457763672,7.965567220015533
2013-08-28,16.489999771118164,7.973995225618191
2013-08-29,16.809999465942383,8.310133189733468
2013-08-30,17.010000228881836,8.510971222583157
2013-09-03,16.610000610351562,8.747168785298683
2013-09-04,15.880000114440918,8.442491777810602
2013-09-05,15.770000457763672,9.233016936673744
2013-09-06,15.850000381469728,9.542242310586078
2013-09-09,15.630000114440918,9.596396596037067
2013-09-10,14.529999732971191,10.079886328291996
2013-09-11,13.81999969482422,9.99204228840659
2013-09-12,14.289999961853027,12.69228274142377
2013-09-13,14.15999984741211,12.862275818222873
2013-09-16,14.380000114440918,12.780942483199928
2013-09-17,14.529999732971191,12.968052576222039
2013-09-18,13.59000015258789,13.2732705739598
2013-09-19,13.15999984741211,13.465565699680502
2013-09-20,13.119999885559082,13.348354715879543
2013-09-23,14.3100004196167,13.185355165194707
2013-09-24,14.079999923706056,13.202313586705438
2013-09-25,14.010000228881836,13.307286135517614
2013-09-26,14.0600004196167,13.296978590191735
2013-09-27,15.460000038146973,13.127931102310948
2013-09-30,16.600000381469727,12.83820682977272
2013-10-01,15.539999961853027,12.72435500398052
2013-10-02,16.600000381469727,12.937910774822479
2013-10-03,17.670000076293945,12.381344449948907
2013-10-04,16.739999771118164,12.230214913972727
2013-10-07,19.40999984741211,11.548539642966512
2013-10-08,20.34000015258789,10.47975473327311
2013-10-09,19.600000381469727,10.459923617881689
2013-10-10,16.479999542236328,9.662242627927716
2013-10-11,15.720000267028809,10.406056942991754
2013-10-14,16.06999969482422,10.398765184489745
2013-10-15,18.65999984741211,9.945834076684772
2013-10-16,14.710000038146973,9.215110359798103
2013-10-17,13.479999542236328,9.116122063309833
2013-10-18,13.039999961853027,8.980218458364565
2013-10-21,13.15999984741211,9.148699391217399
2013-10-22,13.329999923706056,9.081698624437697
2013-10-23,13.420000076293944,8.958348500467006
2013-10-24,13.199999809265137,9.264331145868324
2013-10-25,13.09000015258789,9.28547552032118
2013-10-28,13.3100004196167,9.322361066363591
2013-10-29,13.40999984741211,9.200195306813809
2013-10-30,13.649999618530272,8.935724236565035
2013-10-31,13.75,8.833070047047574
2013-11-01,13.279999732971191,8.940439805072808
2013-11-04,12.93000030517578,9.104562866659577
2013-11-05,13.270000457763672,8.990752858685326
2013-11-06,12.670000076293944,9.045325089182054
2013-11-07,13.90999984741211,8.355725898138253
2013-11-08,12.899999618530272,7.137033760172723
2013-11-11,12.529999732971191,7.327442597820035
2013-11-12,12.81999969482422,8.476288812853676
2013-11-13,12.520000457763672,8.090837603840212
2013-11-14,12.369999885559082,7.868395802663841
2013-11-15,12.1899995803833,8.041726092780365
2013-11-18,13.100000381469728,8.025225497804236
2013-11-19,13.390000343322754,10.022605075516596
2013-11-20,13.399999618530272,9.94557694399363
2013-11-21,12.65999984741211,9.760888964326558
2013-11-22,12.260000228881836,9.781230694996664
2013-11-25,12.789999961853027,9.771413645039043
2013-11-26,12.8100004196167,9.878242849881106
2013-11-27,12.979999542236328,9.874631399793305
2013-11-29,13.699999809265137,9.864937965240095
2013-12-02,14.229999542236328,9.848570285332537
2013-12-03,14.550000190734863,10.42124852114557
2013-12-04,14.699999809265137,10.422105692789515
2013-12-05,15.079999923706056,10.329241240141714
2013-12-06,13.789999961853027,9.834962516643625
2013-12-09,13.489999771118164,9.82027541606991
2013-12-10,13.90999984741211,9.680249485028675
2013-12-11,15.420000076293944,8.515371208682673
2013-12-12,15.539999961853027,9.945071484080298
2013-12-13,15.760000228881836,10.4894209330246
2013-12-16,16.030000686645508,10.44693519694945
2013-12-17,16.209999084472656,10.349456658674828
2013-12-18,13.800000190734863,8.885905770782992
2013-12-19,14.149999618530272,8.885032583158905
2013-12-20,13.789999961853027,8.702714325656927
2013-12-23,13.039999961853027,9.078701572466404
2013-12-24,12.479999542236328,11.839949719906596
2013-12-26,12.329999923706056,11.677883271928541
2013-12-27,12.460000038146973,11.974085735528199
2013-12-30,13.5600004196167,12.321422268047806
2013-12-31,13.720000267028809,12.889955383776
2014-01-02,14.229999542236328,12.642460815828283
2014-01-03,13.760000228881836,14.740742972540763
2014-01-06,13.550000190734863,15.112549495852937
2014-01-07,12.920000076293944,14.813900481006561
2014-01-08,12.869999885559082,15.780609235281165
2014-01-09,12.890000343322754,16.534074329113526
2014-01-10,12.140000343322754,16.510029108286098
2014-01-13,13.279999732971191,16.36739754720109
2014-01-14,12.279999732971191,15.869859789943868
2014-01-15,12.279999732971191,15.859050598841257
2014-01-16,12.529999732971191,15.993920173198703
2014-01-17,12.4399995803833,15.923975096126197
2014-01-21,12.869999885559082,16.06517859224544
2014-01-22,12.84000015258789,16.213634057494843
2014-01-23,13.770000457763672,15.932572729207903
2014-01-24,18.13999938964844,13.754544406823902
2014-01-27,17.420000076293945,13.55895185049526
2014-01-28,15.800000190734863,13.486241492177264
2014-01-29,17.350000381469727,12.861424131497767
2014-01-30,17.290000915527344,12.492010454078885
2014-01-31,18.40999984741211,12.596483666652958
2014-02-03,21.440000534057617,9.413302046684683
2014-02-04,19.11000061035156,9.380199203644066
2014-02-05,19.950000762939453,9.229872328444822
2014-02-06,17.229999542236328,8.569121308752052
2014-02-07,15.289999961853027,7.8925874779376475
2014-02-10,15.260000228881836,8.303593668489576
2014-02-11,14.510000228881836,7.618235698148839
2014-02-12,14.300000190734863,8.856353272907228
2014-02-13,14.140000343322754,8.794012135991544
2014-02-14,13.56999969482422,9.141581701028677
2014-02-18,13.869999885559082,9.427509596409344
2014-02-19,15.5,9.299537433658616
2014-02-20,14.789999961853027,9.295296979423544
2014-02-21,14.68000030517578,9.428550863116964
2014-02-24,14.229999542236328,9.41615863326332
2014-02-25,13.670000076293944,9.537057529182007
2014-02-26,14.350000381469728,9.934973556027888
2014-02-27,14.039999961853027,9.787523079085362
2014-02-28,14.0,9.909149465616581
2014-03-03,16.0,9.943108539368557
2014-03-04,14.100000381469728,8.941787682721278
2014-03-05,13.890000343322754,9.001692179202294
2014-03-06,14.210000038146973,8.998943857635261
2014-03-07,14.109999656677246,9.990960857231915
2014-03-10,14.199999809265137,10.707187324838422
2014-03-11,14.800000190734863,10.724959025060064
2014-03-12,14.470000267028809,11.420803577834494
2014-03-13,16.219999313354492,13.158150922841468
2014-03-14,17.81999969482422,13.496229202398148
2014-03-17,15.640000343322754,13.392600589537725
2014-03-18,14.520000457763672,13.37365762578268
2014-03-19,15.119999885559082,13.812991342666198
2014-03-20,14.520000457763672,13.657312976911387
2014-03-21,15.0,13.639887254240248
2014-03-24,15.09000015258789,13.61905231320652
2014-03-25,14.020000457763672,13.569820657476544
2014-03-26,14.93000030517578,13.28378584913085
2014-03-27,14.619999885559082,13.632869708247098
2014-03-28,14.40999984741211,13.570873502712391
2014-03-31,13.880000114440918,13.35894279677963
2014-04-01,13.100000381469728,13.188929015895756
2014-04-02,13.09000015258789,13.130617793053059
2014-04-03,13.369999885559082,13.13198976969621
2014-04-04,13.960000038146973,12.388140367993884
2014-04-07,15.56999969482422,12.118033571372463
2014-04-08,14.890000343322754,12.200330165510328
2014-04-09,13.81999969482422,11.629245743273096
2014-04-10,15.890000343322754,8.44887063951903
2014-04-11,17.030000686645508,8.013515189608412
2014-04-14,16.110000610351562,7.74260522768931
2014-04-15,15.609999656677246,7.8482621818942055
2014-04-16,14.18000030517578,7.854512992852195
2014-04-17,13.359999656677246,7.925303800074649
2014-04-21,13.25,7.934774048967985
2014-04-22,13.1899995803833,8.127727402364009
2014-04-23,13.270000457763672,8.611501218637162
2014-04-24,13.31999969482422,8.622525667496681
2014-04-25,14.0600004196167,8.060726430480777
2014-04-28,13.970000267028809,8.2294403082711
2014-04-29,13.710000038146973,8.154189304965758
2014-04-30,13.40999984741211,8.2619400979805
2014-05-01,13.25,8.255993572893933
2014-05-02,12.90999984741211,8.199819633653856
2014-05-05,13.289999961853027,8.219945848388624
2014-05-06,13.800000190734863,7.343268268349817
2014-05-07,13.399999618530272,7.3940069489637255
2014-05-08,13.43000030517578,7.392810954938998
2014-05-09,12.920000076293944,7.399029776167733
2014-05-12,12.229999542236328,6.836580342483691
2014-05-13,12.130000114440918,7.061508731624007
2014-05-14,12.170000076293944,7.371400234475583
2014-05-15,13.170000076293944,6.374379924170098
2014-05-16,12.4399995803833,6.3499009720773785
2014-05-19,12.420000076293944,6.3200257490036975
2014-05-20,12.960000038146973,5.895156753854294
2014-05-21,11.90999984741211,5.441675102996597
2014-05-22,12.029999732971191,5.438422722854182
2014-05-23,11.359999656677246,5.431237231643073
2014-05-27,11.510000228881836,5.811319873886932
2014-05-28,11.68000030517578,5.893944340047099
2014-05-29,11.56999969482422,5.75423307867835
2014-05-30,11.399999618530272,5.759881913999026
2014-06-02,11.579999923706056,5.786099096364032
2014-06-03,11.869999885559082,6.09615360899752
2014-06-04,12.079999923706056,6.091361723212181
2014-06-05,11.68000030517578,5.934126291054766
2014-06-06,10.729999542236328,5.997580603075327
2014-06-09,11.149999618530272,6.521468262598431
2014-06-10,10.989999771118164,6.677121279211236
2014-06-11,11.600000381469728,6.718520124513086
2014-06-12,12.5600004196167,6.0714898585821935
2014-06-13,12.18000030517578,6.198072028679082
2014-06-16,12.649999618530272,6.288797213434803
2014-06-17,12.0600004196167,6.331714273073971
2014-06-18,10.609999656677246,7.290266262088477
2014-06-19,10.619999885559082,8.118678173839571
2014-06-20,10.850000381469728,8.142603922702195
2014-06-23,10.979999542236328,8.259170081609403
2014-06-24,12.130000114440918,7.891865918098315
2014-06-25,11.59000015258789,7.787001176245063
2014-06-26,11.630000114440918,8.01291500659168
2014-06-27,11.260000228881836,7.996803012085472
2014-06-30,11.56999969482422,8.17221659209303
2014-07-01,11.149999618530272,7.819581982998853
2014-07-02,10.81999969482422,10.525758767008913
2014-07-03,10.31999969482422,10.304318480964419
2014-07-07,11.329999923706056,10.714868694621416
2014-07-08,11.979999542236328,11.00002098555444
2014-07-09,11.649999618530272,10.818532559151697
2014-07-10,12.59000015258789,10.878745264269305
2014-07-11,12.079999923706056,11.774838160071896
2014-07-14,11.81999969482422,11.657294908050053
2014-07-15,11.960000038146973,11.653602169196308
2014-07-16,11.0,11.863244748574136
2014-07-17,14.539999961853027,11.314722168452638
2014-07-18,12.0600004196167,10.660168082540379
2014-07-21,12.8100004196167,11.094468397016096
2014-07-22,12.239999771118164,11.143043087035975
2014-07-23,11.520000457763672,11.15581880021674
2014-07-24,11.84000015258789,11.201267373437961
2014-07-25,12.6899995803833,11.073624681929132
2014-07-28,12.5600004196167,11.19801457076037
2014-07-29,13.279999732971191,11.046986895184624
2014-07-30,13.329999923706056,11.053348526147365
2014-07-31,16.950000762939453,7.919572541038214
2014-08-01,17.030000686645508,7.714345745996655
2014-08-04,15.119999885559082,7.519822904675154
2014-08-05,16.8700008392334,6.267460512438339
2014-08-06,16.3700008392334,6.36672751811707
2014-08-07,16.65999984741211,5.7605417217248736
2014-08-08,15.770000457763672,4.981882793798159
2014-08-11,14.229999542236328,5.750559451202601
2014-08-12,14.130000114440918,5.708572798077086
2014-08-13,12.899999618530272,5.383915900781279
2014-08-14,12.420000076293944,5.8076976474588875
2014-08-15,13.149999618530272,5.824220010130878
2014-08-18,12.31999969482422,5.687426727640641
2014-08-19,12.210000038146973,5.449525718521057
2014-08-20,11.779999732971191,5.660347295082178
2014-08-21,11.760000228881836,5.62660589517748
2014-08-22,11.470000267028809,6.319121414610686
2014-08-25,11.699999809265137,6.385556110022588
2014-08-26,11.630000114440918,7.003223708861804
2014-08-27,11.779999732971191,9.089613228463481
2014-08-28,12.050000190734863,9.597004187428455
2014-08-29,12.09000015258789,9.535080724757776
2014-09-02,12.25,9.563301620639582
2014-09-03,12.359999656677246,10.613479376457256
2014-09-04,12.640000343322754,10.62624225635953
2014-09-05,12.09000015258789,11.313969610066431
2014-09-08,12.65999984741211,11.297433302090692
2014-09-09,13.5,12.318296508914923
2014-09-10,12.880000114440918,13.901028031983046
2014-09-11,12.800000190734863,15.484331289204798
2014-09-12,13.3100004196167,15.810191895787623
2014-09-15,14.119999885559082,16.623703909976783
2014-09-16,12.729999542236328,16.265811331166812
2014-09-17,12.649999618530272,16.229834423199154
2014-09-18,12.029999732971191,15.93189472382526
2014-09-19,12.109999656677246,16.840620921856903
2014-09-22,13.6899995803833,17.33581498485421
2014-09-23,14.93000030517578,18.926780423663672
2014-09-24,13.270000457763672,18.747094631950535
2014-09-25,15.640000343322754,18.489711938089666
2014-09-26,14.850000381469728,18.47518031527617
2014-09-29,15.979999542236328,18.471225266301484
2014-09-30,16.309999465942383,18.908038655303525
2014-10-01,16.709999084472656,18.1938806595786
2014-10-02,16.15999984741211,18.29170610088456
2014-10-03,14.550000190734863,18.321891848618204
2014-10-06,15.460000038146973,18.301413453758368
2014-10-07,17.200000762939453,17.293549973530865
2014-10-08,15.109999656677246,16.414858131321388
2014-10-09,18.76000022888184,14.331986928411695
2014-10-10,21.239999771118164,13.35504335315113
2014-10-13,24.63999938964844,11.122602822017074
2014-10-14,22.790000915527344,11.142557427115207
2014-10-15,25.270000457763672,10.564407834304793
2014-10-16,25.200000762939453,10.453884411575983
2014-10-17,21.989999771118164,10.204701858847757
2014-10-20,18.56999969482422,10.044173918697332
2014-10-21,16.079999923706055,8.128984047335798
2014-10-22,17.8700008392334,7.433111378230587
2014-10-23,16.530000686645508,6.745117960849595
2014-10-24,16.110000610351562,6.564099875916379
2014-10-27,16.040000915527344,6.398747700835372
2014-10-28,14.390000343322754,5.625052748884958
2014-10-29,15.149999618530272,5.4569742515376864
2014-10-30,14.520000457763672,5.457425195713278
2014-10-31,14.029999732971191,5.120056247663802
2014-11-03,14.729999542236328,5.465884872664914
2014-11-04,14.890000343322754,5.230602141226486
2014-11-05,14.170000076293944,5.017549722640567
2014-11-06,13.670000076293944,4.918194920409201
2014-11-07,13.119999885559082,5.660283848681965
2014-11-10,12.670000076293944,5.612655598721637
2014-11-11,12.920000076293944,8.174804311544227
2014-11-12,13.020000457763672,8.379951319823268
2014-11-13,13.789999961853027,10.17418761788825
2014-11-14,13.3100004196167,10.388843793300783
2014-11-17,13.989999771118164,10.642964678277982
2014-11-18,13.859999656677246,12.784874048191606
2014-11-19,13.960000038146973,15.624794456492086
2014-11-20,13.579999923706056,15.678851436545632
2014-11-21,12.899999618530272,15.650535290738546
2014-11-24,12.619999885559082,15.630248101903483
2014-11-25,12.25,15.625186885231864
2014-11-26,12.06999969482422,15.638910998382235
2014-11-28,13.329999923706056,15.611176285776295
2014-12-01,14.15999984741211,15.518039639668988
2014-12-02,12.850000381469728,15.806495138875206
2014-12-03,12.5,15.737419596476043
2014-12-04,12.380000114440918,16.97535916192408
2014-12-05,11.890000343322754,17.187384852832757
2014-12-08,14.210000038146973,17.780133617041372
2014-12-09,15.350000381469728,18.938165825790275
2014-12-10,18.530000686645508,18.21718311122979
2014-12-11,20.07999992370605,18.36924555745426
2014-12-12,21.07999992370605,17.390662454146213
2014-12-15,20.420000076293945,17.345471177943754
2014-12-16,23.56999969482422,17.42632162677923
2014-12-17,19.440000534057617,16.639287155946736
2014-12-18,16.809999465942383,14.015008371315846
2014-12-19,16.489999771118164,14.056027778375968
2014-12-22,15.25,15.008590078295686
2014-12-23,14.800000190734863,15.103407378601055
2014-12-24,14.369999885559082,15.139511934736705
2014-12-26,14.5,15.714736856321675
2014-12-29,15.0600004196167,16.193314001550775
2014-12-30,15.920000076293944,16.622922830934918
2014-12-31,19.200000762939453,16.832961628469043
2015-01-02,17.790000915527344,17.533775902464427
2015-01-05,19.920000076293945,17.06238712298727
2015-01-06,21.1200008392334,16.72773767194812
2015-01-07,19.309999465942383,16.537006798153765
2015-01-08,17.010000228881836,15.354032236179682
2015-01-09,17.549999237060547,15.159984348477343
2015-01-12,19.600000381469727,15.290572780465647
2015-01-13,20.559999465942383,15.225048656776998
2015-01-14,21.479999542236328,15.249664683934721
2015-01-15,22.38999938964844,14.677795330294243
2015-01-16,20.950000762939453,14.155592923391424
2015-01-20,19.88999938964844,14.172674257538754
2015-01-21,18.850000381469727,14.154034814397201
2015-01-22,16.399999618530273,13.400127988633088
2015-01-23,16.65999984741211,13.176384878568607
2015-01-26,15.520000457763672,13.181767411725875
2015-01-27,17.219999313354492,12.017497031002772
2015-01-28,20.440000534057617,10.720229186203918
2015-01-29,18.76000022888184,10.645393263937867
2015-01-30,20.96999931335449,9.186649737287897
2015-02-02,19.43000030517578,8.833821168960178
2015-02-03,17.329999923706055,7.858421858576738
2015-02-04,18.32999992370605,7.624432855108925
2015-02-05,16.850000381469727,8.79705840910778
2015-02-06,17.290000915527344,8.815439156601117
2015-02-09,18.549999237060547,10.569879285784346
2015-02-10,17.229999542236328,9.835611191444293
2015-02-11,16.959999084472656,10.894789803077021
2015-02-12,15.34000015258789,10.492738188416203
2015-02-13,14.6899995803833,11.509815156370006
2015-02-17,15.800000190734863,11.525631886465556
2015-02-18,15.449999809265137,12.347604482316745
2015-02-19,15.289999961853027,12.455908096705288
2015-02-20,14.300000190734863,12.675933380966242
2015-02-23,14.5600004196167,12.69535180535648
2015-02-24,13.6899995803833,12.794361469960261
2015-02-25,13.84000015258789,13.7629270826509
2015-02-26,13.90999984741211,13.769519609421806
2015-02-27,13.34000015258789,13.799071276265689
2015-03-02,13.039999961853027,14.349889648004202
2015-03-03,13.859999656677246,14.591961437707518
2015-03-04,14.229999542236328,14.573353428381317
2015-03-05,14.039999961853027,14.644696760959363
2015-03-06,15.199999809265137,13.965941455689626
2015-03-09,15.0600004196167,13.926556298403925
2015-03-10,16.690000534057617,12.553660925847101
2015-03-11,16.8700008392334,12.547705836225692
2015-03-12,15.420000076293944,11.929611298744188
2015-03-13,16.0,11.815562668156982
2015-03-16,15.609999656677246,10.904710746282047
2015-03-17,15.65999984741211,10.915877459135135
2015-03-18,13.970000267028809,10.093269814097576
2015-03-19,14.06999969482422,10.812272048799382
2015-03-20,13.020000457763672,10.84638916262216
2015-03-23,13.40999984741211,10.832864017399741
2015-03-24,13.619999885559082,10.763669167892257
2015-03-25,15.4399995803833,9.156104859942904
2015-03-26,15.800000190734863,9.057085088060594
2015-03-27,15.06999969482422,9.2727310752164
2015-03-30,14.510000228881836,8.375833843061784
2015-03-31,15.289999961853027,7.817140832234346
2015-04-01,15.109999656677246,8.621596026801585
2015-04-02,14.670000076293944,9.296684068443023
2015-04-06,14.739999771118164,9.08193471663366
2015-04-07,14.779999732971191,10.029161883573574
2015-04-08,13.979999542236328,10.086385502723811
2015-04-09,13.09000015258789,10.062551236789101
2015-04-10,12.579999923706056,10.938286988891962
2015-04-13,13.9399995803833,10.953579095145365
2015-04-14,13.670000076293944,10.99993329063214
2015-04-15,12.84000015258789,10.879160884250883
2015-04-16,12.600000381469728,11.495220345523423
2015-04-17,13.890000343322754,10.58385177147603
2015-04-20,13.300000190734863,10.187368377541478
2015-04-21,13.25,10.169933720292171
2015-04-22,12.710000038146973,10.065017056965207
2015-04-23,12.479999542236328,10.07631456295188
2015-04-24,12.289999961853027,10.105421750818826
2015-04-27,13.119999885559082,10.750725698529005
2015-04-28,12.40999984741211,11.218113344887929
2015-04-29,13.390000343322754,11.11148402749568
2015-04-30,14.550000190734863,10.705702037715053
2015-05-01,12.699999809265137,10.035662670021582
2015-05-04,12.850000381469728,9.993999503907006
2015-05-05,14.3100004196167,9.046898375899639
2015-05-06,15.149999618530272,9.478188847932845
2015-05-07,15.130000114440918,9.416102942738933
2015-05-08,12.859999656677246,8.346217328012862
2015-05-11,13.850000381469728,8.209982491139776
2015-05-12,13.859999656677246,9.253516399213431
2015-05-13,13.760000228881836,9.314004756783135
2015-05-14,12.739999771118164,8.942995162176336
2015-05-15,12.380000114440918,9.01843992843887
2015-05-18,12.729999542236328,9.188528585394993
2015-05-19,12.850000381469728,9.22405094155469
2015-05-20,12.880000114440918,10.004605072669595
2015-05-21,12.109999656677246,10.059358873236487
2015-05-22,12.130000114440918,10.212775296572028
2015-05-26,14.0600004196167,9.382927109555343
2015-05-27,13.270000457763672,9.158372818179975
2015-05-28,13.3100004196167,9.20713408553392
2015-05-29,13.84000015258789,8.943163455449078
2015-06-01,13.970000267028809,11.61846820499708
2015-06-02,14.239999771118164,11.678309563684298
2015-06-03,13.65999984741211,12.051784162465973
2015-06-04,14.710000038146973,11.70734991009744
2015-06-05,14.210000038146973,11.730744760229763
2015-06-08,15.289999961853027,11.762858604758929
2015-06-09,14.470000267028809,13.230707488071324
2015-06-10,13.220000267028809,12.412094570967822
2015-06-11,12.850000381469728,13.261596615983734
2015-06-12,13.779999732971191,13.616494036166277
2015-06-15,15.390000343322754,13.584220480309597
2015-06-16,14.8100004196167,13.466570211451923
2015-06-17,14.5,13.73498965387647
2015-06-18,13.1899995803833,13.250692963317764
2015-06-19,13.960000038146973,13.137761060731181
2015-06-22,12.739999771118164,13.102754312867216
2015-06-23,12.109999656677246,13.114116375878265
2015-06-24,13.260000228881836,13.008141887410405
2015-06-25,14.010000228881836,13.486647542572758
2015-06-26,14.020000457763672,13.620658355787723
2015-06-29,18.850000381469727,12.031806466268923
2015-06-30,18.229999542236328,12.209647096087014
2015-07-01,16.09000015258789,11.943944165486247
2015-07-02,16.790000915527344,11.957301275125642
2015-07-06,17.010000228881836,11.979954401690126
2015-07-07,16.09000015258789,11.831076117609465
2015-07-08,19.65999984741211,9.949233001156177
2015-07-09,19.96999931335449,10.507473468219262
2015-07-10,16.829999923706055,9.58875205566211
2015-07-13,13.899999618530272,9.833256331458944
2015-07-14,13.369999885559082,10.226998286807135
2015-07-15,13.229999542236328,10.24431221557411
2015-07-16,12.109999656677246,9.753263309624337
2015-07-17,11.949999809265137,9.867730445693205
2015-07-20,12.25,10.112191002761376
2015-07-21,12.220000267028809,10.070698549630897
2015-07-22,12.119999885559082,10.412115704546885
2015-07-23,12.640000343322754,12.596963797443678
2015-07-24,13.739999771118164,16.045863654091715
2015-07-27,15.600000381469728,21.552663282581847
2015-07-28,13.4399995803833,20.776242878624615
2015-07-29,12.5,25.551908079753467
2015-07-30,12.130000114440918,27.459846270801457
2015-07-31,12.119999885559082,27.47532854818781
2015-08-03,12.5600004196167,27.541238805932988
2015-08-04,13.0,29.190707654078917
2015-08-05,12.510000228881836,30.233055801461777
2015-08-06,13.770000457763672,30.218972664194617
2015-08-07,13.390000343322754,30.51497083472147
2015-08-10,12.229999542236328,31.679551248187675
2015-08-11,13.710000038146973,31.82524072606502
2015-08-12,13.609999656677246,31.94221554729473
2015-08-13,13.489999771118164,32.05552045875288
2015-08-14,12.829999923706056,31.96155038609989
2015-08-17,13.020000457763672,32.30461613138065
2015-08-18,13.789999961853027,32.565942703189634
2015-08-19,15.25,32.49996621931992
2015-08-20,19.13999938964844,32.181256559249086
2015-08-21,28.030000686645508,30.406400568989945
2015-08-24,40.7400016784668,26.3909412585133
2015-08-25,36.02000045776367,25.955974928466762
2015-08-26,30.31999969482422,22.291984967232708
2015-08-27,26.100000381469727,20.316802284011285
2015-08-28,26.049999237060547,22.0192655026531
2015-08-31,28.43000030517578,21.949511919097286
2015-09-01,31.399999618530277,20.450563623372386
2015-09-02,26.09000015258789,19.27299135030912
2015-09-03,25.61000061035156,20.035367448589845
2015-09-04,27.799999237060547,20.090212543685944
2015-09-08,24.899999618530277,18.20415199492547
2015-09-09,26.229999542236328,17.63723142892455
2015-09-10,24.3700008392334,17.7887696352877
2015-09-11,23.200000762939453,17.757785934127533
2015-09-14,24.25,17.655998084091248
2015-09-15,22.540000915527344,17.390319763435784
2015-09-16,21.350000381469727,17.231817541019062
2015-09-17,21.13999938964844,18.023948009651313
2015-09-18,22.280000686645508,16.839811142275256
2015-09-21,20.13999938964844,16.803851271181948
2015-09-22,22.440000534057617,15.925603069997972
2015-09-23,22.1299991607666,16.159235131248767
2015-09-24,23.46999931335449,16.809909480218067
2015-09-25,23.6200008392334,16.97965622224971
2015-09-28,27.6299991607666,13.327471242126423
2015-09-29,26.82999992370605,13.46270678451862
2015-09-30,24.5,12.70669968616718
2015-10-01,22.549999237060547,12.813506997399172
2015-10-02,20.940000534057617,12.499456971325223
2015-10-05,19.540000915527344,11.751402766617922
2015-10-06,19.399999618530277,11.510212630260286
2015-10-07,18.399999618530277,11.560800126375554
2015-10-08,17.420000076293945,11.379493923803137
2015-10-09,17.079999923706055,11.406990765861105
2015-10-12,16.170000076293945,12.114035764613478
2015-10-13,17.670000076293945,11.747099933448919
2015-10-14,18.030000686645508,11.684099997910295
2015-10-15,16.049999237060547,11.932161740167999
2015-10-16,15.050000190734863,12.54850696879551
2015-10-19,14.979999542236328,13.672103769871685
2015-10-20,15.75,13.66373488536518
2015-10-21,16.700000762939453,14.4174699392037
2015-10-22,14.449999809265137,13.285779625259245
2015-10-23,14.460000038146973,12.793934834640183
2015-10-26,15.289999961853027,12.762998806969456
2015-10-27,15.43000030517578,12.733134509186161
2015-10-28,14.329999923706056,12.09579213960236
2015-10-29,14.609999656677246,12.098699304370934
2015-10-30,15.06999969482422,12.090981329496135
2015-11-02,14.149999618530272,11.826471295512338
2015-11-03,14.539999961853027,12.320787154862527
2015-11-04,15.510000228881836,13.206590786316468
2015-11-05,15.050000190734863,15.0725314248024
2015-11-06,14.329999923706056,15.220127309267891
2015-11-09,16.520000457763672,15.041905378275356
2015-11-10,15.289999961853027,15.239286152440396
2015-11-11,16.059999465942383,15.235544548785171
2015-11-12,18.3700008392334,15.995381665640593
2015-11-13,20.07999992370605,15.610703136427581
2015-11-16,18.15999984741211,15.096855368818746
2015-11-17,18.84000015258789,15.964577710450953
2015-11-18,16.850000381469727,15.87353282952748
2015-11-19,16.989999771118164,16.986360624946666
2015-11-20,15.470000267028809,17.2559897848895
2015-11-23,15.619999885559082,17.662085381768208
2015-11-24,15.93000030517578,18.27754501618103
2015-11-25,15.1899995803833,18.281426911375796
2015-11-27,15.119999885559082,18.279057335988906
2015-11-30,16.1299991607666,18.66212737112589
2015-12-01,14.670000076293944,18.470319457594144
2015-12-02,15.90999984741211,18.456707385766663
2015-12-03,18.11000061035156,18.454407271344962
2015-12-04,14.8100004196167,16.897070138422794
2015-12-07,15.84000015258789,17.282644922161452
2015-12-08,17.600000381469727,18.95575441998771
2015-12-09,19.61000061035156,19.10022460993681
2015-12-10,19.34000015258789,19.04604696010108
2015-12-11,24.38999938964844,18.401517799986987
2015-12-14,22.729999542236328,19.986220158245796
2015-12-15,20.950000762939453,20.616340649300895
2015-12-16,17.860000610351562,20.540888490288125
2015-12-17,18.940000534057617,20.25731934760896
2015-12-18,20.700000762939453,19.868548529501616
2015-12-21,18.700000762939453,19.680006687834357
2015-12-22,16.600000381469727,21.0208273303281
2015-12-23,15.56999969482422,20.578008313399522
2015-12-24,15.739999771118164,21.558184064396492
2015-12-28,16.90999984741211,21.69019178625755
2015-12-29,16.079999923706055,21.275742797126792
2015-12-30,17.290000915527344,23.550543820312235
2015-12-31,18.209999084472656,23.4195081505073
2016-01-04,20.700000762939453,23.73061506453236
2016-01-05,19.34000015258789,23.885912003357234
2016-01-06,20.59000015258789,23.618499892751796
2016-01-07,24.989999771118164,23.0433763867417
2016-01-08,27.01000022888184,23.196783538867326
2016-01-11,24.299999237060547,23.18464629542831
2016-01-12,22.46999931335449,22.898885117066143
2016-01-13,25.21999931335449,21.648391274140323
2016-01-14,23.950000762939453,22.144149112325557
2016-01-15,27.020000457763672,21.668962348623936
2016-01-19,26.049999237060547,22.374128706610133
2016-01-20,27.59000015258789,21.847350647989305
2016-01-21,26.690000534057617,21.8103608919695
2016-01-22,22.34000015258789,21.222103464260574
2016-01-25,24.149999618530277,20.982150823108967
2016-01-26,22.5,20.519795026102827
2016-01-27,23.11000061035156,20.399271350758173
2016-01-28,22.420000076293945,20.41381184286866
2016-01-29,20.200000762939453,18.826376659171025
2016-02-01,19.979999542236328,20.55685378940381
2016-02-02,21.979999542236328,19.264625959562206
2016-02-03,21.649999618530277,19.225860409655397
2016-02-04,21.84000015258789,19.22814725988023
2016-02-05,23.3799991607666,17.495887249365133
2016-02-08,26.0,17.1890715363659
2016-02-09,26.540000915527344,17.15087772129443
2016-02-10,26.290000915527344,17.1031882637862
2016-02-11,28.13999938964844,16.416864575766123
2016-02-12,25.399999618530277,15.527239922676372
2016-02-16,24.11000061035156,14.897517506865277
2016-02-17,22.309999465942383,14.126704310248067
2016-02-18,21.63999938964844,13.950226714960113
2016-02-19,20.530000686645508,13.885571486543816
2016-02-22,19.3799991607666,13.273138493063751
2016-02-23,20.979999542236328,12.040708097046474
2016-02-24,20.71999931335449,12.534605250593057
2016-02-25,19.11000061035156,12.087195855557255
2016-02-26,19.809999465942383,11.988706462836573
2016-02-29,20.549999237060547,11.592260975784939
2016-03-01,17.700000762939453,8.874468374612071
2016-03-02,17.09000015258789,8.978786509594876
2016-03-03,16.700000762939453,9.122534492968867
2016-03-04,16.860000610351562,9.295331775837763
2016-03-07,17.350000381469727,10.186159213283661
2016-03-08,18.670000076293945,9.675610684177844
2016-03-09,18.34000015258789,10.852834630055987
2016-03-10,18.049999237060547,10.859997064780167
2016-03-11,16.5,9.469869870431598
2016-03-14,16.920000076293945,9.926277126469177
2016-03-15,16.84000015258789,10.357560730466773
2016-03-16,14.989999771118164,10.256394861813536
2016-03-17,14.4399995803833,10.120774050541472
2016-03-18,14.020000457763672,10.295416653503663
2016-03-21,13.789999961853027,10.31914383193349
2016-03-22,14.170000076293944,10.298220439004174
2016-03-23,14.9399995803833,10.18093211492853
2016-03-24,14.739999771118164,10.171516537697393
2016-03-28,15.239999771118164,10.2295695934262
2016-03-29,13.81999969482422,9.796278402236378
2016-03-30,13.5600004196167,9.721910078778627
2016-03-31,13.949999809265137,10.289947181665617
2016-04-01,13.100000381469728,10.206980895142722
2016-04-04,14.119999885559082,10.521271773373705
2016-04-05,15.420000076293944,10.359172479450027
2016-04-06,14.09000015258789,9.803768988270138
2016-04-07,16.15999984741211,8.777505338355805
2016-04-08,15.359999656677246,8.819428308688313
2016-04-11,16.260000228881836,8.764871033799409
2016-04-12,14.850000381469728,9.232687956268471
2016-04-13,13.84000015258789,9.17618242430685
2016-04-14,13.720000267028809,9.17802233451014
2016-04-15,13.619999885559082,9.650728399505246
2016-04-18,13.350000381469728,9.995419757505092
2016-04-19,13.239999771118164,10.35617081832026
2016-04-20,13.279999732971191,10.340467730593907
2016-04-21,13.949999809265137,10.260541004666035
2016-04-22,13.220000267028809,10.592636318180112
2016-04-25,14.079999923706056,10.589413026811151
2016-04-26,13.960000038146973,11.638955377949786
2016-04-27,13.770000457763672,11.879951941019314
2016-04-28,15.220000267028809,11.383080446178113
2016-04-29,15.699999809265137,11.239945762707007
2016-05-02,14.68000030517578,10.968592399539766
2016-05-03,15.600000381469728,10.424943529128386
2016-05-04,16.049999237060547,10.148872929838065
2016-05-05,15.90999984741211,10.25582850860312
2016-05-06,14.720000267028809,10.311796965921223
2016-05-09,14.56999969482422,10.310143041492486
2016-05-10,13.630000114440918,9.49997097580843
2016-05-11,14.6899995803833,8.738875596499556
2016-05-12,14.40999984741211,9.550704181790259
2016-05-13,15.039999961853027,9.421922540984054
2016-05-16,14.68000030517578,8.853082130521404
2016-05-17,15.56999969482422,8.118299448211257
2016-05-18,15.949999809265137,8.156242678985462
2016-05-19,16.329999923706055,8.174985664011881
2016-05-20,15.199999809265137,8.185940316093236
2016-05-23,15.81999969482422,8.172347345039064
2016-05-24,14.420000076293944,6.9100412309846275
2016-05-25,13.899999618530272,7.9449045449257865
2016-05-26,13.43000030517578,15.413416486452414
2016-05-27,13.119999885559082,16.36766904278249
2016-05-31,14.1899995803833,17.873650601343787
2016-06-01,14.199999809265137,18.988613090726343
2016-06-02,13.630000114440918,19.61288566879964
2016-06-03,13.470000267028809,19.595901913334306
2016-06-06,13.649999618530272,19.67380491749183
2016-06-07,14.050000190734863,19.795600805290892
2016-06-08,14.079999923706056,19.753142254209607
2016-06-09,14.640000343322754,20.46851274387531
2016-06-10,17.030000686645508,20.151584656442115
2016-06-13,20.96999931335449,19.98603470410768
2016-06-14,20.5,19.950852510198356
2016-06-15,20.13999938964844,19.952075652447682
2016-06-16,19.3700008392334,19.989616545834657
2016-06-17,19.40999984741211,19.874263716210134
2016-06-20,18.3700008392334,19.847043625484176
2016-06-21,18.479999542236328,19.86021826886841
2016-06-22,21.170000076293945,19.927465649668964
2016-06-23,17.25,19.52958828803374
2016-06-24,25.76000022888184,13.561828901375328
2016-06-27,23.850000381469727,11.074798297143486
2016-06-28,18.75,9.937140487837699
2016-06-29,16.639999389648438,8.527580250553363
2016-06-30,15.630000114440918,7.437681995779864
2016-07-01,14.770000457763672,7.494030275146719
2016-07-05,15.579999923706056,7.374239974490447
2016-07-06,14.960000038146973,7.216098503643173
2016-07-07,14.760000228881836,7.174142272881301
2016-07-08,13.199999809265137,5.8173795632734215
2016-07-11,13.539999961853027,5.790899415823426
2016-07-12,13.550000190734863,5.314190967522727
2016-07-13,13.039999961853027,5.429430572866931
2016-07-14,12.81999969482422,5.325461595720136
2016-07-15,12.670000076293944,5.305374251772557
2016-07-18,12.4399995803833,5.315995979193857
2016-07-19,11.970000267028809,5.6773899241224
2016-07-20,11.770000457763672,5.533886338551674
2016-07-21,12.739999771118164,5.355395781521757
2016-07-22,12.020000457763672,5.197274046428337
2016-07-25,12.869999885559082,5.076592578827189
2016-07-26,13.050000190734863,5.107514875317235
2016-07-27,12.829999923706056,5.464896590022343
2016-07-28,12.720000267028809,5.466125175310968
2016-07-29,11.869999885559082,5.4883808468298385
2016-08-01,12.4399995803833,5.740511944696372
2016-08-02,13.369999885559082,5.222041033410313
2016-08-03,12.859999656677246,5.278240789219682
2016-08-04,12.420000076293944,5.27047528780098
2016-08-05,11.390000343322754,4.668156118849427
2016-08-08,11.5,4.77746788851001
2016-08-09,11.65999984741211,4.776604913027975
2016-08-10,12.050000190734863,4.762832618175236
2016-08-11,11.68000030517578,9.679155578603163
2016-08-12,11.550000190734863,11.13418957756634
2016-08-15,11.8100004196167,12.101042256752269
2016-08-16,12.640000343322754,12.019953772029295
2016-08-17,12.1899995803833,12.612682324132471
2016-08-18,11.43000030517578,12.609509379435869
2016-08-19,11.34000015258789,12.61540136152143
2016-08-22,12.270000457763672,12.616308905352014
2016-08-23,12.380000114440918,13.301416648195245
2016-08-24,13.449999809265137,13.38807564281676
2016-08-25,13.630000114440918,13.533404667918939
2016-08-26,13.649999618530272,13.81899020479552
2016-08-29,12.9399995803833,13.891986510233089
2016-08-30,13.119999885559082,14.009765770104746
2016-08-31,13.420000076293944,14.345540491105572
2016-09-01,13.479999542236328,14.617073517772084
2016-09-02,11.979999542236328,14.540597006740047
2016-09-06,12.020000457763672,14.57752902591217
2016-09-07,11.9399995803833,14.691905759248353
2016-09-08,12.510000228881836,14.682649770798239
2016-09-09,17.5,11.769325363687965
2016-09-12,15.15999984741211,10.78097796857927
2016-09-13,17.850000381469727,10.475087998054402
2016-09-14,18.13999938964844,10.477802132635059
2016-09-15,16.299999237060547,9.913774038807187
2016-09-16,15.369999885559082,9.824689048933605
2016-09-19,15.529999732971191,9.898413412530797
2016-09-20,15.920000076293944,10.163188687889194
2016-09-21,13.300000190734863,9.344397077481908
2016-09-22,12.020000457763672,9.01844866141997
2016-09-23,12.289999961853027,8.850573959974293
2016-09-26,14.5,8.512486110201214
2016-09-27,13.100000381469728,8.28587502247329
2016-09-28,12.390000343322754,8.063301226244448
2016-09-29,14.020000457763672,7.4753426220337165
2016-09-30,13.289999961853027,6.916517459818931
2016-10-03,13.56999969482422,6.899354022794278
2016-10-04,13.630000114440918,7.119461321007196
2016-10-05,12.989999771118164,7.058309472915631
2016-10-06,12.84000015258789,7.100774676811722
2016-10-07,13.479999542236328,7.071158945701443
2016-10-10,13.380000114440918,10.699444136090902
2016-10-11,15.359999656677246,9.847182880356922
2016-10-12,15.90999984741211,10.513573067150201
2016-10-13,16.690000534057617,10.428794522839096
2016-10-14,16.1200008392334,10.490905673053092
2016-10-17,16.209999084472656,10.370463599656345
2016-10-18,15.279999732971191,10.486930148857834
2016-10-19,14.40999984741211,10.518633104533919
2016-10-20,13.75,10.573513400018722
2016-10-21,13.34000015258789,10.641199191934943
2016-10-24,13.020000457763672,10.833857288815459
2016-10-25,13.460000038146973,10.700195417784764
2016-10-26,14.239999771118164,10.628067074537672
2016-10-27,15.359999656677246,10.528681165187493
2016-10-28,16.190000534057617,10.653535641160408
2016-10-31,17.059999465942383,10.632597902842575
2016-11-01,18.559999465942383,10.20563632254819
2016-11-02,19.31999969482422,9.986259415736392
2016-11-03,22.07999992370605,9.680121504359288
2016-11-04,22.51000022888184,9.653098059765258
2016-11-07,18.709999084472656,6.58905094889837
2016-11-08,18.739999771118164,7.630465103519558
2016-11-09,14.380000114440918,6.997824156839289
2016-11-10,14.739999771118164,7.142343427499129
2016-11-11,14.170000076293944,7.057452194543029
2016-11-14,14.479999542236328,7.204852561315827
2016-11-15,13.369999885559082,7.87472622181504
2016-11-16,13.720000267028809,7.799059856938484
2016-11-17,13.350000381469728,7.828953112679206
2016-11-18,12.850000381469728,7.693179774929421
2016-11-21,12.420000076293944,7.442040036825337
2016-11-22,12.40999984741211,7.6084393204460685
2016-11-23,12.43000030517578,7.686987579660666
2016-11-25,12.34000015258789,7.636490407650863
2016-11-28,13.149999618530272,7.314775595018008
2016-11-29,12.899999618530272,8.109437564166887
2016-11-30,13.329999923706056,8.021834468719923
2016-12-01,14.06999969482422,8.020215409100174
2016-12-02,14.119999885559082,8.331550217656709
2016-12-05,12.140000343322754,8.327380207141395
2016-12-06,11.789999961853027,8.343610964345237
2016-12-07,12.220000267028809,7.188488371498293
2016-12-08,12.640000343322754,7.310341385976617
2016-12-09,11.75,7.023053466818532
2016-12-12,12.640000343322754,7.057052576180999
2016-12-13,12.720000267028809,6.736788447791388
2016-12-14,13.1899995803833,6.013494594794336
2016-12-15,12.789999961853027,6.025535227522374
2016-12-16,12.199999809265137,6.011837684365577
2016-12-19,11.710000038146973,6.140277876960106
2016-12-20,11.449999809265137,6.125707339442918
2016-12-21,11.270000457763672,6.114818292234517
2016-12-22,11.43000030517578,6.464822545183916
2016-12-23,11.4399995803833,7.077564098184674
2016-12-27,11.989999771118164,7.080447640122616
2016-12-28,12.949999809265137,6.310800839408941
2016-12-29,13.369999885559082,6.80573891533309
2016-12-30,14.039999961853027,6.61702106183018
2017-01-03,12.850000381469728,6.120120798257971
2017-01-04,11.850000381469728,5.7791194668383525
2017-01-05,11.670000076293944,6.2169594872686185
2017-01-06,11.31999969482422,6.173339993283077
2017-01-09,11.5600004196167,6.020892973196225
2017-01-10,11.489999771118164,6.023126907106099
2017-01-11,11.260000228881836,6.268873655487697
2017-01-12,11.539999961853027,6.239681264092825
2017-01-13,11.229999542236328,6.416718894164627
2017-01-17,11.869999885559082,6.226998576997391
2017-01-18,12.479999542236328,6.354247201810163
2017-01-19,12.779999732971191,6.103188284573129
2017-01-20,11.539999961853027,6.068515436386768
2017-01-23,11.770000457763672,6.001715768892164
2017-01-24,11.06999969482422,5.888327132997364
2017-01-25,10.8100004196167,5.329682225911719
2017-01-26,10.630000114440918,5.247203208867537
2017-01-27,10.579999923706056,5.1130144175312084
2017-01-30,11.880000114440918,4.501848932628238
2017-01-31,11.989999771118164,6.120601384483817
2017-02-01,11.8100004196167,6.863239588167662
2017-02-02,11.93000030517578,6.864180417642883
2017-02-03,10.970000267028809,6.882286707377408
2017-02-06,11.369999885559082,6.977826293482478
2017-02-07,11.289999961853027,7.070916904985011
2017-02-08,11.449999809265137,7.071189673668149
2017-02-09,10.880000114440918,6.927726314255336
2017-02-10,10.850000381469728,6.875377655153512
2017-02-13,11.06999969482422,6.931273930918583
2017-02-14,10.739999771118164,7.386394345073846
2017-02-15,11.970000267028809,7.297265107300173
2017-02-16,11.760000228881836,7.330684399130908
2017-02-17,11.489999771118164,7.350054218270133
2017-02-21,11.56999969482422,8.485536525272089
2017-02-22,11.739999771118164,8.537006667737543
2017-02-23,11.710000038146973,8.535480747225483
2017-02-24,11.470000267028809,8.516379302520573
2017-02-27,12.09000015258789,8.487017055602209
2017-02-28,12.920000076293944,8.874734177051353
2017-03-01,12.539999961853027,7.214025064800916
2017-03-02,11.8100004196167,7.013705569204326
2017-03-03,10.960000038146973,7.045906529254924
2017-03-06,11.239999771118164,6.997954479846377
2017-03-07,11.449999809265137,6.930113002555801
2017-03-08,11.859999656677246,6.978850124167256
2017-03-09,12.300000190734863,7.041740679426586
2017-03-10,11.65999984741211,6.918506178042404
2017-03-13,11.350000381469728,6.919992948896319
2017-03-14,12.300000190734863,6.803833969675403
2017-03-15,11.630000114440918,6.106116294905281
2017-03-16,11.210000038146973,6.42435924436745
2017-03-17,11.279999732971191,7.306781916611457
2017-03-20,11.34000015258789,7.357218980995232
2017-03-21,12.470000267028809,5.781535320146119
2017-03-22,12.8100004196167,6.425254500689012
2017-03-23,13.119999885559082,6.525444147555557
2017-03-24,12.960000038146973,7.556920617105739
2017-03-27,12.5,7.7362445643924085
2017-03-28,11.529999732971191,7.395933082502613
2017-03-29,11.420000076293944,7.3955222402441425
2017-03-30,11.539999961853027,7.396730829248006
2017-03-31,12.369999885559082,7.361411882734196
2017-04-03,12.380000114440918,7.309559321108276
2017-04-04,11.789999961853027,7.342023433205165
2017-04-05,12.890000343322754,7.2181407126488475
2017-04-06,12.390000343322754,7.269508702816421
2017-04-07,12.869999885559082,7.245949427408821
2017-04-10,14.050000190734863,7.275340697137916
2017-04-11,15.06999969482422,7.240624037671623
2017-04-12,15.770000457763672,7.053842962148344
2017-04-13,15.960000038146973,6.548877744215233
2017-04-17,14.65999984741211,6.142045446723941
2017-04-18,14.420000076293944,5.9965978570016185
2017-04-19,14.93000030517578,9.049543932854368
2017-04-20,14.149999618530272,8.704117983615497
2017-04-21,14.630000114440918,8.864935798435727
2017-04-24,10.84000015258789,8.1925414065385
2017-04-25,10.760000228881836,7.980314120385662
2017-04-26,10.850000381469728,8.003064142576557
2017-04-27,10.359999656677246,8.147883131173016
2017-04-28,10.81999969482422,8.08653106935514
2017-05-01,10.109999656677246,8.07808654105032
2017-05-02,10.59000015258789,8.083293072536753
2017-05-03,10.68000030517578,8.459554546965977
2017-05-04,10.460000038146973,8.499278710858063
2017-05-05,10.56999969482422,8.456025862183123
2017-05-08,9.770000457763672,8.573997702340622
2017-05-09,9.960000038146973,8.559460272151249
2017-05-10,10.210000038146973,8.553359195046808
2017-05-11,10.600000381469728,8.53209667332893
2017-05-12,10.399999618530272,8.49071812325429
2017-05-15,10.420000076293944,8.448265232134263
2017-05-16,10.649999618530272,8.459101052615143
2017-05-17,15.59000015258789,4.919722584070302
2017-05-18,14.65999984741211,4.8623248923631
2017-05-19,12.039999961853027,5.143768934215378
2017-05-22,10.93000030517578,5.752584049501325
2017-05-23,10.720000267028809,5.748241242611506
2017-05-24,10.020000457763672,5.737661782419753
2017-05-25,9.989999771118164,5.538722112105122
2017-05-26,9.8100004196167,5.532050196296008
2017-05-30,10.380000114440918,6.318582864482904
2017-05-31,10.40999984741211,7.027483058094289
2017-06-01,9.890000343322754,7.245679527693587
2017-06-02,9.75,7.170443706972797
2017-06-05,10.06999969482422,7.2001623976561495
2017-06-06,10.449999809265137,7.153184586023603
2017-06-07,10.390000343322754,7.845214937763792
2017-06-08,10.15999984741211,8.212969536350075
2017-06-09,10.699999809265137,8.205131140485143
2017-06-12,11.460000038146973,8.209384815820698
2017-06-13,10.420000076293944,8.463186270340808
2017-06-14,10.640000343322754,8.463132317931635
2017-06-15,10.899999618530272,8.557351763333592
2017-06-16,10.380000114440918,8.560268408464806
2017-06-19,10.369999885559082,8.06338922127003
2017-06-20,10.859999656677246,7.821187185962035
2017-06-21,10.75,7.812609303606152
2017-06-22,10.479999542236328,7.823803681388404
2017-06-23,10.020000457763672,7.831442914992776
2017-06-26,9.899999618530272,7.853756700627342
2017-06-27,11.0600004196167,7.124005156217149
2017-06-28,10.029999732971191,6.553704091826367
2017-06-29,11.4399995803833,5.5563719238375135
2017-06-30,11.18000030517578,5.581267209615986
2017-07-03,11.220000267028809,5.593010998242198
2017-07-05,11.06999969482422,5.575729822754242
2017-07-06,12.539999961853027,4.268100663119789
2017-07-07,11.1899995803833,3.8198062291558545
2017-07-10,11.109999656677246,3.829681605772347
2017-07-11,10.890000343322754,3.986366577884241
2017-07-12,10.300000190734863,3.185877311950194
2017-07-13,9.899999618530272,6.138869521485477
2017-07-14,9.510000228881836,5.909476381725154
2017-07-17,9.81999969482422,6.924098776184776
2017-07-18,9.890000343322754,6.923912273663927
2017-07-19,9.789999961853027,6.675025191533138
2017-07-20,9.579999923706056,8.689276378192718
2017-07-21,9.359999656677246,8.693314729412991
2017-07-24,9.43000030517578,8.710442813913808
2017-07-25,9.43000030517578,9.52444568370571
2017-07-26,9.600000381469728,9.589137248331731
2017-07-27,10.109999656677246,9.608781715822811
2017-07-28,10.289999961853027,9.664076287449292
2017-07-31,10.260000228881836,9.665745847897394
2017-08-01,10.09000015258789,9.633615007367812
2017-08-02,10.279999732971191,9.8073229850059
2017-08-03,10.4399995803833,10.032312531750602
2017-08-04,10.029999732971191,10.024131535728378
2017-08-07,9.93000030517578,10.323767679038088
2017-08-08,10.960000038146973,10.375804463379948
2017-08-09,11.109999656677246,10.375810504822597
2017-08-10,16.040000915527344,8.95403877377265
2017-08-11,15.510000228881836,9.63681780313343
2017-08-14,12.329999923706056,9.108422284678658
2017-08-15,12.039999961853027,9.103667456519677
2017-08-16,11.739999771118164,9.102883097609721
2017-08-17,15.550000190734863,6.74952068086703
2017-08-18,14.260000228881836,6.654692272873228
2017-08-21,13.1899995803833,6.651280545444083
2017-08-22,11.350000381469728,5.806505688572014
2017-08-23,12.25,5.71567538532653
2017-08-24,12.229999542236328,5.575482813664034
2017-08-25,11.279999732971191,5.688875475499508
2017-08-28,11.31999969482422,5.678067368139003
2017-08-29,11.699999809265137,5.759854955390339
2017-08-30,11.220000267028809,5.615691533882528
2017-08-31,10.59000015258789,5.394185671831627
2017-09-01,10.130000114440918,5.5218016111071195
2017-09-05,12.229999542236328,4.559842065256467
2017-09-06,11.630000114440918,4.511643491828379
2017-09-07,11.550000190734863,4.726816896000729
2017-09-08,12.119999885559082,4.723799201387271
2017-09-11,10.729999542236328,3.5516168976489104
2017-09-12,10.579999923706056,3.50138374938251
2017-09-13,10.5,3.494953905082782
2017-09-14,10.4399995803833,3.586377484628432
2017-09-15,10.170000076293944,3.585734137432681
2017-09-18,10.149999618530272,3.5679393617644326
2017-09-19,10.18000030517578,3.5706055390800455
2017-09-20,9.779999732971191,3.5606136024446204
2017-09-21,9.670000076293944,3.2859472716195075
2017-09-22,9.59000015258789,3.5329326112007173
2017-09-25,10.210000038146973,3.828963632677157
2017-09-26,10.170000076293944,3.8180977999264787
2017-09-27,9.869999885559082,4.335167133603842
2017-09-28,9.550000190734863,4.335751112904495
2017-09-29,9.510000228881836,4.9535654724493945
2017-10-02,9.449999809265137,5.117733173043698
2017-10-03,9.510000228881836,5.102784187857505
2017-10-04,9.630000114440918,5.104219926829659
2017-10-05,9.1899995803833,4.7416997992224115
2017-10-06,9.649999618530272,4.793102109889045
2017-10-09,10.329999923706056,4.71017935629706
2017-10-10,10.079999923706056,4.7010377281449225
2017-10-11,9.850000381469728,4.704120854812663
2017-10-12,9.90999984741211,4.89969636242733
2017-10-13,9.609999656677246,4.907839193951583
2017-10-16,9.90999984741211,4.902074514174412
2017-10-17,10.3100004196167,5.009630646541203
2017-10-18,10.06999969482422,5.363880612889512
2017-10-19,10.050000190734863,6.124893136687627
2017-10-20,9.970000267028809,5.991268854035184
2017-10-23,11.06999969482422,5.817379233270988
2017-10-24,11.15999984741211,6.195536442482966
2017-10-25,11.229999542236328,5.864631012265297
2017-10-26,11.300000190734863,5.885393280780298
2017-10-27,9.800000190734863,5.242777828303122
2017-10-30,10.5,6.008321845382056
2017-10-31,10.18000030517578,6.039291052762078
2017-11-01,10.199999809265137,6.6225377356008845
2017-11-02,9.93000030517578,6.73138294687024
2017-11-03,9.140000343322754,6.7440250346286685
2017-11-06,9.399999618530272,6.942469804799513
2017-11-07,9.890000343322754,6.923731010586261
2017-11-08,9.779999732971191,6.965554116356108
2017-11-09,10.5,6.918302776342909
2017-11-10,11.289999961853027,6.909663262455537
2017-11-13,11.5,6.905791805508694
2017-11-14,11.59000015258789,6.782147839773748
2017-11-15,13.130000114440918,6.667411035474224
2017-11-16,11.760000228881836,6.644742329722778
2017-11-17,11.43000030517578,6.589045500760868
2017-11-20,10.649999618530272,6.932559867651344
2017-11-21,9.729999542236328,6.764515346796272
2017-11-22,9.880000114440918,6.702035547137858
2017-11-24,9.670000076293944,6.735047303087716
2017-11-27,9.869999885559082,6.76848176741258
2017-11-28,10.029999732971191,5.977612387522488
2017-11-29,10.699999809265137,5.951689819688723
2017-11-30,11.279999732971191,5.501904105416232
2017-12-01,11.43000030517578,5.866009798911767
2017-12-04,11.68000030517578,6.082234965281909
2017-12-05,11.329999923706056,5.850905228105223
2017-12-06,11.020000457763672,6.055748763165339
2017-12-07,10.15999984741211,6.045077947093027
2017-12-08,9.579999923706056,5.915184647974631
2017-12-11,9.34000015258789,6.023609768952606
2017-12-12,9.920000076293944,6.340051768088932
2017-12-13,10.18000030517578,6.483901572210522
2017-12-14,10.489999771118164,6.39999502583094
2017-12-15,9.420000076293944,6.559296525705313
2017-12-18,9.529999732971191,6.539768371301906
2017-12-19,10.029999732971191,6.214795418277226
2017-12-20,9.720000267028809,6.4234475959513455
2017-12-21,9.619999885559082,6.422451921217277
2017-12-22,9.899999618530272,6.430786041345982
2017-12-26,10.25,6.320464069888687
2017-12-27,10.470000267028809,6.937278842341882
2017-12-28,10.18000030517578,7.808050289904925
2017-12-29,11.039999961853027,8.840868307649243
2018-01-02,9.770000457763672,8.714184616321505
2018-01-03,9.149999618530272,8.670386386504104
2018-01-04,9.220000267028809,12.104677044354013
2018-01-05,9.220000267028809,19.385058313493243
2018-01-08,9.520000457763672,20.78550508833018
2018-01-09,10.079999923706056,20.810783257389716
2018-01-10,9.81999969482422,24.60410835338929
2018-01-11,9.880000114440918,25.174146807102172
2018-01-12,10.15999984741211,25.723908424412638
2018-01-16,11.65999984741211,25.77559432419898
2018-01-17,11.90999984741211,26.043824936601634
2018-01-18,12.220000267028809,26.5483083187192
2018-01-19,11.270000457763672,26.471210018682573
2018-01-22,11.029999732971191,26.284170489333135
2018-01-23,11.100000381469728,26.256090087695384
2018-01-24,11.470000267028809,26.27993564456133
2018-01-25,11.579999923706056,27.04874178117048
2018-01-26,11.079999923706056,27.05089403921227
2018-01-29,13.84000015258789,27.27964299809854
2018-01-30,14.789999961853027,27.27439289500443
2018-01-31,13.539999961853027,27.630698236338386
2018-02-01,13.470000267028809,27.76388353197021
2018-02-02,17.309999465942383,27.14455439793629
2018-02-05,37.31999969482422,22.11708118859273
2018-02-06,29.979999542236328,21.091856324633575
2018-02-07,27.729999542236328,21.011892745650094
2018-02-08,33.459999084472656,15.78745358535642
2018-02-09,29.059999465942383,15.336911623190689
2018-02-12,25.61000061035156,15.075922248662799
2018-02-13,24.96999931335449,15.291780755183353
2018-02-14,19.26000022888184,14.675603812829369
2018-02-15,19.1299991607666,14.013193558970691
2018-02-16,19.459999084472656,14.873280561645394
2018-02-20,20.600000381469727,14.715316310879722
2018-02-21,20.020000457763672,14.614184309073423
2018-02-22,18.71999931335449,17.191825321047652
2018-02-23,16.489999771118164,17.441169108400853
2018-02-26,15.800000190734863,19.838314883070364
2018-02-27,18.59000015258789,20.221239123161823
2018-02-28,19.850000381469727,20.01337478734054
2018-03-01,22.46999931335449,20.079485770257975
2018-03-02,19.59000015258789,21.291074544866124
2018-03-05,18.729999542236328,21.399961044768474
2018-03-06,18.36000061035156,21.814555692138445
2018-03-07,17.760000228881836,22.067163466599027
2018-03-08,16.540000915527344,23.19694834055539
2018-03-09,14.640000343322754,22.195797865998564
2018-03-12,15.779999732971191,23.18583741447972
2018-03-13,16.350000381469727,23.16025536943729
2018-03-14,17.229999542236328,23.417723409684076
2018-03-15,16.59000015258789,23.42228593259346
2018-03-16,15.800000190734863,23.66570737162756
2018-03-19,19.020000457763672,23.552805166733233
2018-03-20,18.200000762939453,23.54578762897502
2018-03-21,17.860000610351562,23.61845072642625
2018-03-22,23.34000015258789,21.951186338553562
2018-03-23,24.8700008392334,20.349666878882683
2018-03-26,21.030000686645508,18.666283041071097
2018-03-27,22.5,17.599328198917853
2018-03-28,22.8700008392334,17.860738242736907
2018-03-29,19.96999931335449,17.339748579826352
2018-04-02,23.6200008392334,15.54645007655098
2018-04-03,21.100000381469727,14.957367094945234
2018-04-04,20.059999465942383,14.711024253958682
2018-04-05,18.940000534057617,14.422539765955166
2018-04-06,21.489999771118164,12.634961902177281
2018-04-09,21.770000457763672,12.586617925793457
2018-04-10,20.46999931335449,11.333993392461252
2018-04-11,20.239999771118164,11.588262476557242
2018-04-12,18.489999771118164,11.685301292975648
2018-04-13,17.40999984741211,11.601650596384495
2018-04-16,16.559999465942383,11.32561581782877
2018-04-17,15.25,11.063879703600369
2018-04-18,15.600000381469728,11.15521637011218
2018-04-19,15.960000038146973,10.947826445157748
2018-04-20,16.8799991607666,10.483700195457148
2018-04-23,16.34000015258789,10.732247757565004
2018-04-24,18.020000457763672,9.351848882311756
2018-04-25,17.84000015258789,9.355022787655352
2018-04-26,16.239999771118164,8.909070020453726
2018-04-27,15.40999984741211,8.999880131571933
2018-04-30,15.93000030517578,9.581361139087672
2018-05-01,15.489999771118164,10.547259457072016
2018-05-02,15.970000267028809,10.488165844483886
2018-05-03,15.899999618530272,10.791678591554607
2018-05-04,14.770000457763672,10.073182939916988
2018-05-07,14.75,10.056521210788768
2018-05-08,14.710000038146973,10.321533004876724
2018-05-09,13.420000076293944,9.929953306901474
2018-05-10,13.229999542236328,9.509428260493245
2018-05-11,12.649999618530272,9.482816956263138
2018-05-14,12.93000030517578,9.480858196139547
2018-05-15,14.630000114440918,9.151716205946764
2018-05-16,13.420000076293944,9.099526322814885
2018-05-17,13.43000030517578,9.113522678482006
2018-05-18,13.420000076293944,9.091223170298429
2018-05-21,13.079999923706056,8.936200742764843
2018-05-22,13.220000267028809,8.85159842423106
2018-05-23,12.579999923706056,9.168311814789666
2018-05-24,12.529999732971191,9.134870693146368
2018-05-25,13.220000267028809,10.416070546875954
2018-05-29,17.020000457763672,9.491623103875698
2018-05-30,14.9399995803833,8.768572918769753
2018-05-31,15.43000030517578,8.743392580660352
2018-06-01,13.460000038146973,8.00477673228862
2018-06-04,12.739999771118164,7.843283994001118
2018-06-05,12.399999618530272,7.91266156387314
2018-06-06,11.640000343322754,7.8830723884259175
2018-06-07,12.130000114440918,8.504338291185919
2018-06-08,12.18000030517578,9.04389170020759
2018-06-11,12.350000381469728,9.117658776886344
2018-06-12,12.34000015258789,9.49829685775223
2018-06-13,12.9399995803833,9.957544473138306
2018-06-14,12.119999885559082,9.92921295642871
2018-06-15,11.979999542236328,9.921696392339358
2018-06-18,12.3100004196167,9.957441049269079
2018-06-19,13.350000381469728,9.820385738358294
2018-06-20,12.789999961853027,9.960007745092254
2018-06-21,14.640000343322754,9.64187894811213
2018-06-22,13.770000457763672,9.642303239892309
2018-06-25,17.329999923706055,8.01161975839836
2018-06-26,15.920000076293944,8.344569632563946
2018-06-27,17.90999984741211,7.578032928500823
2018-06-28,16.850000381469727,8.161224376320131
2018-06-29,16.09000015258789,8.546925234326455
2018-07-02,15.600000381469728,8.627846977005223
2018-07-03,16.139999389648438,8.501788130963616
2018-07-05,14.970000267028809,8.287405849805722
2018-07-06,13.369999885559082,7.963691987344861
2018-07-09,12.6899995803833,7.510798360653541
2018-07-10,12.640000343322754,7.499046843775946
2018-07-11,13.630000114440918,6.827897405885825
2018-07-12,12.579999923706056,6.289986706001461
2018-07-13,12.18000030517578,6.86392935020467
2018-07-16,12.829999923706056,7.021347397662381
2018-07-17,12.0600004196167,7.222504627614441
2018-07-18,12.100000381469728,7.743847057349315
2018-07-19,12.869999885559082,8.084324330785892
2018-07-20,12.859999656677246,8.110952537229627
2018-07-23,12.619999885559082,8.115704198277356
2018-07-24,12.40999984741211,7.993116697883447
2018-07-25,12.289999961853027,7.472900866517178
2018-07-26,12.140000343322754,7.431539502810838
2018-07-27,13.029999732971191,7.164067258075903
2018-07-30,14.260000228881836,7.143552039012811
2018-07-31,12.829999923706056,7.053645598606775
2018-08-01,13.149999618530272,7.075781222781763
2018-08-02,12.1899995803833,7.239325134256526
2018-08-03,11.640000343322754,7.170684595924798
2018-08-06,11.270000457763672,7.177231195510266
2018-08-07,10.93000030517578,7.226856930821985
2018-08-08,10.850000381469728,7.333310879038259
2018-08-09,11.270000457763672,7.355372162290781
2018-08-10,13.15999984741211,6.858700217267449
2018-08-13,14.779999732971191,6.683485549681986
2018-08-14,13.3100004196167,6.406057370534023
2018-08-15,14.640000343322754,5.811402778878211
2018-08-16,13.449999809265137,5.296887433072927
2018-08-17,12.640000343322754,5.6935240278943695
2018-08-20,12.489999771118164,5.914037576888344
2018-08-21,12.859999656677246,5.890291091199544
2018-08-22,12.25,6.391270347785605
2018-08-23,12.40999984741211,6.370489355842761
2018-08-24,11.989999771118164,6.3176884893794565
2018-08-27,12.15999984741211,5.76658788157159
2018-08-28,12.5,5.890332687168281
2018-08-29,12.25,5.658150690570934
2018-08-30,13.529999732971191,5.442407284626605
2018-08-31,12.859999656677246,5.555642851293283
2018-09-04,13.15999984741211,5.510500770273685
2018-09-05,13.90999984741211,5.377590597009566
2018-09-06,14.649999618530272,6.050391235255914
2018-09-07,14.880000114440918,6.374154667732245
2018-09-10,14.15999984741211,6.350679890743809
2018-09-11,13.220000267028809,6.2650404641065816
2018-09-12,13.140000343322754,13.002322882219659
2018-09-13,12.369999885559082,14.574539240989404
2018-09-14,12.06999969482422,15.734629626961441
2018-09-17,13.68000030517578,15.742987746194162
2018-09-18,12.789999961853027,17.73983023150186
2018-09-19,11.75,17.72486046080957
2018-09-20,11.800000190734863,17.895688392794636
2018-09-21,11.68000030517578,17.90133242073379
2018-09-24,12.199999809265137,17.910988925305965
2018-09-25,12.420000076293944,17.91352891608642
2018-09-26,12.890000343322754,20.439187919643054
2018-09-27,12.40999984741211,21.78935958082794
2018-09-28,12.119999885559082,22.29378537675493
2018-10-01,12.0,22.091487465023484
2018-10-02,12.050000190734863,23.14094124295672
2018-10-03,11.609999656677246,23.688322079892423
2018-10-04,14.220000267028809,24.164517952724545
2018-10-05,14.81999969482422,24.169803905372124
2018-10-08,15.6899995803833,24.334085956755924
2018-10-09,15.949999809265137,24.536558252397278
2018-10-10,22.959999084472656,23.157559502374625
2018-10-11,24.979999542236328,21.575710795165854
2018-10-12,21.309999465942383,21.41970187580341
2018-10-15,21.299999237060547,22.40013968168253
2018-10-16,17.6200008392334,20.8429161460531
2018-10-17,17.399999618530273,20.916909130673407
2018-10-18,20.059999465942383,20.783099097295132
2018-10-19,19.88999938964844,20.81441340165866
2018-10-22,19.63999938964844,21.600481279655124
2018-10-23,20.709999084472656,22.45597870539715
2018-10-24,25.229999542236328,19.710672618963944
2018-10-25,24.21999931335449,18.659821928428414
2018-10-26,24.15999984741211,18.556967137998907
2018-10-29,24.700000762939453,18.446502646164372
2018-10-30,23.350000381469727,19.44358655377396
2018-10-31,21.229999542236328,19.15450580161724
2018-11-01,19.34000015258789,18.908538865399937
2018-11-02,19.51000022888184,19.2719829188439
2018-11-05,19.959999084472656,22.698131640673225
2018-11-06,19.90999984741211,22.552768420376374
2018-11-07,16.360000610351562,22.30897022936017
2018-11-08,16.719999313354492,22.378369093577792
2018-11-09,17.360000610351562,22.257343394794088
2018-11-12,20.450000762939453,21.533852180327937
2018-11-13,20.020000457763672,21.53552386387222
2018-11-14,21.25,22.33376840160795
2018-11-15,19.979999542236328,22.711947013373923
2018-11-16,18.13999938964844,22.62145832627203
2018-11-19,20.100000381469727,22.47548807703271
2018-11-20,22.479999542236328,22.285013368284606
2018-11-21,20.799999237060547,22.953708070289515
2018-11-23,21.520000457763672,24.274902764698254
2018-11-26,18.899999618530277,30.313505065541747
2018-11-27,19.020000457763672,30.486747819395653
2018-11-28,18.489999771118164,28.87597436156149
2018-11-29,18.790000915527344,29.266319093048438
2018-11-30,18.06999969482422,29.083386058628864
2018-12-03,16.440000534057617,29.08509633521857
2018-12-04,20.739999771118164,30.487064847352908
2018-12-06,21.190000534057617,30.733187902796118
2018-12-07,23.229999542236328,29.980561583529227
2018-12-10,22.63999938964844,30.032249794748527
2018-12-11,21.76000022888184,30.07105993832247
2018-12-12,21.459999084472656,29.998720547010986
2018-12-13,20.649999618530277,30.053370425570662
2018-12-14,21.6299991607666,29.634536922763527
2018-12-17,24.520000457763672,28.671509554544272
2018-12-18,25.57999992370605,28.736871775499544
2018-12-19,25.57999992370605,28.282000882965423
2018-12-20,28.3799991607666,28.039814231994708
2018-12-21,30.11000061035156,26.573607048544883
2018-12-24,36.06999969482422,23.947500238833307
2018-12-26,30.40999984741211,17.69924685387854
2018-12-27,29.959999084472656,18.088668544944106
2018-12-28,28.34000015258789,18.089863939542514
2018-12-31,25.420000076293945,18.543884449980542
2019-01-02,23.21999931335449,18.614585624299803
2019-01-03,25.450000762939453,15.502125319530741
2019-01-04,21.3799991607666,11.533115791373817
2019-01-07,21.399999618530277,11.432369299070196
2019-01-08,20.46999931335449,11.34133301121599
2019-01-09,19.979999542236328,12.164005597522928
2019-01-10,19.5,12.160898817879996
2019-01-11,18.190000534057617,12.157727774719465
2019-01-14,19.06999969482422,12.292684459486129
2019-01-15,18.600000381469727,11.901153440927366
2019-01-16,19.040000915527344,12.030748822945831
2019-01-17,18.059999465942383,12.267584878800895
2019-01-18,17.799999237060547,11.6172269147593
2019-01-22,20.799999237060547,10.033425812807858
2019-01-23,19.520000457763672,10.28933079543901
2019-01-24,18.88999938964844,10.334669839825237
2019-01-25,17.420000076293945,10.133559485051286
2019-01-28,18.8700008392334,9.491989430002022
2019-01-29,19.1299991607666,9.44459650914488
2019-01-30,17.65999984741211,8.274034772748157
2019-01-31,16.56999969482422,8.048203011284034
2019-02-01,16.139999389648438,8.275088023045422
2019-02-04,15.729999542236328,8.094081930181334
2019-02-05,15.56999969482422,8.41888499888416
2019-02-06,15.380000114440918,9.006551130943414
2019-02-07,16.3700008392334,8.262408457836043
2019-02-08,15.720000267028809,9.572771142223205
2019-02-11,15.970000267028809,9.60059415330564
2019-02-12,15.43000030517578,8.87025165899558
2019-02-13,15.649999618530272,8.864797445373188
2019-02-14,16.219999313354492,8.871842353214248
2019-02-15,14.90999984741211,8.205434743903005
2019-02-19,14.880000114440918,8.207361311927507
2019-02-20,14.020000457763672,8.32087130326967
2019-02-21,14.460000038146973,8.931423830795616
2019-02-22,13.510000228881836,11.435658271531944
2019-02-25,14.850000381469728,11.432781488204032
2019-02-26,15.170000076293944,11.714382473062901
2019-02-27,14.699999809265137,11.890534289194788
2019-02-28,14.779999732971191,11.923120197923968
2019-03-01,13.56999969482422,11.926977594734693
2019-03-04,14.630000114440918,12.44788891782574
2019-03-05,14.739999771118164,12.411570617452977
2019-03-06,15.739999771118164,12.08927087276054
2019-03-07,16.59000015258789,11.46912042126939
2019-03-08,16.049999237060547,11.378527588633657
2019-03-11,14.329999923706056,10.52064061519236
2019-03-12,13.770000457763672,10.798555709598888
2019-03-13,13.40999984741211,10.661133919824154
2019-03-14,13.5,10.652524553471178
2019-03-15,12.880000114440918,10.749967876367254
2019-03-18,13.100000381469728,10.747862465297432
2019-03-19,13.5600004196167,10.743372848483347
2019-03-20,13.90999984741211,10.714759700522684
2019-03-21,13.630000114440918,10.070732370066162
2019-03-22,16.479999542236328,6.613465111009041
2019-03-25,16.329999923706055,6.9774550167098965
2019-03-26,14.68000030517578,6.899416807062384
2019-03-27,15.149999618530272,6.440994988500889
2019-03-28,14.43000030517578,6.476826509883149
2019-03-29,13.710000038146973,6.297336366962623
2019-04-01,13.399999618530272,5.130828830300393
2019-04-02,13.359999656677246,6.035386241325352
2019-04-03,13.739999771118164,6.134001696587755
2019-04-04,13.579999923706056,6.884358811852348
2019-04-05,12.81999969482422,6.987457153450942
2019-04-08,13.18000030517578,9.366069793027307
2019-04-09,14.279999732971191,9.194207071813128
2019-04-10,13.300000190734863,9.165397312760234
2019-04-11,13.020000457763672,9.356106256906092
2019-04-12,12.010000228881836,12.664283402941193
2019-04-15,12.31999969482422,13.214839450592732
2019-04-16,12.18000030517578,13.43491893762772
2019-04-17,12.600000381469728,13.885726456104216
2019-04-18,12.09000015258789,14.025889226119295
2019-04-22,12.420000076293944,14.165052430915226
2019-04-23,12.279999732971191,14.167321691000435
2019-04-24,13.140000343322754,14.179543203925324
2019-04-25,13.25,14.7177706708528
2019-04-26,12.729999542236328,14.6049321731299
2019-04-29,13.109999656677246,14.779323514602444
2019-04-30,13.119999885559082,14.81439512746794
2019-05-01,14.800000190734863,14.822453346508091
2019-05-02,14.420000076293944,15.357813133809747
2019-05-03,12.869999885559082,14.628117383552361
2019-05-06,15.4399995803833,17.08205126039295
2019-05-07,19.31999969482422,16.559791213240285
2019-05-08,19.399999618530277,16.761528195664624
2019-05-09,19.100000381469727,17.129098710291988
2019-05-10,16.040000915527344,17.113576655132047
2019-05-13,20.549999237060547,14.203693192266668
2019-05-14,18.059999465942383,13.952443546124845
2019-05-15,16.440000534057617,13.88433164477178
2019-05-16,15.289999961853027,13.531927029652282
2019-05-17,15.960000038146973,13.294642952286425
2019-05-20,16.309999465942383,13.438676778084075
2019-05-21,14.949999809265137,13.1492091819817
2019-05-22,14.75,13.372196933129358
2019-05-23,16.920000076293945,12.377876575711259
2019-05-24,15.850000381469728,12.441074417933203
2019-05-28,17.5,12.50494630352382
2019-05-29,17.899999618530273,12.12753341219915
2019-05-30,17.299999237060547,12.133973981351295
2019-05-31,18.709999084472656,10.58048695114092
2019-06-03,18.86000061035156,10.52115594885767
2019-06-04,16.969999313354492,8.234259978378837
2019-06-05,16.09000015258789,8.177494920621129
2019-06-06,15.93000030517578,8.19035343694466
2019-06-07,16.299999237060547,8.184015630544241
2019-06-10,15.9399995803833,8.119833080565346
2019-06-11,15.989999771118164,8.159981874553488
2019-06-12,15.90999984741211,8.044945097324154
2019-06-13,15.81999969482422,8.05749277113354
2019-06-14,15.279999732971191,7.997114399984845
2019-06-17,15.350000381469728,8.20547673440039
2019-06-18,15.149999618530272,8.14515513413106
2019-06-19,14.329999923706056,8.185444761598992
2019-06-20,14.75,7.904847431540553
2019-06-21,15.399999618530272,7.900791049673142
2019-06-24,15.260000228881836,8.187460565178508
2019-06-25,16.280000686645508,7.1769583646991295
2019-06-26,16.209999084472656,7.492432617949156
2019-06-27,15.81999969482422,7.679874232695405
2019-06-28,15.079999923706056,7.672961419333803
2019-07-01,14.0600004196167,7.232245781127856
2019-07-02,12.93000030517578,8.324260575209296
2019-07-03,12.56999969482422,8.361969474036789
2019-07-05,13.279999732971191,8.713023681646796
2019-07-08,13.960000038146973,13.595646825871322
2019-07-09,14.09000015258789,14.724844547726775
2019-07-10,13.029999732971191,14.558839995287865
2019-07-11,12.93000030517578,16.35821279066111
2019-07-12,12.390000343322754,16.352882264483107
2019-07-15,12.68000030517578,16.767844154238876
2019-07-16,12.859999656677246,17.88054219140984
2019-07-17,13.970000267028809,20.540914360751657
2019-07-18,13.529999732971191,20.50444959469882
2019-07-19,14.449999809265137,21.33299030223145
2019-07-22,13.529999732971191,21.824434212006867
2019-07-23,12.609999656677246,21.73144095532654
2019-07-24,12.06999969482422,21.897403301030412
2019-07-25,12.739999771118164,21.866262098558604
2019-07-26,12.15999984741211,23.318573757290608
2019-07-29,12.829999923706056,23.837236109823074
2019-07-30,13.9399995803833,23.84439888245482
2019-07-31,16.1200008392334,23.835876381381322
2019-08-01,17.8700008392334,24.178610578329327
2019-08-02,17.610000610351562,24.030116010335238
2019-08-05,24.59000015258789,21.318976781451678
2019-08-06,20.170000076293945,21.129866534876427
2019-08-07,19.489999771118164,21.5317328656956
2019-08-08,16.90999984741211,20.485041894936888
2019-08-09,17.969999313354492,20.289402931693733
2019-08-12,21.09000015258789,19.678883942042532
2019-08-13,17.520000457763672,19.122514844001646
2019-08-14,22.100000381469727,15.126877602019261
2019-08-15,21.18000030517578,15.181873107285329
2019-08-16,18.46999931335449,14.643382314866779
2019-08-19,16.8799991607666,14.158923889880626
2019-08-20,17.5,13.748998661150882
2019-08-21,15.800000190734863,13.561746566848015
2019-08-22,16.68000030517578,13.728111314506844
2019-08-23,19.8700008392334,9.263278260098751
2019-08-26,19.31999969482422,9.394895222902386
2019-08-27,20.309999465942383,9.27749532274692
2019-08-28,19.350000381469727,9.19603135003211
2019-08-29,17.8799991607666,8.523450674648657
2019-08-30,18.979999542236328,8.621894477457674
2019-09-03,19.65999984741211,9.491038875387149
2019-09-04,17.329999923706055,10.713503844814149
2019-09-05,16.270000457763672,10.042444800093753
2019-09-06,15.0,11.274981253207846
2019-09-09,15.270000457763672,11.353944170829342
2019-09-10,15.199999809265137,12.538040290350889
2019-09-11,14.609999656677246,12.776406273643143
2019-09-12,14.220000267028809,12.98952064011692
2019-09-13,13.739999771118164,13.61068431835402
2019-09-16,14.670000076293944,13.5802078656985
2019-09-17,14.4399995803833,14.036203852814062
2019-09-18,13.949999809265137,14.043281979915836
2019-09-19,14.050000190734863,14.088257521698349
2019-09-20,15.31999969482422,14.07347019907012
2019-09-23,14.90999984741211,14.278733930498102
2019-09-24,17.049999237060547,14.020200805403729
2019-09-25,15.960000038146973,13.907973642902105
2019-09-26,16.06999969482422,13.883216136531615
2019-09-27,17.219999313354492,13.75035541697345
2019-09-30,16.239999771118164,13.789209505886596
2019-10-01,18.559999465942383,12.918598895233727
2019-10-02,20.559999465942383,10.67009057389468
2019-10-03,19.1200008392334,10.629544069829436
2019-10-04,17.040000915527344,10.130053102961178
2019-10-07,17.860000610351562,9.872653686830906
2019-10-08,20.280000686645508,7.387665951080188
2019-10-09,18.63999938964844,7.055138230078427
2019-10-10,17.56999969482422,6.897890802047247
2019-10-11,15.579999923706056,6.248406934591206
2019-10-14,14.56999969482422,6.30876277860842
2019-10-15,13.539999961853027,5.597784484087686
2019-10-16,13.68000030517578,5.488983732717228
2019-10-17,13.789999961853027,5.471834130986808
2019-10-18,14.25,5.310553785073644
2019-10-21,14.0,5.059507476498219
2019-10-22,14.460000038146973,4.751326777095978
2019-10-23,14.010000228881836,5.169601044758801
2019-10-24,13.710000038146973,5.308471113424776
2019-10-25,12.649999618530272,5.2343563011348255
2019-10-28,13.109999656677246,5.49849371367421
2019-10-29,13.199999809265137,5.454252807728873
2019-10-30,12.329999923706056,5.519842183440317
2019-10-31,13.220000267028809,5.644315333918484
2019-11-01,12.300000190734863,6.042702201921059
2019-11-04,12.829999923706056,6.493003167192874
2019-11-05,13.100000381469728,6.781275158281759
2019-11-06,12.619999885559082,6.789145994758153
2019-11-07,12.729999542236328,7.351169617617047
2019-11-08,12.06999969482422,7.47927095965617
2019-11-11,12.6899995803833,7.446381954862207
2019-11-12,12.68000030517578,7.46737138241856
2019-11-13,13.0,7.947318589236669
2019-11-14,13.050000190734863,7.950661961968553
2019-11-15,12.050000190734863,7.915367196865923
2019-11-18,12.460000038146973,7.921704735790419
2019-11-19,12.859999656677246,7.913952274023546
2019-11-20,12.779999732971191,7.75169828833822
2019-11-21,13.130000114440918,7.713597403673527
2019-11-22,12.34000015258789,7.713737812655213
2019-11-25,11.869999885559082,7.417229596807
2019-11-26,11.539999961853027,7.537531409754672
2019-11-27,11.75,7.489383771383341
2019-11-29,12.619999885559082,7.678946634460777
2019-12-02,14.90999984741211,6.7445589220407705
2019-12-03,15.960000038146973,6.431420019426502
2019-12-04,14.800000190734863,7.242786413634289
2019-12-05,14.520000457763672,7.2714141137021775
2019-12-06,13.619999885559082,6.9691606546923
2019-12-09,15.859999656677246,6.870809967929298
2019-12-10,15.68000030517578,6.979792507860482
2019-12-11,14.989999771118164,7.212254682262742
2019-12-12,13.9399995803833,7.027038081217217
2019-12-13,12.630000114440918,7.119980472091007
2019-12-16,12.140000343322754,6.872013970497731
2019-12-17,12.289999961853027,7.245234481332381
2019-12-18,12.579999923706056,7.218356951272831
2019-12-19,12.5,7.320579884062949
2019-12-20,12.510000228881836,7.280836251601333
2019-12-23,12.609999656677246,7.2827856394876225
2019-12-24,12.670000076293944,8.180072629578971
2019-12-26,12.649999618530272,10.067582777509038
2019-12-27,13.43000030517578,10.712640068700875
2019-12-30,14.81999969482422,10.482213780977036
2019-12-31,13.779999732971191,10.502358799905686
2020-01-02,12.470000267028809,12.035292416366488
2020-01-03,14.020000457763672,12.03704969921037
2020-01-06,13.850000381469728,13.102328908766356
2020-01-07,13.789999961853027,13.549877902512792
2020-01-08,13.449999809265137,13.495376052109217
2020-01-09,12.539999961853027,13.547367043722714
2020-01-10,12.5600004196167,13.665797128761284
2020-01-13,12.31999969482422,13.512696525573928
2020-01-14,12.390000343322754,13.601900061087518
2020-01-15,12.420000076293944,13.628520778719619
2020-01-16,12.31999969482422,13.380677891629606
2020-01-17,12.100000381469728,13.414095032169266
2020-01-21,12.850000381469728,13.448780985422577
2020-01-22,12.90999984741211,13.571230413989424
2020-01-23,12.979999542236328,14.1385602322622
2020-01-24,14.5600004196167,18.380947924826284
2020-01-27,18.229999542236328,20.581801295276133
2020-01-28,16.280000686645508,20.082184787806742
2020-01-29,16.389999389648438,25.315903802500312
2020-01-30,15.489999771118164,25.144790072183504
2020-01-31,18.84000015258789,29.712529522556046
2020-02-03,17.969999313354492,30.972787712168063
2020-02-04,16.049999237060547,34.289319045354475
2020-02-05,15.149999618530272,35.57992277255917
2020-02-06,14.960000038146973,35.68174583233216
2020-02-07,15.470000267028809,44.62477847186109
2020-02-10,15.039999961853027,49.180809751656234
2020-02-11,15.18000030517578,51.28228422461599
2020-02-12,13.739999771118164,60.045593162833285
2020-02-13,14.149999618530272,69.21567035430608
2020-02-14,13.68000030517578,78.297676770484
2020-02-18,14.829999923706056,82.01421567576381
2020-02-19,14.380000114440918,82.73057988194016
2020-02-20,15.5600004196167,82.89064841186217
2020-02-21,17.079999923706055,83.40130648294326
2020-02-24,25.030000686645508,83.25844830991628
2020-02-25,27.850000381469727,90.98515794792165
2020-02-26,27.559999465942383,91.4543320336875
2020-02-27,39.15999984741211,93.54263934044003
2020-02-28,40.11000061035156,93.92414461532064
2020-03-02,33.41999816894531,93.25934032484348
2020-03-03,36.81999969482422,92.97257218361459
2020-03-04,31.989999771118164,92.08746546452593
2020-03-05,39.619998931884766,92.47687483731121
2020-03-06,41.93999862670898,92.45629355639079
2020-03-09,54.459999084472656,91.8139048393277
2020-03-10,47.29999923706055,89.76187435131568
2020-03-11,53.900001525878906,88.94413358137719
2020-03-12,75.47000122070312,80.64726076696542
2020-03-13,57.83000183105469,75.58509833627943
2020-03-16,82.69000244140625,62.03717715683469
2020-03-17,75.91000366210938,60.643772403502105
2020-03-18,76.44999694824219,56.79761766862102
2020-03-19,72.0,57.136726458416874
2020-03-20,66.04000091552734,54.6019927838435
2020-03-23,61.59000015258789,55.06287008696115
2020-03-24,61.66999816894531,47.37560379365766
2020-03-25,63.95000076293945,47.339122414085686
2020-03-26,61.0,43.55502628423418
2020-03-27,65.54000091552734,41.742987584922204
2020-03-30,57.08000183105469,40.76016123260683
2020-03-31,53.540000915527344,40.758648753606565
2020-04-01,57.060001373291016,36.33128610446737
2020-04-02,50.90999984741211,37.935457229620006
2020-04-03,46.79999923706055,37.193751583019505
2020-04-06,45.2400016784668,30.20098749316713
2020-04-07,46.70000076293945,30.425751693725527
2020-04-08,43.34999847412109,28.57808922831808
2020-04-09,41.66999816894531,28.658705625555413
2020-04-13,41.16999816894531,28.343928131062906
2020-04-14,37.7599983215332,27.70777956557689
2020-04-15,40.84000015258789,27.353236594274705
2020-04-16,40.11000061035156,27.609305619535746
2020-04-17,38.150001525878906,25.955341143562315
2020-04-20,43.83000183105469,27.144833552387276
2020-04-21,45.40999984741211,24.68685001802324
2020-04-22,41.97999954223633,24.239071621787264
2020-04-23,41.380001068115234,24.478915252624656
2020-04-24,35.93000030517578,24.125903210479525
2020-04-27,33.290000915527344,23.998407993553347
2020-04-28,33.56999969482422,24.269262520742462
2020-04-29,31.229999542236328,22.759348568269946
2020-04-30,34.150001525878906,22.39970341228154
2020-05-01,37.18999862670898,19.571899223026808
2020-05-04,35.970001220703125,19.62735704928138
2020-05-05,33.61000061035156,19.81578068696878
2020-05-06,34.119998931884766,19.558188162974076
2020-05-07,31.440000534057617,20.76354660299944
2020-05-08,27.979999542236328,20.506339957364123
2020-05-11,27.56999969482422,20.922265762329353
2020-05-12,33.040000915527344,19.207725184089565
2020-05-13,35.279998779296875,29.012876235374936
2020-05-14,32.61000061035156,29.01321837030664
2020-05-15,31.88999938964844,29.089598933657797
2020-05-18,29.299999237060547,28.00665053107053
2020-05-19,30.530000686645508,27.70289596916938
2020-05-20,27.989999771118164,27.244888971223073
2020-05-21,29.530000686645508,27.193584696882656
2020-05-22,28.15999984741211,27.227208079944536
2020-05-26,28.01000022888184,27.006912267490975
2020-05-27,27.6200008392334,28.342362532270972
2020-05-28,28.59000015258789,28.56303128300377
2020-05-29,27.51000022888184,29.859112918200804
2020-06-01,28.229999542236328,30.30296801247602
2020-06-02,26.84000015258789,30.50501633443482
2020-06-03,25.65999984741211,30.23272352306472
2020-06-04,25.809999465942383,30.278110214605846
2020-06-05,24.520000457763672,29.38088430067967
2020-06-08,25.809999465942383,29.22653268200991
2020-06-09,27.56999969482422,29.2915382754386
2020-06-10,27.56999969482422,29.294174762067453
2020-06-11,40.790000915527344,19.533503799841043
2020-06-12,36.09000015258789,19.65175512338562
2020-06-15,34.400001525878906,19.86957802079591
2020-06-16,33.66999816894531,19.042067229345097
2020-06-17,33.470001220703125,19.009706406734995
2020-06-18,32.939998626708984,19.008193227412708
2020-06-19,35.119998931884766,18.91426090798257
2020-06-22,31.770000457763672,18.857617604548967
2020-06-23,31.3700008392334,18.879262114424638
2020-06-24,33.84000015258789,16.649441593091726
2020-06-25,32.220001220703125,16.7149048594702
2020-06-26,34.72999954223633,13.614857246832901
2020-06-29,31.780000686645508,13.425980651162378
2020-06-30,30.43000030517578,13.377004136611909
2020-07-01,28.6200008392334,13.447921496027803
2020-07-02,27.68000030517578,13.553207095606917
2020-07-06,27.940000534057617,12.784515502394983
2020-07-07,29.43000030517578,11.95658394543175
2020-07-08,28.07999992370605,11.88649110793078
2020-07-09,29.26000022888184,11.565984883066616
2020-07-10,27.290000915527344,11.281212940478264
2020-07-13,32.189998626708984,10.461439001275858
2020-07-14,29.520000457763672,10.559133489850991
2020-07-15,27.76000022888184,11.091713858088536
2020-07-16,28.0,11.003108795413121
2020-07-17,25.68000030517578,11.03434743333318
2020-07-20,24.459999084472656,10.831040640070947
2020-07-21,24.84000015258789,10.831075981384174
2020-07-22,24.31999969482422,10.957700137801197
2020-07-23,26.07999992370605,9.7194469106181
2020-07-24,25.84000015258789,9.153269643720034
2020-07-27,24.739999771118164,9.386461475327694
2020-07-28,25.440000534057617,8.716488272758866
2020-07-29,24.100000381469727,8.448823877637611
2020-07-30,24.76000022888184,8.062299336384102
2020-07-31,24.459999084472656,7.977834577018683
2020-08-03,24.280000686645508,8.260907679550861
2020-08-04,23.76000022888184,8.561160236135848
2020-08-05,22.989999771118164,9.378722520288305
2020-08-06,22.649999618530277,16.560528118847927
2020-08-07,22.209999084472656,16.923899380095797
2020-08-10,22.1299991607666,19.758575600689543
2020-08-11,24.030000686645508,20.723707275834265
2020-08-12,22.280000686645508,21.139121683575333
2020-08-13,22.1299991607666,21.136512276695424
2020-08-14,22.049999237060547,21.673991780621353
2020-08-17,21.350000381469727,21.7176079665103
2020-08-18,21.51000022888184,21.758376595551596
2020-08-19,22.540000915527344,21.939861769173014
2020-08-20,22.71999931335449,22.262620169502615
2020-08-21,22.540000915527344,22.482398766091453
2020-08-24,22.3700008392334,22.485887451536623
2020-08-25,22.030000686645508,23.668998137009744
2020-08-26,23.270000457763672,23.275377126074485
2020-08-27,24.46999931335449,24.21578859506633
2020-08-28,22.959999084472656,24.968078185990873
2020-08-31,26.40999984741211,24.990496550793484
2020-09-01,26.1200008392334,24.88593384786461
2020-09-02,26.56999969482422,24.33002501524209
2020-09-03,33.599998474121094,21.349660134281002
2020-09-04,30.75,22.220038851242798
2020-09-08,31.459999084472656,20.461994514341953
2020-09-09,28.809999465942383,20.191997088843266
2020-09-10,29.709999084472656,19.244651178332557
2020-09-11,26.8700008392334,19.40749899541101
2020-09-14,25.850000381469727,19.649007816775274
2020-09-15,25.59000015258789,19.857996899332463
2020-09-16,26.040000915527344,19.962212787459748
2020-09-17,26.459999084472656,19.61843800234937
2020-09-18,25.82999992370605,18.99470845000443
2020-09-21,27.780000686645508,19.439443549009763
2020-09-22,26.86000061035156,19.230286872921074
2020-09-23,28.57999992370605,16.824467183673892
2020-09-24,28.51000022888184,16.846051027696465
2020-09-25,26.3799991607666,16.147531490825866
2020-09-28,26.190000534057617,16.919635973262046
2020-09-29,26.270000457763672,16.836344187130788
2020-09-30,26.3700008392334,20.837823185774948
2020-10-01,26.700000762939453,21.058930624788385
2020-10-02,27.6299991607666,21.11169972626379
2020-10-05,27.959999084472656,20.470471398585417
2020-10-06,29.479999542236328,20.92391081804368
2020-10-07,28.059999465942383,21.51144899650071
2020-10-08,26.36000061035156,22.361527740337348
2020-10-09,25.0,22.164416041273196
2020-10-12,25.06999969482422,21.87506648667876
2020-10-13,26.06999969482422,21.738015452776597
2020-10-14,26.399999618530277,21.708828215579533
2020-10-15,26.96999931335449,22.045280234461963
2020-10-16,27.40999984741211,22.50667523570015
2020-10-19,29.18000030517578,21.896599129862594
2020-10-20,29.350000381469727,22.088118182830353
2020-10-21,28.649999618530277,22.64500834205153
2020-10-22,28.11000061035156,22.623233287159252
2020-10-23,27.549999237060547,22.8244377950325
2020-10-26,32.459999084472656,21.601468819618212
2020-10-27,33.349998474121094,21.978489714047118
2020-10-28,40.27999877929688,16.85839952972658
2020-10-29,37.59000015258789,16.77732819505529
2020-10-30,38.02000045776367,16.17068503294131
2020-11-02,37.130001068115234,16.157819091575334
2020-11-03,35.54999923706055,15.507933256967432
2020-11-04,29.56999969482422,14.084851999773399
2020-11-05,27.57999992370605,12.93009138710298
2020-11-06,24.86000061035156,13.001550478093998
2020-11-09,25.75,12.472517439914467
2020-11-10,24.799999237060547,13.037482064838324
2020-11-11,23.450000762939453,12.883017187966631
2020-11-12,25.350000381469727,12.243360101185289
2020-11-13,23.100000381469727,11.579871701998064
2020-11-16,22.450000762939453,11.719542401097828
2020-11-17,22.709999084472656,11.477126898259788
2020-11-18,23.84000015258789,10.401951504496822
2020-11-19,23.11000061035156,10.597317261561377
2020-11-20,23.700000762939453,10.30132316971586
2020-11-23,22.65999984741211,10.262671391407256
2020-11-24,21.63999938964844,8.733880861413176
2020-11-25,21.25,8.75253564200679
2020-11-27,20.84000015258789,9.133033946665536
2020-11-30,20.56999969482422,8.962460774147296
2020-12-01,20.770000457763672,8.249528431779028
2020-12-02,21.170000076293945,8.367390797960574
2020-12-03,21.280000686645508,9.89426974962757
2020-12-04,20.790000915527344,9.725591469496006
2020-12-07,21.299999237060547,9.870907471292886
2020-12-08,20.68000030517578,11.030547211657844
2020-12-09,22.270000457763672,10.405966527439606
2020-12-10,22.520000457763672,10.849673425691662
2020-12-11,23.309999465942383,10.810117074361553
2020-12-14,24.71999931335449,10.545812751373758
2020-12-15,22.88999938964844,9.854579894930342
2020-12-16,22.5,10.327913619058936
2020-12-17,21.93000030517578,10.490637421910819
2020-12-18,21.56999969482422,11.219478121027002
2020-12-21,25.15999984741211,11.037325357638238
2020-12-22,24.229999542236328,11.142873313859749
2020-12-23,23.309999465942383,11.152114511622417
2020-12-24,21.530000686645508,11.21286087807917
2020-12-28,21.700000762939453,14.395554026309961
2020-12-29,23.07999992370605,14.659922343034301
2020-12-30,22.770000457763672,16.44705335903813
2020-12-31,22.75,17.411558487514057
2021-01-04,26.96999931335449,17.233057817531204
2021-01-05,25.34000015258789,17.12625536704739
2021-01-06,25.06999969482422,17.417506194941073
2021-01-07,22.3700008392334,16.750102956602024
2021-01-08,21.559999465942383,16.813278879084805
2021-01-11,24.07999992370605,16.567796937664585
2021-01-12,23.32999992370605,16.576080933274007
2021-01-13,22.209999084472656,16.569994756547402
2021-01-14,23.25,16.507874527556503
2021-01-15,24.34000015258789,16.188861978776238
2021-01-19,23.239999771118164,16.06063802056732
2021-01-20,21.57999992370605,15.545610803406435
2021-01-21,21.31999969482422,15.573993505552666
2021-01-22,21.90999984741211,15.795648275880616
2021-01-25,23.190000534057617,15.747484233404249
2021-01-26,23.020000457763672,16.16202750671516
2021-01-27,37.209999084472656,16.087708326172944
2021-01-28,30.209999084472656,15.97465451648577
2021-01-29,33.09000015258789,16.120652220115765
2021-02-01,30.239999771118164,15.637355592012177
2021-02-02,25.559999465942383,15.71004982667217
2021-02-03,22.90999984741211,16.311559146033478
2021-02-04,21.770000457763672,17.150203325922753
2021-02-05,20.8700008392334,17.148551406134782
2021-02-08,21.239999771118164,17.74762637941697
2021-02-09,21.6299991607666,17.90241147602084
2021-02-10,21.989999771118164,18.261277095525532
2021-02-11,21.25,18.25924176864301
2021-02-12,19.96999931335449,18.296056354095576
2021-02-16,21.459999084472656,18.30044608387925
2021-02-17,21.5,18.329856631943407
2021-02-18,22.489999771118164,19.05379499601531
2021-02-19,22.049999237060547,19.05491253547861
2021-02-22,23.450000762939453,19.014619568257594
2021-02-23,23.11000061035156,19.26682831763478
2021-02-24,21.34000015258789,18.942258959575607
2021-02-25,28.88999938964844,16.767446456069653
2021-02-26,27.950000762939453,17.385723175300292
2021-03-01,23.350000381469727,15.373995343622667
2021-03-02,24.100000381469727,15.088715407963981
2021-03-03,26.670000076293945,14.094971966957818
2021-03-04,28.56999969482422,13.305482328667043
2021-03-05,24.65999984741211,12.77545596241396
2021-03-08,25.46999931335449,12.501038905249864
2021-03-09,24.030000686645508,11.82955886681875
2021-03-10,22.559999465942383,11.781726301905211
2021-03-11,21.90999984741211,11.581503080026081
2021-03-12,20.690000534057617,11.598513231879474
2021-03-15,20.030000686645508,11.523783030534378
2021-03-16,19.790000915527344,11.634681056967837
2021-03-17,19.229999542236328,12.02440564764365
2021-03-18,21.57999992370605,10.184201214966002
2021-03-19,20.950000762939453,10.447514630619143
2021-03-22,18.8799991607666,10.924912174597738
2021-03-23,20.299999237060547,10.47216616535443
2021-03-24,21.200000762939453,10.992965196438062
2021-03-25,19.809999465942383,11.299101000074153
2021-03-26,18.86000061035156,10.268254274320459
2021-03-29,20.739999771118164,10.256922298942776
2021-03-30,19.61000061035156,10.127293810691517
2021-03-31,19.399999618530277,10.19802567624701
2021-04-01,17.329999923706055,10.287727905932579
2021-04-05,17.90999984741211,9.224693705519678
2021-04-06,18.1200008392334,9.594393569285007
2021-04-07,17.15999984741211,9.599062347396712
2021-04-08,16.950000762939453,9.825411702580716
2021-04-09,16.690000534057617,9.826041831678705
2021-04-12,16.90999984741211,10.6043719919283
2021-04-13,16.649999618530273,11.108987234928927
2021-04-14,16.989999771118164,13.47735627367933
2021-04-15,16.56999969482422,13.625112873334317
2021-04-16,16.25,14.702456556091
2021-04-19,17.290000915527344,14.622577204974844
2021-04-20,18.68000030517578,14.716977391707722
2021-04-21,17.5,14.306963420864562
2021-04-22,18.709999084472656,14.471085897561592
2021-04-23,17.329999923706055,13.939276345302346
2021-04-26,17.639999389648438,14.401511279738841
2021-04-27,17.559999465942383,14.426513301420608
2021-04-28,17.280000686645508,14.44121403005103
2021-04-29,17.610000610351562,14.258913098158727
2021-04-30,18.61000061035156,14.06111147175293
2021-05-03,18.309999465942383,14.050076889975498
2021-05-04,19.479999542236328,13.85253218126778
2021-05-05,19.149999618530277,13.93585426980401
2021-05-06,18.38999938964844,14.024661571090647
2021-05-07,16.690000534057617,13.795223427534436
2021-05-10,19.65999984741211,13.284253363529624
2021-05-11,21.84000015258789,12.834088746691108
2021-05-12,27.59000015258789,9.783555101880589
2021-05-13,23.1299991607666,9.0807049973862
2021-05-14,18.809999465942383,7.549936475724815
2021-05-17,19.71999931335449,7.509315866643629
2021-05-18,21.34000015258789,7.049233684550899
2021-05-19,22.18000030517578,6.929320492861499
2021-05-20,20.670000076293945,7.872698121647648
2021-05-21,20.149999618530277,9.311862478613016
2021-05-24,18.399999618530277,8.820187295838489
2021-05-25,18.84000015258789,8.78392838972713
2021-05-26,17.360000610351562,8.968858668163175
2021-05-27,16.739999771118164,9.017074472697626
2021-05-28,16.760000228881836,9.019965841319385
2021-06-01,17.899999618530273,8.993905516266079
2021-06-02,17.479999542236328,8.99268081716974
2021-06-03,18.040000915527344,8.937477049471871
2021-06-04,16.420000076293945,8.784515962685562
2021-06-07,16.420000076293945,8.82097077466792
2021-06-08,17.06999969482422,8.83930965091192
2021-06-09,17.889999389648438,9.446233306864785
2021-06-10,16.100000381469727,9.955441152694146
2021-06-11,15.649999618530272,9.981446281119764
2021-06-14,16.389999389648438,10.137455295914648
2021-06-15,17.020000457763672,10.066733393825281
2021-06-16,18.149999618530277,9.890327162010312
2021-06-17,17.75,10.43691360085776
2021-06-18,20.700000762939453,10.688510991352155
2021-06-21,17.889999389648438,10.690882947518602
2021-06-22,16.65999984741211,10.873394643788593
2021-06-23,16.31999969482422,10.834165581207266
2021-06-24,15.970000267028809,11.17190639611511
2021-06-25,15.619999885559082,11.154873586942227
2021-06-28,15.760000228881836,11.369870926110881
2021-06-29,16.020000457763672,11.383622505394369
2021-06-30,15.829999923706056,11.426692781029292
2021-07-01,15.479999542236328,11.53030086142188
2021-07-02,15.06999969482422,11.296616196289767
2021-07-06,16.440000534057617,11.578304575910153
2021-07-07,16.200000762939453,11.716100647392617
2021-07-08,19.0,11.41454722749456
2021-07-09,16.18000030517578,10.868378748650022
2021-07-12,16.170000076293945,10.830991689460326
2021-07-13,17.1200008392334,10.729171560979987
2021-07-14,16.329999923706055,10.743297906547223
2021-07-15,17.010000228881836,10.645320424987496
2021-07-16,18.450000762939453,10.093902448209109
2021-07-19,22.5,7.980947799423841
2021-07-20,19.729999542236328,7.323699223544124
2021-07-21,17.90999984741211,8.13443995524413
2021-07-22,17.690000534057617,8.122855826206417
2021-07-23,17.200000762939453,7.790310835444804
2021-07-26,17.579999923706055,8.315851449351106
2021-07-27,19.36000061035156,8.08215175793766
2021-07-28,18.309999465942383,8.072696642948715
2021-07-29,17.700000762939453,8.360928476542114
2021-07-30,18.239999771118164,8.585051928649623
2021-08-02,19.459999084472656,8.55097165696075
2021-08-03,18.040000915527344,8.26303743250133
2021-08-04,17.969999313354492,7.950009741298279
2021-08-05,17.280000686645508,7.767642807702548
2021-08-06,16.149999618530273,7.7846216647355995
2021-08-09,16.719999313354492,7.939247412118375
2021-08-10,16.790000915527344,7.9790639941872215
2021-08-11,16.170000076293945,8.163296501286203
2021-08-12,15.59000015258789,8.640511092595366
2021-08-13,15.449999809265137,8.664611554959862
2021-08-16,16.1200008392334,8.830517114593714
2021-08-17,17.90999984741211,9.010416467116997
2021-08-18,21.56999969482422,7.987059918297494
2021-08-19,21.670000076293945,8.834200934625041
2021-08-20,18.559999465942383,10.26394049663729
2021-08-23,17.149999618530273,9.609731655722447
2021-08-24,17.219999313354492,10.347167240064765
2021-08-25,16.790000915527344,11.303211714024917
2021-08-26,18.84000015258789,11.138256366330067
2021-08-27,16.389999389648438,10.648817919477313
2021-08-30,16.190000534057617,12.538163933982036
2021-08-31,16.479999542236328,12.60326594942804
2021-09-01,16.110000610351562,13.105068975599663
2021-09-02,16.40999984741211,13.931676879532038
2021-09-03,16.40999984741211,14.445678230180995
2021-09-07,18.13999938964844,15.151099306118299
2021-09-08,17.959999084472656,15.30282214471542
2021-09-09,18.799999237060547,15.6875371875966
2021-09-10,20.950000762939453,15.47916034129034
2021-09-13,19.3700008392334,15.597476106088134
2021-09-14,19.459999084472656,15.526605998890211
2021-09-15,18.18000030517578,15.236641768194609
2021-09-16,18.690000534057617,16.51386681986267
2021-09-17,20.809999465942383,16.34971357325741
2021-09-20,25.709999084472656,15.024596697972669
2021-09-21,24.36000061035156,15.15068554467773
2021-09-22,20.8700008392334,14.893418092662273
2021-09-23,18.6299991607666,14.383383668662855
2021-09-24,17.75,14.402893396172725
2021-09-27,18.76000022888184,14.403624620175123
2021-09-28,23.25,11.895459192864912
2021-09-29,22.559999465942383,12.147138935880108
2021-09-30,23.13999938964844,11.12645453863012
2021-10-01,21.100000381469727,10.664673498726236
2021-10-04,22.959999084472656,8.91249020192913
2021-10-05,21.299999237060547,8.546260827600696
2021-10-06,21.0,8.601746415098495
2021-10-07,19.540000915527344,8.39215332907938
2021-10-08,18.770000457763672,8.186195780830573
2021-10-11,20.0,7.2374137964842005
2021-10-12,19.850000381469727,7.33993754733602
2021-10-13,18.63999938964844,8.456813229279625
2021-10-14,16.860000610351562,6.825428337962867
2021-10-15,16.299999237060547,6.818526779883811
2021-10-18,16.309999465942383,6.850446683336308
2021-10-19,15.699999809265137,6.577587136198044
2021-10-20,15.489999771118164,6.719987939993291
2021-10-21,15.010000228881836,6.739639902725532
2021-10-22,15.43000030517578,6.786054290362352
2021-10-25,15.239999771118164,6.824530838815937
2021-10-26,15.979999542236328,6.822872978090727
2021-10-27,16.979999542236328,6.484619516146814
2021-10-28,16.530000686645508,10.235216813872125
2021-10-29,16.260000228881836,11.09294419815399
2021-11-01,16.40999984741211,13.195660073284712
2021-11-02,16.030000686645508,13.601698240034562
2021-11-03,15.100000381469728,14.601588431201016
2021-11-04,15.4399995803833,14.709721986184492
2021-11-05,16.479999542236328,15.360463481737806
2021-11-08,17.219999313354492,17.15681109094758
2021-11-09,17.780000686645508,17.137802918064914
2021-11-10,18.729999542236328,17.060117935767106
2021-11-11,17.65999984741211,17.361737520127743
2021-11-12,16.290000915527344,17.48983019328629
2021-11-15,16.489999771118164,17.655247330887285
2021-11-16,16.3700008392334,18.492583176000007
2021-11-17,17.110000610351562,18.7500002875752
2021-11-18,17.59000015258789,19.058590551551443
2021-11-19,17.90999984741211,19.373863077181
2021-11-22,19.170000076293945,20.489789336847654
2021-11-23,19.3799991607666,20.80723795760927
2021-11-24,18.57999992370605,20.902240216550958
2021-11-26,28.6200008392334,19.5916152445362
2021-11-29,22.959999084472656,19.246566328344787
2021-11-30,27.190000534057617,17.559171067623
2021-12-01,31.1200008392334,16.932190682089285
2021-12-02,27.950000762939453,16.390933208315868
2021-12-03,30.670000076293945,15.92578604105104
2021-12-06,27.18000030517578,15.59589160156753
2021-12-07,21.88999938964844,15.811450618441834
2021-12-08,19.899999618530277,15.788703797542123
2021-12-09,21.57999992370605,15.65950157153566
2021-12-10,18.690000534057617,15.279083016612322
2021-12-13,20.309999465942383,15.281980997031344
2021-12-14,21.88999938964844,15.041967048707935
2021-12-15,19.290000915527344,14.89771273044384
2021-12-16,20.56999969482422,14.565483488390724
2021-12-17,21.56999969482422,15.458143788312434
2021-12-20,22.8700008392334,15.436043238968445
2021-12-21,21.01000022888184,14.332226001944257
2021-12-22,18.6299991607666,14.979256125263216
2021-12-23,17.959999084472656,14.829746135013227
2021-12-27,17.68000030517578,13.620924041585658
2021-12-28,17.540000915527344,13.570102360562453
2021-12-29,16.950000762939453,13.379983540060575
2021-12-30,17.329999923706055,17.022556540711182
2021-12-31,17.219999313354492,18.670291212765754
2022-01-03,16.600000381469727,18.731217352681522
2022-01-04,16.90999984741211,19.22592452854624
2022-01-05,19.729999542236328,19.80314694867939
2022-01-06,19.61000061035156,19.95775823761878
2022-01-07,18.76000022888184,19.950276007755203
2022-01-10,19.399999618530277,20.280174915133514
2022-01-11,18.40999984741211,20.748257474130018
2022-01-12,17.6200008392334,21.51654241439314
2022-01-13,20.309999465942383,22.045753133789344
2022-01-14,19.190000534057617,22.016489032280685
2022-01-18,22.790000915527344,22.232249531438974
2022-01-19,23.850000381469727,21.968903637049767
2022-01-20,25.59000015258789,22.928722543579752
2022-01-21,28.850000381469727,21.95195658066541
2022-01-24,29.899999618530277,22.175105019793463
2022-01-25,31.15999984741211,22.632738278818177
2022-01-26,31.959999084472656,23.36116327010636
2022-01-27,30.489999771118164,24.598758016556115
2022-01-28,27.65999984741211,22.94917208993289
2022-01-31,24.82999992370605,22.42767878585205
2022-02-01,21.959999084472656,23.38995920199674
2022-02-02,22.09000015258789,23.02171901127455
2022-02-03,24.350000381469727,21.73053710938885
2022-02-04,23.21999931335449,23.770298483958598
2022-02-07,22.86000061035156,23.817581386616933
2022-02-08,21.440000534057617,25.81490125597069
2022-02-09,19.959999084472656,25.00342843369041
2022-02-10,23.90999984741211,24.662691592246333
2022-02-11,27.36000061035156,23.93659475621747
2022-02-14,28.32999992370605,25.46188355232773
2022-02-15,25.700000762939453,26.081867295097116
2022-02-16,24.290000915527344,26.520175132080993
2022-02-17,28.11000061035156,25.60445232124814
2022-02-18,27.75,25.45779694928668
2022-02-22,28.809999465942383,25.287829365783804
2022-02-23,31.020000457763672,24.817809279467724
2022-02-24,30.31999969482422,24.819442010890118
2022-02-25,27.59000015258789,23.79347968028806
2022-02-28,30.149999618530277,23.803624481254364
2022-03-01,33.31999969482422,23.094928399912064
2022-03-02,30.739999771118164,22.68017927012139
2022-03-03,30.479999542236328,23.43445255994133
2022-03-04,31.979999542236328,23.12841019527013
2022-03-07,36.45000076293945,19.76147285176153
2022-03-08,35.130001068115234,20.250364696390488
2022-03-09,32.45000076293945,19.030183006001806
2022-03-10,30.229999542236328,18.87437211743654
2022-03-11,30.75,18.0893990613542
2022-03-14,31.770000457763672,19.172843485962563
2022-03-15,29.82999992370605,17.930132856574723
2022-03-16,26.670000076293945,16.6886660882351
2022-03-17,25.670000076293945,16.778493305787066
2022-03-18,23.8700008392334,16.262436354313863
2022-03-21,23.530000686645508,17.318068348531636
2022-03-22,22.940000534057617,16.770884274372563
2022-03-23,23.56999969482422,16.992690800269962
2022-03-24,21.670000076293945,18.498787141442683
2022-03-25,20.809999465942383,18.551476496124664
2022-03-28,19.6299991607666,20.4124079186351
2022-03-29,18.899999618530277,19.635924302891222
2022-03-30,19.32999992370605,22.32131224941
2022-03-31,20.559999465942383,25.11311088827525
2022-04-01,19.6299991607666,25.262225912840275
2022-04-04,18.56999969482422,25.030915684592436
2022-04-05,21.030000686645508,27.656028521794095
2022-04-06,22.100000381469727,30.055350321491353
2022-04-07,21.549999237060547,29.87993321374652
2022-04-08,21.15999984741211,31.49437351281204
2022-04-11,24.3700008392334,31.320435603282583
2022-04-12,24.26000022888184,31.563550513349647
2022-04-13,21.81999969482422,30.985246356184774
2022-04-14,22.700000762939453,32.60681452826585
2022-04-18,22.170000076293945,32.55973292351008
2022-04-19,21.3700008392334,32.95758026552139
2022-04-20,20.31999969482422,35.40770715843515
2022-04-21,22.68000030517578,35.256906856351115
2022-04-22,28.209999084472656,34.33923114427747
2022-04-25,27.020000457763672,35.133483616562714
2022-04-26,33.52000045776367,33.860500443518625
2022-04-27,31.600000381469727,34.05683031519239
2022-04-28,29.989999771118164,33.55184694172235
2022-04-29,33.400001525878906,32.16548330978553
2022-05-02,32.34000015258789,32.16146799656545
2022-05-03,29.25,32.22783739226335
2022-05-04,25.420000076293945,31.03588543329093
2022-05-05,31.200000762939453,28.817725933982512
2022-05-06,30.190000534057617,28.763562822313695
2022-05-09,34.75,26.203572539853308
2022-05-10,32.9900016784668,26.611843184670715
2022-05-11,32.560001373291016,27.455250013656496
2022-05-12,31.770000457763672,29.519047775552266
2022-05-13,28.8700008392334,31.06314247464892
2022-05-16,27.46999931335449,31.062576034701678
2022-05-17,26.100000381469727,30.506363011327863
2022-05-18,30.959999084472656,29.382045507123923
2022-05-19,29.350000381469727,29.424056884199096
2022-05-20,29.43000030517578,31.026298243495493
2022-05-23,28.479999542236328,30.09366280228123
2022-05-24,29.450000762939453,30.347219614665516
2022-05-25,28.3700008392334,32.37620297126039
2022-05-26,27.5,31.465846481556458
2022-05-27,25.71999931335449,30.54057350367778
2022-05-31,26.190000534057617,30.557175721087177
2022-06-01,25.690000534057617,30.557844636511955
2022-06-02,24.71999931335449,29.869354959149234
2022-06-03,24.790000915527344,29.583355831956627
2022-06-06,25.06999969482422,29.59315406930872
2022-06-07,24.020000457763672,29.959199085200233
2022-06-08,23.959999084472656,29.82373604361237
2022-06-09,26.09000015258789,28.94410799990135
2022-06-10,27.75,27.228151179557997
2022-06-13,34.02000045776367,23.395022466831055
2022-06-14,32.689998626708984,23.383505892256245
2022-06-15,29.6200008392334,23.803580445239877
2022-06-16,32.95000076293945,20.360565960915253
2022-06-17,31.1299991607666,22.125530305820803
2022-06-21,30.190000534057617,20.68206397037531
2022-06-22,28.950000762939453,20.781443231483962
2022-06-23,29.049999237060547,21.079190945370666
2022-06-24,27.229999542236328,18.060414823556208
2022-06-27,26.950000762939453,18.549582001440925
2022-06-28,28.36000061035156,18.891597840416875
2022-06-29,28.15999984741211,19.158571792452463
2022-06-30,28.709999084472656,19.05160594742177
2022-07-01,26.700000762939453,19.078790528594165
2022-07-05,27.540000915527344,19.423591795645383
2022-07-06,26.729999542236328,19.903324489990005
2022-07-07,26.07999992370605,19.53006076285937
2022-07-08,24.63999938964844,19.555837014421172
2022-07-11,26.170000076293945,18.865898394240446
2022-07-12,27.290000915527344,18.511698079791135
2022-07-13,26.81999969482422,19.109538333893358
2022-07-14,26.399999618530277,19.000660236992232
2022-07-15,24.229999542236328,18.811253904382237
2022-07-18,25.299999237060547,18.13701442212079
2022-07-19,24.5,16.404069869541832
2022-07-20,23.8799991607666,16.898383245804858
2022-07-21,23.11000061035156,16.73790882795628
2022-07-22,23.030000686645508,17.22568604618657
2022-07-25,23.36000061035156,19.274812009742444
2022-07-26,24.690000534057617,18.63831036122369
2022-07-27,23.239999771118164,16.557495408618475
2022-07-28,22.32999992370605,16.701949749039592
2022-07-29,21.32999992370605,20.339688451241862
2022-08-01,22.84000015258789,20.432547430544005
2022-08-02,23.93000030517578,20.652761521126585
2022-08-03,21.950000762939453,19.77825565055522
2022-08-04,21.440000534057617,19.867797140537196
2022-08-05,21.149999618530277,20.0885944933151
2022-08-08,21.290000915527344,20.08461398185627
2022-08-09,21.770000457763672,21.358368302413886
2022-08-10,19.739999771118164,19.919915110343567
2022-08-11,20.200000762939453,20.893129478068854
2022-08-12,19.530000686645508,20.283883077131257
2022-08-15,19.950000762939453,25.117278053094683
2022-08-16,19.690000534057617,25.187482111122346
2022-08-17,19.899999618530277,25.298124608476318
2022-08-18,19.559999465942383,25.167035037397707
2022-08-19,20.600000381469727,25.342274490541605
2022-08-22,23.799999237060547,24.708551406622618
2022-08-23,24.11000061035156,25.20571069911903
2022-08-24,22.81999969482422,25.0894071357648
2022-08-25,21.780000686645508,24.403400368356646
2022-08-26,25.559999465942383,22.10553728996883
2022-08-29,26.209999084472656,22.11606379700231
2022-08-30,26.209999084472656,23.600921148740568
2022-08-31,25.8700008392334,24.393197822894166
2022-09-01,25.559999465942383,24.564284034845446
2022-09-02,25.46999931335449,26.80187507955511
2022-09-06,26.90999984741211,29.343329233678244
2022-09-07,24.63999938964844,28.44681093955941
2022-09-08,23.61000061035156,28.37107525672422
2022-09-09,22.790000915527344,28.783784018890028
2022-09-12,23.8700008392334,28.145163079956188
2022-09-13,27.270000457763672,24.30159194721626
2022-09-14,26.15999984741211,24.109143850986833
2022-09-15,26.270000457763672,26.32457480868422
2022-09-16,26.299999237060547,27.237926544644075
2022-09-19,25.76000022888184,28.894772850731947
2022-09-20,27.15999984741211,29.145815675832065
2022-09-21,27.989999771118164,28.620944804377835
2022-09-22,27.350000381469727,28.620453501712433
2022-09-23,29.920000076293945,29.318188259502016
2022-09-26,32.2599983215332,29.288513333694688
2022-09-27,32.599998474121094,29.638341704344572
2022-09-28,30.18000030517578,29.179883689450463
2022-09-29,31.84000015258789,28.07370715422996
2022-09-30,31.6200008392334,28.19746836485798
2022-10-03,30.100000381469727,27.24643471130115
2022-10-04,29.06999969482422,25.247528616941462
2022-10-05,28.549999237060547,26.9095395586194
2022-10-06,30.520000457763672,26.908593245800482
2022-10-07,31.36000061035156,25.22515945213053
2022-10-10,32.45000076293945,25.104089762676956
2022-10-11,33.630001068115234,24.887830469827904
2022-10-12,33.56999969482422,26.241968108699925
2022-10-13,31.940000534057617,30.914768222429544
2022-10-14,32.02000045776367,29.28671481910088
2022-10-17,31.3700008392334,28.689176012760548
2022-10-18,30.5,28.593935256174092
2022-10-19,30.76000022888184,28.621600597584678
2022-10-20,29.979999542236328,28.387188096595946
2022-10-21,29.690000534057617,27.371413288925154
2022-10-24,29.850000381469727,27.23075844877294
2022-10-25,28.459999084472656,27.078010392600653
2022-10-26,27.280000686645508,26.88095162740189
2022-10-27,27.38999938964844,26.740888714955574
2022-10-28,25.75,26.375985266093103
2022-10-31,25.8799991607666,26.222583994997407
2022-11-01,25.809999465942383,28.169183288895738
2022-11-02,25.86000061035156,26.16697229475442
2022-11-03,25.299999237060547,25.689946721207512
2022-11-04,24.549999237060547,26.6337813943531
2022-11-07,24.350000381469727,27.21344100437257
2022-11-08,25.540000915527344,27.20576548825424
2022-11-09,26.09000015258789,25.969001693849002
2022-11-10,23.530000686645508,18.0010212317664
2022-11-11,22.520000457763672,18.411531509285776
2022-11-14,23.729999542236328,18.300159067910194
2022-11-15,24.540000915527344,18.24035022540638
2022-11-16,24.11000061035156,20.121128051129723
2022-11-17,23.93000030517578,20.495691057464104
2022-11-18,23.1200008392334,20.53657814753804
2022-11-21,22.36000061035156,20.555057341580174
2022-11-22,21.290000915527344,20.70343211764076
2022-11-23,20.350000381469727,20.96861059225577
2022-11-25,20.5,21.16183499645375
2022-11-28,22.209999084472656,20.53836071177463
2022-11-29,21.88999938964844,20.89777974945345
2022-11-30,20.57999992370605,18.509214595044504
2022-12-01,19.84000015258789,18.492903453211646
2022-12-02,19.059999465942383,18.485848484439366
2022-12-05,20.75,17.960453778125927
2022-12-06,22.170000076293945,17.705292694963624
2022-12-07,22.68000030517578,19.69613117979467
2022-12-08,22.290000915527344,19.4551795027122
2022-12-09,22.82999992370605,19.47716158078362
2022-12-12,25.0,19.31478181000563
2022-12-13,22.549999237060547,19.15615223924248
2022-12-14,21.13999938964844,19.075491503489033
2022-12-15,22.82999992370605,16.696552468287727
2022-12-16,22.6200008392334,17.17270840942364
2022-12-19,22.420000076293945,17.08841836008592
2022-12-20,21.479999542236328,18.16398986158716
2022-12-21,20.06999969482422,17.917969550439146
2022-12-22,21.96999931335449,16.917310079627732
2022-12-23,20.8700008392334,16.888104386541837
2022-12-27,21.649999618530277,16.991874388205204
2022-12-28,22.13999938964844,15.986308245347214
2022-12-29,21.440000534057617,16.072652803366143
2022-12-30,21.670000076293945,16.54369482154357
2023-01-03,22.899999618530277,16.514892444816823
2023-01-04,22.01000022888184,16.8967160254945
2023-01-05,22.459999084472656,16.80163319273333
2023-01-06,21.1299991607666,15.66624947904749
2023-01-09,21.96999931335449,16.023575301750682
2023-01-10,20.57999992370605,16.74538633418686
2023-01-11,21.09000015258789,16.75260643339023
2023-01-12,18.82999992370605,16.736360170454304
2023-01-13,18.350000381469727,17.11524691889355
2023-01-17,19.36000061035156,17.083855077975173
2023-01-18,20.34000015258789,15.744985646506452
2023-01-19,20.520000457763672,16.458791917105277
2023-01-20,19.850000381469727,15.405442541381687
2023-01-23,19.809999465942383,16.677962637492886
2023-01-24,19.200000762939453,16.68045591007732
2023-01-25,19.07999992370605,16.79472106794706
2023-01-26,18.729999542236328,16.692001310727207
2023-01-27,18.51000022888184,16.72589849835137
2023-01-30,19.940000534057617,16.193947612711863
2023-01-31,19.399999618530277,15.199774145522808
2023-02-01,17.8700008392334,14.93381557893095
2023-02-02,18.729999542236328,15.149286828768604
2023-02-03,18.32999992370605,14.771251817298383
2023-02-06,19.43000030517578,15.552963831713685
2023-02-07,18.65999984741211,14.652139934015707
2023-02-08,19.6299991607666,15.498898527709043
2023-02-09,20.709999084472656,15.946029942145309
2023-02-10,20.530000686645508,15.84515509950257
2023-02-13,20.34000015258789,16.495146906058615
2023-02-14,18.90999984741211,16.523111102440467
2023-02-15,18.229999542236328,17.92630249697443
2023-02-16,20.170000076293945,17.759701641794894
2023-02-17,20.020000457763672,18.23417565379948
2023-02-21,22.8700008392334,17.50611152544181
2023-02-22,22.290000915527344,18.559769851370707
2023-02-23,21.13999938964844,18.472226650577113
2023-02-24,21.670000076293945,18.250225247804494
2023-02-27,20.950000762939453,18.221685079008708
2023-02-28,20.700000762939453,18.189381372733873
2023-03-01,20.57999992370605,18.809027912874715
2023-03-02,19.59000015258789,18.73052157999352
2023-03-03,18.489999771118164,18.538762164986306
2023-03-06,18.61000061035156,18.568569054775605
2023-03-07,19.59000015258789,17.720533949211426
2023-03-08,19.11000061035156,17.779906711280628
2023-03-09,22.61000061035156,16.16210168689515
2023-03-10,24.799999237060547,14.894709960680133
2023-03-13,26.520000457763672,14.837383927044186
2023-03-14,23.729999542236328,14.199022926185329
2023-03-15,26.13999938964844,14.333426582225062
2023-03-16,22.989999771118164,13.430254476768566
2023-03-17,25.51000022888184,12.375687066398768
2023-03-20,24.149999618530277,12.148642864798886
2023-03-21,21.3799991607666,11.521613999067037
2023-03-22,22.26000022888184,9.52762959833727
2023-03-23,22.61000061035156,9.54562984665576
2023-03-24,21.739999771118164,9.425267988297403
2023-03-27,20.600000381469727,11.406748838186507
2023-03-28,19.96999931335449,11.508253991237812
2023-03-29,19.1200008392334,12.435413208265048
2023-03-30,19.020000457763672,12.597331746106894
2023-03-31,18.700000762939453,11.717174896830615
2023-04-03,18.549999237060547,12.400711624796271
2023-04-04,19.0,12.487910788060452
2023-04-05,19.07999992370605,12.708644288529097
2023-04-06,18.399999618530277,14.279612975040038
2023-04-10,18.96999931335449,14.277872859806887
2023-04-11,19.100000381469727,14.378338555028192
2023-04-12,19.09000015258789,14.372081083446597
2023-04-13,17.799999237060547,13.590623585062033
2023-04-14,17.06999969482422,13.57129958666608
2023-04-17,16.950000762939453,13.56642997628483
2023-04-18,16.829999923706055,13.761402081872298
2023-04-19,16.459999084472656,14.465405382020425
2023-04-20,17.170000076293945,14.677802749059094
2023-04-21,16.770000457763672,14.701354074591697
2023-04-24,16.889999389648438,14.70154092642445
2023-04-25,18.76000022888184,14.071141864905822
2023-04-26,18.84000015258789,14.259860186512762
2023-04-27,17.030000686645508,12.778102821601136
2023-04-28,15.779999732971191,13.237063947034077
2023-05-01,16.079999923706055,13.225369254173328
2023-05-02,17.780000686645508,12.688476755894465
2023-05-03,18.34000015258789,12.69356359161641
2023-05-04,20.09000015258789,13.009233393988012
2023-05-05,17.190000534057617,11.70834654652435
2023-05-08,16.979999542236328,11.696445868089707
2023-05-09,17.709999084472656,11.635330548915551
2023-05-10,16.940000534057617,11.688981113321121
2023-05-11,16.93000030517578,11.608466155903786
2023-05-12,17.030000686645508,11.783286457673203
2023-05-15,17.1200008392334,11.864032505194247
2023-05-16,17.989999771118164,11.34618370331199
2023-05-17,16.8700008392334,11.373080221602736
2023-05-18,16.049999237060547,11.339564856321358
2023-05-19,16.809999465942383,11.589901489805463
2023-05-22,17.209999084472656,11.876951783603333
2023-05-23,18.530000686645508,10.780258108280558
2023-05-24,20.030000686645508,10.820190029841676
2023-05-25,19.13999938964844,10.854995386504541
2023-05-26,17.950000762939453,10.61808508182896
2023-05-30,17.459999084472656,10.61556540270999
2023-05-31,17.940000534057617,10.237671875128756
2023-06-01,15.649999618530272,10.470408880174324
2023-06-02,14.600000381469728,9.520993844370974
2023-06-05,14.729999542236328,9.49868439458816
2023-06-06,13.960000038146973,10.125459144125497
2023-06-07,13.9399995803833,10.069603190023017
2023-06-08,13.649999618530272,9.939875186193028
2023-06-09,13.829999923706056,10.094233120605919
2023-06-12,15.010000228881836,10.001295524448919
2023-06-13,14.609999656677246,10.100426010929906
2023-06-14,13.880000114440918,10.13162375107501
2023-06-15,14.5,9.3396356603246
2023-06-16,13.539999961853027,9.433992647021288
2023-06-20,13.880000114440918,9.080444651942495
2023-06-21,13.199999809265137,9.253657323569225
2023-06-22,12.90999984741211,9.256335104025865
2023-06-23,13.4399995803833,8.606949811158701
2023-06-26,14.25,8.261576449775996
2023-06-27,13.739999771118164,7.709769765447589
2023-06-28,13.43000030517578,8.309891752770486
2023-06-29,13.539999961853027,8.750815438503272
2023-06-30,13.59000015258789,7.977588188117244
2023-07-03,13.56999969482422,8.134138836618748
2023-07-05,14.18000030517578,9.774437454184683
2023-07-06,15.4399995803833,9.339812816073978
2023-07-07,14.829999923706056,9.46746291835319
2023-07-10,15.06999969482422,9.850166019861636
2023-07-11,14.84000015258789,9.84706084903879
2023-07-12,13.539999961853027,9.784324040904375
2023-07-13,13.609999656677246,9.328591309149292
2023-07-14,13.34000015258789,9.328479451151066
2023-07-17,13.479999542236328,9.467740478808683
2023-07-18,13.300000190734863,9.82922566131932
2023-07-19,13.760000228881836,9.967020664536667
2023-07-20,13.989999771118164,10.037943057861597
2023-07-21,13.600000381469728,10.050760174079809
2023-07-24,13.90999984741211,10.241219693080913
2023-07-25,13.859999656677246,10.113204296990713
2023-07-26,13.1899995803833,11.106787733529663
2023-07-27,14.40999984741211,11.843971603737273
2023-07-28,13.329999923706056,11.529177331277175
2023-07-31,13.630000114440918,11.824903681569502
2023-08-01,13.93000030517578,13.103934233916698
2023-08-02,16.09000015258789,12.232524123295926
2023-08-03,15.920000076293944,12.197423585467764
2023-08-04,17.100000381469727,12.081225525861061
2023-08-07,15.770000457763672,11.789263682384407
2023-08-08,15.989999771118164,11.93150361759944
2023-08-09,15.960000038146973,11.740203335744607
2023-08-10,15.850000381469728,11.753198738012822
2023-08-11,14.84000015258789,11.980687338913397
2023-08-14,14.81999969482422,11.985060474123069
2023-08-15,16.459999084472656,11.194734282720491
2023-08-16,16.780000686645508,11.157670623754157
2023-08-17,17.889999389648438,11.72676927283427
2023-08-18,17.299999237060547,11.726234996625575
2023-08-21,17.1299991607666,11.586701408538277
2023-08-22,16.969999313354492,12.05294049793627
2023-08-23,15.979999542236328,12.745433294399508
2023-08-24,17.200000762939453,11.830612127859569
2023-08-25,15.68000030517578,11.630660811226418
2023-08-28,15.079999923706056,12.332063752119812
2023-08-29,14.449999809265137,10.814431766931232
2023-08-30,13.880000114440918,10.964337478899564
2023-08-31,13.56999969482422,10.958981937511036
2023-09-01,13.09000015258789,10.870527436303705
2023-09-05,14.010000228881836,11.534499584339938
2023-09-06,14.449999809265137,11.99309659595521
2023-09-07,14.399999618530272,12.008209143414321
2023-09-08,13.84000015258789,12.945458783644902
2023-09-11,13.800000190734863,12.931020013763142
2023-09-12,14.229999542236328,13.065968797186422
2023-09-13,13.479999542236328,13.174634660102146
2023-09-14,12.81999969482422,12.786988143582336
2023-09-15,13.789999961853027,12.256813018951187
2023-09-18,14.0,12.946909758756195
2023-09-19,14.109999656677246,12.941733862493757
2023-09-20,15.140000343322754,13.382169582068174
2023-09-21,17.540000915527344,12.41699237960135
2023-09-22,17.200000762939453,13.097929914753992
2023-09-25,16.899999618530273,12.949171901348915
2023-09-26,18.940000534057617,12.287411798381768
2023-09-27,18.21999931335449,13.272862944402997
2023-09-28,17.34000015258789,13.568826337266321
2023-09-29,17.520000457763672,13.60049229136537
2023-10-02,17.610000610351562,14.464369193059923
2023-10-03,19.780000686645508,13.965148806629601
2023-10-04,18.57999992370605,14.25671675490913
2023-10-05,18.489999771118164,15.803653820354294
2023-10-06,17.450000762939453,15.578770039606246
2023-10-09,17.700000762939453,15.444466465625437
2023-10-10,17.030000686645508,15.369968829076806
2023-10-11,16.09000015258789,15.305554841225874
2023-10-12,16.690000534057617,15.409719857673466
2023-10-13,19.31999969482422,16.219109459117316
2023-10-16,17.209999084472656,15.8414030617094
2023-10-17,17.8799991607666,17.17670863228727
2023-10-18,19.21999931335449,16.255691054096914
2023-10-19,21.399999618530277,15.733640234716406
2023-10-20,21.709999084472656,14.712148954951578
2023-10-23,20.3700008392334,14.655735124948144
2023-10-24,18.96999931335449,14.739627721174891
2023-10-25,20.190000534057617,13.147761020142795
2023-10-26,20.68000030517578,11.754552360188795
2023-10-27,21.270000457763672,11.499090206556899
2023-10-30,19.75,11.290770725100511
2023-10-31,18.13999938964844,11.418453371871749
2023-11-01,16.8700008392334,11.162531295978125
2023-11-02,15.65999984741211,9.675521755487
2023-11-03,14.90999984741211,9.854343196938892
2023-11-06,14.890000343322754,9.899766733205102
2023-11-07,14.8100004196167,10.151853217522856
2023-11-08,14.449999809265137,10.329349185387926
2023-11-09,15.289999961853027,9.617628859874609
2023-11-10,14.170000076293944,8.419091798155907
2023-11-13,14.760000228881836,8.357635591986416
2023-11-14,14.15999984741211,7.030580507827963
2023-11-15,14.18000030517578,7.035991983857434
2023-11-16,14.31999969482422,7.1733855307999566
2023-11-17,13.800000190734863,7.256648716760589
2023-11-20,13.40999984741211,7.126142991240175
2023-11-21,13.350000381469728,9.088885991445935
2023-11-22,12.850000381469728,9.462281703685695
2023-11-24,12.460000038146973,9.44603679605459
2023-11-27,12.6899995803833,9.350712238054738
2023-11-28,12.6899995803833,9.337946298629245
2023-11-29,12.979999542236328,9.296241675055535
2023-11-30,12.920000076293944,9.47837511379425
2023-12-01,12.630000114440918,9.764177154774664
2023-12-04,13.079999923706056,10.090454245209651
2023-12-05,12.850000381469728,10.214939734031912
2023-12-06,12.970000267028809,10.014442702120894
2023-12-07,13.0600004196167,10.777223547507244
2023-12-08,12.350000381469728,10.807651460479448
2023-12-11,12.630000114440918,10.873225322159042
2023-12-12,12.06999969482422,10.847096995958395
2023-12-13,12.1899995803833,9.844494986787666
2023-12-14,12.479999542236328,9.929390208224783
2023-12-15,12.279999732971191,10.138219868251399
2023-12-18,12.5600004196167,10.424317540247591
2023-12-19,12.529999732971191,11.094316354655309
2023-12-20,13.670000076293944,9.631103942916605
2023-12-21,13.649999618530272,9.195170151890581
2023-12-22,13.029999732971191,9.191168732837514
2023-12-26,12.989999771118164,9.253214272096516
2023-12-27,12.43000030517578,9.294597055595307
2023-12-28,12.470000267028809,9.59146912210726
2023-12-29,12.449999809265137,9.491127292132191
2024-01-02,13.199999809265137,11.209875782796841
2024-01-03,14.039999961853027,11.408988007674523
2024-01-04,14.130000114440918,11.590631280732259
2024-01-05,13.350000381469728,11.808434814702665
2024-01-08,13.079999923706056,10.987863742937952
2024-01-09,12.760000228881836,11.123056617368615
2024-01-10,12.6899995803833,11.080946248642212
2024-01-11,12.4399995803833,11.101235320646138
2024-01-12,12.699999809265137,11.1334665488607
2024-01-16,13.84000015258789,12.397707595817158
2024-01-17,14.789999961853027,12.302584718098686
2024-01-18,14.130000114440918,12.191072953653546
2024-01-19,13.300000190734863,11.899344232129174
2024-01-22,13.1899995803833,12.17295873639567
2024-01-23,12.550000190734863,12.15981048144363
2024-01-24,13.140000343322754,13.94246798104839
2024-01-25,13.449999809265137,13.899706574199863
2024-01-26,13.260000228881836,14.000052435803182
2024-01-29,13.600000381469728,13.818736220945512
2024-01-30,13.3100004196167,13.832443313385085
2024-01-31,14.350000381469728,12.0949307914732
2024-02-01,13.880000114440918,11.739783844646718
2024-02-02,13.850000381469728,11.391888812356326
2024-02-05,13.670000076293944,12.006102468003805
2024-02-06,13.0600004196167,12.064520455472753
2024-02-07,12.829999923706056,12.193089589182518
2024-02-08,12.789999961853027,12.490146526942125
2024-02-09,12.93000030517578,12.399082329577594
2024-02-12,13.93000030517578,12.850374006454851
2024-02-13,15.850000381469728,11.570583659907744
2024-02-14,14.380000114440918,11.361160788842179
2024-02-15,14.010000228881836,11.564924754777413
2024-02-16,14.239999771118164,11.472619429871425
2024-02-20,15.420000076293944,11.247896508938062
2024-02-21,15.34000015258789,11.52078675546704
2024-02-22,14.539999961853027,9.364483719285742
2024-02-23,13.75,9.441927392980395
2024-02-26,13.739999771118164,9.382208119110906
2024-02-27,13.43000030517578,9.455368810029157
2024-02-28,13.84000015258789,9.719149957679095
2024-02-29,13.399999618530272,9.71939317269917
2024-03-01,13.109999656677246,9.338294644301362
2024-03-04,13.489999771118164,9.6821731923041
2024-03-05,14.460000038146973,8.795813823764624
2024-03-06,14.5,9.908635870180726
2024-03-07,14.4399995803833,9.974904977378662
2024-03-08,14.739999771118164,9.672840880281205
2024-03-11,15.220000267028809,9.65244422608382
2024-03-12,13.84000015258789,9.68034750228763
2024-03-13,13.75,10.029004826310777
2024-03-14,14.399999618530272,11.218457025290093
2024-03-15,14.40999984741211,11.834287016924613
2024-03-18,14.329999923706056,11.59078009538912
2024-03-19,13.81999969482422,11.457655939183402
2024-03-20,13.039999961853027,10.737672733745438
2024-03-21,12.920000076293944,10.79368739200639
2024-03-22,13.0600004196167,11.582844213334095
2024-03-25,13.1899995803833,12.58295658891608
2024-03-26,13.239999771118164,12.58557818660666
2024-03-27,12.779999732971191,12.075626511531611
2024-03-28,13.010000228881836,12.723477823211121
2024-04-01,13.649999618530272,12.843982593682131
2024-04-02,14.609999656677246,13.77673931225672
2024-04-03,14.329999923706056,13.74809928760247
2024-04-04,16.350000381469727,13.715544576325959
2024-04-05,16.030000686645508,13.939096855912611
2024-04-08,15.1899995803833,14.47127463499149
2024-04-09,14.979999542236328,14.470620668468367
2024-04-10,15.800000190734863,13.994643617213637
2024-04-11,14.90999984741211,13.887030625946275
2024-04-12,17.309999465942383,12.84814280351523
2024-04-15,19.229999542236328,11.817220823213686
2024-04-16,18.399999618530277,11.789209951736002
2024-04-17,18.209999084472656,11.953059264792545
2024-04-18,18.0,11.953052619115507
2024-04-19,18.709999084472656,11.161773428803645
2024-04-22,16.940000534057617,10.968494472916056
2024-04-23,15.6899995803833,10.458211453577709
2024-04-24,15.970000267028809,10.58267538396362
2024-04-25,15.369999885559082,10.923513324628628
2024-04-26,15.029999732971191,10.718542419226731
2024-04-29,14.670000076293944,10.713399416236388
2024-04-30,15.649999618530272,9.081450432467037
2024-05-01,15.390000343322754,9.433307899054057
2024-05-02,14.68000030517578,9.409312071168685
2024-05-03,13.489999771118164,8.615200160175416
2024-05-06,13.489999771118164,7.980665129066461
2024-05-07,13.229999542236328,8.835701723719266
2024-05-08,13.0,8.83851511407152
2024-05-09,12.6899995803833,8.756916777672505
2024-05-10,12.550000190734863,8.779443161059355
2024-05-13,13.600000381469728,8.772927576689575
2024-05-14,13.420000076293944,9.029027659647646
2024-05-15,12.449999809265137,8.11797743034337
2024-05-16,12.420000076293944,8.031467800169276
2024-05-17,11.989999771118164,8.367924724559835
2024-05-20,12.149999618530272,8.371661385235237
2024-05-21,11.859999656677246,8.510982069464635
2024-05-22,12.289999961853027,8.423993715019543
2024-05-23,12.770000457763672,7.967463190757114
2024-05-24,11.93000030517578,7.802875397118656
2024-05-28,12.920000076293944,7.7969533565288875
2024-05-29,14.279999732971191,7.098032205824363
2024-05-30,14.470000267028809,6.711419303490001
2024-05-31,12.920000076293944,6.200100001682366
2024-06-03,13.109999656677246,6.420238614858204
2024-06-04,13.15999984741211,6.459426834002177
2024-06-05,12.630000114440918,5.571950488014432
2024-06-06,12.579999923706056,5.531162255080017
2024-06-07,12.220000267028809,5.412860878195894
2024-06-10,12.739999771118164,6.0592474838054455
2024-06-11,12.850000381469728,7.24032572994081
2024-06-12,12.039999961853027,7.053100504200412
2024-06-13,11.9399995803833,7.06011326374521
2024-06-14,12.65999984741211,7.182460364144079
2024-06-17,12.75,8.892438983629022
2024-06-18,12.300000190734863,9.395733848452819
2024-06-20,13.279999732971191,9.677155232726689
2024-06-21,13.199999809265137,10.267242441604541
2024-06-24,13.329999923706056,10.193401200452753
2024-06-25,12.84000015258789,13.192371052737407
2024-06-26,12.550000190734863,13.289281600684527
2024-06-27,12.239999771118164,13.920573008625386
2024-06-28,12.4399995803833,13.850729146655974
2024-07-01,12.220000267028809,13.944896158419024
2024-07-02,12.029999732971191,14.938312892963127
2024-07-03,12.09000015258789,15.68412185637262
2024-07-05,12.479999542236328,16.716229223804387
2024-07-08,12.369999885559082,19.302266824514138
2024-07-09,12.510000228881836,19.770418105863296
2024-07-10,12.850000381469728,19.194747192137164
2024-07-11,12.920000076293944,21.31241578437001
2024-07-12,12.460000038146973,21.22095443986649
2024-07-15,13.119999885559082,21.16310149701561
2024-07-16,13.1899995803833,22.02126800787744
2024-07-17,14.479999542236328,21.616547251765496
2024-07-18,15.93000030517578,22.394101637131936
2024-07-19,16.520000457763672,22.26342726823118
2024-07-22,14.90999984741211,22.22178851045045
2024-07-23,14.720000267028809,22.222489776925514
2024-07-24,18.040000915527344,20.44523425557249
2024-07-25,18.459999084472656,20.586771215959065
2024-07-26,16.389999389648438,20.552938470335143
2024-07-29,16.600000381469727,20.59941111519826
2024-07-30,17.690000534057617,20.454972242235065
2024-07-31,16.360000610351562,19.888350097201307
2024-08-01,18.59000015258789,19.09534922553691
2024-08-02,23.38999938964844,17.719858881455014
2024-08-05,38.56999969482422,15.762090685447017
2024-08-06,27.709999084472656,15.705406865814014
2024-08-07,27.850000381469727,15.437573791511255
2024-08-08,23.790000915527344,15.078181115027625
2024-08-09,20.3700008392334,15.469507874752294
2024-08-12,20.709999084472656,15.505403491120578
2024-08-13,18.1200008392334,14.866711452123965
2024-08-14,16.190000534057617,15.075945996489489
2024-08-15,15.229999542236328,14.000102574021728
2024-08-16,14.800000190734863,13.992322605662968
2024-08-19,14.649999618530272,13.604832749994866
2024-08-20,15.880000114440918,13.638482622235154
2024-08-21,16.270000457763672,14.844194579019215
2024-08-22,17.549999237060547,14.51787438932684
2024-08-23,15.859999656677246,14.105508737179367
2024-08-26,16.149999618530273,14.070201912761057
2024-08-27,15.43000030517578,14.117708708123503
2024-08-28,17.110000610351562,13.925337896187246
2024-08-29,15.649999618530272,13.955160391465494
2024-08-30,15.0,13.660670430093857
2024-09-03,20.71999931335449,11.654744701625011
2024-09-04,21.31999969482422,11.584109062663682
2024-09-05,19.899999618530277,11.55705659761018
2024-09-06,22.3799991607666,9.455869951154474
2024-09-09,19.450000762939453,9.886247242392274
2024-09-10,19.07999992370605,10.199404602130642
2024-09-11,17.690000534057617,9.924570705568158
2024-09-12,17.06999969482422,9.731575588258362
2024-09-13,16.559999465942383,9.772109692696612
2024-09-16,17.139999389648438,10.035717531778939
2024-09-17,17.610000610351562,10.617304242932255
2024-09-18,18.229999542236328,10.515056578597253
2024-09-19,16.329999923706055,8.9196948908647
2024-09-20,16.149999618530273,8.901152669866846
2024-09-23,15.890000343322754,8.955747068579917
2024-09-24,15.390000343322754,8.953879940402077
2024-09-25,15.40999984741211,9.607486854234857
2024-09-26,15.369999885559082,9.547502305282379
2024-09-27,16.959999084472656,9.523987839740762
2024-09-30,16.729999542236328,9.486953913461251
2024-10-01,19.26000022888184,8.782748939082273
2024-10-02,18.899999618530277,8.90496401893395
2024-10-03,20.489999771118164,11.546586321476443
2024-10-04,19.209999084472656,11.16957051574348
2024-10-07,22.63999938964844,10.69721347470754
2024-10-08,21.420000076293945,11.030498269910444
2024-10-09,20.86000061035156,13.851274808597482
2024-10-10,20.93000030517578,13.99080964513689
2024-10-11,20.459999084472656,13.935635073667957
2024-10-14,19.700000762939453,13.718413578890015
2024-10-15,20.63999938964844,13.406911926294441
2024-10-16,19.57999992370605,13.366755145997503
2024-10-17,19.11000061035156,13.641643790845873
2024-10-18,18.030000686645508,14.438740338917786
2024-10-21,18.3700008392334,14.490263175653977
2024-10-22,18.200000762939453,14.531094969917966
2024-10-23,19.239999771118164,14.067335156402939
2024-10-24,19.07999992370605,14.145613717355326
2024-10-25,20.32999992370605,14.147486638539627
2024-10-28,19.799999237060547,14.152618107412954
2024-10-29,19.34000015258789,14.21658916486232
2024-10-30,20.350000381469727,14.216795878620353
2024-10-31,23.15999984741211,11.820826510487285
2024-11-01,21.8799991607666,11.81632811099449
2024-11-04,21.979999542236328,11.707396193632265
2024-11-05,20.489999771118164,11.28064448291844
2024-11-06,16.270000457763672,7.824543628830473
2024-11-07,15.199999809265137,7.457633646510679
2024-11-08,14.9399995803833,7.656884902365059
2024-11-11,14.970000267028809,7.76311036859029
2024-11-12,14.710000038146973,8.068947969630722
2024-11-13,14.020000457763672,8.349774576583663
2024-11-14,14.3100004196167,7.934714030851006
2024-11-15,16.139999389648438,6.103219290167412
2024-11-18,15.579999923706056,6.378952323765135
2024-11-19,16.350000381469727,12.841206920415773
2024-11-20,17.15999984741211,12.83871559309236
2024-11-21,16.8700008392334,13.42768647703777
2024-11-22,15.239999771118164,13.55506449098236
2024-11-25,14.600000381469728,14.065306030967637
2024-11-26,14.100000381469728,13.95417471817318
2024-11-27,14.100000381469728,14.436888394143995
2024-11-29,13.510000228881836,14.765679696758166
2024-12-02,13.34000015258789,14.753740255655254
2024-12-03,13.300000190734863,14.743690615881238
2024-12-04,13.449999809265137,15.327082526343514
2024-12-05,13.539999961853027,15.518108356345966
2024-12-06,12.770000457763672,15.924652973759942
2024-12-09,14.1899995803833,15.892525412607593
2024-12-10,14.18000030517578,16.675976672311936
2024-12-11,13.579999923706056,16.355045689225495
2024-12-12,13.920000076293944,16.353253757602378
2024-12-13,13.8100004196167,17.791270181090816
2024-12-16,14.6899995803833,17.693714046005894
2024-12-17,15.869999885559082,18.078345496022457
2024-12-18,27.6200008392334,14.498800674975623
2024-12-19,24.09000015258789,14.54866137755197
2024-12-20,18.36000061035156,14.129245624058004
2024-12-23,16.780000686645508,14.11280156588884
2024-12-24,14.270000457763672,14.596250903365227
2024-12-26,14.729999542236328,14.92120032427135
2024-12-27,15.949999809265137,14.484298551208422
2024-12-30,17.399999618530273,13.845904421854213
2024-12-31,17.350000381469727,13.940499691108469
2025-01-02,17.93000030517578,14.17633461825448
2025-01-03,16.1299991607666,13.707324152466152
2025-01-06,16.040000915527344,13.63957663228265
2025-01-07,17.81999969482422,12.889005766539047
2025-01-08,17.700000762939453,13.434689882179615
2025-01-10,19.540000915527344,12.09744140715856
2025-01-13,19.190000534057617,12.105061271293769
2025-01-14,18.709999084472656,12.246747856009355
2025-01-15,16.1200008392334,11.167008777331237
2025-01-16,16.600000381469727,11.112440942265637
2025-01-17,15.970000267028809,10.671196684148766
2025-01-21,15.0600004196167,10.264325535887538
2025-01-22,15.100000381469728,10.24533338744773
2025-01-23,15.020000457763672,11.791791858908338
2025-01-24,14.850000381469728,11.844889319710274
2025-01-27,17.899999618530273,10.87676612912233
2025-01-28,16.40999984741211,10.357698791776249
2025-01-29,16.559999465942383,11.640086414552146
2025-01-30,15.84000015258789,12.907723930015964
2025-01-31,16.43000030517578,14.15254173171232
2025-02-03,18.6200008392334,14.51876579659364
2025-02-04,17.209999084472656,14.893247069773352
2025-02-05,15.770000457763672,15.804567639604834
2025-02-06,15.5,15.931322925261124
2025-02-07,16.540000915527344,18.028057123028024
2025-02-10,15.8100004196167,17.685614469742116
2025-02-11,16.020000457763672,17.92634910864744
2025-02-12,15.890000343322754,18.23126099070995
2025-02-13,15.100000381469728,19.606285570210197
2025-02-14,14.770000457763672,20.00117266638889
2025-02-18,15.350000381469728,20.00169715818695
2025-02-19,15.270000457763672,20.59386813049075
2025-02-20,15.65999984741211,20.596481454692217
2025-02-21,18.209999084472656,20.012921363846907
2025-02-24,18.979999542236328,21.299003366184436
2025-02-25,19.43000030517578,21.31499425321209
2025-02-26,19.100000381469727,21.623037987401005
2025-02-27,21.1299991607666,20.98506333774568
2025-02-28,19.6299991607666,21.013113716813454
2025-03-03,22.780000686645508,20.562200005021293
2025-03-04,23.51000022888184,20.282053447740324
2025-03-05,21.93000030517578,19.997636635226993
2025-03-06,24.8700008392334,26.006711831795254
2025-03-07,23.3700008392334,32.74033640047945
2025-03-10,27.86000061035156,31.846913622186477
2025-03-11,26.920000076293945,32.05532984471419
2025-03-12,24.229999542236328,49.24701670952128
2025-03-13,24.65999984741211,51.523659053018065
2025-03-14,21.770000457763672,51.370852839958616
2025-03-17,20.51000022888184,51.42736959528757
2025-03-18,21.700000762939453,51.33051842211175
2025-03-19,19.899999618530277,51.58892121387556
2025-03-20,19.799999237060547,51.62006043557567
2025-03-21,19.280000686645508,52.10963081961674
2025-03-24,17.479999542236328,52.635517321569615
2025-03-25,17.149999618530273,53.05300527299958
2025-03-26,18.32999992370605,53.64047470913731
2025-03-27,18.690000534057617,53.73758631739811
2025-03-28,21.649999618530277,53.27376751855664
2025-03-31,22.280000686645508,53.26668450136386
2025-04-01,21.770000457763672,53.25386097489807
2025-04-02,21.51000022888184,53.26745165696957
2025-04-03,30.020000457763672,50.08553032552206
2025-04-04,45.310001373291016,44.396634371721845
2025-04-07,46.97999954223633,44.6010873659632
2025-04-08,52.33000183105469,43.91735264389161
2025-04-09,33.619998931884766,26.572428245769558
2025-04-10,40.720001220703125,20.25831170085186
2025-04-11,37.560001373291016,22.21023348083121
2025-04-14,30.88999938964844,22.1403859971587
2025-04-15,30.1200008392334,22.015164782265515
2025-04-16,32.63999938964844,19.585390537262377
2025-04-17,29.649999618530277,19.51692525738709
2025-04-21,33.81999969482422,16.106759748998986
2025-04-22,30.56999969482422,14.973861992358092
2025-04-23,28.450000762939453,16.56985477845621
2025-04-24,26.46999931335449,15.40362908975166
2025-04-25,24.84000015258789,15.726462299116978
2025-04-28,25.149999618530277,16.948591381792486
2025-04-29,24.170000076293945,17.22891884491596
2025-04-30,24.700000762939453,17.2058090601516
2025-05-01,24.600000381469727,17.201231166493578
2025-05-02,22.68000030517578,16.65038180919973
2025-05-05,23.63999938964844,16.415820201548993
2025-05-06,24.76000022888184,15.92639669445133
2025-05-07,23.549999237060547,16.17403249894921
2025-05-08,22.479999542236328,16.327202275271606
2025-05-09,21.899999618530277,16.27108110275748
2025-05-12,18.38999938964844,12.067943471019506
2025-05-13,18.21999931335449,12.025867418192332
2025-05-14,18.6200008392334,12.065328824815367
2025-05-15,17.829999923706055,12.777549026950721
2025-05-16,17.239999771118164,13.013205786277457
2025-05-19,18.13999938964844,13.422008052023834
2025-05-20,18.09000015258789,13.356217438007622
2025-05-21,20.8700008392334,11.742948527058674
2025-05-22,20.280000686645508,12.1368064393855
2025-05-23,22.290000915527344,12.143290859175968
2025-05-27,18.959999084472656,10.092500504423693
2025-05-28,19.309999465942383,9.94407145334262
2025-05-29,19.18000030517578,9.974696847652059
2025-05-30,18.56999969482422,9.93288415590932
2025-06-02,18.36000061035156,9.909883864299518
2025-06-03,17.690000534057617,9.864221766742503
2025-06-04,17.610000610351562,10.01994588642195
2025-06-05,18.479999542236328,10.317357676158757
2025-06-06,16.770000457763672,9.939717950608145
2025-06-09,17.15999984741211,10.035916866789387
2025-06-10,16.950000762939453,9.954365832861349
2025-06-11,17.260000228881836,10.000097859704733
2025-06-12,18.020000457763672,9.972104698962218
2025-06-13,20.81999969482422,9.019433124027273
2025-06-16,19.11000061035156,8.618608373395176
2025-06-17,21.600000381469727,7.785023930449284
2025-06-18,20.13999938964844,7.815352296345381
2025-06-20,20.6200008392334,7.600346016431104
2025-06-23,19.82999992370605,7.18190254635495
2025-06-24,17.479999542236328,6.826828453797142
2025-06-25,16.760000228881836,6.834660294751868
2025-06-26,16.59000015258789,6.558676172642905
2025-06-27,16.31999969482422,6.509802920752719
2025-06-30,16.729999542236328,6.586415670950614
2025-07-01,16.829999923706055,6.626977409120006
2025-07-02,16.639999389648438,6.750664566414496
2025-07-03,16.3799991607666,8.699697490082164
2025-07-07,17.790000915527344,9.83910197740269
2025-07-08,16.809999465942383,10.053174821582752
2025-07-09,15.9399995803833,10.186354279077708
2025-07-10,15.779999732971191,10.167938611569543
2025-07-11,16.399999618530273,10.361875710198875
2025-07-14,17.200000762939453,10.41223547999089
2025-07-15,17.3799991607666,10.76627029411507
2025-07-16,17.15999984741211,10.767986594803574
2025-07-17,16.520000457763672,10.647543594052777
2025-07-18,16.40999984741211,10.704124209628594
2025-07-21,16.649999618530273,10.71345623947416
2025-07-22,16.5,10.962903231212138
2025-07-23,15.369999885559082,10.645766500500036
2025-07-24,15.390000343322754,10.755901157771424
2025-07-25,14.93000030517578,11.961232036332962
2025-07-28,15.029999732971191,12.09274818202903
2025-07-29,15.979999542236328,12.10514104769734
2025-07-30,15.479999542236328,12.091431881304402
2025-07-31,16.719999313354492,11.991503149540101
2025-08-01,20.3799991607666,10.387645096540366
2025-08-04,17.520000457763672,9.627984257866396
2025-08-05,17.850000381469727,9.509232093044186
2025-08-06,16.770000457763672,9.573884108041872
2025-08-07,16.56999969482422,9.661833815343455
2025-08-08,15.149999618530272,9.360110901189081
2025-08-11,16.25,9.308419317997165
2025-08-12,14.729999542236328,8.647202000371198
2025-08-13,14.489999771118164,9.01138958564882
2025-08-14,14.829999923706056,9.01824187737624
2025-08-15,15.09000015258789,9.055851850337298
2025-08-18,14.989999771118164,9.091597842586136
2025-08-19,15.56999969482422,8.797385047477219
2025-08-20,15.6899995803833,8.72269384254734
2025-08-21,16.600000381469727,8.49895209175693
2025-08-22,14.220000267028809,7.076844174281124
2025-08-25,14.789999961853027,7.206977522781566
2025-08-26,14.619999885559082,7.347540759743952
2025-08-27,14.850000381469728,7.635877462623856
2025-08-28,14.43000030517578,7.769207155116757
2025-08-29,15.359999656677246,7.316454831823155
2025-09-02,17.170000076293945,6.526615001427595
2025-09-03,16.350000381469727,6.431003875578107
2025-09-04,15.300000190734863,5.987619229169995
2025-09-05,15.18000030517578,5.779929462627922
2025-09-08,15.109999656677246,5.8103743107032155
2025-09-09,15.039999961853027,6.133555378502127
2025-09-10,15.350000381469728,6.314551759391808
2025-09-11,14.710000038146973,6.013638376957743
2025-09-12,14.760000228881836,11.796980172575676
2025-09-15,15.6899995803833,12.885986711881703
2025-09-16,16.360000610351562,12.883422927324723
2025-09-17,15.720000267028809,12.950080981039319
2025-09-18,15.699999809265137,13.112626415885856
2025-09-19,15.449999809265137,13.150913468446863
2025-09-22,16.100000381469727,13.561092268042266
2025-09-23,16.639999389648438,13.389316515846172
2025-09-24,16.18000030517578,13.484384002960645
2025-09-25,16.739999771118164,13.471584662647858
2025-09-26,15.289999961853027,13.610255494392206
2025-09-29,16.1200008392334,14.11326040274467
2025-09-30,16.280000686645508,14.096233115663232
2025-10-01,16.290000915527344,14.083282592355106
2025-10-02,16.6299991607666,14.76212423418237
2025-10-03,16.649999618530273,14.784603834022613
2025-10-06,16.3700008392334,14.756757132291087
2025-10-07,17.239999771118164,15.36975412271421
2025-10-08,16.299999237060547,15.277030753967654
2025-10-09,16.43000030517578,15.747542755822439
2025-10-10,21.65999984741211,11.986435928548076
2025-10-13,19.030000686645508,12.026039760530757
2025-10-14,20.809999465942383,11.990218178162754
2025-10-15,20.63999938964844,11.945327766019991
2025-10-16,25.309999465942383,13.286474742881172
2025-10-17,20.780000686645508,13.167428325392336
2025-10-20,18.229999542236328,13.08343813232686
2025-10-21,17.8700008392334,13.386494794096313
2025-10-22,18.600000381469727,13.380826994216616
2025-10-23,17.299999237060547,14.16003621649632
2025-10-24,16.3700008392334,14.332220492499845
2025-10-27,15.789999961853027,14.712925544811576
2025-10-28,16.420000076293945,15.133861116121997
2025-10-29,16.920000076293945,15.378874054110609
2025-10-30,16.90999984741211,14.996057582194721
2025-10-31,17.440000534057617,15.045659443669166
2025-11-03,17.170000076293945,15.045230053827567
2025-11-04,19.0,14.424182079500076
2025-11-05,18.010000228881836,14.385822451186439
2025-11-06,19.5,13.756673193849107
2025-11-07,19.07999992370605,13.835240694988638
2025-11-10,17.600000381469727,12.727739037818106
2025-11-11,17.280000686645508,12.916614336541837
2025-11-12,17.510000228881836,12.935890599826049
2025-11-13,20.0,12.033466725306372
2025-11-14,19.82999992370605,12.056066230207971
2025-11-17,22.3799991607666,11.545016021008593
2025-11-18,24.690000534057617,11.863053626678749
2025-11-19,23.65999984741211,12.056125689952196
2025-11-20,26.420000076293945,10.687857594978714
2025-11-21,23.43000030517578,10.413277618869705
2025-11-24,20.520000457763672,9.366000152057733
2025-11-25,18.559999465942383,8.940600622224792
2025-11-26,17.190000534057617,8.700080374004932
2025-11-28,16.350000381469727,8.667222783212162
2025-12-01,17.239999771118164,8.488004437090707
2025-12-02,16.59000015258789,8.94050481931587
2025-12-03,16.079999923706055,8.87980901572055
2025-12-04,15.779999732971191,9.178471798065111
2025-12-05,15.40999984741211,9.375764240843951
2025-12-08,16.65999984741211,9.38728184566595
2025-12-09,16.93000030517578,9.375622121461808
2025-12-10,15.770000457763672,9.37403699249974
2025-12-11,14.850000381469728,9.35962940394514
2025-12-12,15.739999771118164,8.41214861569356
2025-12-15,16.5,8.632981398917677
2025-12-16,16.479999542236328,8.549216551712007
2025-12-17,17.6200008392334,7.294238412519354
2025-12-18,16.8700008392334,10.428086193946177
2025-12-19,14.90999984741211,10.734189975874637
2025-12-22,14.079999923706056,10.667409593399379
2025-12-23,14.0,10.548587526882795
2025-12-24,13.470000267028809,10.629496773454235
2025-12-26,13.600000381469728,10.713909637645893
2025-12-29,14.199999809265137,10.614847798125632
2025-12-30,14.329999923706056,10.635195786428733
2025-12-31,14.949999809265137,10.306497851345334
2026-01-02,14.510000228881836,10.410045008084452
2026-01-05,14.899999618530272,10.6833301206332
2026-01-06,14.75,10.592535501850415
2026-01-07,15.380000114440918,11.40964534282584
2026-01-08,15.449999809265137,13.41965014071897
2026-01-09,14.489999771118164,13.319537727497943
2026-01-12,15.119999885559082,13.337208995233432
2026-01-13,15.979999542236328,13.320624106350431
2026-01-14,16.75,14.326551037286245
2026-01-15,15.84000015258789,14.281237100326994
2026-01-16,15.859999656677246,14.306002863184904
2026-01-20,20.09000015258789,12.32542828931789
2026-01-21,16.899999618530273,11.681041085287944
2026-01-22,15.640000343322754,11.821297801276913
2026-01-23,16.09000015258789,12.370978910366642
2026-01-26,16.149999618530273,12.524022210251207
2026-01-27,16.350000381469727,12.823681839935752
2026-01-28,16.350000381469727,12.966009841126786
2026-01-29,16.8799991607666,13.04924137978189
2026-01-30,17.440000534057617,13.023382797881498
2026-02-02,16.34000015258789,13.190590578985228
2026-02-03,18.0,13.187104286274185
2026-02-04,18.63999938964844,13.223188995773302
2026-02-05,21.770000457763672,13.301477969740203
2026-02-06,20.3700008392334,11.720218754776504
2026-02-09,17.360000610351562,11.525121642837354
2026-02-10,17.790000915527344,11.51300845324159
2026-02-11,17.649999618530273,12.548978704795458
2026-02-12,20.81999969482422,11.573931841383857
2026-02-13,20.600000381469727,12.264994471095003
2026-02-17,20.290000915527344,12.298269212916628
2026-02-18,19.6200008392334,12.929237985124898
2026-02-19,20.229999542236328,12.927967101384983
2026-02-20,19.09000015258789,13.200360039678378
2026-02-23,21.01000022888184,13.708956304822337
2026-02-24,19.549999237060547,13.282923811452662
2026-02-25,17.93000030517578,13.011219355118172
2026-02-26,18.6299991607666,14.098874619471758
2026-02-27,19.86000061035156,14.949246423152735
2026-03-02,21.440000534057617,14.861930764071873
2026-03-03,23.56999969482422,18.702218174758936
2026-03-04,21.149999618530277,18.733819626333684
2026-03-05,23.75,18.71479278158215
2026-03-06,29.489999771118164,18.340772597962907
2026-03-09,25.5,17.998485465234396
2026-03-10,24.93000030517578,20.295164914962207
2026-03-11,24.229999542236328,20.387615507118312
2026-03-12,27.290000915527344,19.536724627350832
2026-03-13,27.190000534057617,19.589670109757876
2026-03-16,23.51000022888184,19.71252525199789
2026-03-17,22.3700008392334,19.82175890693141
2026-03-18,25.09000015258789,18.86254209738423
2026-03-19,24.059999465942383,18.99670479357001
2026-03-20,26.780000686645508,17.892669979393656
2026-03-23,26.149999618530277,18.151947910982656
2026-03-24,26.950000762939453,18.0965691660314
2026-03-25,25.32999992370605,18.315740666172278
2026-03-26,27.440000534057617,16.43395347095864
2026-03-27,31.049999237060547,14.262295369025324
2026-03-30,30.61000061035156,14.405061536085764
2026-03-31,25.25,11.76878628833753
2026-04-01,24.540000915527344,11.880071105643438
2026-04-02,23.8700008392334,11.820924108397481
2026-04-06,24.170000076293945,12.18966424084952
2026-04-07,25.780000686645508,12.167709540198961
2026-04-08,21.040000915527344,10.130795592069166
2026-04-09,19.489999771118164,10.420301174773215
2026-04-10,19.229999542236328,10.408498801025479
2026-04-13,19.1200008392334,10.20915605815358
2026-04-14,18.36000061035156,9.866275298472418
2026-04-15,18.170000076293945,9.75142944956315
2026-04-16,17.940000534057617,9.903631794450584
2026-04-17,17.479999542236328,10.725592460267809
2026-04-20,18.8700008392334,10.671066329325727
2026-04-21,19.5,10.683444128112365
2026-04-22,18.920000076293945,10.695565990199078
2026-04-23,19.309999465942383,10.462383174254896
2026-04-24,18.709999084472656,10.289928380340372
2026-04-27,18.020000457763672,10.407530442188358
2026-04-28,17.829999923706055,10.099595385586538
2026-04-29,18.809999465942383,10.090667276014495
2026-04-30,16.889999389648438,9.749292769677908
2026-05-01,16.989999771118164,9.749181041057126
2026-05-04,18.290000915527344,9.482619370827202
2026-05-05,17.3799991607666,9.886832721310228
2026-05-06,17.389999389648438,8.898522449904648
2026-05-07,17.079999923706055,13.215025923619747
2026-05-08,17.190000534057617,12.913392411652088
2026-05-11,18.3799991607666,12.930004758186422
2026-05-12,17.989999771118164,14.086233712201466
2026-05-13,17.8700008392334,15.288260254911517
2026-05-14,17.260000228881836,15.137592385172937
2026-05-15,18.43000030517578,15.742478710718371
2026-05-18,17.81999969482422,15.930609436243381
2026-05-19,18.059999465942383,16.42559009647362
2026-05-20,17.440000534057617,16.437149502039674
2026-05-21,16.760000228881836,16.47664386916608
2026-05-22,16.700000762939453,17.22564786504521
2026-05-26,17.010000228881836,17.00948657493479
2026-05-27,16.290000915527344,17.030111287659995
2026-05-28,15.739999771118164,16.990252496618297
2026-05-29,15.31999969482422,18.10692222955898
2026-06-01,16.049999237060547,18.327596441237983
2026-06-02,15.770000457763672,18.313412959861605
2026-06-03,16.059999465942383,18.16629275919441
2026-06-04,15.399999618530272,18.40210275282714
2026-06-05,21.51000022888184,15.791914763525147
2026-06-08,18.920000076293945,15.841098695589256
2026-06-09,19.8700008392334,16.022426150843284
2026-06-10,22.21999931335449,14.731287219725765
2026-06-11,19.440000534057617,14.035534978514228
2026-06-12,17.68000030517578,13.972143713447252
2026-06-15,16.200000762939453,12.587256674019528
2026-06-16,16.40999984741211,12.553567476396621
2026-06-17,18.440000534057617,12.231754260579072
2026-06-18,16.399999618530273,11.6503308907211
2026-06-22,17.280000686645508,11.985112505393417
2026-06-23,19.489999771118164,10.64459034436263
2026-06-24,18.6299991607666,11.6521566896181
2026-06-25,18.88999938964844,11.647735451932057
2026-06-26,18.40999984741211,11.300276155800045
2026-06-29,17.649999618530273,9.710593741402969
2026-06-30,16.450000762939453,10.703380595849726
2026-07-01,16.59000015258789,12.427165944581397
2026-07-02,16.149999618530273,12.69525381337793
2026-07-06,15.56999969482422,13.314170359148337
2026-07-07,16.1299991607666,14.514326363788962
2026-07-08,16.899999618530273,14.472930548104465
2026-07-09,15.84000015258789,14.282711813042717
2026-07-10,15.029999732971191,14.350017676499089
2026-07-13,17.15999984741211,13.978201621409491
2026-07-14,16.5,14.056506227686501
2026-07-15,15.670000076293944,14.028559016149206
2026-07-16,16.729999542236328,13.945473731744057
2026-07-17,18.770000457763672,13.330436790182961
2026-07-20,18.649999618530277,13.493320335371573
2026-07-21,17.049999237060547,13.622877295846292
2026-07-22,16.639999389648438,13.594920848342495
2026-07-23,18.700000762939453,13.121077138243331
2026-07-24,18.57999992370605,13.147258293105413
2026-07-27,18.670000076293945,13.244576834082904
2026-07-28,18.209999084472656,13.25376378987094
2026-07-29,20.65999984741211,11.627427655293763
2026-07-30,17.09000015258789,10.491502879359055
